{"type": "Feature", "geometry": {"type": "MultiPolygon", "coordinates": [[[[-6.1979981, 53.3118859], [-6.1966755, 53.3110077], [-6.196439, 53.3108506], [-6.195511, 53.3103099], [-6.1953036, 53.3101801], [-6.1951387, 53.3101031], [-6.1949348, 53.3099813], [-6.1944312, 53.3096804], [-6.1930752, 53.3089387], [-6.1911339, 53.3080208], [-6.1896361, 53.3073711], [-6.1878734, 53.3066481], [-6.1854234, 53.3056806], [-6.185352, 53.3056527], [-6.1827022, 53.3046157], [-6.1805701, 53.30378], [-6.1802289, 53.3036379], [-6.1800832, 53.3035772], [-6.1791467, 53.3032065], [-6.1789207, 53.303433], [-6.1788265, 53.3034513], [-6.1780963, 53.3031953], [-6.1780688, 53.3031741], [-6.1780547, 53.3031543], [-6.1780501, 53.3031327], [-6.1780509, 53.3031164], [-6.1780592, 53.3030995], [-6.1780742, 53.3030852], [-6.1781046, 53.3030545], [-6.1780191, 53.30301], [-6.1778743, 53.3029346], [-6.1773212, 53.3025687], [-6.1772578, 53.3025424], [-6.1768453, 53.3023928], [-6.1766625, 53.3024233], [-6.1765184, 53.3023528], [-6.176466, 53.3022902], [-6.1763055, 53.3022256], [-6.1761516, 53.3022139], [-6.1760598, 53.3021375], [-6.1748601, 53.3018044], [-6.1747628, 53.3017774], [-6.1742237, 53.3015541], [-6.1735534, 53.3013875], [-6.1733971, 53.3013504], [-6.173255, 53.3013743], [-6.1730995, 53.3013372], [-6.1729566, 53.301248], [-6.1729532, 53.3012459], [-6.1717397, 53.3009518], [-6.1716021, 53.3009208], [-6.1715629, 53.3009746], [-6.1713965, 53.3009318], [-6.1713351, 53.3009456], [-6.1713366, 53.3009742], [-6.1713742, 53.3009949], [-6.1717558, 53.3011685], [-6.171721, 53.3011896], [-6.1713194, 53.3010053], [-6.171297, 53.3009771], [-6.1712875, 53.3009533], [-6.1710715, 53.3009661], [-6.1708255, 53.3009856], [-6.1708116, 53.301006], [-6.170785, 53.3010237], [-6.1706561, 53.3011639], [-6.1706291, 53.3011507], [-6.1707113, 53.3010222], [-6.1705524, 53.3010209], [-6.1705079, 53.3011427], [-6.1705753, 53.301189], [-6.1705372, 53.3011995], [-6.1704606, 53.3011373], [-6.1704841, 53.3010139], [-6.1703675, 53.3010226], [-6.1702082, 53.30101], [-6.1700549, 53.3009725], [-6.1700499, 53.3009195], [-6.1699097, 53.3008803], [-6.169828, 53.3007237], [-6.1697035, 53.3007068], [-6.1696757, 53.3006484], [-6.1697357, 53.3006212], [-6.1696823, 53.3005455], [-6.1693441, 53.300526], [-6.1691369, 53.3004086], [-6.1689654, 53.3003609], [-6.1681358, 53.3001596], [-6.1673997, 53.2999665], [-6.1670412, 53.299834], [-6.1659443, 53.2995218], [-6.1656031, 53.2994084], [-6.1653707, 53.299337], [-6.1650812, 53.2992481], [-6.1641459, 53.29896], [-6.1641168, 53.298951], [-6.1629684, 53.2988945], [-6.1620886, 53.2986124], [-6.1614527, 53.2983748], [-6.161402, 53.2983559], [-6.1605555, 53.2981551], [-6.1605237, 53.2981985], [-6.1604364, 53.2983174], [-6.1602862, 53.2983816], [-6.1601606, 53.2984068], [-6.1601213, 53.2984072], [-6.1599828, 53.2983702], [-6.1599771, 53.2983646], [-6.1598141, 53.298202], [-6.1598156, 53.2981411], [-6.1598133, 53.2981035], [-6.1597611, 53.2980537], [-6.1596976, 53.2980743], [-6.1596708, 53.298052], [-6.1598324, 53.2980054], [-6.1597441, 53.2979531], [-6.1596799, 53.2978972], [-6.1596774, 53.2978692], [-6.1595898, 53.2978374], [-6.1596013, 53.2978259], [-6.159362, 53.2977643], [-6.1593814, 53.2977223], [-6.1595258, 53.2977409], [-6.1595602, 53.2977375], [-6.1596071, 53.2976049], [-6.1596126, 53.2975701], [-6.1596101, 53.2975359], [-6.1595917, 53.2974916], [-6.1595567, 53.2974763], [-6.1595263, 53.2974847], [-6.1592701, 53.2975679], [-6.1592342, 53.2975302], [-6.1595099, 53.2974476], [-6.1594953, 53.2973944], [-6.1594487, 53.2973126], [-6.1593768, 53.2972585], [-6.1592979, 53.297199], [-6.159241, 53.2971733], [-6.1590109, 53.2970843], [-6.1586165, 53.2969417], [-6.1585337, 53.2970209], [-6.1584849, 53.2970017], [-6.1585627, 53.2969242], [-6.1583707, 53.2968528], [-6.1578179, 53.2966584], [-6.1577485, 53.2966788], [-6.1576599, 53.2966617], [-6.1576002, 53.2966939], [-6.157536, 53.2966868], [-6.1574952, 53.2966347], [-6.157442, 53.2966038], [-6.1574001, 53.2965711], [-6.1573764, 53.2965388], [-6.1573012, 53.2965466], [-6.1572619, 53.2964998], [-6.1569388, 53.2963809], [-6.1567558, 53.2963541], [-6.1564575, 53.2963239], [-6.1563594, 53.2962655], [-6.1561878, 53.2961116], [-6.1558703, 53.2960153], [-6.1552289, 53.2958589], [-6.1542144, 53.2956911], [-6.1534068, 53.2955996], [-6.1532966, 53.295593], [-6.1523898, 53.2955346], [-6.1518178, 53.2955178], [-6.1515215, 53.2955274], [-6.1510063, 53.2955126], [-6.1506819, 53.2955255], [-6.1507219, 53.2958141], [-6.150724, 53.2958266], [-6.1507461, 53.2959555], [-6.1506706, 53.2959631], [-6.1508202, 53.2964158], [-6.1508206, 53.2964542], [-6.1507824, 53.2964579], [-6.1507384, 53.2963044], [-6.1506408, 53.2963269], [-6.1507161, 53.296626], [-6.1506671, 53.2966282], [-6.1505986, 53.2963606], [-6.1505573, 53.2964412], [-6.150331, 53.2966489], [-6.1500293, 53.2969064], [-6.1497231, 53.2971206], [-6.1496928, 53.2971418], [-6.1493284, 53.2973336], [-6.1491794, 53.2973821], [-6.149068, 53.2973892], [-6.1489588, 53.2973735], [-6.1487496, 53.2973054], [-6.1486894, 53.2973037], [-6.1482041, 53.2974221], [-6.1479934, 53.2977411], [-6.1476853, 53.2977085], [-6.1475311, 53.2976777], [-6.1477183, 53.2974425], [-6.1470099, 53.2971312], [-6.1454458, 53.2980656], [-6.1453278, 53.2982056], [-6.1451581, 53.2983109], [-6.1450119, 53.298604], [-6.1446157, 53.2987534], [-6.1444082, 53.2989226], [-6.1440214, 53.2993567], [-6.1434932, 53.2997316], [-6.1425027, 53.3004983], [-6.1396524, 53.3028381], [-6.1349487, 53.3042211], [-6.1317866, 53.3038871], [-6.1313009, 53.3038383], [-6.131032, 53.303734], [-6.1309094, 53.3035536], [-6.1309321, 53.3034468], [-6.1307175, 53.3033827], [-6.1306102, 53.3032929], [-6.1306102, 53.3031775], [-6.1307175, 53.3030749], [-6.1308892, 53.3030365], [-6.1311467, 53.3031134], [-6.1311252, 53.303216], [-6.1318762, 53.3034981], [-6.1350734, 53.3038571], [-6.1374622, 53.3030752], [-6.1355047, 53.3002729], [-6.1355882, 53.3001729], [-6.1357528, 53.3001088], [-6.1358995, 53.3001729], [-6.1359278, 53.3003054], [-6.1377821, 53.3030169], [-6.1391544, 53.302601], [-6.1392035, 53.3025816], [-6.1392167, 53.3025921], [-6.1392935, 53.3025592], [-6.1439167, 53.2987134], [-6.144944, 53.2978726], [-6.1465866, 53.2970035], [-6.1466583, 53.2966251], [-6.1467493, 53.2966301], [-6.1468183, 53.2963355], [-6.1467148, 53.2962019], [-6.1465747, 53.296009], [-6.1465004, 53.2959485], [-6.1463775, 53.2959365], [-6.1455349, 53.2960265], [-6.1434123, 53.2962612], [-6.1434247, 53.2963169], [-6.1434741, 53.2963874], [-6.1436604, 53.2965002], [-6.1436292, 53.2965685], [-6.1433512, 53.2967964], [-6.1443185, 53.2972532], [-6.14412, 53.2973894], [-6.143163, 53.2969003], [-6.1428411, 53.2970542], [-6.1426694, 53.297144], [-6.1424549, 53.2971697], [-6.1422503, 53.2971226], [-6.1417897, 53.2975416], [-6.1416123, 53.297472], [-6.1411657, 53.2978789], [-6.1426051, 53.2987086], [-6.142369, 53.2988496], [-6.1407382, 53.2979391], [-6.1404593, 53.2976185], [-6.1404593, 53.2975287], [-6.1403949, 53.2974646], [-6.1404231, 53.2974366], [-6.1404593, 53.2974005], [-6.1402662, 53.2973236], [-6.1399832, 53.2975552], [-6.1394709, 53.2973164], [-6.139668, 53.2971392], [-6.1394749, 53.2970446], [-6.1392456, 53.2972242], [-6.138339, 53.2968667], [-6.1383709, 53.2968377], [-6.1385563, 53.2969093], [-6.1386746, 53.2968001], [-6.1384892, 53.2967284], [-6.138563, 53.2966534], [-6.138099, 53.2965156], [-6.137584, 53.2963874], [-6.1370003, 53.2964227], [-6.1368463, 53.2966011], [-6.1365774, 53.2965203], [-6.1365907, 53.2965034], [-6.1366071, 53.2964827], [-6.1360498, 53.2963081], [-6.135998, 53.2963731], [-6.1358583, 53.2963658], [-6.1354151, 53.2963825], [-6.1352299, 53.2963235], [-6.1351804, 53.2963661], [-6.1351256, 53.2963812], [-6.1350587, 53.2963866], [-6.1350185, 53.2963798], [-6.1348796, 53.2963284], [-6.1348215, 53.2963072], [-6.1345867, 53.2965449], [-6.1344944, 53.2966164], [-6.1343897, 53.2966786], [-6.1337864, 53.2969457], [-6.1337293, 53.297003], [-6.1337073, 53.2970588], [-6.1337028, 53.2971191], [-6.1337216, 53.2971697], [-6.1339732, 53.2975422], [-6.1341958, 53.2978449], [-6.1343664, 53.2980143], [-6.134655, 53.2982465], [-6.134982, 53.2984407], [-6.1351917, 53.2985431], [-6.1353829, 53.2986238], [-6.1355544, 53.2986904], [-6.1379824, 53.2996073], [-6.1379996, 53.2996047], [-6.1380172, 53.2996046], [-6.1380375, 53.2996074], [-6.1380558, 53.2996133], [-6.1380716, 53.2996226], [-6.1380824, 53.2996341], [-6.1380874, 53.2996469], [-6.1380862, 53.2996599], [-6.1380781, 53.2996733], [-6.1380636, 53.2996846], [-6.1380483, 53.2996914], [-6.1380307, 53.2996958], [-6.1380093, 53.2996975], [-6.1379879, 53.2996956], [-6.1379657, 53.2996893], [-6.1379479, 53.2996793], [-6.1379376, 53.2996685], [-6.1379324, 53.2996565], [-6.1362295, 53.2990175], [-6.1354067, 53.2987084], [-6.1353244, 53.2986766], [-6.135107, 53.2985841], [-6.1349161, 53.2984899], [-6.1346446, 53.2983347], [-6.134571, 53.2982828], [-6.1344947, 53.2982317], [-6.1343627, 53.2981203], [-6.1342435, 53.2980153], [-6.1340858, 53.2978512], [-6.1339291, 53.2976674], [-6.1338013, 53.2975537], [-6.1336238, 53.2974194], [-6.1330589, 53.2970629], [-6.1329612, 53.2970509], [-6.1328372, 53.2970254], [-6.1327274, 53.2969917], [-6.1320346, 53.2967544], [-6.1316345, 53.2971561], [-6.1315501, 53.2971905], [-6.1314516, 53.2971926], [-6.1313833, 53.2971704], [-6.1313429, 53.297124], [-6.1313473, 53.2970735], [-6.1317522, 53.2966571], [-6.1324473, 53.2959423], [-6.1323675, 53.295919], [-6.132562, 53.2957258], [-6.1324821, 53.2956995], [-6.1322897, 53.2958868], [-6.132199, 53.2958553], [-6.1324985, 53.295541], [-6.1320834, 53.2953431], [-6.131374, 53.2950611], [-6.1316139, 53.2949674], [-6.1315356, 53.2947663], [-6.1314646, 53.2947425], [-6.1316219, 53.2945923], [-6.1316581, 53.2946062], [-6.1316122, 53.2946581], [-6.1317031, 53.2946908], [-6.1316887, 53.294709], [-6.1317198, 53.2947201], [-6.1318586, 53.2945893], [-6.131996, 53.294633], [-6.1320312, 53.2946003], [-6.1319913, 53.2945836], [-6.1320974, 53.294481], [-6.1317364, 53.2943525], [-6.131853, 53.2942366], [-6.1318309, 53.2942398], [-6.1318272, 53.2942371], [-6.1316674, 53.2942662], [-6.1315018, 53.2943155], [-6.1313588, 53.2943799], [-6.1312237, 53.2944703], [-6.1312636, 53.294558], [-6.1314816, 53.2946386], [-6.1313936, 53.2947187], [-6.1313201, 53.2946941], [-6.1310994, 53.2949484], [-6.1308248, 53.2948356], [-6.1298506, 53.2958253], [-6.1297262, 53.2959113], [-6.1296076, 53.2959515], [-6.1295344, 53.2959669], [-6.1294474, 53.2959622], [-6.1293861, 53.2959267], [-6.1293664, 53.2958441], [-6.1293921, 53.2957614], [-6.1304407, 53.2946991], [-6.1305144, 53.2946244], [-6.1305559, 53.2946362], [-6.1312282, 53.2939343], [-6.13124, 53.293913], [-6.1309968, 53.2939177], [-6.1308892, 53.2938481], [-6.1306212, 53.2940123], [-6.1305223, 53.2939567], [-6.1302783, 53.2937975], [-6.1299608, 53.2935904], [-6.130137, 53.2934782], [-6.1300691, 53.2934542], [-6.1298206, 53.2933574], [-6.12998, 53.2931836], [-6.1299273, 53.2931698], [-6.1298637, 53.2932469], [-6.1297914, 53.2932197], [-6.1296762, 53.2931763], [-6.1291909, 53.2936497], [-6.1288292, 53.2939892], [-6.1288722, 53.2940405], [-6.1289753, 53.294115], [-6.1283776, 53.2946744], [-6.1282519, 53.294617], [-6.1281548, 53.2946231], [-6.1280925, 53.2946765], [-6.1272759, 53.2954479], [-6.1273186, 53.2954988], [-6.1269173, 53.2958651], [-6.12686, 53.2958746], [-6.1247275, 53.2978926], [-6.1242477, 53.3002345], [-6.1262344, 53.3021613], [-6.1268381, 53.302297], [-6.1269694, 53.3022099], [-6.1270912, 53.3022222], [-6.127216, 53.3022412], [-6.1273208, 53.3022901], [-6.1273777, 53.302369], [-6.1273578, 53.3024861], [-6.1272628, 53.3025684], [-6.1271546, 53.3025973], [-6.1269624, 53.3025941], [-6.1268298, 53.3025321], [-6.1267316, 53.3025067], [-6.1266759, 53.30256], [-6.1264017, 53.3025873], [-6.1259913, 53.3024727], [-6.1256134, 53.302271], [-6.1237331, 53.3003316], [-6.1237656, 53.2999379], [-6.1239535, 53.2991645], [-6.1242767, 53.2977726], [-6.1244447, 53.297571], [-6.1247462, 53.2972888], [-6.1250995, 53.2969559], [-6.1253203, 53.2967296], [-6.1258412, 53.2962597], [-6.1263594, 53.2957388], [-6.1267699, 53.2953049], [-6.127372, 53.294689], [-6.127933, 53.2941839], [-6.1282521, 53.2938078], [-6.128466, 53.2935731], [-6.1286529, 53.2934327], [-6.1288492, 53.293252], [-6.1289, 53.2932242], [-6.1291115, 53.2930098], [-6.1293566, 53.2927215], [-6.1292841, 53.2926156], [-6.1293008, 53.2925348], [-6.1292213, 53.2924596], [-6.1292049, 53.2923832], [-6.1291564, 53.2923132], [-6.1290396, 53.2922855], [-6.1290052, 53.2922384], [-6.1289001, 53.2922454], [-6.1287981, 53.2923729], [-6.1287796, 53.2923679], [-6.1287686, 53.292362], [-6.1288752, 53.292245], [-6.1287485, 53.2920947], [-6.1287323, 53.2920667], [-6.1287038, 53.2920415], [-6.1285979, 53.2920741], [-6.1285431, 53.2920805], [-6.1283288, 53.2920903], [-6.1283986, 53.2922746], [-6.1283713, 53.2922768], [-6.1282854, 53.2920764], [-6.1286009, 53.292055], [-6.1286901, 53.2920291], [-6.128648, 53.2919863], [-6.1284849, 53.2917832], [-6.1285208, 53.2917727], [-6.1284279, 53.2916467], [-6.1283281, 53.291554], [-6.1282316, 53.291481], [-6.1280455, 53.2913809], [-6.1279064, 53.2913814], [-6.1278455, 53.2914059], [-6.1277311, 53.2914496], [-6.1275476, 53.2915217], [-6.1275323, 53.2915023], [-6.1271006, 53.291587], [-6.1271086, 53.2915996], [-6.1270743, 53.2916064], [-6.1269927, 53.2916008], [-6.1269764, 53.2915934], [-6.126963, 53.2915801], [-6.1269604, 53.2915705], [-6.1269654, 53.2915612], [-6.1269721, 53.2915524], [-6.1269849, 53.2915444], [-6.127051, 53.2915313], [-6.1270587, 53.2915299], [-6.1270993, 53.2915221], [-6.1271054, 53.2915334], [-6.1272509, 53.2915052], [-6.1272474, 53.2914988], [-6.1272449, 53.2914941], [-6.1274796, 53.2914516], [-6.1274668, 53.2913834], [-6.1274673, 53.291325], [-6.1274678, 53.2912915], [-6.127421, 53.291278], [-6.1273091, 53.291275], [-6.1273075, 53.2911814], [-6.127217, 53.2911547], [-6.1271788, 53.2911356], [-6.1271552, 53.2911221], [-6.1271475, 53.2911133], [-6.1271521, 53.2911071], [-6.127074, 53.2909718], [-6.1270746, 53.2909541], [-6.1272012, 53.2908858], [-6.1271284, 53.290804], [-6.1271111, 53.2906967], [-6.1268766, 53.290727], [-6.126558, 53.2907499], [-6.1265189, 53.2907864], [-6.1264111, 53.2907485], [-6.1263734, 53.2906628], [-6.1262959, 53.2905775], [-6.126365, 53.2905173], [-6.1263455, 53.2904764], [-6.126024, 53.2902956], [-6.1257832, 53.2902534], [-6.1256749, 53.2902496], [-6.1255637, 53.2901598], [-6.1254841, 53.2899857], [-6.1251264, 53.289775], [-6.1246877, 53.2897146], [-6.1246388, 53.2897], [-6.1245963, 53.2896544], [-6.1245457, 53.2895958], [-6.1244425, 53.2893685], [-6.1243602, 53.2893444], [-6.1241838, 53.2893137], [-6.1239059, 53.2892653], [-6.1238446, 53.2892243], [-6.1238151, 53.2891593], [-6.1237578, 53.289001], [-6.1231052, 53.288828], [-6.1228264, 53.2886901], [-6.1225529, 53.2885829], [-6.1222956, 53.2884943], [-6.1219433, 53.2883809], [-6.1212761, 53.2881404], [-6.1206861, 53.2879223], [-6.1202569, 53.2878453], [-6.1200101, 53.2878582], [-6.1196832, 53.2878579], [-6.1192362, 53.2878653], [-6.118864, 53.287827], [-6.1187806, 53.287807], [-6.1186946, 53.2878119], [-6.1186551, 53.2877975], [-6.1186391, 53.2877713], [-6.1183048, 53.2876708], [-6.118179, 53.2876278], [-6.1179699, 53.2875764], [-6.1177911, 53.2875446], [-6.1177821, 53.2875691], [-6.1175301, 53.2875246], [-6.1169741, 53.2875551], [-6.1166901, 53.287567], [-6.1163556, 53.2875844], [-6.1161809, 53.2876739], [-6.1156905, 53.2876885], [-6.1155091, 53.2877573], [-6.1154397, 53.2877684], [-6.1152358, 53.2878261], [-6.1150534, 53.2878902], [-6.1150105, 53.2880313], [-6.1149676, 53.2881083], [-6.1150105, 53.2882302], [-6.1150534, 53.288352], [-6.1150726, 53.2884005], [-6.1150117, 53.2884106], [-6.1149676, 53.2884354], [-6.1149638, 53.2885137], [-6.1149414, 53.2885319], [-6.1147113, 53.288392], [-6.1146394, 53.288345], [-6.1146293, 53.2883118], [-6.1146178, 53.2882814], [-6.1145837, 53.2882717], [-6.1144514, 53.2882493], [-6.1144031, 53.2882621], [-6.1143414, 53.2882893], [-6.1143092, 53.2883471], [-6.1142985, 53.2884353], [-6.1142878, 53.2886966], [-6.1142943, 53.2888323], [-6.1144235, 53.2888807], [-6.1145685, 53.2888588], [-6.1146201, 53.2888234], [-6.1146574, 53.288766], [-6.1146795, 53.2887037], [-6.1148619, 53.2887243], [-6.114828, 53.2887944], [-6.1148093, 53.2888329], [-6.1147331, 53.288861], [-6.1147372, 53.2889078], [-6.1148098, 53.2889163], [-6.1149526, 53.2889232], [-6.1149962, 53.2890558], [-6.1149007, 53.2891064], [-6.1149016, 53.2891754], [-6.1148017, 53.2891623], [-6.1146361, 53.2892146], [-6.1146174, 53.2893499], [-6.1143239, 53.289468], [-6.1141931, 53.2895021], [-6.1140055, 53.2895732], [-6.1137792, 53.2896142], [-6.1137408, 53.289661], [-6.1136215, 53.2896206], [-6.1135788, 53.2894803], [-6.1137338, 53.2893333], [-6.1137874, 53.2891665], [-6.113582, 53.2890717], [-6.1134275, 53.2889896], [-6.1133416, 53.2888357], [-6.1133348, 53.2887461], [-6.1132724, 53.288647], [-6.1129941, 53.288472], [-6.1127574, 53.2884097], [-6.1126261, 53.288349], [-6.1124246, 53.2883537], [-6.1123587, 53.2882911], [-6.1123391, 53.2882127], [-6.1123304, 53.2881425], [-6.112287, 53.2880761], [-6.1122542, 53.2879938], [-6.1121976, 53.2879612], [-6.1120442, 53.2880235], [-6.1118385, 53.2879866], [-6.1117732, 53.2880015], [-6.1117051, 53.2880396], [-6.1116084, 53.2880029], [-6.111454, 53.2878681], [-6.1113831, 53.2877978], [-6.1110159, 53.2875935], [-6.1109894, 53.2875455], [-6.1110112, 53.2874399], [-6.1109335, 53.287313], [-6.1108155, 53.2871078], [-6.110719, 53.2869218], [-6.1107297, 53.2867807], [-6.1106546, 53.2865754], [-6.1103005, 53.2862996], [-6.109925, 53.2860366], [-6.1095776, 53.2858493], [-6.1093601, 53.2857608], [-6.1090328, 53.2855868], [-6.1090046, 53.2855978], [-6.1089394, 53.2855724], [-6.1087271, 53.2854707], [-6.1085288, 53.2853758], [-6.1083714, 53.2854301], [-6.1082606, 53.2853436], [-6.1083016, 53.285301], [-6.1082638, 53.2852721], [-6.1080582, 53.285113], [-6.1077793, 53.2849078], [-6.1073546, 53.2846686], [-6.1071775, 53.2847512], [-6.1071929, 53.2848138], [-6.1071995, 53.2848667], [-6.1071999, 53.2849591], [-6.1071999, 53.2851259], [-6.1071962, 53.2852214], [-6.1071999, 53.2852798], [-6.1072428, 53.2853888], [-6.1073343, 53.2855171], [-6.1073959, 53.2855848], [-6.1074745, 53.2855854], [-6.108019, 53.2854164], [-6.1080879, 53.2854089], [-6.108181, 53.2855021], [-6.1074263, 53.2857931], [-6.1075072, 53.2859143], [-6.1075728, 53.286021], [-6.1075701, 53.2860419], [-6.1075299, 53.2860579], [-6.1074709, 53.2860515], [-6.1073717, 53.2860098], [-6.107318, 53.2859889], [-6.1073019, 53.2859408], [-6.107251, 53.2858975], [-6.1071866, 53.2858607], [-6.1071383, 53.2858526], [-6.1070981, 53.2858847], [-6.1070471, 53.2858895], [-6.1069425, 53.2858719], [-6.1068755, 53.2858478], [-6.1068352, 53.2857949], [-6.1068218, 53.2857484], [-6.1068245, 53.2857115], [-6.1068003, 53.2856698], [-6.1067467, 53.2856538], [-6.1067145, 53.2856987], [-6.1066904, 53.2857324], [-6.1066689, 53.2857741], [-6.1066394, 53.2858045], [-6.1065375, 53.2858061], [-6.1064892, 53.2858302], [-6.1064114, 53.2858526], [-6.1063336, 53.2858382], [-6.1062639, 53.2858013], [-6.1062022, 53.2857725], [-6.1062425, 53.285811], [-6.106272, 53.2858494], [-6.1061593, 53.2858254], [-6.1060896, 53.2858158], [-6.1060279, 53.2857661], [-6.1059876, 53.2857388], [-6.1059125, 53.2857228], [-6.1058884, 53.2857067], [-6.105824, 53.2856891], [-6.1057704, 53.2856506], [-6.1057597, 53.2855881], [-6.1057516, 53.2855432], [-6.1057892, 53.2854678], [-6.1057677, 53.2854454], [-6.1057275, 53.2854678], [-6.1057006, 53.2854886], [-6.1056416, 53.2855095], [-6.1055746, 53.2854919], [-6.1055048, 53.2854566], [-6.1055129, 53.2853924], [-6.1054887, 53.2853347], [-6.1054378, 53.2853171], [-6.1053546, 53.2853155], [-6.1052983, 53.2853299], [-6.1052688, 53.2853876], [-6.1052232, 53.2854021], [-6.1051588, 53.2854309], [-6.1050784, 53.2854197], [-6.1049899, 53.2854037], [-6.1049255, 53.2853844], [-6.104837, 53.2853107], [-6.1048182, 53.2852786], [-6.1048209, 53.2852321], [-6.1047967, 53.2852064], [-6.1047994, 53.285184], [-6.1048504, 53.2851583], [-6.1048987, 53.2851182], [-6.1048906, 53.2850717], [-6.1048531, 53.2850349], [-6.1047994, 53.2849755], [-6.104727, 53.284921], [-6.1046653, 53.2848825], [-6.104558, 53.2848104], [-6.1045178, 53.2847623], [-6.1044668, 53.2846981], [-6.1044132, 53.284658], [-6.1042871, 53.2846067], [-6.1041906, 53.2845779], [-6.1040645, 53.284573], [-6.1039518, 53.2845281], [-6.1038446, 53.2845185], [-6.1037721, 53.2844993], [-6.1036756, 53.2844865], [-6.1036219, 53.2844993], [-6.1035254, 53.2845073], [-6.1034556, 53.2844688], [-6.1033779, 53.2844576], [-6.1032625, 53.2844383], [-6.1032223, 53.2844111], [-6.1031686, 53.2843726], [-6.103034, 53.2843131], [-6.1029736, 53.2842637], [-6.1028584, 53.2842075], [-6.1026917, 53.28413], [-6.1026747, 53.2840433], [-6.1025561, 53.2839926], [-6.102484, 53.2838605], [-6.1023827, 53.2835351], [-6.102457, 53.2834966], [-6.102603, 53.2834872], [-6.1024903, 53.28346], [-6.1024377, 53.2833126], [-6.1022917, 53.2833414], [-6.1020897, 53.2833035], [-6.1017543, 53.2832545], [-6.101696, 53.2832016], [-6.1013527, 53.2828681], [-6.1011098, 53.2826503], [-6.1009235, 53.2824832], [-6.1003656, 53.2820983], [-6.1003056, 53.2814391], [-6.1001151, 53.2809378], [-6.099679, 53.2805845], [-6.0991684, 53.2800418], [-6.0987764, 53.2797148], [-6.0984606, 53.2794409], [-6.0982386, 53.2791528], [-6.0982245, 53.2788588], [-6.0979755, 53.2785546], [-6.0976147, 53.2783778], [-6.0973912, 53.2783028], [-6.0972769, 53.2781301], [-6.0970721, 53.277969], [-6.0968837, 53.2779053], [-6.0966549, 53.2777433], [-6.0965691, 53.2776143], [-6.0964614, 53.2775356], [-6.0963299, 53.2774757], [-6.0961958, 53.2773184], [-6.0960765, 53.2772192], [-6.0956216, 53.2769119], [-6.0955767, 53.2768744], [-6.0953084, 53.2769618], [-6.095263, 53.2769433], [-6.0955264, 53.2768517], [-6.0955144, 53.2768051], [-6.095329, 53.276673], [-6.0953602, 53.2766278], [-6.0952905, 53.276552], [-6.0951755, 53.2766023], [-6.0952535, 53.2766999], [-6.0951119, 53.2767598], [-6.0949933, 53.2767662], [-6.0949256, 53.276743], [-6.0949146, 53.276674], [-6.0951519, 53.2765614], [-6.0950857, 53.2765075], [-6.0949489, 53.2764792], [-6.0948016, 53.2763773], [-6.0946916, 53.2763632], [-6.0946467, 53.2761728], [-6.0945509, 53.2761813], [-6.0945028, 53.276138], [-6.0945241, 53.2761024], [-6.0945174, 53.2760534], [-6.0943575, 53.2759656], [-6.0936588, 53.2754034], [-6.0935698, 53.2753377], [-6.093159, 53.2750346], [-6.0931627, 53.2750252], [-6.093172, 53.2750176], [-6.0931809, 53.2750145], [-6.0931951, 53.2750096], [-6.0932121, 53.2750067], [-6.0932321, 53.2750081], [-6.0933575, 53.2751021], [-6.093467, 53.2751843], [-6.0935157, 53.2752219], [-6.0935246, 53.2752219], [-6.0936186, 53.2751304], [-6.0936619, 53.2750899], [-6.0936764, 53.2750781], [-6.0937044, 53.275051], [-6.0937799, 53.2749694], [-6.0938907, 53.2750374], [-6.0939788, 53.2751033], [-6.0940041, 53.2750951], [-6.0939043, 53.2750036], [-6.0938054, 53.2749132], [-6.0937938, 53.2749071], [-6.0937821, 53.274904], [-6.093736, 53.2749057], [-6.0937078, 53.2749046], [-6.0936834, 53.2749034], [-6.0935943, 53.2748975], [-6.0935749, 53.2748958], [-6.0935257, 53.2748866], [-6.0934584, 53.27487], [-6.0934427, 53.2748661], [-6.0934109, 53.2748536], [-6.0933726, 53.2748395], [-6.0933577, 53.274837], [-6.0933403, 53.2748447], [-6.0933125, 53.2748571], [-6.0932865, 53.2748682], [-6.09326, 53.2748799], [-6.0931708, 53.2749194], [-6.0931204, 53.2749345], [-6.0930965, 53.2749371], [-6.0930652, 53.2749226], [-6.0930539, 53.2749106], [-6.0930633, 53.2748882], [-6.0932983, 53.2747903], [-6.0933106, 53.2747511], [-6.0929508, 53.2744039], [-6.0928342, 53.2742187], [-6.0927196, 53.2740223], [-6.0928743, 53.2739833], [-6.0928692, 53.2739633], [-6.0927555, 53.2739709], [-6.0927412, 53.2739476], [-6.0926083, 53.2737671], [-6.0924671, 53.273677], [-6.0922816, 53.2733469], [-6.0922382, 53.2731992], [-6.0920456, 53.272943], [-6.0918176, 53.2725532], [-6.0918396, 53.2725334], [-6.0918254, 53.2724844], [-6.0917467, 53.2723789], [-6.0916937, 53.2723015], [-6.0915746, 53.2722466], [-6.0915187, 53.2722623], [-6.0913857, 53.2721813], [-6.0914081, 53.2721622], [-6.0914142, 53.2721392], [-6.0913926, 53.2721179], [-6.0913331, 53.2721392], [-6.091306, 53.2721232], [-6.0914256, 53.2720701], [-6.0914482, 53.2720088], [-6.0913729, 53.2719473], [-6.0913533, 53.2718875], [-6.0912278, 53.2718252], [-6.0912706, 53.2717966], [-6.0913287, 53.2717665], [-6.0912447, 53.2717238], [-6.0912424, 53.2716655], [-6.0911897, 53.2716427], [-6.0912097, 53.2715481], [-6.0912876, 53.2715588], [-6.0913234, 53.2714844], [-6.0913009, 53.2714145], [-6.0913187, 53.2713294], [-6.0912557, 53.27127], [-6.0913099, 53.271211], [-6.0912659, 53.2711507], [-6.0912214, 53.2710578], [-6.0912116, 53.2709956], [-6.0911625, 53.2709353], [-6.0911923, 53.2708484], [-6.0912442, 53.2707684], [-6.0912809, 53.2706656], [-6.0913028, 53.2705893], [-6.0913537, 53.2704979], [-6.0914036, 53.270379], [-6.0914764, 53.2703151], [-6.0916252, 53.2703039], [-6.0917712, 53.2702757], [-6.0918701, 53.2702407], [-6.0920513, 53.2701832], [-6.0921631, 53.2701253], [-6.0922656, 53.2701723], [-6.0924081, 53.2701704], [-6.0925481, 53.2702064], [-6.0927, 53.2702087], [-6.0928748, 53.2702045], [-6.0930324, 53.2702709], [-6.0932463, 53.2703651], [-6.0933998, 53.2703881], [-6.0935803, 53.2703885], [-6.0937199, 53.2704891], [-6.0937887, 53.2704191], [-6.093875, 53.2703545], [-6.0940175, 53.2703756], [-6.0941143, 53.2703915], [-6.0941871, 53.270348], [-6.0942684, 53.2703542], [-6.094462, 53.270449], [-6.0946093, 53.2705098], [-6.0947072, 53.2705067], [-6.0948614, 53.2704944], [-6.0953898, 53.270381], [-6.0959621, 53.2702317], [-6.0964627, 53.2699971], [-6.0970205, 53.2696783], [-6.097118, 53.26954], [-6.0972023, 53.2694183], [-6.0972833, 53.2692883], [-6.0973838, 53.2692192], [-6.0974697, 53.2691756], [-6.0975217, 53.2691653], [-6.0976105, 53.2691501], [-6.0977053, 53.2691005], [-6.0977281, 53.2690835], [-6.0977075, 53.2690293], [-6.0977612, 53.2689611], [-6.0978632, 53.2689263], [-6.0979548, 53.2688801], [-6.0980884, 53.2688106], [-6.098217, 53.2688149], [-6.0983299, 53.2688491], [-6.0984689, 53.2688816], [-6.0985182, 53.2688603], [-6.0987501, 53.2689313], [-6.0988589, 53.2689513], [-6.0997219, 53.2686257], [-6.0999185, 53.2686458], [-6.1001024, 53.2685568], [-6.1003074, 53.2684578], [-6.1003591, 53.2684237], [-6.1004965, 53.268344], [-6.1005906, 53.2682837], [-6.1006886, 53.2682323], [-6.100823, 53.2682156], [-6.100859, 53.2681714], [-6.1009728, 53.2680913], [-6.1010656, 53.268079], [-6.1011334, 53.2680924], [-6.1012207, 53.2680631], [-6.1012721, 53.2680039], [-6.1013791, 53.2679318], [-6.1014167, 53.2679675], [-6.1014644, 53.2679509], [-6.1015315, 53.2678751], [-6.1016118, 53.2678526], [-6.1017536, 53.2678455], [-6.1018794, 53.2678011], [-6.101948, 53.2677921], [-6.1019858, 53.2677536], [-6.1020564, 53.2677361], [-6.1021441, 53.2677027], [-6.1022389, 53.2677052], [-6.102441, 53.2676794], [-6.1025704, 53.2676731], [-6.1026392, 53.2677026], [-6.1027348, 53.2676535], [-6.1028625, 53.267601], [-6.1029787, 53.2675258], [-6.1030711, 53.2674491], [-6.1031911, 53.2674233], [-6.1032793, 53.2673681], [-6.103414, 53.2673674], [-6.1034918, 53.2672953], [-6.1035803, 53.2672298], [-6.1036232, 53.2671356], [-6.1036854, 53.2670816], [-6.1036755, 53.267019], [-6.1037522, 53.2669656], [-6.1037507, 53.2668937], [-6.1037847, 53.2668238], [-6.1038827, 53.2668157], [-6.103946, 53.2668095], [-6.1039646, 53.2667843], [-6.1040912, 53.2668133], [-6.1040574, 53.2667342], [-6.1041264, 53.2667258], [-6.1041595, 53.2667061], [-6.1042665, 53.2667716], [-6.1043337, 53.2667292], [-6.1044397, 53.2667655], [-6.1045227, 53.2667768], [-6.1045216, 53.2667124], [-6.104483, 53.2666029], [-6.1044408, 53.26651], [-6.1045012, 53.2664795], [-6.1045584, 53.2665127], [-6.1045925, 53.2665697], [-6.104645, 53.2666233], [-6.1047234, 53.266634], [-6.1048445, 53.2665725], [-6.1050041, 53.2664939], [-6.1052096, 53.2664593], [-6.1052185, 53.2664866], [-6.1052428, 53.2665324], [-6.105326, 53.2665485], [-6.1054899, 53.266556], [-6.105963, 53.2662893], [-6.1060402, 53.2662336], [-6.1061588, 53.2661346], [-6.1061132, 53.2660776], [-6.1060293, 53.2660381], [-6.1060316, 53.2659838], [-6.1060425, 53.2659497], [-6.1060646, 53.2659491], [-6.1060824, 53.2659457], [-6.106088, 53.2659447], [-6.1061055, 53.2659455], [-6.1061142, 53.2659475], [-6.1061139, 53.2659453], [-6.1060878, 53.2659376], [-6.1060887, 53.265934], [-6.1060726, 53.2659316], [-6.1060632, 53.2659248], [-6.1060482, 53.2659268], [-6.106047, 53.2659113], [-6.1060787, 53.2659132], [-6.1060797, 53.2659026], [-6.1060696, 53.2659008], [-6.1060824, 53.2658811], [-6.1060622, 53.2658789], [-6.1060896, 53.2658521], [-6.1061239, 53.2658602], [-6.106199, 53.2658763], [-6.1062205, 53.2659413], [-6.1062963, 53.2659543], [-6.1064217, 53.2659798], [-6.106541, 53.265952], [-6.1067031, 53.2658487], [-6.1067751, 53.2657336], [-6.1069928, 53.2654533], [-6.107723, 53.264523], [-6.1078937, 53.2643435], [-6.1079189, 53.2642607], [-6.1079246, 53.2642137], [-6.1081108, 53.2639665], [-6.1081678, 53.2638675], [-6.1080657, 53.2638262], [-6.1081477, 53.2637939], [-6.1081477, 53.2637723], [-6.1081316, 53.2636929], [-6.1082429, 53.2635846], [-6.1083362, 53.2635454], [-6.1084162, 53.263472], [-6.1088447, 53.2629897], [-6.1092166, 53.2626119], [-6.109535, 53.2623243], [-6.1097638, 53.2620762], [-6.1099788, 53.2618492], [-6.1104366, 53.2613546], [-6.110646, 53.2611327], [-6.1108128, 53.2609669], [-6.1108199, 53.2609587], [-6.1110664, 53.2606397], [-6.1113263, 53.260219], [-6.1114374, 53.2600362], [-6.1115475, 53.2598139], [-6.1117497, 53.2597949], [-6.111785, 53.2597363], [-6.1118301, 53.2595858], [-6.1117448, 53.2595125], [-6.1117309, 53.2594392], [-6.1118073, 53.2592256], [-6.111953, 53.2588959], [-6.1121246, 53.2584654], [-6.1123258, 53.2579155], [-6.1124656, 53.2575667], [-6.1125074, 53.2574014], [-6.1126447, 53.257396], [-6.1126286, 53.2573195], [-6.1126176, 53.2571998], [-6.112609, 53.2568198], [-6.112656, 53.2565736], [-6.1126689, 53.2563618], [-6.1127083, 53.2562166], [-6.112708, 53.2557922], [-6.1127061, 53.2554567], [-6.1126734, 53.2551492], [-6.1126627, 53.2549398], [-6.1126777, 53.2546514], [-6.1126884, 53.254263], [-6.1126989, 53.2538552], [-6.1126959, 53.2538037], [-6.1126836, 53.2535957], [-6.1126246, 53.2534927], [-6.1126599, 53.2533549], [-6.1126605, 53.2532409], [-6.1126606, 53.2530947], [-6.1126461, 53.2529402], [-6.1126286, 53.2527147], [-6.1125656, 53.252478], [-6.1124811, 53.2521486], [-6.1124629, 53.2517423], [-6.112406, 53.2517045], [-6.1124094, 53.2516678], [-6.1124239, 53.2507234], [-6.1124332, 53.2501977], [-6.1122595, 53.2501665], [-6.1122073, 53.2501304], [-6.1122053, 53.2499467], [-6.1122596, 53.2495754], [-6.1123766, 53.2492717], [-6.112504, 53.2491942], [-6.1126307, 53.2489485], [-6.1127786, 53.2487729], [-6.1129311, 53.2485216], [-6.1130996, 53.2482426], [-6.1132705, 53.2481738], [-6.1133117, 53.2481307], [-6.1133421, 53.248069], [-6.113407, 53.2479975], [-6.1133623, 53.2479778], [-6.1133477, 53.2479601], [-6.1133528, 53.2479146], [-6.1133111, 53.2478801], [-6.1131985, 53.2478632], [-6.1131475, 53.2476538], [-6.1131985, 53.2473384], [-6.1133218, 53.2472453], [-6.1133132, 53.2471419], [-6.1132669, 53.2471049], [-6.1132736, 53.2470648], [-6.1133133, 53.2469218], [-6.1132172, 53.2466355], [-6.1132508, 53.2465127], [-6.1132293, 53.246353], [-6.1133125, 53.2462439], [-6.1131796, 53.246194], [-6.1132178, 53.2461489], [-6.1131809, 53.246032], [-6.1129931, 53.245984], [-6.1128606, 53.2459169], [-6.1128301, 53.2458663], [-6.1129322, 53.2458209], [-6.1128887, 53.2456586], [-6.1127421, 53.2454757], [-6.1127176, 53.2453073], [-6.1126575, 53.2451481], [-6.1125974, 53.2449015], [-6.1125202, 53.2446704], [-6.1125287, 53.2444701], [-6.1124515, 53.2442492], [-6.1126054, 53.244124], [-6.1125802, 53.2439087], [-6.112436, 53.2438913], [-6.1123657, 53.243525], [-6.1123828, 53.2433042], [-6.1124172, 53.243032], [-6.1124515, 53.2427443], [-6.1124515, 53.2425851], [-6.1124343, 53.2424207], [-6.1123843, 53.2422105], [-6.1124162, 53.241966], [-6.1123349, 53.2416291], [-6.1123644, 53.2414745], [-6.1123485, 53.2413061], [-6.1123207, 53.2411646], [-6.1121971, 53.2409745], [-6.1122362, 53.2409098], [-6.1122283, 53.2408181], [-6.1121597, 53.2406743], [-6.1122118, 53.2405984], [-6.112194, 53.2405151], [-6.1121425, 53.240361], [-6.1120653, 53.2402018], [-6.1120653, 53.2399757], [-6.1120015, 53.2397659], [-6.111983, 53.2392348], [-6.1114887, 53.2380227], [-6.1113207, 53.2377435], [-6.1111497, 53.2377491], [-6.1111033, 53.2376983], [-6.1110523, 53.2376973], [-6.1110377, 53.2376345], [-6.1110395, 53.2376152], [-6.11104, 53.2375947], [-6.1110335, 53.23753], [-6.1111255, 53.2375189], [-6.1111054, 53.2372091], [-6.1110823, 53.2368874], [-6.1110442, 53.2365835], [-6.1109463, 53.2362971], [-6.1109454, 53.2360418], [-6.1108828, 53.235658], [-6.1107102, 53.2351797], [-6.1106703, 53.2350993], [-6.1106349, 53.2350104], [-6.1105955, 53.2348968], [-6.1104976, 53.2348428], [-6.1101738, 53.2344091], [-6.1100408, 53.2341705], [-6.109889, 53.2340865], [-6.1097983, 53.2339789], [-6.1097446, 53.2337477], [-6.1095944, 53.2336385], [-6.1094764, 53.2334395], [-6.1093296, 53.2331349], [-6.1091438, 53.2328358], [-6.1088434, 53.2325532], [-6.108704, 53.2323156], [-6.1086289, 53.2320652], [-6.1085645, 53.2318147], [-6.1084465, 53.2313909], [-6.108307, 53.2309606], [-6.1082855, 53.2306716], [-6.1082158, 53.2305664], [-6.1082171, 53.230543], [-6.108221, 53.2304736], [-6.1083024, 53.2303524], [-6.108255, 53.2302009], [-6.1082526, 53.229884], [-6.1082499, 53.2295297], [-6.108252, 53.2290722], [-6.1083333, 53.2289715], [-6.1083301, 53.2288416], [-6.1082888, 53.2287035], [-6.1082263, 53.2285005], [-6.1082132, 53.2284426], [-6.1081794, 53.2282928], [-6.1081823, 53.2281422], [-6.1081834, 53.2280834], [-6.1080933, 53.2277465], [-6.1078714, 53.2273086], [-6.107743, 53.2268358], [-6.1075804, 53.2265902], [-6.1075483, 53.2264827], [-6.1073941, 53.2259647], [-6.1071868, 53.224821], [-6.1070439, 53.2243168], [-6.106915, 53.2238617], [-6.1067569, 53.2233602], [-6.1064217, 53.2221299], [-6.1060526, 53.2209685], [-6.1057197, 53.2199149], [-6.1054403, 53.2190869], [-6.1053498, 53.2186662], [-6.1052997, 53.2184101], [-6.1051457, 53.2180123], [-6.1049346, 53.2173646], [-6.104941, 53.2172406], [-6.1048618, 53.2170606], [-6.1048031, 53.2168641], [-6.1048329, 53.2167931], [-6.1047661, 53.2167401], [-6.1047233, 53.2166714], [-6.1047669, 53.2166156], [-6.1047178, 53.2165591], [-6.1046688, 53.2164488], [-6.1045487, 53.2162265], [-6.1043783, 53.21589], [-6.104443, 53.2158133], [-6.104365, 53.2153867], [-6.1043195, 53.215143], [-6.1042148, 53.2149935], [-6.1041814, 53.2148336], [-6.1042619, 53.2148006], [-6.1042148, 53.2146469], [-6.1041079, 53.2141849], [-6.1039863, 53.2133288], [-6.1039442, 53.2131827], [-6.1039017, 53.2130487], [-6.1038792, 53.2129639], [-6.1038292, 53.212836], [-6.1037669, 53.2126041], [-6.1037445, 53.2125206], [-6.1037467, 53.2124348], [-6.1037535, 53.2123861], [-6.1037212, 53.2123556], [-6.1036818, 53.2122873], [-6.103607, 53.2117749], [-6.1034672, 53.211578], [-6.1035113, 53.2114698], [-6.1034751, 53.2113555], [-6.1034239, 53.2112064], [-6.1033922, 53.2111142], [-6.1032806, 53.210933], [-6.1032406, 53.2108039], [-6.103224, 53.21077], [-6.10338, 53.2107682], [-6.1037968, 53.2108063], [-6.1040232, 53.210822], [-6.1054762, 53.2106833], [-6.1058475, 53.2106228], [-6.1076126, 53.2102124], [-6.1077046, 53.2102203], [-6.1080937, 53.2105061], [-6.1085412, 53.2111384], [-6.1102811, 53.2104489], [-6.1098114, 53.2101071], [-6.1103833, 53.2097899], [-6.1120869, 53.2089454], [-6.1120436, 53.2088856], [-6.1125022, 53.2086912], [-6.1134222, 53.2083683], [-6.1138701, 53.2081868], [-6.1140401, 53.2080883], [-6.1143278, 53.207953], [-6.1144733, 53.2080979], [-6.1145939, 53.2082687], [-6.1147189, 53.2084455], [-6.1147391, 53.2084818], [-6.114835, 53.2086493], [-6.1148673, 53.2087057], [-6.1149228, 53.2088025], [-6.1151147, 53.2090986], [-6.1152823, 53.2093304], [-6.1153759, 53.2094345], [-6.1155425, 53.2095493], [-6.1155925, 53.2095791], [-6.1156886, 53.2096385], [-6.1159798, 53.2098155], [-6.1160421, 53.2098534], [-6.1162695, 53.2099936], [-6.1163863, 53.2100774], [-6.1164962, 53.2101623], [-6.1165607, 53.2102124], [-6.1167643, 53.2103857], [-6.116952, 53.2105364], [-6.1170999, 53.2106421], [-6.1171241, 53.2106602], [-6.1172345, 53.2106777], [-6.1178755, 53.2106083], [-6.1187396, 53.2105374], [-6.1190402, 53.2105101], [-6.1191789, 53.2104519], [-6.1191564, 53.2103003], [-6.1192155, 53.2099747], [-6.119212, 53.2098916], [-6.1188854, 53.2094441], [-6.1188731, 53.2094039], [-6.1188747, 53.2093621], [-6.118937, 53.2092939], [-6.1190448, 53.2092245], [-6.1191566, 53.2090571], [-6.1192285, 53.2088107], [-6.1192365, 53.2086457], [-6.1193635, 53.2084858], [-6.1194367, 53.2082703], [-6.1194114, 53.2080801], [-6.1195509, 53.208045], [-6.1196823, 53.2080076], [-6.1214554, 53.2075571], [-6.1227781, 53.2072797], [-6.1232845, 53.2071627], [-6.1234373, 53.2073931], [-6.1234641, 53.2075561], [-6.1241494, 53.207512], [-6.1249249, 53.2075335], [-6.1250359, 53.2077868], [-6.1263073, 53.2075294], [-6.1255734, 53.2063851], [-6.1254286, 53.2060695], [-6.1261308, 53.2059419], [-6.1262264, 53.2059695], [-6.1262784, 53.20596], [-6.1251719, 53.2040641], [-6.1263706, 53.2036221], [-6.1278452, 53.204336], [-6.1287073, 53.2039241], [-6.1286838, 53.2038371], [-6.1289826, 53.2029631], [-6.1290836, 53.2027841], [-6.1294042, 53.2024792], [-6.1290036, 53.202235], [-6.12892, 53.2021657], [-6.1289822, 53.2020953], [-6.1287537, 53.2019599], [-6.1286196, 53.2018539], [-6.128633, 53.2017575], [-6.128692, 53.2016354], [-6.1287162, 53.2013559], [-6.1288637, 53.2010586], [-6.128873, 53.2009759], [-6.1288495, 53.2008864], [-6.1288104, 53.2008196], [-6.1291489, 53.2007047], [-6.1293079, 53.2006355], [-6.1294508, 53.2005992], [-6.1296576, 53.2005675], [-6.1299055, 53.2004781], [-6.1301712, 53.2004036], [-6.1303568, 53.2003397], [-6.1305594, 53.2002763], [-6.1307533, 53.2002204], [-6.1309525, 53.2001793], [-6.1310257, 53.2001723], [-6.1312348, 53.2001332], [-6.1314288, 53.200132], [-6.1316303, 53.2001688], [-6.1319712, 53.2000318], [-6.1321259, 53.2000018], [-6.1321522, 53.1998815], [-6.1321936, 53.1997776], [-6.1323704, 53.1996416], [-6.1323501, 53.1993379], [-6.1320348, 53.1992595], [-6.1318708, 53.1992324], [-6.1316881, 53.199131], [-6.1316094, 53.1990057], [-6.1313814, 53.1988879], [-6.1314072, 53.1988189], [-6.131611, 53.1987353], [-6.1319335, 53.1987372], [-6.132082, 53.1987396], [-6.1322278, 53.1987568], [-6.1325836, 53.1988231], [-6.1329517, 53.198881], [-6.1330892, 53.1988907], [-6.1332524, 53.1989107], [-6.1338023, 53.198965], [-6.1341543, 53.1989636], [-6.1345661, 53.1989517], [-6.134935, 53.1989296], [-6.1354937, 53.1989994], [-6.1357942, 53.1990084], [-6.1361298, 53.199079], [-6.1363972, 53.1992013], [-6.1366127, 53.1992878], [-6.1368023, 53.1993591], [-6.1370348, 53.1994199], [-6.1373184, 53.1994547], [-6.1377151, 53.1996176], [-6.1378451, 53.1997251], [-6.1379374, 53.1997632], [-6.1380107, 53.1998059], [-6.1382681, 53.1998933], [-6.1384312, 53.2000064], [-6.1387488, 53.2002018], [-6.139032, 53.2001709], [-6.1391865, 53.2002121], [-6.1394869, 53.2002995], [-6.1396586, 53.200428], [-6.1397959, 53.2005565], [-6.1399762, 53.2006954], [-6.1402937, 53.2009884], [-6.1405684, 53.2011632], [-6.1408602, 53.2012918], [-6.141195, 53.2014511], [-6.1414267, 53.2015745], [-6.1416327, 53.2016774], [-6.1418816, 53.2017596], [-6.1421649, 53.2018881], [-6.1424052, 53.2018984], [-6.1426455, 53.2018676], [-6.1427313, 53.2018059], [-6.1429373, 53.201775], [-6.1431777, 53.2017802], [-6.1434523, 53.2018419], [-6.143624, 53.2019293], [-6.1437613, 53.2019807], [-6.1440188, 53.2020527], [-6.1443106, 53.2021452], [-6.1446797, 53.2022223], [-6.1452805, 53.2024125], [-6.1455638, 53.2025257], [-6.1458298, 53.2026593], [-6.1461903, 53.2028033], [-6.1463963, 53.2029472], [-6.1465766, 53.2030912], [-6.1467396, 53.2031991], [-6.1469199, 53.2032557], [-6.147186, 53.2032968], [-6.1473919, 53.2033174], [-6.1477353, 53.2033071], [-6.1479413, 53.2032968], [-6.1481387, 53.2032248], [-6.1482846, 53.2031632], [-6.1488597, 53.2028958], [-6.1490571, 53.2028907], [-6.1493317, 53.202865], [-6.149852, 53.202677], [-6.1500092, 53.2026913], [-6.1501311, 53.2027483], [-6.1503766, 53.2028396], [-6.1518551, 53.2028804], [-6.1535031, 53.2029678], [-6.1544816, 53.2029369], [-6.1553399, 53.202865], [-6.1559922, 53.2028855], [-6.1567327, 53.2027884], [-6.1571941, 53.2027654], [-6.1579577, 53.202649], [-6.1590626, 53.2026154], [-6.1601807, 53.2025122], [-6.1612559, 53.2025541], [-6.1621666, 53.2027762], [-6.1631075, 53.2032575], [-6.16388, 53.2036482], [-6.1646439, 53.2042702], [-6.1649014, 53.2045427], [-6.1653391, 53.2049694], [-6.1660864, 53.2054902], [-6.1661142, 53.2055844], [-6.1661707, 53.205776], [-6.1663137, 53.2059451], [-6.1664409, 53.2060499], [-6.1665856, 53.2062287], [-6.1667011, 53.2064038], [-6.1667692, 53.2065595], [-6.1667918, 53.206648], [-6.1669648, 53.2067491], [-6.1670386, 53.2069177], [-6.1671931, 53.2070463], [-6.1672306, 53.2070946], [-6.1673047, 53.2071902], [-6.167442, 53.2073187], [-6.1676051, 53.2074472], [-6.1678454, 53.2075935], [-6.1678628, 53.2076907], [-6.1680499, 53.2078059], [-6.1681718, 53.2078809], [-6.1684378, 53.2079837], [-6.1685113, 53.208052], [-6.1686867, 53.208215], [-6.1688779, 53.2083486], [-6.1689419, 53.2083951], [-6.1690087, 53.2084421], [-6.1692406, 53.2084641], [-6.1694498, 53.2084553], [-6.1695992, 53.2084338], [-6.169839, 53.2084555], [-6.1699764, 53.2084953], [-6.1702621, 53.2085924], [-6.1705185, 53.2086158], [-6.1709251, 53.2085775], [-6.1710954, 53.2085681], [-6.1712691, 53.2085956], [-6.1713698, 53.2086677], [-6.1715881, 53.2087256], [-6.1717548, 53.2087294], [-6.1719044, 53.2086853], [-6.1721001, 53.2086648], [-6.1721773, 53.2087213], [-6.1723404, 53.2087882], [-6.1724262, 53.2088653], [-6.1724863, 53.2089475], [-6.1725655, 53.2090358], [-6.172742, 53.2091045], [-6.1729292, 53.2091261], [-6.1730805, 53.2091538], [-6.1732244, 53.2091788], [-6.1733789, 53.2092816], [-6.1734562, 53.2093536], [-6.1735077, 53.2094307], [-6.1735849, 53.2095387], [-6.1736021, 53.2096209], [-6.1734648, 53.2097032], [-6.1734648, 53.2097751], [-6.1734991, 53.2098985], [-6.1735935, 53.2100938], [-6.1737223, 53.2103148], [-6.1737995, 53.2104845], [-6.1739025, 53.2106592], [-6.1739797, 53.2108032], [-6.1740742, 53.2109008], [-6.1742029, 53.211019], [-6.1742029, 53.2110962], [-6.1742115, 53.211199], [-6.1742287, 53.2112966], [-6.1742287, 53.2113686], [-6.1742458, 53.2115176], [-6.1742287, 53.2116256], [-6.1742115, 53.2117901], [-6.1742289, 53.211915], [-6.1742539, 53.2119395], [-6.1745203, 53.2120934], [-6.1746774, 53.2121609], [-6.1748073, 53.212266], [-6.1749402, 53.2124472], [-6.1747862, 53.2125481], [-6.1748638, 53.2127153], [-6.1749411, 53.2129106], [-6.1750355, 53.2130545], [-6.1754375, 53.2133528], [-6.1755085, 53.2134158], [-6.1756787, 53.2136411], [-6.1759244, 53.2138088], [-6.1760061, 53.2138957], [-6.1761891, 53.214016], [-6.1763626, 53.2142184], [-6.1765418, 53.2144332], [-6.1766737, 53.2145631], [-6.1767693, 53.2146684], [-6.1768948, 53.2147825], [-6.1770543, 53.2149381], [-6.1771211, 53.2150513], [-6.177211, 53.2151267], [-6.1773841, 53.2152784], [-6.1775935, 53.215451], [-6.1777863, 53.2156187], [-6.1779584, 53.215804], [-6.1781251, 53.2159341], [-6.1782705, 53.2160746], [-6.1783733, 53.2162127], [-6.1786203, 53.2163661], [-6.1787461, 53.2164196], [-6.1788609, 53.2165403], [-6.17896, 53.2167641], [-6.1790782, 53.216959], [-6.1791899, 53.2172028], [-6.1793036, 53.2174119], [-6.1794149, 53.2176024], [-6.1795094, 53.2177536], [-6.1796346, 53.2179485], [-6.1798096, 53.2181965], [-6.1799831, 53.2182055], [-6.1801247, 53.2183957], [-6.1803633, 53.2186366], [-6.1806488, 53.2188776], [-6.1808815, 53.2191181], [-6.181085, 53.2194317], [-6.1811931, 53.2195657], [-6.1811295, 53.2196734], [-6.1814619, 53.2200976], [-6.181538, 53.2202032], [-6.1815769, 53.2204103], [-6.1816766, 53.2204479], [-6.1817937, 53.2204207], [-6.1819583, 53.220533], [-6.1821716, 53.220746], [-6.1823212, 53.2208748], [-6.182481, 53.2208302], [-6.1827593, 53.2207636], [-6.1830119, 53.220694], [-6.1834094, 53.2205873], [-6.1837366, 53.2204675], [-6.1843685, 53.2202312], [-6.1846857, 53.2201118], [-6.1854945, 53.2197882], [-6.1862804, 53.2194422], [-6.1866828, 53.219239], [-6.1870342, 53.2190752], [-6.1874164, 53.218915], [-6.187627, 53.2188295], [-6.1879663, 53.2187433], [-6.1881004, 53.2187031], [-6.188124, 53.218693], [-6.1882425, 53.2186421], [-6.1884584, 53.2185693], [-6.1886408, 53.2185083], [-6.1888648, 53.218414], [-6.1890324, 53.2183911], [-6.1891907, 53.2183606], [-6.1893556, 53.2182631], [-6.1894643, 53.2181935], [-6.1895649, 53.2180993], [-6.1896762, 53.2180426], [-6.189762, 53.2180088], [-6.1898907, 53.2179976], [-6.190049, 53.2179767], [-6.1901402, 53.2179671], [-6.190285, 53.2179237], [-6.1903655, 53.2179125], [-6.1904728, 53.2179109], [-6.190564, 53.2179253], [-6.1906686, 53.2179366], [-6.1907356, 53.2179221], [-6.1908939, 53.2179269], [-6.1910548, 53.2179253], [-6.1912265, 53.2179012], [-6.1915324, 53.2178413], [-6.1919845, 53.2177416], [-6.1921524, 53.2177053], [-6.1922206, 53.2176896], [-6.1925536, 53.2176035], [-6.192953, 53.2174185], [-6.1932125, 53.2172588], [-6.1936067, 53.2170105], [-6.19397, 53.2168224], [-6.1941714, 53.2167583], [-6.1943605, 53.2166987], [-6.1946242, 53.2166681], [-6.1948787, 53.2165737], [-6.1951308, 53.2165163], [-6.195231, 53.2165104], [-6.1955011, 53.2164852], [-6.195636, 53.2164718], [-6.1958882, 53.2164542], [-6.1963173, 53.216422], [-6.1964997, 53.2164076], [-6.1966413, 53.2163896], [-6.1968351, 53.2163939], [-6.1970823, 53.2164017], [-6.1974666, 53.2164192], [-6.197744, 53.216431], [-6.1981279, 53.2165065], [-6.1983528, 53.2165317], [-6.1985529, 53.2166023], [-6.198871, 53.2166734], [-6.1992098, 53.2167482], [-6.1993976, 53.2168005], [-6.2000084, 53.2169119], [-6.2001381, 53.2169344], [-6.2003346, 53.2169684], [-6.2006779, 53.2170147], [-6.2008839, 53.2169941], [-6.2010212, 53.2169684], [-6.2012787, 53.2169427], [-6.2014847, 53.216917], [-6.2017079, 53.2169119], [-6.2019997, 53.2169479], [-6.2021971, 53.2169941], [-6.202343, 53.2170404], [-6.2024975, 53.2170198], [-6.202652, 53.216953], [-6.2028237, 53.2168708], [-6.2029438, 53.2168194], [-6.2030511, 53.2167292], [-6.2031627, 53.2167035], [-6.2033515, 53.2167035], [-6.2036204, 53.2167376], [-6.203884, 53.2167292], [-6.204056, 53.216761], [-6.204227, 53.2167806], [-6.2043986, 53.2168063], [-6.204536, 53.2167549], [-6.2046561, 53.2166623], [-6.2047935, 53.216575], [-6.2048793, 53.2165236], [-6.205079, 53.2165076], [-6.2053552, 53.2164885], [-6.2057033, 53.2164722], [-6.2058234, 53.2164568], [-6.2059607, 53.2163694], [-6.2063212, 53.2162872], [-6.2066216, 53.2162255], [-6.2068791, 53.2161741], [-6.2071109, 53.2161124], [-6.207334, 53.2160199], [-6.20754, 53.2159068], [-6.2077632, 53.2158041], [-6.2079349, 53.2157013], [-6.2079824, 53.2156407], [-6.2080308, 53.2155788], [-6.208108, 53.2155377], [-6.2081166, 53.215476], [-6.2081939, 53.2153116], [-6.2082868, 53.2152522], [-6.2083226, 53.2152293], [-6.2085286, 53.2151265], [-6.2086316, 53.2151111], [-6.2086831, 53.2150237], [-6.2087518, 53.2149055], [-6.2087689, 53.214813], [-6.2088376, 53.2146845], [-6.2089234, 53.2145098], [-6.2089578, 53.2144018], [-6.2089749, 53.2142888], [-6.2089664, 53.2141294], [-6.208932, 53.2139598], [-6.2088891, 53.2137851], [-6.2088548, 53.213672], [-6.2087861, 53.2135332], [-6.2087089, 53.213415], [-6.2087003, 53.2133071], [-6.2086831, 53.213158], [-6.2087518, 53.2130089], [-6.2088119, 53.2128907], [-6.2088462, 53.2127725], [-6.2088891, 53.2126697], [-6.2088891, 53.2125258], [-6.2088891, 53.2123973], [-6.2088462, 53.2122431], [-6.2087689, 53.2121043], [-6.2087689, 53.2119912], [-6.2087689, 53.2118833], [-6.2087689, 53.2117805], [-6.2087174, 53.2116417], [-6.2086316, 53.2115286], [-6.2084943, 53.2114207], [-6.2083655, 53.2113025], [-6.2083077, 53.2112819], [-6.2082724, 53.2112523], [-6.208203, 53.2111818], [-6.2084007, 53.2111443], [-6.2085115, 53.2110455], [-6.2086745, 53.2109684], [-6.2088119, 53.2109015], [-6.2089684, 53.2108882], [-6.2091486, 53.2108709], [-6.2093183, 53.2108347], [-6.2094985, 53.2108142], [-6.2095929, 53.2107628], [-6.2097903, 53.2107268], [-6.2099792, 53.2106754], [-6.2100221, 53.210624], [-6.2103518, 53.2105192], [-6.2104801, 53.2104598], [-6.2105976, 53.2104273], [-6.2108211, 53.2103964], [-6.2109591, 53.2103914], [-6.2110491, 53.2103993], [-6.2111758, 53.2104402], [-6.2113136, 53.2104775], [-6.2113914, 53.210545], [-6.2115842, 53.2106651], [-6.2121163, 53.2108553], [-6.2124657, 53.2110718], [-6.2126547, 53.2111062], [-6.2127606, 53.2111114], [-6.213731, 53.2111712], [-6.2138345, 53.2111991], [-6.2139274, 53.2112511], [-6.2140904, 53.2113539], [-6.214202, 53.2114464], [-6.2143909, 53.2115235], [-6.2146432, 53.2115622], [-6.2148231, 53.2115755], [-6.2149962, 53.211578], [-6.2151805, 53.2115286], [-6.2154254, 53.2114516], [-6.215612, 53.2114075], [-6.2158494, 53.2113802], [-6.2160621, 53.2113891], [-6.2161905, 53.2114043], [-6.2163957, 53.211475], [-6.216602, 53.2115062], [-6.216757, 53.2115544], [-6.2169668, 53.2115958], [-6.2171997, 53.211649], [-6.2173771, 53.2117096], [-6.2174418, 53.2117729], [-6.2174781, 53.2119035], [-6.2175381, 53.2119461], [-6.2175558, 53.2119954], [-6.2176823, 53.2121169], [-6.2179194, 53.212229], [-6.2182471, 53.2122473], [-6.2185964, 53.2123042], [-6.2189727, 53.2123403], [-6.2193493, 53.2123408], [-6.2197642, 53.2122707], [-6.2200866, 53.2121532], [-6.220295, 53.2119755], [-6.2204975, 53.2118284], [-6.2207019, 53.2117617], [-6.2209691, 53.2116315], [-6.2213746, 53.2115071], [-6.2216158, 53.2114374], [-6.2217397, 53.211467], [-6.2219017, 53.2114844], [-6.2220253, 53.2114635], [-6.2221802, 53.2114162], [-6.2223877, 53.2114389], [-6.2227417, 53.2114719], [-6.2229493, 53.2114628], [-6.2232009, 53.2113099], [-6.223349, 53.2112292], [-6.2235198, 53.2112161], [-6.2237679, 53.2111892], [-6.2239616, 53.2110839], [-6.2242027, 53.2110299], [-6.2243653, 53.2109832], [-6.2244594, 53.2108343], [-6.2246021, 53.2107245], [-6.2247389, 53.2106542], [-6.2249669, 53.2105989], [-6.225053, 53.2105382], [-6.2250664, 53.2104131], [-6.2251023, 53.2102749], [-6.2251804, 53.2101665], [-6.2253722, 53.2101047], [-6.2255763, 53.2100118], [-6.2257141, 53.2098611], [-6.2258083, 53.2097707], [-6.2259818, 53.2096836], [-6.22605, 53.209626], [-6.2260746, 53.2095484], [-6.2262278, 53.2094539], [-6.2263708, 53.2093661], [-6.2265261, 53.2092546], [-6.226655, 53.2091818], [-6.226683, 53.2091089], [-6.2268265, 53.20904], [-6.2267881, 53.2089397], [-6.2267846, 53.2088381], [-6.2269549, 53.2087629], [-6.2270692, 53.2086252], [-6.2271497, 53.208501], [-6.2272264, 53.2083753], [-6.2272406, 53.2082064], [-6.2273017, 53.2080228], [-6.2273237, 53.2078749], [-6.2273195, 53.2077508], [-6.2273286, 53.2076202], [-6.2274085, 53.2075192], [-6.2275126, 53.2074029], [-6.2273885, 53.2069917], [-6.2275301, 53.2068279], [-6.2276098, 53.2066536], [-6.227602, 53.2064288], [-6.2276497, 53.2062796], [-6.2274608, 53.2060071], [-6.2274425, 53.2059365], [-6.2275093, 53.2058384], [-6.2274334, 53.2056049], [-6.2272826, 53.2053784], [-6.2273337, 53.2052772], [-6.2280513, 53.204937], [-6.2284977, 53.2047524], [-6.2286192, 53.2047061], [-6.2292193, 53.204488], [-6.2294213, 53.2044198], [-6.2296162, 53.2043226], [-6.2297197, 53.2042735], [-6.2298748, 53.2042689], [-6.2302419, 53.2043281], [-6.2304623, 53.2043523], [-6.2306647, 53.2043251], [-6.2308619, 53.2042932], [-6.2313419, 53.2041686], [-6.2318556, 53.2040479], [-6.2321444, 53.2039483], [-6.232182, 53.2039337], [-6.2322203, 53.2039189], [-6.233785, 53.2034896], [-6.2353412, 53.2030703], [-6.2360136, 53.2028732], [-6.236421, 53.2027694], [-6.236868, 53.2026495], [-6.2383517, 53.2023285], [-6.2390698, 53.2022197], [-6.2394241, 53.2021804], [-6.2395983, 53.2021582], [-6.2398454, 53.2022251], [-6.2400203, 53.2022496], [-6.2470554, 53.2032367], [-6.2544445, 53.2043127], [-6.2590596, 53.2049208], [-6.2592339, 53.2049507], [-6.2688886, 53.2094757], [-6.2691398, 53.2095122], [-6.2710805, 53.2096616], [-6.2756735, 53.210971], [-6.2796593, 53.2134273], [-6.2859829, 53.2177497], [-6.2914202, 53.2217774], [-6.2921369, 53.2229009], [-6.2935158, 53.2232648], [-6.2940657, 53.2234431], [-6.2948711, 53.2237114], [-6.2952252, 53.2237403], [-6.2955899, 53.2237852], [-6.2982614, 53.2243408], [-6.2985357, 53.2244095], [-6.2988757, 53.224425], [-6.3005221, 53.2245233], [-6.3017341, 53.2245649], [-6.3027022, 53.2245981], [-6.3047104, 53.2244834], [-6.3048086, 53.224439], [-6.3054424, 53.2240085], [-6.3062943, 53.2235505], [-6.3071078, 53.2232595], [-6.3082311, 53.2228939], [-6.3089336, 53.2227105], [-6.3098104, 53.2224732], [-6.3101567, 53.2223516], [-6.3107505, 53.2222244], [-6.3103584, 53.2219214], [-6.3099547, 53.2214836], [-6.3096986, 53.221183], [-6.3095425, 53.2209371], [-6.308976, 53.2199771], [-6.3087005, 53.2193384], [-6.30838, 53.2185874], [-6.3082834, 53.2180709], [-6.308083, 53.2173856], [-6.3080437, 53.2171934], [-6.307979, 53.2169178], [-6.3078841, 53.2165964], [-6.3078106, 53.2163243], [-6.3077735, 53.2161674], [-6.3077258, 53.2159183], [-6.3077129, 53.2158098], [-6.3077065, 53.2157039], [-6.3076845, 53.2156218], [-6.3076266, 53.2155346], [-6.3076612, 53.2154946], [-6.3076958, 53.2154439], [-6.3076674, 53.2147101], [-6.3077146, 53.2134586], [-6.3078927, 53.2125469], [-6.3079592, 53.2120021], [-6.3080761, 53.2112478], [-6.3082175, 53.2102633], [-6.3085726, 53.2088553], [-6.3090801, 53.2066754], [-6.3099161, 53.2036982], [-6.3103227, 53.2020614], [-6.3110888, 53.1989598], [-6.3112886, 53.1977016], [-6.3114597, 53.1969395], [-6.3118095, 53.1956074], [-6.3120715, 53.1948394], [-6.3121941, 53.1944992], [-6.312536, 53.1942459], [-6.3129186, 53.1938965], [-6.3157962, 53.1914152], [-6.3170111, 53.190442], [-6.3178215, 53.1898383], [-6.3189674, 53.1888292], [-6.3193953, 53.1884967], [-6.3213413, 53.1868524], [-6.3220836, 53.1862398], [-6.323065, 53.1854365], [-6.3236598, 53.1849576], [-6.3244408, 53.184312], [-6.3252741, 53.1836434], [-6.3259217, 53.1831149], [-6.3266141, 53.1825424], [-6.328112, 53.1813764], [-6.3291549, 53.1805448], [-6.3303177, 53.1795632], [-6.330851, 53.1791301], [-6.3318774, 53.1782636], [-6.3406272, 53.1797458], [-6.3449286, 53.1805111], [-6.3471702, 53.1808948], [-6.3475352, 53.1811762], [-6.3483072, 53.1817217], [-6.3490001, 53.182227], [-6.350659, 53.1830477], [-6.3518234, 53.18362], [-6.3526137, 53.1839867], [-6.3543318, 53.1847964], [-6.3567011, 53.1853616], [-6.3583439, 53.1857425], [-6.3604476, 53.1862877], [-6.3614652, 53.1867012], [-6.363643, 53.1875862], [-6.3664966, 53.1887377], [-6.3746015, 53.1924922], [-6.3717522, 53.2008472], [-6.3711214, 53.2035972], [-6.37091, 53.2049446], [-6.3706074, 53.2072965], [-6.3689647, 53.2118275], [-6.3682955, 53.2138257], [-6.3687211, 53.2139533], [-6.3694119, 53.21416], [-6.3702522, 53.2144291], [-6.375816, 53.2160367], [-6.376535, 53.215868], [-6.3777641, 53.215531], [-6.3786699, 53.2152853], [-6.3800227, 53.2149367], [-6.3815535, 53.2145311], [-6.3823502, 53.2143213], [-6.3825725, 53.2142816], [-6.3833962, 53.214236], [-6.3845838, 53.214166], [-6.3850723, 53.2141223], [-6.3866776, 53.2140357], [-6.3876863, 53.2139585], [-6.3883249, 53.2139121], [-6.3896655, 53.2138032], [-6.3911879, 53.2136666], [-6.3926586, 53.2134707], [-6.3936253, 53.2132967], [-6.3947645, 53.2129945], [-6.3952895, 53.2128159], [-6.3955157, 53.2127025], [-6.3957372, 53.2126467], [-6.3958997, 53.2126178], [-6.3959645, 53.2125772], [-6.3960847, 53.2125626], [-6.3962161, 53.2124617], [-6.396292, 53.2124123], [-6.3964425, 53.2123648], [-6.3966104, 53.212306], [-6.3968969, 53.2121321], [-6.3970898, 53.2120044], [-6.3971881, 53.2119636], [-6.3974265, 53.2119045], [-6.3975583, 53.2118714], [-6.3976692, 53.211982], [-6.3979272, 53.2118352], [-6.398226, 53.2115519], [-6.398896, 53.2111166], [-6.3993204, 53.2108377], [-6.3997833, 53.210485], [-6.4000247, 53.2103684], [-6.4004791, 53.2099963], [-6.4006577, 53.2097493], [-6.400794, 53.2095899], [-6.4010321, 53.2094232], [-6.401192, 53.2092712], [-6.4012939, 53.2089981], [-6.4018272, 53.2087437], [-6.4020938, 53.2085082], [-6.4023797, 53.2083437], [-6.4026004, 53.2083072], [-6.4027898, 53.2082362], [-6.4028268, 53.2082917], [-6.4028593, 53.208371], [-6.4028901, 53.2084238], [-6.4028688, 53.2085165], [-6.4027825, 53.2086336], [-6.4026881, 53.2087348], [-6.4026849, 53.2088116], [-6.4027012, 53.2089092], [-6.4027602, 53.2089317], [-6.4028374, 53.2089568], [-6.4028836, 53.2089735], [-6.4029265, 53.2090056], [-6.4028997, 53.2091245], [-6.4028782, 53.209208], [-6.4028422, 53.2092643], [-6.4027763, 53.2093301], [-6.402728, 53.2094489], [-6.4026285, 53.2095674], [-6.4026376, 53.2096269], [-6.4026573, 53.2097745], [-6.4025496, 53.2098578], [-6.4024711, 53.2099954], [-6.4024049, 53.210137], [-6.4023217, 53.2102286], [-6.402021, 53.2104413], [-6.401866, 53.2105419], [-6.4017751, 53.2105925], [-6.4016626, 53.2106442], [-6.4015901, 53.2106988], [-6.401558, 53.210747], [-6.4014906, 53.2107701], [-6.4014627, 53.2108077], [-6.4014206, 53.2108298], [-6.4014527, 53.2109295], [-6.4015661, 53.2110664], [-6.4012989, 53.211311], [-6.4020818, 53.2125431], [-6.4026655, 53.213534], [-6.4027095, 53.2136498], [-6.4030582, 53.2140335], [-6.4046179, 53.2155616], [-6.4055904, 53.2170305], [-6.4056483, 53.2171109], [-6.4056724, 53.2171496], [-6.4056938, 53.2171753], [-6.4059264, 53.2172486], [-6.407339, 53.2176821], [-6.4096518, 53.2166043], [-6.4103667, 53.2163732], [-6.4106185, 53.2163496], [-6.4106889, 53.2165434], [-6.4109428, 53.2170429], [-6.4111619, 53.2171324], [-6.411369, 53.2172728], [-6.4113931, 53.2173283], [-6.4115023, 53.2173541], [-6.4116009, 53.2173686], [-6.4116548, 53.2174202], [-6.412229, 53.2175567], [-6.4124637, 53.2176534], [-6.4126157, 53.2178426], [-6.4127509, 53.2181475], [-6.4129332, 53.2184588], [-6.4136867, 53.2192996], [-6.4138029, 53.2193245], [-6.413956, 53.2194923], [-6.4139439, 53.2199775], [-6.4140043, 53.2200748], [-6.4140089, 53.2201903], [-6.4141366, 53.220288], [-6.414609, 53.2209444], [-6.4147471, 53.2210928], [-6.4148618, 53.2213095], [-6.4148592, 53.2214149], [-6.4147802, 53.221468], [-6.4146858, 53.2215307], [-6.4145571, 53.2215513], [-6.4145968, 53.2217369], [-6.4147293, 53.2219014], [-6.4147025, 53.2221167], [-6.414714, 53.2222185], [-6.41467, 53.2222778], [-6.4145598, 53.2224352], [-6.4145027, 53.2225195], [-6.4146303, 53.2227412], [-6.4147795, 53.2229203], [-6.4147843, 53.2230499], [-6.4147712, 53.2233267], [-6.4147349, 53.2235966], [-6.4148186, 53.2237796], [-6.4151198, 53.2241057], [-6.4154535, 53.2244901], [-6.4157453, 53.2249134], [-6.4159478, 53.2251381], [-6.4159972, 53.2254796], [-6.4162488, 53.2258518], [-6.4163833, 53.2262806], [-6.416513, 53.2265552], [-6.4164982, 53.226782], [-6.4164863, 53.2270308], [-6.4164207, 53.2274283], [-6.4166165, 53.2277197], [-6.4169977, 53.2279954], [-6.4175183, 53.2282231], [-6.4177739, 53.2283499], [-6.4180349, 53.2284795], [-6.4182631, 53.2287172], [-6.4185262, 53.2289309], [-6.4186231, 53.2291643], [-6.418626, 53.2292888], [-6.4186314, 53.2295195], [-6.4187038, 53.2297483], [-6.4189113, 53.2299951], [-6.4190062, 53.2301586], [-6.4190208, 53.2302358], [-6.419003, 53.2302834], [-6.4190715, 53.2303195], [-6.4190687, 53.2303986], [-6.4191756, 53.2304961], [-6.4192381, 53.230649], [-6.4193212, 53.2307881], [-6.4194736, 53.2310417], [-6.4195588, 53.2311473], [-6.4196219, 53.2312256], [-6.4196456, 53.2312438], [-6.4196604, 53.2312542], [-6.4197392, 53.2313095], [-6.4198752, 53.2313549], [-6.4199487, 53.2313715], [-6.4200702, 53.2313783], [-6.4201421, 53.231384], [-6.420154, 53.231385], [-6.420377, 53.2313722], [-6.4205259, 53.2313193], [-6.4206766, 53.2312633], [-6.4213313, 53.2311064], [-6.4215762, 53.2310804], [-6.4221183, 53.230951], [-6.4224644, 53.2308773], [-6.4226809, 53.2308277], [-6.4229156, 53.2307826], [-6.4232781, 53.2307696], [-6.4233404, 53.2306967], [-6.4234338, 53.2306311], [-6.4235272, 53.2305646], [-6.4239378, 53.230665], [-6.4243198, 53.2307675], [-6.424472, 53.2307803], [-6.4245769, 53.2307924], [-6.4246869, 53.2307879], [-6.4247931, 53.2307678], [-6.4250944, 53.2307532], [-6.4256749, 53.2307947], [-6.4258962, 53.2307967], [-6.4261223, 53.2307948], [-6.4266157, 53.2308497], [-6.4271628, 53.2308796], [-6.4276771, 53.2309083], [-6.4279157, 53.2309182], [-6.4281649, 53.2309643], [-6.4286159, 53.2310935], [-6.428844, 53.2311557], [-6.4290326, 53.2311958], [-6.4291506, 53.2312422], [-6.4293751, 53.2312918], [-6.4297976, 53.2313984], [-6.430259, 53.2315235], [-6.4304503, 53.2315442], [-6.4306851, 53.2315597], [-6.4308265, 53.2315389], [-6.4310441, 53.2315176], [-6.4313861, 53.2315233], [-6.4315537, 53.231507], [-6.4317487, 53.231532], [-6.4320009, 53.2315246], [-6.4322078, 53.2315074], [-6.4324298, 53.2314972], [-6.4325947, 53.2315215], [-6.4329694, 53.231514], [-6.433296, 53.2315039], [-6.4334699, 53.231506], [-6.4336932, 53.23152], [-6.4340355, 53.2315007], [-6.4343364, 53.231524], [-6.4346014, 53.2315252], [-6.434824, 53.2315115], [-6.435147, 53.2314727], [-6.4354128, 53.2314725], [-6.435571, 53.2314891], [-6.4357773, 53.2314695], [-6.4360456, 53.2314334], [-6.4363929, 53.2313595], [-6.436606, 53.2313424], [-6.4368304, 53.2313139], [-6.437045, 53.2312883], [-6.4374665, 53.2312514], [-6.4377284, 53.2312189], [-6.438038, 53.2311796], [-6.4384697, 53.2311142], [-6.4388927, 53.2310512], [-6.4392612, 53.231011], [-6.4395265, 53.2310036], [-6.4397809, 53.2309804], [-6.4399691, 53.230974], [-6.4400662, 53.2309417], [-6.4402696, 53.2308937], [-6.4404547, 53.2308681], [-6.4406705, 53.2308528], [-6.4408596, 53.2308503], [-6.4409643, 53.2308554], [-6.4410477, 53.2308732], [-6.4411273, 53.2308999], [-6.4411792, 53.2309479], [-6.4412485, 53.2309878], [-6.4413367, 53.231048], [-6.4413657, 53.23111], [-6.4414456, 53.2311595], [-6.4415221, 53.2311973], [-6.4416232, 53.2312403], [-6.4417363, 53.2313011], [-6.4418332, 53.2313257], [-6.4419414, 53.2313478], [-6.4420234, 53.2313399], [-6.442132, 53.2313626], [-6.4422358, 53.2313865], [-6.4423429, 53.2313933], [-6.4424103, 53.2313845], [-6.4424643, 53.2313621], [-6.4425047, 53.2313453], [-6.4426002, 53.2312914], [-6.4426564, 53.2312433], [-6.4426796, 53.231183], [-6.4426938, 53.231109], [-6.4427057, 53.2310511], [-6.4427616, 53.2309869], [-6.4428546, 53.2309411], [-6.4429707, 53.230902], [-6.4430501, 53.2308879], [-6.4431392, 53.2309003], [-6.4432145, 53.2309299], [-6.4432486, 53.2309827], [-6.4433101, 53.2310111], [-6.4434193, 53.2310048], [-6.4435479, 53.2309834], [-6.4437086, 53.2309729], [-6.4438986, 53.2309978], [-6.4440519, 53.2310057], [-6.4442238, 53.2310061], [-6.4444308, 53.2309863], [-6.4446086, 53.231014], [-6.4450377, 53.2310962], [-6.4452695, 53.2312708], [-6.4454062, 53.2312814], [-6.44552, 53.2312409], [-6.4456485, 53.2312136], [-6.4457986, 53.2311986], [-6.445899, 53.2312206], [-6.4460251, 53.2312647], [-6.4461173, 53.231295], [-6.4462038, 53.2313564], [-6.4463338, 53.2313942], [-6.4465398, 53.2314198], [-6.4466083, 53.2313994], [-6.4466647, 53.2313405], [-6.446682, 53.231302], [-6.4467556, 53.2313006], [-6.4468275, 53.231344], [-6.4468807, 53.2313714], [-6.4469482, 53.2313629], [-6.4471043, 53.2313699], [-6.4472366, 53.2313918], [-6.4473261, 53.2314534], [-6.44743, 53.2314955], [-6.4475132, 53.2315238], [-6.447568, 53.2315263], [-6.4476462, 53.231509], [-6.447706, 53.2314823], [-6.4478865, 53.2314851], [-6.4479817, 53.2314915], [-6.4480967, 53.2314657], [-6.4481675, 53.2314525], [-6.4483527, 53.2314589], [-6.4485423, 53.2314291], [-6.4486617, 53.231458], [-6.4487971, 53.231538], [-6.449278, 53.2314837], [-6.4496484, 53.2315049], [-6.449973, 53.2315483], [-6.4500701, 53.231569], [-6.4504537, 53.231651], [-6.4507963, 53.2316564], [-6.4510464, 53.2316976], [-6.4511376, 53.2316995], [-6.4512334, 53.2316682], [-6.4515377, 53.2316154], [-6.4515556, 53.2316123], [-6.4522303, 53.231538], [-6.452594, 53.231481], [-6.4526669, 53.2314759], [-6.4528054, 53.2314661], [-6.4535951, 53.2313633], [-6.4538716, 53.2313167], [-6.4540491, 53.2312727], [-6.4541168, 53.2312687], [-6.4546079, 53.23124], [-6.4549254, 53.2311578], [-6.4551381, 53.2310797], [-6.4554377, 53.2310587], [-6.4556428, 53.2310121], [-6.4557074, 53.2309996], [-6.4557386, 53.230905], [-6.4556979, 53.2307982], [-6.4556838, 53.2307411], [-6.455749, 53.2306661], [-6.4558049, 53.2306149], [-6.4558232, 53.230546], [-6.4558215, 53.2305122], [-6.4558482, 53.2304927], [-6.4559617, 53.2304798], [-6.4560338, 53.2304549], [-6.456194, 53.2301997], [-6.4563588, 53.2299247], [-6.4565133, 53.2297706], [-6.4566404, 53.2296193], [-6.4566886, 53.2295295], [-6.456704, 53.229477], [-6.4567387, 53.2293895], [-6.456788, 53.2291952], [-6.4568738, 53.228928], [-6.4569007, 53.2286915], [-6.4570283, 53.2284245], [-6.4570283, 53.2281676], [-6.4570834, 53.2280366], [-6.4571121, 53.2279297], [-6.4571217, 53.2277932], [-6.4571558, 53.2276488], [-6.4571768, 53.2274507], [-6.4571893, 53.2272385], [-6.4573989, 53.2270345], [-6.4576119, 53.2269962], [-6.4577578, 53.2268831], [-6.4578602, 53.2268347], [-6.457942, 53.2267861], [-6.4580411, 53.2267547], [-6.4581317, 53.2266961], [-6.4583449, 53.226575], [-6.4585005, 53.2264856], [-6.4585561, 53.2264464], [-6.4586335, 53.2263805], [-6.4586996, 53.2263368], [-6.4587193, 53.2263122], [-6.458731, 53.226266], [-6.4587282, 53.2262021], [-6.4587403, 53.2261586], [-6.4587809, 53.2261324], [-6.4588547, 53.2261255], [-6.4589337, 53.2261124], [-6.4589805, 53.2261078], [-6.4590117, 53.2260766], [-6.4590745, 53.2260477], [-6.4591496, 53.2260224], [-6.4592198, 53.226017], [-6.4592963, 53.2260115], [-6.4593652, 53.2260002], [-6.4594171, 53.2260128], [-6.4594277, 53.2260406], [-6.4594539, 53.2260753], [-6.4594933, 53.2260974], [-6.4595001, 53.2261261], [-6.4595329, 53.2261543], [-6.4595764, 53.2261736], [-6.459636, 53.2261742], [-6.459699, 53.2261611], [-6.4597485, 53.2261301], [-6.4598041, 53.2261337], [-6.4598449, 53.2261085], [-6.4598291, 53.2260762], [-6.4597784, 53.2260395], [-6.4597143, 53.2259907], [-6.4596719, 53.2259479], [-6.4596714, 53.2258652], [-6.4597052, 53.2258196], [-6.4597033, 53.2257869], [-6.4597179, 53.22575], [-6.4597678, 53.2257452], [-6.4598051, 53.225763], [-6.459872, 53.2257549], [-6.4599094, 53.2257144], [-6.459917, 53.2256584], [-6.4599503, 53.2256217], [-6.460002, 53.2256055], [-6.460068, 53.225612], [-6.4601668, 53.2256246], [-6.460266, 53.2256482], [-6.4603664, 53.2256809], [-6.460438, 53.2257133], [-6.4605088, 53.225758], [-6.4605856, 53.225792], [-6.4606594, 53.2258098], [-6.4607169, 53.2257788], [-6.4607303, 53.2257218], [-6.4607339, 53.225687], [-6.4607945, 53.2256426], [-6.4608167, 53.2255428], [-6.4608097, 53.2254795], [-6.4607619, 53.2254187], [-6.4608219, 53.2253797], [-6.460837, 53.2253377], [-6.4608907, 53.2252799], [-6.4609461, 53.2252042], [-6.4610144, 53.2252121], [-6.4612234, 53.2252339], [-6.4614058, 53.2252838], [-6.4614525, 53.2253445], [-6.4614686, 53.2255083], [-6.4613886, 53.2257079], [-6.4612851, 53.2258837], [-6.4611919, 53.2259961], [-6.4611561, 53.226081], [-6.4611977, 53.2261406], [-6.4615457, 53.2262957], [-6.4619962, 53.226501], [-6.4622572, 53.2266123], [-6.4626016, 53.2267676], [-6.4628532, 53.226867], [-6.4636024, 53.2271645], [-6.4638562, 53.2272601], [-6.4642332, 53.2274424], [-6.464788, 53.2277086], [-6.4650858, 53.227813], [-6.4654289, 53.2279189], [-6.4656275, 53.2279641], [-6.4658567, 53.227993], [-6.46638, 53.2280461], [-6.466469, 53.2280773], [-6.4668324, 53.2283866], [-6.4674872, 53.2287475], [-6.4688635, 53.2295038], [-6.4699453, 53.2301923], [-6.4714943, 53.2314803], [-6.4737128, 53.2332461], [-6.4744371, 53.2338248], [-6.4752485, 53.2344195], [-6.4744086, 53.2351086], [-6.4741211, 53.2354078], [-6.4736243, 53.2358274], [-6.4731248, 53.2361487], [-6.4721446, 53.2366017], [-6.4717248, 53.2368237], [-6.4719924, 53.2377811], [-6.4721869, 53.2378868], [-6.472542, 53.2379348], [-6.4731821, 53.237937], [-6.4751079, 53.237982], [-6.4767515, 53.2381836], [-6.4780101, 53.2383619], [-6.4790105, 53.2385515], [-6.4820226, 53.2393477], [-6.4840812, 53.2398532], [-6.4844366, 53.2399611], [-6.4849454, 53.2400946], [-6.4852094, 53.2401646], [-6.485307, 53.240186], [-6.4855871, 53.2402588], [-6.4873451, 53.2406828], [-6.4876314, 53.2407167], [-6.4885943, 53.2408226], [-6.4893475, 53.2409343], [-6.4902056, 53.2412328], [-6.4929314, 53.2417621], [-6.4955901, 53.2424333], [-6.4960529, 53.242526], [-6.4963073, 53.2423585], [-6.4986116, 53.243003], [-6.5031814, 53.2443496], [-6.5049752, 53.2448407], [-6.5050745, 53.2449199], [-6.5049278, 53.2452344], [-6.505046, 53.2453329], [-6.5055594, 53.2454769], [-6.5071071, 53.2458709], [-6.5080517, 53.2460704], [-6.5085662, 53.2462619], [-6.5097367, 53.2468113], [-6.5100755, 53.2469559], [-6.5101656, 53.2469918], [-6.5102407, 53.2470217], [-6.5103367, 53.2466999], [-6.510392, 53.2465769], [-6.510505, 53.2467281], [-6.5106249, 53.2469308], [-6.5108529, 53.2471491], [-6.511093, 53.2473056], [-6.5113086, 53.2473045], [-6.511712, 53.247361], [-6.5121927, 53.2474483], [-6.5126562, 53.2474997], [-6.5130853, 53.247551], [-6.5133686, 53.2476024], [-6.5136195, 53.2476721], [-6.5138009, 53.2477225], [-6.5140866, 53.2476967], [-6.5144142, 53.2476828], [-6.5145941, 53.2476416], [-6.5147081, 53.2476469], [-6.5148041, 53.2476603], [-6.5148982, 53.2477431], [-6.5150594, 53.2478848], [-6.5151411, 53.2479833], [-6.5152524, 53.2480514], [-6.5153064, 53.2481046], [-6.5153416, 53.2481459], [-6.5153467, 53.2481986], [-6.5153774, 53.2482347], [-6.5155701, 53.2483489], [-6.5157461, 53.2484087], [-6.5158554, 53.2484941], [-6.5159684, 53.2485314], [-6.5161181, 53.2485856], [-6.5162118, 53.2486125], [-6.5163018, 53.2486717], [-6.5164099, 53.2487034], [-6.5165271, 53.2487273], [-6.5166731, 53.2487682], [-6.5167585, 53.2487889], [-6.5168078, 53.2488236], [-6.5168688, 53.2488319], [-6.5169826, 53.248778], [-6.5171204, 53.2486926], [-6.5171813, 53.2486699], [-6.5172383, 53.248683], [-6.5173409, 53.2487267], [-6.5174671, 53.2487553], [-6.5176198, 53.2487605], [-6.5177396, 53.2487362], [-6.5178795, 53.2486782], [-6.5180525, 53.2486017], [-6.5181571, 53.2485536], [-6.5183695, 53.2485147], [-6.5185498, 53.2484783], [-6.5186659, 53.2484101], [-6.5187985, 53.2483708], [-6.518918, 53.2483146], [-6.5189545, 53.2482608], [-6.5190173, 53.2482283], [-6.5191645, 53.248195], [-6.519314, 53.2481278], [-6.5194089, 53.248073], [-6.5195652, 53.2479943], [-6.5196742, 53.2479688], [-6.5197798, 53.2479328], [-6.5198626, 53.2478827], [-6.5199204, 53.2478291], [-6.5202093, 53.2477924], [-6.5202721, 53.2477813], [-6.5205835, 53.2478281], [-6.5206741, 53.2478003], [-6.5207812, 53.2476833], [-6.5209074, 53.2476108], [-6.521036, 53.2475805], [-6.5212265, 53.2476092], [-6.5213604, 53.247625], [-6.5216051, 53.2475905], [-6.5219431, 53.2474997], [-6.5224281, 53.2473646], [-6.5226632, 53.2473835], [-6.5228613, 53.247305], [-6.5235671, 53.2471725], [-6.5238683, 53.2472241], [-6.5238799, 53.2472318], [-6.5239675, 53.2472899], [-6.5239228, 53.2473812], [-6.5238844, 53.2474752], [-6.5238692, 53.2476354], [-6.5239092, 53.2476797], [-6.5240408, 53.247729], [-6.524346, 53.2476805], [-6.5246022, 53.2476197], [-6.5247939, 53.2475877], [-6.5249083, 53.247658], [-6.5249978, 53.2476899], [-6.5251031, 53.2477199], [-6.5252674, 53.2477386], [-6.5253497, 53.2477713], [-6.5254815, 53.2478152], [-6.5255937, 53.2478509], [-6.5257714, 53.2479349], [-6.525932, 53.2480307], [-6.5261298, 53.2482432], [-6.5261919, 53.2483105], [-6.5266428, 53.2480308], [-6.5268996, 53.2478971], [-6.52715, 53.2477668], [-6.5272601, 53.2477095], [-6.5274214, 53.2476254], [-6.5276704, 53.2474966], [-6.5277958, 53.2474321], [-6.5279159, 53.2473704], [-6.5279917, 53.2473156], [-6.5280933, 53.2472421], [-6.5281802, 53.2471792], [-6.5282517, 53.2471275], [-6.528355, 53.2470185], [-6.5285346, 53.2468623], [-6.5308069, 53.2475716], [-6.5315647, 53.2478134], [-6.5321718, 53.2480247], [-6.5329204, 53.2483243], [-6.5326211, 53.248571], [-6.5314704, 53.2499825], [-6.532081, 53.2502182], [-6.5320035, 53.2503433], [-6.5322867, 53.2504232], [-6.5326982, 53.2505487], [-6.5331549, 53.2506969], [-6.5336072, 53.2508456], [-6.5335779, 53.2509067], [-6.533284, 53.2513268], [-6.5328937, 53.2518835], [-6.5326078, 53.2523391], [-6.5325155, 53.2524343], [-6.5326295, 53.2525335], [-6.532806, 53.25262], [-6.5328548, 53.2527324], [-6.5329219, 53.2528162], [-6.5333129, 53.2529388], [-6.5333663, 53.2530122], [-6.5333054, 53.2530662], [-6.5332196, 53.253201], [-6.5332229, 53.2532724], [-6.5332819, 53.2533815], [-6.5333832, 53.2534714], [-6.5336896, 53.2535484], [-6.53394, 53.2535743], [-6.5341871, 53.2535648], [-6.5344046, 53.2535659], [-6.5345779, 53.2536737], [-6.5348354, 53.253761], [-6.5351262, 53.2537799], [-6.5353761, 53.2537866], [-6.5356594, 53.2538123], [-6.5358903, 53.2539254], [-6.5358909, 53.2539299], [-6.5358644, 53.2539457], [-6.5354485, 53.2541831], [-6.5350574, 53.2544027], [-6.5347201, 53.254617], [-6.5341678, 53.2549681], [-6.5338563, 53.2551204], [-6.5335125, 53.2552801], [-6.5332636, 53.2553723], [-6.5328419, 53.2555148], [-6.532512, 53.2556227], [-6.5323181, 53.2556751], [-6.5318731, 53.2557715], [-6.5312694, 53.2559062], [-6.5309243, 53.2560269], [-6.5308876, 53.2560459], [-6.5304943, 53.2562495], [-6.5298837, 53.2565788], [-6.5295978, 53.2567413], [-6.5291276, 53.2570649], [-6.5289421, 53.2571967], [-6.5288458, 53.2572814], [-6.5286708, 53.2574631], [-6.5285966, 53.2575567], [-6.5284545, 53.2577358], [-6.528368, 53.2578624], [-6.5281131, 53.2582187], [-6.5279406, 53.2584351], [-6.5277613, 53.2586292], [-6.5274787, 53.258885], [-6.5273989, 53.2589774], [-6.5273213, 53.2590672], [-6.5271721, 53.2592784], [-6.5270399, 53.2595078], [-6.5269578, 53.2596379], [-6.5252734, 53.259052], [-6.5255069, 53.2585971], [-6.5250588, 53.2578865], [-6.5244989, 53.2569576], [-6.5241066, 53.2570678], [-6.5236699, 53.257226], [-6.5232329, 53.2574015], [-6.5227717, 53.257574], [-6.5221718, 53.2577983], [-6.5218033, 53.2579679], [-6.5215249, 53.2581446], [-6.5209933, 53.2585579], [-6.5207441, 53.2587776], [-6.5204711, 53.2591657], [-6.5201425, 53.2594954], [-6.5198415, 53.2597818], [-6.519075, 53.2606636], [-6.5179564, 53.2618428], [-6.5178061, 53.261922], [-6.5177054, 53.2619762], [-6.516695, 53.2619703], [-6.5162102, 53.2620224], [-6.5156092, 53.2617587], [-6.5153146, 53.2614921], [-6.514986, 53.2613862], [-6.5149131, 53.2611839], [-6.5145191, 53.2611451], [-6.5138496, 53.2610912], [-6.512648, 53.2611169], [-6.5111714, 53.260866], [-6.5107168, 53.2607318], [-6.5105668, 53.2625128], [-6.5089655, 53.2623173], [-6.5083819, 53.2625333], [-6.5075129, 53.263847], [-6.5065177, 53.2647466], [-6.5070693, 53.2649441], [-6.5076211, 53.2652239], [-6.5082123, 53.265589], [-6.50854, 53.26594], [-6.5089584, 53.2659554], [-6.509291, 53.2657854], [-6.50946, 53.2655897], [-6.5097444, 53.2654748], [-6.5102444, 53.2649886], [-6.51068, 53.2650477], [-6.5111135, 53.2646896], [-6.511798, 53.2645978], [-6.5120791, 53.2646947], [-6.5124868, 53.2646675], [-6.5133354, 53.2644143], [-6.5135811, 53.2641119], [-6.5143267, 53.2641229], [-6.5147806, 53.263811], [-6.5152854, 53.2637633], [-6.5155978, 53.2638718], [-6.5158888, 53.2639988], [-6.5161918, 53.2641196], [-6.5164743, 53.2641794], [-6.5166595, 53.2641996], [-6.5167585, 53.2642198], [-6.516823, 53.264297], [-6.5168848, 53.2644287], [-6.5170447, 53.2646139], [-6.5172947, 53.2648668], [-6.5181359, 53.2643576], [-6.5182794, 53.2644222], [-6.5201836, 53.2652796], [-6.5218401, 53.266142], [-6.5231386, 53.2670245], [-6.5235332, 53.2672189], [-6.5236731, 53.2674531], [-6.5239001, 53.267605], [-6.5251618, 53.267913], [-6.5255463, 53.2679398], [-6.5262518, 53.2677847], [-6.5269298, 53.2676764], [-6.5273572, 53.267529], [-6.5274802, 53.2675294], [-6.5277662, 53.2676459], [-6.5287469, 53.2682905], [-6.5293058, 53.2685526], [-6.5295822, 53.2685098], [-6.5296494, 53.2686434], [-6.5296746, 53.2687134], [-6.5296971, 53.2687757], [-6.529777, 53.2688995], [-6.5298183, 53.2689672], [-6.530214, 53.2694976], [-6.5305576, 53.2698827], [-6.5311188, 53.2705626], [-6.5312999, 53.2706603], [-6.5316057, 53.2708972], [-6.5335181, 53.2715776], [-6.5345191, 53.2726161], [-6.535857, 53.2730212], [-6.5366745, 53.2734995], [-6.5375231, 53.2740686], [-6.5382721, 53.2746858], [-6.5383046, 53.2747269], [-6.5393904, 53.2755469], [-6.5394922, 53.2755552], [-6.5417559, 53.2757406], [-6.5462131, 53.2752193], [-6.5452764, 53.2769184], [-6.5451538, 53.2771408], [-6.5446242, 53.2780565], [-6.5468919, 53.2794837], [-6.5464239, 53.2797712], [-6.545107, 53.2810147], [-6.5443535, 53.2816746], [-6.543886, 53.282084], [-6.5434006, 53.2822258], [-6.5418905, 53.2825208], [-6.5404142, 53.2828031], [-6.5401332, 53.2828817], [-6.5395816, 53.2830361], [-6.5389671, 53.2832576], [-6.5373606, 53.283879], [-6.5373047, 53.2839006], [-6.5367398, 53.2841049], [-6.536194, 53.2842907], [-6.535609, 53.284309], [-6.5345029, 53.2855359], [-6.5342806, 53.2857863], [-6.533831, 53.2863437], [-6.5337348, 53.2864825], [-6.5333134, 53.2870905], [-6.5331904, 53.2872783], [-6.5330888, 53.287292], [-6.5328695, 53.2873252], [-6.5326002, 53.28734], [-6.532043, 53.2873028], [-6.5318427, 53.28728], [-6.5316743, 53.2872666], [-6.5312586, 53.2872104], [-6.5311577, 53.2871947], [-6.5309585, 53.2871638], [-6.5309241, 53.2871617], [-6.5306457, 53.2871447], [-6.5306087, 53.2872214], [-6.5301086, 53.2880828], [-6.5295838, 53.2888712], [-6.5294287, 53.2891412], [-6.5290131, 53.2899607], [-6.5286349, 53.2907057], [-6.5285388, 53.2910183], [-6.5283695, 53.2919354], [-6.5283575, 53.2920678], [-6.5283874, 53.2922478], [-6.5282461, 53.2930466], [-6.5281268, 53.2936514], [-6.5279503, 53.2946586], [-6.5279198, 53.2948327], [-6.5277391, 53.2954992], [-6.5275927, 53.2960686], [-6.5273553, 53.2968937], [-6.5272748, 53.2973331], [-6.5271303, 53.2978045], [-6.5270297, 53.2984826], [-6.52678, 53.2995664], [-6.5267739, 53.2997472], [-6.5266763, 53.2998424], [-6.5265076, 53.2998832], [-6.5264148, 53.2999078], [-6.526363, 53.2999377], [-6.5266777, 53.3003754], [-6.5271883, 53.3009919], [-6.5279276, 53.3016449], [-6.5285438, 53.3019218], [-6.5297779, 53.3022717], [-6.5314419, 53.3028186], [-6.5352397, 53.3040628], [-6.5382141, 53.3049972], [-6.5393139, 53.3053413], [-6.5403984, 53.3056801], [-6.5406282, 53.3057519], [-6.5406947, 53.3057845], [-6.5408675, 53.3058692], [-6.5410602, 53.3059636], [-6.5415513, 53.3062852], [-6.5418734, 53.3065132], [-6.5420318, 53.3066458], [-6.5422882, 53.3068234], [-6.5423863, 53.3068822], [-6.5424985, 53.3069443], [-6.5424178, 53.3069812], [-6.5423558, 53.3070104], [-6.5422051, 53.3070818], [-6.5419344, 53.3072082], [-6.5415243, 53.3073868], [-6.5408364, 53.3077085], [-6.5395254, 53.3082925], [-6.5383179, 53.308867], [-6.5373467, 53.3092999], [-6.5364598, 53.3097029], [-6.5353503, 53.3102114], [-6.5340034, 53.3108324], [-6.5331537, 53.3112241], [-6.5316212, 53.311933], [-6.5303111, 53.3125313], [-6.5291498, 53.313068], [-6.5286254, 53.3133238], [-6.5280944, 53.3135689], [-6.5282304, 53.3137171], [-6.5283615, 53.3137944], [-6.5285463, 53.3138549], [-6.5288204, 53.3139566], [-6.5290955, 53.3140145], [-6.5293047, 53.314091], [-6.5294197, 53.31412], [-6.5295642, 53.3141417], [-6.5297367, 53.3141989], [-6.5298811, 53.3142584], [-6.5300706, 53.3143035], [-6.5302631, 53.3143449], [-6.5303335, 53.3144036], [-6.530353, 53.3144599], [-6.5303662, 53.314539], [-6.5304102, 53.3146208], [-6.5304849, 53.3146691], [-6.5305896, 53.3148084], [-6.5307264, 53.3149664], [-6.5307439, 53.315012], [-6.530725, 53.3151233], [-6.5308093, 53.3151929], [-6.5310307, 53.3153345], [-6.5312241, 53.3154303], [-6.5314258, 53.3155294], [-6.5315239, 53.315622], [-6.5315657, 53.3156984], [-6.5314693, 53.3157677], [-6.5312433, 53.316039], [-6.5310968, 53.3161734], [-6.5310608, 53.3162747], [-6.5310817, 53.316369], [-6.5311196, 53.3164522], [-6.531069, 53.3165858], [-6.5309688, 53.3167396], [-6.5308895, 53.3169156], [-6.5308581, 53.3170403], [-6.5307551, 53.3172464], [-6.5307456, 53.317288], [-6.530805, 53.3173375], [-6.5310118, 53.317395], [-6.531023, 53.3174301], [-6.5307959, 53.3175577], [-6.5305475, 53.3176714], [-6.530353, 53.3177573], [-6.5301986, 53.3177599], [-6.5292599, 53.3182259], [-6.5290892, 53.3182918], [-6.5279043, 53.3188637], [-6.527803, 53.3189374], [-6.5276946, 53.3190384], [-6.5273164, 53.3197119], [-6.5272088, 53.319855], [-6.524756, 53.3222227], [-6.5246175, 53.3222906], [-6.5210547, 53.3230849], [-6.5201087, 53.3244586], [-6.5198916, 53.3247889], [-6.5181185, 53.3250994], [-6.5176942, 53.3251184], [-6.5175778, 53.3250666], [-6.5171303, 53.3248279], [-6.5158205, 53.3241593], [-6.5152889, 53.3238938], [-6.5148936, 53.3236723], [-6.5146162, 53.323524], [-6.514445, 53.32347], [-6.5142151, 53.3234529], [-6.514114, 53.3235156], [-6.5136175, 53.3237478], [-6.5135274, 53.3237332], [-6.5131398, 53.3236589], [-6.5126377, 53.3236055], [-6.511901, 53.3234674], [-6.5118468, 53.3233668], [-6.5117396, 53.3233401], [-6.5113158, 53.3233299], [-6.5112586, 53.3233734], [-6.5111048, 53.323549], [-6.5109761, 53.3236724], [-6.5108554, 53.3237206], [-6.5106325, 53.3238024], [-6.5105151, 53.3238698], [-6.510377, 53.3239739], [-6.510322, 53.3240502], [-6.510239, 53.3240861], [-6.51011, 53.3241128], [-6.5098875, 53.3241664], [-6.509612, 53.3242033], [-6.5094476, 53.3241804], [-6.5092263, 53.3241862], [-6.5087685, 53.3242662], [-6.5084477, 53.3239904], [-6.5074347, 53.3240254], [-6.5069203, 53.3240385], [-6.5066325, 53.3241157], [-6.5063755, 53.3241988], [-6.5061411, 53.3243131], [-6.5060169, 53.3243807], [-6.5058171, 53.3244714], [-6.5056453, 53.3245565], [-6.5055256, 53.3246292], [-6.5053686, 53.3245782], [-6.5049032, 53.3244414], [-6.5046569, 53.3243715], [-6.5038761, 53.3242815], [-6.5042187, 53.3236336], [-6.5050489, 53.3226538], [-6.5019363, 53.3216618], [-6.5014643, 53.321467], [-6.5013417, 53.3212695], [-6.5012669, 53.3211491], [-6.5009922, 53.3210466], [-6.5002174, 53.3219932], [-6.4994573, 53.3233851], [-6.4993614, 53.3248249], [-6.4989323, 53.3255273], [-6.4985544, 53.3265193], [-6.4979929, 53.3271248], [-6.4978584, 53.3273025], [-6.4977752, 53.3274123], [-6.4973645, 53.327674], [-6.4970019, 53.3280767], [-6.4970445, 53.3281946], [-6.4967488, 53.3285404], [-6.4965255, 53.3287157], [-6.496212, 53.3290211], [-6.4960069, 53.329152], [-6.495803, 53.3292822], [-6.495551, 53.3293537], [-6.494702, 53.3297808], [-6.4944984, 53.3299537], [-6.4940423, 53.3301398], [-6.4936476, 53.3302855], [-6.4933854, 53.3304214], [-6.4937218, 53.330569], [-6.4939324, 53.3306321], [-6.4941499, 53.3307261], [-6.4944988, 53.3308567], [-6.4951375, 53.3310065], [-6.4951809, 53.3310979], [-6.4951852, 53.3313576], [-6.4950527, 53.3324115], [-6.4944262, 53.3328215], [-6.493997, 53.3330265], [-6.4934219, 53.3334007], [-6.4932503, 53.3337954], [-6.493095, 53.3340978], [-6.493008, 53.3342333], [-6.4929588, 53.3343847], [-6.4926394, 53.3343706], [-6.4916195, 53.3341234], [-6.4910616, 53.334723], [-6.4906324, 53.335456], [-6.4906398, 53.3355276], [-6.4906925, 53.3360351], [-6.4904007, 53.3366194], [-6.489757, 53.3370396], [-6.4890961, 53.3375214], [-6.4894995, 53.3380339], [-6.4902977, 53.3385258], [-6.4908127, 53.3381671], [-6.4923212, 53.3378378], [-6.4924998, 53.3378745], [-6.4925426, 53.3381238], [-6.4925465, 53.3384746], [-6.492517, 53.3387891], [-6.4926269, 53.338998], [-6.4934808, 53.3401942], [-6.4934536, 53.3402798], [-6.4934251, 53.3403531], [-6.493393, 53.3404313], [-6.4933589, 53.3405114], [-6.4933103, 53.3406], [-6.4932574, 53.3406699], [-6.4931807, 53.340754], [-6.4930564, 53.3408623], [-6.4929914, 53.3409034], [-6.4930298, 53.3409261], [-6.4929215, 53.3410939], [-6.4934561, 53.3410986], [-6.4935001, 53.3411653], [-6.4935759, 53.3412801], [-6.4938585, 53.3414568], [-6.4941705, 53.341595], [-6.4948124, 53.3414161], [-6.4956879, 53.3412265], [-6.4964003, 53.3411445], [-6.496426, 53.3414828], [-6.4962544, 53.341862], [-6.4962029, 53.3421489], [-6.4966835, 53.3424257], [-6.4973015, 53.3425691], [-6.4977993, 53.3430047], [-6.4980568, 53.34343], [-6.4983486, 53.3440449], [-6.4984173, 53.3449263], [-6.4986919, 53.3460126], [-6.4987199, 53.346101], [-6.4987858, 53.3461623], [-6.4981732, 53.3463756], [-6.4979082, 53.346619], [-6.4972913, 53.3470603], [-6.4965091, 53.3476021], [-6.4937035, 53.3501351], [-6.4930695, 53.3516779], [-6.4929353, 53.3524214], [-6.4931156, 53.3533378], [-6.49502, 53.3533525], [-6.4948901, 53.3534102], [-6.4942106, 53.3537154], [-6.4938223, 53.3540823], [-6.4935634, 53.3542832], [-6.4929744, 53.3548356], [-6.492858, 53.3551407], [-6.4924243, 53.3557704], [-6.4922431, 53.3560832], [-6.4918807, 53.356597], [-6.4915959, 53.3570219], [-6.4912529, 53.3576206], [-6.4913177, 53.3579643], [-6.49124, 53.3584394], [-6.4910458, 53.3588797], [-6.491007, 53.359096], [-6.4909746, 53.359405], [-6.4908696, 53.3599862], [-6.4907173, 53.3605261], [-6.4906733, 53.3606599], [-6.4905049, 53.3610608], [-6.4900465, 53.3616925], [-6.4895971, 53.3622361], [-6.489374, 53.36292], [-6.4891773, 53.3630425], [-6.4889756, 53.3631056], [-6.4887248, 53.3631689], [-6.4885429, 53.3631988], [-6.4884669, 53.3632123], [-6.4880721, 53.3632606], [-6.487598, 53.3632577], [-6.4872647, 53.3632094], [-6.4865856, 53.3630887], [-6.4863151, 53.3630478], [-6.4860634, 53.3630068], [-6.485606, 53.3629787], [-6.4846653, 53.3629549], [-6.482963, 53.3629655], [-6.4814861, 53.3629019], [-6.4808342, 53.3629235], [-6.4799411, 53.3629531], [-6.4787824, 53.3629531], [-6.4774091, 53.3628763], [-6.4761646, 53.3629019], [-6.475802, 53.3629019], [-6.4749954, 53.3629408], [-6.4750377, 53.3634804], [-6.4750247, 53.3644848], [-6.4745149, 53.3648107], [-6.473899, 53.3651063], [-6.4737415, 53.3652341], [-6.4735502, 53.3655404], [-6.4734211, 53.3659516], [-6.4733186, 53.3664229], [-6.4731881, 53.3668321], [-6.473092, 53.367096], [-6.4730736, 53.3672754], [-6.4730771, 53.3676561], [-6.473085, 53.3677744], [-6.4731051, 53.3681753], [-6.4731267, 53.3684506], [-6.4731246, 53.368947], [-6.4730706, 53.3704433], [-6.4725674, 53.3717741], [-6.4723386, 53.3723924], [-6.472164, 53.3727317], [-6.4721462, 53.37282], [-6.4719686, 53.3733212], [-6.4719081, 53.3734408], [-6.4718286, 53.3736219], [-6.4720286, 53.3736865], [-6.4720389, 53.3737556], [-6.4720093, 53.3738468], [-6.4713741, 53.3758017], [-6.4711646, 53.3763906], [-6.470816, 53.3772493], [-6.470482, 53.378082], [-6.4700078, 53.3793911], [-6.4699504, 53.3794514], [-6.4689325, 53.3803007], [-6.4689265, 53.3803057], [-6.4687877, 53.3804196], [-6.4680706, 53.3819162], [-6.4675372, 53.3830293], [-6.4668841, 53.3843923], [-6.4665378, 53.3849833], [-6.4661136, 53.3849033], [-6.465672, 53.3848067], [-6.4654401, 53.3847522], [-6.4651192, 53.3846769], [-6.4639208, 53.384197], [-6.4633648, 53.3840519], [-6.462619, 53.3854225], [-6.4623582, 53.3858249], [-6.462152, 53.3861892], [-6.4620783, 53.3863195], [-6.4618713, 53.3866859], [-6.4618465, 53.3867298], [-6.4617555, 53.3867457], [-6.4614161, 53.3871964], [-6.46065, 53.3878836], [-6.4602836, 53.3882469], [-6.4601259, 53.3884032], [-6.4599693, 53.3884342], [-6.4594991, 53.3886716], [-6.4594813, 53.3887068], [-6.4594209, 53.3888121], [-6.4590613, 53.3890003], [-6.4585206, 53.3892818], [-6.457791, 53.3894353], [-6.4577513, 53.3894931], [-6.4574048, 53.3899984], [-6.4569756, 53.3905256], [-6.4563147, 53.3909351], [-6.4551989, 53.3912013], [-6.4550693, 53.3912593], [-6.454988, 53.3912957], [-6.4542844, 53.3916105], [-6.4533278, 53.3918564], [-6.4528007, 53.3918355], [-6.4526376, 53.3918449], [-6.4524008, 53.3918155], [-6.4516681, 53.39133], [-6.4515564, 53.3912856], [-6.4513589, 53.3914051], [-6.4510603, 53.3915296], [-6.4509872, 53.3916684], [-6.4508885, 53.3918476], [-6.4508275, 53.3920649], [-6.4508449, 53.3921697], [-6.4508046, 53.3922925], [-6.4507244, 53.3924303], [-6.4506998, 53.392482], [-6.4506213, 53.3925819], [-6.4504805, 53.3926896], [-6.4502873, 53.3928598], [-6.4501886, 53.3929629], [-6.4500029, 53.3931743], [-6.4498038, 53.3933127], [-6.4496305, 53.3934603], [-6.4494728, 53.3935434], [-6.4493032, 53.3936009], [-6.4490366, 53.3936354], [-6.4489871, 53.3936427], [-6.4489375, 53.3936521], [-6.4488309, 53.3936712], [-6.4486082, 53.3936663], [-6.4484217, 53.3936783], [-6.4481384, 53.3936247], [-6.4480811, 53.3936227], [-6.4481029, 53.3937076], [-6.4481254, 53.3937782], [-6.4480839, 53.3937954], [-6.4479816, 53.3938261], [-6.4476512, 53.3939071], [-6.4474239, 53.3939468], [-6.4472025, 53.3939919], [-6.4470355, 53.3940612], [-6.4469186, 53.3941018], [-6.4468017, 53.3942335], [-6.4466957, 53.3943885], [-6.4467203, 53.3944319], [-6.4470685, 53.3945201], [-6.4474106, 53.3945276], [-6.4474646, 53.394595], [-6.4474641, 53.3946448], [-6.4474108, 53.3947199], [-6.4472976, 53.3948383], [-6.4471512, 53.3949762], [-6.4470551, 53.3950547], [-6.4468776, 53.3951713], [-6.4466776, 53.3952781], [-6.4464656, 53.3954175], [-6.4462609, 53.3955968], [-6.4460904, 53.3957927], [-6.4458921, 53.3960582], [-6.4457482, 53.3962454], [-6.4452575, 53.3967121], [-6.4445476, 53.3974949], [-6.4441608, 53.3980924], [-6.4440991, 53.3982339], [-6.4438935, 53.3989303], [-6.4436222, 53.3994689], [-6.4435703, 53.3995728], [-6.4434594, 53.3997035], [-6.4432651, 53.3996469], [-6.4430637, 53.3996177], [-6.4427205, 53.399568], [-6.4423827, 53.399551], [-6.4419725, 53.3995654], [-6.4415387, 53.3995698], [-6.4411597, 53.3996311], [-6.4407622, 53.3997436], [-6.4404293, 53.3998344], [-6.4399233, 53.3999982], [-6.4396091, 53.4000999], [-6.4399846, 53.4005024], [-6.4405001, 53.4010548], [-6.4405224, 53.4011079], [-6.4405209, 53.4011296], [-6.4402737, 53.4011807], [-6.4399814, 53.4012195], [-6.4397246, 53.4012545], [-6.4398019, 53.4013528], [-6.439931, 53.4015052], [-6.4401811, 53.4017028], [-6.4403773, 53.4018193], [-6.440568, 53.401942], [-6.4410277, 53.4021978], [-6.4410848, 53.4022581], [-6.4410443, 53.4023442], [-6.4410248, 53.4024949], [-6.440867, 53.402554], [-6.4405293, 53.4026411], [-6.440276, 53.4027775], [-6.4402148, 53.4028599], [-6.4401543, 53.4030009], [-6.4401, 53.4031228], [-6.4400145, 53.4032305], [-6.4399445, 53.403383], [-6.4398284, 53.4034975], [-6.4396599, 53.4035473], [-6.4395443, 53.4036225], [-6.4393939, 53.4036432], [-6.4400391, 53.4045741], [-6.4405557, 53.4054828], [-6.4406892, 53.4056554], [-6.4410692, 53.4063327], [-6.4410132, 53.4063672], [-6.4405253, 53.4065898], [-6.4400889, 53.4067699], [-6.4397506, 53.4069432], [-6.4393942, 53.4071394], [-6.4390923, 53.4073717], [-6.4388765, 53.4075129], [-6.4389264, 53.4076791], [-6.4392019, 53.4080138], [-6.4393773, 53.4083171], [-6.4389971, 53.4084251], [-6.4387477, 53.4085585], [-6.4384282, 53.4087378], [-6.4382202, 53.4088194], [-6.4378288, 53.408973], [-6.4375656, 53.409153], [-6.4374596, 53.4092254], [-6.4373136, 53.4093252], [-6.4371063, 53.4095464], [-6.436771, 53.4096854], [-6.4362658, 53.4098455], [-6.4360129, 53.4099758], [-6.4359437, 53.4100377], [-6.4351688, 53.4098657], [-6.4345378, 53.4097368], [-6.4339206, 53.4096315], [-6.4335781, 53.4100921], [-6.4333814, 53.4103567], [-6.4333704, 53.4104225], [-6.4334703, 53.4105353], [-6.4339343, 53.4107161], [-6.4346661, 53.4110459], [-6.435023, 53.4111629], [-6.4351837, 53.4111289], [-6.4352408, 53.4110331], [-6.4352693, 53.410997], [-6.435512, 53.4110225], [-6.4359011, 53.4110034], [-6.4362652, 53.4109842], [-6.4363937, 53.4110289], [-6.436433, 53.4111842], [-6.4365293, 53.4111927], [-6.4366221, 53.4111353], [-6.4367863, 53.4110055], [-6.4369862, 53.411014], [-6.437129, 53.4110693], [-6.4371433, 53.4112204], [-6.4372254, 53.4113906], [-6.4373682, 53.4114416], [-6.4376965, 53.4114033], [-6.4379428, 53.4114587], [-6.4382399, 53.4116504], [-6.4381865, 53.4118491], [-6.4381622, 53.4120071], [-6.4381396, 53.4121746], [-6.4381344, 53.4122132], [-6.4379924, 53.412257], [-6.4376927, 53.412335], [-6.4374656, 53.4124027], [-6.4372132, 53.412478], [-6.4370163, 53.412505], [-6.4367159, 53.4124674], [-6.4364761, 53.4124238], [-6.4363399, 53.4124057], [-6.4360824, 53.4123847], [-6.4358477, 53.4123937], [-6.4355599, 53.4124404], [-6.4352798, 53.412499], [-6.435117, 53.4125297], [-6.4350877, 53.4125352], [-6.4348342, 53.4125817], [-6.4346781, 53.4126035], [-6.4345302, 53.4126253], [-6.4344912, 53.4126616], [-6.4344653, 53.4127503], [-6.43451, 53.4128669], [-6.4344648, 53.4130395], [-6.4343538, 53.4132058], [-6.4342507, 53.4133836], [-6.4342657, 53.4135278], [-6.4342288, 53.4136433], [-6.4341921, 53.4137323], [-6.4340969, 53.4138628], [-6.4339549, 53.4140132], [-6.4338364, 53.4141253], [-6.4335425, 53.4142781], [-6.4333751, 53.4144166], [-6.4332876, 53.4145143], [-6.4331324, 53.4145979], [-6.4329752, 53.414659], [-6.4325514, 53.4147323], [-6.4321614, 53.41476], [-6.4318303, 53.4147812], [-6.4313848, 53.4146733], [-6.4309554, 53.4146203], [-6.4306376, 53.4145775], [-6.4302777, 53.4145104], [-6.4297221, 53.4144258], [-6.4291752, 53.4143108], [-6.4290153, 53.4148296], [-6.4282873, 53.4149586], [-6.4275349, 53.4151055], [-6.4267937, 53.4152791], [-6.4260769, 53.4154881], [-6.4243392, 53.4159066], [-6.42233, 53.4165189], [-6.421912, 53.4166283], [-6.4212421, 53.4168253], [-6.4211338, 53.4169505], [-6.4213658, 53.417877], [-6.4213935, 53.4184272], [-6.4214061, 53.4188762], [-6.421412, 53.4193194], [-6.4214049, 53.4197422], [-6.4213135, 53.4201091], [-6.4213618, 53.4203631], [-6.4219016, 53.4209382], [-6.4221665, 53.4212545], [-6.4221253, 53.4217878], [-6.4216916, 53.4222947], [-6.4216199, 53.4225883], [-6.4217515, 53.4232471], [-6.4216344, 53.4233304], [-6.4211871, 53.4236612], [-6.4211386, 53.4239134], [-6.4211988, 53.4242043], [-6.4210735, 53.4242155], [-6.420653, 53.424281], [-6.4202607, 53.4243059], [-6.4201743, 53.4243067], [-6.4199694, 53.4243086], [-6.4196075, 53.4242395], [-6.4192702, 53.4242142], [-6.4189767, 53.4242142], [-6.4186269, 53.4242725], [-6.4182621, 53.4242695], [-6.4180303, 53.4242902], [-6.4179299, 53.4243339], [-6.4178506, 53.424431], [-6.4178256, 53.4245802], [-6.4175562, 53.4253117], [-6.417505, 53.425609], [-6.4175124, 53.4257183], [-6.4176248, 53.4258599], [-6.4178025, 53.4260095], [-6.4181964, 53.4261637], [-6.4184033, 53.4262931], [-6.418293, 53.4264583], [-6.4182477, 53.426926], [-6.4182647, 53.4272444], [-6.4181922, 53.4274228], [-6.4180764, 53.4276615], [-6.417877, 53.4279395], [-6.4177915, 53.428211], [-6.4176129, 53.4285505], [-6.4173325, 53.4290526], [-6.4171011, 53.4292265], [-6.416155, 53.4296276], [-6.4156091, 53.4299025], [-6.4152686, 53.4299724], [-6.4152498, 53.4302339], [-6.4152406, 53.4304198], [-6.4152938, 53.4307112], [-6.4153394, 53.4309593], [-6.4153806, 53.4311331], [-6.4155032, 53.4312796], [-6.4157465, 53.4314954], [-6.4159453, 53.4317521], [-6.4161298, 53.4320597], [-6.4163195, 53.4322843], [-6.4165723, 53.4325191], [-6.4167722, 53.432651], [-6.417136, 53.4328096], [-6.4173998, 53.4329711], [-6.4174723, 53.4330609], [-6.4174682, 53.4331906], [-6.4175229, 53.4332324], [-6.4175809, 53.4332767], [-6.417768, 53.4333054], [-6.4182689, 53.4336506], [-6.4183788, 53.4337673], [-6.418931, 53.4345803], [-6.419642, 53.4348537], [-6.4196112, 53.435013], [-6.4193785, 53.435246], [-6.4191297, 53.435504], [-6.4190166, 53.4356772], [-6.4188966, 53.4357286], [-6.4186892, 53.4357233], [-6.4184869, 53.4357275], [-6.4182533, 53.4357254], [-6.4180475, 53.4356776], [-6.4179127, 53.4356292], [-6.4177965, 53.4355737], [-6.4176744, 53.4355322], [-6.4175418, 53.4355146], [-6.4173466, 53.435528], [-6.4171551, 53.4355208], [-6.4169177, 53.4354865], [-6.4167154, 53.4354387], [-6.4165417, 53.4353788], [-6.4162935, 53.4353286], [-6.4159933, 53.4352758], [-6.4156789, 53.4362608], [-6.4155481, 53.4365427], [-6.4148098, 53.4366782], [-6.4136156, 53.437967], [-6.4133421, 53.4384817], [-6.4128937, 53.4383916], [-6.4124506, 53.4393323], [-6.4123142, 53.4395542], [-6.4120332, 53.4399235], [-6.4117786, 53.4401735], [-6.4116296, 53.4402021], [-6.4114543, 53.4403231], [-6.4114388, 53.4403338], [-6.4112537, 53.4404355], [-6.4108241, 53.4405882], [-6.4106908, 53.4406892], [-6.4105459, 53.4407682], [-6.4102638, 53.4408155], [-6.4099137, 53.44082], [-6.4094389, 53.440792], [-6.4089252, 53.4407608], [-6.4082815, 53.4407398], [-6.4075224, 53.4407089], [-6.4073306, 53.4406909], [-6.4069846, 53.4406079], [-6.406582, 53.4405133], [-6.4061807, 53.4404599], [-6.4056424, 53.4403726], [-6.4053904, 53.4403308], [-6.4052523, 53.4402803], [-6.4051604, 53.4402176], [-6.4049882, 53.4401042], [-6.4048574, 53.4400364], [-6.4047048, 53.4399454], [-6.4045255, 53.4398778], [-6.4043414, 53.4398242], [-6.4041403, 53.4397896], [-6.4038253, 53.4397463], [-6.4033173, 53.4396227], [-6.4030064, 53.4395284], [-6.4026672, 53.439397], [-6.4022391, 53.4392191], [-6.4018071, 53.4390723], [-6.4013541, 53.4389309], [-6.4009853, 53.4388637], [-6.4007896, 53.4388645], [-6.4006224, 53.4388313], [-6.4003244, 53.4387231], [-6.3999876, 53.4386091], [-6.3997381, 53.4385297], [-6.3994318, 53.4384741], [-6.398476, 53.43821], [-6.3971443, 53.4377932], [-6.396563, 53.4377071], [-6.3965429, 53.4377256], [-6.3964755, 53.4377876], [-6.3964286, 53.4378323], [-6.3963494, 53.4379747], [-6.3962586, 53.4381953], [-6.3961427, 53.4384847], [-6.3960524, 53.4386789], [-6.3959358, 53.4389296], [-6.3958914, 53.439043], [-6.3958378, 53.4392794], [-6.3957734, 53.4395414], [-6.3957439, 53.4397931], [-6.3956966, 53.4401507], [-6.3956557, 53.4403765], [-6.3956232, 53.4404322], [-6.3955421, 53.4405505], [-6.3954921, 53.440538], [-6.3948595, 53.4403411], [-6.3944219, 53.4401704], [-6.3940604, 53.4400124], [-6.3939957, 53.4399842], [-6.3932163, 53.4397297], [-6.393108, 53.4396972], [-6.3924918, 53.4395123], [-6.3924279, 53.4394931], [-6.3923136, 53.4394561], [-6.39074, 53.438947], [-6.3905903, 53.4388663], [-6.3890625, 53.4384215], [-6.3885322, 53.4383097], [-6.3876158, 53.4381166], [-6.3871187, 53.4380118], [-6.3870654, 53.4381551], [-6.3870276, 53.4383841], [-6.3869668, 53.4384994], [-6.3869008, 53.4386111], [-6.38678, 53.4386645], [-6.3865586, 53.4386974], [-6.3863124, 53.4387186], [-6.3860342, 53.4387949], [-6.38588, 53.4389504], [-6.3857443, 53.4391508], [-6.3855754, 53.4393393], [-6.3854728, 53.4395115], [-6.3853248, 53.4396672], [-6.3850727, 53.4397553], [-6.384902, 53.4398239], [-6.3847466, 53.4398296], [-6.3846338, 53.44003], [-6.384618, 53.4400668], [-6.3845697, 53.4401234], [-6.3845371, 53.4403088], [-6.3842795, 53.4406202], [-6.3838779, 53.4409106], [-6.3834763, 53.4411334], [-6.3831261, 53.4413134], [-6.3824328, 53.4414859], [-6.3821581, 53.4415696], [-6.3819872, 53.4416538], [-6.3816375, 53.4418261], [-6.3813237, 53.4419478], [-6.381279, 53.4419609], [-6.3810621, 53.4421903], [-6.3809794, 53.442405], [-6.3808175, 53.4426963], [-6.3806888, 53.4429187], [-6.3805675, 53.4430286], [-6.3802383, 53.4430746], [-6.3799718, 53.4431587], [-6.3794001, 53.4432868], [-6.3791341, 53.4433634], [-6.3789152, 53.4434683], [-6.3785161, 53.443798], [-6.3779667, 53.4441943], [-6.3777539, 53.4443396], [-6.3776337, 53.4443907], [-6.3774578, 53.4444086], [-6.3769668, 53.4444013], [-6.3760442, 53.4443859], [-6.3757372, 53.444383], [-6.3755999, 53.4443882], [-6.3755206, 53.4444473], [-6.3753124, 53.4446897], [-6.3751429, 53.4447718], [-6.3747932, 53.4447894], [-6.3742803, 53.4447821], [-6.3738539, 53.4447871], [-6.3734661, 53.4447827], [-6.3725446, 53.4447715], [-6.3723633, 53.4447637], [-6.3722232, 53.4447576], [-6.3721796, 53.4447557], [-6.3720125, 53.4447485], [-6.3716692, 53.4447331], [-6.3705362, 53.4446539], [-6.3689741, 53.4445798], [-6.3675493, 53.4445133], [-6.3655967, 53.4444724], [-6.3652634, 53.4444648], [-6.3651932, 53.4443887], [-6.3649744, 53.4445395], [-6.3648086, 53.4445958], [-6.3646182, 53.4446111], [-6.364431, 53.4446443], [-6.3643194, 53.4446852], [-6.3641719, 53.4447619], [-6.3638628, 53.4449766], [-6.3637015, 53.4450992], [-6.3635599, 53.4451708], [-6.3633608, 53.4452373], [-6.3631995, 53.4452628], [-6.3630303, 53.4452552], [-6.3626331, 53.4452449], [-6.3624638, 53.4452654], [-6.3620561, 53.4453574], [-6.361702, 53.4454672], [-6.3612236, 53.4455721], [-6.3609855, 53.4456461], [-6.3606915, 53.4457996], [-6.360492, 53.4459451], [-6.3602989, 53.4460422], [-6.3600777, 53.4461166], [-6.3597626, 53.4461547], [-6.3594255, 53.4461293], [-6.3591533, 53.446101], [-6.358883, 53.4460729], [-6.3586727, 53.4460269], [-6.358507, 53.4459888], [-6.3582066, 53.4459913], [-6.3579819, 53.4460243], [-6.3578231, 53.4460703], [-6.3576488, 53.4461625], [-6.3574256, 53.4463261], [-6.3572954, 53.4465016], [-6.3571381, 53.4465121], [-6.356995, 53.4465169], [-6.3568333, 53.4465351], [-6.3567075, 53.4466013], [-6.3565887, 53.4466066], [-6.3565016, 53.4466498], [-6.35642, 53.446706], [-6.3563385, 53.4468057], [-6.356257, 53.4468466], [-6.3559773, 53.4468674], [-6.3551419, 53.4470036], [-6.3549977, 53.4470337], [-6.3548249, 53.4470616], [-6.3546565, 53.4470919], [-6.3545149, 53.4471583], [-6.3543829, 53.4472482], [-6.3541073, 53.4474164], [-6.3539323, 53.4475089], [-6.3536739, 53.4476337], [-6.353468, 53.447695], [-6.3532928, 53.4477261], [-6.3530107, 53.4478046], [-6.3533251, 53.4478187], [-6.353574, 53.4478621], [-6.3538112, 53.4479684], [-6.3538713, 53.4480706], [-6.3539344, 53.4482047], [-6.3540932, 53.4483758], [-6.3542618, 53.448505], [-6.3544151, 53.4486775], [-6.3545621, 53.4488219], [-6.3546694, 53.4489395], [-6.3547112, 53.4490506], [-6.3546694, 53.4491745], [-6.3544452, 53.4494109], [-6.3542777, 53.4496256], [-6.3541674, 53.4497929], [-6.3540932, 53.4499451], [-6.3540761, 53.4501214], [-6.3541631, 53.4502631], [-6.3543464, 53.4504434], [-6.3546125, 53.4506555], [-6.354733, 53.4507466], [-6.3552268, 53.4511239], [-6.3555266, 53.4513436], [-6.3556932, 53.4514692], [-6.3556543, 53.4515152], [-6.3555321, 53.4516599], [-6.3552873, 53.4519213], [-6.3552046, 53.4520096], [-6.3546478, 53.4526043], [-6.3545471, 53.4527203], [-6.3547251, 53.4530226], [-6.354691, 53.4534887], [-6.3545706, 53.4562765], [-6.3543388, 53.4568488], [-6.3547422, 53.4577176], [-6.3549605, 53.4581524], [-6.3551113, 53.4588777], [-6.3552401, 53.4593274], [-6.3552128, 53.4594915], [-6.3550512, 53.4604619], [-6.3547449, 53.4605932], [-6.354768, 53.4612948], [-6.3543163, 53.4620276], [-6.3546857, 53.4620873], [-6.354817, 53.4621121], [-6.3550198, 53.4621765], [-6.354384, 53.4629376], [-6.354313, 53.4630689], [-6.354085, 53.4636033], [-6.3540441, 53.4637863], [-6.3540728, 53.4639264], [-6.3535749, 53.4642994], [-6.3533861, 53.4646316], [-6.3529999, 53.4654593], [-6.351412, 53.4655769], [-6.3515665, 53.4660009], [-6.3508589, 53.4671499], [-6.3505108, 53.4678097], [-6.3505108, 53.4685045], [-6.350382, 53.4689133], [-6.3504078, 53.4693731], [-6.3502451, 53.4694686], [-6.3499585, 53.4695115], [-6.3495864, 53.4701429], [-6.3495495, 53.4703131], [-6.3486912, 53.4714626], [-6.348262, 53.4723056], [-6.3473865, 53.4725968], [-6.3475925, 53.4735061], [-6.3469922, 53.473526], [-6.3463308, 53.4743848], [-6.3459875, 53.4751511], [-6.3447601, 53.4749621], [-6.3441851, 53.4751562], [-6.3437988, 53.4751562], [-6.3432667, 53.4752277], [-6.3428976, 53.4755138], [-6.3424684, 53.4756364], [-6.3419964, 53.4757283], [-6.3421852, 53.4762647], [-6.3417561, 53.4762391], [-6.3413097, 53.4763669], [-6.3406327, 53.4764541], [-6.3402868, 53.4764742], [-6.3403039, 53.4770361], [-6.3391881, 53.4769186], [-6.3380552, 53.4775469], [-6.337729, 53.4782621], [-6.3381582, 53.4789619], [-6.3379865, 53.4798302], [-6.3388448, 53.4803308], [-6.3394714, 53.4808824], [-6.3394456, 53.4818222], [-6.3379865, 53.4823636], [-6.3375658, 53.4822906], [-6.3369565, 53.4821848], [-6.3363815, 53.4825934], [-6.3357549, 53.4827569], [-6.335609, 53.4831961], [-6.3350559, 53.4833473], [-6.3344674, 53.4833596], [-6.3344275, 53.4836757], [-6.3342066, 53.4838378], [-6.3332649, 53.4842808], [-6.3325589, 53.4844995], [-6.3324676, 53.4847232], [-6.3322359, 53.4851573], [-6.3317066, 53.4855164], [-6.3314378, 53.4857068], [-6.3316295, 53.4858583], [-6.331625, 53.4858746], [-6.3316049, 53.4859474], [-6.3314891, 53.4863677], [-6.3320041, 53.4869959], [-6.3310943, 53.4882471], [-6.3311801, 53.4888854], [-6.3308883, 53.4893195], [-6.3298927, 53.4899731], [-6.3294635, 53.4907902], [-6.3304763, 53.4915766], [-6.33061, 53.4916615], [-6.3368428, 53.4903734], [-6.3372655, 53.4904532], [-6.3384414, 53.4913008], [-6.339643, 53.4914132], [-6.3410206, 53.4940302], [-6.3427372, 53.49643], [-6.3436213, 53.4976145], [-6.3443754, 53.498494], [-6.34478, 53.4990441], [-6.3459816, 53.5005247], [-6.346419, 53.501614], [-6.3465799, 53.5018194], [-6.3481274, 53.5024902], [-6.349535, 53.5026944], [-6.350359, 53.5030211], [-6.3517065, 53.5034193], [-6.3534832, 53.5036133], [-6.353728, 53.5035729], [-6.355105, 53.5038911], [-6.3551655, 53.5041104], [-6.3569679, 53.5044811], [-6.358633, 53.5048487], [-6.3595548, 53.5049705], [-6.3596722, 53.5041069], [-6.3615254, 53.5047936], [-6.3657231, 53.5057788], [-6.365895, 53.5059845], [-6.3665326, 53.5061231], [-6.3675834, 53.5064208], [-6.3673066, 53.5082994], [-6.3667408, 53.5105147], [-6.3665928, 53.5129735], [-6.366478, 53.5150061], [-6.3668985, 53.5155777], [-6.3674135, 53.5160676], [-6.3675588, 53.5163089], [-6.3674897, 53.5165563], [-6.3683148, 53.5167668], [-6.3691355, 53.5170992], [-6.3694884, 53.5170659], [-6.3700914, 53.5172516], [-6.3704342, 53.5173742], [-6.3711203, 53.5174685], [-6.3720913, 53.5178283], [-6.3738937, 53.5185835], [-6.3744345, 53.5186039], [-6.3750095, 53.518655], [-6.375359, 53.518848], [-6.3754548, 53.519068], [-6.3757944, 53.519148], [-6.3764046, 53.5192977], [-6.3772416, 53.5195679], [-6.3788818, 53.5199614], [-6.3792541, 53.520077], [-6.3798477, 53.5200709], [-6.3804636, 53.5202727], [-6.3810392, 53.5204119], [-6.3813944, 53.5204045], [-6.3826351, 53.5205913], [-6.383113, 53.5212615], [-6.3838818, 53.521857], [-6.3843072, 53.5221325], [-6.3847251, 53.5222944], [-6.3855667, 53.5226761], [-6.3867683, 53.5229975], [-6.3872731, 53.5231252], [-6.3876953, 53.5232221], [-6.3888471, 53.5234565], [-6.3889012, 53.5238757], [-6.38881, 53.5241611], [-6.3888073, 53.5244848], [-6.3890427, 53.524599], [-6.3914093, 53.5249386], [-6.3918167, 53.5242217], [-6.392548, 53.5241093], [-6.3932383, 53.5241643], [-6.3939953, 53.5243956], [-6.3943338, 53.5244915], [-6.3957264, 53.5247144], [-6.3965016, 53.5241354], [-6.3986903, 53.5243548], [-6.3996344, 53.5245946], [-6.4001581, 53.5245752], [-6.4007073, 53.5245436], [-6.4011965, 53.5247273], [-6.4016514, 53.524712], [-6.4026556, 53.5248651], [-6.4040402, 53.5253338], [-6.4075681, 53.5263924], [-6.4066596, 53.527581], [-6.4079567, 53.5277582], [-6.408631, 53.5278594], [-6.4094962, 53.5280994], [-6.4103696, 53.5285127], [-6.4113244, 53.5290331], [-6.412054, 53.5295407], [-6.412863, 53.5300599], [-6.4135732, 53.5305572], [-6.4141976, 53.5313901], [-6.4145706, 53.5318027], [-6.4153902, 53.5323174], [-6.4163429, 53.532793], [-6.4167559, 53.533064], [-6.417103, 53.5333956], [-6.4178787, 53.5340938], [-6.4183497, 53.5342635], [-6.4191125, 53.5344949], [-6.4195532, 53.5346202], [-6.4197171, 53.5347379], [-6.4204231, 53.5348216], [-6.4218023, 53.5347932], [-6.4227829, 53.5348952], [-6.4230747, 53.5353645], [-6.4222052, 53.5366269], [-6.4213898, 53.5381062], [-6.4221193, 53.5386162], [-6.4210894, 53.5387438], [-6.4205315, 53.5394579], [-6.4190856, 53.5398043], [-6.4193568, 53.5399599], [-6.4196229, 53.5401334], [-6.4197602, 53.5402966], [-6.4197688, 53.5404292], [-6.4197688, 53.5405159], [-6.4198804, 53.540572], [-6.4201722, 53.5406434], [-6.4205413, 53.5407505], [-6.420919, 53.540878], [-6.4213996, 53.5410311], [-6.4217172, 53.5411025], [-6.4223695, 53.54123], [-6.4227386, 53.5413269], [-6.4233651, 53.5414493], [-6.4239488, 53.5415768], [-6.4242578, 53.541638], [-6.4249444, 53.5417706], [-6.4254852, 53.5418675], [-6.4255489, 53.5418745], [-6.4279657, 53.5423572], [-6.4284279, 53.5424671], [-6.4289592, 53.5425116], [-6.4293111, 53.5425677], [-6.4296029, 53.5426493], [-6.4301093, 53.542787], [-6.4308303, 53.5430217], [-6.4315942, 53.5432155], [-6.4323152, 53.543241], [-6.4324611, 53.5433583], [-6.4324868, 53.5437051], [-6.4330104, 53.5437663], [-6.432916, 53.544567], [-6.4328302, 53.545383], [-6.433946, 53.5454034], [-6.4341657, 53.5459974], [-6.4341615, 53.5462818], [-6.4342222, 53.5467013], [-6.4344288, 53.5469865], [-6.4346583, 53.547376], [-6.434908, 53.5477063], [-6.4352689, 53.5481898], [-6.4355309, 53.5486346], [-6.4356911, 53.5489959], [-6.4357378, 53.5492271], [-6.4354484, 53.5494522], [-6.4350663, 53.5498244], [-6.4347204, 53.5501689], [-6.4345802, 53.5503645], [-6.4343253, 53.5504446], [-6.4340681, 53.550483], [-6.4339032, 53.5505127], [-6.4335311, 53.5505641], [-6.4332083, 53.5505954], [-6.4327519, 53.5506003], [-6.4323819, 53.5505686], [-6.4320442, 53.5507291], [-6.4317391, 53.5511128], [-6.4317246, 53.5512574], [-6.4317707, 53.5514599], [-6.4316489, 53.5516936], [-6.4314162, 53.551894], [-6.4313886, 53.5519325], [-6.431086, 53.5523553], [-6.4309073, 53.5531015], [-6.4308214, 53.5534456], [-6.4307884, 53.5538379], [-6.4306015, 53.5541531], [-6.4304044, 53.5544886], [-6.4304162, 53.5552234], [-6.4302466, 53.5558595], [-6.4303463, 53.5560467], [-6.4303656, 53.556083], [-6.4305277, 53.556287], [-6.4304767, 53.5563316], [-6.430281, 53.5567339], [-6.4300329, 53.5575629], [-6.4295085, 53.5582992], [-6.4285215, 53.5582278], [-6.4285386, 53.5591302], [-6.4255431, 53.558809], [-6.4246848, 53.5593188], [-6.4234574, 53.5603691], [-6.4245839, 53.5607551], [-6.4244809, 53.5609947], [-6.4245067, 53.5611986], [-6.4246097, 53.5613464], [-6.4247127, 53.5614484], [-6.424747, 53.5616115], [-6.424644, 53.5617849], [-6.424541, 53.5619072], [-6.424541, 53.562055], [-6.4245582, 53.5622335], [-6.4244552, 53.5624884], [-6.4244037, 53.5627178], [-6.4243264, 53.5630389], [-6.4242492, 53.5633448], [-6.4241805, 53.5636303], [-6.4240775, 53.5639157], [-6.424026, 53.5641451], [-6.4240089, 53.5643134], [-6.4239488, 53.5646192], [-6.423863, 53.5649506], [-6.4238115, 53.5653941], [-6.42376, 53.5657611], [-6.4235969, 53.566021], [-6.4233909, 53.5663014], [-6.4230819, 53.5665104], [-6.4226871, 53.5667806], [-6.4224124, 53.5669488], [-6.4220824, 53.5672616], [-6.4216566, 53.5674474], [-6.4214148, 53.5676656], [-6.4211266, 53.5678414], [-6.4208947, 53.5679844], [-6.420594, 53.5681302], [-6.4204271, 53.5682239], [-6.4202387, 53.5683677], [-6.420007, 53.5685461], [-6.4198182, 53.5687041], [-6.4196036, 53.568908], [-6.4193461, 53.5691731], [-6.4192259, 53.5694075], [-6.4190736, 53.5696758], [-6.4190626, 53.5699837], [-6.4188611, 53.5704072], [-6.4187775, 53.5707423], [-6.4187238, 53.5711029], [-6.4182174, 53.5711182], [-6.4177882, 53.5711029], [-6.4171167, 53.5710755], [-6.417048, 53.5712488], [-6.4173484, 53.5712762], [-6.4176896, 53.5714297], [-6.4175608, 53.5714501], [-6.4173892, 53.5715928], [-6.4173291, 53.5716438], [-6.4171746, 53.5717763], [-6.4171574, 53.5719241], [-6.4171317, 53.5720566], [-6.417063, 53.5721586], [-6.4169257, 53.5721942], [-6.4168141, 53.5722554], [-6.4167197, 53.5724083], [-6.4165067, 53.5725965], [-6.4161575, 53.5726873], [-6.4158056, 53.5727536], [-6.4156167, 53.5727791], [-6.4153507, 53.57283], [-6.4151275, 53.5729625], [-6.4150331, 53.5731511], [-6.4148185, 53.5732683], [-6.4145782, 53.5733703], [-6.4142606, 53.573462], [-6.4140031, 53.5734161], [-6.4137027, 53.573355], [-6.4133766, 53.573248], [-6.4131448, 53.5731613], [-6.4128444, 53.5730441], [-6.4124668, 53.5728912], [-6.4122007, 53.5727536], [-6.411926, 53.5726567], [-6.4116599, 53.572723], [-6.4109046, 53.5728708], [-6.4102438, 53.5730262], [-6.4098554, 53.573004], [-6.4092717, 53.5729938], [-6.4089284, 53.5729632], [-6.4086795, 53.5729224], [-6.4082847, 53.5728154], [-6.4081817, 53.5727441], [-6.4080701, 53.572637], [-6.4079585, 53.5725657], [-6.4077525, 53.5724841], [-6.4074693, 53.5724586], [-6.4070144, 53.5724586], [-6.4065681, 53.5725861], [-6.4061046, 53.5727135], [-6.4057269, 53.572795], [-6.4054351, 53.5729071], [-6.4050059, 53.5729683], [-6.4046111, 53.5730091], [-6.4041305, 53.5730702], [-6.4037357, 53.5731365], [-6.4034438, 53.5732486], [-6.4029374, 53.5732843], [-6.4024654, 53.57332], [-6.4019847, 53.5733404], [-6.4017015, 53.573478], [-6.4013324, 53.5736461], [-6.4011607, 53.5738194], [-6.4011007, 53.5740029], [-6.401135, 53.5742781], [-6.4012294, 53.5744922], [-6.4013152, 53.5746451], [-6.4015041, 53.5748336], [-6.4016671, 53.5749508], [-6.4018388, 53.5750528], [-6.4019504, 53.5751394], [-6.401959, 53.5753382], [-6.4018474, 53.5756185], [-6.4017615, 53.5758325], [-6.4017242, 53.5758926], [-6.4016966, 53.576094], [-6.4015712, 53.576316], [-6.4014853, 53.5764944], [-6.4012541, 53.5767517], [-6.4000535, 53.5777735], [-6.3992406, 53.578207], [-6.3987231, 53.578499], [-6.398558, 53.5785922], [-6.3982779, 53.5787139], [-6.3977278, 53.5791164], [-6.3976495, 53.5791937], [-6.3974449, 53.5792775], [-6.3971868, 53.5794335], [-6.3970726, 53.5795389], [-6.39684, 53.5795857], [-6.3963004, 53.5797353], [-6.39585, 53.5799389], [-6.3957277, 53.5800477], [-6.3953924, 53.5802194], [-6.3949904, 53.5804112], [-6.3946816, 53.5806197], [-6.3943791, 53.580814], [-6.3940382, 53.5809372], [-6.3937681, 53.5810305], [-6.3934604, 53.5809684], [-6.3930076, 53.5809091], [-6.3926627, 53.580864], [-6.3923606, 53.5808809], [-6.3921995, 53.5808899], [-6.3916937, 53.5808461], [-6.3911846, 53.580802], [-6.3911231, 53.5807913], [-6.390706, 53.5807185], [-6.3904303, 53.5806703], [-6.3902868, 53.5806453], [-6.3901647, 53.5806462], [-6.389796, 53.5806491], [-6.3895095, 53.5807058], [-6.3892625, 53.5807547], [-6.3888615, 53.5807004], [-6.3880429, 53.5805702], [-6.3873206, 53.5804507], [-6.3874772, 53.5809256], [-6.3876127, 53.5811496], [-6.387774, 53.5815871], [-6.3878152, 53.5817131], [-6.3878694, 53.5818786], [-6.3878447, 53.5822538], [-6.3878345, 53.5822963], [-6.3878018, 53.5824323], [-6.3871511, 53.5835798], [-6.3869263, 53.5838667], [-6.3866256, 53.5842431], [-6.3866658, 53.5843052], [-6.3869032, 53.5844025], [-6.3869008, 53.5845067], [-6.3868901, 53.5845801], [-6.387574, 53.5850002], [-6.3877148, 53.585013], [-6.3878661, 53.5850015], [-6.3880035, 53.5850483], [-6.3881335, 53.5850635], [-6.3881317, 53.5851703], [-6.3881821, 53.5852771], [-6.3882431, 53.5853485], [-6.3885, 53.585524], [-6.388125, 53.5864638], [-6.3886392, 53.586685], [-6.3886762, 53.5866525], [-6.3893191, 53.5860872], [-6.3899821, 53.5861528], [-6.3893824, 53.5868764], [-6.3893599, 53.5869036], [-6.3904067, 53.5872132], [-6.390402, 53.5872523], [-6.3903794, 53.5874427], [-6.3894377, 53.5893443], [-6.389739, 53.5895242], [-6.3896727, 53.5904031], [-6.389304, 53.5910846], [-6.3868864, 53.5900262], [-6.3867776, 53.5901444], [-6.3861008, 53.5898009], [-6.3848442, 53.5893819], [-6.3842471, 53.5893295], [-6.3821366, 53.5889076], [-6.3817868, 53.5888103], [-6.3816981, 53.5886043], [-6.3803544, 53.5883877], [-6.3797313, 53.5883261], [-6.3783577, 53.5882802], [-6.3777223, 53.5888637], [-6.3766787, 53.588403], [-6.3764496, 53.5881412], [-6.3747869, 53.5880697], [-6.3737961, 53.5880603], [-6.3727114, 53.5879715], [-6.3718214, 53.5881105], [-6.3704645, 53.5884853], [-6.3690912, 53.5888331], [-6.3681986, 53.5886107], [-6.3678928, 53.5885302], [-6.367425, 53.5877636], [-6.3664892, 53.5870102], [-6.3658385, 53.5866405], [-6.365103, 53.5863691], [-6.3644518, 53.5861915], [-6.3641858, 53.5861733], [-6.3625206, 53.5860596], [-6.3625627, 53.5858108], [-6.3617953, 53.5857388], [-6.3609765, 53.5857955], [-6.3607203, 53.5857826], [-6.3598041, 53.5850463], [-6.3586231, 53.5849291], [-6.3586875, 53.5848432], [-6.3546709, 53.5838155], [-6.3548211, 53.5837039], [-6.3525594, 53.5830726], [-6.3523025, 53.5829171], [-6.3491124, 53.5815523], [-6.3475357, 53.5811478], [-6.34682, 53.5811121], [-6.3461752, 53.5812942], [-6.3454045, 53.5816389], [-6.3446492, 53.5820109], [-6.3438595, 53.5821638], [-6.3431176, 53.5820235], [-6.3429669, 53.5819956], [-6.3428553, 53.5815982], [-6.3431557, 53.5808338], [-6.3431986, 53.5801867], [-6.3461426, 53.5796414], [-6.3470353, 53.5779292], [-6.3472756, 53.5771444], [-6.3477047, 53.576543], [-6.3482369, 53.5765023], [-6.3489064, 53.5765023], [-6.3489493, 53.5752435], [-6.3490868, 53.5748624], [-6.3488097, 53.5747565], [-6.3484363, 53.5746167], [-6.3479605, 53.5744722], [-6.3474512, 53.5744227], [-6.3468061, 53.5743499], [-6.3457054, 53.5742407], [-6.3444828, 53.5742513], [-6.3425001, 53.5744044], [-6.3424352, 53.5746783], [-6.3417807, 53.5748405], [-6.340804, 53.5751671], [-6.3399886, 53.5757327], [-6.338576, 53.5759237], [-6.3381089, 53.5759621], [-6.3378085, 53.5760385], [-6.3374308, 53.5761455], [-6.3370703, 53.576222], [-6.3364781, 53.5762794], [-6.3367599, 53.5760052], [-6.336946, 53.5757686], [-6.3371302, 53.5755838], [-6.3371654, 53.5754401], [-6.3372513, 53.5752628], [-6.3373923, 53.5750534], [-6.3373514, 53.5749412], [-6.3372422, 53.5748159], [-6.33716, 53.5747294], [-6.3371161, 53.5745665], [-6.337214, 53.5744757], [-6.3370532, 53.5743043], [-6.3369324, 53.5740771], [-6.3365837, 53.5734268], [-6.3360397, 53.5728846], [-6.3355758, 53.5726289], [-6.3351299, 53.5723953], [-6.3342288, 53.5721447], [-6.3333546, 53.5718589], [-6.3317434, 53.5720013], [-6.3300621, 53.5721999], [-6.3292718, 53.5729416], [-6.3287363, 53.5732077], [-6.3284014, 53.5732972], [-6.3264435, 53.573671], [-6.3257952, 53.5738158], [-6.3248843, 53.5739652], [-6.323513, 53.57415], [-6.3221102, 53.574403], [-6.3219341, 53.5744804], [-6.3217827, 53.5745914], [-6.3215828, 53.5747031], [-6.3213595, 53.5747541], [-6.3211082, 53.5747869], [-6.3207152, 53.5748485], [-6.3205296, 53.5749104], [-6.3202782, 53.5749931], [-6.3201207, 53.5750479], [-6.3196411, 53.5752721], [-6.3190354, 53.5755843], [-6.3184835, 53.5758323], [-6.3175416, 53.5762906], [-6.3169065, 53.5766085], [-6.3163644, 53.5768759], [-6.3159838, 53.5770824], [-6.3158698, 53.5771138], [-6.3155769, 53.5771388], [-6.3154432, 53.5771763], [-6.3152443, 53.5773595], [-6.3147511, 53.5777362], [-6.3146143, 53.5778567], [-6.3144658, 53.5781801], [-6.3142936, 53.5786273], [-6.3140482, 53.5791798], [-6.3139647, 53.5792698], [-6.3137668, 53.5793197], [-6.3136358, 53.5794223], [-6.3136155, 53.5794866], [-6.3136032, 53.5795257], [-6.3135549, 53.579682], [-6.3135342, 53.5799293], [-6.3135402, 53.5801192], [-6.3134899, 53.5802262], [-6.3134045, 53.5803659], [-6.3132966, 53.5804833], [-6.3130586, 53.5807658], [-6.3126193, 53.5811768], [-6.3124967, 53.5813748], [-6.312384, 53.58159], [-6.3120571, 53.5819397], [-6.311883, 53.582115], [-6.3116325, 53.5824634], [-6.311453, 53.5827721], [-6.3113085, 53.5828724], [-6.3111886, 53.5829317], [-6.3110684, 53.5829928], [-6.3108603, 53.5831355], [-6.3106613, 53.5834614], [-6.3105757, 53.5838156], [-6.3105156, 53.5839789], [-6.3103726, 53.5840673], [-6.310149, 53.5841265], [-6.3098147, 53.5841753], [-6.3095653, 53.5842114], [-6.3093341, 53.5842133], [-6.3092086, 53.5842561], [-6.3091455, 53.5843179], [-6.3090535, 53.5844031], [-6.3088859, 53.5844434], [-6.3086696, 53.5844399], [-6.3084978, 53.5845069], [-6.3081781, 53.5846318], [-6.3079647, 53.5849381], [-6.3078184, 53.585148], [-6.3074565, 53.5853614], [-6.307058, 53.5855366], [-6.3061351, 53.5858468], [-6.305903, 53.5859248], [-6.3043795, 53.5864537], [-6.3029282, 53.5868047], [-6.3020599, 53.5871166], [-6.3015715, 53.5876555], [-6.3009087, 53.5879349], [-6.3004217, 53.5880554], [-6.2995776, 53.5880465], [-6.2988188, 53.5879636], [-6.2982986, 53.5877934], [-6.2978706, 53.5878553], [-6.2971807, 53.5878267], [-6.2968562, 53.5877383], [-6.2965937, 53.5875726], [-6.2956753, 53.5873943], [-6.2950745, 53.5872669], [-6.2943959, 53.587408], [-6.2939718, 53.5875705], [-6.2936023, 53.5877791], [-6.2930143, 53.5880124], [-6.2926595, 53.5881328], [-6.2924171, 53.5881792], [-6.2922276, 53.5881796], [-6.2920746, 53.588192], [-6.2919877, 53.5881991], [-6.2919219, 53.5882045], [-6.2917985, 53.5882208], [-6.2915313, 53.5882532], [-6.2912034, 53.5882977], [-6.2910599, 53.5882983], [-6.2909984, 53.5882922], [-6.290909, 53.5882834], [-6.2907928, 53.5882961], [-6.2907203, 53.5883166], [-6.2905474, 53.5883541], [-6.2903294, 53.5883843], [-6.290063, 53.588414], [-6.2898737, 53.5883926], [-6.2895411, 53.5883719], [-6.2893319, 53.5883384], [-6.2891442, 53.5882604], [-6.2889966, 53.5881936], [-6.2886855, 53.5881155], [-6.288431, 53.5881077], [-6.2881408, 53.5881371], [-6.2874919, 53.5883591], [-6.2872425, 53.588461], [-6.2871515, 53.5885216], [-6.2870118, 53.5886314], [-6.2868589, 53.5887046], [-6.2867168, 53.588797], [-6.2866202, 53.5888654], [-6.2863842, 53.5890565], [-6.2862074, 53.5892444], [-6.2860009, 53.589453], [-6.2858424, 53.589644], [-6.2857243, 53.5898509], [-6.2855664, 53.5901328], [-6.2854913, 53.5903047], [-6.2854078, 53.5904495], [-6.2853113, 53.5905737], [-6.2851399, 53.5907187], [-6.2849816, 53.5908381], [-6.2848422, 53.5908826], [-6.2846032, 53.5909017], [-6.2844154, 53.5909494], [-6.284174, 53.5910481], [-6.2839195, 53.5912281], [-6.2838146, 53.5913092], [-6.2837425, 53.5913348], [-6.2836322, 53.5913395], [-6.2834421, 53.5913396], [-6.2833425, 53.5913713], [-6.2832406, 53.5914223], [-6.2831685, 53.5914685], [-6.2830609, 53.5915114], [-6.2829298, 53.591564], [-6.2827122, 53.5916881], [-6.2824389, 53.591841], [-6.2823665, 53.5918776], [-6.2823584, 53.5919127], [-6.2822992, 53.5919747], [-6.2822214, 53.5920224], [-6.2821439, 53.5921451], [-6.2820872, 53.592223], [-6.2820444, 53.5922819], [-6.2819344, 53.5923774], [-6.2818781, 53.5924602], [-6.281822, 53.5926418], [-6.2818164, 53.5927261], [-6.2818432, 53.5927834], [-6.2819266, 53.5928424], [-6.2820258, 53.5928774], [-6.282109, 53.5929252], [-6.2821463, 53.5929856], [-6.282168, 53.5930605], [-6.28216, 53.5931289], [-6.28216, 53.593199], [-6.2821465, 53.5932722], [-6.2821624, 53.5933183], [-6.28216, 53.5933884], [-6.2821034, 53.5934218], [-6.2820444, 53.5934647], [-6.2820419, 53.593503], [-6.2820795, 53.5935747], [-6.2821546, 53.5936352], [-6.2822029, 53.5937116], [-6.2821921, 53.5937609], [-6.2821007, 53.5938707], [-6.2820202, 53.5939328], [-6.2819183, 53.5939837], [-6.2818566, 53.5939964], [-6.2817788, 53.593971], [-6.2817091, 53.5939296], [-6.2816611, 53.5939042], [-6.2815911, 53.5939041], [-6.2814757, 53.5939455], [-6.280891, 53.5941493], [-6.2805986, 53.5942718], [-6.280505, 53.5943626], [-6.2803548, 53.5945664], [-6.2802124, 53.5947207], [-6.2800383, 53.5948036], [-6.2797433, 53.5948752], [-6.2795392, 53.5949197], [-6.2793434, 53.594907], [-6.2791663, 53.5948783], [-6.2789598, 53.5948672], [-6.278906, 53.5948682], [-6.2788582, 53.5948752], [-6.2787383, 53.5949057], [-6.2786072, 53.5949295], [-6.2784987, 53.5949294], [-6.2783912, 53.5949484], [-6.2781793, 53.5949738], [-6.2780052, 53.5950233], [-6.2777686, 53.5951158], [-6.2775393, 53.5952397], [-6.2769642, 53.5954791], [-6.2763275, 53.5957062], [-6.2762329, 53.5957439], [-6.2761585, 53.595794], [-6.2761408, 53.5958939], [-6.2761061, 53.5960046], [-6.2759999, 53.596084], [-6.2757672, 53.5961038], [-6.2755085, 53.5961492], [-6.2752832, 53.5961683], [-6.2749727, 53.5963084], [-6.2746616, 53.596495], [-6.2739205, 53.5968585], [-6.2732669, 53.5970527], [-6.2729472, 53.5972009], [-6.272739, 53.5972809], [-6.2724737, 53.5974234], [-6.2723962, 53.5974856], [-6.272367, 53.5976049], [-6.2721943, 53.5977179], [-6.2721425, 53.5977916], [-6.2720414, 53.5979353], [-6.2718593, 53.5980131], [-6.2714281, 53.5982195], [-6.2712737, 53.5983723], [-6.2711878, 53.5986678], [-6.2712565, 53.5994674], [-6.2716621, 53.6005836], [-6.2717584, 53.6012476], [-6.2717689, 53.6013213], [-6.271772, 53.6013453], [-6.2717897, 53.6014345], [-6.2718643, 53.6028269], [-6.272093, 53.6033336], [-6.2721754, 53.6035296], [-6.2722157, 53.6037651], [-6.2721508, 53.6038173], [-6.2720165, 53.6038623], [-6.2719559, 53.6039033], [-6.2719311, 53.60398], [-6.2718288, 53.6040337], [-6.2718395, 53.6041125], [-6.2718457, 53.6041903], [-6.2717461, 53.6042446], [-6.2715959, 53.6042602], [-6.2714748, 53.6042181], [-6.2714113, 53.6041581], [-6.2713181, 53.6041386], [-6.2712573, 53.6041883], [-6.2712609, 53.6042729], [-6.271138, 53.604348], [-6.2711169, 53.6044175], [-6.2711579, 53.6046125], [-6.271225, 53.6050064], [-6.2711591, 53.6050622], [-6.2710383, 53.6051084], [-6.270969, 53.6051639], [-6.2709965, 53.6052146], [-6.271076, 53.6052724], [-6.2712144, 53.6053066], [-6.2712966, 53.6053773], [-6.2713202, 53.6055803], [-6.2712553, 53.6056453], [-6.2712392, 53.6056895], [-6.2713452, 53.6057309], [-6.2714667, 53.6058102], [-6.2714999, 53.6059102], [-6.2715388, 53.6060275], [-6.2716159, 53.6060919], [-6.2718624, 53.606187], [-6.2721591, 53.6063159], [-6.2722924, 53.6063676], [-6.27235, 53.6064343], [-6.2723399, 53.6064962], [-6.2722702, 53.6065555], [-6.2721424, 53.6066032], [-6.2720783, 53.606651], [-6.2720867, 53.6067124], [-6.2720063, 53.6067922], [-6.2719076, 53.6068477], [-6.2718856, 53.606908], [-6.2719579, 53.6069578], [-6.2720628, 53.6069523], [-6.272171, 53.606909], [-6.2722859, 53.6068843], [-6.2724001, 53.6069165], [-6.2724479, 53.6070389], [-6.2723622, 53.607142], [-6.2721937, 53.6071845], [-6.2721546, 53.6072126], [-6.2721752, 53.607265], [-6.2723617, 53.607386], [-6.2725035, 53.6074466], [-6.2725802, 53.6075338], [-6.2725981, 53.6076025], [-6.2725612, 53.6076514], [-6.2724319, 53.6076584], [-6.2722924, 53.6076436], [-6.2721768, 53.6076772], [-6.2720967, 53.6077296], [-6.2721111, 53.6078216], [-6.2721588, 53.6079409], [-6.2721429, 53.6080109], [-6.2720361, 53.6080925], [-6.271991, 53.6081892], [-6.2720795, 53.6082901], [-6.2721207, 53.6083169], [-6.2721929, 53.6083085], [-6.2722355, 53.6083227], [-6.2722358, 53.608353], [-6.2721872, 53.6083832], [-6.2721148, 53.608415], [-6.2720453, 53.6084533], [-6.2720105, 53.6085058], [-6.2720451, 53.6085487], [-6.2721151, 53.6085806], [-6.2721795, 53.6086044], [-6.272209, 53.6086363], [-6.2721956, 53.6086601], [-6.272139, 53.6086728], [-6.272096, 53.608703], [-6.2721202, 53.6087285], [-6.2721795, 53.608754], [-6.2722492, 53.6087668], [-6.2722894, 53.6087747], [-6.2723136, 53.6088018], [-6.2722841, 53.6088336], [-6.2722462, 53.6088606], [-6.2721553, 53.6088718], [-6.2721044, 53.6088797], [-6.2720239, 53.6088957], [-6.2719729, 53.6089275], [-6.2719458, 53.608964], [-6.2719458, 53.6090054], [-6.2719547, 53.6090329], [-6.2719434, 53.6090548], [-6.2719056, 53.6090881], [-6.2718737, 53.6091025], [-6.2718227, 53.6090946], [-6.2717715, 53.6090706], [-6.2717527, 53.6090531], [-6.2716964, 53.6090515], [-6.2716806, 53.6090675], [-6.2716698, 53.6090978], [-6.2716728, 53.6091152], [-6.2717382, 53.6091847], [-6.271806, 53.6092147], [-6.2719518, 53.6092171], [-6.2720483, 53.6092107], [-6.2721631, 53.6091916], [-6.2722597, 53.609198], [-6.272265, 53.609233], [-6.2722168, 53.6093412], [-6.2721663, 53.6094112], [-6.2721417, 53.6094621], [-6.2722114, 53.6095385], [-6.2723348, 53.6095576], [-6.2723756, 53.6096308], [-6.272367, 53.6096754], [-6.2723294, 53.6097167], [-6.2722307, 53.6097772], [-6.27222, 53.6098568], [-6.272308, 53.6099522], [-6.2723777, 53.6099809], [-6.2724743, 53.6100064], [-6.2725494, 53.609965], [-6.2725472, 53.6099141], [-6.2725762, 53.6098377], [-6.2726298, 53.6097868], [-6.2726727, 53.6097772], [-6.2727586, 53.6098249], [-6.2728712, 53.6098886], [-6.2729034, 53.6099491], [-6.2729131, 53.6099631], [-6.272932, 53.6100366], [-6.2728873, 53.6100796], [-6.2728047, 53.6101209], [-6.2727171, 53.6101519], [-6.272695, 53.6101862], [-6.272728, 53.6102339], [-6.2727749, 53.610288], [-6.2728873, 53.6103405], [-6.273, 53.610366], [-6.2730804, 53.6104265], [-6.2731234, 53.6104742], [-6.2731019, 53.6105474], [-6.2731234, 53.6105919], [-6.2730998, 53.6106906], [-6.2730086, 53.6107638], [-6.2728981, 53.6107829], [-6.2728176, 53.6108243], [-6.2728229, 53.610872], [-6.272839, 53.6109261], [-6.2729088, 53.6109548], [-6.2729892, 53.6109675], [-6.2730858, 53.6109452], [-6.2731877, 53.610942], [-6.2732253, 53.6109898], [-6.2732038, 53.611063], [-6.2730998, 53.6111202], [-6.2730161, 53.6111425], [-6.2729066, 53.6111998], [-6.2728122, 53.6112094], [-6.272721, 53.6112444], [-6.2726813, 53.6113557], [-6.2727371, 53.6114321], [-6.2728038, 53.6115023], [-6.2728964, 53.6115727], [-6.2729678, 53.6115722], [-6.2730461, 53.611569], [-6.2731019, 53.6115053], [-6.273118, 53.6114576], [-6.2731749, 53.6114258], [-6.2732682, 53.6114162], [-6.2733733, 53.6114321], [-6.2734774, 53.6115053], [-6.273515, 53.6115785], [-6.2735525, 53.6116676], [-6.2735525, 53.611779], [-6.2736115, 53.6119731], [-6.2736169, 53.6120495], [-6.2736973, 53.6121386], [-6.2737671, 53.6121705], [-6.2738636, 53.6121736], [-6.2739151, 53.6122055], [-6.2739119, 53.6122596], [-6.2738722, 53.6123009], [-6.2738154, 53.61232], [-6.2737488, 53.6123837], [-6.2736845, 53.6123996], [-6.273633, 53.6124028], [-6.2735471, 53.6124028], [-6.2734667, 53.6124028], [-6.2734291, 53.6124441], [-6.2734184, 53.6124696], [-6.2734667, 53.612511], [-6.2735471, 53.6126128], [-6.2735525, 53.6126765], [-6.2735074, 53.6127337], [-6.2734506, 53.612791], [-6.273354, 53.6128165], [-6.2732124, 53.6128356], [-6.2731073, 53.6128833], [-6.2730268, 53.612982], [-6.2729925, 53.6130902], [-6.2729571, 53.6131952], [-6.2729195, 53.6133288], [-6.2729624, 53.6133766], [-6.2730429, 53.6133766], [-6.2731234, 53.6133734], [-6.2732253, 53.6133829], [-6.2732843, 53.6134307], [-6.2732897, 53.6134975], [-6.2732392, 53.6135389], [-6.2731319, 53.6135548], [-6.2730858, 53.6135993], [-6.2730965, 53.6136312], [-6.2731716, 53.6136375], [-6.2732736, 53.613628], [-6.2733465, 53.613628], [-6.2734109, 53.6136503], [-6.2734345, 53.6136789], [-6.2734109, 53.6137107], [-6.2733433, 53.6137426], [-6.2732736, 53.6137616], [-6.2732253, 53.6137966], [-6.2732339, 53.6138253], [-6.2732682, 53.6138476], [-6.2733433, 53.6138571], [-6.2734184, 53.6138571], [-6.2735042, 53.6138507], [-6.2735901, 53.6138603], [-6.2736222, 53.6139017], [-6.2736222, 53.6139399], [-6.2735471, 53.614013], [-6.2734399, 53.6140735], [-6.2733004, 53.6141372], [-6.273118, 53.6141753], [-6.2730429, 53.6143026], [-6.2730214, 53.6144299], [-6.2729785, 53.6145318], [-6.2728176, 53.6145699], [-6.2727532, 53.6146781], [-6.2728283, 53.6147354], [-6.2729785, 53.6148309], [-6.2729571, 53.6148945], [-6.2728712, 53.6149454], [-6.2726921, 53.6150091], [-6.272456, 53.6150982], [-6.2723348, 53.6151491], [-6.2722382, 53.6152128], [-6.2721524, 53.6152191], [-6.2720022, 53.6151937], [-6.2718091, 53.61513], [-6.2716481, 53.6151427], [-6.2715838, 53.6152], [-6.2715012, 53.6151746], [-6.2714121, 53.6151046], [-6.2712834, 53.6151046], [-6.2712083, 53.6151809], [-6.2712512, 53.6152509], [-6.2713585, 53.6152891], [-6.271455, 53.6153337], [-6.2714336, 53.6154037], [-6.2713048, 53.6154228], [-6.2710902, 53.6154037], [-6.27094, 53.6153591], [-6.2708542, 53.6154228], [-6.2708896, 53.6154991], [-6.2708006, 53.6155373], [-6.2706825, 53.6155373], [-6.2705463, 53.6155055], [-6.2704143, 53.6155437], [-6.270307, 53.6156392], [-6.2702105, 53.6156837], [-6.2700742, 53.6156201], [-6.2699101, 53.6155564], [-6.2697921, 53.6155119], [-6.2696418, 53.6155119], [-6.2694809, 53.6155246], [-6.26932, 53.6155564], [-6.2692985, 53.6156646], [-6.2692588, 53.615811], [-6.2691376, 53.6158556], [-6.2689659, 53.6158683], [-6.2688157, 53.6158492], [-6.2687299, 53.615811], [-6.2685797, 53.6157855], [-6.268408, 53.6158492], [-6.2682686, 53.6158492], [-6.268054, 53.615881], [-6.2678716, 53.6160083], [-6.2678823, 53.6161038], [-6.2677107, 53.6163265], [-6.2673888, 53.6164029], [-6.2671849, 53.6163711], [-6.2668738, 53.6165111], [-6.266788, 53.6166765], [-6.2667772, 53.6167593], [-6.2669414, 53.6168802], [-6.2670884, 53.6170202], [-6.2671635, 53.6171157], [-6.267024, 53.617313], [-6.2668953, 53.6174084], [-6.2668738, 53.6175612], [-6.2669736, 53.617733], [-6.2671098, 53.6179048], [-6.2670884, 53.6180639], [-6.2670026, 53.6183248], [-6.2669167, 53.6184967], [-6.2669382, 53.618643], [-6.267024, 53.618713], [-6.2668953, 53.619063], [-6.2667558, 53.6192158], [-6.2666807, 53.619343], [-6.2666485, 53.6195849], [-6.26667, 53.6197821], [-6.2667558, 53.6199031], [-6.2667451, 53.6200749], [-6.2666807, 53.6202149], [-6.2667451, 53.6203421], [-6.2668524, 53.6205076], [-6.2668738, 53.6206731], [-6.2667129, 53.6208512], [-6.2667376, 53.6209912], [-6.2668738, 53.6211376], [-6.2669275, 53.6212521], [-6.2669918, 53.6214303], [-6.2670562, 53.6214939], [-6.2671774, 53.6215576], [-6.2673244, 53.621723], [-6.2672547, 53.6218439], [-6.267156, 53.6219394], [-6.2671206, 53.6221176], [-6.2671367, 53.6223053], [-6.2671635, 53.6223816], [-6.2672493, 53.6224166], [-6.2673888, 53.6223721], [-6.2675283, 53.6223403], [-6.2676409, 53.6223466], [-6.2676838, 53.6223562], [-6.2676731, 53.6224198], [-6.2676409, 53.6224898], [-6.267612, 53.6226553], [-6.2675765, 53.6227857], [-6.2675926, 53.6229257], [-6.2676409, 53.6230593], [-6.2676838, 53.6232343], [-6.2677428, 53.6233679], [-6.2677482, 53.6234984], [-6.2677589, 53.6235779], [-6.267848, 53.6236797], [-6.2678287, 53.6237593], [-6.2678265, 53.6238547], [-6.2676946, 53.6239597], [-6.2675765, 53.6239852], [-6.2674585, 53.624017], [-6.2673008, 53.6241188], [-6.2672493, 53.6241824], [-6.2672547, 53.6242747], [-6.2671613, 53.6243447], [-6.2669897, 53.6243765], [-6.2668502, 53.6244147], [-6.2667021, 53.6244974], [-6.2665927, 53.6246342], [-6.2665573, 53.624701], [-6.2664854, 53.6247265], [-6.2663889, 53.6248124], [-6.2662011, 53.624841], [-6.2659973, 53.6248919], [-6.2658653, 53.6248824], [-6.2657237, 53.6248633], [-6.2655413, 53.6248251], [-6.2654072, 53.624841], [-6.2652377, 53.6249269], [-6.2651229, 53.6249619], [-6.2651089, 53.625016], [-6.2651304, 53.6250987], [-6.2651143, 53.6251623], [-6.2650392, 53.6252228], [-6.2649029, 53.625245], [-6.2647656, 53.625245], [-6.264669, 53.6252959], [-6.2645496, 53.6253395], [-6.2644587, 53.6253569], [-6.2643897, 53.6253775], [-6.2641734, 53.6254041], [-6.2640232, 53.6254041], [-6.2638354, 53.6254455], [-6.2636691, 53.6254836], [-6.2635425, 53.6255568], [-6.2634835, 53.6256491], [-6.2633097, 53.625805], [-6.2632099, 53.6259227], [-6.2631241, 53.6260754], [-6.2630683, 53.626209], [-6.262931, 53.6263394], [-6.2628269, 53.6264158], [-6.2626177, 53.6264635], [-6.2624675, 53.6264635], [-6.262357, 53.6264572], [-6.2622314, 53.6264476], [-6.2620383, 53.6264062], [-6.2619042, 53.6264062], [-6.2617722, 53.6264094], [-6.2615791, 53.6264572], [-6.2613753, 53.626489], [-6.2611661, 53.6266099], [-6.2610352, 53.6266512], [-6.2608549, 53.6267785], [-6.2607369, 53.6269375], [-6.2607208, 53.6270743], [-6.260753, 53.6272016], [-6.2608067, 53.6273066], [-6.2608442, 53.6273925], [-6.2609139, 53.6274593], [-6.2610212, 53.627542], [-6.2610749, 53.6276597], [-6.2610749, 53.6277424], [-6.2611339, 53.6277806], [-6.2611983, 53.627946], [-6.2611661, 53.6280287], [-6.2611747, 53.6281082], [-6.2612251, 53.6281846], [-6.2612465, 53.6282641], [-6.2612304, 53.6283468], [-6.2612787, 53.6284454], [-6.2613195, 53.6285918], [-6.261268, 53.6286554], [-6.2612498, 53.6287636], [-6.261209, 53.6289703], [-6.2611178, 53.6291389], [-6.2610641, 53.6292312], [-6.2609139, 53.6293203], [-6.260665, 53.629527], [-6.260517, 53.6296734], [-6.2605331, 53.6297593], [-6.260399, 53.6299565], [-6.2602756, 53.6300201], [-6.2600234, 53.6301124], [-6.2598732, 53.6301505], [-6.2596158, 53.6302587], [-6.259458, 53.6303191], [-6.2593851, 53.63037], [-6.2593851, 53.6304686], [-6.2593958, 53.6305482], [-6.2594012, 53.6306182], [-6.2592703, 53.6307168], [-6.2590986, 53.6307772], [-6.2587735, 53.6310158], [-6.2585622, 53.6311685], [-6.2583691, 53.6312734], [-6.2581223, 53.6313975], [-6.2580225, 53.631512], [-6.2578487, 53.6316361], [-6.2577253, 53.6317092], [-6.2575558, 53.6318109], [-6.2574432, 53.6318363], [-6.2573198, 53.6318141], [-6.2572157, 53.6318015], [-6.257087, 53.6318015], [-6.2569314, 53.6318746], [-6.2567726, 53.6320017], [-6.2566331, 53.6321131], [-6.2565076, 53.6322086], [-6.2563896, 53.632285], [-6.2563596, 53.6323898], [-6.2562769, 53.6324631], [-6.256145, 53.6325139], [-6.2559948, 53.6325807], [-6.2558853, 53.6326603], [-6.2557748, 53.6327747], [-6.2556708, 53.632813], [-6.2555495, 53.6328542], [-6.2553596, 53.6328544], [-6.255188, 53.6328544], [-6.2549541, 53.632886], [-6.2548575, 53.6329115], [-6.2547985, 53.632991], [-6.2547213, 53.6330484], [-6.2545678, 53.6330641], [-6.254217, 53.6331152], [-6.2538737, 53.6331406], [-6.2535915, 53.6331373], [-6.2532782, 53.6331184], [-6.2530851, 53.6330579], [-6.2528619, 53.6330133], [-6.2526023, 53.6329243], [-6.2523792, 53.6328701], [-6.2522322, 53.6328735], [-6.2520551, 53.6328766], [-6.2518352, 53.6329021], [-6.2516067, 53.6329369], [-6.2513578, 53.6329212], [-6.2512258, 53.6329051], [-6.2511024, 53.6329083], [-6.2503171, 53.6331375], [-6.2502119, 53.6332232], [-6.2500864, 53.6333188], [-6.2500381, 53.6334206], [-6.2499469, 53.6334651], [-6.2498686, 53.6335285], [-6.2497828, 53.6335349], [-6.2496894, 53.6335033], [-6.2495875, 53.6334778], [-6.2494555, 53.6334904], [-6.2493837, 53.6335128], [-6.249359, 53.633554], [-6.2493697, 53.6336049], [-6.2494502, 53.6336431], [-6.249536, 53.6336749], [-6.2496036, 53.63371], [-6.2497484, 53.6337768], [-6.2497774, 53.6338307], [-6.2497238, 53.6338848], [-6.2496487, 53.6339007], [-6.2494609, 53.6339802], [-6.2492925, 53.6339899], [-6.2491905, 53.6339645], [-6.2491069, 53.6339516], [-6.2489835, 53.6339039], [-6.2489084, 53.6338466], [-6.2487453, 53.6338277], [-6.2486133, 53.6338307], [-6.2485146, 53.6338054], [-6.2483591, 53.6338023], [-6.2481177, 53.6337895], [-6.2478999, 53.6337894], [-6.2477797, 53.6338118], [-6.2475651, 53.6338213], [-6.2474385, 53.6338784], [-6.247401, 53.634012], [-6.2473559, 53.6340694], [-6.2472701, 53.6341299], [-6.2471757, 53.6341393], [-6.2470845, 53.6340566], [-6.2470576, 53.6339993], [-6.2469321, 53.6339295], [-6.2467819, 53.6339136], [-6.2466478, 53.6339199], [-6.2464869, 53.6339677], [-6.2463367, 53.6339804], [-6.246135, 53.633977], [-6.2459558, 53.6340026], [-6.2458056, 53.6340345], [-6.2457487, 53.6340597], [-6.2456554, 53.634079], [-6.2455395, 53.6340788], [-6.2453153, 53.6341005], [-6.2453088, 53.6341011], [-6.2450889, 53.6341361], [-6.2448615, 53.6341331], [-6.2447295, 53.6341424], [-6.2445289, 53.6341744], [-6.2443433, 53.6342156], [-6.2442199, 53.6342156], [-6.2440997, 53.6341999], [-6.2439892, 53.6342092], [-6.2438444, 53.6342092], [-6.2437512, 53.6342078], [-6.2436258, 53.6342053], [-6.2434932, 53.6342154], [-6.2434283, 53.634221], [-6.243268, 53.6342237], [-6.243121, 53.6342137], [-6.2429756, 53.6342131], [-6.2428239, 53.6342249], [-6.2425753, 53.6342631], [-6.2423866, 53.6343116], [-6.2422524, 53.6343633], [-6.2420179, 53.6344525], [-6.2417749, 53.6346034], [-6.2416004, 53.6346706], [-6.2413139, 53.6347254], [-6.2411379, 53.6347143], [-6.240962, 53.6346002], [-6.2406355, 53.6344871], [-6.2402117, 53.6344216], [-6.2399427, 53.6344012], [-6.2392376, 53.6343875], [-6.2381935, 53.6343494], [-6.2380807, 53.6343229], [-6.2380269, 53.634284], [-6.2379709, 53.6340405], [-6.2379539, 53.6338113], [-6.2379663, 53.6337403], [-6.2379933, 53.6336583], [-6.2380441, 53.6335846], [-6.2382749, 53.6333384], [-6.2385251, 53.6330031], [-6.2385398, 53.632947], [-6.2385156, 53.6329109], [-6.2384537, 53.6328902], [-6.238055, 53.63288], [-6.2376477, 53.6327957], [-6.2373878, 53.6326984], [-6.2373506, 53.6326436], [-6.2374339, 53.6325011], [-6.2375143, 53.6323866], [-6.237657, 53.6323232], [-6.2377826, 53.6322148], [-6.2377504, 53.6321162], [-6.2376356, 53.6320273], [-6.2375712, 53.6319446], [-6.2375895, 53.6318681], [-6.2376967, 53.631795], [-6.237906, 53.6317154], [-6.2380165, 53.6316583], [-6.2380701, 53.631582], [-6.2380079, 53.6314866], [-6.2379381, 53.6314452], [-6.2378416, 53.6314261], [-6.2377214, 53.631442], [-6.2375283, 53.6314325], [-6.2374124, 53.6314261], [-6.237303, 53.6314643], [-6.2372944, 53.6315057], [-6.2372837, 53.6315661], [-6.2372247, 53.6316136], [-6.2370777, 53.6316265], [-6.2369135, 53.631582], [-6.2367022, 53.6314738], [-6.2365884, 53.6313942], [-6.2365085, 53.6313247], [-6.2364629, 53.6312512], [-6.2364254, 53.6311049], [-6.2363749, 53.6310094], [-6.2362644, 53.6308536], [-6.2362838, 53.6307295], [-6.2362355, 53.6305609], [-6.236096, 53.6304973], [-6.2360429, 53.6304416], [-6.2359565, 53.6303509], [-6.2357924, 53.6301983], [-6.2357205, 53.6300678], [-6.2357044, 53.6299247], [-6.2356186, 53.6298483], [-6.2355295, 53.6298229], [-6.235433, 53.629807], [-6.2353235, 53.6298388], [-6.2352506, 53.6298674], [-6.2352398, 53.6299374], [-6.2352237, 53.6300233], [-6.2351594, 53.630071], [-6.2350177, 53.6300837], [-6.2349126, 53.6300392], [-6.2347978, 53.6300138], [-6.2347141, 53.6299915], [-6.2346712, 53.6299374], [-6.2345779, 53.6298897], [-6.2343847, 53.6298579], [-6.2342528, 53.629842], [-6.2341112, 53.6298738], [-6.2340007, 53.6298801], [-6.2338612, 53.6298611], [-6.2338268, 53.6297784], [-6.2337324, 53.6297052], [-6.2335479, 53.6296193], [-6.2333119, 53.6296161], [-6.2330941, 53.629562], [-6.2329149, 53.629527], [-6.2327808, 53.6293903], [-6.23274, 53.6292757], [-6.2326864, 53.629158], [-6.2324697, 53.6290562], [-6.2323034, 53.6290212], [-6.2320405, 53.6290308], [-6.231901, 53.6289831], [-6.2316918, 53.6289513], [-6.2314987, 53.6288622], [-6.2313428, 53.6288049], [-6.231179, 53.6287445], [-6.2310449, 53.6286809], [-6.2309502, 53.6286622], [-6.2309472, 53.6286622], [-6.2308335, 53.6286777], [-6.2306747, 53.6286809], [-6.2304655, 53.6287349], [-6.2302595, 53.6287922], [-6.2301115, 53.6288717], [-6.2299452, 53.6288972], [-6.2295589, 53.6289958], [-6.2294302, 53.6290053], [-6.2293637, 53.6289799], [-6.2292456, 53.6289417], [-6.2291673, 53.6289258], [-6.2290976, 53.6288654], [-6.2290278, 53.6288367], [-6.2289291, 53.6288304], [-6.2288004, 53.6288399], [-6.2287382, 53.6288781], [-6.2286416, 53.628894], [-6.2284785, 53.6289767], [-6.2284142, 53.6290117], [-6.2283251, 53.6290117], [-6.2282285, 53.628964], [-6.228103, 53.6289481], [-6.2280408, 53.6289672], [-6.2278584, 53.6289831], [-6.2276975, 53.6289608], [-6.2276041, 53.6288495], [-6.2275204, 53.6287858], [-6.227411, 53.6287699], [-6.2272823, 53.6287922], [-6.2272179, 53.6288336], [-6.2271213, 53.6288749], [-6.2270087, 53.6288749], [-6.2269035, 53.6288304], [-6.2267565, 53.6288336], [-6.2266654, 53.628824], [-6.226528, 53.6287254], [-6.2263864, 53.6286713], [-6.2262976, 53.6286586], [-6.2262279, 53.6286936], [-6.2262147, 53.6287286], [-6.2262064, 53.6287572], [-6.2261528, 53.6287795], [-6.225965, 53.6287954], [-6.2258017, 53.6287858], [-6.225611, 53.6287572], [-6.2255412, 53.6287095], [-6.2253535, 53.628684], [-6.2252706, 53.6286809], [-6.2251687, 53.6287127], [-6.2251228, 53.6287604], [-6.2250745, 53.6288431], [-6.2249058, 53.6289163], [-6.2247795, 53.6289417], [-6.2246108, 53.6289958], [-6.2245595, 53.6290403], [-6.224581, 53.6290944], [-6.2246454, 53.6291358], [-6.2247473, 53.629158], [-6.2248492, 53.6292026], [-6.2249273, 53.6292185], [-6.2250155, 53.629263], [-6.2251014, 53.629263], [-6.2252062, 53.6292121], [-6.2253428, 53.6291898], [-6.2254608, 53.6291994], [-6.2256217, 53.629228], [-6.2257397, 53.6292948], [-6.2258041, 53.6294157], [-6.2258416, 53.6294984], [-6.2258392, 53.629562], [-6.2257319, 53.6296066], [-6.2256324, 53.6295779], [-6.225552, 53.6295048], [-6.2254959, 53.6294984], [-6.2254071, 53.629543], [-6.2253213, 53.6296257], [-6.2252945, 53.6296734], [-6.2251979, 53.6297179], [-6.2250477, 53.6297179], [-6.2249487, 53.6296988], [-6.2248468, 53.6296479], [-6.2247342, 53.6296066], [-6.2245864, 53.6295779], [-6.2244767, 53.6296098], [-6.2244123, 53.6296925], [-6.2243772, 53.6297465], [-6.2242752, 53.629807], [-6.2240582, 53.6298293], [-6.2239426, 53.6298261], [-6.2237364, 53.6297911], [-6.2236076, 53.6297815], [-6.2235189, 53.6297465], [-6.2233716, 53.6297465], [-6.2231487, 53.629807], [-6.2230253, 53.6298579], [-6.2229717, 53.6299247], [-6.2229317, 53.6300169], [-6.222918, 53.6300965], [-6.2229502, 53.6301887], [-6.2229824, 53.630246], [-6.2229746, 53.6303064], [-6.2229073, 53.6303637], [-6.2227279, 53.6304527], [-6.222524, 53.6305514], [-6.2223548, 53.6305768], [-6.2221831, 53.6305704], [-6.2219876, 53.63051], [-6.2218612, 53.6304527], [-6.2215662, 53.6304527], [-6.2213784, 53.6304718], [-6.2212926, 53.6305259], [-6.2212956, 53.6305736], [-6.2212151, 53.6306023], [-6.2210244, 53.6306659], [-6.2208635, 53.6307645], [-6.2208081, 53.6307976], [-6.2207401, 53.630809], [-6.2205982, 53.6308217], [-6.2204611, 53.6308122], [-6.2203353, 53.6307518], [-6.2202763, 53.6306659], [-6.2201905, 53.6305545], [-6.2200725, 53.6304782], [-6.2199837, 53.6304527], [-6.2198228, 53.6304623], [-6.2196136, 53.6305227], [-6.2195039, 53.6305768], [-6.2193912, 53.6306182], [-6.2192273, 53.6306563], [-6.2191498, 53.6307136], [-6.2190908, 53.6307518], [-6.2190181, 53.6307359], [-6.2189728, 53.6306786], [-6.218903, 53.6306277], [-6.2188118, 53.6306277], [-6.2186641, 53.6306913], [-6.2184978, 53.6307677], [-6.2183076, 53.6309363], [-6.2182057, 53.6310667], [-6.2181544, 53.6311812], [-6.2181705, 53.6312416], [-6.2182432, 53.6312989], [-6.218369, 53.6313562], [-6.2183797, 53.6313975], [-6.218329, 53.6314357], [-6.218211, 53.6314738], [-6.2180632, 53.6315279], [-6.2178623, 53.6316615], [-6.2178433, 53.6317282], [-6.2178648, 53.6318013], [-6.2178516, 53.6318842], [-6.2177306, 53.6319381], [-6.2176048, 53.6319383], [-6.2173498, 53.6318618], [-6.217106, 53.6317856], [-6.2168967, 53.6317156], [-6.2167626, 53.631722], [-6.2165719, 53.6317632], [-6.2163496, 53.6319128], [-6.2161618, 53.6320369], [-6.2161267, 53.6321162], [-6.2161052, 53.6322403], [-6.2161857, 53.6323389], [-6.2162843, 53.6324243], [-6.2166215, 53.6326684], [-6.2166782, 53.6327462], [-6.2166184, 53.6327782], [-6.2163613, 53.6329949], [-6.2161236, 53.6331453], [-6.2159123, 53.6332281], [-6.2154756, 53.6333512], [-6.2145032, 53.633544], [-6.2142864, 53.6336009], [-6.2133604, 53.6336137], [-6.2129129, 53.6337035], [-6.2129031, 53.6336964], [-6.212576, 53.6336505], [-6.2120347, 53.6334076], [-6.2114123, 53.6331453], [-6.2109263, 53.6329563], [-6.2107348, 53.6329024], [-6.2104985, 53.6328802], [-6.210293, 53.632894], [-6.2095878, 53.633085], [-6.2091207, 53.633093], [-6.2088827, 53.6330513], [-6.208506, 53.6331292], [-6.2080883, 53.6330551], [-6.2074155, 53.6330346], [-6.2072527, 53.6329441], [-6.2064764, 53.6330162], [-6.2061794, 53.6328284], [-6.2057478, 53.6327953], [-6.2055498, 53.6326237], [-6.2049669, 53.6323388], [-6.2046212, 53.6320541], [-6.2042635, 53.6316419], [-6.2039251, 53.6313941], [-6.2034661, 53.6312142], [-6.2027336, 53.6309956], [-6.2018468, 53.6311674], [-6.2016646, 53.6312453], [-6.2012041, 53.631142], [-6.2009619, 53.6309596], [-6.2003473, 53.6308761], [-6.1997224, 53.630925], [-6.1988246, 53.6310692], [-6.1983687, 53.6310049], [-6.1975643, 53.6306322], [-6.197287, 53.6303724], [-6.1970527, 53.6302271], [-6.1959339, 53.6300514], [-6.1951803, 53.6297627], [-6.1946124, 53.6298301], [-6.194154, 53.6300583], [-6.193507, 53.6301695], [-6.19288, 53.63019], [-6.1920029, 53.6303668], [-6.1911883, 53.6306613], [-6.1896232, 53.6306899], [-6.18856, 53.63034], [-6.1877, 53.63021], [-6.18751, 53.62994], [-6.1873479, 53.6296001], [-6.1868108, 53.6294205], [-6.1868616, 53.6292759], [-6.18712, 53.62916], [-6.186972, 53.6289851], [-6.1869817, 53.6288129], [-6.1872268, 53.6286951], [-6.1884999, 53.6284857], [-6.1896705, 53.6281083], [-6.1897998, 53.6279314], [-6.1895042, 53.6274885], [-6.1895742, 53.6272515], [-6.18924, 53.62665], [-6.18882, 53.62651], [-6.18796, 53.62636], [-6.18783, 53.62508], [-6.18786, 53.62481], [-6.18835, 53.62381], [-6.18837, 53.62355], [-6.18797, 53.62303], [-6.18799, 53.62277], [-6.18799, 53.62252], [-6.1884415, 53.6208988], [-6.188145, 53.6203063], [-6.187845, 53.6200821], [-6.1874316, 53.6199841], [-6.187275, 53.6196408], [-6.1868609, 53.6194023], [-6.1864829, 53.6194308], [-6.1862309, 53.6195731], [-6.1859908, 53.619655], [-6.1855828, 53.6196087], [-6.1855048, 53.6193347], [-6.1857748, 53.6191389], [-6.1862489, 53.6190855], [-6.1864289, 53.6188471], [-6.1865009, 53.6182883], [-6.1863269, 53.617854], [-6.1859608, 53.6176654], [-6.1859308, 53.617345], [-6.1859368, 53.61716], [-6.1856329, 53.6168015], [-6.1851215, 53.6164653], [-6.184349, 53.6164112], [-6.1839213, 53.6163349], [-6.1834817, 53.6163154], [-6.1834079, 53.6163574], [-6.1834149, 53.6164611], [-6.1833882, 53.6164912], [-6.183293, 53.6164614], [-6.1832174, 53.6163452], [-6.1831617, 53.6163504], [-6.1830589, 53.6163434], [-6.1827273, 53.6161612], [-6.1827659, 53.6157456], [-6.1826343, 53.615427], [-6.1822105, 53.6149831], [-6.1823558, 53.6147244], [-6.1823874, 53.614485], [-6.1824493, 53.6140829], [-6.1825914, 53.6138638], [-6.1827833, 53.6136028], [-6.1829412, 53.6135239], [-6.1830042, 53.6134844], [-6.1830134, 53.6133435], [-6.18297, 53.6132278], [-6.1828274, 53.613016], [-6.1823537, 53.6126449], [-6.1820961, 53.612492], [-6.1818691, 53.6123445], [-6.1813981, 53.6121105], [-6.1810867, 53.6119894], [-6.1808255, 53.6119125], [-6.1805278, 53.6118404], [-6.1803193, 53.6118036], [-6.1799652, 53.611755], [-6.1795087, 53.6117274], [-6.1792086, 53.6116682], [-6.1790688, 53.6117332], [-6.179059, 53.6118456], [-6.1787106, 53.6125195], [-6.1786981, 53.6125349], [-6.1786723, 53.6125515], [-6.1786443, 53.6125596], [-6.1786185, 53.6125613], [-6.1785869, 53.6125554], [-6.1785596, 53.6125383], [-6.1785495, 53.6125166], [-6.1785575, 53.6124875], [-6.1785734, 53.6124589], [-6.1786038, 53.6124041], [-6.1789211, 53.6118322], [-6.1784338, 53.6118057], [-6.178515, 53.6117129], [-6.1788277, 53.6117153], [-6.1805373, 53.6109307], [-6.1804889, 53.6109008], [-6.1804353, 53.6108677], [-6.1799873, 53.6105909], [-6.1792264, 53.6110372], [-6.1792258, 53.611037], [-6.1791911, 53.611028], [-6.1791663, 53.6110215], [-6.1791445, 53.6110158], [-6.1790165, 53.6111938], [-6.1788815, 53.6113715], [-6.17885, 53.611413], [-6.1785292, 53.6113648], [-6.178301, 53.6116555], [-6.1781957, 53.6117364], [-6.178031, 53.6119206], [-6.1777263, 53.6122611], [-6.1781082, 53.6126733], [-6.1781092, 53.612674], [-6.1781587, 53.6127113], [-6.1783178, 53.6128309], [-6.1784455, 53.6128896], [-6.1785274, 53.6128973], [-6.1785295, 53.6128966], [-6.1786764, 53.6128501], [-6.1786968, 53.6128436], [-6.1787513, 53.612893], [-6.1787511, 53.6128931], [-6.1785547, 53.6129697], [-6.1783709, 53.6130003], [-6.1782241, 53.6129432], [-6.1779785, 53.6127469], [-6.1775511, 53.6122696], [-6.1780441, 53.6117245], [-6.1784391, 53.6112958], [-6.1785762, 53.611147], [-6.1785159, 53.6109682], [-6.1781034, 53.6107299], [-6.1780384, 53.6106924], [-6.1780066, 53.6106607], [-6.1778089, 53.6104636], [-6.1773905, 53.6102726], [-6.1773356, 53.6102475], [-6.1771447, 53.6101271], [-6.1766553, 53.6098183], [-6.1752367, 53.6090782], [-6.1737541, 53.6086327], [-6.172748, 53.6084656], [-6.1719871, 53.6084086], [-6.1713253, 53.6084781], [-6.1706959, 53.6087114], [-6.1699503, 53.6089185], [-6.16914, 53.6087505], [-6.1680931, 53.6087793], [-6.1674035, 53.6086305], [-6.1665509, 53.6083434], [-6.1653646, 53.6078579], [-6.1647619, 53.6076118], [-6.1642969, 53.6075074], [-6.1637893, 53.6072651], [-6.1636519, 53.6069413], [-6.1639194, 53.6065048], [-6.1651186, 53.6060862], [-6.1650414, 53.6054343], [-6.1648783, 53.6049811], [-6.1644006, 53.6041528], [-6.1639714, 53.6032361], [-6.1632848, 53.6024721], [-6.162684, 53.6015554], [-6.1619115, 53.6006386], [-6.1608815, 53.5992634], [-6.1609776, 53.5986537], [-6.1607827, 53.5983297], [-6.1607025, 53.5982352], [-6.160624, 53.5981428], [-6.1604097, 53.5979679], [-6.1596679, 53.5974838], [-6.1595051, 53.5973823], [-6.1593756, 53.597169], [-6.1592829, 53.5970222], [-6.1591683, 53.5968429], [-6.1592052, 53.596775], [-6.158966, 53.5965331], [-6.1583066, 53.5960035], [-6.15762, 53.5950356], [-6.1572396, 53.5941081], [-6.1568735, 53.5932112], [-6.1556749, 53.5917576], [-6.155209, 53.5912114], [-6.1551937, 53.5908487], [-6.153675, 53.5896166], [-6.1526048, 53.5889077], [-6.1516467, 53.5880138], [-6.1500436, 53.5870201], [-6.1498061, 53.5868748], [-6.1489019, 53.5863761], [-6.1475974, 53.5859532], [-6.1468913, 53.5858583], [-6.1462968, 53.5857817], [-6.1456433, 53.5857351], [-6.1451959, 53.5857243], [-6.1447084, 53.5857617], [-6.1444988, 53.5857938], [-6.1442241, 53.5858599], [-6.1439411, 53.5859509], [-6.1437595, 53.5860557], [-6.1436263, 53.5862168], [-6.143608, 53.586371], [-6.1435437, 53.5867826], [-6.1434099, 53.586885], [-6.1430152, 53.5869967], [-6.1430269, 53.5870273], [-6.1429486, 53.5870451], [-6.1428653, 53.5870738], [-6.142817, 53.5871054], [-6.1428071, 53.587144], [-6.1425606, 53.5871301], [-6.1425323, 53.5871153], [-6.1425273, 53.5870945], [-6.142524, 53.5870382], [-6.1425256, 53.5870016], [-6.142504, 53.5869769], [-6.1424607, 53.5869601], [-6.1423558, 53.5869359], [-6.1423566, 53.5869156], [-6.1422076, 53.5868978], [-6.1419555, 53.5868059], [-6.1418178, 53.5867731], [-6.1416494, 53.5867486], [-6.1415199, 53.5867507], [-6.1414245, 53.5867633], [-6.1412844, 53.5867011], [-6.1411066, 53.5866682], [-6.1409288, 53.5866444], [-6.1401705, 53.5866025], [-6.1396805, 53.5866344], [-6.1395173, 53.586668], [-6.1394473, 53.5867204], [-6.139394, 53.5867204], [-6.1393341, 53.586756], [-6.1392825, 53.5867866], [-6.1391909, 53.5868835], [-6.139021, 53.5868736], [-6.1389244, 53.5867916], [-6.1387579, 53.5867313], [-6.1385897, 53.5866542], [-6.1385215, 53.5866196], [-6.1382584, 53.5865781], [-6.1379953, 53.5866206], [-6.1378471, 53.5866206], [-6.1377388, 53.5866314], [-6.1376439, 53.5866601], [-6.1376173, 53.5866779], [-6.1376039, 53.586671], [-6.1375507, 53.5866789], [-6.1374641, 53.5866977], [-6.1373109, 53.5867184], [-6.137116, 53.5866937], [-6.1369828, 53.5866868], [-6.1365798, 53.5866166], [-6.1365499, 53.586587], [-6.1365365, 53.5865533], [-6.1365049, 53.5865435], [-6.1364733, 53.5865751], [-6.1364566, 53.5865998], [-6.1363867, 53.5866215], [-6.1363001, 53.5866186], [-6.1362185, 53.5866364], [-6.136077, 53.5866512], [-6.1359654, 53.5866354], [-6.1358089, 53.5865988], [-6.135689, 53.5866057], [-6.1354309, 53.5865632], [-6.135291, 53.5865573], [-6.1351594, 53.5865652], [-6.1350462, 53.5865682], [-6.1348664, 53.5865692], [-6.1345466, 53.5865355], [-6.1342902, 53.586494], [-6.134107, 53.5864664], [-6.1338622, 53.58641], [-6.1336957, 53.5863586], [-6.1335425, 53.5862934], [-6.1333044, 53.5861935], [-6.1331828, 53.586154], [-6.1331262, 53.586151], [-6.1330829, 53.5860868], [-6.1330446, 53.5860344], [-6.1328648, 53.5859642], [-6.1322953, 53.5857774], [-6.1320688, 53.585725], [-6.1318723, 53.5856934], [-6.1316775, 53.5856805], [-6.1314577, 53.5856716], [-6.1312928, 53.5856815], [-6.1309931, 53.5857082], [-6.1305585, 53.5857883], [-6.1304303, 53.5858001], [-6.1304003, 53.5858238], [-6.1303403, 53.5858565], [-6.1303004, 53.5858743], [-6.1302537, 53.5858851], [-6.1301855, 53.5858792], [-6.1300323, 53.5858416], [-6.1297259, 53.5857369], [-6.1295527, 53.5856202], [-6.1289649, 53.585383], [-6.1289166, 53.5853849], [-6.1288217, 53.5853474], [-6.128815, 53.5853266], [-6.1287068, 53.5852821], [-6.1286518, 53.5852989], [-6.1281173, 53.5850943], [-6.1281306, 53.5851863], [-6.1280757, 53.5851853], [-6.1280657, 53.58504], [-6.1280174, 53.5850222], [-6.1279258, 53.5850597], [-6.1275894, 53.5849292], [-6.1274945, 53.5848591], [-6.1274146, 53.5848185], [-6.1273713, 53.5848175], [-6.1272664, 53.5847592], [-6.1268601, 53.5846337], [-6.1265903, 53.5845615], [-6.126169, 53.5844231], [-6.1258609, 53.5842788], [-6.1245751, 53.5838784], [-6.122601, 53.5835727], [-6.1214852, 53.5831141], [-6.1194253, 53.5825536], [-6.1182472, 53.582574], [-6.117208, 53.5823637], [-6.115432, 53.5817536], [-6.1140844, 53.5815498], [-6.112607, 53.5814544], [-6.1125051, 53.5814478], [-6.112442, 53.581448], [-6.1110288, 53.5814529], [-6.1095869, 53.5815549], [-6.1075188, 53.5819922], [-6.1069655, 53.5821514], [-6.1062395, 53.5824058], [-6.1056889, 53.5827531], [-6.1055094, 53.5829108], [-6.1054084, 53.583041], [-6.1053127, 53.5831559], [-6.1052083, 53.5833728], [-6.1049846, 53.5837993], [-6.1049191, 53.5839731], [-6.1051431, 53.5840028], [-6.1051319, 53.584046], [-6.1051213, 53.5840868], [-6.1049408, 53.5840738], [-6.1049309, 53.5842108], [-6.1049517, 53.5843333], [-6.1050039, 53.584487], [-6.1051418, 53.5847846], [-6.1052866, 53.5850176], [-6.1055146, 53.5852597], [-6.10572, 53.5852985], [-6.1059458, 53.5852978], [-6.1060678, 53.5852982], [-6.1063156, 53.5852912], [-6.106586, 53.5852872], [-6.1068006, 53.5852832], [-6.1068834, 53.5852752], [-6.1070896, 53.5851859], [-6.1071284, 53.5851437], [-6.1071876, 53.5850515], [-6.1072214, 53.5850214], [-6.1081153, 53.5849973], [-6.1081188, 53.5851005], [-6.1074568, 53.5851147], [-6.1071486, 53.5853204], [-6.1069574, 53.5853573], [-6.1067208, 53.5853601], [-6.1064942, 53.5853544], [-6.1062835, 53.5853594], [-6.1060808, 53.5853643], [-6.1060809, 53.5853776], [-6.1060312, 53.5854935], [-6.1062355, 53.5855332], [-6.1065866, 53.5856015], [-6.1065596, 53.585628], [-6.1065297, 53.5856572], [-6.1062552, 53.5856066], [-6.1060013, 53.5855598], [-6.1058899, 53.5856253], [-6.1058423, 53.5860097], [-6.1057499, 53.5860595], [-6.1054825, 53.5860267], [-6.1052484, 53.5859675], [-6.1049015, 53.5858554], [-6.104568, 53.5857674], [-6.1042494, 53.5857515], [-6.1038946, 53.5858094], [-6.103608, 53.5859007], [-6.1034158, 53.5859684], [-6.1031953, 53.5859841], [-6.1028846, 53.5859643], [-6.1025219, 53.5859345], [-6.1021993, 53.5858943], [-6.1018376, 53.5858395], [-6.1013856, 53.5857674], [-6.1010852, 53.5856935], [-6.1006745, 53.5855643], [-6.1001348, 53.5854443], [-6.099846, 53.5853399], [-6.0997812, 53.5852973], [-6.099537, 53.585466], [-6.099495, 53.585495], [-6.0994811, 53.5855615], [-6.0994076, 53.5855954], [-6.0992924, 53.5855877], [-6.0992966, 53.5855087], [-6.0993437, 53.5854392], [-6.0995264, 53.5854401], [-6.0997563, 53.5852858], [-6.0994414, 53.5851132], [-6.0993973, 53.5848733], [-6.0994104, 53.5845701], [-6.0994089, 53.5843954], [-6.0994915, 53.5842519], [-6.0997252, 53.5841575], [-6.1000639, 53.584066], [-6.1000276, 53.5839676], [-6.1000318, 53.5839561], [-6.1000687, 53.5838545], [-6.1003167, 53.583899], [-6.1003676, 53.5839236], [-6.1003437, 53.5839688], [-6.1003542, 53.5839808], [-6.1003698, 53.5839985], [-6.1007526, 53.5840604], [-6.101114, 53.5840743], [-6.1015083, 53.5840494], [-6.1018918, 53.584068], [-6.102485, 53.5841515], [-6.1028273, 53.5842269], [-6.1030918, 53.5840954], [-6.1034613, 53.5836969], [-6.1040959, 53.5828856], [-6.1045757, 53.5819252], [-6.10468, 53.5816018], [-6.1047171, 53.5814868], [-6.1047671, 53.5813317], [-6.1048218, 53.581162], [-6.1048218, 53.5805412], [-6.1047883, 53.5803399], [-6.1047172, 53.5799131], [-6.1045915, 53.5795453], [-6.1044304, 53.5790734], [-6.1043604, 53.5788686], [-6.104329, 53.5788051], [-6.104242, 53.5786289], [-6.1041245, 53.5783912], [-6.103986, 53.5781108], [-6.1037884, 53.5777109], [-6.1032594, 53.5767649], [-6.1029457, 53.5762938], [-6.1027421, 53.576025], [-6.1022755, 53.5753641], [-6.1019293, 53.5748741], [-6.1015419, 53.5743025], [-6.1014151, 53.5740053], [-6.1012767, 53.5736047], [-6.101024, 53.5729385], [-6.1008867, 53.5726341], [-6.1007392, 53.5723028], [-6.1006081, 53.5720476], [-6.1004193, 53.5717658], [-6.1002368, 53.571451], [-6.1002846, 53.5710259], [-6.1003086, 53.5708125], [-6.1002102, 53.5705002], [-6.1003117, 53.5702499], [-6.1003732, 53.570018], [-6.1003609, 53.5696363], [-6.1002851, 53.5687936], [-6.0996842, 53.5673664], [-6.0992551, 53.5668567], [-6.0989976, 53.5657862], [-6.0985684, 53.5654804], [-6.0976243, 53.5648686], [-6.0965085, 53.5645628], [-6.0957787, 53.564505], [-6.095221, 53.5644608], [-6.0942769, 53.5643589], [-6.0931611, 53.5642569], [-6.0920453, 53.5639511], [-6.0908437, 53.5634413], [-6.0900712, 53.5626257], [-6.0889554, 53.5616061], [-6.0869813, 53.5605865], [-6.0856938, 53.5605865], [-6.0848355, 53.5603316], [-6.0838056, 53.5603825], [-6.0831189, 53.5597708], [-6.0832047, 53.559057], [-6.0824323, 53.5586491], [-6.0823464, 53.5579354], [-6.0826898, 53.5573745], [-6.0821748, 53.5569157], [-6.0818315, 53.555641], [-6.0814981, 53.5553864], [-6.0806298, 53.5547232], [-6.0804582, 53.5537035], [-6.0796857, 53.5530916], [-6.0806298, 53.5517658], [-6.0803385, 53.5514008], [-6.0797715, 53.5510833], [-6.0794778, 53.5503071], [-6.0793286, 53.5498434], [-6.0794407, 53.5493633], [-6.0803765, 53.5488975], [-6.0803741, 53.547908], [-6.0801438, 53.5477085], [-6.0794447, 53.5469387], [-6.0791775, 53.5465584], [-6.0792121, 53.5457388], [-6.0794421, 53.5456875], [-6.0793825, 53.5454954], [-6.0794543, 53.5454818], [-6.0796042, 53.5457484], [-6.0793705, 53.5458088], [-6.0793349, 53.5465422], [-6.0795476, 53.5468511], [-6.0797134, 53.5468306], [-6.0801294, 53.5468925], [-6.080261, 53.5468169], [-6.0802671, 53.5466974], [-6.0805345, 53.54668], [-6.0806104, 53.5470319], [-6.0814296, 53.5470835], [-6.0820059, 53.546969], [-6.0825654, 53.5467889], [-6.0830566, 53.5465067], [-6.083651, 53.545973], [-6.0837506, 53.5458455], [-6.083769, 53.5457547], [-6.0836231, 53.5456295], [-6.0831853, 53.5453235], [-6.0832197, 53.5449206], [-6.0838205, 53.5442525], [-6.0845586, 53.5439822], [-6.0848848, 53.5430795], [-6.0847197, 53.5421376], [-6.0846317, 53.5421389], [-6.0845767, 53.5421343], [-6.0843897, 53.5421247], [-6.0843462, 53.5421183], [-6.0842952, 53.5421415], [-6.0842483, 53.5421503], [-6.0842416, 53.5421221], [-6.0842063, 53.5420683], [-6.0841962, 53.5420309], [-6.0841573, 53.5419937], [-6.0841031, 53.5419919], [-6.0839996, 53.5420048], [-6.0839299, 53.541974], [-6.0838834, 53.5419271], [-6.0838441, 53.5419071], [-6.0838069, 53.5418809], [-6.0837473, 53.5418789], [-6.0837044, 53.5418869], [-6.083685, 53.541903], [-6.0836859, 53.541936], [-6.0836583, 53.5419417], [-6.0836217, 53.5419303], [-6.0836029, 53.5419055], [-6.083592, 53.5418725], [-6.0835767, 53.5418567], [-6.0835426, 53.5418469], [-6.0834996, 53.5418522], [-6.0834581, 53.541874], [-6.0834412, 53.5419032], [-6.0833625, 53.541903], [-6.0833305, 53.5418965], [-6.0833192, 53.5418943], [-6.083305, 53.5418549], [-6.0832532, 53.5418272], [-6.0831376, 53.5417867], [-6.0830036, 53.5417888], [-6.082922, 53.541811], [-6.0828741, 53.5418109], [-6.0828017, 53.5418337], [-6.0826798, 53.5418639], [-6.0823244, 53.5418676], [-6.0822822, 53.5418463], [-6.0822729, 53.5418126], [-6.0822456, 53.5417706], [-6.0821722, 53.5417504], [-6.0820944, 53.5417527], [-6.0820432, 53.5417127], [-6.0819987, 53.5417017], [-6.0818586, 53.5416976], [-6.0817868, 53.5417263], [-6.0817489, 53.5417583], [-6.0817632, 53.5418319], [-6.0817557, 53.541856], [-6.0817249, 53.5418636], [-6.0816587, 53.541856], [-6.0816171, 53.5418372], [-6.08152, 53.5418374], [-6.0814307, 53.5418284], [-6.0813923, 53.5418258], [-6.081346, 53.5418328], [-6.0812087, 53.5418295], [-6.0811301, 53.5418458], [-6.0810946, 53.5418659], [-6.0810597, 53.5418806], [-6.0810171, 53.54188], [-6.0809051, 53.5418511], [-6.0808388, 53.541852], [-6.0807713, 53.54183], [-6.0806943, 53.5418208], [-6.0806242, 53.5418187], [-6.0805531, 53.5418065], [-6.0803296, 53.5418071], [-6.0802833, 53.5418029], [-6.0802491, 53.5417921], [-6.0801989, 53.5417849], [-6.0801539, 53.5417742], [-6.0801207, 53.5417749], [-6.0800447, 53.5417589], [-6.0800176, 53.5417399], [-6.0799782, 53.5417352], [-6.0799255, 53.541735], [-6.0798785, 53.5417283], [-6.0798314, 53.5417289], [-6.0798042, 53.5417384], [-6.0797748, 53.5417875], [-6.0797587, 53.5418096], [-6.0797669, 53.541835], [-6.0798153, 53.541878], [-6.0797826, 53.5418942], [-6.0797454, 53.5418986], [-6.0796479, 53.5418979], [-6.0795995, 53.5419275], [-6.0795959, 53.5419139], [-6.0796086, 53.5418893], [-6.0796258, 53.5418638], [-6.079625, 53.5418279], [-6.0796105, 53.5418049], [-6.0794878, 53.5418061], [-6.0794279, 53.5417726], [-6.0793364, 53.5417473], [-6.0792525, 53.5417294], [-6.079197, 53.5417394], [-6.0790992, 53.5417673], [-6.0789361, 53.5417664], [-6.0788824, 53.5417639], [-6.0788341, 53.5417439], [-6.0787521, 53.5417478], [-6.0786318, 53.5418012], [-6.0785958, 53.5418024], [-6.0785418, 53.5417896], [-6.0784578, 53.5417088], [-6.0784059, 53.5416941], [-6.0783619, 53.541689], [-6.0783009, 53.5416883], [-6.0782088, 53.5416872], [-6.0781272, 53.5417015], [-6.0780506, 53.5417351], [-6.0780078, 53.5417616], [-6.0779877, 53.5417863], [-6.0779863, 53.5418157], [-6.0779535, 53.5418669], [-6.0779368, 53.5418998], [-6.0779253, 53.5419511], [-6.0779088, 53.5419674], [-6.0778611, 53.5419729], [-6.0777607, 53.5420067], [-6.077695, 53.5420328], [-6.0776788, 53.5420349], [-6.0776584, 53.5420412], [-6.0776309, 53.5420329], [-6.0775924, 53.5420314], [-6.0775798, 53.5420261], [-6.0775775, 53.5420191], [-6.0775759, 53.5420047], [-6.0775956, 53.5419856], [-6.0776246, 53.5419693], [-6.0776893, 53.5419607], [-6.0777528, 53.5419276], [-6.077774, 53.5418911], [-6.0777764, 53.5418648], [-6.0777335, 53.5418136], [-6.0776735, 53.5417841], [-6.0776261, 53.5417786], [-6.0775914, 53.5417801], [-6.0775225, 53.5418002], [-6.077441, 53.5418025], [-6.0773829, 53.5418069], [-6.0773361, 53.5417971], [-6.077304, 53.5418256], [-6.0772661, 53.5418422], [-6.0771982, 53.5418469], [-6.0771608, 53.5418494], [-6.0770817, 53.5418765], [-6.0770127, 53.5418913], [-6.0769514, 53.5418931], [-6.076944, 53.5418849], [-6.0769571, 53.5418201], [-6.0769571, 53.5418049], [-6.0769736, 53.5417863], [-6.0770138, 53.5417751], [-6.0771009, 53.5417332], [-6.0772174, 53.5416979], [-6.0772723, 53.5416849], [-6.0773171, 53.5416641], [-6.0773465, 53.5416578], [-6.077384, 53.5416488], [-6.0774142, 53.541638], [-6.0774329, 53.5416241], [-6.0774415, 53.5415934], [-6.0773752, 53.5415574], [-6.077333, 53.5415139], [-6.0773204, 53.5414784], [-6.0772901, 53.5414563], [-6.077231, 53.5414518], [-6.0772058, 53.5414368], [-6.0772071, 53.5414113], [-6.0772473, 53.5413881], [-6.0772569, 53.5413362], [-6.0772368, 53.5413076], [-6.077245, 53.5412556], [-6.0772502, 53.5411998], [-6.0772342, 53.5411353], [-6.0771984, 53.5411133], [-6.077114, 53.5410678], [-6.076942, 53.5410997], [-6.0768228, 53.5410191], [-6.0771158, 53.5409468], [-6.0770696, 53.5406551], [-6.0767913, 53.540663], [-6.0767881, 53.5405641], [-6.0770638, 53.5405431], [-6.0771598, 53.5404886], [-6.0772178, 53.5403861], [-6.0773078, 53.540306], [-6.0773765, 53.540242], [-6.0773748, 53.5401675], [-6.0772703, 53.5400864], [-6.0772869, 53.5400571], [-6.0773863, 53.5399763], [-6.0774184, 53.5399419], [-6.0774249, 53.5399154], [-6.0774572, 53.5399008], [-6.0774819, 53.5398689], [-6.0774969, 53.5396458], [-6.0776297, 53.5395396], [-6.0776725, 53.5394254], [-6.0778462, 53.5393077], [-6.0780094, 53.5392454], [-6.0781619, 53.5392046], [-6.0784516, 53.5392318], [-6.0786689, 53.5392114], [-6.0788214, 53.5391638], [-6.0790075, 53.5389666], [-6.078934, 53.5389312], [-6.0788822, 53.5389246], [-6.0788683, 53.5389124], [-6.0788658, 53.538875], [-6.0789007, 53.5388406], [-6.079003, 53.5388188], [-6.0791047, 53.538813], [-6.0791572, 53.5388018], [-6.0791808, 53.5387517], [-6.079308, 53.5387549], [-6.0794082, 53.5387377], [-6.0794475, 53.5387257], [-6.0795059, 53.5387271], [-6.0795194, 53.5387637], [-6.079516, 53.5387893], [-6.0794595, 53.5388215], [-6.0794873, 53.5388637], [-6.0795838, 53.5388899], [-6.0796837, 53.5388978], [-6.079839, 53.5389007], [-6.0799937, 53.5388265], [-6.0801366, 53.5388299], [-6.0803097, 53.5388422], [-6.080475, 53.5388421], [-6.0805478, 53.5388562], [-6.080625, 53.5388952], [-6.0806788, 53.5389092], [-6.0807611, 53.5389423], [-6.0809631, 53.5389468], [-6.0810618, 53.5389144], [-6.0811563, 53.5388841], [-6.0812146, 53.5388824], [-6.081465, 53.538819], [-6.0815613, 53.5388305], [-6.0816103, 53.5388589], [-6.0816314, 53.5388843], [-6.08181, 53.5388858], [-6.081915, 53.5388582], [-6.0820583, 53.5388207], [-6.08215, 53.5387795], [-6.0823053, 53.5387237], [-6.0829439, 53.5386], [-6.0832424, 53.538473], [-6.083511, 53.5382647], [-6.0837988, 53.5380414], [-6.083912, 53.5378584], [-6.0841689, 53.5369558], [-6.0840442, 53.5358734], [-6.0834622, 53.5357004], [-6.0834695, 53.5353112], [-6.0839278, 53.5349902], [-6.0844011, 53.5348291], [-6.084728, 53.5349946], [-6.0851174, 53.5349727], [-6.0854996, 53.5348505], [-6.0857347, 53.534667], [-6.0855976, 53.5344974], [-6.0860101, 53.534323], [-6.0861284, 53.5339362], [-6.085934, 53.5339062], [-6.085757, 53.5338788], [-6.0851879, 53.533598], [-6.0852797, 53.5334745], [-6.0850371, 53.5334453], [-6.0848486, 53.5334024], [-6.0845516, 53.5333349], [-6.0844036, 53.5331695], [-6.084489, 53.5330666], [-6.0844468, 53.5329517], [-6.0844675, 53.532881], [-6.0846002, 53.5328334], [-6.0846893, 53.5327068], [-6.0854363, 53.5325886], [-6.086123, 53.5324277], [-6.0866933, 53.5322984], [-6.0867953, 53.532323], [-6.0868915, 53.5323035], [-6.086983, 53.532231], [-6.0872007, 53.5321352], [-6.0874062, 53.5320064], [-6.0874109, 53.531827], [-6.0872263, 53.5315224], [-6.0870982, 53.5313719], [-6.0869396, 53.5313375], [-6.0867608, 53.5313443], [-6.0867628, 53.5312632], [-6.0866469, 53.5312759], [-6.0867597, 53.5311852], [-6.0870752, 53.531033], [-6.0870903, 53.5307825], [-6.0870162, 53.5302528], [-6.0868634, 53.5295655], [-6.0866743, 53.5290543], [-6.0864626, 53.5285204], [-6.0864066, 53.5282083], [-6.0863283, 53.5276294], [-6.0862993, 53.5272342], [-6.0863545, 53.5270041], [-6.0863123, 53.5269347], [-6.0863002, 53.5269147], [-6.0862244, 53.5267901], [-6.0859369, 53.5264459], [-6.0857011, 53.5259291], [-6.0854686, 53.5254728], [-6.085161, 53.5249051], [-6.0848951, 53.524591], [-6.0844893, 53.5242244], [-6.0842281, 53.5239755], [-6.0839507, 53.5238044], [-6.0835996, 53.5236906], [-6.0832225, 53.523648], [-6.0829642, 53.5236434], [-6.0827883, 53.5236812], [-6.0828475, 53.5237268], [-6.0827724, 53.5237451], [-6.0826517, 53.5236488], [-6.0822728, 53.5235358], [-6.0818899, 53.5236016], [-6.0816938, 53.5236353], [-6.0807788, 53.5237925], [-6.0807635, 53.5237756], [-6.0816812, 53.5236061], [-6.0818801, 53.5235694], [-6.0821577, 53.5235181], [-6.0820855, 53.5234197], [-6.0819383, 53.5231862], [-6.0816982, 53.5228566], [-6.0815896, 53.5226981], [-6.0811095, 53.5226458], [-6.0808492, 53.5226551], [-6.0803507, 53.5225731], [-6.0798008, 53.5224558], [-6.0795514, 53.5224462], [-6.0789532, 53.5226484], [-6.0787416, 53.5229457], [-6.0766816, 53.5224865], [-6.0755658, 53.5218741], [-6.0753942, 53.5213128], [-6.0757375, 53.5208536], [-6.0761666, 53.5197819], [-6.0773683, 53.5192716], [-6.0779154, 53.518987], [-6.0780549, 53.5189144], [-6.078999, 53.5184041], [-6.0798539, 53.5179805], [-6.080029, 53.5178938], [-6.080887, 53.5176705], [-6.0817456, 53.5175366], [-6.0831106, 53.5172686], [-6.0835666, 53.5172287], [-6.0838643, 53.5171266], [-6.0842586, 53.5169959], [-6.0846314, 53.5170325], [-6.0850605, 53.5170676], [-6.0856533, 53.5172686], [-6.0860449, 53.5173387], [-6.0867423, 53.5173371], [-6.0871044, 53.5172845], [-6.0873967, 53.5173037], [-6.0877857, 53.5174328], [-6.0881317, 53.5176673], [-6.0885635, 53.5179559], [-6.0890168, 53.5180707], [-6.0895988, 53.5182701], [-6.0902533, 53.5183227], [-6.0907495, 53.5183546], [-6.091876, 53.5183004], [-6.0932198, 53.5180372], [-6.0944483, 53.5176784], [-6.0968944, 53.5166051], [-6.0974577, 53.5162654], [-6.0982463, 53.515779], [-6.0993916, 53.5151044], [-6.0995992, 53.5149723], [-6.1002713, 53.5145446], [-6.1012718, 53.513862], [-6.1027363, 53.5128412], [-6.1039728, 53.5120325], [-6.1054856, 53.5112127], [-6.1057618, 53.5111537], [-6.1058798, 53.5110532], [-6.1069071, 53.5106114], [-6.1081168, 53.5102397], [-6.109879, 53.5099303], [-6.110787, 53.5098035], [-6.1114267, 53.5096966], [-6.1119162, 53.5096895], [-6.1124124, 53.5097756], [-6.1127611, 53.5098904], [-6.1133002, 53.5100595], [-6.1139023, 53.5101887], [-6.1144871, 53.5102453], [-6.115108, 53.5103506], [-6.1157155, 53.5104304], [-6.1158389, 53.5103985], [-6.1159247, 53.5103881], [-6.1161929, 53.5104008], [-6.116555, 53.5103913], [-6.1166985, 53.5103849], [-6.1166985, 53.5103857], [-6.1168943, 53.5104296], [-6.1169668, 53.5104718], [-6.1176078, 53.5105843], [-6.1191387, 53.5108814], [-6.1192164, 53.510755], [-6.1192366, 53.5107222], [-6.1193512, 53.5107454], [-6.119256, 53.5109073], [-6.1195149, 53.5110038], [-6.1194907, 53.5110269], [-6.1195752, 53.511054], [-6.1196329, 53.5110293], [-6.1197241, 53.5110708], [-6.1198515, 53.5109942], [-6.1200151, 53.5108618], [-6.1200768, 53.5108618], [-6.1200942, 53.5108921], [-6.1200534, 53.5109266], [-6.1199158, 53.5110428], [-6.1192976, 53.5115174], [-6.1192802, 53.5115182], [-6.1189777, 53.5117315], [-6.118965, 53.5117638], [-6.1191461, 53.5118571], [-6.1197294, 53.5116529], [-6.1199226, 53.5117614], [-6.1203826, 53.5121298], [-6.1203866, 53.5121801], [-6.1202967, 53.5122295], [-6.1202645, 53.5123181], [-6.1206092, 53.5125748], [-6.1206441, 53.5126602], [-6.1209109, 53.5128444], [-6.1212154, 53.5130063], [-6.1220066, 53.5132133], [-6.1224352, 53.5134482], [-6.122483, 53.5135515], [-6.1225, 53.5135883], [-6.1225242, 53.5136406], [-6.1225504, 53.5136972], [-6.1223462, 53.5139556], [-6.1223038, 53.5140024], [-6.1222416, 53.5140563], [-6.122154, 53.5141247], [-6.1220983, 53.5141689], [-6.1220344, 53.5141963], [-6.1220175, 53.5142132], [-6.1220174, 53.5142476], [-6.122209, 53.5142428], [-6.122281, 53.514241], [-6.1230275, 53.5142076], [-6.1238809, 53.514136], [-6.1248014, 53.5139759], [-6.1254777, 53.5137437], [-6.1267639, 53.5134326], [-6.1273625, 53.5133822], [-6.127886, 53.5132289], [-6.1290052, 53.5130379], [-6.1294675, 53.5129098], [-6.1316133, 53.512535], [-6.1329865, 53.512484], [-6.1340165, 53.5121778], [-6.1347032, 53.5115653], [-6.1353898, 53.511259], [-6.1374497, 53.5103913], [-6.1392522, 53.5096257], [-6.1406691, 53.509178], [-6.1413598, 53.5090116], [-6.1422258, 53.5090492], [-6.1435437, 53.5093195], [-6.1445737, 53.5094726], [-6.1461186, 53.5096768], [-6.1470628, 53.5096768], [-6.1474919, 53.5094726], [-6.1476636, 53.5089111], [-6.148658, 53.5026496], [-6.1487362, 53.5023895], [-6.1488585, 53.5022895], [-6.1490978, 53.5023084], [-6.1491431, 53.5024155], [-6.1500276, 53.5025533], [-6.1514168, 53.5028295], [-6.1519884, 53.5029432], [-6.1543539, 53.5034054], [-6.1566864, 53.5039015], [-6.1568172, 53.5039282], [-6.1573864, 53.503521], [-6.1578462, 53.5034989], [-6.15808, 53.5035172], [-6.1582724, 53.5036503], [-6.1582093, 53.5038672], [-6.1582556, 53.5039973], [-6.1583298, 53.5040567], [-6.1584609, 53.5040902], [-6.1591353, 53.5040238], [-6.1595885, 53.5040186], [-6.1599027, 53.5039702], [-6.1600076, 53.5039717], [-6.1600907, 53.5039275], [-6.1600297, 53.5039001], [-6.1599542, 53.5039133], [-6.1595572, 53.5039707], [-6.1591459, 53.5039557], [-6.158521, 53.5040236], [-6.1583804, 53.5039614], [-6.1583827, 53.5038993], [-6.1584712, 53.5036111], [-6.1582003, 53.5033584], [-6.158803, 53.503133], [-6.1594085, 53.5031368], [-6.1598235, 53.5028823], [-6.1601213, 53.5029024], [-6.1607662, 53.5026543], [-6.1616578, 53.5026675], [-6.1612348, 53.5023416], [-6.1606768, 53.5023789], [-6.1605871, 53.5021673], [-6.1611577, 53.5017016], [-6.1620482, 53.5014633], [-6.1627123, 53.5015333], [-6.1635508, 53.5016737], [-6.1640151, 53.501307], [-6.1646185, 53.5008974], [-6.1647447, 53.5008118], [-6.1651553, 53.5003816], [-6.1652372, 53.5002958], [-6.1653242, 53.5002047], [-6.1655, 53.5000205], [-6.1652253, 53.4997754], [-6.1642351, 53.4995181], [-6.1634349, 53.4994004], [-6.1620675, 53.4992418], [-6.1613906, 53.4991852], [-6.1610532, 53.4991607], [-6.1599374, 53.4990586], [-6.1597772, 53.4990681], [-6.1590791, 53.4991097], [-6.1584783, 53.4993649], [-6.15762, 53.4993139], [-6.1563325, 53.4991607], [-6.1560004, 53.499188], [-6.1557217, 53.4991691], [-6.1555865, 53.4991599], [-6.1549592, 53.4990076], [-6.1537263, 53.4992156], [-6.1528526, 53.4998348], [-6.1526425, 53.5001095], [-6.1525231, 53.5001633], [-6.1523794, 53.5001419], [-6.1522738, 53.5003355], [-6.1518693, 53.5005392], [-6.1514082, 53.5004944], [-6.1506651, 53.5005243], [-6.1503727, 53.5005643], [-6.150262, 53.500532], [-6.1502374, 53.5004533], [-6.1494955, 53.5003085], [-6.1493716, 53.5012262], [-6.1493072, 53.5017033], [-6.1492205, 53.5017435], [-6.1491541, 53.5017518], [-6.1489943, 53.5017378], [-6.1489125, 53.5017099], [-6.1488344, 53.501637], [-6.1488544, 53.5015164], [-6.1489807, 53.5002427], [-6.1480785, 53.5000875], [-6.1470628, 53.4999776], [-6.1465254, 53.4999985], [-6.1459404, 53.5002019], [-6.144402, 53.5009987], [-6.1442314, 53.5009143], [-6.142849, 53.500231], [-6.1423858, 53.5001199], [-6.1418743, 53.4999973], [-6.1414838, 53.4999343], [-6.1401105, 53.4997378], [-6.1394063, 53.4997921], [-6.138308, 53.4999265], [-6.137301, 53.4996687], [-6.1365727, 53.4995291], [-6.1360469, 53.4994899], [-6.1339518, 53.4993505], [-6.1312699, 53.4988544], [-6.1278367, 53.498497], [-6.1254253, 53.4986427], [-6.125216, 53.4988412], [-6.1244084, 53.4990355], [-6.1236368, 53.4989483], [-6.1232549, 53.4993072], [-6.1228142, 53.4993249], [-6.1230846, 53.4996787], [-6.1229355, 53.4998849], [-6.1224213, 53.4999279], [-6.1218926, 53.499721], [-6.1222145, 53.5001178], [-6.1221586, 53.5002954], [-6.1229444, 53.5008455], [-6.123631, 53.5008455], [-6.1247468, 53.5010497], [-6.1250901, 53.5016113], [-6.1258626, 53.5019687], [-6.1267209, 53.5026323], [-6.1267209, 53.5030918], [-6.1272359, 53.5040617], [-6.1274076, 53.5052869], [-6.1283517, 53.5062057], [-6.1289525, 53.5071246], [-6.1292958, 53.5078392], [-6.1298108, 53.508809], [-6.1300223, 53.5094378], [-6.13024, 53.5100851], [-6.129725, 53.5104424], [-6.1288667, 53.5103913], [-6.1282659, 53.509983], [-6.1263776, 53.5096257], [-6.1254387, 53.5094891], [-6.1244893, 53.5092684], [-6.1236604, 53.5092416], [-6.1232498, 53.5093097], [-6.1221584, 53.5096137], [-6.1220461, 53.5096649], [-6.1218394, 53.5096578], [-6.1214387, 53.509555], [-6.1209263, 53.5093458], [-6.1201667, 53.5089294], [-6.1193385, 53.5090477], [-6.1187355, 53.5090211], [-6.1181061, 53.5088852], [-6.118, 53.5090792], [-6.1174379, 53.5092198], [-6.1172795, 53.5093705], [-6.1165018, 53.5094957], [-6.1159248, 53.5094701], [-6.1147711, 53.5079823], [-6.1146801, 53.5063968], [-6.1137605, 53.5045722], [-6.1129022, 53.5026834], [-6.1120439, 53.500335], [-6.1112976, 53.4986402], [-6.1110997, 53.4981907], [-6.1101556, 53.4959952], [-6.1090398, 53.4944123], [-6.1078382, 53.4934422], [-6.106379, 53.4934422], [-6.1056066, 53.4933911], [-6.1046624, 53.493289], [-6.1035466, 53.49334], [-6.1024308, 53.4931358], [-6.1010575, 53.4931358], [-6.0995984, 53.4931358], [-6.0987005, 53.4932651], [-6.0982214, 53.493162], [-6.0980246, 53.4932354], [-6.0979562, 53.4931371], [-6.0982814, 53.4928901], [-6.0975385, 53.4921145], [-6.0968138, 53.4915917], [-6.0969377, 53.4911443], [-6.0968148, 53.490348], [-6.0965171, 53.4899884], [-6.0966133, 53.4895074], [-6.0967434, 53.4894281], [-6.0968832, 53.489343], [-6.0971359, 53.4891402], [-6.0975034, 53.489123], [-6.0978509, 53.4890162], [-6.0980905, 53.4888881], [-6.0981393, 53.4887953], [-6.0986418, 53.4886485], [-6.0991611, 53.488119], [-6.0994158, 53.4879574], [-6.0994313, 53.4883535], [-6.0998168, 53.4882423], [-6.0999102, 53.4877744], [-6.0998559, 53.4875696], [-6.1002061, 53.4870701], [-6.1013143, 53.4866316], [-6.1018143, 53.4858395], [-6.1028029, 53.485481], [-6.1030079, 53.4852953], [-6.1032033, 53.4851183], [-6.1033425, 53.4849749], [-6.1036027, 53.4848584], [-6.1039379, 53.4847116], [-6.1039701, 53.4844594], [-6.1037341, 53.4844195], [-6.1036992, 53.4842695], [-6.1044006, 53.4840063], [-6.1060541, 53.4835047], [-6.1084085, 53.4830508], [-6.1090997, 53.4828385], [-6.1096242, 53.4828682], [-6.1100196, 53.4829713], [-6.1102787, 53.4830389], [-6.1104503, 53.4829974], [-6.1104718, 53.4829288], [-6.1104557, 53.4827884], [-6.1104986, 53.4827884], [-6.1106381, 53.4828187], [-6.1107963, 53.4827373], [-6.1110485, 53.4824915], [-6.1116171, 53.4821882], [-6.1118048, 53.4820573], [-6.1120597, 53.4818786], [-6.1125559, 53.4813694], [-6.1128455, 53.4809736], [-6.1128549, 53.4809633], [-6.1130655, 53.4807325], [-6.1130279, 53.4806128], [-6.1128134, 53.4805586], [-6.1127034, 53.4805107], [-6.1127704, 53.4804309], [-6.1128294, 53.4802601], [-6.1128429, 53.4801356], [-6.1128214, 53.4800302], [-6.1130011, 53.4798914], [-6.1131004, 53.4798578], [-6.1130521, 53.4797477], [-6.1129528, 53.4795625], [-6.1128831, 53.4794476], [-6.112926, 53.4793838], [-6.1130038, 53.4793119], [-6.1129904, 53.4792098], [-6.1130655, 53.4790853], [-6.1131701, 53.4790198], [-6.1133686, 53.4789608], [-6.1134034, 53.4788602], [-6.1134195, 53.478766], [-6.1135429, 53.4787277], [-6.1136583, 53.478758], [-6.1136717, 53.478865], [-6.1136529, 53.4790198], [-6.1137433, 53.4790025], [-6.1140364, 53.4789464], [-6.1144468, 53.47879], [-6.1146627, 53.4786511], [-6.114766, 53.4785657], [-6.1148492, 53.4784939], [-6.1149202, 53.4784101], [-6.114935, 53.4783302], [-6.1149026, 53.4782728], [-6.1147559, 53.4782054], [-6.1147707, 53.4781203], [-6.1147614, 53.4780536], [-6.1148548, 53.4779869], [-6.1149108, 53.4779202], [-6.1148361, 53.477859], [-6.11487, 53.4777625], [-6.1152594, 53.4775946], [-6.1155707, 53.4776039], [-6.1155963, 53.4776165], [-6.1155787, 53.4776646], [-6.1155841, 53.4777285], [-6.1156565, 53.4777396], [-6.1158523, 53.4777029], [-6.1159033, 53.477746], [-6.1158255, 53.4778386], [-6.1157048, 53.4778897], [-6.1158728, 53.477998], [-6.1162775, 53.4779677], [-6.1164625, 53.477912], [-6.1168099, 53.4777093], [-6.1175072, 53.4770357], [-6.118108, 53.4763109], [-6.1187947, 53.4756469], [-6.1190616, 53.475338], [-6.1192507, 53.4751233], [-6.1195457, 53.4746443], [-6.1200982, 53.473977], [-6.1217666, 53.4719527], [-6.1220386, 53.4715869], [-6.1228609, 53.4704807], [-6.1233383, 53.4699251], [-6.1243522, 53.4681274], [-6.1253715, 53.466585], [-6.1262298, 53.4650841], [-6.1269057, 53.4636917], [-6.1283541, 53.4602265], [-6.129089, 53.4587157], [-6.1295503, 53.4577671], [-6.1299312, 53.4568728], [-6.1306393, 53.4560199], [-6.1309129, 53.4556973], [-6.1317176, 53.4550617], [-6.1328119, 53.4539085], [-6.13374, 53.453177], [-6.1353976, 53.4527202], [-6.1366815, 53.452502], [-6.1367289, 53.4524939], [-6.1375655, 53.4524929], [-6.1384936, 53.4525956], [-6.1391848, 53.4527394], [-6.139866, 53.4529989], [-6.1402092, 53.4532598], [-6.1404455, 53.4534357], [-6.1406735, 53.4535587], [-6.1406896, 53.4536801], [-6.1405715, 53.4537504], [-6.1404428, 53.4538015], [-6.1402148, 53.4539181], [-6.1401317, 53.4539628], [-6.1400887, 53.4539644], [-6.1399654, 53.4539181], [-6.1398232, 53.4538622], [-6.1398795, 53.4538941], [-6.1400056, 53.4539628], [-6.1399868, 53.4539836], [-6.13985, 53.4539516], [-6.1397186, 53.4539452], [-6.1396006, 53.4539245], [-6.1395067, 53.4538973], [-6.139386, 53.4538957], [-6.1392841, 53.4538303], [-6.1392733, 53.4538542], [-6.1392921, 53.4539165], [-6.1392358, 53.4539277], [-6.1391205, 53.4539484], [-6.1390212, 53.4539708], [-6.1388925, 53.4540155], [-6.1387315, 53.4540379], [-6.138584, 53.4540666], [-6.1386189, 53.454081], [-6.1388469, 53.4540539], [-6.1390427, 53.4540379], [-6.1393109, 53.4540091], [-6.1394852, 53.4539724], [-6.139563, 53.4539996], [-6.1396569, 53.4540395], [-6.1398017, 53.4540666], [-6.13996, 53.4540842], [-6.1401773, 53.4541034], [-6.1403918, 53.4541657], [-6.1403006, 53.4541784], [-6.140188, 53.4542104], [-6.1401263, 53.4542966], [-6.1400673, 53.4543573], [-6.1400673, 53.4544707], [-6.1400566, 53.4545234], [-6.1399841, 53.4545522], [-6.1398822, 53.4545522], [-6.1398152, 53.4545889], [-6.1397105, 53.4546496], [-6.1396381, 53.4546336], [-6.1394933, 53.4545889], [-6.1394101, 53.4545889], [-6.1393377, 53.454624], [-6.139335, 53.4546783], [-6.1393377, 53.4547502], [-6.1392653, 53.4547742], [-6.1392063, 53.4547965], [-6.1391526, 53.4548253], [-6.1390051, 53.454846], [-6.1389354, 53.4548716], [-6.1388764, 53.4549307], [-6.1388281, 53.4549674], [-6.1387342, 53.4549594], [-6.1386645, 53.4549419], [-6.1385706, 53.4548908], [-6.138415, 53.4548572], [-6.1383694, 53.4549019], [-6.1383346, 53.4549562], [-6.1382729, 53.4549754], [-6.1381871, 53.4549722], [-6.138061, 53.454969], [-6.1380154, 53.4549978], [-6.1379617, 53.4550808], [-6.1380261, 53.4550601], [-6.1381039, 53.4550201], [-6.1382434, 53.4550105], [-6.1383131, 53.4550137], [-6.138415, 53.4549738], [-6.1384177, 53.4549211], [-6.1384606, 53.4548924], [-6.1385411, 53.4549067], [-6.1386591, 53.4549898], [-6.1388227, 53.4550121], [-6.1389166, 53.4549786], [-6.1389864, 53.4548972], [-6.139091, 53.4548828], [-6.1392036, 53.4548844], [-6.1392975, 53.4548365], [-6.1393967, 53.4548157], [-6.1394826, 53.4547901], [-6.1394745, 53.4547135], [-6.139496, 53.4546767], [-6.1395469, 53.4546847], [-6.1396354, 53.4547374], [-6.1397347, 53.4547885], [-6.1398339, 53.4547917], [-6.1399278, 53.4547279], [-6.1400163, 53.454664], [-6.1401317, 53.4546256], [-6.1402389, 53.4545889], [-6.1402658, 53.4545506], [-6.1402497, 53.4544755], [-6.1402309, 53.4543893], [-6.1402819, 53.4543238], [-6.1404374, 53.4543413], [-6.1405072, 53.4544084], [-6.1406225, 53.4544452], [-6.1408411, 53.4544084], [-6.1410986, 53.4543781], [-6.1412729, 53.4543637], [-6.1413601, 53.4543182], [-6.1413869, 53.4542631], [-6.14158, 53.4542759], [-6.1416122, 53.4543078], [-6.1417356, 53.4543222], [-6.1418322, 53.4543653], [-6.1418322, 53.4544611], [-6.1417598, 53.4545314], [-6.1418939, 53.4545154], [-6.1420897, 53.4544803], [-6.142197, 53.4544244], [-6.1423203, 53.454327], [-6.1425081, 53.4541928], [-6.1426918, 53.454224], [-6.1428876, 53.4542335], [-6.1430378, 53.4542224], [-6.1431947, 53.4541824], [-6.143357, 53.4541329], [-6.1437888, 53.4541377], [-6.1443535, 53.4540922], [-6.1444876, 53.4540634], [-6.1446914, 53.454089], [-6.1451098, 53.4541864], [-6.1457562, 53.4544963], [-6.145893, 53.4545921], [-6.1460459, 53.454739], [-6.1461505, 53.4548524], [-6.1461559, 53.4549371], [-6.1460701, 53.4550728], [-6.1460727, 53.4551511], [-6.1460352, 53.4552022], [-6.145936, 53.4552134], [-6.1458448, 53.4551527], [-6.1456919, 53.455092], [-6.1455363, 53.4550617], [-6.1453941, 53.4550744], [-6.1452359, 53.4551495], [-6.1451474, 53.4553204], [-6.1450106, 53.4553859], [-6.1447933, 53.4554577], [-6.1446217, 53.4554849], [-6.1444849, 53.4554737], [-6.1441416, 53.4554018], [-6.1440504, 53.455413], [-6.1439377, 53.4554609], [-6.1438572, 53.4554482], [-6.1437392, 53.455445], [-6.1435756, 53.4554322], [-6.1437285, 53.4554785], [-6.1438921, 53.4555184], [-6.1440101, 53.4554913], [-6.1440825, 53.4554386], [-6.1442032, 53.455453], [-6.1443293, 53.4554977], [-6.1444876, 53.4555344], [-6.1444178, 53.4555919], [-6.1442891, 53.4556813], [-6.1441469, 53.4557947], [-6.1438063, 53.4558842], [-6.1436775, 53.4559528], [-6.1435729, 53.4560662], [-6.1434308, 53.4561557], [-6.1432698, 53.4562164], [-6.1430284, 53.4562834], [-6.1427897, 53.4563441], [-6.1425591, 53.4563537], [-6.1422613, 53.4563537], [-6.1414057, 53.4563122], [-6.1412314, 53.4562994], [-6.1410812, 53.4562691], [-6.1409551, 53.4562627], [-6.1408961, 53.4563042], [-6.1408317, 53.4564048], [-6.1408398, 53.4565214], [-6.1408585, 53.4565965], [-6.1407593, 53.4566779], [-6.1406493, 53.4567322], [-6.1404696, 53.4568089], [-6.1403865, 53.4569255], [-6.1402684, 53.4569622], [-6.1400914, 53.4569303], [-6.1399546, 53.4568344], [-6.1398876, 53.4567737], [-6.1397749, 53.4566939], [-6.1396542, 53.4566332], [-6.1395094, 53.456614], [-6.1392573, 53.4566236], [-6.1390454, 53.4566572], [-6.1388844, 53.4566795], [-6.1388066, 53.4567386], [-6.1387825, 53.4568536], [-6.1387986, 53.4569494], [-6.1387369, 53.457173], [-6.1384553, 53.4573136], [-6.1382139, 53.4574269], [-6.1379081, 53.4575403], [-6.1374199, 53.4576809], [-6.1376184, 53.4576729], [-6.1377123, 53.4576617], [-6.1379349, 53.4576042], [-6.1381656, 53.4575036], [-6.1387906, 53.457181], [-6.1388737, 53.4570724], [-6.138863, 53.456951], [-6.1388603, 53.4568264], [-6.1389354, 53.4567594], [-6.1391285, 53.456729], [-6.1393592, 53.4566891], [-6.1395818, 53.4567035], [-6.1399063, 53.4569239], [-6.1400539, 53.4569941], [-6.1403462, 53.45705], [-6.1405179, 53.4569702], [-6.1405554, 53.4568792], [-6.1406654, 53.4568121], [-6.1408559, 53.4567514], [-6.1409953, 53.4566651], [-6.141057, 53.4565581], [-6.1410007, 53.4564671], [-6.1409766, 53.4564224], [-6.1410731, 53.4564128], [-6.1414674, 53.4564256], [-6.1422372, 53.4564463], [-6.1430123, 53.4563873], [-6.1432541, 53.4562997], [-6.1435166, 53.4561812], [-6.1436024, 53.4561381], [-6.1437044, 53.4560902], [-6.1438867, 53.4559832], [-6.144053, 53.455956], [-6.1442784, 53.4559209], [-6.1446217, 53.455742], [-6.1450213, 53.4554881], [-6.1453271, 53.4553731], [-6.1457294, 53.4554066], [-6.145834, 53.4554817], [-6.1460459, 53.4555584], [-6.1461391, 53.4555847], [-6.1462551, 53.4556175], [-6.146467, 53.4556206], [-6.1466682, 53.4555632], [-6.1469181, 53.4554119], [-6.1469618, 53.4553588], [-6.1470223, 53.4552725], [-6.1470974, 53.4552549], [-6.1471134, 53.4553731], [-6.1473602, 53.455429], [-6.1474997, 53.4555759], [-6.1476204, 53.4557564], [-6.1476177, 53.4559129], [-6.1475238, 53.4560024], [-6.1473253, 53.4560934], [-6.1470947, 53.4561269], [-6.1469284, 53.456301], [-6.1465126, 53.4565038], [-6.1462283, 53.456614], [-6.1456543, 53.4567466], [-6.1450589, 53.4568951], [-6.144729, 53.4570452], [-6.1445949, 53.4571219], [-6.1442462, 53.4574605], [-6.1440477, 53.4578326], [-6.1439565, 53.4579907], [-6.1437956, 53.4583309], [-6.1435434, 53.4586343], [-6.143361, 53.4588946], [-6.1433288, 53.4591341], [-6.1432269, 53.4593673], [-6.143066, 53.4596564], [-6.1430526, 53.4598815], [-6.1430794, 53.460062], [-6.1430714, 53.460252], [-6.1430043, 53.4604628], [-6.1429212, 53.4607087], [-6.1429051, 53.4608429], [-6.1430043, 53.4611255], [-6.1430338, 53.4614561], [-6.1429828, 53.4617787], [-6.1429212, 53.462031], [-6.1426798, 53.4624781], [-6.1425591, 53.4625675], [-6.1423713, 53.4627048], [-6.1421728, 53.4628358], [-6.1418054, 53.4629859], [-6.141285, 53.4631503], [-6.1410865, 53.4631823], [-6.1407352, 53.4631823], [-6.1403999, 53.4631679], [-6.1401585, 53.4631887], [-6.1398956, 53.4633132], [-6.1397937, 53.4634825], [-6.1396757, 53.4637252], [-6.1393914, 53.4641659], [-6.1392975, 53.4642681], [-6.1391875, 53.4644278], [-6.1391312, 53.4645507], [-6.1389783, 53.4646497], [-6.1388388, 53.465017], [-6.1387718, 53.4651368], [-6.1385465, 53.4653172], [-6.1383051, 53.4654322], [-6.1378276, 53.4655854], [-6.1375675, 53.4656653], [-6.1371303, 53.4657244], [-6.136803, 53.4658265], [-6.1365536, 53.4659543], [-6.1361566, 53.4661379], [-6.1355451, 53.4665515], [-6.1355183, 53.4666776], [-6.1354002, 53.4668197], [-6.1351696, 53.4669921], [-6.1347324, 53.4672668], [-6.1349764, 53.4674169], [-6.1347351, 53.4675015], [-6.1345339, 53.4676069], [-6.13433, 53.4677362], [-6.1340752, 53.4678687], [-6.1337775, 53.4679709], [-6.1335763, 53.4681449], [-6.1336139, 53.4682439], [-6.1337319, 53.4683301], [-6.1337158, 53.4684611], [-6.1337829, 53.4685281], [-6.1338258, 53.4686271], [-6.1336246, 53.4687245], [-6.1339116, 53.4687165], [-6.1340645, 53.4687389], [-6.1341476, 53.4688315], [-6.1339787, 53.4689017], [-6.1337534, 53.4690997], [-6.1337721, 53.4692274], [-6.1338311, 53.4693663], [-6.1339438, 53.469542], [-6.1341745, 53.4696745], [-6.1344615, 53.4698485], [-6.1348748, 53.4702026], [-6.1350158, 53.4702772], [-6.1353559, 53.4704571], [-6.1356473, 53.4706113], [-6.1365914, 53.4710711], [-6.1376214, 53.4713266], [-6.1380932, 53.4713971], [-6.1383252, 53.4714307], [-6.1385921, 53.4714985], [-6.1388952, 53.4715847], [-6.1395523, 53.4718929], [-6.1401397, 53.4722058], [-6.1403261, 53.4723519], [-6.1404803, 53.472462], [-6.1409873, 53.4728037], [-6.1412193, 53.4729314], [-6.1415291, 53.4730351], [-6.14169, 53.4731277], [-6.1419636, 53.4733089], [-6.1421581, 53.4733943], [-6.1427562, 53.4737807], [-6.1431545, 53.4740305], [-6.1435823, 53.4743083], [-6.1443226, 53.4746475], [-6.1449087, 53.4748742], [-6.1454625, 53.475045], [-6.1459588, 53.4751089], [-6.1462498, 53.4749796], [-6.1464509, 53.4749939], [-6.1469579, 53.475037], [-6.1470518, 53.4750003], [-6.1472154, 53.4749221], [-6.1475158, 53.4748742], [-6.1479315, 53.4748567], [-6.1484572, 53.4748822], [-6.1487389, 53.4749014], [-6.1489722, 53.4749524], [-6.1492002, 53.4749828], [-6.1493732, 53.474875], [-6.1495033, 53.4748343], [-6.1496294, 53.4748734], [-6.149711, 53.4748645], [-6.1498037, 53.4748543], [-6.1499995, 53.4748231], [-6.1501738, 53.4747848], [-6.1502785, 53.4747681], [-6.1504394, 53.474717], [-6.150497, 53.474664], [-6.1505198, 53.4746228], [-6.1506794, 53.4745294], [-6.1507043, 53.4744747], [-6.1507733, 53.4744344], [-6.1508504, 53.4744153], [-6.1508591, 53.4744592], [-6.1509007, 53.4745027], [-6.1509832, 53.4745306], [-6.1510214, 53.4745462], [-6.151063, 53.4746044], [-6.1510717, 53.4746651], [-6.151057, 53.4747114], [-6.151059, 53.4747593], [-6.1511247, 53.474776], [-6.1511689, 53.4747856], [-6.151173, 53.4748307], [-6.1511455, 53.4748654], [-6.1511287, 53.4749049], [-6.1511495, 53.4749309], [-6.1512266, 53.4749624], [-6.1513111, 53.4749915], [-6.151348, 53.4750043], [-6.1513795, 53.4750131], [-6.1514157, 53.4750378], [-6.1514631, 53.4750368], [-6.1514908, 53.4750362], [-6.1514747, 53.4750083], [-6.1514103, 53.4749732], [-6.1513084, 53.4749405], [-6.1512347, 53.4749173], [-6.151232, 53.4748886], [-6.1512682, 53.4748511], [-6.1512548, 53.4747832], [-6.1512092, 53.4747385], [-6.1512145, 53.4747266], [-6.1512575, 53.4747234], [-6.1513098, 53.4747465], [-6.1513916, 53.4747736], [-6.1513889, 53.4747449], [-6.1513031, 53.4746922], [-6.1512668, 53.4746731], [-6.1511488, 53.4746898], [-6.1511529, 53.4746723], [-6.1511971, 53.4746475], [-6.1512132, 53.4745996], [-6.1511609, 53.4745545], [-6.1511273, 53.4745202], [-6.1511113, 53.4745039], [-6.1510737, 53.4744815], [-6.1509825, 53.4744448], [-6.1510241, 53.4744512], [-6.1511073, 53.4744472], [-6.1511582, 53.4744145], [-6.1511126, 53.4743682], [-6.1510402, 53.4743378], [-6.1509436, 53.4743267], [-6.1508068, 53.4743346], [-6.1507773, 53.4743203], [-6.1508498, 53.4743083], [-6.1509611, 53.4743139], [-6.1510214, 53.4742979], [-6.1510912, 53.474254], [-6.1511733, 53.4742327], [-6.1512172, 53.4742213], [-6.1514117, 53.474191], [-6.15137, 53.4741781], [-6.1513473, 53.474171], [-6.1512246, 53.4741902], [-6.1511455, 53.474191], [-6.1510784, 53.4741926], [-6.1510181, 53.4742069], [-6.1509993, 53.4741906], [-6.1509564, 53.4741514], [-6.1508913, 53.4741139], [-6.1509215, 53.4740916], [-6.1509208, 53.474074], [-6.1508645, 53.4740565], [-6.1508203, 53.4740401], [-6.1508477, 53.4740177], [-6.150896, 53.4740197], [-6.1509503, 53.4740397], [-6.1510067, 53.4740269], [-6.1510476, 53.4739938], [-6.1510784, 53.4739707], [-6.1510952, 53.4739276], [-6.1511166, 53.4739319], [-6.1511287, 53.4739611], [-6.1511542, 53.4740034], [-6.1512038, 53.4740333], [-6.1512159, 53.4740585], [-6.1512405, 53.4740628], [-6.1512682, 53.4740676], [-6.1512829, 53.4740553], [-6.1512695, 53.4740253], [-6.1512005, 53.4739966], [-6.1511917, 53.4739523], [-6.1511763, 53.4739036], [-6.1511106, 53.4738581], [-6.1511381, 53.4738366], [-6.1511756, 53.4738461], [-6.1511889, 53.4738414], [-6.1512045, 53.4738358], [-6.1512119, 53.4738202], [-6.1511354, 53.473803], [-6.1510831, 53.4737855], [-6.1510751, 53.473732], [-6.1511046, 53.4736997], [-6.15135, 53.4736937], [-6.1514284, 53.4736817], [-6.1514888, 53.4736438], [-6.1516383, 53.473645], [-6.1518764, 53.473619], [-6.1519937, 53.4736274], [-6.152164, 53.4736825], [-6.1522257, 53.4737192], [-6.1522217, 53.4736905], [-6.1522023, 53.4736689], [-6.1520366, 53.4736294], [-6.1520165, 53.4735875], [-6.1519937, 53.4735668], [-6.1519421, 53.4735705], [-6.1518958, 53.4735739], [-6.151865, 53.473566], [-6.1516638, 53.4735971], [-6.1514908, 53.4735963], [-6.1513621, 53.4736322], [-6.1511743, 53.4736123], [-6.1511153, 53.4735851], [-6.1510965, 53.4735364], [-6.1511877, 53.4734869], [-6.1511582, 53.4734359], [-6.1510965, 53.473388], [-6.1511448, 53.4733257], [-6.1511998, 53.4733273], [-6.1511971, 53.473265], [-6.1512159, 53.4732139], [-6.1511421, 53.4731844], [-6.151118, 53.4731429], [-6.1511609, 53.4731078], [-6.1511099, 53.4730591], [-6.1510214, 53.4730072], [-6.1509885, 53.4729812], [-6.1509074, 53.4728827], [-6.1511368, 53.4727645], [-6.1512494, 53.4727294], [-6.1513674, 53.4726847], [-6.1514412, 53.4726624], [-6.151498, 53.4726632], [-6.1515525, 53.4726688], [-6.1516075, 53.4727103], [-6.1516705, 53.4727438], [-6.1517805, 53.4727422], [-6.1518301, 53.472747], [-6.1517818, 53.4727829], [-6.1517671, 53.4727989], [-6.1518475, 53.4727805], [-6.1518985, 53.4727566], [-6.1519481, 53.4727174], [-6.1520004, 53.472723], [-6.1520836, 53.4727645], [-6.1520742, 53.4728172], [-6.152046, 53.4728795], [-6.1520366, 53.4729322], [-6.1520621, 53.4729865], [-6.152219, 53.4731597], [-6.1521815, 53.4730782], [-6.1521412, 53.4730192], [-6.1520822, 53.4729697], [-6.1520983, 53.4729418], [-6.152101, 53.4728827], [-6.1521721, 53.4728372], [-6.1522593, 53.4728356], [-6.1523424, 53.4728132], [-6.1524202, 53.4728212], [-6.1525141, 53.4728595], [-6.1525543, 53.4729226], [-6.1526106, 53.4730192], [-6.1526039, 53.4730655], [-6.1526066, 53.4731341], [-6.1526147, 53.4732179], [-6.1526147, 53.4731756], [-6.1526294, 53.4731317], [-6.1526334, 53.4730743], [-6.1526482, 53.4730415], [-6.152667, 53.4730479], [-6.1526938, 53.4730894], [-6.1526924, 53.4731517], [-6.1527018, 53.4731852], [-6.1527622, 53.4732563], [-6.1527756, 53.4732523], [-6.1527488, 53.47321], [-6.1527273, 53.4731613], [-6.1527152, 53.4730615], [-6.1526683, 53.4729817], [-6.1526683, 53.472917], [-6.1526871, 53.4728691], [-6.1527488, 53.472818], [-6.1527756, 53.4728707], [-6.1528091, 53.4729433], [-6.1529084, 53.4730128], [-6.1529151, 53.4729928], [-6.1528708, 53.4729362], [-6.1528547, 53.4728627], [-6.1528896, 53.4728531], [-6.1529593, 53.4728994], [-6.15297, 53.4728595], [-6.1529177, 53.4727949], [-6.1529298, 53.4726616], [-6.1529405, 53.4725618], [-6.1529969, 53.4725043], [-6.153249, 53.4724804], [-6.1532603, 53.4724577], [-6.1532723, 53.4724334], [-6.153272, 53.4724094], [-6.1532718, 53.4723854], [-6.1530921, 53.4723798], [-6.1530478, 53.4723056], [-6.1527099, 53.4722585], [-6.1526763, 53.4721954], [-6.1525422, 53.4721571], [-6.1523706, 53.4721954], [-6.1522552, 53.472197], [-6.152046, 53.4720757], [-6.1518985, 53.4719527], [-6.1516839, 53.4718985], [-6.1514908, 53.471841], [-6.1512977, 53.4718234], [-6.1510295, 53.4718282], [-6.1506942, 53.4718713], [-6.1500746, 53.472031], [-6.1497393, 53.4721268], [-6.1494577, 53.4722417], [-6.1491358, 53.4723391], [-6.1488622, 53.4723439], [-6.1486825, 53.4723263], [-6.1485511, 53.4722992], [-6.1484304, 53.4721683], [-6.1483768, 53.4720246], [-6.1483312, 53.4718905], [-6.1483955, 53.4717899], [-6.1484867, 53.4718362], [-6.1485297, 53.4719926], [-6.1485806, 53.4721108], [-6.1486557, 53.4719911], [-6.1486021, 53.4718553], [-6.1485109, 53.4717452], [-6.1484116, 53.4717053], [-6.148409, 53.4715616], [-6.1484197, 53.4714498], [-6.1484894, 53.4712694], [-6.148653, 53.4709805], [-6.1487483, 53.4707777], [-6.1488126, 53.4707314], [-6.1489642, 53.4706795], [-6.1493802, 53.4706113], [-6.1498158, 53.4705558], [-6.1501363, 53.4704975], [-6.1506677, 53.4703048], [-6.1512685, 53.4699983], [-6.1528949, 53.4696585], [-6.1531793, 53.4694318], [-6.1536661, 53.4691492], [-6.1539397, 53.4672428], [-6.1545217, 53.4634026], [-6.1549884, 53.4603854], [-6.1551467, 53.4593873], [-6.1552349, 53.4593352], [-6.1555161, 53.4593547], [-6.1555743, 53.4593588], [-6.1556945, 53.4593671], [-6.1542345, 53.4686535], [-6.1546743, 53.4690261], [-6.155095, 53.4690491], [-6.1557269, 53.4689991], [-6.1562483, 53.4688839], [-6.1567914, 53.4687157], [-6.157148, 53.4686987], [-6.1575687, 53.4686363], [-6.1586845, 53.4687367], [-6.1596082, 53.4688022], [-6.1599815, 53.4687765], [-6.1600325, 53.4687304], [-6.160058, 53.4685885], [-6.1601124, 53.4685579], [-6.1601975, 53.4685101], [-6.1603912, 53.4684435], [-6.1606515, 53.468466], [-6.1608955, 53.4684888], [-6.1613358, 53.4686227], [-6.161666, 53.4687053], [-6.1620537, 53.4687594], [-6.1624461, 53.4687708], [-6.1630395, 53.4688022], [-6.1632884, 53.468862], [-6.1650973, 53.4691868], [-6.1657769, 53.4692067], [-6.1664996, 53.4693833], [-6.1672145, 53.46946], [-6.1677078, 53.4695834], [-6.1685272, 53.4697642], [-6.1690548, 53.4698001], [-6.1696022, 53.4697916], [-6.1701742, 53.4697562], [-6.1708401, 53.4696762], [-6.1716248, 53.4696128], [-6.1717204, 53.4696042], [-6.1718419, 53.4695753], [-6.1719307, 53.4695857], [-6.1720941, 53.4695985], [-6.1724109, 53.4695807], [-6.172549, 53.4695334], [-6.1726277, 53.4695064], [-6.1734129, 53.4694015], [-6.173959, 53.4693411], [-6.1745671, 53.4692534], [-6.1752141, 53.4691164], [-6.1758118, 53.4689799], [-6.1761259, 53.46888], [-6.176725, 53.468647], [-6.1770761, 53.4684578], [-6.1774375, 53.4682397], [-6.1783186, 53.4676705], [-6.1787995, 53.4673312], [-6.179049, 53.4672064], [-6.1792786, 53.46708], [-6.1793932, 53.467029], [-6.17962, 53.4669309], [-6.1800788, 53.4667778], [-6.1807189, 53.4666491], [-6.1810259, 53.4665265], [-6.1816144, 53.4662417], [-6.1817966, 53.4661835], [-6.1819218, 53.4661489], [-6.1820759, 53.4661382], [-6.1823567, 53.466121], [-6.1825436, 53.4661024], [-6.1827095, 53.4660741], [-6.1829116, 53.4660683], [-6.1830751, 53.4660699], [-6.1832533, 53.4660809], [-6.1834178, 53.4661019], [-6.183799, 53.4661578], [-6.1838888, 53.4661799], [-6.1839018, 53.4662172], [-6.1838594, 53.4662427], [-6.1837887, 53.4662487], [-6.1837403, 53.4663092], [-6.1837455, 53.4663911], [-6.1838494, 53.4664741], [-6.1839937, 53.4665501], [-6.1842091, 53.4666376], [-6.1844733, 53.4667228], [-6.1848511, 53.4667948], [-6.1854626, 53.4668533], [-6.1856055, 53.466874], [-6.1857482, 53.4669298], [-6.1859463, 53.4669713], [-6.1865042, 53.4670557], [-6.1866034, 53.4670194], [-6.1866245, 53.467012], [-6.1867088, 53.4670319], [-6.1867741, 53.4669835], [-6.1866754, 53.4668907], [-6.1866805, 53.4668439], [-6.1867563, 53.4666992], [-6.1867194, 53.4666418], [-6.1867432, 53.4665891], [-6.1867449, 53.466552], [-6.1870409, 53.4663573], [-6.1871923, 53.4662643], [-6.1871867, 53.4662433], [-6.187524, 53.4659599], [-6.1876616, 53.4659014], [-6.1881091, 53.4657727], [-6.1883384, 53.4656669], [-6.189165, 53.4652811], [-6.1894853, 53.4650948], [-6.1897994, 53.4648562], [-6.1902525, 53.4644904], [-6.190509, 53.4643942], [-6.1905518, 53.464337], [-6.1906683, 53.4643664], [-6.1907159, 53.4643701], [-6.1909575, 53.4643319], [-6.1912025, 53.4642489], [-6.1914185, 53.4640967], [-6.1916416, 53.4639683], [-6.1920252, 53.4639308], [-6.1921793, 53.463957], [-6.1924056, 53.4639758], [-6.1926387, 53.4640502], [-6.1928302, 53.464075], [-6.1929906, 53.4640769], [-6.1930245, 53.4641289], [-6.1929749, 53.4642042], [-6.1928633, 53.4642812], [-6.1925226, 53.4644089], [-6.1922422, 53.4644775], [-6.1918491, 53.4645512], [-6.1917233, 53.4646051], [-6.191704, 53.4646903], [-6.1917084, 53.4647712], [-6.1918376, 53.4649445], [-6.1919941, 53.4650339], [-6.1921787, 53.4651005], [-6.192417, 53.465151], [-6.1927511, 53.4651748], [-6.193777, 53.4652353], [-6.1949185, 53.4651934], [-6.1957062, 53.4651794], [-6.1961562, 53.4651141], [-6.1964712, 53.4650973], [-6.19678, 53.4650723], [-6.1969577, 53.4650445], [-6.1970511, 53.4650532], [-6.1973045, 53.4651581], [-6.1974625, 53.4652073], [-6.1976253, 53.4652836], [-6.197858, 53.4654159], [-6.1980279, 53.4655471], [-6.1983239, 53.4657153], [-6.1986077, 53.4658454], [-6.1989768, 53.4659598], [-6.1991803, 53.4659969], [-6.1994133, 53.4660623], [-6.1999494, 53.4662807], [-6.1999554, 53.466274], [-6.1999622, 53.4662664], [-6.1999506, 53.4662411], [-6.1999769, 53.4662194], [-6.2002553, 53.4662565], [-6.2003884, 53.4663102], [-6.2004559, 53.4662814], [-6.2004997, 53.4662684], [-6.2005016, 53.4662322], [-6.200422, 53.4661993], [-6.2004826, 53.466174], [-6.2005171, 53.4661595], [-6.2005413, 53.4661191], [-6.2005059, 53.4661018], [-6.2003761, 53.4660336], [-6.2003813, 53.4659657], [-6.2003286, 53.4659407], [-6.2003262, 53.4659197], [-6.2006158, 53.4658874], [-6.20094, 53.4660577], [-6.2024796, 53.4661759], [-6.2027741, 53.4662546], [-6.2028015, 53.4661535], [-6.2027815, 53.4660435], [-6.2024529, 53.4659033], [-6.2024836, 53.4658522], [-6.2023178, 53.4657388], [-6.2022276, 53.4656974], [-6.2021642, 53.4656145], [-6.2021954, 53.4655306], [-6.2023695, 53.4654355], [-6.2025999, 53.4654075], [-6.2029089, 53.4652816], [-6.2030468, 53.4648287], [-6.2030554, 53.4647934], [-6.2026533, 53.4646298], [-6.2022973, 53.4644231], [-6.2022267, 53.4642961], [-6.2018752, 53.4641262], [-6.201836, 53.4641324], [-6.2015964, 53.4641141], [-6.2014551, 53.4641024], [-6.2013578, 53.4640451], [-6.2014207, 53.463924], [-6.2014207, 53.4637807], [-6.2013125, 53.4636433], [-6.2009373, 53.4634894], [-6.2004396, 53.4633391], [-6.1998779, 53.4631983], [-6.1996027, 53.4631467], [-6.199475, 53.4631789], [-6.1993079, 53.4631584], [-6.1992391, 53.4631058], [-6.1987119, 53.4630414], [-6.198058, 53.4631168], [-6.1976879, 53.4629961], [-6.1974953, 53.4631048], [-6.1969299, 53.4631267], [-6.1967006, 53.4630789], [-6.1965209, 53.4629879], [-6.1962533, 53.4628], [-6.1958445, 53.4627172], [-6.1954814, 53.4627149], [-6.1953256, 53.4626672], [-6.1951786, 53.4624227], [-6.1949606, 53.4622718], [-6.1947072, 53.4621601], [-6.1940825, 53.4620307], [-6.1935487, 53.4618871], [-6.1919589, 53.4612754], [-6.1910128, 53.4610195], [-6.1891092, 53.4600684], [-6.1884808, 53.4599291], [-6.1881011, 53.4598881], [-6.1875021, 53.4598235], [-6.185763, 53.4598033], [-6.1853033, 53.4597696], [-6.1850145, 53.4597077], [-6.1844484, 53.4596048], [-6.183939, 53.4594532], [-6.1829307, 53.4589692], [-6.1825699, 53.4588321], [-6.1815755, 53.4585767], [-6.1810799, 53.458288], [-6.1806896, 53.4580283], [-6.1802803, 53.4576764], [-6.1796572, 53.4570523], [-6.1794709, 53.4569895], [-6.179424, 53.4569737], [-6.1791505, 53.4570129], [-6.1789217, 53.4570014], [-6.1783174, 53.4570249], [-6.1780502, 53.4569883], [-6.1770299, 53.4566341], [-6.1769988, 53.4563333], [-6.1769616, 53.4562697], [-6.1767944, 53.4562365], [-6.1763581, 53.4562268], [-6.1760605, 53.4563306], [-6.1757984, 53.4564692], [-6.1754756, 53.456586], [-6.1749392, 53.4566436], [-6.1746638, 53.4566322], [-6.1731656, 53.4561816], [-6.1730021, 53.4562216], [-6.1729235, 53.4561899], [-6.17284, 53.4561633], [-6.17287, 53.4561191], [-6.1728462, 53.4560147], [-6.1729383, 53.4558023], [-6.1729413, 53.4556819], [-6.1728462, 53.4556571], [-6.1729649, 53.4556126], [-6.1730283, 53.455555], [-6.1734809, 53.4554517], [-6.1737574, 53.455376], [-6.1738272, 53.4551712], [-6.1739874, 53.45514], [-6.1742571, 53.4551304], [-6.1744284, 53.455105], [-6.17465, 53.454936], [-6.1747383, 53.4548767], [-6.1747788, 53.4547596], [-6.1747807, 53.4547009], [-6.1748765, 53.4546178], [-6.1749736, 53.4545793], [-6.1750733, 53.4544137], [-6.1750276, 53.4544505], [-6.1749093, 53.4545457], [-6.1747711, 53.4546022], [-6.1747021, 53.4546742], [-6.1746963, 53.4547548], [-6.1746157, 53.4548267], [-6.1744977, 53.4549124], [-6.1742531, 53.4550307], [-6.1740718, 53.4550375], [-6.1739077, 53.4550324], [-6.173761, 53.4551009], [-6.1737005, 53.4551986], [-6.1735106, 53.4552963], [-6.1733638, 53.4553169], [-6.1731076, 53.4553494], [-6.1730565, 53.4553826], [-6.173076, 53.455316], [-6.1732841, 53.4552173], [-6.1734473, 53.4550769], [-6.1735416, 53.455024], [-6.1733018, 53.4550454], [-6.1731538, 53.4550442], [-6.1729992, 53.455073], [-6.1728466, 53.455108], [-6.1727043, 53.4552228], [-6.1728371, 53.4552674], [-6.1729177, 53.4551609], [-6.1731422, 53.4551626], [-6.1731076, 53.4552123], [-6.1729148, 53.45525], [-6.1728774, 53.4553391], [-6.1727968, 53.4554008], [-6.1727335, 53.45549], [-6.1725954, 53.4555534], [-6.1724946, 53.4554934], [-6.1723596, 53.455418], [-6.1716242, 53.4558067], [-6.1714785, 53.4557531], [-6.1714024, 53.4557729], [-6.1712404, 53.4558736], [-6.1713648, 53.4561527], [-6.1704299, 53.4561911], [-6.1702328, 53.4561708], [-6.1699341, 53.4560738], [-6.1697835, 53.4560585], [-6.1694845, 53.4561011], [-6.1694736, 53.4561027], [-6.1693628, 53.4560956], [-6.1692857, 53.4560906], [-6.1682505, 53.4558292], [-6.1679931, 53.4561122], [-6.1679433, 53.4561007], [-6.1681462, 53.4558316], [-6.1679047, 53.4557192], [-6.1677972, 53.45571], [-6.1675801, 53.4557563], [-6.1674179, 53.4557546], [-6.1635209, 53.4546433], [-6.1625244, 53.4542584], [-6.1615777, 53.4538639], [-6.159803, 53.4530644], [-6.1588146, 53.4526098], [-6.1582084, 53.4525029], [-6.1578767, 53.4524615], [-6.1574175, 53.4524493], [-6.1573028, 53.4524462], [-6.1570358, 53.4524902], [-6.1567446, 53.452623], [-6.1565955, 53.4527412], [-6.156551, 53.4528623], [-6.1564975, 53.4530529], [-6.1561522, 53.4553674], [-6.1560123, 53.4563053], [-6.1558613, 53.4573176], [-6.155792, 53.4577819], [-6.1546566, 53.4575615], [-6.1543734, 53.4574818], [-6.1541369, 53.4573659], [-6.1540015, 53.4572417], [-6.1538824, 53.4571132], [-6.1538273, 53.4569921], [-6.1537959, 53.4569132], [-6.1537959, 53.4567506], [-6.1538498, 53.456501], [-6.1539037, 53.456481], [-6.1539981, 53.4558587], [-6.1540229, 53.4557265], [-6.1540308, 53.455561], [-6.1540245, 53.4551976], [-6.154015, 53.4550235], [-6.1539826, 53.4549297], [-6.1537871, 53.4549428], [-6.1537798, 53.4549813], [-6.1535137, 53.4549939], [-6.1534177, 53.4547182], [-6.1537032, 53.4546956], [-6.1537303, 53.4547089], [-6.1537561, 53.4547588], [-6.153774, 53.4548049], [-6.153929, 53.4547888], [-6.1539131, 53.4547482], [-6.1538672, 53.4545609], [-6.1538066, 53.454398], [-6.153729, 53.454259], [-6.1533338, 53.4537726], [-6.1529327, 53.4533125], [-6.1524845, 53.452922], [-6.1524196, 53.4528724], [-6.1524818, 53.452635], [-6.1523871, 53.4526083], [-6.1522949, 53.4525884], [-6.1521996, 53.4525534], [-6.1521567, 53.4525089], [-6.1521535, 53.4524512], [-6.1519819, 53.4523916], [-6.1515304, 53.4522617], [-6.1514305, 53.4522439], [-6.1513907, 53.4521758], [-6.1513335, 53.4521209], [-6.1512572, 53.4520765], [-6.1506353, 53.4518338], [-6.1501694, 53.4516564], [-6.1496356, 53.4515194], [-6.1482878, 53.451321], [-6.1472144, 53.451256], [-6.146132, 53.4512226], [-6.1444679, 53.451271], [-6.1443618, 53.4512764], [-6.1437551, 53.4512859], [-6.1430297, 53.4512564], [-6.141904, 53.4512506], [-6.141115, 53.4512209], [-6.1407802, 53.451167], [-6.1404107, 53.4511406], [-6.140126, 53.4511212], [-6.1396949, 53.4509836], [-6.1395246, 53.4508776], [-6.1392696, 53.4507487], [-6.1391696, 53.4507029], [-6.1390695, 53.4506823], [-6.1390657, 53.4507407], [-6.139158, 53.4507843], [-6.1393081, 53.4508198], [-6.1393755, 53.4508656], [-6.1393736, 53.4509378], [-6.1393736, 53.4510123], [-6.139412, 53.451073], [-6.1395371, 53.4511464], [-6.1396737, 53.451183], [-6.1398335, 53.4512678], [-6.1398508, 53.4513274], [-6.1397469, 53.4514443], [-6.1393813, 53.451528], [-6.1391446, 53.4515669], [-6.138904, 53.4515749], [-6.1387443, 53.4516002], [-6.1385211, 53.4516254], [-6.1382979, 53.4516208], [-6.1381035, 53.451591], [-6.137838, 53.4515486], [-6.1375878, 53.4514856], [-6.1374473, 53.4513114], [-6.1372973, 53.451167], [-6.1372049, 53.4510306], [-6.1371318, 53.450908], [-6.1370914, 53.4507762], [-6.1369874, 53.4505608], [-6.1366468, 53.4501505], [-6.1364159, 53.4498549], [-6.1362004, 53.4495478], [-6.1360311, 53.4492555], [-6.135788, 53.4488794], [-6.1357155, 53.4487674], [-6.1355539, 53.4485542], [-6.1353249, 53.4482287], [-6.1350786, 53.4479548], [-6.1349477, 53.4478345], [-6.134736, 53.4476844], [-6.1344435, 53.4474036], [-6.1342473, 53.4471629], [-6.1340722, 53.4469085], [-6.1336373, 53.4464787], [-6.1332062, 53.4462942], [-6.1329561, 53.4462427], [-6.1325173, 53.4462197], [-6.1323311, 53.4462443], [-6.1321094, 53.4462553], [-6.1315032, 53.4462702], [-6.1311828, 53.446175], [-6.1308047, 53.4460627], [-6.1305911, 53.445955], [-6.1304641, 53.445798], [-6.130441, 53.4457292], [-6.1300716, 53.4456593], [-6.1299692, 53.4456413], [-6.1297464, 53.445602], [-6.1294192, 53.4456043], [-6.129246, 53.4456295], [-6.1290036, 53.4456135], [-6.1289151, 53.4455447], [-6.128738, 53.4453843], [-6.1286341, 53.4452307], [-6.128511, 53.4450026], [-6.1284263, 53.4449568], [-6.1282375, 53.4448852], [-6.1280876, 53.4448284], [-6.1275931, 53.4446943], [-6.127393, 53.4447218], [-6.1271409, 53.4447539], [-6.1269331, 53.4447539], [-6.1267984, 53.4447218], [-6.1268676, 53.4446576], [-6.1268445, 53.4445843], [-6.1267445, 53.4445339], [-6.1266175, 53.4445018], [-6.1265674, 53.4444238], [-6.1264558, 53.4443688], [-6.1262519, 53.4443069], [-6.1260748, 53.444284], [-6.1259748, 53.4443161], [-6.1258478, 53.4443138], [-6.12574, 53.444245], [-6.1256053, 53.4442038], [-6.1255206, 53.4441396], [-6.1253282, 53.4440445], [-6.1251473, 53.4439745], [-6.1250049, 53.4440032], [-6.1248394, 53.4440674], [-6.1247394, 53.4440032], [-6.1246893, 53.4439264], [-6.1245104, 53.4438347], [-6.124343, 53.4437064], [-6.1242679, 53.4435975], [-6.1242006, 53.4435149], [-6.1239985, 53.4435115], [-6.1238696, 53.443476], [-6.1239793, 53.4434049], [-6.124089, 53.4433511], [-6.1239004, 53.4431906], [-6.1238138, 53.4430416], [-6.1238253, 53.4429178], [-6.1237811, 53.4428227], [-6.1237118, 53.4427952], [-6.1235848, 53.4427963], [-6.1232865, 53.4428066], [-6.1231634, 53.4427619], [-6.1232519, 53.4426863], [-6.123352, 53.4426187], [-6.1232904, 53.4425717], [-6.1232711, 53.4424937], [-6.1231461, 53.4423906], [-6.1231807, 53.4423172], [-6.1232173, 53.4422439], [-6.1231518, 53.4421866], [-6.1229786, 53.4421591], [-6.1228824, 53.442088], [-6.1229459, 53.4419092], [-6.1229536, 53.4418152], [-6.1227458, 53.4417235], [-6.1225996, 53.4417407], [-6.1224456, 53.4418427], [-6.1223802, 53.4418232], [-6.1222955, 53.4416868], [-6.1219953, 53.4415722], [-6.1215679, 53.4408743], [-6.1213844, 53.4404189], [-6.1213945, 53.4400415], [-6.121407, 53.4396326], [-6.1217386, 53.4389984], [-6.1215627, 53.4386272], [-6.1211282, 53.4385345], [-6.1215557, 53.4380836], [-6.1207394, 53.4375359], [-6.1206064, 53.436863], [-6.1200201, 53.4361944], [-6.1206901, 53.435476], [-6.1236475, 53.4338139], [-6.1236683, 53.4334054], [-6.123687, 53.4326225], [-6.1237291, 53.432148], [-6.1237621, 53.4317755], [-6.1237246, 53.4310085], [-6.1236119, 53.4299186], [-6.1234725, 53.4289693], [-6.1233022, 53.4282646], [-6.1232686, 53.4281255], [-6.122995, 53.4269077], [-6.1227912, 53.4258081], [-6.1225873, 53.425025], [-6.1224854, 53.4242738], [-6.1218685, 53.422781], [-6.1216646, 53.4221321], [-6.1213321, 53.4212178], [-6.1207366, 53.4196034], [-6.1205435, 53.4190982], [-6.1202645, 53.4180784], [-6.1198193, 53.4174326], [-6.1195296, 53.4166429], [-6.1191648, 53.4161122], [-6.1188966, 53.4155047], [-6.1181241, 53.4142002], [-6.1174589, 53.4131515], [-6.1170405, 53.4125951], [-6.1165577, 53.4118501], [-6.1158443, 53.4107342], [-6.1153561, 53.409922], [-6.1147767, 53.4091417], [-6.1144763, 53.4087836], [-6.113382, 53.4072039], [-6.112926, 53.4064492], [-6.1125612, 53.4057009], [-6.111837, 53.4047574], [-6.1116707, 53.404217], [-6.1115205, 53.4036957], [-6.1113596, 53.4032703], [-6.1110914, 53.4028162], [-6.1109895, 53.4023173], [-6.1110136, 53.4020214], [-6.1111128, 53.4018919], [-6.1112094, 53.4018135], [-6.1112825, 53.4017964], [-6.1113355, 53.4018231], [-6.111314, 53.4019431], [-6.1113703, 53.4021078], [-6.1115071, 53.4023253], [-6.1117297, 53.4023844], [-6.111837, 53.4027266], [-6.1120087, 53.4023876], [-6.1121643, 53.4013194], [-6.1125022, 53.4004335], [-6.1127168, 53.4000593], [-6.1129314, 53.3998354], [-6.1132747, 53.3995795], [-6.1140311, 53.3990294], [-6.1142296, 53.3988119], [-6.1145407, 53.3982425], [-6.1150404, 53.3980306], [-6.1154878, 53.3979756], [-6.1159933, 53.397941], [-6.1163964, 53.3979614], [-6.1166594, 53.3980143], [-6.1168848, 53.3980978], [-6.1169531, 53.3982078], [-6.1170078, 53.3983626], [-6.1170078, 53.3987169], [-6.116919, 53.3989858], [-6.1170146, 53.3991507], [-6.1172467, 53.399432], [-6.1175392, 53.3996592], [-6.1177168, 53.3997753], [-6.1180556, 53.3999406], [-6.1181688, 53.3999808], [-6.118449, 53.4000643], [-6.1188893, 53.4001797], [-6.1193763, 53.4002393], [-6.1200312, 53.4003391], [-6.1205676, 53.4004063], [-6.1212221, 53.4004862], [-6.1215064, 53.4005422], [-6.1216888, 53.400595], [-6.1218417, 53.4006542], [-6.1221179, 53.4008876], [-6.1221984, 53.4011435], [-6.1222547, 53.4014473], [-6.1222065, 53.4015657], [-6.1219704, 53.401748], [-6.121906, 53.4018279], [-6.1218658, 53.4019367], [-6.1218256, 53.4020214], [-6.1217424, 53.4021366], [-6.1215922, 53.4022709], [-6.1214393, 53.4022661], [-6.1213776, 53.4022597], [-6.1213572, 53.4022757], [-6.1213267, 53.4022997], [-6.1213535, 53.4023924], [-6.1214125, 53.4024612], [-6.1214769, 53.4025523], [-6.1216164, 53.4026067], [-6.12178, 53.4026675], [-6.1218685, 53.4027186], [-6.1219597, 53.4027474], [-6.1220938, 53.4027666], [-6.1221689, 53.4028146], [-6.1223245, 53.4029313], [-6.1224103, 53.4030912], [-6.1224318, 53.403216], [-6.1224425, 53.4032975], [-6.1225632, 53.403475], [-6.1226946, 53.4036765], [-6.1225686, 53.4038844], [-6.1224505, 53.4039739], [-6.1223701, 53.404153], [-6.1233147, 53.4046739], [-6.1240782, 53.4055412], [-6.124281, 53.406105], [-6.1243462, 53.4064828], [-6.1248243, 53.4075732], [-6.1252316, 53.4087839], [-6.1256316, 53.4094375], [-6.1257201, 53.4097941], [-6.1259434, 53.4100476], [-6.1265999, 53.410982], [-6.1276778, 53.4118792], [-6.1289012, 53.413297], [-6.1290917, 53.4136663], [-6.129384, 53.4138757], [-6.1298052, 53.4141762], [-6.1300975, 53.4144096], [-6.1304198, 53.4145709], [-6.130465, 53.4145935], [-6.1308995, 53.4147294], [-6.1314198, 53.4149132], [-6.1315432, 53.4150171], [-6.1317551, 53.4150251], [-6.1319053, 53.4150283], [-6.1323184, 53.4150987], [-6.1326483, 53.4151914], [-6.1326805, 53.4153257], [-6.1326134, 53.4153704], [-6.1326107, 53.4155655], [-6.1327341, 53.4156502], [-6.1328307, 53.4157637], [-6.1328012, 53.4159379], [-6.1327395, 53.416061], [-6.132659, 53.4161234], [-6.1326778, 53.4162353], [-6.1326215, 53.4163584], [-6.1324096, 53.4163791], [-6.132077, 53.4163839], [-6.1317873, 53.4163871], [-6.1316586, 53.4163887], [-6.1314949, 53.4164399], [-6.1312696, 53.4164335], [-6.1310416, 53.4164159], [-6.1309397, 53.4163632], [-6.1308217, 53.4163152], [-6.1307573, 53.41632], [-6.130634, 53.4163775], [-6.1304301, 53.4165582], [-6.1302128, 53.4166173], [-6.1300761, 53.4166669], [-6.1300144, 53.4167196], [-6.1299956, 53.4168044], [-6.1300707, 53.4168907], [-6.130127, 53.4169259], [-6.1302772, 53.416985], [-6.1303711, 53.4170202], [-6.130473, 53.4170953], [-6.1305615, 53.4171688], [-6.130693, 53.4172296], [-6.1307186, 53.4172375], [-6.1309049, 53.4172951], [-6.1310014, 53.4173719], [-6.131004, 53.4173904], [-6.1310148, 53.4174694], [-6.1310336, 53.4175701], [-6.1310792, 53.4176628], [-6.1311033, 53.4174806], [-6.1311114, 53.4174022], [-6.1310685, 53.4173239], [-6.1309344, 53.4172232], [-6.1307868, 53.417172], [-6.1306152, 53.4171017], [-6.130603, 53.4170911], [-6.1305347, 53.4170314], [-6.130406, 53.4169594], [-6.1302772, 53.4169083], [-6.1301753, 53.4168667], [-6.1301243, 53.4167708], [-6.1302477, 53.4167228], [-6.1304301, 53.4166893], [-6.1305481, 53.4166237], [-6.1306661, 53.4165406], [-6.1307573, 53.4165086], [-6.1309612, 53.4165326], [-6.1311731, 53.4165854], [-6.1313635, 53.4166045], [-6.1316639, 53.4165918], [-6.1319, 53.416571], [-6.1320716, 53.4165342], [-6.132195, 53.4165502], [-6.1322701, 53.4166077], [-6.1324149, 53.4166829], [-6.1325437, 53.416726], [-6.1326456, 53.4167868], [-6.1326885, 53.4168683], [-6.1326966, 53.4168766], [-6.1327475, 53.4169291], [-6.1328548, 53.4169754], [-6.1329246, 53.4170681], [-6.1329299, 53.4175461], [-6.1329392, 53.4175699], [-6.1330533, 53.4178642], [-6.1331384, 53.417974], [-6.1333644, 53.4182654], [-6.1335441, 53.4184924], [-6.1336997, 53.4186235], [-6.1338499, 53.4186906], [-6.1339706, 53.418697], [-6.1341986, 53.4186491], [-6.1343649, 53.4186107], [-6.1343666, 53.4185142], [-6.1344212, 53.4182255], [-6.13444, 53.4181551], [-6.1344346, 53.418096], [-6.1343394, 53.4180656], [-6.1343233, 53.4180081], [-6.1342385, 53.4179753], [-6.1341825, 53.4179537], [-6.1341503, 53.4180288], [-6.1341074, 53.4180912], [-6.133984, 53.4180672], [-6.1338311, 53.4179729], [-6.1337829, 53.4178722], [-6.1337265, 53.4177955], [-6.1336863, 53.4177267], [-6.1337016, 53.4176495], [-6.1337158, 53.4175781], [-6.1337453, 53.4174965], [-6.1336434, 53.4173607], [-6.1337104, 53.4173127], [-6.1337686, 53.4172865], [-6.133799, 53.4172727], [-6.1338016, 53.4171736], [-6.1337829, 53.4171129], [-6.1337346, 53.4170649], [-6.1337319, 53.4170042], [-6.1337212, 53.4169338], [-6.133697, 53.4168699], [-6.1337288, 53.416822], [-6.1337426, 53.4168012], [-6.1338016, 53.4167324], [-6.1336917, 53.4166893], [-6.1336595, 53.4166701], [-6.1336729, 53.4165886], [-6.1337346, 53.4165294], [-6.133638, 53.4164623], [-6.133697, 53.4164159], [-6.1339599, 53.4164447], [-6.1340296, 53.4164127], [-6.1341047, 53.4162529], [-6.1342764, 53.4162561], [-6.1344212, 53.4162081], [-6.1345607, 53.4161457], [-6.1347592, 53.4160914], [-6.1350918, 53.4159699], [-6.1354056, 53.415575], [-6.1356148, 53.4154088], [-6.1357865, 53.4152809], [-6.1360225, 53.4152425], [-6.1360976, 53.4151818], [-6.1360198, 53.4149836], [-6.1360171, 53.4147358], [-6.1360306, 53.4145855], [-6.1359179, 53.41448], [-6.1358053, 53.4143457], [-6.1357731, 53.4142146], [-6.1357972, 53.4140132], [-6.1357167, 53.4139188], [-6.1356953, 53.4138293], [-6.1358079, 53.4137398], [-6.1358401, 53.4135863], [-6.1358294, 53.4133849], [-6.1356685, 53.4132362], [-6.1355558, 53.4130939], [-6.1353681, 53.4129932], [-6.1354512, 53.4128429], [-6.1355075, 53.4125328], [-6.1356658, 53.4124608], [-6.1356926, 53.4123649], [-6.1355531, 53.4122754], [-6.1355451, 53.4122066], [-6.1355719, 53.4121043], [-6.1356309, 53.4119556], [-6.1356014, 53.4117846], [-6.1355692, 53.411516], [-6.1355907, 53.4110859], [-6.1356738, 53.4110156], [-6.1356765, 53.4109052], [-6.1356175, 53.4108605], [-6.1356497, 53.4107773], [-6.1356872, 53.410691], [-6.1356604, 53.4106223], [-6.1356229, 53.4104895], [-6.1356765, 53.4104016], [-6.1357141, 53.4103441], [-6.1357302, 53.4102785], [-6.1358562, 53.4102321], [-6.1359501, 53.410197], [-6.1360091, 53.4101378], [-6.1359501, 53.4100163], [-6.135926, 53.409866], [-6.1360869, 53.4098404], [-6.1361432, 53.4097717], [-6.1361513, 53.4097445], [-6.1363095, 53.4095734], [-6.1363497, 53.4095095], [-6.1364033, 53.4094821], [-6.1363411, 53.4093753], [-6.1362052, 53.4091116], [-6.1361218, 53.4091058], [-6.1360279, 53.4090786], [-6.1358777, 53.4090754], [-6.135812, 53.4091178], [-6.1357811, 53.4091729], [-6.135706, 53.4092017], [-6.1355625, 53.4091809], [-6.1354163, 53.4091841], [-6.1352903, 53.4092193], [-6.1350998, 53.4092337], [-6.1349416, 53.4092545], [-6.1349089, 53.4092513], [-6.1347914, 53.4092401], [-6.1346304, 53.4091937], [-6.1345553, 53.4091681], [-6.1344829, 53.4091713], [-6.1344346, 53.4092249], [-6.1344159, 53.4093016], [-6.1343166, 53.4093616], [-6.1341919, 53.4093584], [-6.1340189, 53.4092672], [-6.1339693, 53.4091681], [-6.1337936, 53.4090714], [-6.1336648, 53.4090378], [-6.133453, 53.409033], [-6.1332893, 53.4089659], [-6.133292, 53.4088619], [-6.1333939, 53.4087516], [-6.1334395, 53.4086557], [-6.1333001, 53.4085278], [-6.1331767, 53.4084942], [-6.1330399, 53.4083983], [-6.1329192, 53.4082767], [-6.1328656, 53.4081936], [-6.1328575, 53.4080625], [-6.1329058, 53.4080097], [-6.1329111, 53.4079298], [-6.1328816, 53.4078722], [-6.1327824, 53.4077763], [-6.1328039, 53.4077107], [-6.1328468, 53.4076388], [-6.1329111, 53.4075732], [-6.1329541, 53.4075125], [-6.1330265, 53.4074501], [-6.1328414, 53.4073878], [-6.1329299, 53.4072918], [-6.1330426, 53.4071927], [-6.1330774, 53.4071015], [-6.1329433, 53.40698], [-6.1328119, 53.4068841], [-6.1326697, 53.406721], [-6.132659, 53.4065467], [-6.1325893, 53.4063804], [-6.1323828, 53.4061885], [-6.1321521, 53.4059119], [-6.1319751, 53.4056017], [-6.1319026, 53.4054274], [-6.131798, 53.4052276], [-6.1316398, 53.4050565], [-6.1315593, 53.4048182], [-6.131735, 53.4048206], [-6.1317991, 53.4046055], [-6.1317297, 53.4043244], [-6.131562, 53.4041082], [-6.1314252, 53.4038476], [-6.1313769, 53.4037517], [-6.1312012, 53.4034918], [-6.1311637, 53.4034226], [-6.1310202, 53.4032224], [-6.1309357, 53.4031272], [-6.130874, 53.4030241], [-6.1308834, 53.4028993], [-6.1308539, 53.4027218], [-6.1307614, 53.4025923], [-6.1306554, 53.4025308], [-6.1305656, 53.4024836], [-6.1305012, 53.4024364], [-6.1304194, 53.4022165], [-6.1303979, 53.402119], [-6.1304609, 53.4019591], [-6.1304647, 53.401846], [-6.1302, 53.4015612], [-6.1301068, 53.4015184], [-6.1299833, 53.4013405], [-6.1297531, 53.4010213], [-6.1294513, 53.4007139], [-6.129075, 53.4004386], [-6.128902, 53.4003141], [-6.1288561, 53.4003316], [-6.1288266, 53.400314], [-6.1287938, 53.4003354], [-6.12852, 53.4003331], [-6.1283973, 53.400273], [-6.1279859, 53.4000536], [-6.1278304, 53.3999559], [-6.1273094, 53.3996284], [-6.1269643, 53.3994049], [-6.1267517, 53.3991774], [-6.1266077, 53.3989253], [-6.1265391, 53.3987113], [-6.1264066, 53.3983447], [-6.1259746, 53.3977138], [-6.1252227, 53.3966195], [-6.1250202, 53.3963899], [-6.1248694, 53.3964437], [-6.1248492, 53.3964229], [-6.1248266, 53.3963996], [-6.1249731, 53.3963443], [-6.1248269, 53.3961974], [-6.1245279, 53.3959603], [-6.123708, 53.3952969], [-6.1232499, 53.3949321], [-6.1227768, 53.3946049], [-6.1222791, 53.3943352], [-6.121717, 53.3940658], [-6.1207018, 53.3935965], [-6.120528, 53.393524], [-6.1197972, 53.393216], [-6.1192438, 53.3929895], [-6.1188091, 53.3928513], [-6.1183246, 53.3927274], [-6.1175967, 53.3925657], [-6.1172577, 53.3924605], [-6.1166173, 53.3922753], [-6.1164609, 53.3922111], [-6.1163121, 53.3921041], [-6.115607, 53.3921142], [-6.1146756, 53.3920825], [-6.1137947, 53.3920612], [-6.1130278, 53.3920543], [-6.1130515, 53.3924038], [-6.1130515, 53.3926616], [-6.1131995, 53.3927781], [-6.1133297, 53.3929687], [-6.1133771, 53.3931382], [-6.1134304, 53.3933218], [-6.1135073, 53.3933641], [-6.1135073, 53.3935336], [-6.1135429, 53.3936501], [-6.1136554, 53.3937764], [-6.1137501, 53.3939074], [-6.1139244, 53.3940114], [-6.1141138, 53.3941605], [-6.1142995, 53.3943028], [-6.1145534, 53.3946101], [-6.1146709, 53.3948112], [-6.1147239, 53.3950439], [-6.1147428, 53.3951885], [-6.1148186, 53.3953038], [-6.1150422, 53.3954936], [-6.1151521, 53.3954891], [-6.1152582, 53.395532], [-6.1153453, 53.3956201], [-6.1153377, 53.3957105], [-6.1153718, 53.3958122], [-6.1154931, 53.395907], [-6.1155689, 53.3960268], [-6.1155613, 53.3961556], [-6.1154893, 53.3963092], [-6.1153718, 53.3963815], [-6.1151445, 53.3964809], [-6.115046, 53.3964832], [-6.1149171, 53.3964764], [-6.1147769, 53.3964425], [-6.114489, 53.3963047], [-6.1141252, 53.3960584], [-6.1140333, 53.3960007], [-6.1137008, 53.3957918], [-6.1131817, 53.3954619], [-6.1128483, 53.395175], [-6.1122155, 53.3948157], [-6.1114273, 53.3944904], [-6.1109613, 53.3943322], [-6.1107829, 53.3942154], [-6.1103216, 53.3940251], [-6.1100453, 53.3939515], [-6.109466, 53.3939067], [-6.1090502, 53.3939883], [-6.1083448, 53.3941386], [-6.1080015, 53.3941418], [-6.1070412, 53.3941034], [-6.1062688, 53.3940555], [-6.105668, 53.3940043], [-6.104697, 53.3938987], [-6.103549, 53.393614], [-6.1031306, 53.3935084], [-6.1025727, 53.3933421], [-6.1020523, 53.393179], [-6.10165, 53.3930222], [-6.1004376, 53.3926335], [-6.0993969, 53.3924176], [-6.0989356, 53.3924288], [-6.0981407, 53.3924614], [-6.0979217, 53.3924704], [-6.0975838, 53.3924928], [-6.0972217, 53.3925216], [-6.0968623, 53.3926143], [-6.0965645, 53.3927231], [-6.0962051, 53.3927967], [-6.0959986, 53.3927935], [-6.0955104, 53.3927583], [-6.0942739, 53.3926383], [-6.0938877, 53.3925984], [-6.0934344, 53.3925568], [-6.0930884, 53.3925408], [-6.0924956, 53.3925376], [-6.0921094, 53.3925328], [-6.0915488, 53.3924848], [-6.0912511, 53.3924528], [-6.0909748, 53.3924208], [-6.0906824, 53.3924336], [-6.0900531, 53.3925731], [-6.0894708, 53.3925795], [-6.0890682, 53.3926233], [-6.0886691, 53.3926494], [-6.0884563, 53.3924731], [-6.0880936, 53.392398], [-6.0875682, 53.3923495], [-6.0872117, 53.3922965], [-6.0868799, 53.3922524], [-6.0865173, 53.3922259], [-6.0859104, 53.3922215], [-6.0856144, 53.3922568], [-6.0852591, 53.3922921], [-6.0849631, 53.3922524], [-6.0848003, 53.3922171], [-6.0846005, 53.3921509], [-6.08426, 53.3919346], [-6.0840084, 53.3917537], [-6.0836088, 53.3914095], [-6.0831203, 53.3911491], [-6.0826911, 53.3909637], [-6.0820176, 53.390721], [-6.0812035, 53.3904517], [-6.0805227, 53.3902443], [-6.0797327, 53.390067], [-6.0754701, 53.3893932], [-6.0752765, 53.3894749], [-6.0752077, 53.3895088], [-6.0751452, 53.3895395], [-6.0751147, 53.3895591], [-6.0750948, 53.3895718], [-6.0750844, 53.3895785], [-6.0750659, 53.3895904], [-6.0750512, 53.3895998], [-6.0750164, 53.3896222], [-6.0750039, 53.3896326], [-6.0749898, 53.3896443], [-6.0749733, 53.3896581], [-6.0749625, 53.3896671], [-6.0749515, 53.3896762], [-6.0749382, 53.3896873], [-6.0749228, 53.3897034], [-6.0749136, 53.3897148], [-6.0748981, 53.3897342], [-6.0748822, 53.3897541], [-6.0748781, 53.3897592], [-6.0748728, 53.3897658], [-6.0748639, 53.3897769], [-6.0748553, 53.3897964], [-6.074842, 53.3898267], [-6.0748323, 53.3898488], [-6.0748247, 53.3898662], [-6.0748162, 53.3898855], [-6.0748111, 53.3898971], [-6.0748049, 53.3899112], [-6.0748002, 53.3899392], [-6.0748023, 53.3899691], [-6.074867, 53.3899704], [-6.0749568, 53.3899604], [-6.0750592, 53.3899679], [-6.0751302, 53.389989], [-6.0751887, 53.3900414], [-6.0752297, 53.3900929], [-6.0752652, 53.3901604], [-6.0752701, 53.3902406], [-6.0752618, 53.3902768], [-6.0752137, 53.3903478], [-6.0751511, 53.3903901], [-6.0750508, 53.3904212], [-6.0749443, 53.3904462], [-6.0748482, 53.3904736], [-6.0747208, 53.3905034], [-6.0746227, 53.3905134], [-6.0745621, 53.3905346], [-6.0744783, 53.3905428], [-6.0743999, 53.3905996], [-6.074339, 53.3906136], [-6.0742684, 53.3906062], [-6.0741642, 53.3905737], [-6.0740694, 53.3905618], [-6.0739436, 53.390579], [-6.0737916, 53.3905758], [-6.0736696, 53.3905919], [-6.0734066, 53.3907001], [-6.0732806, 53.3907085], [-6.0731487, 53.3907277], [-6.0729999, 53.3907402], [-6.0728216, 53.3907262], [-6.0726666, 53.390692], [-6.0724448, 53.3906771], [-6.0723577, 53.390645], [-6.0722805, 53.3906761], [-6.0721062, 53.3908426], [-6.0719099, 53.3910031], [-6.0718201, 53.3910976], [-6.0717184, 53.3911809], [-6.0715988, 53.3912763], [-6.0714641, 53.3913548], [-6.0713496, 53.3914065], [-6.0711883, 53.3914536], [-6.0710582, 53.3915169], [-6.0709458, 53.3915502], [-6.0708248, 53.39156], [-6.0706082, 53.3915929], [-6.0703099, 53.3918025], [-6.0703099, 53.3918411], [-6.0702903, 53.3918725], [-6.0702557, 53.3919066], [-6.0701533, 53.3919291], [-6.0700479, 53.3919964], [-6.0699687, 53.3920547], [-6.0698235, 53.3921751], [-6.0696841, 53.3923089], [-6.0695058, 53.3924706], [-6.0693507, 53.3925855], [-6.0692067, 53.392713], [-6.0691192, 53.3927728], [-6.0690381, 53.3928248], [-6.0689169, 53.3928905], [-6.0688402, 53.3928809], [-6.0687458, 53.392947], [-6.068739, 53.3929835], [-6.0687187, 53.3930191], [-6.0686909, 53.3930379], [-6.0686357, 53.393068], [-6.0685835, 53.3930783], [-6.0685335, 53.3930902], [-6.0684813, 53.3930933], [-6.068411, 53.3930849], [-6.0683003, 53.3930419], [-6.0682466, 53.3929894], [-6.0682385, 53.3929689], [-6.0682375, 53.3929391], [-6.0682474, 53.3928944], [-6.0682904, 53.3928498], [-6.0683393, 53.392811], [-6.0683411, 53.3927666], [-6.0683378, 53.3927448], [-6.0683184, 53.3927206], [-6.0682432, 53.39267], [-6.06812, 53.3926136], [-6.0680313, 53.3925767], [-6.067933, 53.3925312], [-6.0678727, 53.3924999], [-6.0678407, 53.3924612], [-6.067816, 53.3924077], [-6.0678109, 53.3923621], [-6.0678237, 53.39231], [-6.0678606, 53.3922412], [-6.0678985, 53.3922176], [-6.0679114, 53.3922007], [-6.0678967, 53.392189], [-6.0678907, 53.3921748], [-6.0678943, 53.3921604], [-6.0679068, 53.3921479], [-6.0679265, 53.3921391], [-6.0679502, 53.3921356], [-6.0679745, 53.3921377], [-6.0679955, 53.3921452], [-6.0680101, 53.3921569], [-6.0680161, 53.392171], [-6.0680126, 53.3921855], [-6.068, 53.392198], [-6.0679804, 53.3922067], [-6.0680157, 53.3922469], [-6.0680218, 53.3922737], [-6.0680113, 53.3923199], [-6.0680146, 53.3923739], [-6.0680413, 53.3924044], [-6.0681315, 53.3924495], [-6.0682606, 53.3925137], [-6.0683462, 53.3924501], [-6.0683777, 53.392437], [-6.0684034, 53.3924415], [-6.0685447, 53.3924878], [-6.0686631, 53.3925402], [-6.0704286, 53.3910956], [-6.0707426, 53.3908314], [-6.0708333, 53.3907551], [-6.0708905, 53.3899856], [-6.0709029, 53.3899702], [-6.0709296, 53.389962], [-6.0709676, 53.389961], [-6.0710515, 53.3899756], [-6.0710762, 53.3899316], [-6.0711099, 53.3898713], [-6.0708801, 53.389837], [-6.070852, 53.3898295], [-6.0708348, 53.3898129], [-6.0700462, 53.388792], [-6.0701171, 53.3887062], [-6.0700715, 53.3886816], [-6.0699342, 53.3886425], [-6.0698373, 53.388606], [-6.0697293, 53.3885898], [-6.0696647, 53.3885561], [-6.0696005, 53.3885466], [-6.0695296, 53.3885599], [-6.0693585, 53.3886181], [-6.0692467, 53.3886384], [-6.0691323, 53.3886753], [-6.0689284, 53.3887369], [-6.0688336, 53.3887642], [-6.0687396, 53.3888091], [-6.0686727, 53.3888885], [-6.0686083, 53.3889974], [-6.0685526, 53.3891252], [-6.0687634, 53.3891602], [-6.0695848, 53.3902343], [-6.0695547, 53.3906585], [-6.0683879, 53.3916324], [-6.0683692, 53.3916492], [-6.0683424, 53.3916589], [-6.0683074, 53.3916593], [-6.0682775, 53.3916486], [-6.0682663, 53.3916378], [-6.0682058, 53.3916155], [-6.0679851, 53.3913363], [-6.0679592, 53.391295], [-6.0679453, 53.3912624], [-6.0679533, 53.3912249], [-6.0690127, 53.3902807], [-6.0687974, 53.3900091], [-6.0686003, 53.3897473], [-6.0685032, 53.3897705], [-6.0684263, 53.3897882], [-6.0684644, 53.3898524], [-6.0684297, 53.3898609], [-6.068384, 53.3897766], [-6.0682739, 53.3898012], [-6.0681134, 53.389547], [-6.0680212, 53.3895691], [-6.0679437, 53.3894602], [-6.0678022, 53.3895009], [-6.067825, 53.3895632], [-6.0677732, 53.3895721], [-6.0677111, 53.3895828], [-6.0676818, 53.3895279], [-6.067584, 53.3893196], [-6.0675297, 53.3891989], [-6.0675001, 53.3891371], [-6.0672574, 53.3888553], [-6.0670225, 53.3886972], [-6.0667293, 53.3885639], [-6.0664805, 53.3884867], [-6.0663238, 53.3884739], [-6.0661842, 53.3884911], [-6.0659565, 53.3885612], [-6.0656732, 53.3886512], [-6.0654145, 53.3887372], [-6.0653013, 53.3887518], [-6.0651908, 53.388739], [-6.0651749, 53.388675], [-6.0649882, 53.3887199], [-6.0647788, 53.3887496], [-6.0645771, 53.3887765], [-6.0643719, 53.3887892], [-6.0640953, 53.3887792], [-6.0639643, 53.3887738], [-6.0638416, 53.3887638], [-6.0636086, 53.3893883], [-6.0633604, 53.3901656], [-6.0634552, 53.3902163], [-6.0635489, 53.3903078], [-6.0636678, 53.3904723], [-6.0637906, 53.3906], [-6.0638866, 53.3907183], [-6.063913, 53.3907524], [-6.0639557, 53.3907764], [-6.0641025, 53.3908335], [-6.0642928, 53.3909027], [-6.06452, 53.3909821], [-6.0646631, 53.391017], [-6.0648146, 53.3910362], [-6.065187, 53.3910229], [-6.0664441, 53.3909383], [-6.0665141, 53.3909384], [-6.0665672, 53.3909496], [-6.0666059, 53.3909671], [-6.0666177, 53.390989], [-6.066597, 53.3910276], [-6.0665366, 53.3910465], [-6.0664684, 53.3910604], [-6.0661309, 53.391085], [-6.0653848, 53.3911274], [-6.0643532, 53.3911946], [-6.0638157, 53.3912235], [-6.0636215, 53.391232], [-6.0635387, 53.3912428], [-6.0632688, 53.3913102], [-6.0630524, 53.3913658], [-6.0630101, 53.3914015], [-6.0629124, 53.3917415], [-6.0633716, 53.3922546], [-6.0634543, 53.3922637], [-6.0661517, 53.3930539], [-6.0663486, 53.392823], [-6.0663843, 53.3928047], [-6.0664375, 53.3928071], [-6.0667189, 53.3928907], [-6.0667417, 53.3929079], [-6.0667365, 53.3929263], [-6.0665279, 53.3931611], [-6.0668434, 53.3932485], [-6.0669082, 53.393261], [-6.066965, 53.393299], [-6.0669911, 53.3933376], [-6.0669913, 53.3933767], [-6.0669782, 53.3934102], [-6.066954, 53.3934372], [-6.0668932, 53.3934799], [-6.0668077, 53.3935054], [-6.0667166, 53.3935168], [-6.066654, 53.3935383], [-6.0666332, 53.3935715], [-6.0666343, 53.3936051], [-6.0666609, 53.3936616], [-6.06666, 53.3937272], [-6.0666982, 53.3938159], [-6.0667676, 53.3938767], [-6.0668956, 53.3939884], [-6.0669643, 53.3940229], [-6.0669989, 53.3940626], [-6.0670181, 53.3941424], [-6.0669837, 53.3941909], [-6.0669418, 53.3942205], [-6.0668566, 53.3942402], [-6.0667684, 53.3942244], [-6.0666833, 53.394195], [-6.0666417, 53.3941518], [-6.066597, 53.3940927], [-6.0665108, 53.3940667], [-6.0664756, 53.3940277], [-6.066416, 53.3939772], [-6.0663828, 53.3939066], [-6.0663305, 53.3937791], [-6.0662957, 53.3937073], [-6.0662885, 53.3936464], [-6.0662371, 53.3935867], [-6.0662008, 53.3935188], [-6.0661924, 53.3934845], [-6.0661647, 53.393454], [-6.0658084, 53.3933098], [-6.0652494, 53.3931465], [-6.0641948, 53.3928377], [-6.0634646, 53.3926035], [-6.0631122, 53.3924796], [-6.0630415, 53.3924479], [-6.0629813, 53.392411], [-6.0629377, 53.3923664], [-6.0625298, 53.3918945], [-6.0624995, 53.3918463], [-6.0624829, 53.3918094], [-6.0624818, 53.3917593], [-6.0625831, 53.3913536], [-6.0626879, 53.3909262], [-6.062789, 53.3906031], [-6.0629252, 53.3901512], [-6.063006, 53.3898], [-6.0630159, 53.3896822], [-6.0630159, 53.3894479], [-6.0630009, 53.3893652], [-6.0630069, 53.3892646], [-6.0630429, 53.3890965], [-6.0630385, 53.3890186], [-6.0630611, 53.3889279], [-6.0631304, 53.3888264], [-6.0631545, 53.3887734], [-6.0631349, 53.3887249], [-6.063156, 53.388662], [-6.0630762, 53.3886064], [-6.06304, 53.3885453], [-6.0630069, 53.3884726], [-6.062906, 53.3883415], [-6.0628458, 53.3882273], [-6.0628157, 53.3881223], [-6.0627604, 53.3880352], [-6.0627359, 53.3878978], [-6.0626907, 53.3878422], [-6.062676, 53.3877919], [-6.062635, 53.3877263], [-6.0626371, 53.3876576], [-6.0626198, 53.3875934], [-6.0627391, 53.3875712], [-6.0628197, 53.3875097], [-6.0628713, 53.3874331], [-6.06288, 53.3874185], [-6.0628909, 53.3874069], [-6.06297, 53.3872772], [-6.0630248, 53.387074], [-6.0630185, 53.3869243], [-6.062999, 53.3869088], [-6.0626885, 53.3869361], [-6.062681, 53.386915], [-6.0630133, 53.3868865], [-6.0629756, 53.3867805], [-6.0628943, 53.3866647], [-6.0628341, 53.3866081], [-6.0627543, 53.3865417], [-6.062508, 53.3864075], [-6.0623864, 53.3863843], [-6.0622711, 53.3863623], [-6.0621573, 53.3863066], [-6.0620881, 53.3863182], [-6.062048, 53.3863314], [-6.0619425, 53.3863333], [-6.0618267, 53.3863365], [-6.0616903, 53.3863455], [-6.0615295, 53.3863956], [-6.0612603, 53.3863777], [-6.0611191, 53.3863927], [-6.0609541, 53.3864017], [-6.060764, 53.3863761], [-6.060686, 53.3863583], [-6.060576, 53.3863623], [-6.0605751, 53.3863843], [-6.0605304, 53.3863767], [-6.0605022, 53.3862512], [-6.0605036, 53.3862232], [-6.0604432, 53.3861768], [-6.0604888, 53.3861144], [-6.0605197, 53.3860908], [-6.0604995, 53.3860744], [-6.0604633, 53.3861], [-6.0603775, 53.3861592], [-6.0603051, 53.3861352], [-6.0602541, 53.3861504], [-6.0601093, 53.3861576], [-6.059957, 53.3861659], [-6.0599356, 53.386204], [-6.0598357, 53.386226], [-6.059827, 53.3861888], [-6.0597774, 53.3861876], [-6.0597713, 53.386158], [-6.0597304, 53.3861484], [-6.059715, 53.3861324], [-6.059707, 53.3861264], [-6.0596935, 53.3861736], [-6.0596761, 53.3862416], [-6.0596265, 53.3862464], [-6.059604, 53.3862345], [-6.059287, 53.3863453], [-6.0592647, 53.3861719], [-6.0591127, 53.3861597], [-6.0589144, 53.3861837], [-6.0587434, 53.3862021], [-6.0586044, 53.3862336], [-6.0585133, 53.3862595], [-6.0584464, 53.3862465], [-6.0584239, 53.3862218], [-6.0584296, 53.3862016], [-6.0585677, 53.3861792], [-6.0586113, 53.3861608], [-6.0585999, 53.3861512], [-6.0585905, 53.386142], [-6.058557, 53.3861392], [-6.0584141, 53.3861728], [-6.0582773, 53.3862016], [-6.0579269, 53.3862845], [-6.0576916, 53.3863245], [-6.0575183, 53.3863847], [-6.0573533, 53.3864319], [-6.0572257, 53.3864449], [-6.0570288, 53.3864359], [-6.0569376, 53.3864015], [-6.0568289, 53.3864403], [-6.0567069, 53.3864567], [-6.056664, 53.3864199], [-6.0565138, 53.3864167], [-6.0563944, 53.3864039], [-6.0563596, 53.3863807], [-6.0563166, 53.3863823], [-6.0562429, 53.3864119], [-6.0560555, 53.3864296], [-6.0559559, 53.3863943], [-6.055856, 53.3864059], [-6.0557668, 53.3864043], [-6.0557447, 53.3864195], [-6.055681, 53.3864043], [-6.0556269, 53.3863647], [-6.0556421, 53.3863479], [-6.0556152, 53.3863219], [-6.0556756, 53.3862955], [-6.0556977, 53.3862803], [-6.0556857, 53.3862619], [-6.0556602, 53.3862719], [-6.0556139, 53.3862823], [-6.0555495, 53.3862903], [-6.0555012, 53.3862788], [-6.0553611, 53.3862655], [-6.0552773, 53.3862807], [-6.0552431, 53.386252], [-6.0552364, 53.386214], [-6.0551324, 53.3862004], [-6.0550674, 53.3861828], [-6.0550795, 53.3861512], [-6.055113, 53.386134], [-6.0551512, 53.386118], [-6.0552035, 53.3860908], [-6.0552236, 53.386076], [-6.0552498, 53.3860604], [-6.055284, 53.3860508], [-6.0553269, 53.3860428], [-6.0553611, 53.3860388], [-6.0553839, 53.3860416], [-6.0553772, 53.3860324], [-6.0553752, 53.3860236], [-6.0553819, 53.3860218], [-6.0553886, 53.3860156], [-6.0553977, 53.3860137], [-6.0554141, 53.3860135], [-6.0554121, 53.3860065], [-6.055394, 53.386007], [-6.0553695, 53.3860004], [-6.0553648, 53.3859954], [-6.0553437, 53.3859932], [-6.0553142, 53.3859864], [-6.0552813, 53.3859828], [-6.0552659, 53.3859716], [-6.0552337, 53.385962], [-6.0552096, 53.3859636], [-6.0551794, 53.3859696], [-6.0551519, 53.3859804], [-6.0550942, 53.3859944], [-6.0550513, 53.3860172], [-6.0550225, 53.386036], [-6.0550024, 53.386056], [-6.054993, 53.386084], [-6.0549708, 53.3861012], [-6.0549031, 53.38611], [-6.0548468, 53.3861332], [-6.0548072, 53.38616], [-6.0547529, 53.3861696], [-6.0546892, 53.3861908], [-6.0546148, 53.386232], [-6.0545155, 53.3862392], [-6.054529, 53.3862064], [-6.0545169, 53.3861416], [-6.0544686, 53.386132], [-6.0544083, 53.3861256], [-6.054425, 53.386112], [-6.0544552, 53.3860984], [-6.0545162, 53.3860776], [-6.0545303, 53.3860448], [-6.0545719, 53.3860336], [-6.0545578, 53.3860136], [-6.0545088, 53.386018], [-6.0544592, 53.3860088], [-6.0544344, 53.3859872], [-6.0543787, 53.3859672], [-6.0543338, 53.3859796], [-6.0542905, 53.3859896], [-6.0542299, 53.386007], [-6.0540462, 53.3860136], [-6.0539845, 53.38604], [-6.0537946, 53.3860392], [-6.0537334, 53.3860479], [-6.0536988, 53.3860432], [-6.0536975, 53.3860612], [-6.053623, 53.3860404], [-6.0535795, 53.3860236], [-6.0534795, 53.3860292], [-6.053452, 53.3860124], [-6.053391, 53.3860144], [-6.053374, 53.3859873], [-6.0533836, 53.3859488], [-6.0534232, 53.3859412], [-6.0534688, 53.385946], [-6.0535017, 53.3859528], [-6.0535077, 53.385924], [-6.0535526, 53.3859088], [-6.0535687, 53.3858956], [-6.0535111, 53.3858784], [-6.0534849, 53.3858828], [-6.0534601, 53.3858948], [-6.0534594, 53.3858672], [-6.0534976, 53.3858504], [-6.0534634, 53.3858296], [-6.053452, 53.3858158], [-6.0534571, 53.385798], [-6.0534701, 53.3857856], [-6.0534514, 53.3857818], [-6.0534185, 53.3857828], [-6.0533528, 53.3857952], [-6.0532857, 53.3858064], [-6.0531852, 53.3858192], [-6.0530141, 53.3858496], [-6.0528211, 53.3859107], [-6.052638, 53.385958], [-6.0525803, 53.3859544], [-6.0525334, 53.3859664], [-6.0524596, 53.3859664], [-6.0524288, 53.385944], [-6.0523077, 53.3859343], [-6.0519573, 53.3859696], [-6.0517549, 53.3860314], [-6.0513451, 53.3860373], [-6.0511542, 53.3860538], [-6.0510045, 53.3860667], [-6.0506639, 53.3861109], [-6.0503639, 53.3861304], [-6.0501653, 53.3861433], [-6.0499382, 53.3861639], [-6.0498212, 53.386172], [-6.0495976, 53.3861875], [-6.0494396, 53.386161], [-6.049415, 53.386052], [-6.0493693, 53.3860209], [-6.0494756, 53.3859255], [-6.0493442, 53.385888], [-6.0492598, 53.3858992], [-6.0491981, 53.3859232], [-6.0491149, 53.3859296], [-6.0491015, 53.3858856], [-6.0491028, 53.3858328], [-6.0490733, 53.3857936], [-6.0490935, 53.3857848], [-6.0491163, 53.385764], [-6.0491055, 53.3857568], [-6.0491142, 53.3857504], [-6.0490921, 53.3857224], [-6.0491142, 53.3856768], [-6.049074, 53.3856664], [-6.0490385, 53.3856968], [-6.0489902, 53.3857], [-6.0489433, 53.385724], [-6.0489285, 53.3857676], [-6.0489915, 53.3857936], [-6.0490103, 53.38582], [-6.0489325, 53.385848], [-6.0489741, 53.385892], [-6.0489727, 53.3859401], [-6.0488174, 53.3859111], [-6.048793, 53.3859048], [-6.0487823, 53.3858664], [-6.0487475, 53.3858504], [-6.048734, 53.3858048], [-6.048785, 53.3857752], [-6.048793, 53.3857528], [-6.0487542, 53.3857568], [-6.0486643, 53.3857424], [-6.0485758, 53.3857959], [-6.048403, 53.3857635], [-6.0484869, 53.3856369], [-6.0483832, 53.3855986], [-6.0482796, 53.3856133], [-6.0481315, 53.3857429], [-6.0478846, 53.3858518], [-6.0476773, 53.385946], [-6.0474897, 53.3859578], [-6.0474385, 53.3859457], [-6.0472775, 53.3859078], [-6.0472281, 53.3857959], [-6.047233, 53.385684], [-6.0471985, 53.385578], [-6.0472146, 53.3855329], [-6.047291, 53.3854969], [-6.047357, 53.3855123], [-6.0473768, 53.3854593], [-6.0474843, 53.3854649], [-6.0475107, 53.3854119], [-6.0474962, 53.3853537], [-6.0474573, 53.3853121], [-6.0473634, 53.3853081], [-6.0473152, 53.3852881], [-6.0472843, 53.3852377], [-6.0472642, 53.3852049], [-6.0473742, 53.3851209], [-6.0474023, 53.3851105], [-6.0473849, 53.3850757], [-6.0473929, 53.3850457], [-6.047403, 53.3850206], [-6.0473856, 53.3850158], [-6.0473782, 53.3849938], [-6.0473809, 53.3849754], [-6.0473654, 53.384939], [-6.0473782, 53.3849262], [-6.0473963, 53.3849166], [-6.0474405, 53.3849286], [-6.0474573, 53.384925], [-6.0474674, 53.3849078], [-6.047468, 53.3848922], [-6.0474546, 53.3848806], [-6.047463, 53.38487], [-6.0475036, 53.3848752], [-6.0475381, 53.3848834], [-6.0475472, 53.384876], [-6.0475401, 53.384873], [-6.0475089, 53.3848616], [-6.0474704, 53.3848574], [-6.0474469, 53.38485], [-6.047401, 53.3848746], [-6.0473755, 53.384885], [-6.0473393, 53.384881], [-6.0473198, 53.3848718], [-6.0472917, 53.3848626], [-6.0472468, 53.384865], [-6.0472132, 53.384867], [-6.0471804, 53.3848838], [-6.0471126, 53.3849274], [-6.0470845, 53.3849514], [-6.0470489, 53.3849614], [-6.0468373, 53.3850236], [-6.0467975, 53.385013], [-6.0467519, 53.3849866], [-6.0466956, 53.3850297], [-6.0465963, 53.3850489], [-6.0465782, 53.3850685], [-6.046546, 53.3850945], [-6.0465159, 53.3851005], [-6.0464763, 53.3851129], [-6.0463753, 53.3852647], [-6.046261, 53.3852923], [-6.0461712, 53.3852841], [-6.0461216, 53.3852793], [-6.046025, 53.3852609], [-6.0459432, 53.3852673], [-6.04593, 53.3852753], [-6.0458413, 53.3852617], [-6.0457583, 53.3852803], [-6.045704, 53.3852221], [-6.0456208, 53.3851328], [-6.0455769, 53.3850962], [-6.0454418, 53.3850429], [-6.0452486, 53.3849803], [-6.0451251, 53.3849067], [-6.0451153, 53.384836], [-6.0450708, 53.3847389], [-6.0452979, 53.38468], [-6.0454016, 53.3846535], [-6.0453411, 53.3845797], [-6.0453394, 53.3845684], [-6.0453369, 53.3845522], [-6.0454213, 53.3844732], [-6.0453383, 53.3844262], [-6.0452244, 53.3844053], [-6.0451385, 53.3843976], [-6.0450759, 53.3843913], [-6.0450057, 53.3843727], [-6.0448536, 53.3843473], [-6.0449264, 53.3842962], [-6.0450087, 53.3842349], [-6.0451017, 53.3841928], [-6.0451535, 53.3841762], [-6.0451169, 53.384141], [-6.0450726, 53.3841387], [-6.04498, 53.384124], [-6.0449159, 53.3840763], [-6.0448192, 53.3839816], [-6.0448335, 53.3839389], [-6.0448076, 53.3839364], [-6.0447679, 53.3838834], [-6.0447819, 53.3838155], [-6.0448886, 53.3837622], [-6.045056, 53.3837378], [-6.0451747, 53.3837469], [-6.0452055, 53.3837325], [-6.0452192, 53.3837203], [-6.0452217, 53.3837087], [-6.0452368, 53.3836991], [-6.0452463, 53.3836808], [-6.0452731, 53.383659], [-6.0452734, 53.3836288], [-6.0452747, 53.3835938], [-6.0452694, 53.3835607], [-6.0452405, 53.3835409], [-6.0452001, 53.3835262], [-6.0451548, 53.3834816], [-6.0452091, 53.3834463], [-6.0452041, 53.3833756], [-6.0453127, 53.3832608], [-6.0454806, 53.3832667], [-6.0455842, 53.3832049], [-6.0454806, 53.3830576], [-6.0453325, 53.3830694], [-6.0453374, 53.3829634], [-6.0453473, 53.3828839], [-6.0453967, 53.3828191], [-6.0453769, 53.3826837], [-6.0452239, 53.3825188], [-6.0450462, 53.3824422], [-6.0449987, 53.3823781], [-6.0450424, 53.3823051], [-6.0450733, 53.3822567], [-6.0450675, 53.3822076], [-6.0450686, 53.382151], [-6.0450091, 53.3821393], [-6.0449319, 53.382151], [-6.0447602, 53.3821404], [-6.0446323, 53.3821386], [-6.0446338, 53.3820873], [-6.0445939, 53.3820561], [-6.0446116, 53.3820128], [-6.0445706, 53.3819816], [-6.044537, 53.3819563], [-6.0445613, 53.3819068], [-6.0445957, 53.3818767], [-6.0446566, 53.3818529], [-6.044585, 53.3818076], [-6.0445973, 53.381759], [-6.044607, 53.3817306], [-6.0446305, 53.3817022], [-6.0446886, 53.381689], [-6.0446167, 53.3816119], [-6.0445316, 53.3815247], [-6.0445029, 53.3814817], [-6.0445064, 53.3814614], [-6.0444893, 53.3814411], [-6.0444736, 53.381438], [-6.0444563, 53.3814381], [-6.04444, 53.381432], [-6.044429, 53.3814195], [-6.044445, 53.3814086], [-6.0444548, 53.3813987], [-6.044445, 53.381365], [-6.0444235, 53.3813526], [-6.0443898, 53.3813375], [-6.0444133, 53.381309], [-6.0443968, 53.3812878], [-6.0444406, 53.3812821], [-6.0445107, 53.3812529], [-6.0445658, 53.3812351], [-6.0445802, 53.3812097], [-6.0445598, 53.3811984], [-6.0445272, 53.3811803], [-6.0445239, 53.381154], [-6.0445031, 53.3810878], [-6.0445744, 53.3810573], [-6.0446661, 53.3810647], [-6.0446671, 53.3810516], [-6.0445545, 53.3810367], [-6.0444614, 53.3810158], [-6.0444317, 53.3809908], [-6.0443653, 53.3809938], [-6.0443477, 53.3809798], [-6.0444238, 53.3809051], [-6.0445079, 53.3808687], [-6.0444818, 53.3808233], [-6.0444748, 53.3807779], [-6.0443353, 53.3807904], [-6.0442042, 53.3807676], [-6.044049, 53.3807815], [-6.0440095, 53.380705], [-6.04397, 53.3806255], [-6.0440342, 53.3805695], [-6.0441773, 53.3805106], [-6.0442711, 53.3804282], [-6.0442267, 53.3802603], [-6.0442761, 53.3800689], [-6.0443452, 53.3800984], [-6.0443106, 53.3799541], [-6.0444143, 53.3798952], [-6.0446167, 53.3798451], [-6.0447302, 53.3797274], [-6.044829, 53.3796449], [-6.0447697, 53.3795978], [-6.0447253, 53.3794888], [-6.0446907, 53.3792945], [-6.044982, 53.3793122], [-6.0452041, 53.3792592], [-6.0454115, 53.3791266], [-6.0454658, 53.3790265], [-6.045367, 53.3789735], [-6.0452288, 53.3789735], [-6.0449376, 53.379003], [-6.0445969, 53.379], [-6.0441527, 53.3789823], [-6.0439503, 53.3788675], [-6.0440046, 53.3787409], [-6.0439996, 53.378626], [-6.0440243, 53.3784994], [-6.0441576, 53.3784464], [-6.0443649, 53.3783993], [-6.0443501, 53.3782462], [-6.0444242, 53.3781107], [-6.044592, 53.378043], [-6.0447747, 53.3778869], [-6.0448734, 53.3778751], [-6.0448586, 53.3777397], [-6.0449425, 53.3776336], [-6.0450708, 53.3775777], [-6.0451976, 53.3774267], [-6.0450645, 53.377408], [-6.0448339, 53.3773951], [-6.0448635, 53.3773038], [-6.0449425, 53.3772184], [-6.045056, 53.3770653], [-6.0451646, 53.3769387], [-6.0453177, 53.3767944], [-6.0452683, 53.3767414], [-6.0449524, 53.3768297], [-6.0449277, 53.376921], [-6.0448438, 53.376974], [-6.0446957, 53.3770211], [-6.0446117, 53.376974], [-6.0448931, 53.3767237], [-6.044829, 53.3766648], [-6.0444785, 53.3769151], [-6.0443649, 53.3768474], [-6.0444143, 53.3766766], [-6.04436, 53.3766854], [-6.0442613, 53.3766677], [-6.0442711, 53.3766118], [-6.0443649, 53.3765441], [-6.0444834, 53.3765117], [-6.0445723, 53.376441], [-6.0446759, 53.3764557], [-6.0447895, 53.3765146], [-6.0448882, 53.3765853], [-6.0449474, 53.3765706], [-6.0448487, 53.376491], [-6.0448931, 53.3764439], [-6.0451893, 53.3765146], [-6.0452189, 53.3764498], [-6.0449178, 53.3763733], [-6.0448833, 53.3761995], [-6.0449672, 53.3761759], [-6.0450165, 53.3761377], [-6.0449968, 53.3760022], [-6.0450412, 53.3759138], [-6.04514, 53.3759109], [-6.0451548, 53.3757195], [-6.0452535, 53.3752218], [-6.045372, 53.375051], [-6.045604, 53.374942], [-6.0457175, 53.3749273], [-6.0458459, 53.3749862], [-6.0460878, 53.3748831], [-6.0461322, 53.3747624], [-6.0461865, 53.3745562], [-6.0461964, 53.3743029], [-6.0461371, 53.3740202], [-6.0459742, 53.3739112], [-6.046068, 53.3737463], [-6.0462507, 53.3736874], [-6.0464333, 53.3736108], [-6.046537, 53.3734577], [-6.0468924, 53.3732457], [-6.0471837, 53.3730955], [-6.0473762, 53.3730366], [-6.047544, 53.3730719], [-6.0477909, 53.3730896], [-6.0479389, 53.3730572], [-6.0477514, 53.3730395], [-6.0475835, 53.3729894], [-6.0475095, 53.3729305], [-6.0474848, 53.3728687], [-6.0476279, 53.3729217], [-6.0477316, 53.3729688], [-6.0477909, 53.37296], [-6.047702, 53.3728598], [-6.0478106, 53.3728157], [-6.0479735, 53.3727656], [-6.047702, 53.3727833], [-6.047776, 53.3726684], [-6.047776, 53.3725653], [-6.0478797, 53.372474], [-6.0480229, 53.3724416], [-6.0482993, 53.3724299], [-6.0484425, 53.3724063], [-6.0486103, 53.3723415], [-6.0486498, 53.3722826], [-6.0484079, 53.3722502], [-6.0482598, 53.3722266], [-6.0482401, 53.3721883], [-6.0483042, 53.3721206], [-6.0483882, 53.3720676], [-6.0486399, 53.3720529], [-6.0487584, 53.3720764], [-6.0488226, 53.3720146], [-6.0488374, 53.3719439], [-6.0488621, 53.3718497], [-6.0490842, 53.3716582], [-6.0492027, 53.3714697], [-6.0493508, 53.3713107], [-6.0495631, 53.3711016], [-6.0495976, 53.3709425], [-6.049647, 53.3706598], [-6.0497852, 53.3703947], [-6.0497852, 53.3702563], [-6.0497457, 53.3701974], [-6.0495976, 53.3702474], [-6.0494594, 53.3702563], [-6.0494791, 53.3701915], [-6.0495927, 53.3701414], [-6.0497854, 53.3700402], [-6.0499353, 53.3699565], [-6.0504527, 53.3697402], [-6.0507283, 53.3696594], [-6.05112, 53.3694516], [-6.051444, 53.3692266], [-6.0517921, 53.3689958], [-6.0519275, 53.3687938], [-6.0519614, 53.3686929], [-6.0520387, 53.3686265], [-6.0519227, 53.368615], [-6.0517486, 53.3686207], [-6.0517196, 53.3685544], [-6.0519082, 53.3685255], [-6.0520339, 53.3685428], [-6.0521306, 53.368615], [-6.052266, 53.3685803], [-6.0521209, 53.3684592], [-6.0521258, 53.3683524], [-6.052237, 53.3683091], [-6.0522902, 53.3683495], [-6.0524159, 53.3683668], [-6.0525755, 53.3683091], [-6.0523337, 53.3682255], [-6.0521838, 53.3681043], [-6.0524933, 53.367937], [-6.0527689, 53.3677927], [-6.0528076, 53.3676196], [-6.0530493, 53.3674724], [-6.0534507, 53.3671839], [-6.0535571, 53.3669935], [-6.0538182, 53.3669646], [-6.054201, 53.3670013], [-6.0543115, 53.3669371], [-6.0543292, 53.3668499], [-6.0544432, 53.3667047], [-6.0545459, 53.3665408], [-6.0546213, 53.3662223], [-6.054548, 53.3659986], [-6.05439, 53.3656386], [-6.0543018, 53.3656612], [-6.0542421, 53.3656282], [-6.0543716, 53.3655639], [-6.0543769, 53.3654991], [-6.0543017, 53.3654296], [-6.0539945, 53.3653431], [-6.0539033, 53.3653391], [-6.0537583, 53.3653086], [-6.0537837, 53.3652777], [-6.0538232, 53.3652779], [-6.0538303, 53.36525], [-6.0537997, 53.3652373], [-6.0538452, 53.3652005], [-6.0538531, 53.3651814], [-6.053949, 53.3651602], [-6.0539149, 53.365144], [-6.0537795, 53.3651498], [-6.0536828, 53.3651094], [-6.0536, 53.3650545], [-6.0536236, 53.3650245], [-6.0535709, 53.3650085], [-6.0537486, 53.3648819], [-6.0537263, 53.364867], [-6.0536296, 53.3649247], [-6.0534604, 53.3650372], [-6.0533201, 53.3651498], [-6.0530493, 53.3651007], [-6.0528366, 53.3650719], [-6.0527979, 53.3650142], [-6.0528184, 53.3649285], [-6.0529421, 53.3648085], [-6.0530443, 53.3647679], [-6.053134, 53.364742], [-6.0531154, 53.3647051], [-6.0531154, 53.3646404], [-6.0532269, 53.364633], [-6.053298, 53.3646072], [-6.0533383, 53.3645389], [-6.0534466, 53.364513], [-6.053657, 53.3645795], [-6.0537282, 53.3645001], [-6.053787, 53.3643948], [-6.0539727, 53.3643265], [-6.0541088, 53.3642212], [-6.0540679, 53.3641667], [-6.054047, 53.364122], [-6.054139, 53.3640383], [-6.0541803, 53.3640023], [-6.0542737, 53.3639431], [-6.0544214, 53.3639221], [-6.0542368, 53.3639175], [-6.0540779, 53.3639498], [-6.0538582, 53.3641049], [-6.0537808, 53.3641566], [-6.0536199, 53.3641363], [-6.0535827, 53.3641585], [-6.0534218, 53.3641437], [-6.0532887, 53.3640994], [-6.0530721, 53.3640421], [-6.053199, 53.363959], [-6.0533352, 53.3639424], [-6.053428, 53.3639258], [-6.0535147, 53.3639184], [-6.0535363, 53.3638667], [-6.0536168, 53.3638722], [-6.0538334, 53.3638981], [-6.0539417, 53.3638833], [-6.0539696, 53.3638519], [-6.0537313, 53.3637836], [-6.0536168, 53.36373], [-6.0533816, 53.3637282], [-6.0532392, 53.3637947], [-6.0529948, 53.3637374], [-6.05284, 53.3636912], [-6.0525522, 53.3637079], [-6.0523727, 53.363658], [-6.0523077, 53.3635638], [-6.0522644, 53.3634068], [-6.0521561, 53.3632314], [-6.0520694, 53.3631114], [-6.0520973, 53.3629008], [-6.0520137, 53.362718], [-6.0519681, 53.3627032], [-6.0519668, 53.362684], [-6.0519091, 53.3626728], [-6.0518964, 53.3626636], [-6.0518964, 53.3626392], [-6.051927, 53.3626002], [-6.0519071, 53.3625952], [-6.0519538, 53.3625607], [-6.0520506, 53.3625768], [-6.0521307, 53.3625935], [-6.0521978, 53.3626024], [-6.0522518, 53.362626], [-6.0522962, 53.3626332], [-6.0523721, 53.3626391], [-6.0523818, 53.3626177], [-6.052409, 53.3626156], [-6.0524154, 53.3626044], [-6.0523944, 53.3625961], [-6.0523884, 53.3625812], [-6.052355, 53.3625712], [-6.0523067, 53.3625768], [-6.0522343, 53.3625536], [-6.0522524, 53.3625364], [-6.052199, 53.3625189], [-6.0521995, 53.3624879], [-6.0522706, 53.3625186], [-6.0523289, 53.3625331], [-6.0524401, 53.3625769], [-6.0524781, 53.362567], [-6.0525173, 53.362552], [-6.0524717, 53.3625287], [-6.0524516, 53.3624951], [-6.0524623, 53.3624847], [-6.0524207, 53.3624647], [-6.0524227, 53.3624598], [-6.0523939, 53.3624551], [-6.0523604, 53.3624113], [-6.0523872, 53.3623879], [-6.0523467, 53.362373], [-6.0523986, 53.3623546], [-6.0524362, 53.3623599], [-6.0524623, 53.3623434], [-6.0524484, 53.3623087], [-6.0523715, 53.362286], [-6.0522949, 53.3622656], [-6.0522375, 53.3622536], [-6.0522163, 53.3622018], [-6.0522175, 53.3621911], [-6.0522264, 53.3621741], [-6.0522249, 53.3621554], [-6.0522303, 53.3621482], [-6.052243, 53.3621506], [-6.0522565, 53.3621386], [-6.0522632, 53.3621054], [-6.0522611, 53.3620918], [-6.0522755, 53.3620823], [-6.0522756, 53.3620781], [-6.0522538, 53.3620774], [-6.0522484, 53.3620698], [-6.0522243, 53.3620842], [-6.0521881, 53.3620934], [-6.0521679, 53.3621154], [-6.0521344, 53.3621426], [-6.0520782, 53.3621437], [-6.0520369, 53.3621012], [-6.0520551, 53.362064], [-6.0520653, 53.3620569], [-6.0520714, 53.3620382], [-6.0521226, 53.3620145], [-6.0520888, 53.3619721], [-6.0520619, 53.3619747], [-6.0520452, 53.3620065], [-6.0520117, 53.3620061], [-6.0519688, 53.3619937], [-6.0519802, 53.3619793], [-6.0519822, 53.3619489], [-6.0520043, 53.3619353], [-6.0520311, 53.3619481], [-6.0520687, 53.3619441], [-6.0521711, 53.3619228], [-6.0522853, 53.3619013], [-6.0523999, 53.3619377], [-6.0524407, 53.3619401], [-6.0524583, 53.3619103], [-6.0524678, 53.3618954], [-6.0524941, 53.3619015], [-6.0525109, 53.3618852], [-6.052478, 53.3618622], [-6.052459, 53.3618857], [-6.052412, 53.3619049], [-6.0523664, 53.3618993], [-6.0523416, 53.3618797], [-6.0523544, 53.3618685], [-6.0523912, 53.3618413], [-6.0523678, 53.3618205], [-6.0523329, 53.3618225], [-6.0522832, 53.3617854], [-6.0522363, 53.3617997], [-6.0522142, 53.3617925], [-6.0521584, 53.3617911], [-6.0521261, 53.3617776], [-6.0520441, 53.3617551], [-6.0520157, 53.3617228], [-6.0519842, 53.3617308], [-6.0518528, 53.3616948], [-6.0518014, 53.3616774], [-6.0517374, 53.361641], [-6.0517026, 53.3616304], [-6.0516804, 53.3616064], [-6.0516652, 53.3615919], [-6.0516764, 53.3615792], [-6.051718, 53.3615764], [-6.0517197, 53.3615323], [-6.0517851, 53.3615144], [-6.0518146, 53.3614984], [-6.0518325, 53.3614971], [-6.0518473, 53.3614817], [-6.0518628, 53.3614712], [-6.0519133, 53.3614774], [-6.0519426, 53.3614862], [-6.05194, 53.3614615], [-6.0518944, 53.3614475], [-6.0518454, 53.3614431], [-6.0518099, 53.3614503], [-6.0517924, 53.3614571], [-6.051771, 53.3614515], [-6.0517453, 53.3614319], [-6.0517069, 53.3614092], [-6.0516826, 53.3613399], [-6.0516853, 53.3612979], [-6.0516345, 53.3612763], [-6.0516184, 53.3612598], [-6.0516452, 53.3612474], [-6.0516584, 53.3612244], [-6.0516744, 53.3612134], [-6.05172, 53.361225], [-6.0517602, 53.361179], [-6.0517862, 53.3611627], [-6.0518011, 53.3611754], [-6.0518213, 53.3611778], [-6.05184, 53.3611654], [-6.0518602, 53.3611522], [-6.051899, 53.3611414], [-6.0519064, 53.3611254], [-6.0519835, 53.3611002], [-6.0520278, 53.361081], [-6.0520454, 53.3610841], [-6.0520627, 53.3610818], [-6.0520761, 53.3610754], [-6.0520881, 53.361073], [-6.0520922, 53.361077], [-6.052093, 53.3610809], [-6.0520994, 53.3610831], [-6.0521064, 53.3610817], [-6.0521153, 53.3610792], [-6.0521217, 53.3610824], [-6.0521297, 53.3610868], [-6.0521341, 53.3610946], [-6.0521465, 53.3610925], [-6.0521649, 53.3610886], [-6.0522129, 53.3610766], [-6.0522181, 53.3611168], [-6.0522404, 53.3611238], [-6.0522719, 53.3611218], [-6.0522786, 53.3611374], [-6.0523248, 53.3611406], [-6.052353, 53.3611535], [-6.0523946, 53.3611726], [-6.0524013, 53.3611662], [-6.0524295, 53.3611862], [-6.0524757, 53.3612034], [-6.0524951, 53.3612014], [-6.0524985, 53.3612306], [-6.0525978, 53.3613023], [-6.0526256, 53.3612998], [-6.0526648, 53.3613103], [-6.0527077, 53.3613139], [-6.0527372, 53.3613467], [-6.0527346, 53.3613851], [-6.0526734, 53.3613925], [-6.052632, 53.3613909], [-6.0526098, 53.3613947], [-6.0526249, 53.3614199], [-6.05264, 53.3614259], [-6.0526749, 53.3614157], [-6.0527024, 53.3614141], [-6.0527305, 53.3614083], [-6.0527641, 53.3614227], [-6.0529223, 53.361514], [-6.0528258, 53.3615644], [-6.0527667, 53.3616364], [-6.0526997, 53.3616956], [-6.0527439, 53.3617276], [-6.052807, 53.3616788], [-6.0528271, 53.361642], [-6.0528781, 53.3616372], [-6.0529317, 53.3616444], [-6.0529384, 53.36163], [-6.0529558, 53.3616132], [-6.053039, 53.3615588], [-6.0530712, 53.3615532], [-6.0531087, 53.36155], [-6.053134, 53.3615545], [-6.0531225, 53.3615763], [-6.0530635, 53.3615863], [-6.0530412, 53.3616119], [-6.0531074, 53.3616512], [-6.0531716, 53.3616467], [-6.0532342, 53.3616263], [-6.0533228, 53.3616336], [-6.0533422, 53.3616172], [-6.0533949, 53.361617], [-6.0534441, 53.3616154], [-6.0534462, 53.3616439], [-6.0534961, 53.3616509], [-6.0535355, 53.3617148], [-6.0535287, 53.3617864], [-6.053552, 53.3618674], [-6.053645, 53.3618966], [-6.0537389, 53.3618951], [-6.0537993, 53.3619341], [-6.0538013, 53.3619788], [-6.0538866, 53.362019], [-6.0538718, 53.3620638], [-6.0539, 53.3620662], [-6.0540193, 53.3620622], [-6.0540354, 53.3621086], [-6.054069, 53.3621446], [-6.0541011, 53.362155], [-6.054128, 53.362199], [-6.0541371, 53.3622377], [-6.0542593, 53.3622642], [-6.0543627, 53.3622807], [-6.0544257, 53.3622702], [-6.0544675, 53.3622896], [-6.0544565, 53.3623447], [-6.0544961, 53.3623859], [-6.0544968, 53.3624167], [-6.0544619, 53.3624679], [-6.0544914, 53.3624679], [-6.0545039, 53.3625034], [-6.0545853, 53.3625183], [-6.0545906, 53.362568], [-6.0545477, 53.362628], [-6.0545813, 53.362644], [-6.0546631, 53.3626216], [-6.0546912, 53.362624], [-6.0546778, 53.3626648], [-6.0547033, 53.36266], [-6.0547328, 53.3626616], [-6.0547301, 53.3626944], [-6.0546778, 53.3626912], [-6.0546523, 53.3627272], [-6.0546765, 53.3627456], [-6.0547932, 53.362732], [-6.0548736, 53.3627248], [-6.0549554, 53.3627184], [-6.0549997, 53.362736], [-6.0550331, 53.3627199], [-6.0550815, 53.3627312], [-6.055107, 53.362776], [-6.0551231, 53.3628457], [-6.055162, 53.3628793], [-6.0552022, 53.3629065], [-6.0552478, 53.3629777], [-6.0552737, 53.3629823], [-6.0553122, 53.3629617], [-6.0553484, 53.3630001], [-6.0552907, 53.3630257], [-6.0552692, 53.3630521], [-6.0552652, 53.3630986], [-6.0552277, 53.3631274], [-6.05522, 53.3631394], [-6.0552545, 53.3631586], [-6.0552894, 53.3631562], [-6.0553484, 53.3631394], [-6.0554101, 53.363125], [-6.0554825, 53.3631058], [-6.0555065, 53.3631149], [-6.0554838, 53.3631658], [-6.0555039, 53.3632217], [-6.0555511, 53.3632386], [-6.055799, 53.3633779], [-6.056083, 53.3635099], [-6.0562405, 53.3635781], [-6.0565929, 53.3636708], [-6.0568477, 53.363766], [-6.0570033, 53.3638548], [-6.0570127, 53.3638772], [-6.0570072, 53.3638915], [-6.0570187, 53.3639036], [-6.0570325, 53.3639031], [-6.0570538, 53.3638992], [-6.0571129, 53.3639167], [-6.0571763, 53.3639541], [-6.057305, 53.3639781], [-6.0573547, 53.3639629], [-6.0574405, 53.3639341], [-6.0574928, 53.3639461], [-6.0575894, 53.3639877], [-6.0576913, 53.3640205], [-6.0577499, 53.3640179], [-6.0577449, 53.3639605], [-6.0578924, 53.3639205], [-6.0580554, 53.3639383], [-6.0582867, 53.3639125], [-6.0585067, 53.3639028], [-6.0585747, 53.3639487], [-6.0585509, 53.3640045], [-6.058622, 53.3640469], [-6.0587331, 53.3641364], [-6.0588959, 53.3641806], [-6.058964, 53.3642094], [-6.0590699, 53.364223], [-6.0592443, 53.3642174], [-6.059501, 53.3641815], [-6.0596439, 53.3641173], [-6.0599091, 53.3640855], [-6.060226, 53.3640021], [-6.0605009, 53.3639159], [-6.0606449, 53.3638421], [-6.0607685, 53.3636368], [-6.0609378, 53.3634781], [-6.0610103, 53.3633368], [-6.0611263, 53.3633483], [-6.0611699, 53.3634031], [-6.0612714, 53.3634637], [-6.0613004, 53.3633887], [-6.061201, 53.3633358], [-6.0611103, 53.363178], [-6.0612539, 53.3631465], [-6.0614352, 53.3631916], [-6.0614428, 53.3634125], [-6.0614277, 53.3635568], [-6.0615712, 53.3635748], [-6.0618054, 53.3635658], [-6.0619716, 53.3635027], [-6.0621076, 53.3635162], [-6.0620623, 53.3635973], [-6.0621756, 53.3636424], [-6.0623796, 53.3635973], [-6.0626516, 53.3636109], [-6.0631125, 53.3638363], [-6.0636112, 53.3640617], [-6.0641476, 53.3642872], [-6.0651774, 53.3644589], [-6.0653942, 53.3644585], [-6.0658551, 53.3644179], [-6.0664369, 53.3643773], [-6.0667618, 53.3642962], [-6.067132, 53.364224], [-6.0675778, 53.3641744], [-6.0680613, 53.364224], [-6.068696, 53.3643142], [-6.0694274, 53.364334], [-6.0698167, 53.364286], [-6.0700479, 53.3642062], [-6.0704676, 53.3641044], [-6.0707743, 53.3640138], [-6.070944, 53.3639131], [-6.0711463, 53.3638354], [-6.0712229, 53.363791], [-6.0713135, 53.36373], [-6.0714385, 53.3636402], [-6.0714688, 53.3634846], [-6.071567, 53.36316], [-6.0714914, 53.3629887], [-6.0713322, 53.3627577], [-6.0716556, 53.3625824], [-6.0720229, 53.3623948], [-6.0721721, 53.3623189], [-6.0723247, 53.362285], [-6.0724288, 53.362283], [-6.0725666, 53.3622535], [-6.0726859, 53.3621794], [-6.072745, 53.3621598], [-6.0728326, 53.3621495], [-6.0729052, 53.3622141], [-6.0729545, 53.362175], [-6.0730022, 53.3621382], [-6.0730795, 53.3621478], [-6.0731447, 53.3621891], [-6.0734403, 53.3621781], [-6.0736034, 53.3621903], [-6.074341, 53.3617379], [-6.074512, 53.3615917], [-6.0745684, 53.3615437], [-6.0748968, 53.3612801], [-6.0752704, 53.360991], [-6.0754345, 53.360704], [-6.0751366, 53.3606766], [-6.0753454, 53.3605946], [-6.0756874, 53.3604952], [-6.0760686, 53.360331], [-6.076663, 53.360224], [-6.0770898, 53.3602647], [-6.0775682, 53.3604372], [-6.0777905, 53.3606548], [-6.0779794, 53.3609211], [-6.0784121, 53.3608538], [-6.0784966, 53.3608754], [-6.0785282, 53.3608902], [-6.0785643, 53.3608813], [-6.0785635, 53.3608604], [-6.0786423, 53.3608289], [-6.0787125, 53.3608172], [-6.0788068, 53.3608278], [-6.0788253, 53.36084], [-6.0788724, 53.3608713], [-6.0788886, 53.3609226], [-6.078934, 53.3609411], [-6.078986, 53.3609438], [-6.0792374, 53.3608921], [-6.0793662, 53.3609035], [-6.0794242, 53.3609908], [-6.0794435, 53.3610792], [-6.0795046, 53.3610817], [-6.0795427, 53.3610979], [-6.0797759, 53.3611656], [-6.0798832, 53.3611179], [-6.079976, 53.3610976], [-6.0800648, 53.361079], [-6.0802567, 53.3611237], [-6.0808235, 53.3611084], [-6.0810183, 53.3610558], [-6.0811113, 53.3610308], [-6.0813106, 53.3608717], [-6.081779, 53.3609997], [-6.0820491, 53.3612401], [-6.0822903, 53.3616425], [-6.0824116, 53.3617379], [-6.0826273, 53.3620507], [-6.0827831, 53.3623652], [-6.0833392, 53.3625387], [-6.0834197, 53.3625328], [-6.0834573, 53.3625549], [-6.0835016, 53.3625904], [-6.0835151, 53.3625991], [-6.0835813, 53.362589], [-6.0836811, 53.3625855], [-6.0836636, 53.3625229], [-6.0836567, 53.3624695], [-6.0836844, 53.3624299], [-6.0837149, 53.3624411], [-6.0837191, 53.3624787], [-6.0837493, 53.3624915], [-6.0837578, 53.3625285], [-6.083821, 53.3625244], [-6.0838079, 53.3625451], [-6.0838036, 53.3625574], [-6.0838195, 53.3625631], [-6.0838495, 53.3625614], [-6.0839255, 53.3625021], [-6.0839796, 53.3624933], [-6.0841122, 53.3625874], [-6.0841272, 53.3626561], [-6.0841456, 53.362682], [-6.0842138, 53.3627053], [-6.0843503, 53.3626963], [-6.0848044, 53.3627251], [-6.0849634, 53.3625622], [-6.0851465, 53.3628358], [-6.085774, 53.363207], [-6.0859733, 53.3634389], [-6.086102, 53.3639767], [-6.0870891, 53.3646426], [-6.0871906, 53.3647186], [-6.087347, 53.3647396], [-6.0876671, 53.3648602], [-6.0877964, 53.3649776], [-6.0878827, 53.3652302], [-6.0879225, 53.3652289], [-6.0879546, 53.3651633], [-6.0880205, 53.3651523], [-6.0881558, 53.3652641], [-6.0881545, 53.3652953], [-6.0880606, 53.3653297], [-6.0881545, 53.3653977], [-6.0883114, 53.3655042], [-6.0884438, 53.3654788], [-6.0885166, 53.3653585], [-6.0886455, 53.3653267], [-6.0885903, 53.3654922], [-6.0886126, 53.3655388], [-6.088644, 53.365653], [-6.0885689, 53.365741], [-6.0887105, 53.3659173], [-6.0891978, 53.366138], [-6.0893092, 53.3660531], [-6.0894321, 53.3660814], [-6.0894956, 53.36619], [-6.0894392, 53.3662844], [-6.0895076, 53.366378], [-6.0896954, 53.3663892], [-6.0896015, 53.3664853], [-6.0897128, 53.3664981], [-6.0899028, 53.3666319], [-6.090694, 53.3670497], [-6.0911231, 53.3675106], [-6.0918956, 53.3679203], [-6.092711, 53.3681764], [-6.0938268, 53.3685349], [-6.0950714, 53.3688421], [-6.0959297, 53.3690214], [-6.0965734, 53.3692262], [-6.0970455, 53.3694567], [-6.0972171, 53.3698408], [-6.097775, 53.3703016], [-6.0985904, 53.3707624], [-6.0989337, 53.3712233], [-6.0988908, 53.3718122], [-6.0982647, 53.3727811], [-6.098408, 53.3730197], [-6.0986636, 53.3734234], [-6.0986791, 53.3736933], [-6.0985874, 53.3740742], [-6.0989227, 53.3743865], [-6.0993883, 53.374607], [-6.0996238, 53.3747192], [-6.0997391, 53.3749336], [-6.0998853, 53.3751076], [-6.1001444, 53.3752335], [-6.1003507, 53.3753172], [-6.1004702, 53.3754259], [-6.1006952, 53.3755068], [-6.1008333, 53.3756002], [-6.1013679, 53.3757615], [-6.1015447, 53.3757019], [-6.1019061, 53.375992], [-6.1018975, 53.3760444], [-6.101761, 53.3760988], [-6.1016617, 53.3761625], [-6.1016167, 53.3761593], [-6.1017252, 53.3762673], [-6.1015114, 53.3763809], [-6.1015409, 53.376406], [-6.1018, 53.3766068], [-6.1020304, 53.376748], [-6.1021066, 53.3768741], [-6.1023511, 53.3771348], [-6.1023677, 53.3773267], [-6.1023676, 53.3774691], [-6.1023332, 53.3776223], [-6.1023621, 53.3777482], [-6.1025344, 53.3779764], [-6.1027628, 53.378534], [-6.102864, 53.3787412], [-6.102894, 53.3791457], [-6.1029075, 53.3794096], [-6.1029485, 53.3799488], [-6.1028406, 53.3802655], [-6.1026245, 53.3808495], [-6.1022811, 53.3817199], [-6.1020451, 53.3824878], [-6.1014026, 53.3834421], [-6.1014115, 53.3838185], [-6.1014175, 53.3845161], [-6.101487, 53.3849085], [-6.101691, 53.3852395], [-6.1021243, 53.3855584], [-6.1029064, 53.3859988], [-6.1034064, 53.3862566], [-6.1037009, 53.3864058], [-6.1038451, 53.3864663], [-6.1045768, 53.3867239], [-6.1055937, 53.386989], [-6.1069068, 53.3872192], [-6.1077223, 53.3873379], [-6.1085361, 53.3874395], [-6.1095025, 53.3875307], [-6.1103016, 53.3875195], [-6.1108096, 53.3875781], [-6.1116187, 53.3876016], [-6.1124322, 53.3876554], [-6.1135296, 53.3878277], [-6.11402, 53.3879624], [-6.1151632, 53.3884064], [-6.1160795, 53.3886336], [-6.116547, 53.3886857], [-6.1168448, 53.3887018], [-6.1171355, 53.3886852], [-6.1172104, 53.3886324], [-6.1176461, 53.3886315], [-6.118456, 53.3886519], [-6.1186438, 53.3886378], [-6.1192031, 53.3886435], [-6.1198462, 53.3886304], [-6.1208335, 53.3885969], [-6.1216729, 53.3885508], [-6.1226087, 53.388442], [-6.1240907, 53.3882538], [-6.1242543, 53.3882158], [-6.1244397, 53.3882032], [-6.1247043, 53.3882074], [-6.1259647, 53.3880861], [-6.1264127, 53.3880634], [-6.127846, 53.3879014], [-6.1298815, 53.3875886], [-6.1307165, 53.3874592], [-6.1331462, 53.3869226], [-6.1361196, 53.3862896], [-6.1390381, 53.3856657], [-6.1393443, 53.385595], [-6.1404157, 53.3853478], [-6.1414931, 53.3850551], [-6.1426258, 53.3847739], [-6.1425453, 53.3846742], [-6.1428538, 53.3845914], [-6.1430348, 53.3845289], [-6.1430933, 53.3845722], [-6.1435344, 53.3844135], [-6.1453034, 53.3837773], [-6.1469938, 53.3831303], [-6.1480861, 53.3827105], [-6.1494063, 53.3821908], [-6.1494164, 53.3821853], [-6.1499729, 53.3818827], [-6.1509253, 53.3813967], [-6.1536538, 53.3801834], [-6.1546665, 53.3797542], [-6.1549798, 53.3796022], [-6.1553999, 53.3794181], [-6.1571899, 53.3786109], [-6.1581976, 53.3780728], [-6.1590645, 53.3775597], [-6.1603881, 53.3766839], [-6.1613108, 53.3757903], [-6.1619933, 53.3750871], [-6.1622332, 53.37484], [-6.1623208, 53.3747224], [-6.1624081, 53.3746055], [-6.1624928, 53.3743497], [-6.1625057, 53.3743071], [-6.1625161, 53.3742119], [-6.1625002, 53.3741412], [-6.1624431, 53.3740346], [-6.1624158, 53.373959], [-6.1623438, 53.373859], [-6.1623007, 53.3737999], [-6.1622528, 53.3737757], [-6.1622037, 53.3737631], [-6.1621352, 53.3737244], [-6.1620878, 53.3736735], [-6.162009, 53.3735745], [-6.1618563, 53.3734383], [-6.161784, 53.3733692], [-6.1616905, 53.3733209], [-6.1614054, 53.3732208], [-6.1612088, 53.3731559], [-6.160848, 53.373059], [-6.1606205, 53.3729987], [-6.1603975, 53.3729495], [-6.1600885, 53.3728898], [-6.1577709, 53.3726228], [-6.1573209, 53.3728034], [-6.1569601, 53.3728705], [-6.156452, 53.3728011], [-6.1561842, 53.3724283], [-6.1546273, 53.3722232], [-6.1532065, 53.3720529], [-6.1526848, 53.3724875], [-6.1526419, 53.372974], [-6.1521269, 53.3733581], [-6.1513544, 53.3736397], [-6.150582, 53.3739213], [-6.1502815, 53.3741518], [-6.150067, 53.374587], [-6.1499811, 53.3751246], [-6.1496378, 53.3754575], [-6.1492945, 53.3756367], [-6.1489512, 53.3754575], [-6.1483504, 53.3752783], [-6.1477925, 53.3751246], [-6.1470629, 53.3750478], [-6.1461617, 53.3752527], [-6.145003, 53.3758415], [-6.1433293, 53.3769168], [-6.1407543, 53.377864], [-6.1395098, 53.3784784], [-6.1382223, 53.3790672], [-6.1365916, 53.3794768], [-6.1341883, 53.3799376], [-6.1318709, 53.3805008], [-6.1298109, 53.3809103], [-6.1277939, 53.3808335], [-6.1248757, 53.3810127], [-6.1215712, 53.3813711], [-6.1192108, 53.3817039], [-6.1185259, 53.3816561], [-6.1170437, 53.3822836], [-6.1161194, 53.3826205], [-6.115716, 53.3828292], [-6.1152885, 53.3828611], [-6.1149151, 53.3827962], [-6.1148829, 53.3825223], [-6.1152132, 53.3819701], [-6.1155417, 53.3816395], [-6.1162829, 53.3810084], [-6.1173036, 53.3802911], [-6.1185844, 53.3795903], [-6.1199078, 53.3790025], [-6.1209094, 53.3785279], [-6.1214882, 53.3782719], [-6.122177, 53.378021], [-6.12362, 53.3775036], [-6.1242376, 53.3771359], [-6.1268667, 53.3762484], [-6.1291589, 53.3754849], [-6.1322671, 53.3742985], [-6.1346124, 53.3732584], [-6.1373515, 53.3720067], [-6.1397409, 53.3707844], [-6.1424332, 53.369275], [-6.1436311, 53.3684543], [-6.1446997, 53.3679905], [-6.1455413, 53.3675235], [-6.1456808, 53.3674987], [-6.1460553, 53.3671157], [-6.1467027, 53.366571], [-6.1474988, 53.3660899], [-6.1478995, 53.3660963], [-6.1491296, 53.3655294], [-6.14963, 53.3651915], [-6.1510737, 53.3642169], [-6.1532141, 53.3626148], [-6.15559, 53.3607987], [-6.1572208, 53.3595629], [-6.1593488, 53.3579449], [-6.1606357, 53.3569351], [-6.1623658, 53.355706], [-6.1636087, 53.3546632], [-6.1639075, 53.3542886], [-6.1639011, 53.3540267], [-6.1646672, 53.3534028], [-6.1648384, 53.3531978], [-6.1651118, 53.3530715], [-6.165275, 53.3529436], [-6.1653834, 53.3527944], [-6.1652896, 53.3525412], [-6.1649947, 53.352383], [-6.1648046, 53.3522855], [-6.1645087, 53.3521487], [-6.1641677, 53.3519785], [-6.1638539, 53.3518349], [-6.163402, 53.351631], [-6.1629588, 53.3514273], [-6.1627729, 53.3513377], [-6.1626147, 53.3512765], [-6.1625042, 53.3511994], [-6.1623651, 53.3511341], [-6.1622266, 53.3510675], [-6.1620592, 53.3509703], [-6.1619969, 53.3508805], [-6.1619716, 53.3508277], [-6.1619545, 53.35077], [-6.1619271, 53.3507042], [-6.1620119, 53.3507172], [-6.1633707, 53.3513464], [-6.1636926, 53.3515028], [-6.1642239, 53.3517608], [-6.1648593, 53.3520694], [-6.1659027, 53.3525888], [-6.1688424, 53.3540104], [-6.1696975, 53.3544302], [-6.1708595, 53.3549966], [-6.171467, 53.3552976], [-6.1715366, 53.3552865], [-6.1722129, 53.3556216], [-6.1722057, 53.3556346], [-6.1722116, 53.3556669], [-6.1730911, 53.3561108], [-6.1763312, 53.3576988], [-6.1783157, 53.3587454], [-6.1782757, 53.3587743], [-6.178236, 53.3588028], [-6.1780966, 53.3587785], [-6.1778547, 53.3586593], [-6.1777474, 53.3586465], [-6.1773611, 53.3587521], [-6.1772358, 53.3588414], [-6.177168, 53.358813], [-6.1768891, 53.3589026], [-6.1766959, 53.3589154], [-6.1765887, 53.3588258], [-6.17659, 53.3587753], [-6.1764613, 53.3586985], [-6.1764219, 53.3586719], [-6.1763526, 53.3586593], [-6.1762453, 53.3586209], [-6.1761166, 53.3586337], [-6.1760093, 53.3586081], [-6.1758591, 53.3586593], [-6.1750652, 53.358813], [-6.1743785, 53.3590563], [-6.173134, 53.3595301], [-6.1731125, 53.3605033], [-6.1729262, 53.3611041], [-6.1723958, 53.3616785], [-6.1719436, 53.3621595], [-6.1705938, 53.3631153], [-6.1690371, 53.364154], [-6.1676261, 53.3651859], [-6.1672414, 53.3655658], [-6.1665991, 53.3657496], [-6.1664761, 53.3657358], [-6.1663974, 53.3655966], [-6.1663817, 53.3654136], [-6.1663739, 53.3652024], [-6.1663083, 53.365301], [-6.1662978, 53.3655747], [-6.1663686, 53.3657421], [-6.1662087, 53.3659689], [-6.1661222, 53.3659908], [-6.1659932, 53.3659187], [-6.1659686, 53.3658207], [-6.1659141, 53.3657486], [-6.1658215, 53.3656725], [-6.1658085, 53.3657171], [-6.1658601, 53.3657709], [-6.165815, 53.3658087], [-6.1657677, 53.365867], [-6.1658311, 53.3658529], [-6.1658658, 53.3658214], [-6.1659168, 53.3658206], [-6.1659181, 53.3658671], [-6.1658349, 53.3658815], [-6.1657248, 53.3659672], [-6.1657356, 53.3660145], [-6.1658269, 53.365956], [-6.1659202, 53.3659333], [-6.1659965, 53.3660167], [-6.1661117, 53.366069], [-6.1662559, 53.3660565], [-6.1663948, 53.365983], [-6.1663932, 53.3660565], [-6.1663763, 53.3663655], [-6.1657799, 53.3667917], [-6.1655029, 53.3671074], [-6.165372, 53.3670293], [-6.1652277, 53.3669983], [-6.1650918, 53.3670193], [-6.1650365, 53.3669883], [-6.1649811, 53.3669833], [-6.1649474, 53.3669537], [-6.1648629, 53.3669533], [-6.1647928, 53.3668844], [-6.1646983, 53.3668487], [-6.1645533, 53.3668549], [-6.164532, 53.3668065], [-6.1644908, 53.3667549], [-6.164377, 53.3667402], [-6.1641709, 53.3665819], [-6.1643105, 53.3667331], [-6.1644082, 53.3667767], [-6.1644509, 53.3667991], [-6.164433, 53.3668463], [-6.1644681, 53.3668902], [-6.1645684, 53.3669123], [-6.1646836, 53.3669045], [-6.1649543, 53.3670303], [-6.1650566, 53.3670874], [-6.1651891, 53.3670593], [-6.1653166, 53.3670874], [-6.1654291, 53.3671765], [-6.1652664, 53.367329], [-6.1648198, 53.3677459], [-6.1647399, 53.3678376], [-6.1645072, 53.3677829], [-6.1641468, 53.367515], [-6.1640124, 53.3674133], [-6.1637786, 53.3673331], [-6.1635893, 53.367313], [-6.1635276, 53.3672121], [-6.1633772, 53.3671224], [-6.163239, 53.367116], [-6.16313, 53.3671352], [-6.1631182, 53.3670551], [-6.1630914, 53.3669178], [-6.163026, 53.3669198], [-6.1630258, 53.3669993], [-6.1630108, 53.3671429], [-6.1630827, 53.3671986], [-6.1632162, 53.3671873], [-6.1633437, 53.3671649], [-6.1634081, 53.3671945], [-6.1634927, 53.3673395], [-6.1637128, 53.3674099], [-6.1639043, 53.3674329], [-6.1642221, 53.3677066], [-6.1645924, 53.3680449], [-6.1644002, 53.3683845], [-6.1639646, 53.3687039], [-6.1630602, 53.3688173], [-6.1624408, 53.3689502], [-6.1616315, 53.3690206], [-6.1609022, 53.3692964], [-6.1601636, 53.3698701], [-6.1596883, 53.3705045], [-6.1591324, 53.3708114], [-6.1585139, 53.3705182], [-6.158178, 53.3703349], [-6.1580625, 53.3702974], [-6.1580002, 53.3701214], [-6.1579465, 53.3700504], [-6.1578542, 53.369994], [-6.1577457, 53.3699889], [-6.1576373, 53.3700029], [-6.157589, 53.3699748], [-6.1575718, 53.3700472], [-6.1576459, 53.3700439], [-6.1577543, 53.3700311], [-6.1578499, 53.3700465], [-6.1578993, 53.3701625], [-6.1579165, 53.3702906], [-6.1578626, 53.3703384], [-6.1577512, 53.3703638], [-6.1577468, 53.3703085], [-6.1577844, 53.3702278], [-6.1577028, 53.3702176], [-6.1575954, 53.370231], [-6.1574816, 53.3702803], [-6.1574687, 53.3703495], [-6.1576051, 53.3702816], [-6.1576663, 53.3702771], [-6.1576416, 53.3703258], [-6.1576201, 53.3703951], [-6.1577971, 53.3704166], [-6.1579405, 53.3704058], [-6.158178, 53.3705084], [-6.1586532, 53.3708554], [-6.1586655, 53.3710705], [-6.1583048, 53.3713953], [-6.1580225, 53.3714364], [-6.1576702, 53.3714001], [-6.1574206, 53.3712574], [-6.1572696, 53.3710948], [-6.1571375, 53.3710222], [-6.1570179, 53.3710197], [-6.1568711, 53.3710435], [-6.1567201, 53.371026], [-6.1564805, 53.3710619], [-6.1566667, 53.3709556], [-6.1567348, 53.3708226], [-6.1567197, 53.3707526], [-6.1566191, 53.3707182], [-6.1564124, 53.370719], [-6.1562379, 53.3707518], [-6.1560822, 53.3707286], [-6.1559037, 53.3706894], [-6.1557655, 53.3707382], [-6.1556278, 53.3708673], [-6.1555224, 53.3709144], [-6.1549829, 53.3710049], [-6.154846, 53.3710577], [-6.1546713, 53.3711491], [-6.1549037, 53.3711218], [-6.154999, 53.3710753], [-6.1552661, 53.3710169], [-6.1556042, 53.3709612], [-6.1557484, 53.3709236], [-6.1558661, 53.3708447], [-6.1559668, 53.3708103], [-6.1561332, 53.3708335], [-6.1563426, 53.3708327], [-6.1565748, 53.3708479], [-6.1564805, 53.3709212], [-6.1563023, 53.3709603], [-6.1562132, 53.3710651], [-6.1562813, 53.3711511], [-6.1564176, 53.3712105], [-6.1566132, 53.3711749], [-6.1567768, 53.3711461], [-6.1568984, 53.3712299], [-6.1570242, 53.3712174], [-6.1571752, 53.3712449], [-6.1573472, 53.3713851], [-6.1575737, 53.3715014], [-6.1580958, 53.3716612], [-6.1575987, 53.3720828], [-6.1578441, 53.372339], [-6.1602215, 53.372653], [-6.161016, 53.3727128], [-6.1618296, 53.3727583], [-6.1627148, 53.372772], [-6.1636284, 53.3727741], [-6.1642373, 53.3727436], [-6.1648363, 53.3726367], [-6.1649949, 53.3725752], [-6.1650617, 53.3725213], [-6.1651008, 53.3724799], [-6.1650658, 53.3724162], [-6.1649887, 53.3721796], [-6.1650306, 53.3720944], [-6.1650357, 53.3719878], [-6.16512, 53.3718514], [-6.165167, 53.3717984], [-6.1652266, 53.371779], [-6.1652789, 53.3717284], [-6.1652934, 53.3716799], [-6.1652771, 53.3716024], [-6.1652789, 53.3715443], [-6.1653732, 53.3714547], [-6.1656596, 53.3713453], [-6.1659456, 53.3712585], [-6.1660836, 53.3712377], [-6.1662568, 53.3712237], [-6.1664084, 53.3711903], [-6.1665035, 53.3711561], [-6.1665673, 53.3711196], [-6.1665438, 53.3710529], [-6.1665998, 53.3709969], [-6.166804, 53.3708233], [-6.1672685, 53.3705084], [-6.1689709, 53.3693541], [-6.1705805, 53.3682627], [-6.1718545, 53.3674905], [-6.1724025, 53.3670558], [-6.1735153, 53.3662927], [-6.1750447, 53.365205], [-6.1752828, 53.3650353], [-6.1762333, 53.3643007], [-6.1765322, 53.3640363], [-6.1767679, 53.3638325], [-6.176936, 53.3636736], [-6.1769728, 53.363644], [-6.1771621, 53.3635153], [-6.1774027, 53.3633658], [-6.1777807, 53.3630982], [-6.1781402, 53.36282], [-6.1782194, 53.3627473], [-6.1784769, 53.3625777], [-6.178646, 53.3624756], [-6.1788807, 53.3623338], [-6.1792718, 53.3621069], [-6.1800004, 53.3617064], [-6.1801073, 53.3616502], [-6.1802958, 53.3615692], [-6.1805584, 53.3614652], [-6.1808195, 53.3613575], [-6.1815567, 53.36106], [-6.1817107, 53.361002], [-6.1818526, 53.3609361], [-6.1820741, 53.3607115], [-6.1817489, 53.36054], [-6.1817886, 53.3605115], [-6.1817926, 53.3605092], [-6.1818287, 53.3604826], [-6.1824291, 53.360273], [-6.1829006, 53.3601013], [-6.183593, 53.3598612], [-6.1842978, 53.3596215], [-6.1847222, 53.3594976], [-6.1850694, 53.3594117], [-6.185594, 53.3592938], [-6.1864984, 53.359117], [-6.1869316, 53.3590339], [-6.1872471, 53.3589615], [-6.1877157, 53.3588237], [-6.1881984, 53.3586636], [-6.1885825, 53.3585299], [-6.1890876, 53.3583588], [-6.1896021, 53.3582042], [-6.1899803, 53.3581238], [-6.1901855, 53.3580846], [-6.1903622, 53.3580508], [-6.1910098, 53.3579361], [-6.1913631, 53.3578826], [-6.1914731, 53.3578637], [-6.1915141, 53.3578293], [-6.1915068, 53.3577811], [-6.1915235, 53.3577785], [-6.1914583, 53.3576295], [-6.1913248, 53.3576503], [-6.1913452, 53.357697], [-6.1913269, 53.3576999], [-6.1912984, 53.3576349], [-6.1914503, 53.3576112], [-6.191315, 53.3573018], [-6.1913344, 53.3572988], [-6.1913527, 53.357296], [-6.191488, 53.3576053], [-6.1916373, 53.3575821], [-6.1916667, 53.3576493], [-6.1916466, 53.3576524], [-6.1916252, 53.3576035], [-6.191496, 53.3576236], [-6.1915612, 53.3577728], [-6.191914, 53.3577178], [-6.191934, 53.3577637], [-6.1918695, 53.3577738], [-6.1918785, 53.3577944], [-6.1921117, 53.3577544], [-6.1924019, 53.357712], [-6.1927287, 53.3576745], [-6.1930258, 53.3576589], [-6.1935617, 53.3576751], [-6.1939464, 53.3577315], [-6.1943972, 53.3578248], [-6.1948676, 53.3579368], [-6.1951095, 53.3580033], [-6.1954027, 53.3580979], [-6.1955883, 53.3581669], [-6.1962098, 53.3584098], [-6.1967248, 53.3586041], [-6.1970701, 53.3587253], [-6.1972287, 53.3587697], [-6.1975189, 53.3588627], [-6.1977982, 53.3589352], [-6.1981055, 53.3589989], [-6.1987425, 53.3591071], [-6.199133, 53.3591646], [-6.1995802, 53.3592318], [-6.200234, 53.3593238], [-6.2009841, 53.3594509], [-6.2016029, 53.3595517], [-6.2022532, 53.3596586], [-6.2025538, 53.3597081], [-6.2028787, 53.3597537], [-6.2034854, 53.3598063], [-6.2040497, 53.3598169], [-6.2043634, 53.3598051], [-6.2047031, 53.3597787], [-6.2049392, 53.3597469], [-6.2050581, 53.3597546], [-6.2053346, 53.3597703], [-6.2056444, 53.3597884], [-6.205726, 53.3597885], [-6.2063816, 53.359781], [-6.2063726, 53.3597739], [-6.2063657, 53.3597584], [-6.2063693, 53.3597426], [-6.2063827, 53.3597288], [-6.206404, 53.3597191], [-6.2064298, 53.359715], [-6.2064564, 53.3597172], [-6.2064795, 53.3597252], [-6.2064957, 53.3597379], [-6.2065026, 53.3597533], [-6.206499, 53.3597691], [-6.2064912, 53.3597771], [-6.2066848, 53.3597768], [-6.2078012, 53.3597617], [-6.2082132, 53.3597752], [-6.2087478, 53.3598035], [-6.209693, 53.3598502], [-6.2098641, 53.3598605], [-6.2105147, 53.3599003], [-6.2111774, 53.3599398], [-6.2114071, 53.3599551], [-6.2116879, 53.3599901], [-6.2118097, 53.3600097], [-6.2121698, 53.3600678], [-6.2125202, 53.3601266], [-6.2128265, 53.3601967], [-6.2132835, 53.3603172], [-6.2141211, 53.3605709], [-6.214776, 53.3607814], [-6.2152579, 53.3609473], [-6.2157779, 53.3611706], [-6.216348, 53.3614181], [-6.2170403, 53.3616954], [-6.2178262, 53.3619977], [-6.2184903, 53.3622065], [-6.2188285, 53.3622859], [-6.219112, 53.3623415], [-6.2194701, 53.3624392], [-6.2198365, 53.3625023], [-6.2201767, 53.3625311], [-6.220577, 53.3625868], [-6.2209897, 53.3623887], [-6.2212802, 53.3622246], [-6.2217542, 53.3619751], [-6.2222631, 53.3617025], [-6.2230816, 53.3612708], [-6.2234413, 53.3610747], [-6.2237395, 53.3608589], [-6.2241706, 53.3606675], [-6.224379, 53.3605897], [-6.2248234, 53.3605001], [-6.225236, 53.3604186], [-6.2260873, 53.3602808], [-6.2265525, 53.3601966], [-6.2269319, 53.3601223], [-6.2272173, 53.3600594], [-6.2272252, 53.3600381], [-6.2272529, 53.3599631], [-6.2273863, 53.3599789], [-6.2274275, 53.3599668], [-6.2274475, 53.3599609], [-6.227529, 53.3599369], [-6.2277807, 53.359853], [-6.2279278, 53.3597942], [-6.2279833, 53.3597873], [-6.2281074, 53.3597512], [-6.2283307, 53.3596568], [-6.2284501, 53.3596087], [-6.2286028, 53.3595491], [-6.2286749, 53.3595124], [-6.2287416, 53.3594625], [-6.2288815, 53.359392], [-6.2290099, 53.3593431], [-6.2291588, 53.3593135], [-6.2291867, 53.3593052], [-6.2293931, 53.3591025], [-6.2295134, 53.3590323], [-6.2291488, 53.3589391], [-6.2287693, 53.3588431], [-6.2284081, 53.3587512], [-6.2282647, 53.3587608], [-6.2281354, 53.3587694], [-6.2270856, 53.3591761], [-6.2270427, 53.3591917], [-6.2269882, 53.359185], [-6.2251101, 53.3587281], [-6.2232614, 53.3583004], [-6.2213268, 53.3578911], [-6.2203463, 53.3576815], [-6.2196078, 53.3575062], [-6.2194113, 53.3574593], [-6.2191861, 53.3573179], [-6.2191415, 53.3572957], [-6.2184373, 53.3571453], [-6.217936, 53.3570764], [-6.2175012, 53.3570511], [-6.2172058, 53.3569847], [-6.2170683, 53.356962], [-6.2169951, 53.3569666], [-6.2169016, 53.3569725], [-6.2161163, 53.356935], [-6.2152149, 53.3568946], [-6.2138856, 53.3568747], [-6.2129349, 53.3568084], [-6.2124054, 53.3567682], [-6.2118028, 53.356777], [-6.211402, 53.3567368], [-6.2104744, 53.3566905], [-6.2103907, 53.356667], [-6.2103395, 53.3566198], [-6.2103263, 53.3565779], [-6.2103643, 53.3564993], [-6.2103454, 53.3563845], [-6.210389, 53.356296], [-6.2104345, 53.3561065], [-6.2104784, 53.3559389], [-6.2105194, 53.3556482], [-6.2105644, 53.3551311], [-6.2105472, 53.3550144], [-6.2105492, 53.3549451], [-6.2105852, 53.3549263], [-6.2106027, 53.3548896], [-6.2106539, 53.3547464], [-6.2107014, 53.354214], [-6.2107316, 53.3540021], [-6.2107327, 53.3539327], [-6.2107211, 53.3538666], [-6.2107023, 53.3538258], [-6.2106496, 53.3537883], [-6.210537, 53.3537315], [-6.2104492, 53.3537062], [-6.2103315, 53.3536851], [-6.2093218, 53.3536369], [-6.2086992, 53.3536217], [-6.208243, 53.353591], [-6.2068995, 53.3535108], [-6.2047336, 53.3533645], [-6.2042668, 53.3533443], [-6.2016588, 53.3532424], [-6.2001804, 53.3532133], [-6.1990536, 53.3532052], [-6.1990417, 53.3532601], [-6.196254, 53.3532388], [-6.1962399, 53.3531377], [-6.1959901, 53.3531346], [-6.1958626, 53.3531019], [-6.1958225, 53.353072], [-6.1957901, 53.3530479], [-6.1957606, 53.3529669], [-6.1958306, 53.3526404], [-6.1958307, 53.3521337], [-6.195881, 53.3504397], [-6.1891608, 53.3505213], [-6.1889982, 53.350481], [-6.1889419, 53.3504671], [-6.1888666, 53.3503047], [-6.1888827, 53.3498496], [-6.1889438, 53.3481228], [-6.1889262, 53.3465394], [-6.1889159, 53.3456184], [-6.1890123, 53.3454561], [-6.1877433, 53.3434308], [-6.1865385, 53.3420927], [-6.1865402, 53.3419623], [-6.1867142, 53.3419602], [-6.1866772, 53.3408224], [-6.1856511, 53.3408337], [-6.1855144, 53.3408352], [-6.1825243, 53.3408682], [-6.1805389, 53.3408901], [-6.1802831, 53.3408942], [-6.1800642, 53.3408978], [-6.1772453, 53.3409345], [-6.1772462, 53.34094], [-6.1772467, 53.3409433], [-6.1767029, 53.3409604], [-6.1767056, 53.3410059], [-6.1764864, 53.3410166], [-6.1764055, 53.3409702], [-6.1747071, 53.3409994], [-6.171416, 53.3410455], [-6.1678489, 53.3411101], [-6.1659423, 53.341148], [-6.165517, 53.3411636], [-6.1651065, 53.3411859], [-6.1637484, 53.3412104], [-6.1631215, 53.3412148], [-6.1620022, 53.3412594], [-6.161338, 53.3412505], [-6.1597821, 53.3411458], [-6.1572933, 53.3414021], [-6.1556578, 53.3416102], [-6.1547141, 53.3416966], [-6.1542904, 53.3417532], [-6.1517645, 53.3421367], [-6.1515227, 53.342133], [-6.1514857, 53.342174], [-6.1514602, 53.3421882], [-6.1514267, 53.3422002], [-6.1513747, 53.3422097], [-6.1513069, 53.3422067], [-6.1512541, 53.3421858], [-6.1512033, 53.3421511], [-6.1511894, 53.3421125], [-6.1511988, 53.3420749], [-6.1512369, 53.3420458], [-6.1512915, 53.3420142], [-6.1514101, 53.3420018], [-6.1523045, 53.3419346], [-6.152318, 53.3419677], [-6.1532046, 53.3418279], [-6.1542288, 53.3416726], [-6.1554514, 53.3415525], [-6.1561983, 53.3414611], [-6.1569964, 53.3413635], [-6.1597519, 53.3410691], [-6.1613256, 53.3411684], [-6.161938, 53.3411773], [-6.1619879, 53.341178], [-6.1634142, 53.3411251], [-6.1634759, 53.3410899], [-6.1635536, 53.3410547], [-6.1636636, 53.3410371], [-6.1637681, 53.3410419], [-6.163811, 53.3410691], [-6.1640925, 53.3410675], [-6.1640938, 53.341094], [-6.1640952, 53.3411235], [-6.164862, 53.3411187], [-6.1659854, 53.3410691], [-6.1678407, 53.3410339], [-6.1711786, 53.3409683], [-6.174841, 53.340917], [-6.1764961, 53.3408836], [-6.1764823, 53.3407239], [-6.176653, 53.3407015], [-6.1768676, 53.3407143], [-6.1770938, 53.3407544], [-6.1771704, 53.3407418], [-6.1772057, 53.3406954], [-6.1772436, 53.3405973], [-6.1773397, 53.3405477], [-6.1774899, 53.3405093], [-6.1777903, 53.3404196], [-6.1780907, 53.340394], [-6.1782624, 53.3404452], [-6.1784456, 53.3406459], [-6.1784616, 53.3407753], [-6.1786271, 53.3408013], [-6.1789801, 53.3407862], [-6.1792766, 53.3406696], [-6.1795021, 53.3404984], [-6.1797632, 53.3405449], [-6.179771, 53.3404844], [-6.1796588, 53.3403983], [-6.1796842, 53.340297], [-6.179676, 53.3400145], [-6.1796505, 53.3398176], [-6.179582, 53.3394994], [-6.1795917, 53.3393032], [-6.1796971, 53.3391449], [-6.1798661, 53.3390558], [-6.1801075, 53.3390072], [-6.1804259, 53.3390015], [-6.1810719, 53.3390188], [-6.1816601, 53.3390266], [-6.1819575, 53.3390227], [-6.1821944, 53.3389538], [-6.1822648, 53.3388486], [-6.1823622, 53.3386399], [-6.1823373, 53.3381286], [-6.1823179, 53.3378957], [-6.1823608, 53.3377035], [-6.1825539, 53.3376266], [-6.1827255, 53.3375369], [-6.183026, 53.3375113], [-6.1839495, 53.33754], [-6.1852344, 53.3375495], [-6.1861093, 53.337541], [-6.1867158, 53.3374924], [-6.1868701, 53.3374333], [-6.1868434, 53.3373105], [-6.1868679, 53.3372468], [-6.1872384, 53.3372866], [-6.1876399, 53.3371435], [-6.1883678, 53.3371841], [-6.1894647, 53.3374018], [-6.1909911, 53.3373892], [-6.1910076, 53.3373878], [-6.191394, 53.3373538], [-6.1918338, 53.337294], [-6.191956, 53.3372784], [-6.1924658, 53.3372127], [-6.192613, 53.3371937], [-6.1929706, 53.337128], [-6.1932659, 53.3370692], [-6.1934111, 53.3369995], [-6.1934252, 53.3369622], [-6.1934103, 53.336923], [-6.1933997, 53.3368579], [-6.1934838, 53.3367297], [-6.1935976, 53.3364109], [-6.1936818, 53.3363188], [-6.1937464, 53.3362564], [-6.193778, 53.3361924], [-6.1937977, 53.3360378], [-6.1939694, 53.3356791], [-6.1941839, 53.3353716], [-6.1944453, 53.335156], [-6.1944915, 53.3351085], [-6.1945916, 53.3350512], [-6.1947173, 53.3350392], [-6.194892, 53.3350641], [-6.1951228, 53.3351165], [-6.1959343, 53.3352275], [-6.1973811, 53.3354228], [-6.1988646, 53.3355184], [-6.1991343, 53.3355447], [-6.2002513, 53.3356538], [-6.200641, 53.3356918], [-6.2008699, 53.3357141], [-6.2012598, 53.3357522], [-6.2016407, 53.3357911], [-6.2023504, 53.3358343], [-6.2026138, 53.3358428], [-6.2027495, 53.3358877], [-6.2031988, 53.3358926], [-6.2046206, 53.3360874], [-6.2051351, 53.3361439], [-6.2063086, 53.3363055], [-6.2071196, 53.3364171], [-6.2075558, 53.3364597], [-6.2080831, 53.3365164], [-6.2083626, 53.3366042], [-6.2085521, 53.3366421], [-6.2087597, 53.3367631], [-6.2089293, 53.3368619], [-6.2092531, 53.3370506], [-6.2094373, 53.3371579], [-6.2095228, 53.3371684], [-6.2096348, 53.3371776], [-6.2097924, 53.3371407], [-6.2101011, 53.3369395], [-6.2117236, 53.3358819], [-6.2121283, 53.3356257], [-6.2123569, 53.3354304], [-6.212484, 53.3351272], [-6.2125926, 53.3347735], [-6.2126313, 53.3345445], [-6.2126398, 53.33442], [-6.212628, 53.3342773], [-6.2125783, 53.3341753], [-6.2124629, 53.3340558], [-6.212366, 53.3340046], [-6.212205, 53.3339323], [-6.2117992, 53.3337189], [-6.2114862, 53.3335544], [-6.2113405, 53.3334438], [-6.2110759, 53.3332429], [-6.2108628, 53.3330692], [-6.2107191, 53.3329521], [-6.2104992, 53.3329041], [-6.2103181, 53.3328259], [-6.2101625, 53.3325664], [-6.2099957, 53.3321083], [-6.2098646, 53.3317637], [-6.2095242, 53.3312649], [-6.2090038, 53.3305514], [-6.2088579, 53.3302259], [-6.2087845, 53.3299122], [-6.2087324, 53.329664], [-6.2086699, 53.3294985], [-6.2085468, 53.3294538], [-6.2084609, 53.3293929], [-6.2084408, 53.3293508], [-6.2083843, 53.3291679], [-6.2083308, 53.328995], [-6.2081514, 53.3283766], [-6.208075, 53.3281214], [-6.2078065, 53.3271823], [-6.207335, 53.3264834], [-6.2070058, 53.3260178], [-6.2067722, 53.3256873], [-6.2064957, 53.3252961], [-6.2064258, 53.3251646], [-6.2063884, 53.3249473], [-6.2062834, 53.3243937], [-6.2061531, 53.3238701], [-6.2060731, 53.3237033], [-6.2060185, 53.3234782], [-6.2060881, 53.3232379], [-6.2060622, 53.3230528], [-6.2059135, 53.3221683], [-6.2057978, 53.3216029], [-6.2057455, 53.32129], [-6.2056307, 53.3206026], [-6.2054844, 53.3196766], [-6.2055, 53.3196085], [-6.205585, 53.3195625], [-6.2057809, 53.319549], [-6.2057781, 53.3195309], [-6.2057404, 53.3192902], [-6.2057936, 53.3192882], [-6.2057089, 53.3187719], [-6.2056443, 53.3187233], [-6.2052734, 53.3188007], [-6.2052531, 53.3188104], [-6.2052264, 53.3188095], [-6.2052083, 53.3188048], [-6.2050201, 53.3182756], [-6.2048393, 53.3177218], [-6.2046889, 53.3173668], [-6.2045595, 53.3170612], [-6.204445, 53.3168332], [-6.2043863, 53.3166463], [-6.2043368, 53.3164791], [-6.2044562, 53.3164554], [-6.2045459, 53.3164451], [-6.2046333, 53.3164355], [-6.2045781, 53.3163613], [-6.2045298, 53.3163242], [-6.2044482, 53.3162686], [-6.2043858, 53.3162229], [-6.2043309, 53.3161827], [-6.2042849, 53.3161765], [-6.2042343, 53.316169], [-6.2040687, 53.3160673], [-6.2039928, 53.3160048], [-6.2039595, 53.3159409], [-6.2039595, 53.3158393], [-6.2038474, 53.3157742], [-6.2037179, 53.3156932], [-6.2024984, 53.3151367], [-6.2015861, 53.3145023], [-6.1988193, 53.3127302], [-6.1984164, 53.312203], [-6.1979981, 53.3118859]], [[-6.3717996, 53.3437811], [-6.3723876, 53.3438211], [-6.3738504, 53.3440131], [-6.375372, 53.3442261], [-6.3762544, 53.3443736], [-6.3768774, 53.3445112], [-6.3776436, 53.3446702], [-6.377913279117105, 53.344734290214475], [-6.3777238, 53.3446844], [-6.377308, 53.344575], [-6.3770903, 53.3445208], [-6.3768618, 53.3444559], [-6.3766891, 53.3444182], [-6.3765422, 53.3443907], [-6.3764513, 53.3443722], [-6.3763791, 53.3443562], [-6.3759958, 53.3442869], [-6.3753531, 53.3441837], [-6.3749815, 53.3441338], [-6.3746706, 53.3440934], [-6.3737348, 53.34397], [-6.3734807, 53.3439328], [-6.3733205, 53.3439106], [-6.3729664, 53.3438539], [-6.3728911, 53.3438444], [-6.3721057, 53.3437622], [-6.3719529, 53.3437458], [-6.37186, 53.3437366], [-6.371329, 53.3437034], [-6.3710965, 53.3436839], [-6.3708972, 53.3436676], [-6.3707529, 53.3436555], [-6.370652, 53.3436471], [-6.3705348, 53.3436373], [-6.3703573, 53.3436223], [-6.3703432, 53.3436213], [-6.3700408, 53.3435941], [-6.3700335, 53.3436154], [-6.3704064, 53.3436488], [-6.3717996, 53.3437811]]], [[[-6.0865898, 53.2738511], [-6.0864718, 53.2737741], [-6.0861714, 53.2737035], [-6.0860456, 53.2736158], [-6.0859849, 53.2735089], [-6.0860171, 53.2734062], [-6.0858777, 53.2734126], [-6.085706, 53.2734062], [-6.0854914, 53.2734126], [-6.0852554, 53.2734319], [-6.0851374, 53.273496], [-6.0850075, 53.2735152], [-6.0849318, 53.2735363], [-6.0848145, 53.2735281], [-6.0846935, 53.2735413], [-6.0845507, 53.2735235], [-6.08444, 53.2735345], [-6.0843582, 53.2735685], [-6.0842295, 53.273556], [-6.0843368, 53.2737228], [-6.0843046, 53.2737805], [-6.0841973, 53.2737933], [-6.084141, 53.273826], [-6.0840275, 53.2738212], [-6.0839183, 53.2737805], [-6.0835428, 53.2734597], [-6.0833926, 53.2733763], [-6.083457, 53.273248], [-6.0832746, 53.2732801], [-6.0832853, 53.2731902], [-6.0831459, 53.2729336], [-6.08306, 53.27294], [-6.0828991, 53.2727283], [-6.0826738, 53.2725358], [-6.0825129, 53.2725679], [-6.0823519, 53.2724909], [-6.0821695, 53.2725166], [-6.0819871, 53.2724909], [-6.0817833, 53.2724332], [-6.0816975, 53.2723241], [-6.0817404, 53.2721894], [-6.081912, 53.2720482], [-6.0820515, 53.2720097], [-6.0819013, 53.2718365], [-6.081794, 53.2717531], [-6.0818048, 53.2717017], [-6.0815258, 53.2715285], [-6.0816009, 53.2714836], [-6.0815043, 53.2714323], [-6.0818477, 53.2712911], [-6.0817833, 53.2710537], [-6.081955, 53.2710537], [-6.082073, 53.2709703], [-6.0821695, 53.2709896], [-6.0822124, 53.2709446], [-6.0821481, 53.2708805], [-6.0822446, 53.2706623], [-6.0822661, 53.2705148], [-6.0825129, 53.2703928], [-6.0826845, 53.2704698], [-6.0827305, 53.2704231], [-6.0826845, 53.2703094], [-6.082824, 53.2701298], [-6.0828669, 53.2699565], [-6.0830605, 53.2699218], [-6.0834355, 53.2700335], [-6.0836823, 53.27004], [-6.0838861, 53.2701426], [-6.0841329, 53.2702132], [-6.0843904, 53.2702902], [-6.0845621, 53.2703993], [-6.0845513, 53.2705212], [-6.0846908, 53.2705982], [-6.0846658, 53.2706235], [-6.0847729, 53.2706691], [-6.0848839, 53.270765], [-6.0850449, 53.2708227], [-6.0851719, 53.2708927], [-6.0851843, 53.2709446], [-6.0851995, 53.2709844], [-6.0853265, 53.2709972], [-6.0856265, 53.271042], [-6.0857998, 53.2710941], [-6.0859092, 53.2712008], [-6.085979, 53.2712365], [-6.0860513, 53.2713001], [-6.0861164, 53.2713965], [-6.0861619, 53.2714346], [-6.0862747, 53.2714318], [-6.0863323, 53.2714579], [-6.0861499, 53.2715478], [-6.0862143, 53.2717017], [-6.0862465, 53.2718429], [-6.0865147, 53.2719006], [-6.0865051, 53.2722122], [-6.0867078, 53.2724588], [-6.0865791, 53.2729914], [-6.0865878, 53.2730024], [-6.0866423, 53.2730706], [-6.0866286, 53.273138], [-6.0865865, 53.2731988], [-6.0866121, 53.2732567], [-6.0866191, 53.2732606], [-6.0866806, 53.2732947], [-6.0867606, 53.2733501], [-6.0868956, 53.2734201], [-6.0869406, 53.273444], [-6.0870282, 53.2734905], [-6.0870872, 53.2734649], [-6.0870738, 53.2735675], [-6.0870684, 53.2738546], [-6.0867186, 53.2737869], [-6.0865898, 53.2738511]]], [[[-6.0878451, 53.2753523], [-6.0877654, 53.2752204], [-6.0877, 53.2749578], [-6.087729, 53.2749168], [-6.0877633, 53.2749104], [-6.0877703, 53.2748757], [-6.0876982, 53.2747667], [-6.0876857, 53.2745466], [-6.0877442, 53.2744647], [-6.0878542, 53.2743954], [-6.087889, 53.2743895], [-6.0879256, 53.2744022], [-6.0879307, 53.2743827], [-6.0879815, 53.2743881], [-6.0879901, 53.2744388], [-6.0880219, 53.2744455], [-6.0880165, 53.274476], [-6.0881057, 53.2745647], [-6.0880865, 53.2745823], [-6.0880486, 53.274586], [-6.0880784, 53.2746181], [-6.0881872, 53.2746436], [-6.0883172, 53.2747749], [-6.0883694, 53.2748419], [-6.088356, 53.2749146], [-6.0883905, 53.2749303], [-6.088434, 53.2750012], [-6.0882352, 53.2751152], [-6.0880751, 53.2753258], [-6.087981, 53.2753609], [-6.0878451, 53.2753523]]], [[[-6.0920142, 53.278276], [-6.0919578, 53.2782704], [-6.09194, 53.2782876], [-6.0918334, 53.2782335], [-6.091631, 53.2781609], [-6.0914765, 53.2780685], [-6.0912791, 53.2779864], [-6.0912361, 53.2779146], [-6.0911787, 53.2779016], [-6.0911545, 53.2778791], [-6.0911626, 53.2778166], [-6.0911846, 53.2777657], [-6.0912135, 53.2777275], [-6.0912088, 53.2777099], [-6.0911921, 53.2776919], [-6.0912189, 53.2776794], [-6.0912564, 53.2776955], [-6.0912696, 53.2776236], [-6.0912001, 53.2776016], [-6.0912055, 53.2775599], [-6.091243, 53.2775511], [-6.0912879, 53.2775475], [-6.0913248, 53.2775664], [-6.0915327, 53.2776169], [-6.0917511, 53.277699], [-6.0917713, 53.2777114], [-6.0920258, 53.2778684], [-6.0922575, 53.2779813], [-6.0923004, 53.2781096], [-6.0921631, 53.278089], [-6.0920859, 53.2782225], [-6.0920976, 53.2782898], [-6.0920142, 53.278276]]], [[[-6.0862755, 53.5740122], [-6.0864259, 53.5743821], [-6.0863021, 53.5745004], [-6.0859806, 53.5745802], [-6.085583, 53.5744035], [-6.0853684, 53.5740722], [-6.0850079, 53.5734607], [-6.0844243, 53.5731039], [-6.0838921, 53.5728898], [-6.0827506, 53.5727471], [-6.0820897, 53.5726962], [-6.082124, 53.5722986], [-6.0819479, 53.5718641], [-6.0815796, 53.5715896], [-6.0812314, 53.5712946], [-6.0807444, 53.5713046], [-6.0804089, 53.5713722], [-6.0802212, 53.5713594], [-6.0800898, 53.5712589], [-6.0800876, 53.5711306], [-6.0801499, 53.5710754], [-6.0804589, 53.5709378], [-6.0809911, 53.5708613], [-6.0815747, 53.5708002], [-6.0820382, 53.570632], [-6.0822957, 53.5706982], [-6.0824962, 53.5707679], [-6.0827461, 53.571036], [-6.0829823, 53.5711162], [-6.083669, 53.5712181], [-6.0841496, 53.5712283], [-6.0843213, 53.5713302], [-6.0843556, 53.5715341], [-6.0845101, 53.5718195], [-6.0848363, 53.5722477], [-6.0851796, 53.5724159], [-6.0858147, 53.5725942], [-6.0865014, 53.5728746], [-6.0870073, 53.5729773], [-6.0872797, 53.5730663], [-6.0870855, 53.5732251], [-6.0867106, 53.5733939], [-6.0864264, 53.57365], [-6.0862755, 53.5740122]]], [[[-6.0889944, 53.5853478], [-6.0882734, 53.5855822], [-6.0876726, 53.5859593], [-6.0873893, 53.5860764], [-6.0871919, 53.5859491], [-6.0874494, 53.5855313], [-6.0876039, 53.5848281], [-6.0882905, 53.5843288], [-6.0889772, 53.584074], [-6.0895608, 53.5838855], [-6.0900072, 53.58386], [-6.0903934, 53.5839874], [-6.0904535, 53.5842422], [-6.0903676, 53.5845989], [-6.0902475, 53.5848281], [-6.0898183, 53.5850931], [-6.0889944, 53.5853478]]], [[[-6.075944, 53.2760423], [-6.0758965, 53.2760414], [-6.0758729, 53.2760543], [-6.0758439, 53.2760578], [-6.0757801, 53.2760572], [-6.0757357, 53.2760493], [-6.0756321, 53.2759694], [-6.0755695, 53.275887], [-6.0755223, 53.2758213], [-6.0755297, 53.2757986], [-6.0755699, 53.2757841], [-6.0756728, 53.275758], [-6.0756167, 53.2757274], [-6.0755144, 53.2757149], [-6.0755063, 53.2756791], [-6.0754498, 53.2756673], [-6.0754165, 53.2756685], [-6.0753681, 53.2755732], [-6.0754136, 53.2754983], [-6.0754455, 53.2754373], [-6.0754277, 53.2754151], [-6.0754225, 53.275414], [-6.0754173, 53.2754137], [-6.0753745, 53.275426], [-6.0753492, 53.2754221], [-6.0753366, 53.2754087], [-6.0753418, 53.27538], [-6.0752545, 53.2753382], [-6.0751515, 53.2752355], [-6.0750944, 53.275152], [-6.0752288, 53.2751297], [-6.0754416, 53.2751026], [-6.0755292, 53.2751088], [-6.0756168, 53.2751234], [-6.0757145, 53.2752042], [-6.0759328, 53.275316], [-6.0760355, 53.2753741], [-6.0761299, 53.2754665], [-6.0761986, 53.2755383], [-6.0763531, 53.2756204], [-6.0763445, 53.275759], [-6.076293, 53.2758668], [-6.0763531, 53.2759797], [-6.0763547, 53.2760092], [-6.0763484, 53.2760272], [-6.0762289, 53.2760366], [-6.0760207, 53.2760538], [-6.075944, 53.2760423]]], [[[-6.0605152, 53.4002936], [-6.0605514, 53.400382], [-6.0604757, 53.4004291], [-6.0604032, 53.4004763], [-6.0602154, 53.4005371], [-6.0600507, 53.4005784], [-6.0599057, 53.4006766], [-6.0597443, 53.400708], [-6.0596026, 53.4007061], [-6.0594774, 53.4007002], [-6.0593061, 53.4006963], [-6.0591743, 53.400708], [-6.0591051, 53.4006805], [-6.0590623, 53.4006491], [-6.0590491, 53.4006138], [-6.0591183, 53.4005882], [-6.0591479, 53.4005705], [-6.0591644, 53.4005175], [-6.0591183, 53.4005254], [-6.0590227, 53.4005607], [-6.0589008, 53.4005371], [-6.0589074, 53.4004998], [-6.0590722, 53.4004664], [-6.0590722, 53.4004311], [-6.0591578, 53.4004095], [-6.0591611, 53.4003702], [-6.0591348, 53.4003564], [-6.0590788, 53.4003014], [-6.0591512, 53.4002759], [-6.0592336, 53.4002818], [-6.0593127, 53.4002975], [-6.0593983, 53.4002857], [-6.0594445, 53.4002582], [-6.0595861, 53.4001679], [-6.0598365, 53.400162], [-6.0599815, 53.4001207], [-6.0602187, 53.4000421], [-6.060502, 53.4000323], [-6.0605613, 53.4000775], [-6.0606305, 53.4001168], [-6.0606042, 53.4001404], [-6.0604954, 53.4002287], [-6.0603801, 53.400325], [-6.0605152, 53.4002936]]], [[[-6.0697499, 53.4083697], [-6.0694834, 53.4083525], [-6.0692817, 53.4084175], [-6.0692051, 53.4084624], [-6.0691231, 53.4084652], [-6.0691101, 53.4084269], [-6.0692258, 53.4083668], [-6.0692282, 53.4083318], [-6.0692252, 53.4082256], [-6.0692976, 53.4081944], [-6.0693026, 53.4081725], [-6.0691892, 53.408192], [-6.0691066, 53.4081912], [-6.0690469, 53.4081535], [-6.0690398, 53.4080998], [-6.069094, 53.4080521], [-6.0689512, 53.4080721], [-6.0689118, 53.4081088], [-6.068794, 53.4081176], [-6.0687501, 53.4081152], [-6.0685873, 53.4080846], [-6.0684027, 53.4080392], [-6.0681014, 53.4079635], [-6.0679204, 53.4080151], [-6.0677746, 53.4079893], [-6.0676408, 53.4079826], [-6.0674683, 53.4079354], [-6.067433, 53.4078988], [-6.0673953, 53.407903], [-6.0673925, 53.4079176], [-6.0674716, 53.4079507], [-6.0674501, 53.4079821], [-6.0674025, 53.4080058], [-6.06733, 53.4079833], [-6.0673081, 53.4080068], [-6.0674202, 53.408067], [-6.067417, 53.4080935], [-6.0673647, 53.4081025], [-6.0673174, 53.4080822], [-6.0672724, 53.4081578], [-6.0672834, 53.4081833], [-6.0672579, 53.4082207], [-6.0671894, 53.4082324], [-6.0671247, 53.4082231], [-6.0671149, 53.4082687], [-6.0670748, 53.4082864], [-6.0670131, 53.4082722], [-6.0667504, 53.4082767], [-6.0666622, 53.4083135], [-6.0666011, 53.4082924], [-6.0665017, 53.4082262], [-6.0663243, 53.4081465], [-6.0663246, 53.4081242], [-6.0662973, 53.4081073], [-6.0662486, 53.4081049], [-6.0660308, 53.4079981], [-6.0659837, 53.4079041], [-6.0658743, 53.4079128], [-6.0658669, 53.4079466], [-6.0658375, 53.4080131], [-6.0658364, 53.4080711], [-6.0658138, 53.4080814], [-6.0657071, 53.4079752], [-6.0654992, 53.4079466], [-6.0654307, 53.4079638], [-6.065424, 53.4079856], [-6.0653817, 53.4080498], [-6.0653894, 53.4081204], [-6.065335, 53.4081567], [-6.0652496, 53.4081124], [-6.0651553, 53.4081142], [-6.0651321, 53.4081266], [-6.0651125, 53.4081704], [-6.0649189, 53.4081994], [-6.0648216, 53.4082037], [-6.0647063, 53.4082415], [-6.0645952, 53.4082555], [-6.0644691, 53.4082433], [-6.0643796, 53.4081909], [-6.0642909, 53.4081752], [-6.0642568, 53.4081451], [-6.0642469, 53.4081302], [-6.064263, 53.4081107], [-6.0641741, 53.4080515], [-6.064109, 53.4080222], [-6.0640622, 53.408009], [-6.0639602, 53.4079387], [-6.0638628, 53.4079176], [-6.06366, 53.4079539], [-6.0636254, 53.4080038], [-6.0635445, 53.4080091], [-6.063485, 53.4079837], [-6.063484, 53.4079577], [-6.0634234, 53.4079062], [-6.0632161, 53.407935], [-6.0629216, 53.4080073], [-6.0626472, 53.4080436], [-6.0624562, 53.4080691], [-6.0622077, 53.4080449], [-6.0619183, 53.4080921], [-6.0616534, 53.4081097], [-6.0614736, 53.4081732], [-6.0612553, 53.4082186], [-6.0609179, 53.4082446], [-6.0606434, 53.4082513], [-6.0604181, 53.4081864], [-6.0602392, 53.4081981], [-6.0602271, 53.4081341], [-6.0601296, 53.4081029], [-6.0599035, 53.4081227], [-6.0598355, 53.4080643], [-6.0597895, 53.4079549], [-6.0598271, 53.4078305], [-6.0598127, 53.4078092], [-6.0597909, 53.4077862], [-6.0597168, 53.4078197], [-6.0596573, 53.4078188], [-6.0595699, 53.4077633], [-6.0595597, 53.4077131], [-6.0595808, 53.4075606], [-6.0594527, 53.407558], [-6.0593174, 53.4075194], [-6.0593135, 53.4074639], [-6.0594776, 53.4074213], [-6.059603, 53.4072152], [-6.0597061, 53.4070171], [-6.0599858, 53.4068383], [-6.0602207, 53.4066789], [-6.0605227, 53.4066118], [-6.0606766, 53.4065989], [-6.0607373, 53.4066172], [-6.0607835, 53.4066135], [-6.0608143, 53.4065933], [-6.0608842, 53.4065696], [-6.0609803, 53.4065699], [-6.060958, 53.4065355], [-6.061009, 53.4064951], [-6.0610403, 53.4064957], [-6.061063, 53.406484], [-6.0611196, 53.4064067], [-6.0612116, 53.4063808], [-6.0612105, 53.4063638], [-6.0611764, 53.4063395], [-6.0610952, 53.4063022], [-6.0610184, 53.406233], [-6.0608297, 53.4062638], [-6.0608205, 53.406248], [-6.0609263, 53.4061353], [-6.0610573, 53.4060623], [-6.0611264, 53.4060328], [-6.061258, 53.4059978], [-6.0614088, 53.4060255], [-6.0615546, 53.4060387], [-6.0616641, 53.4060878], [-6.0617833, 53.406142], [-6.0618806, 53.4061322], [-6.0619576, 53.4061012], [-6.0619138, 53.4060625], [-6.0619136, 53.4060361], [-6.0619398, 53.4060342], [-6.0620022, 53.4060574], [-6.0621003, 53.4060441], [-6.0621171, 53.4060276], [-6.0620944, 53.406008], [-6.0621251, 53.4059682], [-6.0621152, 53.4059197], [-6.0620261, 53.405895], [-6.0619137, 53.4058798], [-6.061881, 53.4058606], [-6.0618858, 53.405825], [-6.0618622, 53.4058165], [-6.0616559, 53.4057586], [-6.0613301, 53.4056382], [-6.061175, 53.4056482], [-6.0610189, 53.4055807], [-6.0609511, 53.4054373], [-6.0608143, 53.4053017], [-6.0607658, 53.4052446], [-6.0607731, 53.4051904], [-6.0607355, 53.4051176], [-6.0606339, 53.4050201], [-6.0608189, 53.4049296], [-6.0607623, 53.4048134], [-6.0608188, 53.4047144], [-6.0610005, 53.4046025], [-6.0609728, 53.4045385], [-6.0610072, 53.4044161], [-6.0610627, 53.4041938], [-6.0613208, 53.4040056], [-6.0613298, 53.4040389], [-6.0613705, 53.4040233], [-6.0614631, 53.4039611], [-6.061521, 53.403958], [-6.0613599, 53.4039416], [-6.0613657, 53.4038731], [-6.0616095, 53.403693], [-6.0617513, 53.4036437], [-6.0619154, 53.4035681], [-6.061854, 53.4035245], [-6.0618212, 53.4035239], [-6.0617507, 53.4035914], [-6.0616439, 53.403636], [-6.0615834, 53.4036407], [-6.0615364, 53.4035726], [-6.0616355, 53.4034969], [-6.0617325, 53.4034654], [-6.0617763, 53.4034701], [-6.0618055, 53.4034401], [-6.0617473, 53.4034006], [-6.0616712, 53.4033825], [-6.0614354, 53.4035547], [-6.0611888, 53.4037455], [-6.0610037, 53.4039168], [-6.0608543, 53.403993], [-6.0608271, 53.4040165], [-6.0608269, 53.4040687], [-6.0607634, 53.4040959], [-6.0606346, 53.4041193], [-6.0605874, 53.4041697], [-6.0605267, 53.4041947], [-6.0603922, 53.4041938], [-6.0603413, 53.4041626], [-6.0603017, 53.4040917], [-6.0603004, 53.4040779], [-6.0603125, 53.4040364], [-6.0603413, 53.4039865], [-6.0603522, 53.4038952], [-6.0603387, 53.4038346], [-6.0603781, 53.4037769], [-6.0603438, 53.4037429], [-6.0602315, 53.4036753], [-6.060193, 53.4035914], [-6.0602505, 53.4034698], [-6.0603364, 53.4033291], [-6.0604007, 53.4032267], [-6.0605724, 53.4031372], [-6.0607655, 53.4030476], [-6.0609586, 53.4029581], [-6.0610781, 53.4029371], [-6.0611251, 53.4029795], [-6.0612834, 53.4029607], [-6.0614064, 53.4029382], [-6.0616522, 53.4029524], [-6.0619134, 53.40298], [-6.062157, 53.403041], [-6.0623931, 53.4030628], [-6.0625817, 53.403072], [-6.0628684, 53.403086], [-6.0630247, 53.4030136], [-6.0632546, 53.4031372], [-6.0636837, 53.4033035], [-6.0641107, 53.4034399], [-6.0641836, 53.4034815], [-6.0642961, 53.4035059], [-6.0645326, 53.4035353], [-6.0647953, 53.4035962], [-6.0651052, 53.4036255], [-6.0652645, 53.4036053], [-6.065496, 53.4035969], [-6.0655566, 53.4036761], [-6.0655523, 53.4037845], [-6.0653466, 53.4039462], [-6.0653294, 53.4041046], [-6.0653872, 53.4044042], [-6.0655331, 53.4046029], [-6.0658512, 53.4048205], [-6.0661669, 53.4050984], [-6.0664359, 53.4053682], [-6.0668612, 53.4056289], [-6.0672452, 53.4058048], [-6.0674608, 53.4057812], [-6.0677194, 53.4058215], [-6.0677187, 53.4058508], [-6.0678488, 53.4058988], [-6.0678921, 53.4059654], [-6.0680138, 53.4059603], [-6.0680778, 53.405983], [-6.0685672, 53.4062301], [-6.0686381, 53.4063872], [-6.0685908, 53.406497], [-6.0686574, 53.4065648], [-6.0687395, 53.4066063], [-6.0687221, 53.406706], [-6.0687441, 53.4067489], [-6.068932, 53.406799], [-6.0692138, 53.4069711], [-6.0692581, 53.4071583], [-6.0693289, 53.4072973], [-6.0695728, 53.407481], [-6.0697136, 53.4076518], [-6.069794, 53.4077902], [-6.0698399, 53.4078127], [-6.0698234, 53.4078281], [-6.0696439, 53.4078824], [-6.0696041, 53.4079252], [-6.0696969, 53.4080491], [-6.0697659, 53.4081436], [-6.0698739, 53.4081261], [-6.0699054, 53.4081391], [-6.0699452, 53.4081367], [-6.0699809, 53.4081492], [-6.0700449, 53.4081359], [-6.070155, 53.408141], [-6.0702402, 53.4081893], [-6.0703282, 53.4082186], [-6.0703319, 53.4082533], [-6.0703118, 53.4082719], [-6.0702526, 53.4082937], [-6.0702035, 53.4082896], [-6.0697499, 53.4083697]]], [[[-6.0592091, 53.407745], [-6.0591746, 53.4077244], [-6.0591669, 53.4077296], [-6.0591653, 53.4077398], [-6.0591729, 53.4077609], [-6.0591416, 53.4077622], [-6.0590965, 53.4077432], [-6.0590587, 53.40774], [-6.0589903, 53.4077248], [-6.0586341, 53.4076607], [-6.0585812, 53.4076256], [-6.0585697, 53.4075997], [-6.0585815, 53.4075659], [-6.0586119, 53.4075093], [-6.058787, 53.4074941], [-6.0588843, 53.4075563], [-6.0589617, 53.4075151], [-6.0589354, 53.4074887], [-6.0588836, 53.4074472], [-6.058994, 53.4074508], [-6.0590366, 53.4075057], [-6.0590377, 53.407515], [-6.0590988, 53.4075254], [-6.0591482, 53.4075727], [-6.0591715, 53.4076046], [-6.0592072, 53.4076279], [-6.0592174, 53.4076304], [-6.059224, 53.407636], [-6.0592543, 53.4076479], [-6.0592816, 53.4076546], [-6.0592882, 53.4076672], [-6.0592685, 53.4077595], [-6.0592276, 53.4077882], [-6.0592183, 53.4077666], [-6.0592091, 53.407745]]], [[[-6.0699019, 53.4087953], [-6.0699637, 53.4087615], [-6.07001, 53.4087308], [-6.0699534, 53.4087277], [-6.0698968, 53.4087492], [-6.0697887, 53.4087492], [-6.0697578, 53.408786], [-6.0697217, 53.4088444], [-6.0696497, 53.4088658], [-6.0695982, 53.408875], [-6.0695673, 53.4088474], [-6.0695982, 53.4087983], [-6.0696497, 53.4087584], [-6.0696136, 53.4087185], [-6.0695467, 53.4087124], [-6.0694901, 53.4087523], [-6.0694438, 53.4088137], [-6.0693614, 53.4088382], [-6.0693254, 53.4088014], [-6.0693305, 53.4087155], [-6.0693099, 53.4086725], [-6.069243, 53.4086725], [-6.0691349, 53.4086541], [-6.0690474, 53.4086295], [-6.0691297, 53.4086019], [-6.0692636, 53.4085927], [-6.069279, 53.408562], [-6.069382, 53.4085467], [-6.0695004, 53.4085375], [-6.06966, 53.4085375], [-6.069799, 53.4085068], [-6.0699894, 53.4084669], [-6.0700924, 53.4084915], [-6.0701799, 53.4084915], [-6.0702108, 53.4085283], [-6.0702314, 53.4085712], [-6.0702365, 53.408605], [-6.0702726, 53.4086817], [-6.0701387, 53.4087738], [-6.0700409, 53.4087891], [-6.0699843, 53.4088075], [-6.0699019, 53.4087953]]], [[[-6.0102673, 53.4828107], [-6.0101064, 53.4828075], [-6.0099294, 53.4828234], [-6.0097952, 53.4827883], [-6.0096614, 53.4827824], [-6.0095604, 53.4827184], [-6.0095507, 53.4825356], [-6.0097787, 53.4824528], [-6.0099579, 53.482383], [-6.0101273, 53.4823656], [-6.0103456, 53.4823985], [-6.010528, 53.4824625], [-6.0105932, 53.4825226], [-6.010616, 53.482637], [-6.0105737, 53.4827727], [-6.0104712, 53.4827979], [-6.0103961, 53.4828075], [-6.0102673, 53.4828107]]], [[[-6.032832, 53.4905973], [-6.0326001, 53.4906645], [-6.0323151, 53.4906944], [-6.0318543, 53.4909582], [-6.0315734, 53.490977], [-6.0315354, 53.4910642], [-6.0312031, 53.4913599], [-6.0310306, 53.4914956], [-6.0306732, 53.4919864], [-6.0304763, 53.4922587], [-6.0305371, 53.4925126], [-6.0304812, 53.4926298], [-6.0303219, 53.4930535], [-6.0308613, 53.4931989], [-6.0310124, 53.493215], [-6.0312324, 53.4932401], [-6.0319053, 53.4933027], [-6.0324915, 53.4933573], [-6.0325735, 53.4934376], [-6.0325366, 53.4934968], [-6.0324339, 53.493497], [-6.0323702, 53.4934304], [-6.0320932, 53.4934051], [-6.0314592, 53.4933447], [-6.0307771, 53.4932821], [-6.0307192, 53.4938369], [-6.0308594, 53.4941991], [-6.0311137, 53.4941976], [-6.0312063, 53.4941979], [-6.0314438, 53.4941986], [-6.0315521, 53.4942006], [-6.0316908, 53.4942022], [-6.0318646, 53.4941848], [-6.0320417, 53.4941321], [-6.0321386, 53.4940692], [-6.0322974, 53.4939309], [-6.0323845, 53.4938176], [-6.0324821, 53.493829], [-6.0323503, 53.4939832], [-6.0321859, 53.494121], [-6.0320619, 53.4941938], [-6.0318819, 53.4942339], [-6.0317298, 53.4942451], [-6.0308172, 53.4942477], [-6.0307239, 53.4943302], [-6.0305473, 53.4943863], [-6.0301908, 53.4946536], [-6.0299955, 53.4948998], [-6.0297636, 53.4952516], [-6.0296496, 53.4955452], [-6.028936, 53.4960645], [-6.0285353, 53.4962988], [-6.0284248, 53.4965479], [-6.0284608, 53.4967687], [-6.0284639, 53.4969602], [-6.0284366, 53.4972675], [-6.0284867, 53.4975574], [-6.0285171, 53.4980721], [-6.0284202, 53.4983121], [-6.0281224, 53.4985228], [-6.0278462, 53.4986853], [-6.0275252, 53.4987671], [-6.0271755, 53.4989763], [-6.027037, 53.4989515], [-6.0270405, 53.4988097], [-6.0268484, 53.4988189], [-6.0267342, 53.4987355], [-6.0267446, 53.4986182], [-6.0265681, 53.4986491], [-6.0264435, 53.4986522], [-6.0264435, 53.4985472], [-6.0262567, 53.4985472], [-6.026267, 53.4983681], [-6.0260075, 53.4985101], [-6.0258518, 53.4984762], [-6.0257332, 53.4983405], [-6.0258051, 53.4981489], [-6.0260075, 53.4980284], [-6.0261873, 53.4976973], [-6.0264637, 53.4975109], [-6.0267679, 53.4974616], [-6.027285, 53.4972715], [-6.0275084, 53.4971159], [-6.0274979, 53.4969159], [-6.0269936, 53.4969929], [-6.0259108, 53.4970669], [-6.0254777, 53.4971162], [-6.0249174, 53.4972071], [-6.0249155, 53.4971244], [-6.0249901, 53.4970403], [-6.0251925, 53.4968921], [-6.0248447, 53.4969538], [-6.024933, 53.4968118], [-6.0243101, 53.4970681], [-6.0241024, 53.4970372], [-6.0246007, 53.4967037], [-6.0242997, 53.4966636], [-6.0238772, 53.4969686], [-6.0236716, 53.4970125], [-6.0238065, 53.4967624], [-6.023412, 53.4971422], [-6.0231836, 53.4972812], [-6.0229604, 53.4971947], [-6.0228722, 53.4970279], [-6.0229037, 53.4967536], [-6.0231213, 53.4964845], [-6.0231805, 53.4962815], [-6.0237287, 53.4961695], [-6.0234587, 53.4960367], [-6.0230486, 53.4960367], [-6.0228566, 53.4959194], [-6.0226022, 53.4959255], [-6.0222856, 53.4961479], [-6.0220156, 53.4962529], [-6.0218547, 53.4962158], [-6.0218028, 53.4960367], [-6.0220403, 53.4957753], [-6.0221766, 53.4955797], [-6.0221558, 53.4953666], [-6.0223375, 53.4951906], [-6.0221921, 53.4950732], [-6.0217717, 53.4949682], [-6.0215247, 53.4949637], [-6.021237, 53.4953079], [-6.0209411, 53.495487], [-6.0207283, 53.4954037], [-6.0208996, 53.495169], [-6.0208788, 53.4949713], [-6.0206689, 53.4951833], [-6.020502, 53.4952779], [-6.0201913, 53.4954869], [-6.0198587, 53.4954327], [-6.0193116, 53.495455], [-6.0192847, 53.495305], [-6.0185337, 53.4954774], [-6.0184093, 53.4953975], [-6.0176859, 53.4956552], [-6.0173053, 53.4960454], [-6.016978, 53.4960901], [-6.0172248, 53.4962018], [-6.0172945, 53.4963039], [-6.0171121, 53.4964443], [-6.0169901, 53.4964529], [-6.0166906, 53.496505], [-6.0164648, 53.4964885], [-6.0166814, 53.4965927], [-6.0162114, 53.4972313], [-6.0158403, 53.4970514], [-6.0157067, 53.4969708], [-6.0155082, 53.4969325], [-6.0156852, 53.497073], [-6.0156745, 53.4972102], [-6.0154971, 53.4972834], [-6.0149719, 53.4974451], [-6.0137508, 53.4975849], [-6.0133591, 53.4978508], [-6.0128062, 53.4981304], [-6.0127232, 53.4983524], [-6.0125113, 53.4984237], [-6.012479, 53.4986183], [-6.0123869, 53.4987032], [-6.0124422, 53.4988787], [-6.0119307, 53.4988951], [-6.0112626, 53.4988458], [-6.0104792, 53.4989691], [-6.0102857, 53.4989609], [-6.0100415, 53.4987909], [-6.0098664, 53.4987169], [-6.0094563, 53.4987087], [-6.0089955, 53.4986594], [-6.0088527, 53.498536], [-6.0088435, 53.4983908], [-6.0085578, 53.4983031], [-6.0081938, 53.4983168], [-6.0076685, 53.4984456], [-6.0077146, 53.4986073], [-6.0077192, 53.4987115], [-6.0076316, 53.4988293], [-6.0073598, 53.4987992], [-6.0072031, 53.4988814], [-6.0070695, 53.4989225], [-6.0068437, 53.498928], [-6.0067331, 53.4988184], [-6.0067515, 53.4986786], [-6.0066686, 53.4986237], [-6.0064151, 53.4986649], [-6.0061802, 53.4985963], [-6.0057793, 53.4984593], [-6.0057055, 53.498388], [-6.0055857, 53.4982345], [-6.0057747, 53.498092], [-6.0057424, 53.4980399], [-6.005641, 53.4979495], [-6.005641, 53.4977905], [-6.0055212, 53.4976891], [-6.0055996, 53.4975246], [-6.005934, 53.4972926], [-6.0063771, 53.4971472], [-6.0062337, 53.4971026], [-6.0056831, 53.4969824], [-6.004976, 53.4967964], [-6.0046926, 53.4966762], [-6.0044384, 53.4965677], [-6.0043863, 53.4964669], [-6.004168, 53.4963293], [-6.0037868, 53.4963642], [-6.0033698, 53.4962556], [-6.0031905, 53.4961917], [-6.0032492, 53.4961064], [-6.0027442, 53.4959377], [-6.0022001, 53.4958389], [-6.001884, 53.4957711], [-6.001682, 53.4957207], [-6.0015842, 53.495678], [-6.0014995, 53.4956993], [-6.0015256, 53.4958253], [-6.0013366, 53.4958622], [-6.0011444, 53.495835], [-6.0010727, 53.4957924], [-6.0008186, 53.4957381], [-6.0006166, 53.4958544], [-6.0004178, 53.4959261], [-6.0004178, 53.4960482], [-6.0001018, 53.4960347], [-5.9999551, 53.4959377], [-5.9997108, 53.4958835], [-5.9992611, 53.4958835], [-5.9990005, 53.4959009], [-5.9991145, 53.4960308], [-5.9989907, 53.4960773], [-5.9985827, 53.4960376], [-5.9985675, 53.495935], [-5.9985475, 53.4958843], [-5.9984295, 53.4958816], [-5.998355, 53.495811], [-5.9981988, 53.4957981], [-5.9981681, 53.4957545], [-5.9981711, 53.4956588], [-5.9980543, 53.4956561], [-5.9979774, 53.4955385], [-5.9980882, 53.495426], [-5.9981501, 53.4953543], [-5.9979839, 53.4952342], [-5.9975506, 53.4951896], [-5.9972704, 53.4951062], [-5.9971987, 53.4949919], [-5.9968598, 53.4949647], [-5.9965536, 53.4949279], [-5.9962799, 53.4948426], [-5.9960713, 53.4947535], [-5.995739, 53.4947612], [-5.9952568, 53.4947806], [-5.9951207, 53.4946936], [-5.9949076, 53.4946556], [-5.9947178, 53.4944796], [-5.9945041, 53.4942572], [-5.9947518, 53.4941332], [-5.9946345, 53.4940072], [-5.9947062, 53.4939394], [-5.9950124, 53.4939006], [-5.9952992, 53.493856], [-5.9953741, 53.4937862], [-5.9956999, 53.4937242], [-5.9959182, 53.4935749], [-5.9962082, 53.4935168], [-5.9959638, 53.4933501], [-5.995915, 53.493226], [-5.9961919, 53.4932803], [-5.9963385, 53.4932706], [-5.9966187, 53.4932823], [-5.9968533, 53.4932939], [-5.9971596, 53.4933482], [-5.9975115, 53.4933714], [-5.9976548, 53.4934858], [-5.9978992, 53.4935788], [-5.9980491, 53.4936505], [-5.9982967, 53.4937455], [-5.9984075, 53.4937591], [-5.9984727, 53.4937261], [-5.9987692, 53.4937164], [-5.9988115, 53.4937649], [-5.998994, 53.4937029], [-5.9991113, 53.4936001], [-5.9989646, 53.493447], [-5.9988864, 53.4933404], [-5.9988017, 53.493197], [-5.99902, 53.4930652], [-5.9993559, 53.4930392], [-5.9994632, 53.4930839], [-5.9995893, 53.4931381], [-5.9996831, 53.4931365], [-5.9997529, 53.4930918], [-5.9997368, 53.4930392], [-5.9997717, 53.4930105], [-5.9999514, 53.4930073], [-6.0000667, 53.4930424], [-6.000174, 53.4930839], [-6.0002089, 53.4931142], [-6.0002531, 53.4930974], [-6.0002598, 53.4930296], [-6.0003108, 53.4929658], [-6.0004932, 53.4929578], [-6.0012281, 53.4929099], [-6.0014641, 53.4928956], [-6.0015044, 53.4929355], [-6.0016519, 53.4929594], [-6.0017324, 53.4929195], [-6.0018182, 53.4928669], [-6.0019687, 53.4928636], [-6.0021381, 53.4929799], [-6.0021447, 53.4930981], [-6.0021447, 53.4931504], [-6.0022457, 53.4932047], [-6.0024118, 53.4931039], [-6.0027279, 53.4930322], [-6.002855, 53.4929333], [-6.0031124, 53.4928481], [-6.003386, 53.492819], [-6.003474, 53.492755], [-6.0037119, 53.4927705], [-6.0039302, 53.4927957], [-6.0041028, 53.4925263], [-6.0042169, 53.4924972], [-6.0043668, 53.4925418], [-6.004357, 53.4924177], [-6.0043146, 53.4922937], [-6.0045004, 53.4922123], [-6.0045199, 53.4921347], [-6.0044222, 53.4920455], [-6.0043407, 53.4919021], [-6.0044222, 53.491778], [-6.0047317, 53.4915881], [-6.004862, 53.4916404], [-6.0050282, 53.4918343], [-6.0050119, 53.4916734], [-6.0050542, 53.4915164], [-6.0051748, 53.4913051], [-6.0053247, 53.4910666], [-6.0054876, 53.490708], [-6.0057417, 53.4905936], [-6.0060578, 53.4904037], [-6.0063054, 53.4902408], [-6.0064846, 53.4901245], [-6.0066247, 53.4900082], [-6.0064618, 53.4899423], [-6.0065823, 53.4897756], [-6.0066931, 53.4898337], [-6.0069049, 53.489824], [-6.0068723, 53.4897194], [-6.0069766, 53.4895992], [-6.0071591, 53.4895216], [-6.0073122, 53.489448], [-6.0074262, 53.489417], [-6.0076022, 53.4893976], [-6.0076119, 53.4892735], [-6.0076706, 53.4891804], [-6.0079182, 53.48913], [-6.0080648, 53.4891184], [-6.0079834, 53.4890351], [-6.0080062, 53.4889963], [-6.0080388, 53.4889653], [-6.0082734, 53.4889187], [-6.0083418, 53.4888412], [-6.0084786, 53.4887811], [-6.0086872, 53.4887268], [-6.0087882, 53.4886163], [-6.0089934, 53.4885601], [-6.0091238, 53.4885213], [-6.0090162, 53.4884574], [-6.0092704, 53.4883953], [-6.0093551, 53.4883585], [-6.0092639, 53.4883139], [-6.00914, 53.4882906], [-6.0090293, 53.488279], [-6.0086806, 53.4883042], [-6.0081105, 53.488374], [-6.0077586, 53.4882053], [-6.0072763, 53.4881026], [-6.0070352, 53.4879553], [-6.0066834, 53.4877478], [-6.0064748, 53.4877323], [-6.006364, 53.4876373], [-6.0064292, 53.4875481], [-6.0065823, 53.4875229], [-6.006628, 53.4875055], [-6.0066573, 53.487459], [-6.0065823, 53.4874047], [-6.0064553, 53.4873174], [-6.0062011, 53.4871701], [-6.0061132, 53.4870325], [-6.0060252, 53.4869161], [-6.0060708, 53.4868173], [-6.0059796, 53.4867068], [-6.0059796, 53.4865963], [-6.0058688, 53.4865497], [-6.0058264, 53.4865051], [-6.0058362, 53.4864431], [-6.0058395, 53.4864043], [-6.0057222, 53.4863539], [-6.0057287, 53.4862628], [-6.0057971, 53.4861833], [-6.0059568, 53.4861504], [-6.0060447, 53.4860941], [-6.0058786, 53.4860612], [-6.0056929, 53.4860689], [-6.0055756, 53.4860147], [-6.0053768, 53.4860088], [-6.0053507, 53.4859681], [-6.0052791, 53.4858945], [-6.0053801, 53.4857317], [-6.0054485, 53.4856755], [-6.0056179, 53.4856115], [-6.00567, 53.4856018], [-6.005758, 53.4856037], [-6.0058623, 53.4855824], [-6.0058916, 53.485534], [-6.0059503, 53.4854506], [-6.0061067, 53.4854157], [-6.0062272, 53.4854215], [-6.0062793, 53.4853963], [-6.0062728, 53.4853304], [-6.0063347, 53.4852451], [-6.006527, 53.4852334], [-6.0066964, 53.4852373], [-6.0069212, 53.4852354], [-6.0069831, 53.4851753], [-6.0069668, 53.4851288], [-6.0069179, 53.4850687], [-6.0070124, 53.4850066], [-6.0071591, 53.4850086], [-6.0072829, 53.4850163], [-6.0073057, 53.4849717], [-6.0073708, 53.4849058], [-6.0075142, 53.4848224], [-6.0076967, 53.4846984], [-6.0077879, 53.4846169], [-6.0080094, 53.48452], [-6.0079606, 53.4844386], [-6.0079215, 53.4844017], [-6.0079019, 53.4843164], [-6.0079345, 53.4842156], [-6.0080942, 53.4841691], [-6.0081756, 53.4842408], [-6.008218, 53.4843028], [-6.0083907, 53.4842815], [-6.0086057, 53.4842253], [-6.0086383, 53.4841846], [-6.0087654, 53.484109], [-6.008811, 53.4841264], [-6.0089543, 53.4841264], [-6.0090097, 53.4840915], [-6.0091303, 53.4839965], [-6.0091303, 53.4839035], [-6.0091498, 53.48376], [-6.0092215, 53.4835952], [-6.0094365, 53.4834362], [-6.0095408, 53.483316], [-6.0096386, 53.4831648], [-6.0097852, 53.4830484], [-6.0099079, 53.4830426], [-6.0100474, 53.4830426], [-6.0103049, 53.4830298], [-6.0104824, 53.4830349], [-6.0106291, 53.4831008], [-6.010717, 53.4831686], [-6.0107822, 53.4832094], [-6.0108376, 53.4832792], [-6.0110005, 53.4833199], [-6.0110819, 53.4833199], [-6.0111439, 53.4833334], [-6.0112286, 53.4833935], [-6.0113882, 53.4834013], [-6.0114599, 53.4833683], [-6.0116554, 53.4833218], [-6.0117922, 53.4831958], [-6.0119291, 53.4831531], [-6.0120529, 53.483157], [-6.0121572, 53.4830562], [-6.0123755, 53.4829922], [-6.0124602, 53.4829321], [-6.0123787, 53.4828875], [-6.0122777, 53.4829185], [-6.0120627, 53.4828836], [-6.0120431, 53.4827149], [-6.0121409, 53.4825482], [-6.0122158, 53.4824648], [-6.0122973, 53.4824241], [-6.0122614, 53.4823466], [-6.0122679, 53.4822942], [-6.012395, 53.4823117], [-6.0125156, 53.4823039], [-6.0126459, 53.4823078], [-6.0128088, 53.4824319], [-6.0131965, 53.4824532], [-6.0135191, 53.4824745], [-6.0136462, 53.4825172], [-6.0137765, 53.4825637], [-6.0138547, 53.4826471], [-6.0138905, 53.4827188], [-6.013985, 53.4827983], [-6.0143206, 53.4827847], [-6.0152459, 53.4828022], [-6.0160703, 53.4827634], [-6.0163309, 53.482777], [-6.0164156, 53.4827886], [-6.0165688, 53.4828158], [-6.01666, 53.4828584], [-6.0167773, 53.4829108], [-6.0168588, 53.4829399], [-6.0168751, 53.4829883], [-6.0167903, 53.4830775], [-6.0167056, 53.4831531], [-6.0165818, 53.4832113], [-6.0163831, 53.4833005], [-6.0164091, 53.483537], [-6.0164906, 53.4835467], [-6.016761, 53.483506], [-6.0169891, 53.4835467], [-6.0171585, 53.4836029], [-6.0174224, 53.4836165], [-6.0175528, 53.4836533], [-6.0176407, 53.4836882], [-6.0176766, 53.4838181], [-6.0176929, 53.4839015], [-6.017859, 53.4839228], [-6.0179209, 53.483917], [-6.0180317, 53.4839364], [-6.0180643, 53.484076], [-6.0180676, 53.4841497], [-6.0181751, 53.4841788], [-6.0183673, 53.4841497], [-6.0185042, 53.4840663], [-6.018527, 53.4839771], [-6.0185824, 53.4839345], [-6.0189342, 53.4839267], [-6.0193578, 53.4838938], [-6.019726, 53.4838511], [-6.0201333, 53.4838026], [-6.0203646, 53.4837658], [-6.0207165, 53.4838181], [-6.020925, 53.483917], [-6.021, 53.4839713], [-6.0211922, 53.4839345], [-6.0212932, 53.4838472], [-6.0212932, 53.4837212], [-6.0213062, 53.4836126], [-6.0214398, 53.4835448], [-6.0216744, 53.4835642], [-6.0218601, 53.4836243], [-6.0220654, 53.483696], [-6.022212, 53.4837483], [-6.0223619, 53.4836941], [-6.0223554, 53.4835932], [-6.0223065, 53.4834944], [-6.0223814, 53.4834032], [-6.0224629, 53.4833082], [-6.0225378, 53.4832326], [-6.0226682, 53.4832559], [-6.0227789, 53.4833179], [-6.0229679, 53.4835176], [-6.0230689, 53.4837755], [-6.0232221, 53.4839209], [-6.0234501, 53.4840915], [-6.0236847, 53.4842563], [-6.0238346, 53.4844618], [-6.0238183, 53.4845975], [-6.0239291, 53.4847371], [-6.0239812, 53.4848515], [-6.023877, 53.484993], [-6.0237597, 53.4850783], [-6.0237369, 53.4852412], [-6.0237271, 53.485534], [-6.02389, 53.4857356], [-6.0241637, 53.4859061], [-6.0241148, 53.4864494], [-6.0247473, 53.4867604], [-6.0248829, 53.486827], [-6.025265, 53.4868638], [-6.025581, 53.4868812], [-6.0259948, 53.4868754], [-6.0264076, 53.4868079], [-6.0265031, 53.486701], [-6.0265552, 53.486635], [-6.026767, 53.4865497], [-6.026928, 53.4865759], [-6.027128, 53.4866614], [-6.0272532, 53.4868516], [-6.027549, 53.4869944], [-6.0278341, 53.4872003], [-6.0279485, 53.4873361], [-6.0279703, 53.4874833], [-6.0282122, 53.4875639], [-6.0284121, 53.4876501], [-6.0286122, 53.4878353], [-6.0286896, 53.4880224], [-6.0291455, 53.4882751], [-6.0294713, 53.4884089], [-6.0297254, 53.4884031], [-6.0297417, 53.4883081], [-6.0298649, 53.4883116], [-6.0299633, 53.4883759], [-6.030035, 53.4884787], [-6.0300741, 53.4885523], [-6.0301096, 53.4886902], [-6.0301639, 53.4887918], [-6.0302153, 53.4889059], [-6.0302439, 53.4889584], [-6.0301379, 53.4890329], [-6.0301526, 53.4891113], [-6.0302715, 53.4891815], [-6.0304522, 53.4892751], [-6.030742, 53.4893433], [-6.0311525, 53.4893685], [-6.0316185, 53.4892522], [-6.0316829, 53.4892255], [-6.0316913, 53.489177], [-6.0317483, 53.4891452], [-6.0317804, 53.4890422], [-6.0317893, 53.4889281], [-6.0319083, 53.4887883], [-6.0322315, 53.4887858], [-6.0323358, 53.4887396], [-6.0325591, 53.4887753], [-6.0326553, 53.4887692], [-6.0326814, 53.4887019], [-6.0327239, 53.4886871], [-6.0328931, 53.4887505], [-6.0331646, 53.4888642], [-6.0333497, 53.4889117], [-6.0334732, 53.4889043], [-6.0337658, 53.489026], [-6.0339004, 53.4889686], [-6.0341686, 53.4890218], [-6.0342514, 53.4891452], [-6.0344042, 53.4891434], [-6.0343844, 53.4892503], [-6.0345508, 53.4893662], [-6.0345533, 53.4894395], [-6.0344721, 53.4895278], [-6.0336704, 53.4899588], [-6.0331088, 53.4903365], [-6.0329231, 53.49045], [-6.032832, 53.4905973]]], [[[-6.0762517, 53.5848788], [-6.0760479, 53.5849823], [-6.0758709, 53.5850794], [-6.0758065, 53.585259], [-6.0755542, 53.5853857], [-6.0752535, 53.5856512], [-6.0745825, 53.5860618], [-6.0740705, 53.5863905], [-6.0738302, 53.5864836], [-6.0735794, 53.5864712], [-6.0734227, 53.5865084], [-6.0733078, 53.5866634], [-6.0728271, 53.5869239], [-6.0723987, 53.587048], [-6.0719808, 53.5869797], [-6.0715106, 53.5869239], [-6.0712598, 53.5867813], [-6.0710091, 53.5865394], [-6.0708733, 53.586192], [-6.0709046, 53.5860556], [-6.0711087, 53.5859647], [-6.0711972, 53.5859253], [-6.0712608, 53.5858093], [-6.0713434, 53.5856586], [-6.0714688, 53.5855222], [-6.0716778, 53.5853857], [-6.0719286, 53.5852059], [-6.0724461, 53.5849678], [-6.0726929, 53.5847704], [-6.0730845, 53.5847736], [-6.0733688, 53.5845889], [-6.073781, 53.5845091], [-6.0739374, 53.5845475], [-6.0740072, 53.5845029], [-6.0739589, 53.5844328], [-6.0739803, 53.5843468], [-6.074211, 53.5843023], [-6.0742968, 53.5843755], [-6.0744792, 53.5843882], [-6.0746133, 53.5843914], [-6.0746455, 53.5842481], [-6.0748019, 53.5841762], [-6.0751885, 53.5840087], [-6.0756625, 53.5839616], [-6.0759057, 53.5838438], [-6.0758885, 53.5835932], [-6.0761184, 53.5836614], [-6.0763587, 53.5836676], [-6.0766513, 53.5838475], [-6.0769439, 53.5839095], [-6.0768391, 53.5840619], [-6.0769357, 53.5840986], [-6.0769786, 53.5841734], [-6.0770027, 53.5842626], [-6.0770162, 53.5843549], [-6.0769598, 53.5844711], [-6.0768981, 53.5846144], [-6.0767721, 53.5847036], [-6.0764797, 53.584796], [-6.0762517, 53.5848788]]]]}, "properties": {"name": "Dublin Region (4 local authorities union)"}}