{"type":"FeatureCollection","features":[{"type":"Feature","geometry":{"type":"LineString","coordinates":[[-6.290427226003997,53.34748367559001],[-6.29014073069317,53.34742328062095]]},"properties":{"length_m":20.2}},{"type":"Feature","geometry":{"type":"LineString","coordinates":[[-6.282614133221004,53.346939035631856],[-6.28251250421835,53.346930736088694]]},"properties":{"length_m":6.8}},{"type":"Feature","geometry":{"type":"LineString","coordinates":[[-6.280175000517752,53.34664200084626],[-6.276588165803026,53.34594518288032],[-6.27583798600356,53.345860461074494]]},"properties":{"length_m":301.2}},{"type":"Feature","geometry":{"type":"LineString","coordinates":[[-6.253685000417011,53.34832400110483],[-6.252269974956802,53.34835071242899]]},"properties":{"length_m":94.1}},{"type":"Feature","geometry":{"type":"LineString","coordinates":[[-6.291158775336642,53.34755485847691],[-6.291779999541687,53.34771800075728]]},"properties":{"length_m":45.0}},{"type":"Feature","geometry":{"type":"LineString","coordinates":[[-6.263726810453839,53.3513684177178],[-6.264778452230761,53.35091391558029]]},"properties":{"length_m":86.1}},{"type":"Feature","geometry":{"type":"LineString","coordinates":[[-6.264778452230761,53.35091391558029],[-6.265277720734995,53.35072295547653]]},"properties":{"length_m":39.3}},{"type":"Feature","geometry":{"type":"LineString","coordinates":[[-6.265277720734995,53.35072295547653],[-6.267119310540683,53.35010436337181],[-6.269153108646467,53.34964279555132]]},"properties":{"length_m":284.7}},{"type":"Feature","geometry":{"type":"LineString","coordinates":[[-6.269010242583402,53.35014046187052],[-6.268194789065376,53.34994024157055]]},"properties":{"length_m":58.5}},{"type":"Feature","geometry":{"type":"LineString","coordinates":[[-6.268194789065376,53.34994024157055],[-6.267265585402677,53.35018589758084]]},"properties":{"length_m":67.5}},{"type":"Feature","geometry":{"type":"LineString","coordinates":[[-6.280885770476429,53.35049958177367],[-6.281806113956152,53.350472465693834]]},"properties":{"length_m":61.2}},{"type":"Feature","geometry":{"type":"LineString","coordinates":[[-6.2827361998321996,53.35109886412966],[-6.283347834435255,53.35173439505027]]},"properties":{"length_m":81.2}},{"type":"Feature","geometry":{"type":"LineString","coordinates":[[-6.278374952143648,53.355177588533046],[-6.278803781033758,53.35428351124536],[-6.279946705960269,53.35277123014009]]},"properties":{"length_m":286.5}},{"type":"Feature","geometry":{"type":"LineString","coordinates":[[-6.257735407977584,53.342887011465656],[-6.257914171441499,53.342925951048585]]},"properties":{"length_m":12.6}},{"type":"Feature","geometry":{"type":"LineString","coordinates":[[-6.295435999962628,53.348222000547466],[-6.294961534513927,53.34819345681855]]},"properties":{"length_m":31.7}},{"type":"Feature","geometry":{"type":"LineString","coordinates":[[-6.291779999541687,53.34771800075728],[-6.292626769858036,53.34788270523037]]},"properties":{"length_m":59.1}},{"type":"Feature","geometry":{"type":"LineString","coordinates":[[-6.294986722060159,53.34806669843631],[-6.296279000445458,53.348115001341114]]},"properties":{"length_m":86.0}},{"type":"Feature","geometry":{"type":"LineString","coordinates":[[-6.272419694168869,53.338403354417274],[-6.272407196295491,53.337633785009885],[-6.272666941676448,53.33689804672523]]},"properties":{"length_m":168.3}},{"type":"Feature","geometry":{"type":"LineString","coordinates":[[-6.272975621989485,53.33632356100802],[-6.273514205624524,53.33535120410759],[-6.274514717130827,53.334370380246845],[-6.274800487713268,53.33396446308146]]},"properties":{"length_m":289.3}},{"type":"Feature","geometry":{"type":"LineString","coordinates":[[-6.264944909809518,53.34179368290257],[-6.265266478095976,53.34154124869574],[-6.265378357101415,53.341232945475106]]},"properties":{"length_m":70.0}},{"type":"Feature","geometry":{"type":"LineString","coordinates":[[-6.265336012554879,53.33633100879613],[-6.265111270436971,53.335576351478956]]},"properties":{"length_m":84.8}},{"type":"Feature","geometry":{"type":"LineString","coordinates":[[-6.264382278463144,53.33102313604672],[-6.264227344295565,53.330328877692416]]},"properties":{"length_m":77.5}},{"type":"Feature","geometry":{"type":"LineString","coordinates":[[-6.264632785115846,53.32752678499418],[-6.264803017112462,53.326711303420204]]},"properties":{"length_m":90.9}},{"type":"Feature","geometry":{"type":"LineString","coordinates":[[-6.264906299452443,53.326148216973934],[-6.265232077672575,53.32449902631125]]},"properties":{"length_m":183.6}},{"type":"Feature","geometry":{"type":"LineString","coordinates":[[-6.265368372723743,53.32380905837643],[-6.26549585006032,53.32316372845505]]},"properties":{"length_m":71.9}},{"type":"Feature","geometry":{"type":"LineString","coordinates":[[-6.264936594506456,53.3326631166074],[-6.265150109200723,53.33357953591077]]},"properties":{"length_m":102.3}},{"type":"Feature","geometry":{"type":"LineString","coordinates":[[-6.265921808807525,53.33779743752671],[-6.266072657256954,53.3382604538887]]},"properties":{"length_m":52.2}},{"type":"Feature","geometry":{"type":"LineString","coordinates":[[-6.2661232142797925,53.33853010784192],[-6.265954610558051,53.339397108853625]]},"properties":{"length_m":96.5}},{"type":"Feature","geometry":{"type":"LineString","coordinates":[[-6.26576684064493,53.34029379591721],[-6.265484112309388,53.34141046314514],[-6.265316064575101,53.341631244136614]]},"properties":{"length_m":151.7}},{"type":"Feature","geometry":{"type":"LineString","coordinates":[[-6.2700770955841545,53.342172661953626],[-6.269921059472183,53.342765157594364],[-6.269997330530972,53.34316622799867],[-6.270154871792097,53.343242290290796]]},"properties":{"length_m":124.4}},{"type":"Feature","geometry":{"type":"LineString","coordinates":[[-6.269865999719457,53.34321300133781],[-6.269764274612362,53.34266905887149],[-6.2699532281396255,53.34210557979491]]},"properties":{"length_m":124.1}},{"type":"Feature","geometry":{"type":"LineString","coordinates":[[-6.270123213893605,53.34072697467483],[-6.2700770955841545,53.342172661953626]]},"properties":{"length_m":159.9}},{"type":"Feature","geometry":{"type":"LineString","coordinates":[[-6.2699532281396255,53.34210557979491],[-6.270030850693742,53.34146215384185],[-6.269916489382066,53.340484727569695]]},"properties":{"length_m":179.7}},{"type":"Feature","geometry":{"type":"LineString","coordinates":[[-6.24937992781313,53.34383964726185],[-6.250477105426627,53.3421002641853]]},"properties":{"length_m":205.7}},{"type":"Feature","geometry":{"type":"LineString","coordinates":[[-6.250128415729005,53.37580385053283],[-6.245899199690166,53.374645844068816]]},"properties":{"length_m":308.8}},{"type":"Feature","geometry":{"type":"LineString","coordinates":[[-6.245219911065011,53.374459847276114],[-6.24198000674353,53.37357272538104]]},"properties":{"length_m":236.6}},{"type":"Feature","geometry":{"type":"LineString","coordinates":[[-6.269865999719457,53.34321300133781],[-6.267704592764198,53.34372726716214],[-6.267595676554927,53.34380241715708],[-6.267746406706843,53.34400898272945]]},"properties":{"length_m":190.4}},{"type":"Feature","geometry":{"type":"LineString","coordinates":[[-6.277739249681446,53.34561828448315],[-6.280534168922236,53.34616724164291]]},"properties":{"length_m":195.4}},{"type":"Feature","geometry":{"type":"LineString","coordinates":[[-6.2856165729772036,53.346523611877046],[-6.2903097626637985,53.34676371667914]]},"properties":{"length_m":313.0}},{"type":"Feature","geometry":{"type":"LineString","coordinates":[[-6.25335638004462,53.33275311763013],[-6.253257571103169,53.33275340556653],[-6.253090463919852,53.332921599975904]]},"properties":{"length_m":28.2}},{"type":"Feature","geometry":{"type":"LineString","coordinates":[[-6.252864332777143,53.33285950608691],[-6.253152829154101,53.33256040461738]]},"properties":{"length_m":38.2}},{"type":"Feature","geometry":{"type":"LineString","coordinates":[[-6.272583595687513,53.360745410576534],[-6.272626386163085,53.3597762550347],[-6.273274301622787,53.35841877488227]]},"properties":{"length_m":263.4}},{"type":"Feature","geometry":{"type":"LineString","coordinates":[[-6.272899882982658,53.353367755163426],[-6.273378269378426,53.35171756202728]]},"properties":{"length_m":185.2}},{"type":"Feature","geometry":{"type":"LineString","coordinates":[[-6.274456210205576,53.35005704099225],[-6.27458534479777,53.349801584865915],[-6.274655714298998,53.347976447971895]]},"properties":{"length_m":231.4}},{"type":"Feature","geometry":{"type":"LineString","coordinates":[[-6.274866223925958,53.34716148830753],[-6.275457514000561,53.345900331678564]]},"properties":{"length_m":144.9}},{"type":"Feature","geometry":{"type":"LineString","coordinates":[[-6.262562000605476,53.35201900111645],[-6.263034159591055,53.35172072586597]]},"properties":{"length_m":45.5}},{"type":"Feature","geometry":{"type":"LineString","coordinates":[[-6.186829999374484,53.39761000074738],[-6.187214059099539,53.39768132576393]]},"properties":{"length_m":26.7}},{"type":"Feature","geometry":{"type":"LineString","coordinates":[[-6.225551656104344,53.314614294026306],[-6.225824176051715,53.31470909061883]]},"properties":{"length_m":20.9}},{"type":"Feature","geometry":{"type":"LineString","coordinates":[[-6.220901128730107,53.31146158084265],[-6.221312824095811,53.31209615291678]]},"properties":{"length_m":75.3}},{"type":"Feature","geometry":{"type":"LineString","coordinates":[[-6.227524384417608,53.316048365697704],[-6.22733274869564,53.3159203435181]]},"properties":{"length_m":19.0}},{"type":"Feature","geometry":{"type":"LineString","coordinates":[[-6.229133158912732,53.31698612466718],[-6.230399654422814,53.317850081160024]]},"properties":{"length_m":127.3}},{"type":"Feature","geometry":{"type":"LineString","coordinates":[[-6.228584060289927,53.31657444285972],[-6.229133158912732,53.31698612466718]]},"properties":{"length_m":58.3}},{"type":"Feature","geometry":{"type":"LineString","coordinates":[[-6.322060000592009,53.365190000991504],[-6.322167942843316,53.36520864555582]]},"properties":{"length_m":7.5}},{"type":"Feature","geometry":{"type":"LineString","coordinates":[[-6.244385156942625,53.383131829953676],[-6.244152531684734,53.383346325179296],[-6.2436893597319445,53.38429771324074],[-6.24320156332936,53.386118713439416],[-6.2431869535779265,53.38633738877859],[-6.243356591994444,53.386754213624954],[-6.243680610009858,53.387104346099306]]},"properties":{"length_m":457.8}},{"type":"Feature","geometry":{"type":"LineString","coordinates":[[-6.325410000017013,53.36266000086248],[-6.325170000151163,53.36363000027227]]},"properties":{"length_m":108.4}},{"type":"Feature","geometry":{"type":"LineString","coordinates":[[-6.186829999374484,53.39761000074738],[-6.186700000698462,53.39763000120458]]},"properties":{"length_m":8.9}},{"type":"Feature","geometry":{"type":"LineString","coordinates":[[-6.325809999842036,53.36053000044074],[-6.325869999695947,53.3613600010403],[-6.325799999582575,53.36176000084259],[-6.325410000017013,53.36266000086248]]},"properties":{"length_m":239.2}},{"type":"Feature","geometry":{"type":"LineString","coordinates":[[-6.320240000375278,53.39200000142051],[-6.321185046346519,53.39239152008573]]},"properties":{"length_m":76.3}},{"type":"Feature","geometry":{"type":"LineString","coordinates":[[-6.265057135931479,53.330304804868234],[-6.265096947366461,53.33054126295361]]},"properties":{"length_m":26.3}},{"type":"Feature","geometry":{"type":"LineString","coordinates":[[-6.264607116340262,53.330175050802644],[-6.264874777434947,53.330172013379205],[-6.265057135931479,53.330304804868234]]},"properties":{"length_m":36.8}},{"type":"Feature","geometry":{"type":"LineString","coordinates":[[-6.288120876344976,53.37940620688696],[-6.288245161868778,53.379604585781784]]},"properties":{"length_m":23.4}},{"type":"Feature","geometry":{"type":"LineString","coordinates":[[-6.278421682986285,53.34871830101779],[-6.278899897354652,53.34877912875151]]},"properties":{"length_m":32.5}},{"type":"Feature","geometry":{"type":"LineString","coordinates":[[-6.320911203573182,53.345465657244496],[-6.320599999515735,53.34554000043027]]},"properties":{"length_m":22.3}},{"type":"Feature","geometry":{"type":"LineString","coordinates":[[-6.238823193244309,53.34406872621008],[-6.238381449624372,53.344234205208735]]},"properties":{"length_m":34.6}},{"type":"Feature","geometry":{"type":"LineString","coordinates":[[-6.257369999302787,53.33698000052991],[-6.256849999814219,53.33752000095216]]},"properties":{"length_m":69.0}},{"type":"Feature","geometry":{"type":"LineString","coordinates":[[-6.176794541646078,53.3697330618449],[-6.175955468081216,53.37002583834722]]},"properties":{"length_m":64.5}},{"type":"Feature","geometry":{"type":"LineString","coordinates":[[-6.316061100818779,53.37469154944016],[-6.316496723708903,53.37469769507262]]},"properties":{"length_m":29.0}},{"type":"Feature","geometry":{"type":"LineString","coordinates":[[-6.183075832731228,53.383868399476405],[-6.183460328291409,53.38401806276203]]},"properties":{"length_m":30.4}},{"type":"Feature","geometry":{"type":"LineString","coordinates":[[-6.219501683303091,53.380624360220494],[-6.2196199917370025,53.38067106572055]]},"properties":{"length_m":9.4}},{"type":"Feature","geometry":{"type":"LineString","coordinates":[[-6.278940054335587,53.34852804161574],[-6.278899897354652,53.34877912875151]]},"properties":{"length_m":27.9}},{"type":"Feature","geometry":{"type":"LineString","coordinates":[[-6.221263096462875,53.38056074301457],[-6.2217630155802865,53.3808288479408]]},"properties":{"length_m":44.5}},{"type":"Feature","geometry":{"type":"LineString","coordinates":[[-6.179161656334325,53.403724268873184],[-6.1786840403324055,53.4043535669212],[-6.1780572746893565,53.4059231174293],[-6.177761538698856,53.40619869505319],[-6.177739188061206,53.40656708726073]]},"properties":{"length_m":332.0}},{"type":"Feature","geometry":{"type":"LineString","coordinates":[[-6.175007369657716,53.370056283931376],[-6.175224586652001,53.37024835782885],[-6.175333985863449,53.37050170021577]]},"properties":{"length_m":54.6}},{"type":"Feature","geometry":{"type":"LineString","coordinates":[[-6.2967338710067535,53.36373950170309],[-6.296604021117668,53.36435782305139]]},"properties":{"length_m":68.9}},{"type":"Feature","geometry":{"type":"LineString","coordinates":[[-6.3082725245579265,53.3747701502618],[-6.31425415234706,53.375537876741056]]},"properties":{"length_m":406.4}},{"type":"Feature","geometry":{"type":"LineString","coordinates":[[-6.220343245024553,53.38711734477274],[-6.219774946862781,53.387405477822874],[-6.219553722228518,53.3876628334067]]},"properties":{"length_m":81.4}},{"type":"Feature","geometry":{"type":"LineString","coordinates":[[-6.281943299886612,53.36572954995051],[-6.28187419030766,53.365953256411345]]},"properties":{"length_m":25.2}},{"type":"Feature","geometry":{"type":"LineString","coordinates":[[-6.17904274780342,53.384669800434224],[-6.179620631016552,53.384867367291584],[-6.179792870713072,53.38505874579088],[-6.1800045953969995,53.38608662618307]]},"properties":{"length_m":182.8}},{"type":"Feature","geometry":{"type":"LineString","coordinates":[[-6.2207977441354,53.38703423938661],[-6.220613360259007,53.387489884525394]]},"properties":{"length_m":51.9}},{"type":"Feature","geometry":{"type":"LineString","coordinates":[[-6.220613360259007,53.387489884525394],[-6.220422976787459,53.38808924971788]]},"properties":{"length_m":67.5}},{"type":"Feature","geometry":{"type":"LineString","coordinates":[[-6.220613360259007,53.387489884525394],[-6.220792539044103,53.38751951987746]]},"properties":{"length_m":12.3}},{"type":"Feature","geometry":{"type":"LineString","coordinates":[[-6.233993021400532,53.32376337441268],[-6.233846647176178,53.32384368759011],[-6.233733205993604,53.32424134446223]]},"properties":{"length_m":57.8}},{"type":"Feature","geometry":{"type":"LineString","coordinates":[[-6.278735856944577,53.33892828054556],[-6.278772015385295,53.33927687059201]]},"properties":{"length_m":38.6}},{"type":"Feature","geometry":{"type":"LineString","coordinates":[[-6.288202382366956,53.32279356283005],[-6.288197448155871,53.322541824969164],[-6.2883507136513375,53.322463131409066]]},"properties":{"length_m":41.2}},{"type":"Feature","geometry":{"type":"LineString","coordinates":[[-6.3125353210819375,53.37453389421625],[-6.312363692264792,53.374693251502926]]},"properties":{"length_m":21.0}},{"type":"Feature","geometry":{"type":"LineString","coordinates":[[-6.256849999814219,53.33752000095216],[-6.256580000962386,53.33787000091605]]},"properties":{"length_m":42.7}},{"type":"Feature","geometry":{"type":"LineString","coordinates":[[-6.150425925299187,53.39789778966639],[-6.150867077688136,53.397955840731015]]},"properties":{"length_m":30.0}},{"type":"Feature","geometry":{"type":"LineString","coordinates":[[-6.305289999619818,53.356830000707106],[-6.304061586009298,53.35703762001532]]},"properties":{"length_m":84.8}},{"type":"Feature","geometry":{"type":"LineString","coordinates":[[-6.320420000417096,53.345210001100135],[-6.317294739677342,53.34541324001345]]},"properties":{"length_m":208.9}},{"type":"Feature","geometry":{"type":"LineString","coordinates":[[-6.301750265085121,53.35850805404322],[-6.301263689151038,53.35865392484283]]},"properties":{"length_m":36.1}},{"type":"Feature","geometry":{"type":"LineString","coordinates":[[-6.248443006565672,53.34828196757869],[-6.248508857916792,53.34850763747859]]},"properties":{"length_m":25.3}},{"type":"Feature","geometry":{"type":"LineString","coordinates":[[-6.176290049019564,53.36958154195261],[-6.176794541646078,53.3697330618449]]},"properties":{"length_m":37.5}},{"type":"Feature","geometry":{"type":"LineString","coordinates":[[-6.224779772861796,53.334929424824935],[-6.225206194886176,53.334320045639075]]},"properties":{"length_m":73.1}},{"type":"Feature","geometry":{"type":"LineString","coordinates":[[-6.219361045849005,53.387956566933816],[-6.21915449201536,53.38858265329865]]},"properties":{"length_m":70.6}},{"type":"Feature","geometry":{"type":"LineString","coordinates":[[-6.175804129409733,53.37005048964489],[-6.175333985863449,53.37050170021577]]},"properties":{"length_m":58.9}},{"type":"Feature","geometry":{"type":"LineString","coordinates":[[-6.285031734726996,53.36852431775675],[-6.288923940838005,53.37077327007708],[-6.2899759590262665,53.371147870472754],[-6.291748964038431,53.371532783710535]]},"properties":{"length_m":565.3}},{"type":"Feature","geometry":{"type":"LineString","coordinates":[[-6.180065156087235,53.386429100151275],[-6.179916905716068,53.38673243739443],[-6.17937724366287,53.38704778103482],[-6.179043248924538,53.38712357952299]]},"properties":{"length_m":108.7}},{"type":"Feature","geometry":{"type":"LineString","coordinates":[[-6.180065156087235,53.386429100151275],[-6.180656261674157,53.387022342845526],[-6.180968333913577,53.38710799281532],[-6.18118136139654,53.38704832201537]]},"properties":{"length_m":114.9}},{"type":"Feature","geometry":{"type":"LineString","coordinates":[[-6.276460996409892,53.36566847173549],[-6.279355116426825,53.36656410188234],[-6.285031734726996,53.36852431775675]]},"properties":{"length_m":651.4}},{"type":"Feature","geometry":{"type":"LineString","coordinates":[[-6.174481441932949,53.371108847548655],[-6.172786278898461,53.37208958298898]]},"properties":{"length_m":156.4}},{"type":"Feature","geometry":{"type":"LineString","coordinates":[[-6.221315925271961,53.38253891666291],[-6.2212967826799686,53.38263750068767]]},"properties":{"length_m":11.0}},{"type":"Feature","geometry":{"type":"LineString","coordinates":[[-6.349799631564735,53.35611730676038],[-6.350004291742517,53.35626394460535],[-6.350524968707904,53.356396974929844]]},"properties":{"length_m":58.8}},{"type":"Feature","geometry":{"type":"LineString","coordinates":[[-6.182475087545268,53.384560330156894],[-6.1820559500451076,53.384517994132004],[-6.180753174198058,53.3847498126744],[-6.180491638088542,53.3848896367331]]},"properties":{"length_m":141.8}},{"type":"Feature","geometry":{"type":"LineString","coordinates":[[-6.278934800692775,53.34903129861344],[-6.278809448064004,53.34953282312428],[-6.2782254151236065,53.34948844428227]]},"properties":{"length_m":95.2}},{"type":"Feature","geometry":{"type":"LineString","coordinates":[[-6.3082725245579265,53.3747701502618],[-6.3084542059742255,53.374736773382075]]},"properties":{"length_m":12.6}},{"type":"Feature","geometry":{"type":"LineString","coordinates":[[-6.175955468081216,53.37002583834722],[-6.175804129409733,53.37005048964489]]},"properties":{"length_m":10.4}},{"type":"Feature","geometry":{"type":"LineString","coordinates":[[-6.317294739677342,53.34541324001345],[-6.315079711513185,53.34554940460651]]},"properties":{"length_m":148.0}},{"type":"Feature","geometry":{"type":"LineString","coordinates":[[-6.314444684196357,53.373898223051775],[-6.314947486578414,53.373965779539965]]},"properties":{"length_m":34.2}},{"type":"Feature","geometry":{"type":"LineString","coordinates":[[-6.250549746311535,53.3140680322013],[-6.250457176421254,53.314129591537984],[-6.250554028249981,53.314697267004505]]},"properties":{"length_m":72.3}},{"type":"Feature","geometry":{"type":"LineString","coordinates":[[-6.2194331168360595,53.387310497870374],[-6.219553722228518,53.3876628334067]]},"properties":{"length_m":39.8}},{"type":"Feature","geometry":{"type":"LineString","coordinates":[[-6.220343245024553,53.38711734477274],[-6.219453765735815,53.38717598418418]]},"properties":{"length_m":59.5}},{"type":"Feature","geometry":{"type":"LineString","coordinates":[[-6.221112780913082,53.37983945296307],[-6.221263096462875,53.38056074301457]]},"properties":{"length_m":80.4}},{"type":"Feature","geometry":{"type":"LineString","coordinates":[[-6.219453765735815,53.38717598418418],[-6.2194331168360595,53.387310497870374]]},"properties":{"length_m":14.9}},{"type":"Feature","geometry":{"type":"LineString","coordinates":[[-6.281744284070497,53.36619406357754],[-6.281548685661908,53.366200235146934]]},"properties":{"length_m":13.0}},{"type":"Feature","geometry":{"type":"LineString","coordinates":[[-6.314130001110305,53.34559000147244],[-6.313349999734975,53.34563000077831]]},"properties":{"length_m":52.0}},{"type":"Feature","geometry":{"type":"LineString","coordinates":[[-6.290496761031638,53.31609437267698],[-6.2900803327817805,53.31599852224223]]},"properties":{"length_m":29.6}},{"type":"Feature","geometry":{"type":"LineString","coordinates":[[-6.226366606432576,53.337691344688075],[-6.226662760412654,53.33815414411752]]},"properties":{"length_m":54.8}},{"type":"Feature","geometry":{"type":"LineString","coordinates":[[-6.349420000131572,53.35967000163432],[-6.348120001070247,53.35976000075678],[-6.344700000198218,53.36034000058005]]},"properties":{"length_m":323.1}},{"type":"Feature","geometry":{"type":"LineString","coordinates":[[-6.314610140301252,53.36499997115686],[-6.314544748892245,53.36513386783468]]},"properties":{"length_m":15.4}},{"type":"Feature","geometry":{"type":"LineString","coordinates":[[-6.250280985806309,53.31330009499531],[-6.250563402773538,53.31336715507947]]},"properties":{"length_m":20.2}},{"type":"Feature","geometry":{"type":"LineString","coordinates":[[-6.182606374964479,53.38430167237296],[-6.18270656755083,53.38442004417006]]},"properties":{"length_m":14.7}},{"type":"Feature","geometry":{"type":"LineString","coordinates":[[-6.304317009989672,53.351120486644746],[-6.304401701888957,53.35115572435791]]},"properties":{"length_m":6.8}},{"type":"Feature","geometry":{"type":"LineString","coordinates":[[-6.182475087545268,53.384560330156894],[-6.182602267097208,53.384751018350016]]},"properties":{"length_m":22.7}},{"type":"Feature","geometry":{"type":"LineString","coordinates":[[-6.270522836433504,53.30419246468863],[-6.270301210557003,53.30441521763554],[-6.270080985027458,53.3042951772337]]},"properties":{"length_m":48.5}},{"type":"Feature","geometry":{"type":"LineString","coordinates":[[-6.278899897354652,53.34877912875151],[-6.278934800692775,53.34903129861344]]},"properties":{"length_m":28.0}},{"type":"Feature","geometry":{"type":"LineString","coordinates":[[-6.249604480163428,53.349629255491344],[-6.249583210831233,53.34978174156591]]},"properties":{"length_m":16.9}},{"type":"Feature","geometry":{"type":"LineString","coordinates":[[-6.23174707360337,53.32926870386637],[-6.2314003950978885,53.32835587476187],[-6.23138807446568,53.32758888536279]]},"properties":{"length_m":188.3}},{"type":"Feature","geometry":{"type":"LineString","coordinates":[[-6.177013428495367,53.385016325923296],[-6.176711029268603,53.38505664768776]]},"properties":{"length_m":20.6}},{"type":"Feature","geometry":{"type":"LineString","coordinates":[[-6.313763807814,53.36512283553023],[-6.3138825335493065,53.36516046515445]]},"properties":{"length_m":8.9}},{"type":"Feature","geometry":{"type":"LineString","coordinates":[[-6.252606435865586,53.35298987358317],[-6.252999989607045,53.35365176883906]]},"properties":{"length_m":77.7}},{"type":"Feature","geometry":{"type":"LineString","coordinates":[[-6.305289999619818,53.356830000707106],[-6.306529999949145,53.35695000068804],[-6.307493300347553,53.35691841737613]]},"properties":{"length_m":147.6}},{"type":"Feature","geometry":{"type":"LineString","coordinates":[[-6.250549746311535,53.3140680322013],[-6.250683273899143,53.31410594341768],[-6.250789985687414,53.314799597678196]]},"properties":{"length_m":86.8}},{"type":"Feature","geometry":{"type":"LineString","coordinates":[[-6.2505234209332095,53.31397776433441],[-6.250549746311535,53.3140680322013]]},"properties":{"length_m":10.1}},{"type":"Feature","geometry":{"type":"LineString","coordinates":[[-6.312333443338919,53.37393783131982],[-6.312533440520504,53.37420131144376],[-6.3125353210819375,53.37453389421625]]},"properties":{"length_m":68.8}},{"type":"Feature","geometry":{"type":"LineString","coordinates":[[-6.221263096462875,53.38056074301457],[-6.221644051827559,53.3815191606429],[-6.22156636277667,53.38194044464504]]},"properties":{"length_m":155.8}},{"type":"Feature","geometry":{"type":"LineString","coordinates":[[-6.278940054335587,53.34852804161574],[-6.2796727481626675,53.34861051295503]]},"properties":{"length_m":49.5}},{"type":"Feature","geometry":{"type":"LineString","coordinates":[[-6.175804129409733,53.37005048964489],[-6.175007369657716,53.370056283931376]]},"properties":{"length_m":52.9}},{"type":"Feature","geometry":{"type":"LineString","coordinates":[[-6.175333985863449,53.37050170021577],[-6.1751141212949845,53.370723043268306]]},"properties":{"length_m":28.5}},{"type":"Feature","geometry":{"type":"LineString","coordinates":[[-6.1751141212949845,53.370723043268306],[-6.174481441932949,53.371108847548655]]},"properties":{"length_m":59.9}},{"type":"Feature","geometry":{"type":"LineString","coordinates":[[-6.353985328614078,53.35704695252306],[-6.354116660589262,53.357147631782574]]},"properties":{"length_m":14.1}},{"type":"Feature","geometry":{"type":"LineString","coordinates":[[-6.314544748892245,53.36513386783468],[-6.314036616557012,53.3650637739526],[-6.3138825335493065,53.36516046515445]]},"properties":{"length_m":49.4}},{"type":"Feature","geometry":{"type":"LineString","coordinates":[[-6.31425415234706,53.375537876741056],[-6.323933295801793,53.37562243678458]]},"properties":{"length_m":643.2}},{"type":"Feature","geometry":{"type":"LineString","coordinates":[[-6.324591959908288,53.375628191081525],[-6.331157265208736,53.375685547654925],[-6.3327394830494335,53.37558182933546]]},"properties":{"length_m":542.1}},{"type":"Feature","geometry":{"type":"LineString","coordinates":[[-6.272184351539037,53.364581845662755],[-6.272654919965218,53.36466070463884],[-6.276460996409892,53.36566847173549]]},"properties":{"length_m":308.8}},{"type":"Feature","geometry":{"type":"LineString","coordinates":[[-6.281233409369457,53.363580169231795],[-6.281753261692139,53.36447747362814]]},"properties":{"length_m":105.1}},{"type":"Feature","geometry":{"type":"LineString","coordinates":[[-6.3125353210819375,53.37453389421625],[-6.3127517641807955,53.37476165443684]]},"properties":{"length_m":29.0}},{"type":"Feature","geometry":{"type":"LineString","coordinates":[[-6.175007369657716,53.370056283931376],[-6.174480178296316,53.37008417328284]]},"properties":{"length_m":35.2}},{"type":"Feature","geometry":{"type":"LineString","coordinates":[[-6.22274430998743,53.38036709405161],[-6.222503197914974,53.380381479647724]]},"properties":{"length_m":16.1}},{"type":"Feature","geometry":{"type":"LineString","coordinates":[[-6.183016960519043,53.38380012971759],[-6.182606374964479,53.38430167237296]]},"properties":{"length_m":61.8}},{"type":"Feature","geometry":{"type":"LineString","coordinates":[[-6.1804445486144,53.38775614547736],[-6.180338224246172,53.387781489081405]]},"properties":{"length_m":7.6}},{"type":"Feature","geometry":{"type":"LineString","coordinates":[[-6.212154036500575,53.31738156396589],[-6.212162258757182,53.31790300397754]]},"properties":{"length_m":57.7}},{"type":"Feature","geometry":{"type":"LineString","coordinates":[[-6.248447426046657,53.34817417492642],[-6.248443006565672,53.34828196757869]]},"properties":{"length_m":11.9}},{"type":"Feature","geometry":{"type":"LineString","coordinates":[[-6.175882450726217,53.38544845534958],[-6.175587389063995,53.385668650015745]]},"properties":{"length_m":31.3}},{"type":"Feature","geometry":{"type":"LineString","coordinates":[[-6.175385886030403,53.38545884163984],[-6.175587389063995,53.385668650015745]]},"properties":{"length_m":26.8}},{"type":"Feature","geometry":{"type":"LineString","coordinates":[[-6.257093694383761,53.36782295125863],[-6.257652302862888,53.36812771530628],[-6.257955242973987,53.36806922130572]]},"properties":{"length_m":71.3}},{"type":"Feature","geometry":{"type":"LineString","coordinates":[[-6.248910370617356,53.31415183237731],[-6.248983162725815,53.31420683012478],[-6.248933383087809,53.31432294554382],[-6.249677121837564,53.314486661495614],[-6.249711899894737,53.314370325631394],[-6.249878367513402,53.31433681576288]]},"properties":{"length_m":98.4}},{"type":"Feature","geometry":{"type":"LineString","coordinates":[[-6.3524328392753935,53.356009885693844],[-6.351713605250377,53.356350483996714],[-6.351019780238925,53.35642178977393]]},"properties":{"length_m":107.6}},{"type":"Feature","geometry":{"type":"LineString","coordinates":[[-6.178134539386998,53.387631026551865],[-6.178208513193828,53.387659120170966]]},"properties":{"length_m":5.8}},{"type":"Feature","geometry":{"type":"LineString","coordinates":[[-6.179043248924538,53.38712357952299],[-6.178616036275387,53.387269860007095],[-6.17828248709874,53.3876872137449]]},"properties":{"length_m":83.9}},{"type":"Feature","geometry":{"type":"LineString","coordinates":[[-6.250563402773538,53.31336715507947],[-6.250937286548464,53.31339960319653]]},"properties":{"length_m":25.1}},{"type":"Feature","geometry":{"type":"LineString","coordinates":[[-6.250554028249981,53.314697267004505],[-6.250789985687414,53.314799597678196]]},"properties":{"length_m":19.3}},{"type":"Feature","geometry":{"type":"LineString","coordinates":[[-6.2791256348379365,53.34764988598741],[-6.278940054335587,53.34852804161574]]},"properties":{"length_m":97.9}},{"type":"Feature","geometry":{"type":"LineString","coordinates":[[-6.256460000305349,53.338210001074785],[-6.256670000757225,53.33853000136664]]},"properties":{"length_m":38.0}},{"type":"Feature","geometry":{"type":"LineString","coordinates":[[-6.259787906800327,53.361619522966116],[-6.260063204766434,53.36170045481548]]},"properties":{"length_m":20.4}},{"type":"Feature","geometry":{"type":"LineString","coordinates":[[-6.220748778724279,53.38244058214715],[-6.221315925271961,53.38253891666291]]},"properties":{"length_m":39.2}},{"type":"Feature","geometry":{"type":"LineString","coordinates":[[-6.177013428495367,53.385016325923296],[-6.177830924539645,53.385235537340535],[-6.1780335894950635,53.38541839472835],[-6.178441675931786,53.38607177207676],[-6.1790685542241786,53.3865307462019],[-6.179157623692065,53.38690960827393],[-6.179043248924538,53.38712357952299]]},"properties":{"length_m":293.8}},{"type":"Feature","geometry":{"type":"LineString","coordinates":[[-6.238457005511187,53.34393198522248],[-6.238823193244309,53.34406872621008]]},"properties":{"length_m":28.6}},{"type":"Feature","geometry":{"type":"LineString","coordinates":[[-6.266877952980487,53.30608593550441],[-6.266725183576219,53.30608025665601],[-6.26599257070776,53.30668956976304],[-6.265474290091984,53.30688876068626],[-6.2634650218712915,53.30685053267411],[-6.263127424808026,53.307034367926036],[-6.262616787015266,53.30704490637445],[-6.260601355954148,53.30789636890169],[-6.260329938393595,53.30792836269349],[-6.259929752781741,53.30780567831309]]},"properties":{"length_m":543.9}},{"type":"Feature","geometry":{"type":"LineString","coordinates":[[-6.257475131903568,53.336447622332756],[-6.257619999975589,53.336820000741305],[-6.257369999302787,53.33698000052991]]},"properties":{"length_m":66.6}},{"type":"Feature","geometry":{"type":"LineString","coordinates":[[-6.220484456822296,53.37976716942483],[-6.221112780913082,53.37983945296307]]},"properties":{"length_m":42.5}},{"type":"Feature","geometry":{"type":"LineString","coordinates":[[-6.2564499994728395,53.338130000766434],[-6.256460000305349,53.338210001074785]]},"properties":{"length_m":8.9}},{"type":"Feature","geometry":{"type":"LineString","coordinates":[[-6.1800045953969995,53.38608662618307],[-6.180053197155406,53.38635701242944]]},"properties":{"length_m":30.1}},{"type":"Feature","geometry":{"type":"LineString","coordinates":[[-6.176711029268603,53.38505664768776],[-6.175882450726217,53.38544845534958]]},"properties":{"length_m":70.1}},{"type":"Feature","geometry":{"type":"LineString","coordinates":[[-6.1751141212949845,53.370723043268306],[-6.175065649988304,53.37115373563414]]},"properties":{"length_m":47.7}},{"type":"Feature","geometry":{"type":"LineString","coordinates":[[-6.219167215899133,53.38791772273428],[-6.219361045849005,53.387956566933816]]},"properties":{"length_m":13.6}},{"type":"Feature","geometry":{"type":"LineString","coordinates":[[-6.174480178296316,53.37008417328284],[-6.1721203367609,53.370443531682156]]},"properties":{"length_m":161.8}},{"type":"Feature","geometry":{"type":"LineString","coordinates":[[-6.2260295373518755,53.33712906612424],[-6.226366606432576,53.337691344688075]]},"properties":{"length_m":66.1}},{"type":"Feature","geometry":{"type":"LineString","coordinates":[[-6.248221169376076,53.31229014730694],[-6.248579307207069,53.312340347973596]]},"properties":{"length_m":24.4}},{"type":"Feature","geometry":{"type":"LineString","coordinates":[[-6.220422976787459,53.38808924971788],[-6.22024648911456,53.3887157861175]]},"properties":{"length_m":70.3}},{"type":"Feature","geometry":{"type":"LineString","coordinates":[[-6.314639490019107,53.37377268249115],[-6.314947486578414,53.373965779539965]]},"properties":{"length_m":29.6}},{"type":"Feature","geometry":{"type":"LineString","coordinates":[[-6.220727023479188,53.37935733218768],[-6.221112780913082,53.37983945296307]]},"properties":{"length_m":59.2}},{"type":"Feature","geometry":{"type":"LineString","coordinates":[[-6.1800045953969995,53.38608662618307],[-6.180151390797594,53.38616975803615]]},"properties":{"length_m":13.4}},{"type":"Feature","geometry":{"type":"LineString","coordinates":[[-6.17828248709874,53.3876872137449],[-6.179147032862084,53.38786219289664],[-6.180338224246172,53.387781489081405]]},"properties":{"length_m":140.3}},{"type":"Feature","geometry":{"type":"LineString","coordinates":[[-6.314528189097456,53.373546410613294],[-6.314639490019107,53.37377268249115]]},"properties":{"length_m":26.1}},{"type":"Feature","geometry":{"type":"LineString","coordinates":[[-6.2207977441354,53.38703423938661],[-6.220343245024553,53.38711734477274]]},"properties":{"length_m":31.6}},{"type":"Feature","geometry":{"type":"LineString","coordinates":[[-6.300237168431574,53.373119028189954],[-6.306942743574019,53.374571533225954],[-6.307207360117267,53.37461105654151]]},"properties":{"length_m":491.8}},{"type":"Feature","geometry":{"type":"LineString","coordinates":[[-6.307529473967072,53.37465916769578],[-6.3082725245579265,53.3747701502618]]},"properties":{"length_m":50.9}},{"type":"Feature","geometry":{"type":"LineString","coordinates":[[-6.172636648830224,53.36722014305386],[-6.172955500660124,53.368838444168006]]},"properties":{"length_m":180.2}},{"type":"Feature","geometry":{"type":"LineString","coordinates":[[-6.1717233923156565,53.37269349016441],[-6.171732269827975,53.37318797727522],[-6.171445751049785,53.37356109197671]]},"properties":{"length_m":100.1}},{"type":"Feature","geometry":{"type":"LineString","coordinates":[[-6.278934800692775,53.34903129861344],[-6.279604720111371,53.349402020434944]]},"properties":{"length_m":60.5}},{"type":"Feature","geometry":{"type":"LineString","coordinates":[[-6.321423426657893,53.37477607668984],[-6.322304592740828,53.37530078212631],[-6.330993512453766,53.375260822806126]]},"properties":{"length_m":659.8}},{"type":"Feature","geometry":{"type":"LineString","coordinates":[[-6.309339999266579,53.346210001174924],[-6.308900000818167,53.34623000073841]]},"properties":{"length_m":29.3}},{"type":"Feature","geometry":{"type":"LineString","coordinates":[[-6.317159999613529,53.3477100014076],[-6.318335292687362,53.348082298739584]]},"properties":{"length_m":88.3}},{"type":"Feature","geometry":{"type":"LineString","coordinates":[[-6.26405962350976,53.36240946465056],[-6.268184545175038,53.36336454546883]]},"properties":{"length_m":293.7}},{"type":"Feature","geometry":{"type":"LineString","coordinates":[[-6.248579307207069,53.312340347973596],[-6.249072069853996,53.312401512213775]]},"properties":{"length_m":33.4}},{"type":"Feature","geometry":{"type":"LineString","coordinates":[[-6.331454350669745,53.37500661500245],[-6.331144081626975,53.375253940327916],[-6.330993512453766,53.375260822806126]]},"properties":{"length_m":44.3}},{"type":"Feature","geometry":{"type":"LineString","coordinates":[[-6.299881940953432,53.37788660712416],[-6.298502002941524,53.37819051104153],[-6.298419726565899,53.378369098432564]]},"properties":{"length_m":118.1}},{"type":"Feature","geometry":{"type":"LineString","coordinates":[[-6.249080896181653,53.34957663243289],[-6.249604480163428,53.349629255491344]]},"properties":{"length_m":35.3}},{"type":"Feature","geometry":{"type":"LineString","coordinates":[[-6.296814691573294,53.363596846592934],[-6.2967338710067535,53.36373950170309]]},"properties":{"length_m":16.7}},{"type":"Feature","geometry":{"type":"LineString","coordinates":[[-6.213482131514399,53.31778424656218],[-6.212162258757182,53.31790300397754]]},"properties":{"length_m":88.7}},{"type":"Feature","geometry":{"type":"LineString","coordinates":[[-6.311442649709515,53.37815546966173],[-6.311946278815227,53.37803555200677],[-6.312984433473983,53.378257128087846],[-6.3137956454938955,53.378245523931255],[-6.3144409025158375,53.37837706566508],[-6.315084172855301,53.37805912210056],[-6.315741465439469,53.377982701579086],[-6.315942377764415,53.378072010128044],[-6.316035093299034,53.37831455070153],[-6.316949581596612,53.378239549104975],[-6.317537263986462,53.37849834731648],[-6.3181383268729165,53.37847452936647],[-6.318629723326343,53.37862787984183],[-6.318901656795208,53.37898779387022],[-6.319058530394746,53.379030249853734]]},"properties":{"length_m":594.1}},{"type":"Feature","geometry":{"type":"LineString","coordinates":[[-6.319471637893717,53.379142052510254],[-6.3195156922423905,53.37915397529845],[-6.319878480205361,53.37946378005905],[-6.321000811357669,53.3797230968092],[-6.322084235077675,53.37964251245989]]},"properties":{"length_m":197.5}},{"type":"Feature","geometry":{"type":"LineString","coordinates":[[-6.322188334916925,53.379634769581784],[-6.3225657283746575,53.37960669930266],[-6.3246805673167215,53.37959226214864],[-6.325193947790508,53.3797332974617]]},"properties":{"length_m":203.3}},{"type":"Feature","geometry":{"type":"LineString","coordinates":[[-6.326007103040006,53.379687061728504],[-6.326439460499767,53.37973560933471]]},"properties":{"length_m":29.2}},{"type":"Feature","geometry":{"type":"LineString","coordinates":[[-6.3271941273678145,53.37961842570397],[-6.328324705920423,53.37939054818452],[-6.3288487609470385,53.37939929313734]]},"properties":{"length_m":114.1}},{"type":"Feature","geometry":{"type":"LineString","coordinates":[[-6.286524914983242,53.375877676658945],[-6.28663529656983,53.3759787057803]]},"properties":{"length_m":13.4}},{"type":"Feature","geometry":{"type":"LineString","coordinates":[[-6.28721652288813,53.376501410585654],[-6.2876458234363355,53.37673500407],[-6.288819139285165,53.377036131948856],[-6.28962652369556,53.37741784755412],[-6.290600034357808,53.37752945682945],[-6.291728242515871,53.377458567541176],[-6.292947178056847,53.37725009219847],[-6.294052419593354,53.377346965042385]]},"properties":{"length_m":491.2}},{"type":"Feature","geometry":{"type":"LineString","coordinates":[[-6.295140557545144,53.37707213997393],[-6.295460569523345,53.37697059240642],[-6.295646303605488,53.37693910447581]]},"properties":{"length_m":36.9}},{"type":"Feature","geometry":{"type":"LineString","coordinates":[[-6.2994255774486465,53.37630635371546],[-6.299872619553985,53.37630768942188],[-6.30196666703561,53.37609937671126],[-6.303258397214759,53.37626955084046],[-6.304549422445419,53.37607055961207],[-6.3047756288761,53.37615604821618],[-6.305060962365647,53.37652819487761],[-6.305475128864187,53.37679819582671],[-6.307377495666894,53.37757951341506],[-6.308842329731919,53.37790033766157]]},"properties":{"length_m":707.6}},{"type":"Feature","geometry":{"type":"LineString","coordinates":[[-6.310800217311384,53.37811995167576],[-6.311450410138979,53.378160335005234]]},"properties":{"length_m":43.4}},{"type":"Feature","geometry":{"type":"LineString","coordinates":[[-6.28187419030766,53.365953256411345],[-6.281744284070497,53.36619406357754]]},"properties":{"length_m":28.0}},{"type":"Feature","geometry":{"type":"LineString","coordinates":[[-6.288196269136473,53.32294627294631],[-6.288202382366956,53.32279356283005]]},"properties":{"length_m":16.9}},{"type":"Feature","geometry":{"type":"LineString","coordinates":[[-6.300729553628638,53.35810703712696],[-6.300992685643653,53.358290544837054],[-6.301263689151038,53.35865392484283]]},"properties":{"length_m":70.8}},{"type":"Feature","geometry":{"type":"LineString","coordinates":[[-6.301263689151038,53.35865392484283],[-6.301232950890515,53.35904896107413],[-6.301494304396944,53.359277382484215]]},"properties":{"length_m":74.4}},{"type":"Feature","geometry":{"type":"LineString","coordinates":[[-6.174942078748422,53.385290268980135],[-6.175385886030403,53.38545884163984]]},"properties":{"length_m":34.9}},{"type":"Feature","geometry":{"type":"LineString","coordinates":[[-6.258219999594509,53.33906000060508],[-6.2588099994804045,53.33923000121586]]},"properties":{"length_m":43.5}},{"type":"Feature","geometry":{"type":"LineString","coordinates":[[-6.314544748892245,53.36513386783468],[-6.31482986512497,53.36552437899835]]},"properties":{"length_m":47.2}},{"type":"Feature","geometry":{"type":"LineString","coordinates":[[-6.183460328291409,53.38401806276203],[-6.183133355230489,53.38428273096692],[-6.18270656755083,53.38442004417006]]},"properties":{"length_m":68.6}},{"type":"Feature","geometry":{"type":"LineString","coordinates":[[-6.22156636277667,53.38194044464504],[-6.221072510364525,53.38224766908809],[-6.220307067486942,53.38221828168183]]},"properties":{"length_m":98.2}},{"type":"Feature","geometry":{"type":"LineString","coordinates":[[-6.3524328392753935,53.356009885693844],[-6.3526573740945835,53.35603096166349],[-6.353273119153872,53.356425943701495],[-6.353985328614078,53.35704695252306]]},"properties":{"length_m":158.3}},{"type":"Feature","geometry":{"type":"LineString","coordinates":[[-6.320604495854171,53.34554452268355],[-6.319047380717368,53.34580122403337],[-6.315718900907164,53.34603291254807],[-6.315079711513185,53.34554940460651]]},"properties":{"length_m":398.2}},{"type":"Feature","geometry":{"type":"LineString","coordinates":[[-6.171445751049785,53.37356109197671],[-6.171052932146175,53.373959541559124],[-6.170665500902122,53.374582777494936],[-6.170532654153015,53.37698059041964]]},"properties":{"length_m":390.1}},{"type":"Feature","geometry":{"type":"LineString","coordinates":[[-6.3118816429717866,53.37358090934906],[-6.311917113671669,53.37382408724751],[-6.312333443338919,53.37393783131982]]},"properties":{"length_m":57.4}},{"type":"Feature","geometry":{"type":"LineString","coordinates":[[-6.219834157264156,53.3816629537185],[-6.220030991716304,53.381989461739686],[-6.220307067486942,53.38221828168183]]},"properties":{"length_m":69.7}},{"type":"Feature","geometry":{"type":"LineString","coordinates":[[-6.23952402121389,53.343827401597935],[-6.238823193244309,53.34406872621008]]},"properties":{"length_m":53.7}},{"type":"Feature","geometry":{"type":"LineString","coordinates":[[-6.183460328291409,53.38401806276203],[-6.183783202036521,53.38420273977824],[-6.18376320724842,53.38431928171528],[-6.182602267097208,53.384751018350016]]},"properties":{"length_m":133.3}},{"type":"Feature","geometry":{"type":"LineString","coordinates":[[-6.176035551215769,53.36991021579075],[-6.175955468081216,53.37002583834722]]},"properties":{"length_m":13.8}},{"type":"Feature","geometry":{"type":"LineString","coordinates":[[-6.272230071324761,53.35770677041657],[-6.272844603220992,53.357742631252286]]},"properties":{"length_m":41.0}},{"type":"Feature","geometry":{"type":"LineString","coordinates":[[-6.3138825335493065,53.36516046515445],[-6.314399301270775,53.365392465930235]]},"properties":{"length_m":42.9}},{"type":"Feature","geometry":{"type":"LineString","coordinates":[[-6.2967338710067535,53.36373950170309],[-6.296986660071599,53.363806025829035],[-6.297259096203535,53.36413348290553],[-6.297863359122034,53.36442972067993]]},"properties":{"length_m":110.6}},{"type":"Feature","geometry":{"type":"LineString","coordinates":[[-6.178816239206632,53.384693308971634],[-6.1769263008188995,53.38459255075181],[-6.1769336480707135,53.38477242654635],[-6.176711029268603,53.38505664768776]]},"properties":{"length_m":180.7}},{"type":"Feature","geometry":{"type":"LineString","coordinates":[[-6.250053489906579,53.31299115938311],[-6.250075036522145,53.31319820352086]]},"properties":{"length_m":22.9}},{"type":"Feature","geometry":{"type":"LineString","coordinates":[[-6.24971516330066,53.34912754426084],[-6.2496766743607655,53.349333706498854]]},"properties":{"length_m":22.9}},{"type":"Feature","geometry":{"type":"LineString","coordinates":[[-6.2496766743607655,53.349333706498854],[-6.249604480163428,53.349629255491344]]},"properties":{"length_m":33.0}},{"type":"Feature","geometry":{"type":"LineString","coordinates":[[-6.249577995186502,53.31250780846785],[-6.2500615744329515,53.31279353817321]]},"properties":{"length_m":45.1}},{"type":"Feature","geometry":{"type":"LineString","coordinates":[[-6.2194013965972115,53.38050601847839],[-6.219501683303091,53.380624360220494]]},"properties":{"length_m":14.7}},{"type":"Feature","geometry":{"type":"LineString","coordinates":[[-6.317159999613529,53.3477100014076],[-6.316991459717734,53.348491020412894],[-6.316688566584003,53.349020093924864],[-6.316076486879264,53.349629202918706],[-6.315272409397675,53.350126150039635]]},"properties":{"length_m":304.3}},{"type":"Feature","geometry":{"type":"LineString","coordinates":[[-6.219834157264156,53.3816629537185],[-6.219594222814827,53.382369436405114]]},"properties":{"length_m":79.7}},{"type":"Feature","geometry":{"type":"LineString","coordinates":[[-6.268184545175038,53.36336454546883],[-6.2699548409231305,53.363803675562224]]},"properties":{"length_m":127.3}},{"type":"Feature","geometry":{"type":"LineString","coordinates":[[-6.172955500660124,53.368838444168006],[-6.175626161611375,53.36964330002973],[-6.176035551215769,53.36991021579075]]},"properties":{"length_m":238.7}},{"type":"Feature","geometry":{"type":"LineString","coordinates":[[-6.172786278898461,53.37208958298898],[-6.1717233923156565,53.37269349016441]]},"properties":{"length_m":97.2}},{"type":"Feature","geometry":{"type":"LineString","coordinates":[[-6.288202382366956,53.32279356283005],[-6.288552844954777,53.32266377016347]]},"properties":{"length_m":27.4}},{"type":"Feature","geometry":{"type":"LineString","coordinates":[[-6.234539330894087,53.323471860739964],[-6.235185248475252,53.32378260682418]]},"properties":{"length_m":55.0}},{"type":"Feature","geometry":{"type":"LineString","coordinates":[[-6.256850000909542,53.338640001079206],[-6.258219999594509,53.33906000060508]]},"properties":{"length_m":102.2}},{"type":"Feature","geometry":{"type":"LineString","coordinates":[[-6.212162258757182,53.31790300397754],[-6.21215848425889,53.318352358368045],[-6.212203230255978,53.31840384545892]]},"properties":{"length_m":56.1}},{"type":"Feature","geometry":{"type":"LineString","coordinates":[[-6.221263096462875,53.38056074301457],[-6.2202941085059065,53.380366535423526],[-6.2196199917370025,53.38067106572055]]},"properties":{"length_m":123.9}},{"type":"Feature","geometry":{"type":"LineString","coordinates":[[-6.329674696940253,53.379144693742816],[-6.329757754243357,53.37910410076855]]},"properties":{"length_m":7.1}},{"type":"Feature","geometry":{"type":"LineString","coordinates":[[-6.332251303705609,53.37787569568977],[-6.333367048361436,53.377778394241254]]},"properties":{"length_m":74.9}},{"type":"Feature","geometry":{"type":"LineString","coordinates":[[-6.316061100818779,53.37469154944016],[-6.3160243237670235,53.37486180252322],[-6.315643467803516,53.37499124811468],[-6.314639289084107,53.374940603162365]]},"properties":{"length_m":115.0}},{"type":"Feature","geometry":{"type":"LineString","coordinates":[[-6.30984000088575,53.34583000056202],[-6.309339999266579,53.346210001174924]]},"properties":{"length_m":53.6}},{"type":"Feature","geometry":{"type":"LineString","coordinates":[[-6.2993597358175695,53.36571836804774],[-6.299760569946552,53.366218421466634],[-6.299774150842762,53.366632064475084]]},"properties":{"length_m":107.1}},{"type":"Feature","geometry":{"type":"LineString","coordinates":[[-6.29960432005375,53.36561399693004],[-6.2993597358175695,53.36571836804774]]},"properties":{"length_m":19.9}},{"type":"Feature","geometry":{"type":"LineString","coordinates":[[-6.26829330818795,53.36327624306151],[-6.268184545175038,53.36336454546883]]},"properties":{"length_m":12.1}},{"type":"Feature","geometry":{"type":"LineString","coordinates":[[-6.221112780913082,53.37983945296307],[-6.221545439500336,53.379917805823915],[-6.222503197914974,53.380381479647724]]},"properties":{"length_m":111.8}},{"type":"Feature","geometry":{"type":"LineString","coordinates":[[-6.180363265287166,53.386137035647394],[-6.180151390797594,53.38616975803615]]},"properties":{"length_m":14.5}},{"type":"Feature","geometry":{"type":"LineString","coordinates":[[-6.316496723708903,53.37469769507262],[-6.317548227896455,53.374712522810604]]},"properties":{"length_m":69.9}},{"type":"Feature","geometry":{"type":"LineString","coordinates":[[-6.220307067486942,53.38221828168183],[-6.220748778724279,53.38244058214715]]},"properties":{"length_m":38.3}},{"type":"Feature","geometry":{"type":"LineString","coordinates":[[-6.2489749582990415,53.34849650264383],[-6.248508857916792,53.34850763747859]]},"properties":{"length_m":31.0}},{"type":"Feature","geometry":{"type":"LineString","coordinates":[[-6.213475959242096,53.31735643086727],[-6.213482131514399,53.31778424656218]]},"properties":{"length_m":47.3}},{"type":"Feature","geometry":{"type":"LineString","coordinates":[[-6.31482986512497,53.36552437899835],[-6.3148574197366765,53.3655876841981]]},"properties":{"length_m":7.2}},{"type":"Feature","geometry":{"type":"LineString","coordinates":[[-6.2489749582990415,53.34849650264383],[-6.2491661533152385,53.34849422658984]]},"properties":{"length_m":12.7}},{"type":"Feature","geometry":{"type":"LineString","coordinates":[[-6.314399301270775,53.365392465930235],[-6.31482986512497,53.36552437899835]]},"properties":{"length_m":32.1}},{"type":"Feature","geometry":{"type":"LineString","coordinates":[[-6.178816239206632,53.384693308971634],[-6.177013428495367,53.385016325923296]]},"properties":{"length_m":125.0}},{"type":"Feature","geometry":{"type":"LineString","coordinates":[[-6.3150700000819775,53.34555000159805],[-6.314130001110305,53.34559000147244]]},"properties":{"length_m":62.6}},{"type":"Feature","geometry":{"type":"LineString","coordinates":[[-6.225708603087224,53.33654006195005],[-6.2260295373518755,53.33712906612424]]},"properties":{"length_m":68.5}},{"type":"Feature","geometry":{"type":"LineString","coordinates":[[-6.332631000702525,53.3754179999624],[-6.3327566262690045,53.375418661824575]]},"properties":{"length_m":8.3}},{"type":"Feature","geometry":{"type":"LineString","coordinates":[[-6.2500615744329515,53.31279353817321],[-6.250053489906579,53.31299115938311]]},"properties":{"length_m":21.9}},{"type":"Feature","geometry":{"type":"LineString","coordinates":[[-6.238823193244309,53.34406872621008],[-6.239546475023347,53.34437600981016]]},"properties":{"length_m":58.9}},{"type":"Feature","geometry":{"type":"LineString","coordinates":[[-6.2196199917370025,53.38067106572055],[-6.219556557811223,53.38111053748079],[-6.219834157264156,53.3816629537185]]},"properties":{"length_m":112.6}},{"type":"Feature","geometry":{"type":"LineString","coordinates":[[-6.252513631656927,53.35158636825942],[-6.253014834823577,53.35218692345196]]},"properties":{"length_m":74.3}},{"type":"Feature","geometry":{"type":"LineString","coordinates":[[-6.250789985687414,53.314799597678196],[-6.2513877796369535,53.314862292464845]]},"properties":{"length_m":40.3}},{"type":"Feature","geometry":{"type":"LineString","coordinates":[[-6.354116660589262,53.357147631782574],[-6.354608156169531,53.35764874851981]]},"properties":{"length_m":64.3}},{"type":"Feature","geometry":{"type":"LineString","coordinates":[[-6.220748778724279,53.38244058214715],[-6.220654517467405,53.382538046232284]]},"properties":{"length_m":12.5}},{"type":"Feature","geometry":{"type":"LineString","coordinates":[[-6.180491638088542,53.3848896367331],[-6.180069434110585,53.38491915238272]]},"properties":{"length_m":28.2}},{"type":"Feature","geometry":{"type":"LineString","coordinates":[[-6.315036092252037,53.36524866256124],[-6.31482986512497,53.36552437899835]]},"properties":{"length_m":33.4}},{"type":"Feature","geometry":{"type":"LineString","coordinates":[[-6.2491661533152385,53.34849422658984],[-6.249828419738132,53.34856295377638]]},"properties":{"length_m":44.7}},{"type":"Feature","geometry":{"type":"LineString","coordinates":[[-6.249594832153845,53.312463114699014],[-6.250265382695723,53.31258081218924]]},"properties":{"length_m":46.4}},{"type":"Feature","geometry":{"type":"LineString","coordinates":[[-6.30195689845567,53.35822337733967],[-6.301844645517729,53.35840154072782]]},"properties":{"length_m":21.1}},{"type":"Feature","geometry":{"type":"LineString","coordinates":[[-6.17904274780342,53.384669800434224],[-6.178816239206632,53.384693308971634]]},"properties":{"length_m":15.3}},{"type":"Feature","geometry":{"type":"LineString","coordinates":[[-6.219553722228518,53.3876628334067],[-6.219361045849005,53.387956566933816]]},"properties":{"length_m":34.9}},{"type":"Feature","geometry":{"type":"LineString","coordinates":[[-6.256670000757225,53.33853000136664],[-6.256850000909542,53.338640001079206]]},"properties":{"length_m":17.1}},{"type":"Feature","geometry":{"type":"LineString","coordinates":[[-6.314544748892245,53.36513386783468],[-6.314399301270775,53.365392465930235]]},"properties":{"length_m":30.2}},{"type":"Feature","geometry":{"type":"LineString","coordinates":[[-6.313959570285083,53.373904887904814],[-6.312333443338919,53.37393783131982]]},"properties":{"length_m":108.1}},{"type":"Feature","geometry":{"type":"LineString","coordinates":[[-6.301844645517729,53.35840154072782],[-6.302795293741575,53.35867571892158]]},"properties":{"length_m":70.1}},{"type":"Feature","geometry":{"type":"LineString","coordinates":[[-6.178136048163158,53.36893562381777],[-6.176794541646078,53.3697330618449]]},"properties":{"length_m":125.4}},{"type":"Feature","geometry":{"type":"LineString","coordinates":[[-6.249878367513402,53.31433681576288],[-6.25007226191272,53.31436662528066],[-6.250106971551188,53.314618803350726],[-6.250554028249981,53.314697267004505]]},"properties":{"length_m":72.2}},{"type":"Feature","geometry":{"type":"LineString","coordinates":[[-6.22558566473692,53.364064411450244],[-6.222926613863255,53.365464781264585]]},"properties":{"length_m":234.9}},{"type":"Feature","geometry":{"type":"LineString","coordinates":[[-6.180053197155406,53.38635701242944],[-6.180065156087235,53.386429100151275]]},"properties":{"length_m":8.0}},{"type":"Feature","geometry":{"type":"LineString","coordinates":[[-6.347620979340365,53.3423663576476],[-6.348207775095693,53.34228293852995],[-6.348594563871176,53.34197679031317]]},"properties":{"length_m":82.6}},{"type":"Feature","geometry":{"type":"LineString","coordinates":[[-6.176290049019564,53.36958154195261],[-6.176035551215769,53.36991021579075]]},"properties":{"length_m":40.1}},{"type":"Feature","geometry":{"type":"LineString","coordinates":[[-6.222503197914974,53.380381479647724],[-6.221895551050543,53.380534214571085],[-6.221263096462875,53.38056074301457]]},"properties":{"length_m":85.9}},{"type":"Feature","geometry":{"type":"LineString","coordinates":[[-6.248508857916792,53.34850763747859],[-6.248345302561384,53.34956583533782]]},"properties":{"length_m":117.5}},{"type":"Feature","geometry":{"type":"LineString","coordinates":[[-6.350524968707904,53.356396974929844],[-6.351019780238925,53.35642178977393]]},"properties":{"length_m":33.0}},{"type":"Feature","geometry":{"type":"LineString","coordinates":[[-6.281753261692139,53.36447747362814],[-6.28194254343536,53.36500150632852],[-6.281964265335624,53.365208544408716],[-6.281853717848174,53.365341773704195],[-6.281943299886612,53.36572954995051]]},"properties":{"length_m":142.0}},{"type":"Feature","geometry":{"type":"LineString","coordinates":[[-6.260063204766434,53.36170045481548],[-6.263644388252264,53.36253596829024]]},"properties":{"length_m":255.3}},{"type":"Feature","geometry":{"type":"LineString","coordinates":[[-6.225344147988143,53.33591445667767],[-6.225708603087224,53.33654006195005]]},"properties":{"length_m":73.3}},{"type":"Feature","geometry":{"type":"LineString","coordinates":[[-6.18270656755083,53.38442004417006],[-6.182475087545268,53.384560330156894]]},"properties":{"length_m":21.8}},{"type":"Feature","geometry":{"type":"LineString","coordinates":[[-6.3127517641807955,53.37476165443684],[-6.313905224488238,53.37485884763753]]},"properties":{"length_m":77.4}},{"type":"Feature","geometry":{"type":"LineString","coordinates":[[-6.311588618312507,53.3745294929403],[-6.312363692264792,53.374693251502926]]},"properties":{"length_m":54.6}},{"type":"Feature","geometry":{"type":"LineString","coordinates":[[-6.172426056776364,53.36962129916917],[-6.174480178296316,53.37008417328284]]},"properties":{"length_m":145.8}},{"type":"Feature","geometry":{"type":"LineString","coordinates":[[-6.313905224488238,53.37485884763753],[-6.314105398789966,53.374904303475404]]},"properties":{"length_m":14.2}},{"type":"Feature","geometry":{"type":"LineString","coordinates":[[-6.249769031762668,53.348912619489454],[-6.24971516330066,53.34912754426084]]},"properties":{"length_m":24.0}},{"type":"Feature","geometry":{"type":"LineString","coordinates":[[-6.249828419738132,53.34856295377638],[-6.249769031762668,53.348912619489454]]},"properties":{"length_m":38.9}},{"type":"Feature","geometry":{"type":"LineString","coordinates":[[-6.238549413891838,53.34356234852428],[-6.23952402121389,53.343827401597935]]},"properties":{"length_m":71.1}},{"type":"Feature","geometry":{"type":"LineString","coordinates":[[-6.314639490019107,53.37377268249115],[-6.314437897383927,53.37388767681674]]},"properties":{"length_m":18.5}},{"type":"Feature","geometry":{"type":"LineString","coordinates":[[-6.222926613863255,53.365464781264585],[-6.22355869601863,53.36603522124595]]},"properties":{"length_m":75.8}},{"type":"Feature","geometry":{"type":"LineString","coordinates":[[-6.170096819019288,53.407022549371305],[-6.170422866584298,53.40695199611272]]},"properties":{"length_m":23.0}},{"type":"Feature","geometry":{"type":"LineString","coordinates":[[-6.232504083329454,53.3629615213161],[-6.232926487437582,53.36362178950034]]},"properties":{"length_m":78.2}},{"type":"Feature","geometry":{"type":"LineString","coordinates":[[-6.264981452830257,53.3457920866498],[-6.265103100758932,53.34613961245524]]},"properties":{"length_m":39.3}},{"type":"Feature","geometry":{"type":"LineString","coordinates":[[-6.344700000198218,53.36034000058005],[-6.338935728429933,53.36163088483734]]},"properties":{"length_m":408.8}},{"type":"Feature","geometry":{"type":"LineString","coordinates":[[-6.179066206070433,53.384472418465485],[-6.17904274780342,53.384669800434224]]},"properties":{"length_m":21.9}},{"type":"Feature","geometry":{"type":"LineString","coordinates":[[-6.291748964038431,53.371532783710535],[-6.299567161422469,53.37306783992657]]},"properties":{"length_m":546.5}},{"type":"Feature","geometry":{"type":"LineString","coordinates":[[-6.313349999734975,53.34563000077831],[-6.30984000088575,53.34583000056202]]},"properties":{"length_m":234.3}},{"type":"Feature","geometry":{"type":"LineString","coordinates":[[-6.271207069668469,53.323959588560534],[-6.272265771349921,53.32413671430296]]},"properties":{"length_m":73.0}},{"type":"Feature","geometry":{"type":"LineString","coordinates":[[-6.255900647864198,53.36759879480509],[-6.255659220791245,53.36799074210333],[-6.255732478906206,53.36803675334448],[-6.256570611505126,53.367752393878185],[-6.257093694383761,53.36782295125863]]},"properties":{"length_m":152.8}},{"type":"Feature","geometry":{"type":"LineString","coordinates":[[-6.22156636277667,53.38194044464504],[-6.221591916605575,53.38204868283464],[-6.221315925271961,53.38253891666291]]},"properties":{"length_m":69.3}},{"type":"Feature","geometry":{"type":"LineString","coordinates":[[-6.317548227896455,53.374712522810604],[-6.3188254095003655,53.37472153246187]]},"properties":{"length_m":84.9}},{"type":"Feature","geometry":{"type":"LineString","coordinates":[[-6.314059167428759,53.37477904596524],[-6.313905224488238,53.37485884763753]]},"properties":{"length_m":13.5}},{"type":"Feature","geometry":{"type":"LineString","coordinates":[[-6.2967338710067535,53.36373950170309],[-6.295375440226606,53.36426837537155]]},"properties":{"length_m":107.6}},{"type":"Feature","geometry":{"type":"LineString","coordinates":[[-6.314947486578414,53.373965779539965],[-6.315714765050871,53.374327142286084],[-6.316061100818779,53.37469154944016]]},"properties":{"length_m":111.2}},{"type":"Feature","geometry":{"type":"LineString","coordinates":[[-6.249072069853996,53.312401512213775],[-6.249594832153845,53.312463114699014]]},"properties":{"length_m":35.4}},{"type":"Feature","geometry":{"type":"LineString","coordinates":[[-6.180151390797594,53.38616975803615],[-6.180053197155406,53.38635701242944]]},"properties":{"length_m":21.7}},{"type":"Feature","geometry":{"type":"LineString","coordinates":[[-6.256580000962386,53.33787000091605],[-6.2564499994728395,53.338130000766434]]},"properties":{"length_m":30.0}},{"type":"Feature","geometry":{"type":"LineString","coordinates":[[-6.314544748892245,53.36513386783468],[-6.315036092252037,53.36524866256124]]},"properties":{"length_m":35.0}},{"type":"Feature","geometry":{"type":"LineString","coordinates":[[-6.2581002993435915,53.36336343178305],[-6.257988681902066,53.363507716366804]]},"properties":{"length_m":17.6}},{"type":"Feature","geometry":{"type":"LineString","coordinates":[[-6.270080985027458,53.3042951772337],[-6.269088944528115,53.30396619715377],[-6.268636512070408,53.30402254673883],[-6.268098553232323,53.30433830927374],[-6.26772372973363,53.30470137996151],[-6.267304572570932,53.30575741815846],[-6.266877952980487,53.30608593550441]]},"properties":{"length_m":369.3}},{"type":"Feature","geometry":{"type":"LineString","coordinates":[[-6.309094081177209,53.402048582901934],[-6.3085292521763225,53.40222711057627]]},"properties":{"length_m":42.4}},{"type":"Feature","geometry":{"type":"LineString","coordinates":[[-6.182602267097208,53.384751018350016],[-6.180999772593107,53.38496029912378],[-6.180491638088542,53.3848896367331]]},"properties":{"length_m":143.6}},{"type":"Feature","geometry":{"type":"LineString","coordinates":[[-6.222557134021695,53.37944751840713],[-6.222431342010706,53.37958046677024],[-6.222533505886607,53.379653893294375],[-6.222503197914974,53.380381479647724]]},"properties":{"length_m":108.0}},{"type":"Feature","geometry":{"type":"LineString","coordinates":[[-6.219474010856137,53.38669092798435],[-6.219453765735815,53.38717598418418]]},"properties":{"length_m":53.7}},{"type":"Feature","geometry":{"type":"LineString","coordinates":[[-6.250937286548464,53.31339960319653],[-6.251126770354079,53.31353720440678]]},"properties":{"length_m":19.7}},{"type":"Feature","geometry":{"type":"LineString","coordinates":[[-6.225344147988143,53.33591445667767],[-6.224779772861796,53.334929424824935]]},"properties":{"length_m":115.2}},{"type":"Feature","geometry":{"type":"LineString","coordinates":[[-6.250075036522145,53.31319820352086],[-6.250280985806309,53.31330009499531]]},"properties":{"length_m":17.7}},{"type":"Feature","geometry":{"type":"LineString","coordinates":[[-6.2183958197351785,53.33841014204866],[-6.217891734750474,53.338577982276256],[-6.217243282797868,53.33893382699617]]},"properties":{"length_m":96.6}},{"type":"Feature","geometry":{"type":"LineString","coordinates":[[-6.249954852132324,53.38447736155401],[-6.254825763787851,53.386244277684646]]},"properties":{"length_m":378.1}},{"type":"Feature","geometry":{"type":"LineString","coordinates":[[-6.254596368015859,53.38627331373848],[-6.250027860084565,53.38458860961952]]},"properties":{"length_m":356.2}},{"type":"Feature","geometry":{"type":"LineString","coordinates":[[-6.258248087125529,53.38764068279441],[-6.255890177481644,53.38676311625027]]},"properties":{"length_m":184.3}},{"type":"Feature","geometry":{"type":"LineString","coordinates":[[-6.255464911253372,53.386483053979916],[-6.256343000002227,53.386810956738074]]},"properties":{"length_m":68.7}},{"type":"Feature","geometry":{"type":"LineString","coordinates":[[-6.257570431573835,53.38726860676497],[-6.260258780639358,53.38817745761745]]},"properties":{"length_m":205.0}},{"type":"Feature","geometry":{"type":"LineString","coordinates":[[-6.2813761652083135,53.34336076274247],[-6.2813006733326,53.34372272505922]]},"properties":{"length_m":40.3}},{"type":"Feature","geometry":{"type":"LineString","coordinates":[[-6.281160269972887,53.34398705091196],[-6.280916085841518,53.34531891910431]]},"properties":{"length_m":148.2}},{"type":"Feature","geometry":{"type":"LineString","coordinates":[[-6.280779464017695,53.345312703618305],[-6.281163683446739,53.34331649031484]]},"properties":{"length_m":222.2}},{"type":"Feature","geometry":{"type":"LineString","coordinates":[[-6.242030644612636,53.37348828157096],[-6.245279317971153,53.37438431373474]]},"properties":{"length_m":237.5}},{"type":"Feature","geometry":{"type":"LineString","coordinates":[[-6.245953538037033,53.37457027360137],[-6.250173603422675,53.3757342300542]]},"properties":{"length_m":308.5}},{"type":"Feature","geometry":{"type":"LineString","coordinates":[[-6.2693153975354265,53.350094421382565],[-6.269153108646467,53.34964279555132]]},"properties":{"length_m":51.1}},{"type":"Feature","geometry":{"type":"LineString","coordinates":[[-6.269153108646467,53.34964279555132],[-6.267906261077263,53.34617300428282]]},"properties":{"length_m":392.5}},{"type":"Feature","geometry":{"type":"LineString","coordinates":[[-6.297164424820765,53.348593353272214],[-6.296867353432762,53.348485363944086]]},"properties":{"length_m":23.1}},{"type":"Feature","geometry":{"type":"LineString","coordinates":[[-6.288038760176136,53.3010452050729],[-6.288062339244586,53.3011952925531],[-6.288318809654372,53.301608461002836],[-6.288597591349835,53.30200134552326],[-6.289099026912281,53.302255777122646],[-6.289993600035063,53.30307239955489]]},"properties":{"length_m":264.4}},{"type":"Feature","geometry":{"type":"LineString","coordinates":[[-6.284202969329918,53.34649451269848],[-6.285007667850147,53.34650289780033]]},"properties":{"length_m":53.5}},{"type":"Feature","geometry":{"type":"LineString","coordinates":[[-6.275849444213581,53.345101853244614],[-6.2760225921332236,53.344746330956326]]},"properties":{"length_m":41.0}},{"type":"Feature","geometry":{"type":"LineString","coordinates":[[-6.295228087299413,53.34909764638176],[-6.296914592466658,53.35087347188909]]},"properties":{"length_m":226.1}},{"type":"Feature","geometry":{"type":"LineString","coordinates":[[-6.297723544608872,53.351720762190624],[-6.298052133021428,53.35205875817008]]},"properties":{"length_m":43.3}},{"type":"Feature","geometry":{"type":"LineString","coordinates":[[-6.295865323021767,53.3499145148436],[-6.295119487766155,53.349135986349374]]},"properties":{"length_m":99.3}},{"type":"Feature","geometry":{"type":"LineString","coordinates":[[-6.325778851914249,53.359953562096756],[-6.325998177546516,53.359979902261934],[-6.326090192059281,53.3600856765694]]},"properties":{"length_m":28.1}},{"type":"Feature","geometry":{"type":"LineString","coordinates":[[-6.325896819369981,53.36031801703077],[-6.325590527838594,53.36029579357142],[-6.325509990254643,53.360149195522894]]},"properties":{"length_m":37.6}},{"type":"Feature","geometry":{"type":"LineString","coordinates":[[-6.239538666480876,53.339241786677164],[-6.239417861628482,53.340084448899105]]},"properties":{"length_m":93.5}},{"type":"Feature","geometry":{"type":"LineString","coordinates":[[-6.239351260299116,53.340541239200796],[-6.2391405055895826,53.34102281168803],[-6.238882822019549,53.3422307506409]]},"properties":{"length_m":189.7}},{"type":"Feature","geometry":{"type":"LineString","coordinates":[[-6.272442342464345,53.338681707553135],[-6.272419694168869,53.338403354417274]]},"properties":{"length_m":30.8}},{"type":"Feature","geometry":{"type":"LineString","coordinates":[[-6.348851485683884,53.34273326844052],[-6.3483147154189075,53.34245198147477],[-6.347666083560865,53.342448167355]]},"properties":{"length_m":90.4}},{"type":"Feature","geometry":{"type":"LineString","coordinates":[[-6.253856731988453,53.37079706928305],[-6.253496175105859,53.37141652472757]]},"properties":{"length_m":72.6}},{"type":"Feature","geometry":{"type":"LineString","coordinates":[[-6.252754282313408,53.3724947492072],[-6.252639497630975,53.37267171677794]]},"properties":{"length_m":21.0}},{"type":"Feature","geometry":{"type":"LineString","coordinates":[[-6.264766497367306,53.33187176983187],[-6.264913498403379,53.33255972012447]]},"properties":{"length_m":76.7}},{"type":"Feature","geometry":{"type":"LineString","coordinates":[[-6.26439000051024,53.40105000140599],[-6.264495849725897,53.401191133441074]]},"properties":{"length_m":17.1}},{"type":"Feature","geometry":{"type":"LineString","coordinates":[[-6.268898397713885,53.34522501573993],[-6.271981116528116,53.344956743796004]]},"properties":{"length_m":207.0}},{"type":"Feature","geometry":{"type":"LineString","coordinates":[[-6.266112579583845,53.37869497105076],[-6.266419738006748,53.37873031005636]]},"properties":{"length_m":20.8}},{"type":"Feature","geometry":{"type":"LineString","coordinates":[[-6.2818193738046535,53.37999274383056],[-6.269820283872977,53.37917131601718]]},"properties":{"length_m":802.5}},{"type":"Feature","geometry":{"type":"LineString","coordinates":[[-6.275652914153294,53.3459430862717],[-6.275281675805959,53.3466042153581],[-6.274883019731278,53.34788104101754],[-6.274713851180819,53.35007189759409]]},"properties":{"length_m":463.3}},{"type":"Feature","geometry":{"type":"LineString","coordinates":[[-6.27435452083112,53.35020961088428],[-6.274456210205576,53.35005704099225]]},"properties":{"length_m":18.2}},{"type":"Feature","geometry":{"type":"LineString","coordinates":[[-6.150799514307139,53.39806263086642],[-6.150379326811079,53.39800643468506]]},"properties":{"length_m":28.6}},{"type":"Feature","geometry":{"type":"LineString","coordinates":[[-6.291729999622012,53.34780500125724],[-6.291075168093575,53.34764032408863]]},"properties":{"length_m":47.2}},{"type":"Feature","geometry":{"type":"LineString","coordinates":[[-6.270154871792097,53.343242290290796],[-6.269865999719457,53.34321300133781]]},"properties":{"length_m":19.5}},{"type":"Feature","geometry":{"type":"LineString","coordinates":[[-6.26084882587314,53.34721316929628],[-6.259442722928758,53.34755460705942]]},"properties":{"length_m":100.8}},{"type":"Feature","geometry":{"type":"LineString","coordinates":[[-6.259088626706566,53.347644373296774],[-6.257638999961434,53.34795500066752]]},"properties":{"length_m":102.3}},{"type":"Feature","geometry":{"type":"LineString","coordinates":[[-6.257638999961434,53.34795500066752],[-6.255978488214739,53.348182861803416]]},"properties":{"length_m":113.2}},{"type":"Feature","geometry":{"type":"LineString","coordinates":[[-6.254722271183017,53.34830423001752],[-6.253685000417011,53.34832400110483]]},"properties":{"length_m":69.0}},{"type":"Feature","geometry":{"type":"LineString","coordinates":[[-6.251271837785587,53.34833698989822],[-6.248252999235041,53.34813500125404]]},"properties":{"length_m":201.8}},{"type":"Feature","geometry":{"type":"LineString","coordinates":[[-6.243820400512195,53.34783812989434],[-6.243446356410955,53.34781373475734]]},"properties":{"length_m":25.0}},{"type":"Feature","geometry":{"type":"LineString","coordinates":[[-6.24150389332928,53.347687047415285],[-6.2412841496267815,53.347672715742334]]},"properties":{"length_m":14.7}},{"type":"Feature","geometry":{"type":"LineString","coordinates":[[-6.235361128060921,53.34719569905173],[-6.235561848768923,53.34721001757742]]},"properties":{"length_m":13.4}},{"type":"Feature","geometry":{"type":"LineString","coordinates":[[-6.263034159591055,53.35172072586597],[-6.263718156294129,53.3513719688159]]},"properties":{"length_m":59.6}},{"type":"Feature","geometry":{"type":"LineString","coordinates":[[-6.267265585402677,53.35018589758084],[-6.264854161108571,53.351014576002854]]},"properties":{"length_m":184.6}},{"type":"Feature","geometry":{"type":"LineString","coordinates":[[-6.274713851180819,53.35007189759409],[-6.278064975369582,53.349691875198864],[-6.2790343093308065,53.34975026320935]]},"properties":{"length_m":291.3}},{"type":"Feature","geometry":{"type":"LineString","coordinates":[[-6.283347834435255,53.35173439505027],[-6.284406682532961,53.35272140308325],[-6.28640729061433,53.354091708904086],[-6.287114518391324,53.354723241788754],[-6.28743831032163,53.35510320950015],[-6.288031892285479,53.35625899707564],[-6.288825988140182,53.35715635513304]]},"properties":{"length_m":708.9}},{"type":"Feature","geometry":{"type":"LineString","coordinates":[[-6.2967385062108905,53.34824944063326],[-6.296137752416047,53.34823678680141]]},"properties":{"length_m":39.9}},{"type":"Feature","geometry":{"type":"LineString","coordinates":[[-6.292056744816564,53.34787236618151],[-6.291729999622012,53.34780500125724]]},"properties":{"length_m":23.0}},{"type":"Feature","geometry":{"type":"LineString","coordinates":[[-6.296279000445458,53.348115001341114],[-6.296743566898904,53.348134436408834]]},"properties":{"length_m":30.9}},{"type":"Feature","geometry":{"type":"LineString","coordinates":[[-6.272666941676448,53.33689804672523],[-6.272975621989485,53.33632356100802]]},"properties":{"length_m":66.8}},{"type":"Feature","geometry":{"type":"LineString","coordinates":[[-6.274800487713268,53.33396446308146],[-6.274859688513786,53.33381606655585]]},"properties":{"length_m":16.9}},{"type":"Feature","geometry":{"type":"LineString","coordinates":[[-6.275147638822271,53.331129571014124],[-6.275159791921464,53.33087197113874],[-6.2752374105697095,53.33053373156273]]},"properties":{"length_m":66.2}},{"type":"Feature","geometry":{"type":"LineString","coordinates":[[-6.2643180816653885,53.34414909331574],[-6.26432533381017,53.34293367795537],[-6.26442463320093,53.34249130297898],[-6.264944909809518,53.34179368290257]]},"properties":{"length_m":268.3}},{"type":"Feature","geometry":{"type":"LineString","coordinates":[[-6.265378357101415,53.341232945475106],[-6.265516202760098,53.34061700776205]]},"properties":{"length_m":68.7}},{"type":"Feature","geometry":{"type":"LineString","coordinates":[[-6.265829816439681,53.33807159334053],[-6.2657276847462215,53.33768744763339]]},"properties":{"length_m":43.0}},{"type":"Feature","geometry":{"type":"LineString","coordinates":[[-6.264521212832866,53.33148624931341],[-6.264382278463144,53.33102313604672]]},"properties":{"length_m":52.0}},{"type":"Feature","geometry":{"type":"LineString","coordinates":[[-6.26420526185171,53.32982397854262],[-6.264632785115846,53.32752678499418]]},"properties":{"length_m":255.6}},{"type":"Feature","geometry":{"type":"LineString","coordinates":[[-6.264803017112462,53.326711303420204],[-6.264906299452443,53.326148216973934]]},"properties":{"length_m":62.6}},{"type":"Feature","geometry":{"type":"LineString","coordinates":[[-6.264568035383639,53.33111964408472],[-6.264766497367306,53.33187176983187]]},"properties":{"length_m":84.2}},{"type":"Feature","geometry":{"type":"LineString","coordinates":[[-6.265150109200723,53.33357953591077],[-6.2653660175671755,53.33432740820392]]},"properties":{"length_m":83.9}},{"type":"Feature","geometry":{"type":"LineString","coordinates":[[-6.265954610558051,53.339397108853625],[-6.26576684064493,53.34029379591721]]},"properties":{"length_m":99.9}},{"type":"Feature","geometry":{"type":"LineString","coordinates":[[-6.26933797970133,53.3384745262707],[-6.269365890356066,53.33910214551784]]},"properties":{"length_m":69.4}},{"type":"Feature","geometry":{"type":"LineString","coordinates":[[-6.269464066082992,53.33939984005259],[-6.26984569429473,53.3398845768914],[-6.270055654537946,53.34047575002003]]},"properties":{"length_m":126.1}},{"type":"Feature","geometry":{"type":"LineString","coordinates":[[-6.273274301622787,53.35841877488227],[-6.273494735730608,53.35694978165793],[-6.273418821099729,53.355126898595294]]},"properties":{"length_m":364.7}},{"type":"Feature","geometry":{"type":"LineString","coordinates":[[-6.273418821099729,53.355126898595294],[-6.2733038336047295,53.3546374872701],[-6.273052120961279,53.354259849502725]]},"properties":{"length_m":99.6}},{"type":"Feature","geometry":{"type":"LineString","coordinates":[[-6.273052120961279,53.354259849502725],[-6.272880215298407,53.35400194402037],[-6.272898242939961,53.35339144829006]]},"properties":{"length_m":98.2}},{"type":"Feature","geometry":{"type":"LineString","coordinates":[[-6.267989998868904,53.35629000091786],[-6.268012798517708,53.35647560065771]]},"properties":{"length_m":20.6}},{"type":"Feature","geometry":{"type":"LineString","coordinates":[[-6.2806263469157395,53.359160561353434],[-6.284230000904909,53.358190000845774],[-6.288666022426441,53.357194912669065]]},"properties":{"length_m":577.0}},{"type":"Feature","geometry":{"type":"LineString","coordinates":[[-6.268569999821065,53.35502000105963],[-6.268390000395013,53.355350000497324]]},"properties":{"length_m":38.4}},{"type":"Feature","geometry":{"type":"LineString","coordinates":[[-6.236103940973645,53.33323804243783],[-6.236963695307705,53.33444449652332]]},"properties":{"length_m":145.1}},{"type":"Feature","geometry":{"type":"LineString","coordinates":[[-6.315951962882059,53.341925509022914],[-6.315702938755394,53.34194920724883]]},"properties":{"length_m":16.8}},{"type":"Feature","geometry":{"type":"LineString","coordinates":[[-6.256935779087872,53.33678754954866],[-6.257174545296618,53.33657148455566]]},"properties":{"length_m":28.7}},{"type":"Feature","geometry":{"type":"LineString","coordinates":[[-6.315702938755394,53.34194920724883],[-6.315550231297739,53.341949542802666]]},"properties":{"length_m":10.1}},{"type":"Feature","geometry":{"type":"LineString","coordinates":[[-6.2126504711313695,53.31893976241069],[-6.212474106023053,53.31884900857283]]},"properties":{"length_m":15.4}},{"type":"Feature","geometry":{"type":"LineString","coordinates":[[-6.288666022426441,53.357194912669065],[-6.288825988140182,53.35715635513304]]},"properties":{"length_m":11.5}},{"type":"Feature","geometry":{"type":"LineString","coordinates":[[-6.2905699995955615,53.356910001127225],[-6.290949999565342,53.356750000291456],[-6.292399999696948,53.355780000588126]]},"properties":{"length_m":175.0}},{"type":"Feature","geometry":{"type":"LineString","coordinates":[[-6.325170000151163,53.36363000027227],[-6.32362999927515,53.36466000110804],[-6.322523202413148,53.36503363340097]]},"properties":{"length_m":237.5}},{"type":"Feature","geometry":{"type":"LineString","coordinates":[[-6.3221295620614795,53.36516651844269],[-6.322060000592009,53.365190000991504]]},"properties":{"length_m":5.3}},{"type":"Feature","geometry":{"type":"LineString","coordinates":[[-6.263839999201,53.39304000090131],[-6.263879999712472,53.39333000131566]]},"properties":{"length_m":32.2}},{"type":"Feature","geometry":{"type":"LineString","coordinates":[[-6.26425000042794,53.394370001126646],[-6.264269999961471,53.394870001014276]]},"properties":{"length_m":55.3}},{"type":"Feature","geometry":{"type":"LineString","coordinates":[[-6.264050000979738,53.39638000062605],[-6.264029999829863,53.396720001445495]]},"properties":{"length_m":37.6}},{"type":"Feature","geometry":{"type":"LineString","coordinates":[[-6.26403999961877,53.39440000087787],[-6.264089999158541,53.39510000127205]]},"properties":{"length_m":77.5}},{"type":"Feature","geometry":{"type":"LineString","coordinates":[[-6.2640000000478935,53.39414000088261],[-6.26403999961877,53.39440000087787]]},"properties":{"length_m":28.9}},{"type":"Feature","geometry":{"type":"LineString","coordinates":[[-6.264360000899882,53.390290000726246],[-6.264089999581158,53.391120000803895],[-6.264059999265181,53.39187000080573]]},"properties":{"length_m":176.5}},{"type":"Feature","geometry":{"type":"LineString","coordinates":[[-6.264249999190632,53.39581000041101],[-6.2642300000491,53.39639000085223]]},"properties":{"length_m":64.1}},{"type":"Feature","geometry":{"type":"LineString","coordinates":[[-6.264029999829863,53.396720001445495],[-6.263959999911645,53.39781000106454]]},"properties":{"length_m":120.6}},{"type":"Feature","geometry":{"type":"LineString","coordinates":[[-6.263959999911645,53.39781000106454],[-6.263730000187286,53.39985000086468],[-6.263899999853737,53.40039000092231],[-6.26439000051024,53.40105000140599]]},"properties":{"length_m":366.8}},{"type":"Feature","geometry":{"type":"LineString","coordinates":[[-6.264270000211265,53.39531000070353],[-6.264249999190632,53.39581000041101]]},"properties":{"length_m":55.3}},{"type":"Feature","geometry":{"type":"LineString","coordinates":[[-6.264070000130232,53.39315000076037],[-6.2640899998872275,53.39330000096662]]},"properties":{"length_m":16.6}},{"type":"Feature","geometry":{"type":"LineString","coordinates":[[-6.264170000193835,53.397480001311244],[-6.263899999529481,53.39975000068286],[-6.2640200001821595,53.400170001306236],[-6.2646299996350985,53.40102000101679]]},"properties":{"length_m":401.1}},{"type":"Feature","geometry":{"type":"LineString","coordinates":[[-6.264269999961471,53.394870001014276],[-6.264270000211265,53.39531000070353]]},"properties":{"length_m":48.7}},{"type":"Feature","geometry":{"type":"LineString","coordinates":[[-6.264210000273306,53.3968200016457],[-6.264170000193835,53.397480001311244]]},"properties":{"length_m":73.0}},{"type":"Feature","geometry":{"type":"LineString","coordinates":[[-6.264699999333695,53.38911000106203],[-6.264169999776163,53.39024000116353]]},"properties":{"length_m":129.8}},{"type":"Feature","geometry":{"type":"LineString","coordinates":[[-6.2640899998872275,53.39330000096662],[-6.26420999959927,53.39411000119044]]},"properties":{"length_m":89.9}},{"type":"Feature","geometry":{"type":"LineString","coordinates":[[-6.264900000389049,53.38916000047211],[-6.264360000899882,53.390290000726246]]},"properties":{"length_m":130.0}},{"type":"Feature","geometry":{"type":"LineString","coordinates":[[-6.264169999776163,53.39024000116353],[-6.26389000012909,53.39092000039802],[-6.2637900002109905,53.39186000072543]]},"properties":{"length_m":181.6}},{"type":"Feature","geometry":{"type":"LineString","coordinates":[[-6.2833135939342535,53.37251148088589],[-6.283427013985807,53.37255818328587]]},"properties":{"length_m":9.1}},{"type":"Feature","geometry":{"type":"LineString","coordinates":[[-6.231908967866464,53.31922493674634],[-6.230625751781096,53.318333347382975]]},"properties":{"length_m":130.3}},{"type":"Feature","geometry":{"type":"LineString","coordinates":[[-6.23927239873635,53.3810554258994],[-6.237832400226013,53.38269542573028],[-6.236872358092363,53.38417199609762],[-6.236655201369773,53.38436349985969],[-6.236034442080158,53.38472944635093],[-6.2354114405065015,53.384935002601694],[-6.23243092879668,53.3855580833353],[-6.23014168373761,53.38572079720026],[-6.2281754374750635,53.38567815655124],[-6.22614933863018,53.385471359165166],[-6.2225068122174525,53.384853089984524]]},"properties":{"length_m":1392.7}},{"type":"Feature","geometry":{"type":"LineString","coordinates":[[-6.216497545184838,53.38431306109759],[-6.216232511795354,53.384296813699095]]},"properties":{"length_m":17.7}},{"type":"Feature","geometry":{"type":"LineString","coordinates":[[-6.306791416200487,53.364377374327304],[-6.304373702335142,53.363572135551244]]},"properties":{"length_m":183.7}},{"type":"Feature","geometry":{"type":"LineString","coordinates":[[-6.230399654422814,53.317850081160024],[-6.232155809090542,53.319116528153046]]},"properties":{"length_m":182.3}},{"type":"Feature","geometry":{"type":"LineString","coordinates":[[-6.222945477214676,53.31370903727679],[-6.223004591444982,53.31374075710799]]},"properties":{"length_m":5.3}},{"type":"Feature","geometry":{"type":"LineString","coordinates":[[-6.2657276847462215,53.33768744763339],[-6.26247733204542,53.3376483773023],[-6.259542406242552,53.33685835553513]]},"properties":{"length_m":429.7}},{"type":"Feature","geometry":{"type":"LineString","coordinates":[[-6.265692557243992,53.33755478016908],[-6.265500000104393,53.33756000080883]]},"properties":{"length_m":12.8}},{"type":"Feature","geometry":{"type":"LineString","coordinates":[[-6.260836283223578,53.337055409676815],[-6.26255245414722,53.33750232323486]]},"properties":{"length_m":124.3}},{"type":"Feature","geometry":{"type":"LineString","coordinates":[[-6.264730000717814,53.33763000097475],[-6.26459999930112,53.33763000105805]]},"properties":{"length_m":8.6}},{"type":"Feature","geometry":{"type":"LineString","coordinates":[[-6.266419733936157,53.33763269366796],[-6.265885206800223,53.33767363165047]]},"properties":{"length_m":35.8}},{"type":"Feature","geometry":{"type":"LineString","coordinates":[[-6.264760000007508,53.33755000084443],[-6.26461000083534,53.33755000127627]]},"properties":{"length_m":10.0}},{"type":"Feature","geometry":{"type":"LineString","coordinates":[[-6.183830000369387,53.40029000095015],[-6.183219999470237,53.40067000089167]]},"properties":{"length_m":58.4}},{"type":"Feature","geometry":{"type":"LineString","coordinates":[[-6.272369999578792,53.33995000130175],[-6.272377493844146,53.340429662189635]]},"properties":{"length_m":53.0}},{"type":"Feature","geometry":{"type":"LineString","coordinates":[[-6.272379999722649,53.340970000404305],[-6.272350000117277,53.341490001508475]]},"properties":{"length_m":57.5}},{"type":"Feature","geometry":{"type":"LineString","coordinates":[[-6.2723500000796895,53.341880000736055],[-6.2723200001993575,53.342230000777995]]},"properties":{"length_m":38.8}},{"type":"Feature","geometry":{"type":"LineString","coordinates":[[-6.232419999053098,53.32984000077258],[-6.232096322255243,53.329654362405805]]},"properties":{"length_m":29.7}},{"type":"Feature","geometry":{"type":"LineString","coordinates":[[-6.231538721190954,53.32936881276809],[-6.231301638496061,53.32927318283676]]},"properties":{"length_m":19.0}},{"type":"Feature","geometry":{"type":"LineString","coordinates":[[-6.345681667336142,53.325905972088094],[-6.345847789487083,53.32584979967548]]},"properties":{"length_m":12.7}},{"type":"Feature","geometry":{"type":"LineString","coordinates":[[-6.268040000518307,53.35606000153211],[-6.267989998868904,53.35629000091786]]},"properties":{"length_m":25.6}},{"type":"Feature","geometry":{"type":"LineString","coordinates":[[-6.297316232197025,53.301867461282804],[-6.2895093776104405,53.306652070606965]]},"properties":{"length_m":741.0}},{"type":"Feature","geometry":{"type":"LineString","coordinates":[[-6.303929523198686,53.357160747923096],[-6.304479999757197,53.35800000043193],[-6.309119999789875,53.36086000153449],[-6.310159999983862,53.36137000080114],[-6.318149999152173,53.36427000122795],[-6.319910000109167,53.364820000021574],[-6.322060000592009,53.365190000991504]]},"properties":{"length_m":1531.3}},{"type":"Feature","geometry":{"type":"LineString","coordinates":[[-6.296269999226663,53.35334000111621],[-6.297999999680562,53.35226000129637]]},"properties":{"length_m":165.8}},{"type":"Feature","geometry":{"type":"LineString","coordinates":[[-6.268390000395013,53.355350000497324],[-6.268310000089758,53.355490001051514]]},"properties":{"length_m":16.4}},{"type":"Feature","geometry":{"type":"LineString","coordinates":[[-6.268249999229507,53.35560000104834],[-6.268040000518307,53.35606000153211]]},"properties":{"length_m":52.7}},{"type":"Feature","geometry":{"type":"LineString","coordinates":[[-6.269535860430834,53.35042000835043],[-6.269733028541834,53.3506594650086],[-6.269754088283086,53.35077977035615]]},"properties":{"length_m":42.9}},{"type":"Feature","geometry":{"type":"LineString","coordinates":[[-6.266475284036578,53.37183362229104],[-6.268304371969036,53.3703524181788]]},"properties":{"length_m":204.0}},{"type":"Feature","geometry":{"type":"LineString","coordinates":[[-6.292399999696948,53.355780000588126],[-6.293689999731296,53.354970001061815]]},"properties":{"length_m":124.0}},{"type":"Feature","geometry":{"type":"LineString","coordinates":[[-6.265885206800223,53.33767363165047],[-6.2657276847462215,53.33768744763339]]},"properties":{"length_m":10.6}},{"type":"Feature","geometry":{"type":"LineString","coordinates":[[-6.32978999968685,53.32390000149658],[-6.330119999965669,53.32389000082102]]},"properties":{"length_m":22.0}},{"type":"Feature","geometry":{"type":"LineString","coordinates":[[-6.272189999925692,53.34193000072014],[-6.272200000994193,53.3416600008991]]},"properties":{"length_m":29.9}},{"type":"Feature","geometry":{"type":"LineString","coordinates":[[-6.29199000083566,53.38240000116617],[-6.294100000743348,53.38408000119887]]},"properties":{"length_m":232.7}},{"type":"Feature","geometry":{"type":"LineString","coordinates":[[-6.268012798517708,53.35647560065771],[-6.2680139532441785,53.35658270156016]]},"properties":{"length_m":11.8}},{"type":"Feature","geometry":{"type":"LineString","coordinates":[[-6.265989999578246,53.337560000886164],[-6.2663778462008795,53.33756190035605]]},"properties":{"length_m":25.8}},{"type":"Feature","geometry":{"type":"LineString","coordinates":[[-6.2646299996350985,53.40102000101679],[-6.264774688753012,53.4012266993184]]},"properties":{"length_m":24.8}},{"type":"Feature","geometry":{"type":"LineString","coordinates":[[-6.345463229886718,53.32597253143598],[-6.345681667336142,53.325905972088094]]},"properties":{"length_m":16.3}},{"type":"Feature","geometry":{"type":"LineString","coordinates":[[-6.34101999990822,53.323640000980326],[-6.343489999585628,53.32358000087894]]},"properties":{"length_m":164.3}},{"type":"Feature","geometry":{"type":"LineString","coordinates":[[-6.220813738447055,53.31133732762551],[-6.220901128730107,53.31146158084265]]},"properties":{"length_m":14.9}},{"type":"Feature","geometry":{"type":"LineString","coordinates":[[-6.289389999440104,53.38085000075091],[-6.291370000546506,53.381980001626445]]},"properties":{"length_m":181.4}},{"type":"Feature","geometry":{"type":"LineString","coordinates":[[-6.271673892954579,53.34282574242948],[-6.272180000241517,53.34207000111257]]},"properties":{"length_m":90.1}},{"type":"Feature","geometry":{"type":"LineString","coordinates":[[-6.272180000241517,53.34207000111257],[-6.272189999925692,53.34193000072014]]},"properties":{"length_m":15.5}},{"type":"Feature","geometry":{"type":"LineString","coordinates":[[-6.182589999969837,53.400790000535174],[-6.182330000682941,53.40095000104237]]},"properties":{"length_m":24.7}},{"type":"Feature","geometry":{"type":"LineString","coordinates":[[-6.182569999827739,53.40104000069316],[-6.180779999624093,53.40208000094835]]},"properties":{"length_m":165.4}},{"type":"Feature","geometry":{"type":"LineString","coordinates":[[-6.180029999792356,53.40245000102818],[-6.180489999049645,53.40208000065872]]},"properties":{"length_m":51.1}},{"type":"Feature","geometry":{"type":"LineString","coordinates":[[-6.308975589934478,53.34211837436358],[-6.313347546911365,53.342400502792366],[-6.315975205006437,53.34198200778286]]},"properties":{"length_m":472.8}},{"type":"Feature","geometry":{"type":"LineString","coordinates":[[-6.259627888892585,53.336734204090966],[-6.260836283223578,53.337055409676815]]},"properties":{"length_m":87.8}},{"type":"Feature","geometry":{"type":"LineString","coordinates":[[-6.343489999585628,53.32358000087894],[-6.343627904088604,53.323577879242684]]},"properties":{"length_m":9.2}},{"type":"Feature","geometry":{"type":"LineString","coordinates":[[-6.342916316412423,53.32665273237817],[-6.344979137677422,53.32610996422845]]},"properties":{"length_m":149.6}},{"type":"Feature","geometry":{"type":"LineString","coordinates":[[-6.2640699997907285,53.39587000085251],[-6.264050000979738,53.39638000062605]]},"properties":{"length_m":56.4}},{"type":"Feature","geometry":{"type":"LineString","coordinates":[[-6.181559999487638,53.401400000754066],[-6.182330000682941,53.40095000104237]]},"properties":{"length_m":71.4}},{"type":"Feature","geometry":{"type":"LineString","coordinates":[[-6.185149999285795,53.39931000110164],[-6.184549999560282,53.39980000121912]]},"properties":{"length_m":67.3}},{"type":"Feature","geometry":{"type":"LineString","coordinates":[[-6.336879999930273,53.323820001010326],[-6.336390000494625,53.323840001099704]]},"properties":{"length_m":32.6}},{"type":"Feature","geometry":{"type":"LineString","coordinates":[[-6.336390000494625,53.323840001099704],[-6.335699999795896,53.323860001438895]]},"properties":{"length_m":45.9}},{"type":"Feature","geometry":{"type":"LineString","coordinates":[[-6.265692557243992,53.33755478016908],[-6.2658493340075125,53.33755228831803]]},"properties":{"length_m":10.4}},{"type":"Feature","geometry":{"type":"LineString","coordinates":[[-6.264059999265181,53.39187000080573],[-6.264070000130232,53.39315000076037]]},"properties":{"length_m":141.5}},{"type":"Feature","geometry":{"type":"LineString","coordinates":[[-6.272379999361368,53.34079224438171],[-6.272379999722649,53.340970000404305]]},"properties":{"length_m":19.7}},{"type":"Feature","geometry":{"type":"LineString","coordinates":[[-6.226172840422774,53.31488192507397],[-6.226259914068774,53.314930289946474]]},"properties":{"length_m":7.9}},{"type":"Feature","geometry":{"type":"LineString","coordinates":[[-6.341019999988424,53.32373000000143],[-6.340080000528958,53.323750000779555]]},"properties":{"length_m":62.5}},{"type":"Feature","geometry":{"type":"LineString","coordinates":[[-6.272213149077343,53.3404546433448],[-6.272189999360321,53.34020000079533],[-6.272289999693414,53.33992000084966]]},"properties":{"length_m":59.9}},{"type":"Feature","geometry":{"type":"LineString","coordinates":[[-6.307129999503803,53.398820001006456],[-6.308189303313583,53.40014796737742]]},"properties":{"length_m":162.8}},{"type":"Feature","geometry":{"type":"LineString","coordinates":[[-6.336670000098664,53.32373000033772],[-6.338890000413439,53.32370000060007]]},"properties":{"length_m":147.6}},{"type":"Feature","geometry":{"type":"LineString","coordinates":[[-6.186980000239721,53.39734000113967],[-6.18699594774897,53.397387842548824]]},"properties":{"length_m":5.4}},{"type":"Feature","geometry":{"type":"LineString","coordinates":[[-6.183219999470237,53.40067000089167],[-6.182569999827739,53.40104000069316]]},"properties":{"length_m":59.5}},{"type":"Feature","geometry":{"type":"LineString","coordinates":[[-6.2725100001482526,53.33934000054303],[-6.272469631572972,53.338986983111575]]},"properties":{"length_m":39.1}},{"type":"Feature","geometry":{"type":"LineString","coordinates":[[-6.26255245414722,53.33750232323486],[-6.26319999930806,53.337550001190976]]},"properties":{"length_m":43.4}},{"type":"Feature","geometry":{"type":"LineString","coordinates":[[-6.2658493340075125,53.33755228831803],[-6.265989999578246,53.337560000886164]]},"properties":{"length_m":9.4}},{"type":"Feature","geometry":{"type":"LineString","coordinates":[[-6.344979137677422,53.32610996422845],[-6.345463229886718,53.32597253143598]]},"properties":{"length_m":35.6}},{"type":"Feature","geometry":{"type":"LineString","coordinates":[[-6.334680000256466,53.323880001124664],[-6.334230000520327,53.323890000606085]]},"properties":{"length_m":29.9}},{"type":"Feature","geometry":{"type":"LineString","coordinates":[[-6.26319999930806,53.337550001190976],[-6.26371000053716,53.33756000091137]]},"properties":{"length_m":33.9}},{"type":"Feature","geometry":{"type":"LineString","coordinates":[[-6.334230000520327,53.323890000606085],[-6.331389999928118,53.32395000066444]]},"properties":{"length_m":188.8}},{"type":"Feature","geometry":{"type":"LineString","coordinates":[[-6.340080000528958,53.323750000779555],[-6.336879999930273,53.323820001010326]]},"properties":{"length_m":212.8}},{"type":"Feature","geometry":{"type":"LineString","coordinates":[[-6.187038798070541,53.396756072629856],[-6.187420000151661,53.396360000289214]]},"properties":{"length_m":50.6}},{"type":"Feature","geometry":{"type":"LineString","coordinates":[[-6.331389999928118,53.32395000066444],[-6.329810000270862,53.324000001282876]]},"properties":{"length_m":105.1}},{"type":"Feature","geometry":{"type":"LineString","coordinates":[[-6.180489999049645,53.40208000065872],[-6.181559999487638,53.401400000754066]]},"properties":{"length_m":103.5}},{"type":"Feature","geometry":{"type":"LineString","coordinates":[[-6.2697675288580434,53.35148393521391],[-6.268418133359433,53.35295366116903],[-6.2670321146166135,53.35422748741015]]},"properties":{"length_m":353.9}},{"type":"Feature","geometry":{"type":"LineString","coordinates":[[-6.218705439592065,53.36683164901369],[-6.219211442215105,53.366777270941796]]},"properties":{"length_m":34.2}},{"type":"Feature","geometry":{"type":"LineString","coordinates":[[-6.183939999178813,53.39997000121536],[-6.184899999158288,53.39922000102684]]},"properties":{"length_m":104.6}},{"type":"Feature","geometry":{"type":"LineString","coordinates":[[-6.184549999560282,53.39980000121912],[-6.183830000369387,53.40029000095015]]},"properties":{"length_m":72.3}},{"type":"Feature","geometry":{"type":"LineString","coordinates":[[-6.268654880846614,53.37059088189451],[-6.2694299998398595,53.37154000057515],[-6.269187272713915,53.37195361763905],[-6.268509999776993,53.37273000107376],[-6.268740000397655,53.37376000049038],[-6.268649999644692,53.37442000069934],[-6.2687300002524005,53.3747600013577],[-6.269009999544585,53.37508000038794],[-6.270320000385302,53.37581000105032],[-6.269169999269856,53.37730000088185],[-6.268929999891484,53.3775200010192],[-6.2674600005062935,53.37826000085733],[-6.267080793302831,53.37870333844281]]},"properties":{"length_m":1040.4}},{"type":"Feature","geometry":{"type":"LineString","coordinates":[[-6.266768094328848,53.37906892012702],[-6.266099999794561,53.379850000800054]]},"properties":{"length_m":97.1}},{"type":"Feature","geometry":{"type":"LineString","coordinates":[[-6.288825988140182,53.35715635513304],[-6.2905699995955615,53.356910001127225]]},"properties":{"length_m":119.0}},{"type":"Feature","geometry":{"type":"LineString","coordinates":[[-6.272480000204782,53.35461000070404],[-6.2723099994526965,53.35497000096308],[-6.271770000500109,53.35524000085851]]},"properties":{"length_m":88.1}},{"type":"Feature","geometry":{"type":"LineString","coordinates":[[-6.280061833951169,53.359305769621464],[-6.2806263469157395,53.359160561353434]]},"properties":{"length_m":40.8}},{"type":"Feature","geometry":{"type":"LineString","coordinates":[[-6.281879999656497,53.3504700009349],[-6.282050000466541,53.35067000046619]]},"properties":{"length_m":24.8}},{"type":"Feature","geometry":{"type":"LineString","coordinates":[[-6.221200712956912,53.397582191719835],[-6.219822072788862,53.39731090920408]]},"properties":{"length_m":96.4}},{"type":"Feature","geometry":{"type":"LineString","coordinates":[[-6.184899999158288,53.39922000102684],[-6.185721670710195,53.39838311443517]]},"properties":{"length_m":107.4}},{"type":"Feature","geometry":{"type":"LineString","coordinates":[[-6.335699999795896,53.323860001438895],[-6.334680000256466,53.323880001124664]]},"properties":{"length_m":67.8}},{"type":"Feature","geometry":{"type":"LineString","coordinates":[[-6.334199999981568,53.323780001188894],[-6.33467000044859,53.323770000633075]]},"properties":{"length_m":31.3}},{"type":"Feature","geometry":{"type":"LineString","coordinates":[[-6.33467000044859,53.323770000633075],[-6.335689999954349,53.32376000114673]]},"properties":{"length_m":67.8}},{"type":"Feature","geometry":{"type":"LineString","coordinates":[[-6.330119999965669,53.32389000082102],[-6.332649999503962,53.32382000071835]]},"properties":{"length_m":168.3}},{"type":"Feature","geometry":{"type":"LineString","coordinates":[[-6.26461000083534,53.33755000127627],[-6.26371000053716,53.33756000091137]]},"properties":{"length_m":59.8}},{"type":"Feature","geometry":{"type":"LineString","coordinates":[[-6.272350000117277,53.341490001508475],[-6.272349999398104,53.341660000703534]]},"properties":{"length_m":18.8}},{"type":"Feature","geometry":{"type":"LineString","coordinates":[[-6.2642300000491,53.39639000085223],[-6.264210000273306,53.3968200016457]]},"properties":{"length_m":47.6}},{"type":"Feature","geometry":{"type":"LineString","coordinates":[[-6.264760000007508,53.33755000084443],[-6.265500000104393,53.33756000080883]]},"properties":{"length_m":49.2}},{"type":"Feature","geometry":{"type":"LineString","coordinates":[[-6.29338184872204,53.33221961214715],[-6.291441283640338,53.333511834644945]]},"properties":{"length_m":192.5}},{"type":"Feature","geometry":{"type":"LineString","coordinates":[[-6.262600000469191,53.35203000042071],[-6.261960000620308,53.35238000053581]]},"properties":{"length_m":57.5}},{"type":"Feature","geometry":{"type":"LineString","coordinates":[[-6.272089999742275,53.36655000145665],[-6.2724300002875895,53.36695000086363]]},"properties":{"length_m":49.7}},{"type":"Feature","geometry":{"type":"LineString","coordinates":[[-6.290381732615543,53.31954977981134],[-6.289592213284438,53.31969256533015],[-6.287072209019045,53.31998256489914],[-6.2846822043853905,53.321002564033265],[-6.2837022017466335,53.321882563322106],[-6.28333220089345,53.322092563571445],[-6.281352197642505,53.322752562524116],[-6.280072195417288,53.32361256216115],[-6.2785643539056055,53.32596078473224]]},"properties":{"length_m":1127.3}},{"type":"Feature","geometry":{"type":"LineString","coordinates":[[-6.264089999158541,53.39510000127205],[-6.2640699997907285,53.39587000085251]]},"properties":{"length_m":85.2}},{"type":"Feature","geometry":{"type":"LineString","coordinates":[[-6.272239999764894,53.34097000071224],[-6.27223999997742,53.34079912157034]]},"properties":{"length_m":18.9}},{"type":"Feature","geometry":{"type":"LineString","coordinates":[[-6.338890000413439,53.32370000060007],[-6.34101999990822,53.323640000980326]]},"properties":{"length_m":141.7}},{"type":"Feature","geometry":{"type":"LineString","coordinates":[[-6.333220000617764,53.323800001398894],[-6.334199999981568,53.323780001188894]]},"properties":{"length_m":65.2}},{"type":"Feature","geometry":{"type":"LineString","coordinates":[[-6.272209999993895,53.34149000089094],[-6.272239999764894,53.34097000071224]]},"properties":{"length_m":57.5}},{"type":"Feature","geometry":{"type":"LineString","coordinates":[[-6.343754644283464,53.32366138927874],[-6.341019999988424,53.32373000000143]]},"properties":{"length_m":181.9}},{"type":"Feature","geometry":{"type":"LineString","coordinates":[[-6.226259914068774,53.314930289946474],[-6.226630472233824,53.315115812387184],[-6.228584060289927,53.31657444285972]]},"properties":{"length_m":239.1}},{"type":"Feature","geometry":{"type":"LineString","coordinates":[[-6.2637900002109905,53.39186000072543],[-6.263839999201,53.39304000090131]]},"properties":{"length_m":130.5}},{"type":"Feature","geometry":{"type":"LineString","coordinates":[[-6.293989999953316,53.38412000126574],[-6.291909999881822,53.38251000038817]]},"properties":{"length_m":225.4}},{"type":"Feature","geometry":{"type":"LineString","coordinates":[[-6.2864700002247424,53.375760000755946],[-6.286524914983242,53.375877676658945]]},"properties":{"length_m":13.5}},{"type":"Feature","geometry":{"type":"LineString","coordinates":[[-6.29125000065721,53.38206000012546],[-6.289560000304205,53.38109000054295]]},"properties":{"length_m":155.3}},{"type":"Feature","geometry":{"type":"LineString","coordinates":[[-6.27138999932688,53.3673200004669],[-6.271120000717971,53.36729000131167]]},"properties":{"length_m":18.2}},{"type":"Feature","geometry":{"type":"LineString","coordinates":[[-6.272289999693414,53.33992000084966],[-6.2725100001482526,53.33934000054303]]},"properties":{"length_m":65.8}},{"type":"Feature","geometry":{"type":"LineString","coordinates":[[-6.250399999174149,53.34159000150019],[-6.250559999238344,53.3413500007599]]},"properties":{"length_m":28.6}},{"type":"Feature","geometry":{"type":"LineString","coordinates":[[-6.273151640447159,53.36794994185253],[-6.272749999760556,53.367560000877425],[-6.272420000326186,53.36746000090726]]},"properties":{"length_m":75.3}},{"type":"Feature","geometry":{"type":"LineString","coordinates":[[-6.338935728429933,53.36163088483734],[-6.333174543908951,53.363044346786765]]},"properties":{"length_m":413.5}},{"type":"Feature","geometry":{"type":"LineString","coordinates":[[-6.2931117164386405,53.33201791724808],[-6.291618064114505,53.33165055996384],[-6.284493036270955,53.33060859013207],[-6.279467953004879,53.329928069117024],[-6.2757576995555695,53.32960361928038]]},"properties":{"length_m":1185.9}},{"type":"Feature","geometry":{"type":"LineString","coordinates":[[-6.308236207163435,53.34546116151439],[-6.308261603731361,53.345908009905415]]},"properties":{"length_m":49.4}},{"type":"Feature","geometry":{"type":"LineString","coordinates":[[-6.3082892705183,53.346394802422566],[-6.3083162406810205,53.34686933795241]]},"properties":{"length_m":52.5}},{"type":"Feature","geometry":{"type":"LineString","coordinates":[[-6.272200000994193,53.3416600008991],[-6.272209999993895,53.34149000089094]]},"properties":{"length_m":18.8}},{"type":"Feature","geometry":{"type":"LineString","coordinates":[[-6.243929999850256,53.382250001113725],[-6.244361127168943,53.3823937101558]]},"properties":{"length_m":32.8}},{"type":"Feature","geometry":{"type":"LineString","coordinates":[[-6.2724300002875895,53.36695000086363],[-6.272739999582495,53.36729000107831]]},"properties":{"length_m":42.9}},{"type":"Feature","geometry":{"type":"LineString","coordinates":[[-6.271120000717971,53.36729000131167],[-6.270707117955215,53.36727989256075]]},"properties":{"length_m":27.5}},{"type":"Feature","geometry":{"type":"LineString","coordinates":[[-6.291370000546506,53.381980001626445],[-6.29199000083566,53.38240000116617]]},"properties":{"length_m":62.1}},{"type":"Feature","geometry":{"type":"LineString","coordinates":[[-6.272739999582495,53.36729000107831],[-6.2732568683792485,53.36789122915946]]},"properties":{"length_m":74.8}},{"type":"Feature","geometry":{"type":"LineString","coordinates":[[-6.248640000926708,53.34400000106396],[-6.249116610194256,53.344095323123625]]},"properties":{"length_m":33.4}},{"type":"Feature","geometry":{"type":"LineString","coordinates":[[-6.291930000552686,53.3461500006638],[-6.292309999148631,53.34609000072899]]},"properties":{"length_m":26.1}},{"type":"Feature","geometry":{"type":"LineString","coordinates":[[-6.296770000385724,53.36099000081489],[-6.2972700005042155,53.36113000128728]]},"properties":{"length_m":36.7}},{"type":"Feature","geometry":{"type":"LineString","coordinates":[[-6.293689999731296,53.354970001061815],[-6.296269999226663,53.35334000111621]]},"properties":{"length_m":248.8}},{"type":"Feature","geometry":{"type":"LineString","coordinates":[[-6.272659165688928,53.33936452817937],[-6.272369999578792,53.33995000130175]]},"properties":{"length_m":67.5}},{"type":"Feature","geometry":{"type":"LineString","coordinates":[[-6.265849999754123,53.38176000100639],[-6.2656999995244,53.38288000020763]]},"properties":{"length_m":124.2}},{"type":"Feature","geometry":{"type":"LineString","coordinates":[[-6.2656999995244,53.38288000020763],[-6.265259999559123,53.38480000067512]]},"properties":{"length_m":214.3}},{"type":"Feature","geometry":{"type":"LineString","coordinates":[[-6.265729999156939,53.380670001248745],[-6.265649999726236,53.38175000068578]]},"properties":{"length_m":119.5}},{"type":"Feature","geometry":{"type":"LineString","coordinates":[[-6.2982199989975705,53.345600000621985],[-6.298419999461121,53.34558000100702]]},"properties":{"length_m":13.5}},{"type":"Feature","geometry":{"type":"LineString","coordinates":[[-6.27231999954689,53.34225000109609],[-6.272120000113305,53.34268000140935]]},"properties":{"length_m":49.4}},{"type":"Feature","geometry":{"type":"LineString","coordinates":[[-6.272120000113305,53.34268000140935],[-6.272010058895393,53.342828072455795]]},"properties":{"length_m":17.9}},{"type":"Feature","geometry":{"type":"LineString","coordinates":[[-6.272010058895393,53.342828072455795],[-6.271873584328104,53.34301187915154]]},"properties":{"length_m":22.3}},{"type":"Feature","geometry":{"type":"LineString","coordinates":[[-6.273099999122369,53.35420000120997],[-6.273052120961279,53.354259849502725]]},"properties":{"length_m":7.3}},{"type":"Feature","geometry":{"type":"LineString","coordinates":[[-6.273052120961279,53.354259849502725],[-6.272940000875728,53.35440000099459]]},"properties":{"length_m":17.2}},{"type":"Feature","geometry":{"type":"LineString","coordinates":[[-6.272349999398104,53.341660000703534],[-6.2723500000796895,53.341880000736055]]},"properties":{"length_m":24.3}},{"type":"Feature","geometry":{"type":"LineString","coordinates":[[-6.197519999358003,53.38937000086839],[-6.197790000121803,53.38915000076816]]},"properties":{"length_m":30.2}},{"type":"Feature","geometry":{"type":"LineString","coordinates":[[-6.2612899991962845,53.352610001223326],[-6.259088626706566,53.347644373296774]]},"properties":{"length_m":568.2}},{"type":"Feature","geometry":{"type":"LineString","coordinates":[[-6.259442722928758,53.34755460705942],[-6.260320000075974,53.34965000022604],[-6.261377893952709,53.351827562687546]]},"properties":{"length_m":489.8}},{"type":"Feature","geometry":{"type":"LineString","coordinates":[[-6.283654056089216,53.372701044986144],[-6.283819729293436,53.3728162593218]]},"properties":{"length_m":16.8}},{"type":"Feature","geometry":{"type":"LineString","coordinates":[[-6.272736825327108,53.33883083143871],[-6.272734172808055,53.33891034513817]]},"properties":{"length_m":8.8}},{"type":"Feature","geometry":{"type":"LineString","coordinates":[[-6.272734172808055,53.33891034513817],[-6.272725334028524,53.33917530235236]]},"properties":{"length_m":29.3}},{"type":"Feature","geometry":{"type":"LineString","coordinates":[[-6.327220000443101,53.32421000107265],[-6.326449999796794,53.32430000066601]]},"properties":{"length_m":52.1}},{"type":"Feature","geometry":{"type":"LineString","coordinates":[[-6.291909999881822,53.38251000038817],[-6.29125000065721,53.38206000012546]]},"properties":{"length_m":66.3}},{"type":"Feature","geometry":{"type":"LineString","coordinates":[[-6.289560000304205,53.38109000054295],[-6.288860000281547,53.38059000082967],[-6.2882547156933795,53.37984017033987]]},"properties":{"length_m":164.4}},{"type":"Feature","geometry":{"type":"LineString","coordinates":[[-6.295033144683217,53.38496928803978],[-6.293989999953316,53.38412000126574]]},"properties":{"length_m":116.7}},{"type":"Feature","geometry":{"type":"LineString","coordinates":[[-6.287538671477027,53.37797009199122],[-6.287518569202389,53.377787734477465]]},"properties":{"length_m":20.2}},{"type":"Feature","geometry":{"type":"LineString","coordinates":[[-6.226373802340546,53.36860632022089],[-6.225769999622846,53.369070000862]]},"properties":{"length_m":65.1}},{"type":"Feature","geometry":{"type":"LineString","coordinates":[[-6.296149999976756,53.34579000065189],[-6.296540000776498,53.345760001072435]]},"properties":{"length_m":26.1}},{"type":"Feature","geometry":{"type":"LineString","coordinates":[[-6.28626134197251,53.37522583440628],[-6.2864700002247424,53.375760000755946]]},"properties":{"length_m":60.7}},{"type":"Feature","geometry":{"type":"LineString","coordinates":[[-6.2944300008224845,53.38434000108131],[-6.295115049919117,53.38487679348455]]},"properties":{"length_m":74.8}},{"type":"Feature","geometry":{"type":"LineString","coordinates":[[-6.292330000068292,53.346150001047334],[-6.292030000013007,53.346200001070805]]},"properties":{"length_m":20.7}},{"type":"Feature","geometry":{"type":"LineString","coordinates":[[-6.183649999952018,53.400160000896136],[-6.183939999178813,53.39997000121536]]},"properties":{"length_m":28.5}},{"type":"Feature","geometry":{"type":"LineString","coordinates":[[-6.248231694811635,53.32915195358541],[-6.250010955026589,53.32951088790138],[-6.251113713943494,53.329923052401],[-6.251990217577503,53.33058150473916],[-6.252434817366594,53.331353808003016]]},"properties":{"length_m":394.6}},{"type":"Feature","geometry":{"type":"LineString","coordinates":[[-6.272734172808055,53.33891034513817],[-6.273055081272086,53.33901292964403],[-6.274592243126759,53.33930872125125]]},"properties":{"length_m":131.4}},{"type":"Feature","geometry":{"type":"LineString","coordinates":[[-6.271379999638288,53.33836000042922],[-6.272200000600947,53.33841000133643]]},"properties":{"length_m":54.8}},{"type":"Feature","geometry":{"type":"LineString","coordinates":[[-6.2524735868310515,53.331856601629184],[-6.251971163672489,53.331299249018194],[-6.251355371765356,53.33118852928068],[-6.250819907318592,53.330624441884375],[-6.248328323618345,53.32936908826187]]},"properties":{"length_m":400.7}},{"type":"Feature","geometry":{"type":"LineString","coordinates":[[-6.246640000164705,53.34360000117329],[-6.248640000926708,53.34400000106396]]},"properties":{"length_m":140.1}},{"type":"Feature","geometry":{"type":"LineString","coordinates":[[-6.232237135731334,53.32954764988465],[-6.232415307062237,53.32965350121317]]},"properties":{"length_m":16.6}},{"type":"Feature","geometry":{"type":"LineString","coordinates":[[-6.273879999786704,53.35133000079776],[-6.273660000638009,53.35164000068708]]},"properties":{"length_m":37.3}},{"type":"Feature","geometry":{"type":"LineString","coordinates":[[-6.199090000967773,53.388300000604765],[-6.197680000042105,53.389450001683144]]},"properties":{"length_m":158.0}},{"type":"Feature","geometry":{"type":"LineString","coordinates":[[-6.287920000466909,53.34352000157601],[-6.286669912346427,53.34360354854912]]},"properties":{"length_m":83.6}},{"type":"Feature","geometry":{"type":"LineString","coordinates":[[-6.192219999683851,53.39280000067652],[-6.192889999944252,53.39250000097037]]},"properties":{"length_m":55.5}},{"type":"Feature","geometry":{"type":"LineString","coordinates":[[-6.292030000013007,53.346200001070805],[-6.2918099999449355,53.346240000533605]]},"properties":{"length_m":15.3}},{"type":"Feature","geometry":{"type":"LineString","coordinates":[[-6.264940000128309,53.38593000045303],[-6.265060000373333,53.38727000100815]]},"properties":{"length_m":148.4}},{"type":"Feature","geometry":{"type":"LineString","coordinates":[[-6.203860000065988,53.38359000046904],[-6.20320000009521,53.38418000154061],[-6.202179999700581,53.38578000150453]]},"properties":{"length_m":268.1}},{"type":"Feature","geometry":{"type":"LineString","coordinates":[[-6.291132582155325,53.34664076820076],[-6.2914633107306415,53.34621503257506],[-6.291779999767153,53.34617000064209]]},"properties":{"length_m":73.6}},{"type":"Feature","geometry":{"type":"LineString","coordinates":[[-6.187570000406326,53.39644000109145],[-6.187405059063253,53.39665724056085]]},"properties":{"length_m":26.4}},{"type":"Feature","geometry":{"type":"LineString","coordinates":[[-6.246084664659297,53.39282959166166],[-6.245809884358529,53.3939324193537]]},"properties":{"length_m":123.3}},{"type":"Feature","geometry":{"type":"LineString","coordinates":[[-6.241795476479626,53.31857679897276],[-6.241623981420542,53.31857066371542]]},"properties":{"length_m":11.4}},{"type":"Feature","geometry":{"type":"LineString","coordinates":[[-6.332163983260565,53.31722976784644],[-6.331979390389939,53.31750438095463],[-6.331803952784224,53.3176054808145]]},"properties":{"length_m":48.9}},{"type":"Feature","geometry":{"type":"LineString","coordinates":[[-6.369524700353118,53.34350683645484],[-6.371891240791857,53.34371174274881]]},"properties":{"length_m":158.9}},{"type":"Feature","geometry":{"type":"LineString","coordinates":[[-6.372338302559035,53.34375045147671],[-6.372822333562182,53.34379236117636],[-6.37688858422037,53.344412324075314]]},"properties":{"length_m":311.3}},{"type":"Feature","geometry":{"type":"LineString","coordinates":[[-6.248138823456208,53.35572678193451],[-6.250241416366094,53.35729259352108],[-6.250881415627716,53.357562593377786]]},"properties":{"length_m":274.4}},{"type":"Feature","geometry":{"type":"LineString","coordinates":[[-6.250931414422172,53.357572593923635],[-6.251947233775151,53.35778279671469]]},"properties":{"length_m":71.4}},{"type":"Feature","geometry":{"type":"LineString","coordinates":[[-6.291441283640338,53.333511834644945],[-6.290905611408917,53.33388407596639]]},"properties":{"length_m":54.4}},{"type":"Feature","geometry":{"type":"LineString","coordinates":[[-6.289443004299016,53.335611014138316],[-6.289145246607854,53.33593109255244],[-6.287712024979817,53.336751629255026],[-6.286688282836311,53.33713717164741]]},"properties":{"length_m":252.4}},{"type":"Feature","geometry":{"type":"LineString","coordinates":[[-6.274891203086339,53.33936354962874],[-6.274626922702356,53.33940945634351]]},"properties":{"length_m":18.3}},{"type":"Feature","geometry":{"type":"LineString","coordinates":[[-6.241560818138808,53.350874460937256],[-6.244785491417804,53.35326833204141]]},"properties":{"length_m":340.6}},{"type":"Feature","geometry":{"type":"LineString","coordinates":[[-6.297194542658633,53.34814913778095],[-6.30521542659378,53.348293287463584],[-6.308119689149303,53.348194261354]]},"properties":{"length_m":726.5}},{"type":"Feature","geometry":{"type":"LineString","coordinates":[[-6.259530565800821,53.36182197644837],[-6.2581002993435915,53.36336343178305]]},"properties":{"length_m":195.2}},{"type":"Feature","geometry":{"type":"LineString","coordinates":[[-6.255593472108753,53.367054496924474],[-6.255508024803421,53.36777340651764]]},"properties":{"length_m":79.7}},{"type":"Feature","geometry":{"type":"LineString","coordinates":[[-6.279252920785123,53.31101234438512],[-6.27758362496785,53.311442979456906]]},"properties":{"length_m":120.7}},{"type":"Feature","geometry":{"type":"LineString","coordinates":[[-6.22930416006677,53.36514586989881],[-6.229187895001556,53.36547360132134],[-6.228857895822192,53.366053601118544],[-6.227947896576868,53.36730360152236],[-6.227561899877967,53.36766442509546]]},"properties":{"length_m":303.1}},{"type":"Feature","geometry":{"type":"LineString","coordinates":[[-6.212733728151431,53.31885291470094],[-6.214393233194672,53.31980311547569]]},"properties":{"length_m":152.3}},{"type":"Feature","geometry":{"type":"LineString","coordinates":[[-6.21525870540579,53.320298668272514],[-6.216453726084256,53.32098291420425],[-6.2193637256385195,53.3231429129718],[-6.223483723600963,53.325602911200264],[-6.225223724311627,53.32721291052387],[-6.226278761814926,53.32763575470283],[-6.229557441349096,53.32851111159999]]},"properties":{"length_m":1337.9}},{"type":"Feature","geometry":{"type":"LineString","coordinates":[[-6.229969408241252,53.32862110041002],[-6.2301603660086835,53.32867208319045]]},"properties":{"length_m":13.9}},{"type":"Feature","geometry":{"type":"LineString","coordinates":[[-6.291779999767153,53.34617000064209],[-6.291930000552686,53.3461500006638]]},"properties":{"length_m":10.2}},{"type":"Feature","geometry":{"type":"LineString","coordinates":[[-6.245678870018584,53.32822223495106],[-6.245508076268087,53.328323462528736],[-6.245189998521107,53.3289634028236],[-6.2434167530812115,53.33314086851291]]},"properties":{"length_m":566.5}},{"type":"Feature","geometry":{"type":"LineString","coordinates":[[-6.252119999362258,53.341650000836076],[-6.251009999712527,53.34128000087885]]},"properties":{"length_m":84.3}},{"type":"Feature","geometry":{"type":"LineString","coordinates":[[-6.283567408547966,53.30999261695832],[-6.282685499120083,53.311968876216774],[-6.282279663144063,53.313446643343966],[-6.2825716289863855,53.3142022932052],[-6.282489974624749,53.31456800559125],[-6.281946777553651,53.31537739991775],[-6.2799867780008976,53.31748243914665],[-6.2790355299862695,53.31890887996835],[-6.278813886435736,53.31997336240287],[-6.278884531712313,53.320323382276825]]},"properties":{"length_m":1209.2}},{"type":"Feature","geometry":{"type":"LineString","coordinates":[[-6.271120379880974,53.35044392594378],[-6.2703847763638025,53.35076600851537],[-6.270035964277615,53.35103925697974]]},"properties":{"length_m":98.6}},{"type":"Feature","geometry":{"type":"LineString","coordinates":[[-6.251009999712527,53.34128000087885],[-6.250699999375461,53.34116000145973]]},"properties":{"length_m":24.5}},{"type":"Feature","geometry":{"type":"LineString","coordinates":[[-6.2693871588751575,53.338290382079435],[-6.26933797970133,53.3384745262707]]},"properties":{"length_m":20.6}},{"type":"Feature","geometry":{"type":"LineString","coordinates":[[-6.347666083560865,53.342448167355],[-6.345836561351207,53.34254485667882],[-6.345056561607254,53.342494857417655]]},"properties":{"length_m":174.2}},{"type":"Feature","geometry":{"type":"LineString","coordinates":[[-6.244878394612707,53.387956883146735],[-6.245678852057049,53.38847658254567],[-6.246278852118634,53.38977658314658]]},"properties":{"length_m":227.5}},{"type":"Feature","geometry":{"type":"LineString","coordinates":[[-6.26439000051024,53.40105000140599],[-6.263840329533636,53.40110577337446]]},"properties":{"length_m":37.0}},{"type":"Feature","geometry":{"type":"LineString","coordinates":[[-6.272330929962704,53.34304688188732],[-6.274501444001832,53.34345162841313]]},"properties":{"length_m":151.0}},{"type":"Feature","geometry":{"type":"LineString","coordinates":[[-6.2965409325970425,53.36091178547866],[-6.296770000385724,53.36099000081489]]},"properties":{"length_m":17.5}},{"type":"Feature","geometry":{"type":"LineString","coordinates":[[-6.255671030819856,53.338394201427086],[-6.255689999475846,53.338540001112875],[-6.255920000215424,53.33869000065054]]},"properties":{"length_m":38.7}},{"type":"Feature","geometry":{"type":"LineString","coordinates":[[-6.293607727322392,53.33208190857304],[-6.296640664660515,53.33298690362898],[-6.298104967772737,53.333492323764034]]},"properties":{"length_m":337.2}},{"type":"Feature","geometry":{"type":"LineString","coordinates":[[-6.299034792458751,53.333813262860915],[-6.29974066469254,53.3340569023347],[-6.304170664111052,53.33576690017461],[-6.306190662758862,53.33643689959203],[-6.306493603715498,53.336656976162956]]},"properties":{"length_m":588.9}},{"type":"Feature","geometry":{"type":"LineString","coordinates":[[-6.288825988140182,53.35715635513304],[-6.289451285980227,53.35755961886784]]},"properties":{"length_m":60.9}},{"type":"Feature","geometry":{"type":"LineString","coordinates":[[-6.293778994897557,53.35977115738357],[-6.29472222724817,53.36021275750336]]},"properties":{"length_m":79.5}},{"type":"Feature","geometry":{"type":"LineString","coordinates":[[-6.254864634475933,53.32524474451832],[-6.25497494983256,53.32533428607767]]},"properties":{"length_m":12.3}},{"type":"Feature","geometry":{"type":"LineString","coordinates":[[-6.25988653120904,53.33003996720246],[-6.260016493425401,53.33020380490434]]},"properties":{"length_m":20.1}},{"type":"Feature","geometry":{"type":"LineString","coordinates":[[-6.263207132062411,53.33249177925806],[-6.2633664554662625,53.33259998890191]]},"properties":{"length_m":16.0}},{"type":"Feature","geometry":{"type":"LineString","coordinates":[[-6.330948431968465,53.34244346244215],[-6.331452703366611,53.342558963574376]]},"properties":{"length_m":35.9}},{"type":"Feature","geometry":{"type":"LineString","coordinates":[[-6.339865793484541,53.34200652056994],[-6.3408244752628224,53.34182992049555],[-6.3424344734330855,53.34185992219921],[-6.3440444717002356,53.34226992233825],[-6.345061640969417,53.3424176462983]]},"properties":{"length_m":359.4}},{"type":"Feature","geometry":{"type":"LineString","coordinates":[[-6.270707117955215,53.36727989256075],[-6.269053057214725,53.36973903967856]]},"properties":{"length_m":293.3}},{"type":"Feature","geometry":{"type":"LineString","coordinates":[[-6.182589999969837,53.400790000535174],[-6.183649999952018,53.400160000896136]]},"properties":{"length_m":99.1}},{"type":"Feature","geometry":{"type":"LineString","coordinates":[[-6.216232511795354,53.384296813699095],[-6.216149554727141,53.38428711772092]]},"properties":{"length_m":5.6}},{"type":"Feature","geometry":{"type":"LineString","coordinates":[[-6.209959879925443,53.369158509759615],[-6.210915680383836,53.36864509131416]]},"properties":{"length_m":85.2}},{"type":"Feature","geometry":{"type":"LineString","coordinates":[[-6.2133955064315405,53.36771782524254],[-6.214855441521182,53.367331649174],[-6.217585440763243,53.36715164929525],[-6.218705439592065,53.36683164901369]]},"properties":{"length_m":370.9}},{"type":"Feature","geometry":{"type":"LineString","coordinates":[[-6.251029937493241,53.323689049967626],[-6.25205080440602,53.324086217357014]]},"properties":{"length_m":80.8}},{"type":"Feature","geometry":{"type":"LineString","coordinates":[[-6.25358938942774,53.324684802528886],[-6.2539365280880315,53.3248198565244]]},"properties":{"length_m":27.5}},{"type":"Feature","geometry":{"type":"LineString","coordinates":[[-6.252498204349814,53.332005037392854],[-6.251771306390625,53.332213073895176]]},"properties":{"length_m":53.5}},{"type":"Feature","geometry":{"type":"LineString","coordinates":[[-6.150916366971405,53.38202447737622],[-6.157545367721284,53.380840382478986],[-6.1602077513874685,53.380478506159456]]},"properties":{"length_m":640.9}},{"type":"Feature","geometry":{"type":"LineString","coordinates":[[-6.164604434500355,53.380013987341876],[-6.166793465791596,53.37981557368162],[-6.169475475303575,53.379864327544354],[-6.173257353190564,53.38033573860451],[-6.174886303496007,53.380290561702395]]},"properties":{"length_m":690.4}},{"type":"Feature","geometry":{"type":"LineString","coordinates":[[-6.177001962433448,53.380163072532135],[-6.178000319077971,53.379911310021924]]},"properties":{"length_m":71.9}},{"type":"Feature","geometry":{"type":"LineString","coordinates":[[-6.245258130732117,53.39722578500538],[-6.245210665029496,53.39731056156809]]},"properties":{"length_m":9.9}},{"type":"Feature","geometry":{"type":"LineString","coordinates":[[-6.315037261244807,53.3262376720991],[-6.315440756421507,53.32611201416327],[-6.315583443809518,53.32604617369464]]},"properties":{"length_m":42.2}},{"type":"Feature","geometry":{"type":"LineString","coordinates":[[-6.265069999946183,53.38476000068533],[-6.264940000128309,53.38593000045303]]},"properties":{"length_m":129.7}},{"type":"Feature","geometry":{"type":"LineString","coordinates":[[-6.192609999499345,53.392780000922215],[-6.19136999935861,53.39334000062469]]},"properties":{"length_m":103.1}},{"type":"Feature","geometry":{"type":"LineString","coordinates":[[-6.271873584328104,53.34301187915154],[-6.270630381542224,53.34315775147357],[-6.270296342093572,53.343308923644415],[-6.270221229422831,53.343405731898834]]},"properties":{"length_m":123.8}},{"type":"Feature","geometry":{"type":"LineString","coordinates":[[-6.269913438588186,53.343691327206486],[-6.267876921112347,53.344088724528696],[-6.267457573397637,53.344129512152136]]},"properties":{"length_m":170.5}},{"type":"Feature","geometry":{"type":"LineString","coordinates":[[-6.265685978941284,53.344221846965205],[-6.26444037664562,53.344227750417524]]},"properties":{"length_m":82.8}},{"type":"Feature","geometry":{"type":"LineString","coordinates":[[-6.223960000420289,53.37065000142423],[-6.224389999384404,53.370180001253225]]},"properties":{"length_m":59.3}},{"type":"Feature","geometry":{"type":"LineString","coordinates":[[-6.2785643539056055,53.32596078473224],[-6.27828090869672,53.326321285205815]]},"properties":{"length_m":44.1}},{"type":"Feature","geometry":{"type":"LineString","coordinates":[[-6.265920000855438,53.380680000912385],[-6.265849999754123,53.38176000100639]]},"properties":{"length_m":119.5}},{"type":"Feature","geometry":{"type":"LineString","coordinates":[[-6.265259999559123,53.38480000067512],[-6.265129999505284,53.38594000028315]]},"properties":{"length_m":126.3}},{"type":"Feature","geometry":{"type":"LineString","coordinates":[[-6.272330929962704,53.34304688188732],[-6.271873584328104,53.34301187915154]]},"properties":{"length_m":30.6}},{"type":"Feature","geometry":{"type":"LineString","coordinates":[[-6.2387733019906255,53.34265382131395],[-6.238549413891838,53.34356234852428]]},"properties":{"length_m":101.6}},{"type":"Feature","geometry":{"type":"LineString","coordinates":[[-6.2800076212419365,53.35940066350595],[-6.27532375865758,53.360708765266196]]},"properties":{"length_m":343.2}},{"type":"Feature","geometry":{"type":"LineString","coordinates":[[-6.25641186901254,53.33743367135426],[-6.256068557712856,53.33784511652465]]},"properties":{"length_m":50.9}},{"type":"Feature","geometry":{"type":"LineString","coordinates":[[-6.223583533550683,53.366111653999916],[-6.222331968566369,53.36658813250235],[-6.22134361579181,53.36678965722856],[-6.219266449669278,53.366830875559906]]},"properties":{"length_m":305.9}},{"type":"Feature","geometry":{"type":"LineString","coordinates":[[-6.3339721794478425,53.36943384396077],[-6.333675882979966,53.37063908245068]]},"properties":{"length_m":134.7}},{"type":"Feature","geometry":{"type":"LineString","coordinates":[[-6.269433084797564,53.33809077605984],[-6.2705451919833175,53.338273491622054]]},"properties":{"length_m":76.6}},{"type":"Feature","geometry":{"type":"LineString","coordinates":[[-6.32565999901328,53.342130000553006],[-6.327987287554992,53.34222260236723]]},"properties":{"length_m":155.0}},{"type":"Feature","geometry":{"type":"LineString","coordinates":[[-6.274866808604599,53.3432448621118],[-6.276130172438124,53.34304715728921]]},"properties":{"length_m":86.7}},{"type":"Feature","geometry":{"type":"LineString","coordinates":[[-6.274501444001832,53.34345162841313],[-6.276106748065966,53.343162101954874]]},"properties":{"length_m":111.4}},{"type":"Feature","geometry":{"type":"LineString","coordinates":[[-6.271120379880974,53.35044392594378],[-6.272503086482693,53.350159985987084],[-6.273614713170897,53.35008038284819]]},"properties":{"length_m":171.5}},{"type":"Feature","geometry":{"type":"LineString","coordinates":[[-6.2533429842575785,53.30816324412474],[-6.251355172919901,53.308406062900595],[-6.250797972014442,53.308571119139096],[-6.249025872573091,53.309562340133354]]},"properties":{"length_m":336.9}},{"type":"Feature","geometry":{"type":"LineString","coordinates":[[-6.248331331050991,53.31017750287576],[-6.248240136826452,53.31028035617084]]},"properties":{"length_m":12.9}},{"type":"Feature","geometry":{"type":"LineString","coordinates":[[-6.2265849553581845,53.34176723090087],[-6.2259026029494935,53.34121639829895]]},"properties":{"length_m":75.9}},{"type":"Feature","geometry":{"type":"LineString","coordinates":[[-6.297229999213465,53.34577000066635],[-6.296149999077283,53.34586000149687]]},"properties":{"length_m":72.5}},{"type":"Feature","geometry":{"type":"LineString","coordinates":[[-6.2732568683792485,53.36789122915946],[-6.274433005831485,53.36837640244917]]},"properties":{"length_m":94.8}},{"type":"Feature","geometry":{"type":"LineString","coordinates":[[-6.268081709074665,53.35686788406485],[-6.2681854311092655,53.35709973243706],[-6.269835432954851,53.35893973173837],[-6.26969820075061,53.36040873510086],[-6.26984309282786,53.36054258510542]]},"properties":{"length_m":438.0}},{"type":"Feature","geometry":{"type":"LineString","coordinates":[[-6.274185754418774,53.343230539847184],[-6.274485640371541,53.34325044033858]]},"properties":{"length_m":20.0}},{"type":"Feature","geometry":{"type":"LineString","coordinates":[[-6.227975638863545,53.36866682954178],[-6.226549999943983,53.368480001390246]]},"properties":{"length_m":97.0}},{"type":"Feature","geometry":{"type":"LineString","coordinates":[[-6.226951900571818,53.36877136982564],[-6.228010814012649,53.36872351993602]]},"properties":{"length_m":70.6}},{"type":"Feature","geometry":{"type":"LineString","coordinates":[[-6.285429911144982,53.34358354806661],[-6.281935529438789,53.34335784487156],[-6.281715930236393,53.34331621241775]]},"properties":{"length_m":248.8}},{"type":"Feature","geometry":{"type":"LineString","coordinates":[[-6.281004103380574,53.34318126156923],[-6.27919966875414,53.34283916997495]]},"properties":{"length_m":125.7}},{"type":"Feature","geometry":{"type":"LineString","coordinates":[[-6.252631012011188,53.34954882341261],[-6.252052354568768,53.34945823034584]]},"properties":{"length_m":39.7}},{"type":"Feature","geometry":{"type":"LineString","coordinates":[[-6.264504172066852,53.32991078879813],[-6.272426641554967,53.32947936542542],[-6.275357180657558,53.32946527525039]]},"properties":{"length_m":723.3}},{"type":"Feature","geometry":{"type":"LineString","coordinates":[[-6.226549999943983,53.368480001390246],[-6.226373802340546,53.36860632022089]]},"properties":{"length_m":18.2}},{"type":"Feature","geometry":{"type":"LineString","coordinates":[[-6.3253200008087145,53.34205000053642],[-6.327989999493767,53.342090000431696]]},"properties":{"length_m":177.5}},{"type":"Feature","geometry":{"type":"LineString","coordinates":[[-6.2918099999449355,53.346240000533605],[-6.291500000013796,53.346370000899896],[-6.291300909258173,53.34670483542133]]},"properties":{"length_m":64.4}},{"type":"Feature","geometry":{"type":"LineString","coordinates":[[-6.223340000421804,53.371270001278205],[-6.223960000420289,53.37065000142423]]},"properties":{"length_m":80.0}},{"type":"Feature","geometry":{"type":"LineString","coordinates":[[-6.321786857581346,53.32483929899245],[-6.321132078075091,53.324889931256806]]},"properties":{"length_m":43.9}},{"type":"Feature","geometry":{"type":"LineString","coordinates":[[-6.256935779087872,53.33678754954866],[-6.256872576416132,53.33685991440042]]},"properties":{"length_m":9.0}},{"type":"Feature","geometry":{"type":"LineString","coordinates":[[-6.298709999944481,53.36175000110806],[-6.30001000013525,53.362150000188294]]},"properties":{"length_m":97.0}},{"type":"Feature","geometry":{"type":"LineString","coordinates":[[-6.265060000373333,53.38727000100815],[-6.265159999749125,53.388050000308695],[-6.265020000453946,53.38851000154432]]},"properties":{"length_m":138.2}},{"type":"Feature","geometry":{"type":"LineString","coordinates":[[-6.281761953953736,53.34144781266206],[-6.282031953747607,53.341037811899426],[-6.282621953156101,53.34072781248551],[-6.283029610116336,53.34064438513174]]},"properties":{"length_m":129.4}},{"type":"Feature","geometry":{"type":"LineString","coordinates":[[-6.179870230759884,53.403218394251134],[-6.1794677807599845,53.40330851520329],[-6.179161656334325,53.403724268873184]]},"properties":{"length_m":78.8}},{"type":"Feature","geometry":{"type":"LineString","coordinates":[[-6.2663778462008795,53.33756190035605],[-6.268195480630837,53.337639985203644],[-6.269204244301359,53.33798732059297]]},"properties":{"length_m":198.3}},{"type":"Feature","geometry":{"type":"LineString","coordinates":[[-6.24631096323875,53.39156694594293],[-6.246084664659297,53.39282959166166]]},"properties":{"length_m":140.4}},{"type":"Feature","geometry":{"type":"LineString","coordinates":[[-6.332649999503962,53.32382000071835],[-6.333220000617764,53.323800001398894]]},"properties":{"length_m":37.9}},{"type":"Feature","geometry":{"type":"LineString","coordinates":[[-6.255916655951468,53.338042984290965],[-6.255671030819856,53.338394201427086]]},"properties":{"length_m":42.1}},{"type":"Feature","geometry":{"type":"LineString","coordinates":[[-6.189260000301345,53.3945800005919],[-6.188639999729745,53.39515000048327],[-6.187570000406326,53.39644000109145]]},"properties":{"length_m":234.7}},{"type":"Feature","geometry":{"type":"LineString","coordinates":[[-6.3281599995615405,53.34209000092297],[-6.328732525166122,53.34213533733378]]},"properties":{"length_m":38.4}},{"type":"Feature","geometry":{"type":"LineString","coordinates":[[-6.3281599995615405,53.34209000092297],[-6.327989999493767,53.342090000431696]]},"properties":{"length_m":11.3}},{"type":"Feature","geometry":{"type":"LineString","coordinates":[[-6.32872293813805,53.34225066344643],[-6.3283490139900005,53.342239005083904]]},"properties":{"length_m":24.9}},{"type":"Feature","geometry":{"type":"LineString","coordinates":[[-6.187420000151661,53.396360000289214],[-6.188549999611574,53.39498000090949],[-6.188999999977439,53.394590001359276]]},"properties":{"length_m":222.5}},{"type":"Feature","geometry":{"type":"LineString","coordinates":[[-6.252434817366594,53.331353808003016],[-6.2526912055240444,53.331783216406464]]},"properties":{"length_m":50.4}},{"type":"Feature","geometry":{"type":"LineString","coordinates":[[-6.279118456497483,53.37033289461318],[-6.276492811352043,53.36930553321792]]},"properties":{"length_m":208.2}},{"type":"Feature","geometry":{"type":"LineString","coordinates":[[-6.274360116262242,53.36847105312568],[-6.274087309355319,53.368364309346916]]},"properties":{"length_m":21.6}},{"type":"Feature","geometry":{"type":"LineString","coordinates":[[-6.232155809090542,53.319116528153046],[-6.232638781464483,53.31949090890277]]},"properties":{"length_m":52.4}},{"type":"Feature","geometry":{"type":"LineString","coordinates":[[-6.253408672124539,53.33256805522077],[-6.256751076221224,53.335785808056805],[-6.25710358034532,53.33600306658806]]},"properties":{"length_m":453.0}},{"type":"Feature","geometry":{"type":"LineString","coordinates":[[-6.194859999413268,53.39144000048273],[-6.197519999358003,53.38937000086839]]},"properties":{"length_m":289.2}},{"type":"Feature","geometry":{"type":"LineString","coordinates":[[-6.225579999448237,53.368990001111264],[-6.226329999548582,53.36844000087423]]},"properties":{"length_m":78.6}},{"type":"Feature","geometry":{"type":"LineString","coordinates":[[-6.272240387023792,53.34565907159696],[-6.272520070337887,53.34666294811454],[-6.27295000038822,53.346910001084005],[-6.273350000548093,53.34805000087036],[-6.273614713170897,53.35008038284819]]},"properties":{"length_m":506.1}},{"type":"Feature","geometry":{"type":"LineString","coordinates":[[-6.186700000698462,53.39763000120458],[-6.185149999285795,53.39931000110164]]},"properties":{"length_m":212.4}},{"type":"Feature","geometry":{"type":"LineString","coordinates":[[-6.279118456497483,53.37033289461318],[-6.2796270280051365,53.370570742342274]]},"properties":{"length_m":42.8}},{"type":"Feature","geometry":{"type":"LineString","coordinates":[[-6.27990022309853,53.370698509689795],[-6.280074766634598,53.37078013986974]]},"properties":{"length_m":14.7}},{"type":"Feature","geometry":{"type":"LineString","coordinates":[[-6.300059999978386,53.362090000071966],[-6.3007600000949,53.362340000850864]]},"properties":{"length_m":54.1}},{"type":"Feature","geometry":{"type":"LineString","coordinates":[[-6.203849999148311,53.38347000028883],[-6.203967737507015,53.38341701179166]]},"properties":{"length_m":9.8}},{"type":"Feature","geometry":{"type":"LineString","coordinates":[[-6.231351888563681,53.3291282611204],[-6.231693736307965,53.32927391669993]]},"properties":{"length_m":27.8}},{"type":"Feature","geometry":{"type":"LineString","coordinates":[[-6.30602549896369,53.34396838037075],[-6.3048713434762735,53.34440242424035]]},"properties":{"length_m":90.5}},{"type":"Feature","geometry":{"type":"LineString","coordinates":[[-6.27430999917551,53.350720000059205],[-6.273879999786704,53.35133000079776]]},"properties":{"length_m":73.3}},{"type":"Feature","geometry":{"type":"LineString","coordinates":[[-6.18974999903361,53.394220000746095],[-6.189260000301345,53.3945800005919]]},"properties":{"length_m":51.4}},{"type":"Feature","geometry":{"type":"LineString","coordinates":[[-6.3007600000949,53.362340000850864],[-6.301694816846905,53.362668398821235]]},"properties":{"length_m":72.0}},{"type":"Feature","geometry":{"type":"LineString","coordinates":[[-6.203945682540079,53.38354577730155],[-6.203860000065988,53.38359000046904]]},"properties":{"length_m":7.5}},{"type":"Feature","geometry":{"type":"LineString","coordinates":[[-6.224389999384404,53.370180001253225],[-6.224580000251291,53.36999000032515]]},"properties":{"length_m":24.5}},{"type":"Feature","geometry":{"type":"LineString","coordinates":[[-6.190179999550808,53.39377000054016],[-6.191230000861595,53.39323000086381]]},"properties":{"length_m":91.8}},{"type":"Feature","geometry":{"type":"LineString","coordinates":[[-6.2885499998663255,53.38003000149585],[-6.289389999440104,53.38085000075091]]},"properties":{"length_m":106.5}},{"type":"Feature","geometry":{"type":"LineString","coordinates":[[-6.22184999959458,53.372770001055926],[-6.222549999748721,53.372070001567494]]},"properties":{"length_m":90.3}},{"type":"Feature","geometry":{"type":"LineString","coordinates":[[-6.294100000743348,53.38408000119887],[-6.2944300008224845,53.38434000108131]]},"properties":{"length_m":36.2}},{"type":"Feature","geometry":{"type":"LineString","coordinates":[[-6.1902399996430235,53.39392000022603],[-6.18974999903361,53.394220000746095]]},"properties":{"length_m":46.5}},{"type":"Feature","geometry":{"type":"LineString","coordinates":[[-6.224759999487836,53.37002000110078],[-6.2245799989191015,53.37020000079126]]},"properties":{"length_m":23.2}},{"type":"Feature","geometry":{"type":"LineString","coordinates":[[-6.222040000484888,53.37279000098766],[-6.221699999722651,53.37307000090096]]},"properties":{"length_m":38.3}},{"type":"Feature","geometry":{"type":"LineString","coordinates":[[-6.256872576416132,53.33685991440042],[-6.25641186901254,53.33743367135426]]},"properties":{"length_m":70.4}},{"type":"Feature","geometry":{"type":"LineString","coordinates":[[-6.227247759137532,53.36792470894638],[-6.226549999943983,53.368480001390246]]},"properties":{"length_m":76.9}},{"type":"Feature","geometry":{"type":"LineString","coordinates":[[-6.201380000484714,53.386620001239066],[-6.199090000967773,53.388300000604765]]},"properties":{"length_m":240.1}},{"type":"Feature","geometry":{"type":"LineString","coordinates":[[-6.2301603660086835,53.32867208319045],[-6.230526453151249,53.328795020342106]]},"properties":{"length_m":27.9}},{"type":"Feature","geometry":{"type":"LineString","coordinates":[[-6.288351617074871,53.37976849594009],[-6.2885499998663255,53.38003000149585]]},"properties":{"length_m":31.8}},{"type":"Feature","geometry":{"type":"LineString","coordinates":[[-6.298649999779699,53.361620001006806],[-6.300059999978386,53.362090000071966]]},"properties":{"length_m":107.1}},{"type":"Feature","geometry":{"type":"LineString","coordinates":[[-6.265496315199369,53.3792415825943],[-6.265649999770281,53.37972000073546]]},"properties":{"length_m":53.9}},{"type":"Feature","geometry":{"type":"LineString","coordinates":[[-6.230549999484752,53.32897000091509],[-6.230000478236662,53.328779769303765]]},"properties":{"length_m":42.1}},{"type":"Feature","geometry":{"type":"LineString","coordinates":[[-6.223340000330423,53.37147000066936],[-6.222679999629258,53.37214000032681]]},"properties":{"length_m":86.1}},{"type":"Feature","geometry":{"type":"LineString","coordinates":[[-6.298000000695463,53.36136000057352],[-6.298649999779699,53.361620001006806]]},"properties":{"length_m":51.9}},{"type":"Feature","geometry":{"type":"LineString","coordinates":[[-6.2245799989191015,53.37020000079126],[-6.22410000061994,53.37069000040331]]},"properties":{"length_m":62.9}},{"type":"Feature","geometry":{"type":"LineString","coordinates":[[-6.225769999622846,53.369070000862],[-6.225090000073728,53.36970000041455]]},"properties":{"length_m":83.0}},{"type":"Feature","geometry":{"type":"LineString","coordinates":[[-6.298929999677926,53.345610001559386],[-6.298250000025004,53.34568000076455]]},"properties":{"length_m":45.8}},{"type":"Feature","geometry":{"type":"LineString","coordinates":[[-6.299520000733701,53.345410001366595],[-6.299759999612762,53.34537000130776]]},"properties":{"length_m":16.5}},{"type":"Feature","geometry":{"type":"LineString","coordinates":[[-6.300429999797352,53.36229000069204],[-6.301633710405713,53.36274922316148]]},"properties":{"length_m":94.7}},{"type":"Feature","geometry":{"type":"LineString","coordinates":[[-6.265129999505284,53.38594000028315],[-6.265279999350497,53.38728000068316]]},"properties":{"length_m":148.5}},{"type":"Feature","geometry":{"type":"LineString","coordinates":[[-6.231905241809388,53.341547390893105],[-6.234667997015969,53.341889912055635]]},"properties":{"length_m":187.5}},{"type":"Feature","geometry":{"type":"LineString","coordinates":[[-6.274713851180819,53.35007189759409],[-6.274666920295352,53.3501803110019]]},"properties":{"length_m":12.4}},{"type":"Feature","geometry":{"type":"LineString","coordinates":[[-6.280028315170325,53.37065084905131],[-6.2801424819688405,53.37070956335339]]},"properties":{"length_m":10.0}},{"type":"Feature","geometry":{"type":"LineString","coordinates":[[-6.223340000421804,53.371270001278205],[-6.223189999554288,53.37142000092901]]},"properties":{"length_m":19.4}},{"type":"Feature","geometry":{"type":"LineString","coordinates":[[-6.221539999953694,53.373040000619184],[-6.22184999959458,53.372770001055926]]},"properties":{"length_m":36.3}},{"type":"Feature","geometry":{"type":"LineString","coordinates":[[-6.193070000258578,53.39257000128581],[-6.192609999499345,53.392780000922215]]},"properties":{"length_m":38.4}},{"type":"Feature","geometry":{"type":"LineString","coordinates":[[-6.293040000123663,53.3460600006671],[-6.292330000068292,53.346150001047334]]},"properties":{"length_m":48.2}},{"type":"Feature","geometry":{"type":"LineString","coordinates":[[-6.222549999748721,53.372070001567494],[-6.223189999554288,53.37142000092901]]},"properties":{"length_m":83.5}},{"type":"Feature","geometry":{"type":"LineString","coordinates":[[-6.296540000776498,53.345760001072435],[-6.2982199989975705,53.345600000621985]]},"properties":{"length_m":113.0}},{"type":"Feature","geometry":{"type":"LineString","coordinates":[[-6.263879999712472,53.39333000131566],[-6.2640000000478935,53.39414000088261]]},"properties":{"length_m":89.9}},{"type":"Feature","geometry":{"type":"LineString","coordinates":[[-6.266099999794561,53.379850000800054],[-6.265919999939372,53.380380001050916],[-6.265920000855438,53.380680000912385]]},"properties":{"length_m":93.0}},{"type":"Feature","geometry":{"type":"LineString","coordinates":[[-6.298890000644054,53.34551000081833],[-6.299520000733701,53.345410001366595]]},"properties":{"length_m":43.3}},{"type":"Feature","geometry":{"type":"LineString","coordinates":[[-6.1949900007683425,53.3915300007928],[-6.193070000258578,53.39257000128581]]},"properties":{"length_m":171.8}},{"type":"Feature","geometry":{"type":"LineString","coordinates":[[-6.296990000121975,53.38649000062704],[-6.295639999979275,53.38544000092382]]},"properties":{"length_m":146.7}},{"type":"Feature","geometry":{"type":"LineString","coordinates":[[-6.197790000121803,53.38915000076816],[-6.198899999078147,53.38825000077737]]},"properties":{"length_m":123.9}},{"type":"Feature","geometry":{"type":"LineString","coordinates":[[-6.202179999700581,53.38578000150453],[-6.201380000484714,53.386620001239066]]},"properties":{"length_m":107.0}},{"type":"Feature","geometry":{"type":"LineString","coordinates":[[-6.2745089946133135,53.35041688481509],[-6.27430999917551,53.350720000059205]]},"properties":{"length_m":36.0}},{"type":"Feature","geometry":{"type":"LineString","coordinates":[[-6.191230000861595,53.39323000086381],[-6.192219999683851,53.39280000067652]]},"properties":{"length_m":81.2}},{"type":"Feature","geometry":{"type":"LineString","coordinates":[[-6.265649999770281,53.37972000073546],[-6.26576000080229,53.3802000012449],[-6.265729999156939,53.380670001248745]]},"properties":{"length_m":105.6}},{"type":"Feature","geometry":{"type":"LineString","coordinates":[[-6.274666920295352,53.3501803110019],[-6.2745089946133135,53.35041688481509]]},"properties":{"length_m":28.2}},{"type":"Feature","geometry":{"type":"LineString","coordinates":[[-6.297130000120257,53.3611700010577],[-6.297920000558876,53.3614300007628],[-6.298050514664526,53.36163374000972]]},"properties":{"length_m":84.0}},{"type":"Feature","geometry":{"type":"LineString","coordinates":[[-6.292830000804298,53.34602000025425],[-6.293419998811011,53.34595000107343]]},"properties":{"length_m":40.0}},{"type":"Feature","geometry":{"type":"LineString","coordinates":[[-6.26022942211942,53.3302589740995],[-6.261763604400453,53.33001824136721],[-6.264071329193117,53.329913234762586]]},"properties":{"length_m":259.2}},{"type":"Feature","geometry":{"type":"LineString","coordinates":[[-6.19136999935861,53.39334000062469],[-6.1902399996430235,53.39392000022603]]},"properties":{"length_m":98.7}},{"type":"Feature","geometry":{"type":"LineString","coordinates":[[-6.298419999461121,53.34558000100702],[-6.298890000644054,53.34551000081833]]},"properties":{"length_m":32.2}},{"type":"Feature","geometry":{"type":"LineString","coordinates":[[-6.224930000782744,53.36962000093414],[-6.225579999448237,53.368990001111264]]},"properties":{"length_m":82.0}},{"type":"Feature","geometry":{"type":"LineString","coordinates":[[-6.265279999350497,53.38728000068316],[-6.265370000584747,53.38777000155047],[-6.265330000306113,53.388320000305754],[-6.264900000389049,53.38916000047211]]},"properties":{"length_m":212.6}},{"type":"Feature","geometry":{"type":"LineString","coordinates":[[-6.286539999656349,53.375910001348664],[-6.286578532982118,53.37598262187258]]},"properties":{"length_m":8.4}},{"type":"Feature","geometry":{"type":"LineString","coordinates":[[-6.296499191576432,53.36094995155692],[-6.297130000120257,53.3611700010577]]},"properties":{"length_m":48.5}},{"type":"Feature","geometry":{"type":"LineString","coordinates":[[-6.335689999954349,53.32376000114673],[-6.336670000098664,53.32373000033772]]},"properties":{"length_m":65.2}},{"type":"Feature","geometry":{"type":"LineString","coordinates":[[-6.188999999977439,53.394590001359276],[-6.190179999550808,53.39377000054016]]},"properties":{"length_m":119.9}},{"type":"Feature","geometry":{"type":"LineString","coordinates":[[-6.292309999148631,53.34609000072899],[-6.292830000804298,53.34602000025425]]},"properties":{"length_m":35.4}},{"type":"Feature","geometry":{"type":"LineString","coordinates":[[-6.298050514664526,53.36163374000972],[-6.298709999944481,53.36175000110806]]},"properties":{"length_m":45.7}},{"type":"Feature","geometry":{"type":"LineString","coordinates":[[-6.192889999944252,53.39250000097037],[-6.194859999413268,53.39144000048273]]},"properties":{"length_m":175.7}},{"type":"Feature","geometry":{"type":"LineString","coordinates":[[-6.296149999077283,53.34586000149687],[-6.293449999940969,53.34601000042602]]},"properties":{"length_m":180.2}},{"type":"Feature","geometry":{"type":"LineString","coordinates":[[-6.201209999708466,53.386560001538825],[-6.2021100006191405,53.38567000096281],[-6.203029998954296,53.384180001103765],[-6.203600000054399,53.38361000134481]]},"properties":{"length_m":364.4}},{"type":"Feature","geometry":{"type":"LineString","coordinates":[[-6.295639999979275,53.38544000092382],[-6.295217691067777,53.38511514888841]]},"properties":{"length_m":45.6}},{"type":"Feature","geometry":{"type":"LineString","coordinates":[[-6.198899999078147,53.38825000077737],[-6.19943793959407,53.387856442849134]]},"properties":{"length_m":56.3}},{"type":"Feature","geometry":{"type":"LineString","coordinates":[[-6.199745812205419,53.387631202876506],[-6.201209999708466,53.386560001538825]]},"properties":{"length_m":153.3}},{"type":"Feature","geometry":{"type":"LineString","coordinates":[[-6.203600000054399,53.38361000134481],[-6.203849999148311,53.38347000028883]]},"properties":{"length_m":22.7}},{"type":"Feature","geometry":{"type":"LineString","coordinates":[[-6.197680000042105,53.389450001683144],[-6.1949900007683425,53.3915300007928]]},"properties":{"length_m":291.3}},{"type":"Feature","geometry":{"type":"LineString","coordinates":[[-6.258390000385264,53.34535000124484],[-6.2587600007609305,53.34531000099665],[-6.258823257856267,53.34532725288133]]},"properties":{"length_m":29.6}},{"type":"Feature","geometry":{"type":"LineString","coordinates":[[-6.265840227635835,53.35616281148218],[-6.266102448234491,53.35622994832675]]},"properties":{"length_m":18.9}},{"type":"Feature","geometry":{"type":"LineString","coordinates":[[-6.3070818054297435,53.344008325156786],[-6.30602549896369,53.34396838037075]]},"properties":{"length_m":70.3}},{"type":"Feature","geometry":{"type":"LineString","coordinates":[[-6.293419998811011,53.34595000107343],[-6.296149999976756,53.34579000065189]]},"properties":{"length_m":182.3}},{"type":"Feature","geometry":{"type":"LineString","coordinates":[[-6.22410000061994,53.37069000040331],[-6.223340000330423,53.37147000066936]]},"properties":{"length_m":99.9}},{"type":"Feature","geometry":{"type":"LineString","coordinates":[[-6.225090000073728,53.36970000041455],[-6.224759999487836,53.37002000110078]]},"properties":{"length_m":41.6}},{"type":"Feature","geometry":{"type":"LineString","coordinates":[[-6.293449999940969,53.34601000042602],[-6.293040000123663,53.3460600006671]]},"properties":{"length_m":27.8}},{"type":"Feature","geometry":{"type":"LineString","coordinates":[[-6.222679999629258,53.37214000032681],[-6.222040000484888,53.37279000098766]]},"properties":{"length_m":83.5}},{"type":"Feature","geometry":{"type":"LineString","coordinates":[[-6.246550000479638,53.34380000014458],[-6.246334248236336,53.34360168577841]]},"properties":{"length_m":26.2}},{"type":"Feature","geometry":{"type":"LineString","coordinates":[[-6.231190089936123,53.32905823857635],[-6.231351888563681,53.3291282611204]]},"properties":{"length_m":13.2}},{"type":"Feature","geometry":{"type":"LineString","coordinates":[[-6.224580000251291,53.36999000032515],[-6.224930000782744,53.36962000093414]]},"properties":{"length_m":47.1}},{"type":"Feature","geometry":{"type":"LineString","coordinates":[[-6.298250000025004,53.34568000076455],[-6.297229999213465,53.34577000066635]]},"properties":{"length_m":68.5}},{"type":"Feature","geometry":{"type":"LineString","coordinates":[[-6.2649299994953225,53.34543000114191],[-6.264300000453065,53.34553000087648]]},"properties":{"length_m":43.3}},{"type":"Feature","geometry":{"type":"LineString","coordinates":[[-6.264300000453065,53.34553000087648],[-6.263419999617394,53.345580000722954]]},"properties":{"length_m":58.7}},{"type":"Feature","geometry":{"type":"LineString","coordinates":[[-6.246669999732209,53.34400000066337],[-6.246599999394128,53.34388000044869]]},"properties":{"length_m":14.1}},{"type":"Feature","geometry":{"type":"LineString","coordinates":[[-6.271887081714144,53.34357893810249],[-6.2717999995348785,53.34394000058826]]},"properties":{"length_m":40.3}},{"type":"Feature","geometry":{"type":"LineString","coordinates":[[-6.328620000241756,53.323980001375745],[-6.32978999968685,53.32390000149658]]},"properties":{"length_m":78.2}},{"type":"Feature","geometry":{"type":"LineString","coordinates":[[-6.2972700005042155,53.36113000128728],[-6.298000000695463,53.36136000057352]]},"properties":{"length_m":54.8}},{"type":"Feature","geometry":{"type":"LineString","coordinates":[[-6.271873584328104,53.34301187915154],[-6.271887081714144,53.34357893810249]]},"properties":{"length_m":62.7}},{"type":"Feature","geometry":{"type":"LineString","coordinates":[[-6.263419999617394,53.345580000722954],[-6.262860000032035,53.345610001155805]]},"properties":{"length_m":37.4}},{"type":"Feature","geometry":{"type":"LineString","coordinates":[[-6.2717999995348785,53.34394000058826],[-6.271849999828346,53.34421000027788]]},"properties":{"length_m":30.0}},{"type":"Feature","geometry":{"type":"LineString","coordinates":[[-6.246436855454448,53.34350909624852],[-6.246640000164705,53.34360000117329]]},"properties":{"length_m":16.8}},{"type":"Feature","geometry":{"type":"LineString","coordinates":[[-6.30001000013525,53.362150000188294],[-6.300429999797352,53.36229000069204]]},"properties":{"length_m":31.9}},{"type":"Feature","geometry":{"type":"LineString","coordinates":[[-6.27980999967245,53.348620000493206],[-6.27960000043171,53.34942000045351]]},"properties":{"length_m":89.6}},{"type":"Feature","geometry":{"type":"LineString","coordinates":[[-6.27960000043171,53.34942000045351],[-6.279600000459717,53.34954576706006]]},"properties":{"length_m":13.9}},{"type":"Feature","geometry":{"type":"LineString","coordinates":[[-6.272060000917594,53.34472000046424],[-6.272073991351946,53.3448705840258]]},"properties":{"length_m":16.7}},{"type":"Feature","geometry":{"type":"LineString","coordinates":[[-6.2468899997710166,53.34442000085065],[-6.246770000750235,53.34419000088391]]},"properties":{"length_m":26.7}},{"type":"Feature","geometry":{"type":"LineString","coordinates":[[-6.246770000750235,53.34419000088391],[-6.246669999732209,53.34400000066337]]},"properties":{"length_m":22.0}},{"type":"Feature","geometry":{"type":"LineString","coordinates":[[-6.246599999394128,53.34388000044869],[-6.246550000479638,53.34380000014458]]},"properties":{"length_m":9.4}},{"type":"Feature","geometry":{"type":"LineString","coordinates":[[-6.3567398224222,53.352307307831516],[-6.356278459528459,53.35215337936939]]},"properties":{"length_m":35.1}},{"type":"Feature","geometry":{"type":"LineString","coordinates":[[-6.162469999181493,53.402030000564],[-6.162639113281331,53.40264961750362]]},"properties":{"length_m":69.4}},{"type":"Feature","geometry":{"type":"LineString","coordinates":[[-6.162639113281331,53.40264961750362],[-6.162700280047258,53.40287372634106]]},"properties":{"length_m":25.1}},{"type":"Feature","geometry":{"type":"LineString","coordinates":[[-6.246580045638301,53.33960382625095],[-6.247257580067844,53.3398886489535]]},"properties":{"length_m":54.9}},{"type":"Feature","geometry":{"type":"LineString","coordinates":[[-6.252547784655663,53.34184113906608],[-6.252119999362258,53.341650000836076]]},"properties":{"length_m":35.4}},{"type":"Feature","geometry":{"type":"LineString","coordinates":[[-6.37688858422037,53.344412324075314],[-6.378186133960609,53.34477174678644]]},"properties":{"length_m":94.9}},{"type":"Feature","geometry":{"type":"LineString","coordinates":[[-6.286669912346427,53.34360354854912],[-6.285429911144982,53.34358354806661]]},"properties":{"length_m":82.4}},{"type":"Feature","geometry":{"type":"LineString","coordinates":[[-6.241804243354423,53.34288168319302],[-6.241020036702498,53.342790385384994]]},"properties":{"length_m":53.1}},{"type":"Feature","geometry":{"type":"LineString","coordinates":[[-6.228633735163993,53.397728477528325],[-6.22678342964396,53.3978742134944]]},"properties":{"length_m":124.0}},{"type":"Feature","geometry":{"type":"LineString","coordinates":[[-6.256068557712856,53.33784511652465],[-6.255916655951468,53.338042984290965]]},"properties":{"length_m":24.1}},{"type":"Feature","geometry":{"type":"LineString","coordinates":[[-6.297739999861505,53.3303700011315],[-6.298077005398642,53.33025036555393]]},"properties":{"length_m":26.0}},{"type":"Feature","geometry":{"type":"LineString","coordinates":[[-6.274485640371541,53.34325044033858],[-6.274866808604599,53.3432448621118]]},"properties":{"length_m":25.3}},{"type":"Feature","geometry":{"type":"LineString","coordinates":[[-6.265340287214924,53.37884663378642],[-6.265496315199369,53.3792415825943]]},"properties":{"length_m":44.9}},{"type":"Feature","geometry":{"type":"LineString","coordinates":[[-6.22757984234645,53.364372472911576],[-6.2268915033466845,53.36469221173524]]},"properties":{"length_m":57.8}},{"type":"Feature","geometry":{"type":"LineString","coordinates":[[-6.255130502167693,53.368657812469124],[-6.255027423506855,53.36887783744232]]},"properties":{"length_m":25.3}},{"type":"Feature","geometry":{"type":"LineString","coordinates":[[-6.261684830767196,53.34355599832435],[-6.260849999959261,53.34385000115813]]},"properties":{"length_m":64.3}},{"type":"Feature","geometry":{"type":"LineString","coordinates":[[-6.226373802340546,53.36860632022089],[-6.226951900571818,53.36877136982564]]},"properties":{"length_m":42.5}},{"type":"Feature","geometry":{"type":"LineString","coordinates":[[-6.225762508810337,53.35139780059697],[-6.225552947560279,53.35135687554934],[-6.225715857334644,53.35117223367678]]},"properties":{"length_m":37.8}},{"type":"Feature","geometry":{"type":"LineString","coordinates":[[-6.247100000946255,53.34478000078571],[-6.2468899997710166,53.34442000085065]]},"properties":{"length_m":42.2}},{"type":"Feature","geometry":{"type":"LineString","coordinates":[[-6.271849999828346,53.34421000027788],[-6.272060000917594,53.34472000046424]]},"properties":{"length_m":58.1}},{"type":"Feature","geometry":{"type":"LineString","coordinates":[[-6.16548000074168,53.40253000075276],[-6.162639113281331,53.40264961750362]]},"properties":{"length_m":189.2}},{"type":"Feature","geometry":{"type":"LineString","coordinates":[[-6.226549999943983,53.368480001390246],[-6.226329999548582,53.36844000087423]]},"properties":{"length_m":15.3}},{"type":"Feature","geometry":{"type":"LineString","coordinates":[[-6.263630734080102,53.354543066933985],[-6.2641012045291395,53.35496181660385]]},"properties":{"length_m":55.9}},{"type":"Feature","geometry":{"type":"LineString","coordinates":[[-6.2641012045291395,53.35496181660385],[-6.264747708692551,53.35554467821433]]},"properties":{"length_m":77.5}},{"type":"Feature","geometry":{"type":"LineString","coordinates":[[-6.264637749276293,53.355594277014546],[-6.263531076331767,53.35461977125756]]},"properties":{"length_m":130.5}},{"type":"Feature","geometry":{"type":"LineString","coordinates":[[-6.261372604998445,53.3526840810768],[-6.2612899991962845,53.352610001223326]]},"properties":{"length_m":9.9}},{"type":"Feature","geometry":{"type":"LineString","coordinates":[[-6.255916655951468,53.338042984290965],[-6.2554267500313365,53.33856818008996],[-6.255277948811463,53.33859461952175]]},"properties":{"length_m":76.9}},{"type":"Feature","geometry":{"type":"LineString","coordinates":[[-6.21709841052851,53.338842376024395],[-6.218357155536954,53.33813124194202],[-6.218883506231641,53.33776614831478]]},"properties":{"length_m":168.2}},{"type":"Feature","geometry":{"type":"LineString","coordinates":[[-6.220048537332659,53.33815605389299],[-6.2183958197351785,53.33841014204866]]},"properties":{"length_m":113.4}},{"type":"Feature","geometry":{"type":"LineString","coordinates":[[-6.254596368015859,53.38627331373848],[-6.255890177481644,53.38676311625027]]},"properties":{"length_m":101.6}},{"type":"Feature","geometry":{"type":"LineString","coordinates":[[-6.254825763787851,53.386244277684646],[-6.255464911253372,53.386483053979916]]},"properties":{"length_m":50.0}},{"type":"Feature","geometry":{"type":"LineString","coordinates":[[-6.257570431573835,53.38726860676497],[-6.256343000002227,53.386810956738074]]},"properties":{"length_m":96.0}},{"type":"Feature","geometry":{"type":"LineString","coordinates":[[-6.260258780639358,53.38817745761745],[-6.264699999333695,53.38911000106203]]},"properties":{"length_m":312.6}},{"type":"Feature","geometry":{"type":"LineString","coordinates":[[-6.258248087125529,53.38764068279441],[-6.260208915620366,53.388272920991916],[-6.264563130234628,53.38918123233831]]},"properties":{"length_m":454.1}},{"type":"Feature","geometry":{"type":"LineString","coordinates":[[-6.308211679717128,53.346877197554555],[-6.308166169469595,53.34639105178286]]},"properties":{"length_m":53.8}},{"type":"Feature","geometry":{"type":"LineString","coordinates":[[-6.308122018662258,53.3459194277099],[-6.308079470243145,53.34546492053481]]},"properties":{"length_m":50.3}},{"type":"Feature","geometry":{"type":"LineString","coordinates":[[-6.307759620383683,53.34190254587397],[-6.307665781540575,53.34120311317544]]},"properties":{"length_m":77.6}},{"type":"Feature","geometry":{"type":"LineString","coordinates":[[-6.307609797683671,53.34078183911076],[-6.30754713131909,53.34009098424372],[-6.307630553460685,53.339552938919326]]},"properties":{"length_m":136.3}},{"type":"Feature","geometry":{"type":"LineString","coordinates":[[-6.3077676345990925,53.33964763837705],[-6.3077007997012515,53.34052785986423]]},"properties":{"length_m":97.4}},{"type":"Feature","geometry":{"type":"LineString","coordinates":[[-6.3077007997012515,53.34052785986423],[-6.307743504742563,53.340771508174626]]},"properties":{"length_m":27.1}},{"type":"Feature","geometry":{"type":"LineString","coordinates":[[-6.307816538106791,53.341200388410094],[-6.307897134323249,53.3418852192746]]},"properties":{"length_m":75.9}},{"type":"Feature","geometry":{"type":"LineString","coordinates":[[-6.2813006733326,53.34372272505922],[-6.281160269972887,53.34398705091196]]},"properties":{"length_m":30.7}},{"type":"Feature","geometry":{"type":"LineString","coordinates":[[-6.303898153167829,53.350920671895736],[-6.303936550066857,53.350964641656645],[-6.304317009989672,53.351120486644746]]},"properties":{"length_m":36.1}},{"type":"Feature","geometry":{"type":"LineString","coordinates":[[-6.304343707667521,53.35122402574262],[-6.3037538818588,53.35101035480001],[-6.303449904576845,53.350997232791535],[-6.303338333916364,53.35090472615843]]},"properties":{"length_m":78.6}},{"type":"Feature","geometry":{"type":"LineString","coordinates":[[-6.341421414500153,53.36653143364419],[-6.341475661248815,53.36653096924817],[-6.3415031066198795,53.36656641349022]]},"properties":{"length_m":7.9}},{"type":"Feature","geometry":{"type":"LineString","coordinates":[[-6.178246153143474,53.404334819605644],[-6.178266788329643,53.40428281286983],[-6.179191554406749,53.40310845510551]]},"properties":{"length_m":149.6}},{"type":"Feature","geometry":{"type":"LineString","coordinates":[[-6.177458526993773,53.406583976556945],[-6.177472624704859,53.406667113014585]]},"properties":{"length_m":9.2}},{"type":"Feature","geometry":{"type":"LineString","coordinates":[[-6.177739188061206,53.40656708726073],[-6.1774977640624735,53.40656340185897]]},"properties":{"length_m":16.0}},{"type":"Feature","geometry":{"type":"LineString","coordinates":[[-6.307548965478768,53.40248017111332],[-6.3085292521763225,53.40222711057627]]},"properties":{"length_m":70.9}},{"type":"Feature","geometry":{"type":"LineString","coordinates":[[-6.258170728868635,53.36297182574455],[-6.257791061210455,53.36333162591857]]},"properties":{"length_m":47.1}},{"type":"Feature","geometry":{"type":"LineString","coordinates":[[-6.257791061210455,53.36333162591857],[-6.25768824117188,53.36343961991841]]},"properties":{"length_m":13.8}},{"type":"Feature","geometry":{"type":"LineString","coordinates":[[-6.25755030516916,53.36358449693716],[-6.257078616227048,53.364079921528]]},"properties":{"length_m":63.1}},{"type":"Feature","geometry":{"type":"LineString","coordinates":[[-6.308119689149303,53.348194261354],[-6.3081716015008675,53.34810986652218]]},"properties":{"length_m":9.9}},{"type":"Feature","geometry":{"type":"LineString","coordinates":[[-6.308016389142726,53.34324948221279],[-6.308040692349435,53.34345809776686]]},"properties":{"length_m":23.1}},{"type":"Feature","geometry":{"type":"LineString","coordinates":[[-6.308973914644449,53.34813344773821],[-6.31146179424529,53.347934488735746]]},"properties":{"length_m":166.8}},{"type":"Feature","geometry":{"type":"LineString","coordinates":[[-6.308119689149303,53.348194261354],[-6.308302967419453,53.348181982292445]]},"properties":{"length_m":12.3}},{"type":"Feature","geometry":{"type":"LineString","coordinates":[[-6.308195201060783,53.34829665524598],[-6.308119689149303,53.348194261354]]},"properties":{"length_m":12.4}},{"type":"Feature","geometry":{"type":"LineString","coordinates":[[-6.308040692349435,53.34345809776686],[-6.308079587102529,53.34372005888815]]},"properties":{"length_m":29.1}},{"type":"Feature","geometry":{"type":"LineString","coordinates":[[-6.309136193147527,53.3435903815228],[-6.3082543939946225,53.34376977431181]]},"properties":{"length_m":61.9}},{"type":"Feature","geometry":{"type":"LineString","coordinates":[[-6.307806212956401,53.34386095204334],[-6.3070818054297435,53.344008325156786]]},"properties":{"length_m":50.8}},{"type":"Feature","geometry":{"type":"LineString","coordinates":[[-6.3078945521594205,53.34374467168809],[-6.307825166734703,53.34324717037841]]},"properties":{"length_m":55.2}},{"type":"Feature","geometry":{"type":"LineString","coordinates":[[-6.307920359767166,53.34425182283254],[-6.3070818054297435,53.344008325156786]]},"properties":{"length_m":61.9}},{"type":"Feature","geometry":{"type":"LineString","coordinates":[[-6.307630553460685,53.339552938919326],[-6.3076958327178,53.33937328560078]]},"properties":{"length_m":20.3}},{"type":"Feature","geometry":{"type":"LineString","coordinates":[[-6.306421461103551,53.336748719936395],[-6.306298672773538,53.3366375070398],[-6.299649203005035,53.33410522551718],[-6.299016761662869,53.33388693110858]]},"properties":{"length_m":586.3}},{"type":"Feature","geometry":{"type":"LineString","coordinates":[[-6.298046902247005,53.333552172968204],[-6.2965492018372835,53.33303522443338],[-6.293538587821872,53.332133555596585]]},"properties":{"length_m":338.3}},{"type":"Feature","geometry":{"type":"LineString","coordinates":[[-6.275830624234286,53.32947968500294],[-6.2796953887165525,53.32988730030645],[-6.288915383259844,53.3311672973604],[-6.291835382165218,53.33160729701267],[-6.293189246867476,53.33196162154552]]},"properties":{"length_m":1187.7}},{"type":"Feature","geometry":{"type":"LineString","coordinates":[[-6.291308630275303,53.33338434141104],[-6.293108682246096,53.33216619521642]]},"properties":{"length_m":180.1}},{"type":"Feature","geometry":{"type":"LineString","coordinates":[[-6.27530156447354,53.32957594859594],[-6.272429461696586,53.329543294728445],[-6.264506003096413,53.32999901088665]]},"properties":{"length_m":719.8}},{"type":"Feature","geometry":{"type":"LineString","coordinates":[[-6.264050664320646,53.3300033669993],[-6.261778679628855,53.330092476526616],[-6.260271925580094,53.33033685626292]]},"properties":{"length_m":255.0}},{"type":"Feature","geometry":{"type":"LineString","coordinates":[[-6.259840180436695,53.33024136218283],[-6.259721259734481,53.330106721255795]]},"properties":{"length_m":16.9}},{"type":"Feature","geometry":{"type":"LineString","coordinates":[[-6.254869860782874,53.32538393152893],[-6.254796083096004,53.32532296223556],[-6.254566900047445,53.32521082795286]]},"properties":{"length_m":28.0}},{"type":"Feature","geometry":{"type":"LineString","coordinates":[[-6.252641990140082,53.33205391113896],[-6.252689632793693,53.3321097166928]]},"properties":{"length_m":6.9}},{"type":"Feature","geometry":{"type":"LineString","coordinates":[[-6.252447741515801,53.33192108999622],[-6.251738426964526,53.33209307585038]]},"properties":{"length_m":50.8}},{"type":"Feature","geometry":{"type":"LineString","coordinates":[[-6.257035328035741,53.33612812361985],[-6.256643992394627,53.33583862951247],[-6.25335638004462,53.33275311763013]]},"properties":{"length_m":446.4}},{"type":"Feature","geometry":{"type":"LineString","coordinates":[[-6.255277948811463,53.33859461952175],[-6.256847770640999,53.3366760385592],[-6.256989628716071,53.33644310489543]]},"properties":{"length_m":263.8}},{"type":"Feature","geometry":{"type":"LineString","coordinates":[[-6.2377800784829205,53.322522991501536],[-6.24441282743232,53.32751656145956]]},"properties":{"length_m":706.5}},{"type":"Feature","geometry":{"type":"LineString","coordinates":[[-6.244948346428044,53.327783448490415],[-6.247034552253252,53.328567247796556],[-6.248231694811635,53.32915195358541]]},"properties":{"length_m":266.0}},{"type":"Feature","geometry":{"type":"LineString","coordinates":[[-6.239667048974767,53.32412604021695],[-6.24426190452536,53.32759404621212]]},"properties":{"length_m":490.2}},{"type":"Feature","geometry":{"type":"LineString","coordinates":[[-6.244825380002839,53.32789702349351],[-6.245326301754146,53.32810751146395]]},"properties":{"length_m":40.6}},{"type":"Feature","geometry":{"type":"LineString","coordinates":[[-6.237197070424475,53.32237434629379],[-6.236870063139232,53.32221448582021],[-6.235901101329952,53.32201973925651],[-6.232761662828184,53.31981177780104]]},"properties":{"length_m":417.0}},{"type":"Feature","geometry":{"type":"LineString","coordinates":[[-6.232951333491538,53.319735004461094],[-6.234503434935461,53.32091438108776]]},"properties":{"length_m":166.3}},{"type":"Feature","geometry":{"type":"LineString","coordinates":[[-6.2449731401732045,53.33398925267773],[-6.2444451213406476,53.33368620903801],[-6.243245121026252,53.33321620818738]]},"properties":{"length_m":143.7}},{"type":"Feature","geometry":{"type":"LineString","coordinates":[[-6.247113850679684,53.32880148497694],[-6.245678870018584,53.32822223495106]]},"properties":{"length_m":114.9}},{"type":"Feature","geometry":{"type":"LineString","coordinates":[[-6.245678870018584,53.32822223495106],[-6.245326301754146,53.32810751146395]]},"properties":{"length_m":26.6}},{"type":"Feature","geometry":{"type":"LineString","coordinates":[[-6.232638781464483,53.31949090890277],[-6.232732252026666,53.319463776545675]]},"properties":{"length_m":6.9}},{"type":"Feature","geometry":{"type":"LineString","coordinates":[[-6.253878075147953,53.32487581017247],[-6.25350623074618,53.32473070015659]]},"properties":{"length_m":29.5}},{"type":"Feature","geometry":{"type":"LineString","coordinates":[[-6.253001552753877,53.32453375264002],[-6.252922429720349,53.32450287535749]]},"properties":{"length_m":6.3}},{"type":"Feature","geometry":{"type":"LineString","coordinates":[[-6.251995072314006,53.324140979770725],[-6.250997639772848,53.323751737788854]]},"properties":{"length_m":79.0}},{"type":"Feature","geometry":{"type":"LineString","coordinates":[[-6.254662934371831,53.3251508561847],[-6.254864634475933,53.32524474451832]]},"properties":{"length_m":17.0}},{"type":"Feature","geometry":{"type":"LineString","coordinates":[[-6.243195509734694,53.31948320758126],[-6.242705376652591,53.31911880382727]]},"properties":{"length_m":51.8}},{"type":"Feature","geometry":{"type":"LineString","coordinates":[[-6.232465771272276,53.31960563009896],[-6.231908967866464,53.31922493674634]]},"properties":{"length_m":56.0}},{"type":"Feature","geometry":{"type":"LineString","coordinates":[[-6.2657276847462215,53.33768744763339],[-6.265692557243992,53.33755478016908]]},"properties":{"length_m":14.9}},{"type":"Feature","geometry":{"type":"LineString","coordinates":[[-6.265885206800223,53.33767363165047],[-6.265921808807525,53.33779743752671]]},"properties":{"length_m":13.9}},{"type":"Feature","geometry":{"type":"LineString","coordinates":[[-6.2658493340075125,53.33755228831803],[-6.265885206800223,53.33767363165047]]},"properties":{"length_m":13.6}},{"type":"Feature","geometry":{"type":"LineString","coordinates":[[-6.269210106429231,53.33819973094163],[-6.268562434951159,53.33785164539226],[-6.268244518447733,53.3377838498623],[-6.266419733936157,53.33763269366796]]},"properties":{"length_m":202.6}},{"type":"Feature","geometry":{"type":"LineString","coordinates":[[-6.269204244301359,53.33798732059297],[-6.269433084797564,53.33809077605984]]},"properties":{"length_m":19.0}},{"type":"Feature","geometry":{"type":"LineString","coordinates":[[-6.270527913601171,53.33842351496856],[-6.2693871588751575,53.338290382079435]]},"properties":{"length_m":77.2}},{"type":"Feature","geometry":{"type":"LineString","coordinates":[[-6.272200000600947,53.33841000133643],[-6.272419694168869,53.338403354417274]]},"properties":{"length_m":14.6}},{"type":"Feature","geometry":{"type":"LineString","coordinates":[[-6.272200000600947,53.33841000133643],[-6.272345073148335,53.33847094385749],[-6.2724090240766985,53.338671580005936]]},"properties":{"length_m":34.4}},{"type":"Feature","geometry":{"type":"LineString","coordinates":[[-6.2726080795913886,53.33873208545842],[-6.27274173590656,53.338736048339975],[-6.272736825327108,53.33883083143871]]},"properties":{"length_m":19.4}},{"type":"Feature","geometry":{"type":"LineString","coordinates":[[-6.274626922702356,53.33940945634351],[-6.272994506914479,53.33913263272846],[-6.272725334028524,53.33917530235236]]},"properties":{"length_m":131.2}},{"type":"Feature","geometry":{"type":"LineString","coordinates":[[-6.272725334028524,53.33917530235236],[-6.272659165688928,53.33936452817937]]},"properties":{"length_m":21.4}},{"type":"Feature","geometry":{"type":"LineString","coordinates":[[-6.274592243126759,53.33930872125125],[-6.274666185079838,53.33926197709849]]},"properties":{"length_m":7.1}},{"type":"Feature","geometry":{"type":"LineString","coordinates":[[-6.286554391392138,53.337059677702584],[-6.287828637560571,53.33650434182441],[-6.289058635114615,53.335794341488175],[-6.289283363137689,53.33555808781495]]},"properties":{"length_m":248.0}},{"type":"Feature","geometry":{"type":"LineString","coordinates":[[-6.290693167382119,53.33382564521633],[-6.291308630275303,53.33338434141104]]},"properties":{"length_m":63.7}},{"type":"Feature","geometry":{"type":"LineString","coordinates":[[-6.253152829154101,53.33256040461738],[-6.252976904653682,53.33239981236653]]},"properties":{"length_m":21.3}},{"type":"Feature","geometry":{"type":"LineString","coordinates":[[-6.2531552369625985,53.3323273725164],[-6.253321119258325,53.33248382083182]]},"properties":{"length_m":20.5}},{"type":"Feature","geometry":{"type":"LineString","coordinates":[[-6.253321119258325,53.33248382083182],[-6.253408672124539,53.33256805522077]]},"properties":{"length_m":11.0}},{"type":"Feature","geometry":{"type":"LineString","coordinates":[[-6.25335638004462,53.33275311763013],[-6.253152829154101,53.33256040461738]]},"properties":{"length_m":25.2}},{"type":"Feature","geometry":{"type":"LineString","coordinates":[[-6.253152829154101,53.33256040461738],[-6.253321119258325,53.33248382083182]]},"properties":{"length_m":14.0}},{"type":"Feature","geometry":{"type":"LineString","coordinates":[[-6.253408672124539,53.33256805522077],[-6.25335638004462,53.33275311763013]]},"properties":{"length_m":20.8}},{"type":"Feature","geometry":{"type":"LineString","coordinates":[[-6.253371479923814,53.3082269921469],[-6.2509819290893525,53.308648060338136],[-6.249115605944102,53.30963223980967]]},"properties":{"length_m":330.5}},{"type":"Feature","geometry":{"type":"LineString","coordinates":[[-6.248470283458498,53.310201125787444],[-6.248422119763873,53.3103219865681]]},"properties":{"length_m":13.7}},{"type":"Feature","geometry":{"type":"LineString","coordinates":[[-6.278803092560824,53.31106094403198],[-6.279212905030418,53.31095510209155]]},"properties":{"length_m":29.6}},{"type":"Feature","geometry":{"type":"LineString","coordinates":[[-6.275197301141528,53.31178667159708],[-6.2747878561656,53.3118526335556]]},"properties":{"length_m":28.2}},{"type":"Feature","geometry":{"type":"LineString","coordinates":[[-6.278766998560827,53.320329964427636],[-6.278717671237015,53.3198465554594],[-6.278827671877124,53.31918655564084],[-6.2790285592572435,53.318681114638544],[-6.279617672015811,53.31777655527929],[-6.282057674634238,53.31505655630647],[-6.282447675577704,53.314336556178404],[-6.2824676745593155,53.314206555861],[-6.282152522135453,53.31348690629161],[-6.282527677028554,53.31209655584973],[-6.283326619854734,53.31006607633408]]},"properties":{"length_m":1200.3}},{"type":"Feature","geometry":{"type":"LineString","coordinates":[[-6.278456361168296,53.32594146568468],[-6.279986336809753,53.323585747541394],[-6.280986336980129,53.32287574867377],[-6.281576336627086,53.32256574793916],[-6.2833163371746865,53.322015749319384],[-6.2836863374316225,53.32180574911195],[-6.284666338598347,53.320925749931114],[-6.286916339163879,53.31995575017006],[-6.287306338084742,53.31984575103672],[-6.289126339065498,53.31968575176547],[-6.290325670996749,53.31944747442749]]},"properties":{"length_m":1134.9}},{"type":"Feature","geometry":{"type":"LineString","coordinates":[[-6.300196503786383,53.31173974444783],[-6.303116635014045,53.310081988399574]]},"properties":{"length_m":266.9}},{"type":"Feature","geometry":{"type":"LineString","coordinates":[[-6.316924005008365,53.32557679765532],[-6.316747981832923,53.32566188665322]]},"properties":{"length_m":15.0}},{"type":"Feature","geometry":{"type":"LineString","coordinates":[[-6.315685406045426,53.326175532136084],[-6.3156016140477105,53.32621603689973],[-6.315155362785841,53.326337836554764]]},"properties":{"length_m":39.7}},{"type":"Feature","geometry":{"type":"LineString","coordinates":[[-6.2894439791118675,53.3065953780477],[-6.294928489831764,53.3032216965428]]},"properties":{"length_m":521.5}},{"type":"Feature","geometry":{"type":"LineString","coordinates":[[-6.278456361168296,53.32594146568468],[-6.277814485526223,53.32660709915609]]},"properties":{"length_m":85.1}},{"type":"Feature","geometry":{"type":"LineString","coordinates":[[-6.27828090869672,53.326321285205815],[-6.278139487551147,53.3265024855448]]},"properties":{"length_m":22.1}},{"type":"Feature","geometry":{"type":"LineString","coordinates":[[-6.331765694538757,53.31758538001503],[-6.33178300819571,53.31757672431663],[-6.332047063163312,53.31724284994071]]},"properties":{"length_m":42.4}},{"type":"Feature","geometry":{"type":"LineString","coordinates":[[-6.317354269343125,53.32501283443764],[-6.317402280491615,53.32509361446689],[-6.317557315622307,53.3251164126754]]},"properties":{"length_m":20.1}},{"type":"Feature","geometry":{"type":"LineString","coordinates":[[-6.317241593834365,53.32499422832865],[-6.317098342282552,53.32505429853026]]},"properties":{"length_m":11.6}},{"type":"Feature","geometry":{"type":"LineString","coordinates":[[-6.316596333796834,53.325556660578805],[-6.316975618326445,53.325316376707924],[-6.317098342282552,53.32505429853026]]},"properties":{"length_m":66.7}},{"type":"Feature","geometry":{"type":"LineString","coordinates":[[-6.317098342282552,53.32505429853026],[-6.3171875852299575,53.32496775405067]]},"properties":{"length_m":11.3}},{"type":"Feature","geometry":{"type":"LineString","coordinates":[[-6.240303661074518,53.33758049991775],[-6.240219567143842,53.33753474074051]]},"properties":{"length_m":7.5}},{"type":"Feature","geometry":{"type":"LineString","coordinates":[[-6.237673899629702,53.3356390471469],[-6.236024471314061,53.33325653609254]]},"properties":{"length_m":285.3}},{"type":"Feature","geometry":{"type":"LineString","coordinates":[[-6.2403006672813905,53.33747576830536],[-6.240387551305528,53.337520582926246]]},"properties":{"length_m":7.6}},{"type":"Feature","geometry":{"type":"LineString","coordinates":[[-6.230000478236662,53.328779769303765],[-6.22988598175568,53.32874752945942]]},"properties":{"length_m":8.4}},{"type":"Feature","geometry":{"type":"LineString","coordinates":[[-6.229461072021801,53.32862788365402],[-6.226200474997298,53.327709766873056],[-6.225140475789606,53.32729976691034],[-6.223400474782446,53.32568976639148],[-6.21928047342254,53.3232297652921],[-6.21637047231176,53.32106976450933],[-6.215121107103764,53.32035440169466]]},"properties":{"length_m":1343.2}},{"type":"Feature","geometry":{"type":"LineString","coordinates":[[-6.214307034200391,53.31988827899508],[-6.2126504711313695,53.31893976241069]]},"properties":{"length_m":152.0}},{"type":"Feature","geometry":{"type":"LineString","coordinates":[[-6.259316564129442,53.34758658970859],[-6.259088626706566,53.347644373296774]]},"properties":{"length_m":16.4}},{"type":"Feature","geometry":{"type":"LineString","coordinates":[[-6.257094235507612,53.33654663177968],[-6.256935779087872,53.33678754954866]]},"properties":{"length_m":28.6}},{"type":"Feature","geometry":{"type":"LineString","coordinates":[[-6.251403091827883,53.34834337909268],[-6.251271837785587,53.34833698989822]]},"properties":{"length_m":8.8}},{"type":"Feature","geometry":{"type":"LineString","coordinates":[[-6.251367292004882,53.348628537412075],[-6.251271837785587,53.34833698989822]]},"properties":{"length_m":32.9}},{"type":"Feature","geometry":{"type":"LineString","coordinates":[[-6.237445565158277,53.362751947363805],[-6.237142359686818,53.36281189922749]]},"properties":{"length_m":21.2}},{"type":"Feature","geometry":{"type":"LineString","coordinates":[[-6.252639497630975,53.37267171677794],[-6.252191060676097,53.373336866824744]]},"properties":{"length_m":79.4}},{"type":"Feature","geometry":{"type":"LineString","coordinates":[[-6.245586489036147,53.38087647860456],[-6.245332992391492,53.38128291841249]]},"properties":{"length_m":48.0}},{"type":"Feature","geometry":{"type":"LineString","coordinates":[[-6.161887303360099,53.399615925919605],[-6.1619407861001,53.39988357571577]]},"properties":{"length_m":29.8}},{"type":"Feature","geometry":{"type":"LineString","coordinates":[[-6.253496175105859,53.37141652472757],[-6.252754282313408,53.3724947492072]]},"properties":{"length_m":129.0}},{"type":"Feature","geometry":{"type":"LineString","coordinates":[[-6.252409519854343,53.37262109444731],[-6.25312158208625,53.37167074488097],[-6.253457843891763,53.37103644708704]]},"properties":{"length_m":188.9}},{"type":"Feature","geometry":{"type":"LineString","coordinates":[[-6.3594723003416735,53.34263346419348],[-6.361387114233957,53.3428032643265]]},"properties":{"length_m":128.6}},{"type":"Feature","geometry":{"type":"LineString","coordinates":[[-6.36376280360235,53.34301393355779],[-6.365073586892671,53.34313017001186]]},"properties":{"length_m":88.0}},{"type":"Feature","geometry":{"type":"LineString","coordinates":[[-6.365654412412796,53.34318154860951],[-6.369524700353118,53.34350683645484]]},"properties":{"length_m":259.7}},{"type":"Feature","geometry":{"type":"LineString","coordinates":[[-6.369899392527403,53.343665218356044],[-6.369636284206685,53.343642850698245]]},"properties":{"length_m":17.7}},{"type":"Feature","geometry":{"type":"LineString","coordinates":[[-6.368820951247523,53.34357353670401],[-6.366063763189212,53.34333913955985]]},"properties":{"length_m":185.0}},{"type":"Feature","geometry":{"type":"LineString","coordinates":[[-6.365434519240944,53.343285645572],[-6.364616200939991,53.34321607778457]]},"properties":{"length_m":54.9}},{"type":"Feature","geometry":{"type":"LineString","coordinates":[[-6.362138222811905,53.34298172568917],[-6.3590612775635265,53.342707941531245]]},"properties":{"length_m":206.7}},{"type":"Feature","geometry":{"type":"LineString","coordinates":[[-6.2354294339147325,53.34206680766416],[-6.2317941137127955,53.34162962589254]]},"properties":{"length_m":246.4}},{"type":"Feature","geometry":{"type":"LineString","coordinates":[[-6.264913498403379,53.33255972012447],[-6.264936594506456,53.3326631166074]]},"properties":{"length_m":11.5}},{"type":"Feature","geometry":{"type":"LineString","coordinates":[[-6.345056561607254,53.342494857417655],[-6.342475327004317,53.34193617152645],[-6.3408650414553716,53.341907037334586],[-6.339894539799514,53.34208639065609]]},"properties":{"length_m":356.8}},{"type":"Feature","geometry":{"type":"LineString","coordinates":[[-6.331425735557944,53.34263196660749],[-6.330888668814332,53.34251062552839]]},"properties":{"length_m":38.1}},{"type":"Feature","geometry":{"type":"LineString","coordinates":[[-6.2693871588751575,53.338290382079435],[-6.269210106429231,53.33819973094163]]},"properties":{"length_m":15.5}},{"type":"Feature","geometry":{"type":"LineString","coordinates":[[-6.243245121026252,53.33321620818738],[-6.24326380385552,53.333064133182155]]},"properties":{"length_m":16.9}},{"type":"Feature","geometry":{"type":"LineString","coordinates":[[-6.264129270682988,53.36018099684052],[-6.270169274872713,53.3606609970769]]},"properties":{"length_m":404.9}},{"type":"Feature","geometry":{"type":"LineString","coordinates":[[-6.255027423506855,53.36887783744232],[-6.253856731988453,53.37079706928305]]},"properties":{"length_m":226.0}},{"type":"Feature","geometry":{"type":"LineString","coordinates":[[-6.219938985786989,53.37456211506363],[-6.219713913675292,53.374928648165586],[-6.2191888536932876,53.37535902820238],[-6.218189427729998,53.37587740113064]]},"properties":{"length_m":189.9}},{"type":"Feature","geometry":{"type":"LineString","coordinates":[[-6.208123374753274,53.37023574953882],[-6.206819964335707,53.370979816611275],[-6.203493808487534,53.371269699282436],[-6.202827880344377,53.371474610097515]]},"properties":{"length_m":392.5}},{"type":"Feature","geometry":{"type":"LineString","coordinates":[[-6.2664674184320495,53.35458634308291],[-6.265318575515543,53.35583432461259]]},"properties":{"length_m":157.7}},{"type":"Feature","geometry":{"type":"LineString","coordinates":[[-6.202259075132197,53.37241174647903],[-6.201929075826183,53.37287174676307],[-6.198299071974376,53.374651746665094],[-6.194887945286269,53.375529253323776],[-6.191482152679076,53.3761798800257],[-6.18947317509662,53.37705289072443],[-6.1883859684511755,53.37735531873458],[-6.183547902468933,53.37810253373277],[-6.179869144115732,53.37926980399452],[-6.178380227173212,53.37990641683351]]},"properties":{"length_m":1824.9}},{"type":"Feature","geometry":{"type":"LineString","coordinates":[[-6.250664422705485,53.341087842574936],[-6.252018355923103,53.33971420965545]]},"properties":{"length_m":176.5}},{"type":"Feature","geometry":{"type":"LineString","coordinates":[[-6.27435452083112,53.35020961088428],[-6.272966253408569,53.35023685657064],[-6.27124959590362,53.350536748733724],[-6.270636108369739,53.350766763719534],[-6.270138352298711,53.3511331012886]]},"properties":{"length_m":311.4}},{"type":"Feature","geometry":{"type":"LineString","coordinates":[[-6.2664674184320495,53.35458634308291],[-6.266861867252058,53.3541713764128]]},"properties":{"length_m":52.8}},{"type":"Feature","geometry":{"type":"LineString","coordinates":[[-6.279907966594899,53.35000512291633],[-6.27991042177456,53.35024937364989]]},"properties":{"length_m":27.0}},{"type":"Feature","geometry":{"type":"LineString","coordinates":[[-6.2645192474026805,53.34414909318303],[-6.265682001191429,53.344143003005954]]},"properties":{"length_m":77.3}},{"type":"Feature","geometry":{"type":"LineString","coordinates":[[-6.267424913521007,53.34404094189942],[-6.267785621761349,53.344005424759516],[-6.269894735800991,53.34358619443779]]},"properties":{"length_m":171.9}},{"type":"Feature","geometry":{"type":"LineString","coordinates":[[-6.2700643467225685,53.34338678950073],[-6.270154871792097,53.343242290290796]]},"properties":{"length_m":17.1}},{"type":"Feature","geometry":{"type":"LineString","coordinates":[[-6.272010058895393,53.342828072455795],[-6.272797667915234,53.342982634702224]]},"properties":{"length_m":55.1}},{"type":"Feature","geometry":{"type":"LineString","coordinates":[[-6.271673892954579,53.34282574242948],[-6.27197454961303,53.342821104030705]]},"properties":{"length_m":20.0}},{"type":"Feature","geometry":{"type":"LineString","coordinates":[[-6.271873584328104,53.34301187915154],[-6.271673892954579,53.34282574242948]]},"properties":{"length_m":24.5}},{"type":"Feature","geometry":{"type":"LineString","coordinates":[[-6.30429303168425,53.36366442893904],[-6.306704837446688,53.36446448504476]]},"properties":{"length_m":183.1}},{"type":"Feature","geometry":{"type":"LineString","coordinates":[[-6.328032946244793,53.37092618306151],[-6.328958797012077,53.37123162805602]]},"properties":{"length_m":70.2}},{"type":"Feature","geometry":{"type":"LineString","coordinates":[[-6.294658470213445,53.36027841411962],[-6.293702795923852,53.35982917135294]]},"properties":{"length_m":80.6}},{"type":"Feature","geometry":{"type":"LineString","coordinates":[[-6.289311453487255,53.357620950080296],[-6.288666022426441,53.357194912669065]]},"properties":{"length_m":63.7}},{"type":"Feature","geometry":{"type":"LineString","coordinates":[[-6.275237748536714,53.36066671715699],[-6.280061833951169,53.359305769621464]]},"properties":{"length_m":354.1}},{"type":"Feature","geometry":{"type":"LineString","coordinates":[[-6.276257726876744,53.34482157595138],[-6.276118429639012,53.34515173789596]]},"properties":{"length_m":37.7}},{"type":"Feature","geometry":{"type":"LineString","coordinates":[[-6.275587920862348,53.34563128968238],[-6.2757214111330875,53.34536226956149]]},"properties":{"length_m":31.0}},{"type":"Feature","geometry":{"type":"LineString","coordinates":[[-6.279177371872959,53.342786029845385],[-6.281046181697252,53.34310755382271]]},"properties":{"length_m":129.2}},{"type":"Feature","geometry":{"type":"LineString","coordinates":[[-6.281746455634316,53.343228034172576],[-6.282310012346262,53.34332499267157],[-6.285842225960208,53.34352871780574]]},"properties":{"length_m":274.7}},{"type":"Feature","geometry":{"type":"LineString","coordinates":[[-6.269612062294701,53.35143624566276],[-6.268089946953357,53.353086158761464],[-6.266861867252058,53.3541713764128]]},"properties":{"length_m":353.7}},{"type":"Feature","geometry":{"type":"LineString","coordinates":[[-6.273614713170897,53.35008038284819],[-6.274456210205576,53.35005704099225]]},"properties":{"length_m":56.0}},{"type":"Feature","geometry":{"type":"LineString","coordinates":[[-6.274456210205576,53.35005704099225],[-6.274713851180819,53.35007189759409]]},"properties":{"length_m":17.2}},{"type":"Feature","geometry":{"type":"LineString","coordinates":[[-6.219266449669278,53.366830875559906],[-6.217344482076827,53.36725321130504],[-6.21506309288958,53.36736154806349],[-6.213422266281773,53.36775748498888]]},"properties":{"length_m":405.5}},{"type":"Feature","geometry":{"type":"LineString","coordinates":[[-6.211025636077462,53.36869758449047],[-6.2105518183744675,53.36888781426033],[-6.209993093272125,53.369195159332335]]},"properties":{"length_m":88.2}},{"type":"Feature","geometry":{"type":"LineString","coordinates":[[-6.22355869601863,53.36603522124595],[-6.221597025328725,53.36668493097701],[-6.219211442215105,53.366777270941796]]},"properties":{"length_m":307.7}},{"type":"Feature","geometry":{"type":"LineString","coordinates":[[-6.2267821908348395,53.36464128392662],[-6.227446917046147,53.36433382200828]]},"properties":{"length_m":55.7}},{"type":"Feature","geometry":{"type":"LineString","coordinates":[[-6.178380227173212,53.37990641683351],[-6.177048566369898,53.38023975813332]]},"properties":{"length_m":95.9}},{"type":"Feature","geometry":{"type":"LineString","coordinates":[[-6.17488274549123,53.38038206960261],[-6.173272156088796,53.38043582845601],[-6.169515335557281,53.37993626922323],[-6.16625179695352,53.37992754229677],[-6.164622015013415,53.38008569719336]]},"properties":{"length_m":689.4}},{"type":"Feature","geometry":{"type":"LineString","coordinates":[[-6.160237757335344,53.380532669768144],[-6.156357001774569,53.381097578235014],[-6.1509175978274255,53.38202586792362]]},"properties":{"length_m":641.1}},{"type":"Feature","geometry":{"type":"LineString","coordinates":[[-6.161252503325421,53.39091189756737],[-6.159650896997452,53.390826588950056],[-6.157241985654212,53.390361608623984]]},"properties":{"length_m":275.0}},{"type":"Feature","geometry":{"type":"LineString","coordinates":[[-6.154544357349351,53.38984089868075],[-6.154279549913474,53.389789784201916]]},"properties":{"length_m":18.5}},{"type":"Feature","geometry":{"type":"LineString","coordinates":[[-6.143213067181082,53.3848699033276],[-6.143665278398433,53.38520729523145]]},"properties":{"length_m":47.9}},{"type":"Feature","geometry":{"type":"LineString","coordinates":[[-6.1438155145565725,53.38527335011948],[-6.145345499373652,53.385788296687096],[-6.146867095778252,53.386615123965235]]},"properties":{"length_m":252.8}},{"type":"Feature","geometry":{"type":"LineString","coordinates":[[-6.1477284569522235,53.38699388053532],[-6.150515951643828,53.38809237431316],[-6.152887775847239,53.38929231180199],[-6.153745560821981,53.389628268705366]]},"properties":{"length_m":495.6}},{"type":"Feature","geometry":{"type":"LineString","coordinates":[[-6.152581380272371,53.3891814701011],[-6.1524764528777816,53.38913026443445]]},"properties":{"length_m":9.0}},{"type":"Feature","geometry":{"type":"LineString","coordinates":[[-6.151042587720191,53.38843052323177],[-6.150426537694213,53.38812988437197],[-6.149437948905677,53.38774523406375]]},"properties":{"length_m":131.0}},{"type":"Feature","geometry":{"type":"LineString","coordinates":[[-6.145981161019714,53.386225561931774],[-6.145262067037689,53.3858412117667],[-6.144391252883551,53.385526487121865]]},"properties":{"length_m":131.5}},{"type":"Feature","geometry":{"type":"LineString","coordinates":[[-6.153745560821981,53.389628268705366],[-6.156448175147495,53.39014746167997]]},"properties":{"length_m":188.5}},{"type":"Feature","geometry":{"type":"LineString","coordinates":[[-6.157301366275635,53.39031136625027],[-6.1596505995192885,53.39076267200422],[-6.1612621221383534,53.39085883923782]]},"properties":{"length_m":271.5}},{"type":"Feature","geometry":{"type":"LineString","coordinates":[[-6.24646460748819,53.33971228081348],[-6.247038270059456,53.3399326144376]]},"properties":{"length_m":45.2}},{"type":"Feature","geometry":{"type":"LineString","coordinates":[[-6.245699318342996,53.39378693774212],[-6.245926254115932,53.39280913323759]]},"properties":{"length_m":109.2}},{"type":"Feature","geometry":{"type":"LineString","coordinates":[[-6.244228868193769,53.398244870658765],[-6.243889683443105,53.39836556603148],[-6.243421226683457,53.398308911264664]]},"properties":{"length_m":57.9}},{"type":"Feature","geometry":{"type":"LineString","coordinates":[[-6.242445428528114,53.398145486859846],[-6.243421226683457,53.398308911264664]]},"properties":{"length_m":67.3}},{"type":"Feature","geometry":{"type":"LineString","coordinates":[[-6.244902153820147,53.39726850398026],[-6.244228868193769,53.398244870658765]]},"properties":{"length_m":116.9}},{"type":"Feature","geometry":{"type":"LineString","coordinates":[[-6.244228868193769,53.398244870658765],[-6.244045327436352,53.39850641070199]]},"properties":{"length_m":31.4}},{"type":"Feature","geometry":{"type":"LineString","coordinates":[[-6.226329999548582,53.36844000087423],[-6.226373802340546,53.36860632022089]]},"properties":{"length_m":18.6}},{"type":"Feature","geometry":{"type":"LineString","coordinates":[[-6.222605916015573,53.38477248766592],[-6.225856435326577,53.38536410812251],[-6.228075637872035,53.38560771738435],[-6.231171490993429,53.38561592522995],[-6.2327585304330535,53.38545895910813],[-6.235714308430471,53.38475762191579],[-6.236521856046735,53.384290656851896],[-6.23690839717601,53.38390360107721],[-6.238618023271556,53.38153903365524],[-6.239181857188238,53.381000657737275]]},"properties":{"length_m":1379.2}},{"type":"Feature","geometry":{"type":"LineString","coordinates":[[-6.3700122504501655,53.34367663173512],[-6.369899392527403,53.343665218356044]]},"properties":{"length_m":7.6}},{"type":"Feature","geometry":{"type":"LineString","coordinates":[[-6.26787022033398,53.35689507265796],[-6.269712564183967,53.35893292759921],[-6.269732564111453,53.359322927428785],[-6.269538104594002,53.36052403606769]]},"properties":{"length_m":433.0}},{"type":"Feature","geometry":{"type":"LineString","coordinates":[[-6.265756464442356,53.35625066954418],[-6.266035876505013,53.35632089160982]]},"properties":{"length_m":20.1}},{"type":"Feature","geometry":{"type":"LineString","coordinates":[[-6.251889647253729,53.357883215998726],[-6.25080977553066,53.357659758102166]]},"properties":{"length_m":75.9}},{"type":"Feature","geometry":{"type":"LineString","coordinates":[[-6.250759776664257,53.357649757504916],[-6.250119776892738,53.357379756995165],[-6.247988869936121,53.35578835219539]]},"properties":{"length_m":277.8}},{"type":"Feature","geometry":{"type":"LineString","coordinates":[[-6.2446984686837625,53.35332488033374],[-6.241983158245417,53.3512978902916],[-6.2414504536463555,53.35092127950251]]},"properties":{"length_m":342.4}},{"type":"Feature","geometry":{"type":"LineString","coordinates":[[-6.268957127306089,53.369723581210536],[-6.269022951903906,53.36965878528933],[-6.270582952463135,53.36724878582261]]},"properties":{"length_m":294.3}},{"type":"Feature","geometry":{"type":"LineString","coordinates":[[-6.2686375951143996,53.37040311474312],[-6.268611018251624,53.370450576339735],[-6.268654696463155,53.3705918337525]]},"properties":{"length_m":21.4}},{"type":"Feature","geometry":{"type":"LineString","coordinates":[[-6.216180045270891,53.38417129098958],[-6.216494000976975,53.384193235239046]]},"properties":{"length_m":21.0}},{"type":"Feature","geometry":{"type":"LineString","coordinates":[[-6.205912492080092,53.38273743850908],[-6.206408298863357,53.38253775689189]]},"properties":{"length_m":39.7}},{"type":"Feature","geometry":{"type":"LineString","coordinates":[[-6.206701061288054,53.38241984952074],[-6.206754143191642,53.38239847127277],[-6.207862298344607,53.38165849640561]]},"properties":{"length_m":114.3}},{"type":"Feature","geometry":{"type":"LineString","coordinates":[[-6.207969838104981,53.381717387792705],[-6.207208937516834,53.38230578780034],[-6.206849968280101,53.3824847327729]]},"properties":{"length_m":113.4}},{"type":"Feature","geometry":{"type":"LineString","coordinates":[[-6.225812747828641,53.34128029818552],[-6.226518342102698,53.34185003666051]]},"properties":{"length_m":78.5}},{"type":"Feature","geometry":{"type":"LineString","coordinates":[[-6.274087309355319,53.368364309346916],[-6.273151640447159,53.36794994185253]]},"properties":{"length_m":77.2}},{"type":"Feature","geometry":{"type":"LineString","coordinates":[[-6.3210687690033325,53.32479967998771],[-6.321741662128009,53.32473218965714]]},"properties":{"length_m":45.3}},{"type":"Feature","geometry":{"type":"LineString","coordinates":[[-6.283083367431564,53.34070258572772],[-6.282721773437179,53.34077100353935],[-6.282122844141852,53.34105889358447],[-6.281956587264253,53.341213932225855],[-6.281861775015186,53.34149100443696]]},"properties":{"length_m":127.8}},{"type":"Feature","geometry":{"type":"LineString","coordinates":[[-6.240814911256221,53.34764216161449],[-6.239885139552857,53.34758171232942]]},"properties":{"length_m":62.1}},{"type":"Feature","geometry":{"type":"LineString","coordinates":[[-6.238549413891838,53.34356234852428],[-6.238457005511187,53.34393198522248]]},"properties":{"length_m":41.3}},{"type":"Feature","geometry":{"type":"LineString","coordinates":[[-6.238457005511187,53.34393198522248],[-6.238381449624372,53.344234205208735]]},"properties":{"length_m":33.8}},{"type":"Feature","geometry":{"type":"LineString","coordinates":[[-6.307852650564836,53.339386666741596],[-6.3077676345990925,53.33964763837705]]},"properties":{"length_m":29.4}},{"type":"Feature","geometry":{"type":"LineString","coordinates":[[-6.282768446472578,53.34638898098038],[-6.282529999501095,53.34688000033456]]},"properties":{"length_m":56.6}},{"type":"Feature","geometry":{"type":"LineString","coordinates":[[-6.259442722928758,53.34755460705942],[-6.259316564129442,53.34758658970859]]},"properties":{"length_m":9.1}},{"type":"Feature","geometry":{"type":"LineString","coordinates":[[-6.270154871792097,53.343242290290796],[-6.27034842663292,53.343102806740994],[-6.271673892954579,53.34282574242948]]},"properties":{"length_m":113.3}},{"type":"Feature","geometry":{"type":"LineString","coordinates":[[-6.161282133299956,53.408085209370725],[-6.161768648107208,53.40810901564641]]},"properties":{"length_m":32.4}},{"type":"Feature","geometry":{"type":"LineString","coordinates":[[-6.161724778796353,53.40817560811339],[-6.161272715960252,53.40815839340651]]},"properties":{"length_m":30.1}},{"type":"Feature","geometry":{"type":"LineString","coordinates":[[-6.162415280055167,53.407681387318654],[-6.162168589219535,53.40802106828817]]},"properties":{"length_m":41.0}},{"type":"Feature","geometry":{"type":"LineString","coordinates":[[-6.161969967435334,53.40801522670522],[-6.162148979742962,53.407729666588466]]},"properties":{"length_m":33.7}},{"type":"Feature","geometry":{"type":"LineString","coordinates":[[-6.2970460641465476,53.34837824693576],[-6.297295028672485,53.348468338146915]]},"properties":{"length_m":19.3}},{"type":"Feature","geometry":{"type":"LineString","coordinates":[[-6.296867353432762,53.348485363944086],[-6.296137752416047,53.34823678680141]]},"properties":{"length_m":55.7}},{"type":"Feature","geometry":{"type":"LineString","coordinates":[[-6.296137752416047,53.34823678680141],[-6.295435999962628,53.348222000547466]]},"properties":{"length_m":46.7}},{"type":"Feature","geometry":{"type":"LineString","coordinates":[[-6.242808728910443,53.319061271402184],[-6.243316100948213,53.3194353862661]]},"properties":{"length_m":53.4}}]}