{"type": "FeatureCollection", "features": [{"type": "Feature", "id": 0, "geometry": {"type": "LineString", "coordinates": [[-6.29058202025098, 53.34751630716687], [-6.290490181884155, 53.347493210546055], [-6.2897799413357625, 53.34733261758691], [-6.289479984211236, 53.34728075543458], [-6.2893140007134525, 53.34724900086957]]}, "properties": {"FID": 0, "BIKE": "SEPARATE_TRAIL", "Shape_Leng": 89.5952345473, "DIR": "Forward"}}, {"type": "Feature", "id": 1, "geometry": {"type": "LineString", "coordinates": [[-6.2893140007134525, 53.34724900086957], [-6.288954586578473, 53.34720187905941], [-6.288562518266221, 53.34716771864563], [-6.287300764881479, 53.34711750856027], [-6.285397999847133, 53.347079001026785]]}, "properties": {"FID": 1, "BIKE": "SEPARATE_TRAIL", "Shape_Leng": 261.89170707, "DIR": "Bi-Directional"}}, {"type": "Feature", "id": 2, "geometry": {"type": "LineString", "coordinates": [[-6.2837770006703915, 53.3470340013241], [-6.283216065247181, 53.34700172907785], [-6.28251250421835, 53.346930736088694]]}, "properties": {"FID": 2, "BIKE": "SEPARATE_TRAIL", "Shape_Leng": 85.0446745982, "DIR": "Forward"}}, {"type": "Feature", "id": 3, "geometry": {"type": "LineString", "coordinates": [[-6.280175000517752, 53.34664200084626], [-6.278871402103253, 53.34638479822799], [-6.277534758732303, 53.34612294180391], [-6.276588165803026, 53.34594518288032], [-6.276268472889836, 53.34589062489266], [-6.275710297271142, 53.34584089411255], [-6.275494399923523, 53.34582165806597]]}, "properties": {"FID": 3, "BIKE": "SEPARATE_TRAIL", "Shape_Leng": 325.411664747, "DIR": "Forward"}}, {"type": "Feature", "id": 4, "geometry": {"type": "LineString", "coordinates": [[-6.253685000417011, 53.34832400110482], [-6.251753878908586, 53.34836045473344]]}, "properties": {"FID": 4, "BIKE": "SEPARATE_TRAIL", "Shape_Leng": 128.666432417, "DIR": "Forward"}}, {"type": "Feature", "id": 5, "geometry": {"type": "LineString", "coordinates": [[-6.228075000156883, 53.34666900078909], [-6.233269264441686, 53.347054738724275], [-6.235085000276607, 53.34717600131945]]}, "properties": {"FID": 5, "BIKE": "SEPARATE_TRAIL", "Shape_Leng": 470.250559984, "DIR": "Bi-Directional"}}, {"type": "Feature", "id": 6, "geometry": {"type": "LineString", "coordinates": [[-6.235856000102191, 53.347231001029805], [-6.237846999523733, 53.34735600106811]]}, "properties": {"FID": 6, "BIKE": "SEPARATE_TRAIL", "Shape_Leng": 133.321447812, "DIR": "Bi-Directional"}}, {"type": "Feature", "id": 7, "geometry": {"type": "LineString", "coordinates": [[-6.238422999300636, 53.3473970008654], [-6.239539518443776, 53.34745361366557], [-6.239994000137513, 53.347453000685434]]}, "properties": {"FID": 7, "BIKE": "SEPARATE_TRAIL", "Shape_Leng": 104.889359542, "DIR": "Bi-Directional"}}, {"type": "Feature", "id": 8, "geometry": {"type": "LineString", "coordinates": [[-6.239994000137513, 53.347453000685434], [-6.24105952193908, 53.34752282528703]]}, "properties": {"FID": 8, "BIKE": "SEPARATE_TRAIL", "Shape_Leng": 71.3839198154, "DIR": "Bi-Directional"}}, {"type": "Feature", "id": 9, "geometry": {"type": "LineString", "coordinates": [[-6.24177899951213, 53.3476140006357], [-6.24285800068701, 53.34768300108963]]}, "properties": {"FID": 9, "BIKE": "SEPARATE_TRAIL", "Shape_Leng": 72.2662286235, "DIR": "Forward"}}, {"type": "Feature", "id": 10, "geometry": {"type": "LineString", "coordinates": [[-6.244120000321154, 53.34777100122428], [-6.245110656475109, 53.3478168920207], [-6.245736000280805, 53.3478650006044]]}, "properties": {"FID": 10, "BIKE": "SEPARATE_TRAIL", "Shape_Leng": 108.158677839, "DIR": "Forward"}}, {"type": "Feature", "id": 11, "geometry": {"type": "LineString", "coordinates": [[-6.248019999426545, 53.348015000465566], [-6.24807693745075, 53.34801816446231], [-6.248149119174247, 53.34798024731246], [-6.248596675683802, 53.34801204943824], [-6.2490499398264605, 53.348037421744365], [-6.249904385615624, 53.348087066464174], [-6.251463833216938, 53.34818107352147]]}, "properties": {"FID": 11, "BIKE": "SEPARATE_TRAIL", "Shape_Leng": 232.082832731, "DIR": "Forward"}}, {"type": "Feature", "id": 12, "geometry": {"type": "LineString", "coordinates": [[-6.290907999336274, 53.34748900114516], [-6.291779999541687, 53.34771800075728]]}, "properties": {"FID": 12, "BIKE": "SEPARATE_TRAIL", "Shape_Leng": 63.4174296228, "DIR": "Forward"}}, {"type": "Feature", "id": 13, "geometry": {"type": "LineString", "coordinates": [[-6.275524190631859, 53.34575972386876], [-6.27519139932423, 53.34572103717513], [-6.274217445793561, 53.3456065174567], [-6.273231387130973, 53.345520907225676], [-6.272433375730074, 53.345502220127024], [-6.271668514651934, 53.345548217097296], [-6.269751447233863, 53.34578440048524], [-6.267857628159282, 53.346037666108096], [-6.267496767857629, 53.3460739803762], [-6.265453430062765, 53.34622852961624], [-6.265136050413918, 53.346261399071174]]}, "properties": {"FID": 13, "BIKE": "SEPARATE_TRAIL", "Shape_Leng": 701.996291662, "DIR": "Forward"}}, {"type": "Feature", "id": 14, "geometry": {"type": "LineString", "coordinates": [[-6.263726810453839, 53.3513684177178], [-6.263989618948135, 53.35125209512807], [-6.264408726408592, 53.35106855771017], [-6.264778452230761, 53.35091391558029]]}, "properties": {"FID": 14, "BIKE": "SEPARATE_TRAIL", "Shape_Leng": 86.3920589747, "DIR": "Forward"}}, {"type": "Feature", "id": 15, "geometry": {"type": "LineString", "coordinates": [[-6.264778452230761, 53.35091391558029], [-6.26504564939026, 53.3508104122284], [-6.265277720734995, 53.35072295547653]]}, "properties": {"FID": 15, "BIKE": "SEPARATE_TRAIL", "Shape_Leng": 39.4595076673, "DIR": "Bi-Directional"}}, {"type": "Feature", "id": 16, "geometry": {"type": "LineString", "coordinates": [[-6.265277720734995, 53.35072295547653], [-6.265499356409996, 53.35063326133443], [-6.265794291737001, 53.35052483410447], [-6.26639008699361, 53.350311527577084], [-6.267051130217312, 53.350124733345645], [-6.267119310540683, 53.35010436337181], [-6.267188494320398, 53.35009247112712], [-6.2673321001412905, 53.350078859818126], [-6.267420413477538, 53.350067966080005], [-6.267868581665937, 53.34995954950819], [-6.268196465851029, 53.349888023485526], [-6.269169544833573, 53.34963906538015]]}, "properties": {"FID": 16, "BIKE": "SEPARATE_TRAIL", "Shape_Leng": 287.245700588, "DIR": "Forward"}}, {"type": "Feature", "id": 17, "geometry": {"type": "LineString", "coordinates": [[-6.269363072243352, 53.35022709300127], [-6.269155899386991, 53.3501594004907], [-6.268874299427986, 53.35008760059131], [-6.2684759616551755, 53.34997995297327], [-6.268255831491104, 53.3499389659256], [-6.268194789065376, 53.34994024157055]]}, "properties": {"FID": 17, "BIKE": "SEPARATE_TRAIL", "Shape_Leng": 84.6282247395, "DIR": "Forward"}}, {"type": "Feature", "id": 18, "geometry": {"type": "LineString", "coordinates": [[-6.268194789065376, 53.34994024157055], [-6.2680780994332475, 53.349946841124876], [-6.267825975738107, 53.34999947628839], [-6.267443169950524, 53.350092836734134], [-6.267345453179378, 53.35014932178923], [-6.267265585402677, 53.350185897580836]]}, "properties": {"FID": 18, "BIKE": "SEPARATE_TRAIL", "Shape_Leng": 68.8602214396, "DIR": "Forward"}}, {"type": "Feature", "id": 19, "geometry": {"type": "LineString", "coordinates": [[-6.227708291038833, 53.36421292629538], [-6.226999024207253, 53.36413818166293], [-6.226580324164186, 53.364084942090976], [-6.225809064541224, 53.363974574826976], [-6.225769836818732, 53.363967418562076]]}, "properties": {"FID": 19, "BIKE": "SEPARATE_TRAIL", "Shape_Leng": 131.96134276, "DIR": "Forward"}}, {"type": "Feature", "id": 20, "geometry": {"type": "LineString", "coordinates": [[-6.224410851998699, 53.363549728020445], [-6.225469110421587, 53.363712742317446]]}, "properties": {"FID": 20, "BIKE": "SEPARATE_TRAIL", "Shape_Leng": 72.7480519909, "DIR": "Forward"}}, {"type": "Feature", "id": 21, "geometry": {"type": "LineString", "coordinates": [[-6.2301134140126075, 53.36429122468826], [-6.230420246742118, 53.364276716726366], [-6.230777430019531, 53.36425469170557], [-6.231091153510305, 53.364223277744294], [-6.231416511616466, 53.36417564374455], [-6.231689006217012, 53.36412503959958], [-6.232238417447697, 53.36400531560137], [-6.234228400847721, 53.36346649619235], [-6.2348745267491505, 53.36326076372958], [-6.2350311765972455, 53.36313958843565], [-6.235055273278489, 53.363131202089825]]}, "properties": {"FID": 21, "BIKE": "BIKE_FRIENDLY_PEDESTRIAN_PATH", "Shape_Leng": 358.834035842, "DIR": "Forward"}}, {"type": "Feature", "id": 22, "geometry": {"type": "LineString", "coordinates": [[-6.279913224864967, 53.35052823588491], [-6.280694241761715, 53.35050954798596], [-6.281806113956152, 53.350472465693834]]}, "properties": {"FID": 22, "BIKE": "SEPARATE_TRAIL", "Shape_Leng": 126.205829747, "DIR": "Forward"}}, {"type": "Feature", "id": 23, "geometry": {"type": "LineString", "coordinates": [[-6.2827361998321996, 53.35109886412966], [-6.282743179734903, 53.351114200277095], [-6.2827900804741805, 53.351157390685586], [-6.282871035170184, 53.351231938914125], [-6.282910964332085, 53.35126870852662], [-6.283042179246078, 53.35139486321662], [-6.283149177397578, 53.351515061642274], [-6.283347834435255, 53.35173439505027]]}, "properties": {"FID": 23, "BIKE": "SEPARATE_TRAIL", "Shape_Leng": 81.7318548134, "DIR": "Forward"}}, {"type": "Feature", "id": 24, "geometry": {"type": "LineString", "coordinates": [[-6.2781313101268035, 53.35568556455474], [-6.278296786377445, 53.35529865355228], [-6.278344905192001, 53.35510251075819], [-6.278523975645382, 53.35483171032331], [-6.278618968861123, 53.354651553967656], [-6.278705420681038, 53.354501893106224], [-6.27874413666631, 53.35440294010531], [-6.278803781033758, 53.35428351124536], [-6.2788839376615435, 53.35419937241601], [-6.279015813579679, 53.354010998754376], [-6.279946705960269, 53.3527712301401]]}, "properties": {"FID": 24, "BIKE": "SHARED_ROAD", "Shape_Leng": 347.514501219, "DIR": "Bi-Directional"}}, {"type": "Feature", "id": 25, "geometry": {"type": "LineString", "coordinates": [[-6.254537663435589, 53.342190455043834], [-6.255108002878457, 53.342299652825545], [-6.255938265728911, 53.342482089212304], [-6.256357799762798, 53.3425696017415], [-6.256444996313544, 53.34259139957423], [-6.2573363445687304, 53.34281422075091], [-6.257588350707786, 53.3428908167322], [-6.257914171441499, 53.34292595104859]]}, "properties": {"FID": 25, "BIKE": "SEPARATE_TRAIL", "Shape_Leng": 239.890111294, "DIR": "Reverse"}}, {"type": "Feature", "id": 26, "geometry": {"type": "LineString", "coordinates": [[-6.25279174102172, 53.341827132927094], [-6.253747941777735, 53.342029753096625], [-6.254483239776825, 53.342180662576375]]}, "properties": {"FID": 26, "BIKE": "SEPARATE_TRAIL", "Shape_Leng": 119.335552902, "DIR": "Reverse"}}, {"type": "Feature", "id": 27, "geometry": {"type": "LineString", "coordinates": [[-6.260148396242155, 53.344497976019134], [-6.260088481635919, 53.344505818948036], [-6.259908829655053, 53.3445245815971]]}, "properties": {"FID": 27, "BIKE": "SEPARATE_TRAIL", "Shape_Leng": 16.2304629318, "DIR": "Forward"}}, {"type": "Feature", "id": 28, "geometry": {"type": "LineString", "coordinates": [[-6.25946858272313, 53.34469200257912], [-6.259380045900084, 53.34477481812446], [-6.259247182090809, 53.344985731758136], [-6.259200364064259, 53.34511602619581], [-6.259197375856134, 53.34523566926237]]}, "properties": {"FID": 28, "BIKE": "SEPARATE_TRAIL", "Shape_Leng": 64.1755295032, "DIR": "Bi-Directional"}}, {"type": "Feature", "id": 29, "geometry": {"type": "LineString", "coordinates": [[-6.295435999962628, 53.34822200054746], [-6.294878544102033, 53.348178734559816], [-6.2930590004584115, 53.34807900082079]]}, "properties": {"FID": 29, "BIKE": "SEPARATE_TRAIL", "Shape_Leng": 159.113324042, "DIR": "Forward"}}, {"type": "Feature", "id": 30, "geometry": {"type": "LineString", "coordinates": [[-6.291779999541687, 53.34771800075728], [-6.2932363422979645, 53.34800127257454], [-6.294983997598301, 53.348065444202426], [-6.296279000445458, 53.348115001341114]]}, "properties": {"FID": 30, "BIKE": "SEPARATE_TRAIL", "Shape_Leng": 304.999930845, "DIR": "Forward"}}, {"type": "Feature", "id": 31, "geometry": {"type": "LineString", "coordinates": [[-6.272419694168869, 53.338403354417274], [-6.27237686435364, 53.33812977701458], [-6.272407196295491, 53.337633785009885], [-6.2724445837360125, 53.33750558253426], [-6.272666941676448, 53.33689804672523]]}, "properties": {"FID": 31, "BIKE": "SEPARATE_TRAIL", "Shape_Leng": 169.516087348, "DIR": "Forward"}}, {"type": "Feature", "id": 32, "geometry": {"type": "LineString", "coordinates": [[-6.272975621989485, 53.33632356100802], [-6.273007057856296, 53.33626044677799], [-6.273053835670399, 53.33616652857115], [-6.273258781623, 53.335755049810096], [-6.273514205624524, 53.33535120410759], [-6.273782862330522, 53.33508441580792], [-6.274271332366936, 53.3345906771341], [-6.274514717130827, 53.33437038024685], [-6.274800487713268, 53.33396446308146]]}, "properties": {"FID": 32, "BIKE": "SEPARATE_TRAIL", "Shape_Leng": 291.022230727, "DIR": "Forward"}}, {"type": "Feature", "id": 33, "geometry": {"type": "LineString", "coordinates": [[-6.275165002013472, 53.33305074814496], [-6.275158484356134, 53.33299171975465], [-6.2750894088814, 53.33236382618429]]}, "properties": {"FID": 33, "BIKE": "SEPARATE_TRAIL", "Shape_Leng": 76.6135870634, "DIR": "Forward"}}, {"type": "Feature", "id": 34, "geometry": {"type": "LineString", "coordinates": [[-6.2755068338766655, 53.329913537195566], [-6.27550280321827, 53.32993421540925], [-6.2754014548106785, 53.33045417419808], [-6.275380048589975, 53.33052388753455]]}, "properties": {"FID": 34, "BIKE": "SEPARATE_TRAIL", "Shape_Leng": 68.4643714537, "DIR": "Forward"}}, {"type": "Feature", "id": 35, "geometry": {"type": "LineString", "coordinates": [[-6.2752424394505795, 53.33177588649589], [-6.275248822984084, 53.33184925348931], [-6.275267052154919, 53.332058776511175], [-6.275312338682725, 53.332579260568544], [-6.275335771734882, 53.332785419935995]]}, "properties": {"FID": 35, "BIKE": "SEPARATE_TRAIL", "Shape_Leng": 112.525716645, "DIR": "Forward"}}, {"type": "Feature", "id": 36, "geometry": {"type": "LineString", "coordinates": [[-6.264944909809518, 53.341793682902576], [-6.26501918052821, 53.341735379439044], [-6.265225679793146, 53.34157327602365], [-6.265266478095976, 53.34154124869574], [-6.265339000594025, 53.341396243638606], [-6.265378357101415, 53.341232945475106]]}, "properties": {"FID": 36, "BIKE": "SEPARATE_TRAIL", "Shape_Leng": 70.5336489294, "DIR": "Forward"}}, {"type": "Feature", "id": 37, "geometry": {"type": "LineString", "coordinates": [[-6.265629226461698, 53.33731558624132], [-6.265594018570428, 53.33724574811764], [-6.265524991322558, 53.33700126537987], [-6.265472774368688, 53.33681631893434], [-6.265111270436971, 53.335576351478956]]}, "properties": {"FID": 37, "BIKE": "SEPARATE_TRAIL", "Shape_Leng": 196.669904975, "DIR": "Forward"}}, {"type": "Feature", "id": 38, "geometry": {"type": "LineString", "coordinates": [[-6.264382278463144, 53.33102313604672], [-6.264376887971379, 53.33100664888816], [-6.264362983986471, 53.33096413317248], [-6.264224458309202, 53.33031594561827]]}, "properties": {"FID": 38, "BIKE": "SEPARATE_TRAIL", "Shape_Leng": 79.4163061512, "DIR": "Forward"}}, {"type": "Feature", "id": 39, "geometry": {"type": "LineString", "coordinates": [[-6.264632785115846, 53.32752678499418], [-6.264670134394128, 53.3273726398593], [-6.264713105465542, 53.32715924671657], [-6.264803017112462, 53.326711303420204]]}, "properties": {"FID": 39, "BIKE": "SEPARATE_TRAIL", "Shape_Leng": 91.4656173525, "DIR": "Forward"}}, {"type": "Feature", "id": 40, "geometry": {"type": "LineString", "coordinates": [[-6.264906299452443, 53.326148216973934], [-6.2652024324487625, 53.32466522755992], [-6.265520346269909, 53.3229756325867], [-6.265541502972456, 53.322938052525906], [-6.26556547595701, 53.322815938617744], [-6.265584060170076, 53.322636999728445], [-6.265608484532388, 53.32241825369084], [-6.265640012423267, 53.32224839136364], [-6.265682301910376, 53.322116907565], [-6.265710192121344, 53.32207866228484]]}, "properties": {"FID": 40, "BIKE": "SEPARATE_TRAIL", "Shape_Leng": 456.458683416, "DIR": "Forward"}}, {"type": "Feature", "id": 41, "geometry": {"type": "LineString", "coordinates": [[-6.264936594506456, 53.3326631166074], [-6.265054189355378, 53.333187643742534], [-6.265150109200723, 53.33357953591077]]}, "properties": {"FID": 41, "BIKE": "SEPARATE_TRAIL", "Shape_Leng": 102.977916019, "DIR": "Forward"}}, {"type": "Feature", "id": 42, "geometry": {"type": "LineString", "coordinates": [[-6.265921808807525, 53.33779743752671], [-6.265930651639761, 53.33782458254735], [-6.265952650942469, 53.33789210467665], [-6.2661371546496465, 53.3384584230971], [-6.266060341751199, 53.33880482504655], [-6.265954610558051, 53.339397108853625]]}, "properties": {"FID": 42, "BIKE": "SEPARATE_TRAIL", "Shape_Leng": 180.127421371, "DIR": "Forward"}}, {"type": "Feature", "id": 43, "geometry": {"type": "LineString", "coordinates": [[-6.26576684064493, 53.34029379591721], [-6.265655679446884, 53.3406579980443], [-6.265635663766228, 53.34074198771887], [-6.265605940923449, 53.340866702529325], [-6.265484112309388, 53.34141046314514], [-6.265316064575101, 53.34163124413661]]}, "properties": {"FID": 43, "BIKE": "SEPARATE_TRAIL", "Shape_Leng": 152.722421228, "DIR": "Forward"}}, {"type": "Feature", "id": 44, "geometry": {"type": "LineString", "coordinates": [[-6.2700770955841545, 53.34217266195362], [-6.269997290121716, 53.34238470352823], [-6.269917506430484, 53.34268576805971], [-6.269921059472183, 53.342765157594364], [-6.269932736841557, 53.342904733349435], [-6.269950133007573, 53.343026254930095], [-6.269997330530972, 53.34316622799867], [-6.270154871792097, 53.343242290290796]]}, "properties": {"FID": 44, "BIKE": "SEPARATE_TRAIL", "Shape_Leng": 125.45246602, "DIR": "Forward"}}, {"type": "Feature", "id": 45, "geometry": {"type": "LineString", "coordinates": [[-6.269865999719457, 53.34321300133781], [-6.269859905999831, 53.34310504042397], [-6.269801101495071, 53.34293193239541], [-6.269778545151253, 53.34282521486383], [-6.269764274612362, 53.34266905887149], [-6.269872698336695, 53.34224862796844], [-6.2699532281396255, 53.34210557979491]]}, "properties": {"FID": 45, "BIKE": "SEPARATE_TRAIL", "Shape_Leng": 125.20060981, "DIR": "Forward"}}, {"type": "Feature", "id": 46, "geometry": {"type": "LineString", "coordinates": [[-6.270124999498158, 53.34067100068491], [-6.2701201940594995, 53.34071369373021], [-6.270120718988696, 53.340736638095485], [-6.270136363031362, 53.34142052558512], [-6.270102568691021, 53.3418323209498], [-6.2700770955841545, 53.34217266195362]]}, "properties": {"FID": 46, "BIKE": "SEPARATE_TRAIL", "Shape_Leng": 167.23240867, "DIR": "Forward"}}, {"type": "Feature", "id": 47, "geometry": {"type": "LineString", "coordinates": [[-6.2699532281396255, 53.34210557979491], [-6.269960761202017, 53.34204997984773], [-6.269963979003885, 53.34202918578588], [-6.270019268817839, 53.34167181686013], [-6.270030850693742, 53.34146215384185], [-6.270001265194009, 53.34117234910815], [-6.269989730442233, 53.34105655612573], [-6.270001035252011, 53.3407955678726], [-6.26998441236127, 53.34065366254877], [-6.269916489382066, 53.340484727569695]]}, "properties": {"FID": 47, "BIKE": "SEPARATE_TRAIL", "Shape_Leng": 181.267196429, "DIR": "Forward"}}, {"type": "Feature", "id": 48, "geometry": {"type": "LineString", "coordinates": [[-6.249207220082912, 53.34411344514055], [-6.249325359599016, 53.343957514329354], [-6.249398041597703, 53.343853595847776], [-6.249497576156312, 53.343711287525466], [-6.249713212322676, 53.343336252189346], [-6.250055226734107, 53.34276325414868], [-6.250384636133856, 53.342256122276595], [-6.2504369437402785, 53.342167956281536], [-6.250477105426627, 53.342100264185305]]}, "properties": {"FID": 48, "BIKE": "SEPARATE_TRAIL", "Shape_Leng": 239.577035626, "DIR": "Forward"}}, {"type": "Feature", "id": 49, "geometry": {"type": "LineString", "coordinates": [[-6.265283651787406, 53.378703274281634], [-6.265178780709674, 53.37868619793], [-6.264874036431345, 53.37862490405074], [-6.26444797795534, 53.37854872276771], [-6.26369833763614, 53.37839493074546], [-6.262724683332445, 53.37823349981305], [-6.261988665713193, 53.37810468255227], [-6.261261808364595, 53.377990573717746], [-6.26016810906832, 53.377783631513566], [-6.258790674196086, 53.37753900466394], [-6.257582468630741, 53.377330367073355], [-6.256676855566922, 53.37717571215608], [-6.255851427348776, 53.37702805362743], [-6.255169361241538, 53.37689269220589], [-6.254438324697651, 53.37676244209671], [-6.25220352925175, 53.37631856562376], [-6.250860733129317, 53.376004367194895], [-6.250059609889348, 53.37580016136348], [-6.249363215553722, 53.37559894333445], [-6.2482452638713575, 53.375302593575064], [-6.247507880086144, 53.37509055696188], [-6.246709376532623, 53.37488272128487], [-6.245966865524226, 53.37467716102097], [-6.243090632060195, 53.37388760297642], [-6.2407910589055255, 53.37324717821837], [-6.239764963123968, 53.372943353965574], [-6.238808908880802, 53.37259681291312], [-6.237316863393419, 53.3720644658497]]}, "properties": {"FID": 49, "BIKE": "SEPARATE_TRAIL", "Shape_Leng": 2009.58571311, "DIR": "Forward"}}, {"type": "Feature", "id": 50, "geometry": {"type": "LineString", "coordinates": [[-6.269865999719457, 53.34321300133781], [-6.269048789004542, 53.34335795683384], [-6.268573118500913, 53.34347590482519], [-6.267704592764198, 53.34372726716214], [-6.267612999816238, 53.3437870006308], [-6.267595676554927, 53.34380241715708], [-6.26765232963166, 53.34393115582881], [-6.267677054493849, 53.34395555891965], [-6.267746406706843, 53.34400898272945]]}, "properties": {"FID": 50, "BIKE": "SEPARATE_TRAIL", "Shape_Leng": 191.926746758, "DIR": "Forward"}}, {"type": "Feature", "id": 51, "geometry": {"type": "LineString", "coordinates": [[-6.241193176150907, 53.34633673704912], [-6.240954773268839, 53.34630070596437], [-6.240596770166524, 53.346272427401], [-6.240458035127696, 53.34622993300856], [-6.240366622216315, 53.34620122582771], [-6.240233863051641, 53.346183917794], [-6.238820458647585, 53.34608576856445], [-6.238418469186679, 53.34605626517427], [-6.237854336885818, 53.346014859873165], [-6.234303382078278, 53.34574993721173], [-6.231091247425811, 53.34552067381121], [-6.230735077454763, 53.34547066386787]]}, "properties": {"FID": 51, "BIKE": "SEPARATE_TRAIL", "Shape_Leng": 704.441548637, "DIR": "Bi-Directional"}}, {"type": "Feature", "id": 52, "geometry": {"type": "LineString", "coordinates": [[-6.2414738623998804, 53.34629387191565], [-6.2433789288219845, 53.34640743568233], [-6.244840467336546, 53.34649453900309], [-6.246261536514176, 53.346603494457085], [-6.2482517625497005, 53.34685189532605], [-6.249382162369272, 53.34700241181359], [-6.250978225985164, 53.3472308220145], [-6.251544000148071, 53.347363000622195]]}, "properties": {"FID": 52, "BIKE": "SEPARATE_TRAIL", "Shape_Leng": 682.987997902, "DIR": "Bi-Directional"}}, {"type": "Feature", "id": 53, "geometry": {"type": "LineString", "coordinates": [[-6.276060689184389, 53.34528859416885], [-6.276754373329462, 53.34543381794466], [-6.2791594719734585, 53.3458991790363], [-6.280534168922236, 53.34616724164291]]}, "properties": {"FID": 53, "BIKE": "SEPARATE_TRAIL", "Shape_Leng": 313.574995695, "DIR": "Forward"}}, {"type": "Feature", "id": 54, "geometry": {"type": "LineString", "coordinates": [[-6.2856165729772036, 53.346523611877046], [-6.286432175432872, 53.34655135156465], [-6.288952719677881, 53.34664096318655], [-6.289512125361482, 53.34667589463322], [-6.290037217938074, 53.34674199127062], [-6.290749473178117, 53.34684363280105], [-6.290902469188505, 53.34682865550142], [-6.291009270060206, 53.34679950365905]]}, "properties": {"FID": 54, "BIKE": "SEPARATE_TRAIL", "Shape_Leng": 362.658723086, "DIR": "Forward"}}, {"type": "Feature", "id": 55, "geometry": {"type": "LineString", "coordinates": [[-6.244487999657554, 53.35628660069361], [-6.244387727463813, 53.356326673894664], [-6.244254917359779, 53.35629178726628], [-6.2439824608959, 53.35615327695092], [-6.2435253662235315, 53.355920898698365], [-6.243396633206677, 53.35584738353343], [-6.243287282301264, 53.35568591536659], [-6.243193166811673, 53.35555689114008], [-6.243143941058789, 53.35545979208623], [-6.24323999275128, 53.35531547014301], [-6.243243574513084, 53.35522839109293], [-6.243162138301941, 53.355158821202444], [-6.243034704795073, 53.35510893116625], [-6.242872603196784, 53.35512030585729], [-6.242755760683905, 53.35509540927215], [-6.242531976512432, 53.354949517625705], [-6.242454021434358, 53.35485033679408], [-6.242022512454827, 53.35447336983083], [-6.241448830062367, 53.35399375302719], [-6.241133600143285, 53.35361889096879], [-6.24062364859868, 53.35270779849336], [-6.240441340714205, 53.35211660674514], [-6.240361013451292, 53.35167463595594], [-6.240413394121507, 53.351146682334814], [-6.240415574357071, 53.351133649334926], [-6.2404174355406035, 53.35112354805344], [-6.240489434273521, 53.35068261019719], [-6.240502535203781, 53.35064390094679]]}, "properties": {"FID": 55, "BIKE": "NON_TRAFFIC_TRAIL", "Shape_Leng": 741.218509415, "DIR": "Bi-Directional"}}, {"type": "Feature", "id": 56, "geometry": {"type": "LineString", "coordinates": [[-6.282322253502943, 53.40356618429292], [-6.2824795485835025, 53.40368062213952], [-6.282683796718704, 53.403829193041496], [-6.28308765498021, 53.40412295587741]]}, "properties": {"FID": 56, "BIKE": "SEPARATE_TRAIL", "Shape_Leng": 80.1927274471, "DIR": "Forward"}}, {"type": "Feature", "id": 57, "geometry": {"type": "LineString", "coordinates": [[-6.281268277177588, 53.402688404555335], [-6.28140708143027, 53.40276876117826], [-6.281510441295335, 53.40280681588557], [-6.281696665209108, 53.402903526244], [-6.281807947698157, 53.40301613429189], [-6.2818320010336555, 53.40307002562402], [-6.281858001570161, 53.40318401811281], [-6.2819269191396625, 53.40326336828516], [-6.282061806975991, 53.4033867634474], [-6.282137757235342, 53.40341364924015], [-6.282200136579406, 53.403465480062955], [-6.282247857237746, 53.403501427549884], [-6.282322253502943, 53.40356618429292]]}, "properties": {"FID": 57, "BIKE": "SEPARATE_TRAIL", "Shape_Leng": 124.080119547, "DIR": "Forward"}}, {"type": "Feature", "id": 58, "geometry": {"type": "LineString", "coordinates": [[-6.281142866319954, 53.40415270738191], [-6.2811436293405585, 53.404133781537844], [-6.281161786103785, 53.40411706550843], [-6.281288132768251, 53.40404575092386], [-6.281391457679576, 53.403971096509956], [-6.281609977526781, 53.403807311420294], [-6.281776858926257, 53.403679116754645], [-6.281908286958977, 53.403596937153175], [-6.2819541811723605, 53.40356298931151], [-6.281967541979136, 53.403529716545044], [-6.282137757235342, 53.40341364924015], [-6.282184575522118, 53.4034042015309], [-6.282222624638388, 53.40338189521699], [-6.282553055143975, 53.40318095966282], [-6.282797845842854, 53.40301731757618], [-6.282929303040037, 53.40290036629009], [-6.283006849293487, 53.40287405561139]]}, "properties": {"FID": 58, "BIKE": "SEPARATE_TRAIL", "Shape_Leng": 190.769876809, "DIR": "Forward"}}, {"type": "Feature", "id": 74, "geometry": {"type": "LineString", "coordinates": [[-6.25335638004462, 53.33275311763013], [-6.253257571103169, 53.33275340556652], [-6.251989267812869, 53.33401476257988], [-6.251407886687582, 53.33459194102447], [-6.25059019420102, 53.33540232459132], [-6.249678886494479, 53.33631166739314], [-6.249114400155986, 53.33695123754127], [-6.248407519007698, 53.33766216014568], [-6.24783712870438, 53.33822831061017], [-6.247602642266536, 53.33842170405934], [-6.246751352804213, 53.339279657527484], [-6.246730260665706, 53.33931871471763], [-6.246489323568076, 53.33956568840275]]}, "properties": {"FID": 74, "BIKE": "SEPARATE_TRAIL", "Shape_Leng": 888.996039236, "DIR": "Forward"}}, {"type": "Feature", "id": 75, "geometry": {"type": "LineString", "coordinates": [[-6.246277837396851, 53.339518196284686], [-6.246343381495104, 53.3395072612655], [-6.246918734498361, 53.33891538488473], [-6.2473653878417785, 53.33846956892331], [-6.247528506858818, 53.33829876190546], [-6.247800919413424, 53.3381090499249], [-6.248264327223827, 53.33757915358011], [-6.24863209321184, 53.337199404985284], [-6.24887438892947, 53.33695455201562], [-6.249087628681048, 53.3367218069777], [-6.25013316058671, 53.33568995355102], [-6.250493974322719, 53.33533972315778], [-6.251002878876623, 53.334859482440784], [-6.251804498639738, 53.33397103312985], [-6.253152829154101, 53.33256040461738]]}, "properties": {"FID": 75, "BIKE": "SEPARATE_TRAIL", "Shape_Leng": 901.58735173, "DIR": "Forward"}}, {"type": "Feature", "id": 86, "geometry": {"type": "LineString", "coordinates": [[-6.272583595687513, 53.360745410576534], [-6.272587200947016, 53.36063028864232], [-6.272590270865773, 53.3605322255185], [-6.2725930001745125, 53.36044510763779], [-6.272604576755126, 53.36007535558692], [-6.272607593280384, 53.35997901829177], [-6.272626386163085, 53.3597762550347], [-6.272682306784038, 53.35962670475394], [-6.272718333441264, 53.35953679808989], [-6.272816957444244, 53.35932625709103], [-6.272962196567726, 53.359077493879525], [-6.27316151466996, 53.358684479667865], [-6.273274301622787, 53.35841877488227]]}, "properties": {"FID": 86, "BIKE": "SEPARATE_TRAIL", "Shape_Leng": 265.128140489, "DIR": "Forward"}}, {"type": "Feature", "id": 87, "geometry": {"type": "LineString", "coordinates": [[-6.272899882982658, 53.353367755163426], [-6.272907362418853, 53.35331935112336], [-6.272926842192673, 53.353193285742364], [-6.272951936985619, 53.353030889089446], [-6.273122510707098, 53.35256058987634], [-6.273258039705765, 53.352157379969874], [-6.273324872286039, 53.351861576636956], [-6.273378269378426, 53.35171756202728]]}, "properties": {"FID": 87, "BIKE": "SEPARATE_TRAIL", "Shape_Leng": 186.617192206, "DIR": "Forward"}}, {"type": "Feature", "id": 88, "geometry": {"type": "LineString", "coordinates": [[-6.274456210205576, 53.35005704099225], [-6.274500303537174, 53.349990884577004], [-6.27458534479777, 53.349801584865915], [-6.274590727606957, 53.34946551263252], [-6.274626504227029, 53.34914645933741], [-6.2746465353357666, 53.34858710910807], [-6.274655714298998, 53.347976447971895]]}, "properties": {"FID": 88, "BIKE": "SEPARATE_TRAIL", "Shape_Leng": 232.961263327, "DIR": "Forward"}}, {"type": "Feature", "id": 89, "geometry": {"type": "LineString", "coordinates": [[-6.274866223925958, 53.34716148830753], [-6.274883670601599, 53.34712312053117], [-6.274941842772446, 53.34701586632456], [-6.274964659727455, 53.34697379848681], [-6.275041859166797, 53.34676970388285], [-6.275127030294639, 53.34649068557713], [-6.275304473861271, 53.34616544778482], [-6.275494399923523, 53.34582165806597]]}, "properties": {"FID": 89, "BIKE": "SEPARATE_TRAIL", "Shape_Leng": 155.124546627, "DIR": "Forward"}}, {"type": "Feature", "id": 120, "geometry": {"type": "LineString", "coordinates": [[-6.23821483009722, 53.36115306620506], [-6.238517419654715, 53.36090857849359], [-6.238722815860348, 53.3607532692543], [-6.23878359942124, 53.36069820095845]]}, "properties": {"FID": 120, "BIKE": "SEPARATE_TRAIL", "Shape_Leng": 63.2389649186, "DIR": "Forward"}}, {"type": "Feature", "id": 121, "geometry": {"type": "LineString", "coordinates": [[-6.238998400074103, 53.360775900658545], [-6.238729698686643, 53.36098375173737], [-6.2386642365121565, 53.36103421284403]]}, "properties": {"FID": 121, "BIKE": "SEPARATE_TRAIL", "Shape_Leng": 36.3507924052, "DIR": "Forward"}}, {"type": "Feature", "id": 134, "geometry": {"type": "LineString", "coordinates": [[-6.262562000605476, 53.35201900111645], [-6.262616729893518, 53.3519771998313], [-6.262683249416167, 53.351934004466756], [-6.262816327017266, 53.35184606464048], [-6.262966835276692, 53.351765258821125], [-6.263034159591055, 53.35172072586597]]}, "properties": {"FID": 134, "BIKE": "SEPARATE_TRAIL", "Shape_Leng": 45.7974328781, "DIR": "Forward"}}, {"type": "Feature", "id": 144, "geometry": {"type": "LineString", "coordinates": [[-6.265730903701865, 53.372991181794696], [-6.265698285456857, 53.37308979407066], [-6.2656669699709715, 53.37342165399076], [-6.2655901719723275, 53.37368418585852], [-6.265477010183057, 53.37412490254483], [-6.2654270106964, 53.37422490244675], [-6.265177010170269, 53.374784902345475], [-6.264935991543427, 53.37530137275503], [-6.264779008366329, 53.375634687797756]]}, "properties": {"FID": 144, "BIKE": "BIKE_FRIENDLY_PEDESTRIAN_PATH", "Shape_Leng": 301.798686868, "DIR": "Forward"}}, {"type": "Feature", "id": 145, "geometry": {"type": "LineString", "coordinates": [[-6.328860000038786, 53.36803000139025], [-6.32966999965855, 53.36842000078724]]}, "properties": {"FID": 145, "BIKE": "SEPARATE_TRAIL", "Shape_Leng": 69.2151624221, "DIR": "Forward"}}, {"type": "Feature", "id": 155, "geometry": {"type": "LineString", "coordinates": [[-6.283456456596812, 53.40588288521515], [-6.283210000366471, 53.40590000120763], [-6.282430000150491, 53.40586000075002], [-6.282050000817141, 53.40587000155922], [-6.281460000070112, 53.40590000117985], [-6.280809999833455, 53.405950000445216], [-6.279830000016469, 53.40602000110404], [-6.2791400009302905, 53.40606000093088], [-6.2780800001436985, 53.40611000060181]]}, "properties": {"FID": 155, "BIKE": "BIKE_FRIENDLY_PEDESTRIAN_PATH", "Shape_Leng": 359.281092245, "DIR": "Forward"}}, {"type": "Feature", "id": 237, "geometry": {"type": "LineString", "coordinates": [[-6.186829999374484, 53.39761000074738], [-6.187529999347179, 53.3977400000844]]}, "properties": {"FID": 237, "BIKE": "BIKE_FRIENDLY_PEDESTRIAN_PATH", "Shape_Leng": 48.7590107852, "DIR": "Forward"}}, {"type": "Feature", "id": 238, "geometry": {"type": "LineString", "coordinates": [[-6.308969999383671, 53.401100000894864], [-6.309159998907894, 53.40133000059991]]}, "properties": {"FID": 238, "BIKE": "BIKE_FRIENDLY_PEDESTRIAN_PATH", "Shape_Leng": 28.5464449998, "DIR": "Forward"}}, {"type": "Feature", "id": 250, "geometry": {"type": "LineString", "coordinates": [[-6.224443967736641, 53.314228982478085], [-6.224895197495388, 53.31438255117458], [-6.2253769369994485, 53.314542716442965], [-6.225643100162503, 53.3146314693959], [-6.225892361579051, 53.314732809086834]]}, "properties": {"FID": 250, "BIKE": "SEPARATE_TRAIL", "Shape_Leng": 111.696828155, "DIR": "Forward"}}, {"type": "Feature", "id": 251, "geometry": {"type": "LineString", "coordinates": [[-6.220901128730107, 53.31146158084265], [-6.221250000309779, 53.31209000045179], [-6.221439999166787, 53.31236000148517], [-6.221750000515865, 53.31277000054963], [-6.221869999774769, 53.31290000114403], [-6.222140000837719, 53.313160000678], [-6.222430000414351, 53.313390001067184]]}, "properties": {"FID": 251, "BIKE": "SEPARATE_TRAIL", "Shape_Leng": 239.08101116, "DIR": "Forward"}}, {"type": "Feature", "id": 252, "geometry": {"type": "LineString", "coordinates": [[-6.228923256719091, 53.3170982348771], [-6.228409999723537, 53.31664000070498]]}, "properties": {"FID": 252, "BIKE": "BIKE_FRIENDLY_PEDESTRIAN_PATH", "Shape_Leng": 61.4064892667, "DIR": "Forward"}}, {"type": "Feature", "id": 253, "geometry": {"type": "LineString", "coordinates": [[-6.228409999723537, 53.31664000070498], [-6.227939999308565, 53.316300000431404], [-6.227269999887443, 53.3158300009271], [-6.227099999569382, 53.31571000095592], [-6.226929999941647, 53.3156000001191], [-6.226770000577741, 53.31548000092914], [-6.22659999967286, 53.31537000048611], [-6.226330000317607, 53.315210000709065], [-6.226180000247159, 53.315120001023594], [-6.2260000006724265, 53.31503000164944]]}, "properties": {"FID": 253, "BIKE": "SEPARATE_TRAIL", "Shape_Leng": 240.954315453, "DIR": "Forward"}}, {"type": "Feature", "id": 257, "geometry": {"type": "LineString", "coordinates": [[-6.308789999886185, 53.40087000052231], [-6.308969999383671, 53.401100000894864]]}, "properties": {"FID": 257, "BIKE": "BIKE_FRIENDLY_PEDESTRIAN_PATH", "Shape_Leng": 28.2583946337, "DIR": "Forward"}}, {"type": "Feature", "id": 262, "geometry": {"type": "LineString", "coordinates": [[-6.229133158912732, 53.31698612466718], [-6.229744484544735, 53.317407728231295], [-6.230399654422814, 53.317850081160024]]}, "properties": {"FID": 262, "BIKE": "BIKE_FRIENDLY_PEDESTRIAN_PATH", "Shape_Leng": 127.942707566, "DIR": "Forward"}}, {"type": "Feature", "id": 265, "geometry": {"type": "LineString", "coordinates": [[-6.186107365774832, 53.39752089007087], [-6.185981969107714, 53.39736525666084], [-6.185795698561332, 53.39724951044635], [-6.185553506630564, 53.39716420347915]]}, "properties": {"FID": 265, "BIKE": "BIKE_FRIENDLY_PEDESTRIAN_PATH", "Shape_Leng": 55.7983296172, "DIR": "Forward"}}, {"type": "Feature", "id": 267, "geometry": {"type": "LineString", "coordinates": [[-6.280159998904903, 53.3708200011314], [-6.280730000171538, 53.37132000078114], [-6.281049999508636, 53.37156000111021]]}, "properties": {"FID": 267, "BIKE": "BIKE_FRIENDLY_PEDESTRIAN_PATH", "Shape_Leng": 101.510200485, "DIR": "Forward"}}, {"type": "Feature", "id": 268, "geometry": {"type": "LineString", "coordinates": [[-6.230070205323413, 53.3179473490167], [-6.229488271403909, 53.31753790324207], [-6.229181499616943, 53.31728958284264]]}, "properties": {"FID": 268, "BIKE": "BIKE_FRIENDLY_PEDESTRIAN_PATH", "Shape_Leng": 94.2127100858, "DIR": "Forward"}}, {"type": "Feature", "id": 277, "geometry": {"type": "LineString", "coordinates": [[-6.229181499616943, 53.31728958284264], [-6.228923256719091, 53.3170982348771]]}, "properties": {"FID": 277, "BIKE": "BIKE_FRIENDLY_PEDESTRIAN_PATH", "Shape_Leng": 27.3803503386, "DIR": "Forward"}}, {"type": "Feature", "id": 287, "geometry": {"type": "LineString", "coordinates": [[-6.309319999373952, 53.40152000109983], [-6.309489999071315, 53.401730000989026]]}, "properties": {"FID": 287, "BIKE": "BIKE_FRIENDLY_PEDESTRIAN_PATH", "Shape_Leng": 25.9625328937, "DIR": "Forward"}}, {"type": "Feature", "id": 290, "geometry": {"type": "LineString", "coordinates": [[-6.228584060289927, 53.31657444285972], [-6.229133158912732, 53.31698612466718]]}, "properties": {"FID": 290, "BIKE": "BIKE_FRIENDLY_PEDESTRIAN_PATH", "Shape_Leng": 58.6369835124, "DIR": "Forward"}}, {"type": "Feature", "id": 304, "geometry": {"type": "LineString", "coordinates": [[-6.337539999754154, 53.3687300007813], [-6.3371800003905445, 53.36885000094289], [-6.336220000745753, 53.36907000121162], [-6.33585999984644, 53.36913000083003], [-6.335239999448277, 53.36921000038477], [-6.334569999128839, 53.36927000088724], [-6.334010000359335, 53.36928000068825]]}, "properties": {"FID": 304, "BIKE": "SEPARATE_TRAIL", "Shape_Leng": 245.337893409, "DIR": "Forward"}}, {"type": "Feature", "id": 305, "geometry": {"type": "LineString", "coordinates": [[-6.322060000592009, 53.365190000991504], [-6.323159998918409, 53.36538000063758]]}, "properties": {"FID": 305, "BIKE": "SEPARATE_TRAIL", "Shape_Leng": 76.2159825848, "DIR": "Forward"}}, {"type": "Feature", "id": 306, "geometry": {"type": "LineString", "coordinates": [[-6.32966999965855, 53.36842000078724], [-6.3301199997975175, 53.36862000116432], [-6.330879999694036, 53.36892000047004], [-6.331640000552025, 53.36911000078226], [-6.3322999998024985, 53.36921000063489], [-6.3327199995662955, 53.369260000957844], [-6.333410000003693, 53.369290001001104], [-6.334010000359335, 53.36928000068825]]}, "properties": {"FID": 306, "BIKE": "SEPARATE_TRAIL", "Shape_Leng": 312.579992041, "DIR": "Forward"}}, {"type": "Feature", "id": 307, "geometry": {"type": "LineString", "coordinates": [[-6.323159998918409, 53.36538000063758], [-6.32349999921135, 53.365460000921274], [-6.324089999760227, 53.36563000112827], [-6.324350000055315, 53.365720000800785], [-6.324810000479282, 53.365910001106904], [-6.32557999889426, 53.36634000144083]]}, "properties": {"FID": 307, "BIKE": "SEPARATE_TRAIL", "Shape_Leng": 195.246813186, "DIR": "Forward"}}, {"type": "Feature", "id": 331, "geometry": {"type": "LineString", "coordinates": [[-6.1496767724903725, 53.38218206107658], [-6.149986102312417, 53.38234937683052], [-6.150044550508835, 53.38237159657184], [-6.150146230028976, 53.38236532586593], [-6.1502196788577495, 53.38232223861354], [-6.150303594066212, 53.38225791526946], [-6.1504099564550545, 53.38217111235438], [-6.150579672202468, 53.38205390690373], [-6.150659161577813, 53.382036592333314], [-6.150715367968092, 53.38206038050901]]}, "properties": {"FID": 331, "BIKE": "BIKE_FRIENDLY_PEDESTRIAN_PATH", "Shape_Leng": 94.5356049977, "DIR": "Bi-Directional"}}, {"type": "Feature", "id": 332, "geometry": {"type": "LineString", "coordinates": [[-6.32557999889426, 53.36634000144083], [-6.326910000463333, 53.36709000040384], [-6.328860000038786, 53.36803000139025]]}, "properties": {"FID": 332, "BIKE": "SEPARATE_TRAIL", "Shape_Leng": 288.382967963, "DIR": "Forward"}}, {"type": "Feature", "id": 335, "geometry": {"type": "LineString", "coordinates": [[-6.239007811243214, 53.33874592570059], [-6.23941235739883, 53.338867290087435], [-6.2395066309342715, 53.33889557207053], [-6.239560815386973, 53.33892976444051], [-6.23957608027102, 53.33898081050851]]}, "properties": {"FID": 335, "BIKE": "SEPARATE_TRAIL", "Shape_Leng": 48.1824722327, "DIR": "Bi-Directional"}}, {"type": "Feature", "id": 344, "geometry": {"type": "LineString", "coordinates": [[-6.244385331773357, 53.38288069925881], [-6.244410074432397, 53.382917708524175], [-6.244497510261494, 53.38302823307559], [-6.244435195617155, 53.38308084686298], [-6.244342799488986, 53.383147388290034], [-6.244257013991282, 53.38322760698884], [-6.244152531684734, 53.383346325179296], [-6.243973069239586, 53.383667553544534], [-6.2436893597319445, 53.38429771324074], [-6.243506087317145, 53.38480203773591], [-6.243272633779269, 53.38566299407896], [-6.24320156332936, 53.38611871343941], [-6.2431869535779265, 53.38633738877859], [-6.243232149116503, 53.38651003914828], [-6.243356591994444, 53.386754213624954], [-6.243717503058981, 53.38718823187067], [-6.2437441388085295, 53.387220787635215], [-6.243833614917824, 53.38726968254502]]}, "properties": {"FID": 344, "BIKE": "SHARED_ROAD", "Shape_Leng": 514.386660722, "DIR": "Bi-Directional"}}, {"type": "Feature", "id": 345, "geometry": {"type": "LineString", "coordinates": [[-6.325410000017013, 53.36266000086248], [-6.325289999919437, 53.36298000110971], [-6.325170000151163, 53.36363000027227]]}, "properties": {"FID": 345, "BIKE": "BIKE_FRIENDLY_PEDESTRIAN_PATH", "Shape_Leng": 109.276000397, "DIR": "Forward"}}, {"type": "Feature", "id": 352, "geometry": {"type": "LineString", "coordinates": [[-6.186829999374484, 53.39761000074738], [-6.186700000698462, 53.39763000120458]]}, "properties": {"FID": 352, "BIKE": "BIKE_FRIENDLY_PEDESTRIAN_PATH", "Shape_Leng": 8.92923737058, "DIR": "Forward"}}, {"type": "Feature", "id": 366, "geometry": {"type": "LineString", "coordinates": [[-6.204583024408981, 53.38314010009841], [-6.204585751658575, 53.38305214093024], [-6.204701926676264, 53.38289948838616], [-6.204790183608325, 53.38279659570838], [-6.204946373329644, 53.38268220959678], [-6.20509058387214, 53.382691790035274], [-6.205346283266546, 53.38270304585354], [-6.205696215760324, 53.382782419704895], [-6.205804560147898, 53.382780907101065]]}, "properties": {"FID": 366, "BIKE": "SEPARATE_TRAIL", "Shape_Leng": 116.591178021, "DIR": "Bi-Directional"}}, {"type": "Feature", "id": 369, "geometry": {"type": "LineString", "coordinates": [[-6.206024079748797, 53.382896435463415], [-6.205893786423513, 53.38294868984465], [-6.20577580569618, 53.38308857748539], [-6.205658883245338, 53.38320035164028], [-6.205427778887941, 53.383298655141], [-6.205107509892983, 53.383268394712076], [-6.204779308149392, 53.3832464998064], [-6.2046860410441, 53.383198274103684]]}, "properties": {"FID": 369, "BIKE": "SEPARATE_TRAIL", "Shape_Leng": 113.175219103, "DIR": "Bi-Directional"}}, {"type": "Feature", "id": 370, "geometry": {"type": "LineString", "coordinates": [[-6.325809999842036, 53.36053000044074], [-6.325859999786313, 53.36085000084644], [-6.325869999695947, 53.3613600010403], [-6.325799999582575, 53.361760000842594], [-6.325639998993292, 53.362180000740125], [-6.325410000017013, 53.36266000086248]]}, "properties": {"FID": 370, "BIKE": "BIKE_FRIENDLY_PEDESTRIAN_PATH", "Shape_Leng": 240.799461649, "DIR": "Forward"}}, {"type": "Feature", "id": 373, "geometry": {"type": "LineString", "coordinates": [[-6.341109999449324, 53.36681000042504], [-6.339910000781175, 53.36760000086674], [-6.338950000407301, 53.36818000041777], [-6.338490000175641, 53.368400000577054], [-6.338050000390919, 53.36857000055538], [-6.337539999754154, 53.3687300007813]]}, "properties": {"FID": 373, "BIKE": "SEPARATE_TRAIL", "Shape_Leng": 322.01815755, "DIR": "Forward"}}, {"type": "Feature", "id": 374, "geometry": {"type": "LineString", "coordinates": [[-6.225952071607949, 53.35143482016294], [-6.2258812595685304, 53.35161903739251], [-6.225800736286232, 53.35172872510872], [-6.225590213322685, 53.351987627033814], [-6.225464872532175, 53.35218769261933], [-6.225263675413591, 53.3524361113759], [-6.2252320691694205, 53.35252684764589], [-6.225249239863266, 53.35259213683831], [-6.225312972865022, 53.3526533602678]]}, "properties": {"FID": 374, "BIKE": "BIKE_FRIENDLY_PEDESTRIAN_PATH", "Shape_Leng": 146.611930062, "DIR": "Forward"}}, {"type": "Feature", "id": 380, "geometry": {"type": "LineString", "coordinates": [[-6.320240000375278, 53.39200000142051], [-6.321029999554898, 53.39227000055414], [-6.323040000159457, 53.393160000205214], [-6.323310000141742, 53.393340001071635], [-6.323460000596312, 53.3935500003842], [-6.3235300011275175, 53.39375000128072], [-6.323729999299647, 53.393960000423405], [-6.324170000588457, 53.394220001010616], [-6.3244199993672625, 53.39433000065405], [-6.324719998851704, 53.39442000130999], [-6.326289999784847, 53.39478000034444], [-6.328190000070724, 53.39532000141044], [-6.328639999438759, 53.39547000121184], [-6.329079999573176, 53.3956700013269]]}, "properties": {"FID": 380, "BIKE": "BIKE_FRIENDLY_PEDESTRIAN_PATH", "Shape_Leng": 735.885956756, "DIR": "Forward"}}, {"type": "Feature", "id": 383, "geometry": {"type": "LineString", "coordinates": [[-6.265057135931479, 53.330304804868234], [-6.265096947366461, 53.33054126295361]]}, "properties": {"FID": 383, "BIKE": "SEPARATE_TRAIL", "Shape_Leng": 26.448908296, "DIR": "Bi-Directional"}}, {"type": "Feature", "id": 391, "geometry": {"type": "LineString", "coordinates": [[-6.264335332635206, 53.33017813500954], [-6.264745796535826, 53.330154015206695], [-6.264820459055921, 53.33016408939918], [-6.264874777434947, 53.330172013379205], [-6.264928164297568, 53.330195712334515], [-6.264995056324182, 53.330239949627504], [-6.2650497254067155, 53.330274381027], [-6.265057135931479, 53.330304804868234]]}, "properties": {"FID": 391, "BIKE": "SEPARATE_TRAIL", "Shape_Leng": 56.07851919, "DIR": "Bi-Directional"}}, {"type": "Feature", "id": 396, "geometry": {"type": "LineString", "coordinates": [[-6.309159998907894, 53.40133000059991], [-6.309319999373952, 53.40152000109983]]}, "properties": {"FID": 396, "BIKE": "BIKE_FRIENDLY_PEDESTRIAN_PATH", "Shape_Leng": 23.6722294116, "DIR": "Forward"}}, {"type": "Feature", "id": 416, "geometry": {"type": "LineString", "coordinates": [[-6.287639999902838, 53.37768000064689], [-6.287689999739525, 53.37795000038243], [-6.287720000565818, 53.378480001199705], [-6.287730000290938, 53.37858000080224], [-6.287810000370919, 53.37891000081024], [-6.28800000026778, 53.37931000002332], [-6.288330000198576, 53.379740000861425]]}, "properties": {"FID": 416, "BIKE": "BIKE_FRIENDLY_PEDESTRIAN_PATH", "Shape_Leng": 236.439614795, "DIR": "Forward"}}, {"type": "Feature", "id": 418, "geometry": {"type": "LineString", "coordinates": [[-6.22041488462426, 53.31076955724569], [-6.220521836881541, 53.31092229625888]]}, "properties": {"FID": 418, "BIKE": "BIKE_FRIENDLY_PEDESTRIAN_PATH", "Shape_Leng": 18.4328173784, "DIR": "Forward"}}, {"type": "Feature", "id": 422, "geometry": {"type": "LineString", "coordinates": [[-6.281049999508636, 53.37156000111021], [-6.281339999845327, 53.37177000054616], [-6.281719999170175, 53.37197000069405], [-6.282240000747955, 53.3721800006817]]}, "properties": {"FID": 422, "BIKE": "BIKE_FRIENDLY_PEDESTRIAN_PATH", "Shape_Leng": 105.764427895, "DIR": "Forward"}}, {"type": "Feature", "id": 425, "geometry": {"type": "LineString", "coordinates": [[-6.308510000392162, 53.40055000023304], [-6.308789999886185, 53.40087000052231]]}, "properties": {"FID": 425, "BIKE": "BIKE_FRIENDLY_PEDESTRIAN_PATH", "Shape_Leng": 40.188672633, "DIR": "Forward"}}, {"type": "Feature", "id": 439, "geometry": {"type": "LineString", "coordinates": [[-6.186107365774832, 53.39752089007087], [-6.186131904619186, 53.397639619773315]]}, "properties": {"FID": 439, "BIKE": "BIKE_FRIENDLY_PEDESTRIAN_PATH", "Shape_Leng": 13.3142895926, "DIR": "Forward"}}, {"type": "Feature", "id": 475, "geometry": {"type": "LineString", "coordinates": [[-6.278421682986285, 53.34871830101779], [-6.278899897354652, 53.34877912875151]]}, "properties": {"FID": 475, "BIKE": "NON_TRAFFIC_TRAIL", "Shape_Leng": 32.5576411922, "DIR": "Bi-Directional"}}, {"type": "Feature", "id": 487, "geometry": {"type": "LineString", "coordinates": [[-6.322399999841596, 53.345110000385574], [-6.320599999515735, 53.34554000043027]]}, "properties": {"FID": 487, "BIKE": "NON_TRAFFIC_TRAIL", "Shape_Leng": 129.076169147, "DIR": "Bi-Directional"}}, {"type": "Feature", "id": 488, "geometry": {"type": "LineString", "coordinates": [[-6.238823193244309, 53.34406872621008], [-6.238381449624372, 53.34423420520873]]}, "properties": {"FID": 488, "BIKE": "NON_TRAFFIC_TRAIL", "Shape_Leng": 34.709428153, "DIR": "Bi-Directional"}}, {"type": "Feature", "id": 489, "geometry": {"type": "LineString", "coordinates": [[-6.2664939641520565, 53.3719950810535], [-6.266186861863699, 53.372250997955184], [-6.26607686107191, 53.372350997361934], [-6.266006862279678, 53.372430997001906], [-6.265983373397307, 53.37258167237528]]}, "properties": {"FID": 489, "BIKE": "BIKE_FRIENDLY_PEDESTRIAN_PATH", "Shape_Leng": 75.2683050368, "DIR": "Forward"}}, {"type": "Feature", "id": 491, "geometry": {"type": "LineString", "coordinates": [[-6.257369999302787, 53.336980000529906], [-6.257109999442377, 53.337200001393335], [-6.256849999814219, 53.33752000095215]]}, "properties": {"FID": 491, "BIKE": "NON_TRAFFIC_TRAIL", "Shape_Leng": 69.5914133598, "DIR": "Bi-Directional"}}, {"type": "Feature", "id": 492, "geometry": {"type": "LineString", "coordinates": [[-6.358892012015145, 53.328216459497725], [-6.359032579824793, 53.328250324033405], [-6.359103635125642, 53.3283857144135], [-6.359195620539324, 53.32863805067877], [-6.359230438831437, 53.32883110033663], [-6.359206632158418, 53.32918524100696], [-6.359192281332981, 53.32927554655339], [-6.359146565962181, 53.3293599622686], [-6.359103655655375, 53.3294465512022], [-6.35903791417271, 53.32949987692892], [-6.3590257726208375, 53.32956852029077], [-6.359050065461621, 53.32988123979965], [-6.359100625237508, 53.33044291084287], [-6.359087418536763, 53.330618822174365], [-6.359059027228193, 53.330735682860535], [-6.3589966920872625, 53.33090873160182], [-6.358938971573991, 53.33100074682372], [-6.358861070483037, 53.33110870504592], [-6.358793234216952, 53.33118976846543], [-6.358674747263758, 53.33129626669973], [-6.358550899105498, 53.33138557069943], [-6.358370279728658, 53.33150292686933], [-6.358178869175045, 53.33158769654585], [-6.3580532209783485, 53.331645438152044], [-6.3579158830473315, 53.33169400734648], [-6.357631401147759, 53.33177208781659], [-6.3573838910308655, 53.33182815095708], [-6.357084951390135, 53.33189071370019], [-6.356838528206418, 53.33195760235766], [-6.356670891554519, 53.33201115998013], [-6.356496473534265, 53.3320844469916], [-6.356370475363514, 53.33215119249796], [-6.356273512085259, 53.33220662296905], [-6.356151438526467, 53.33228874058166]]}, "properties": {"FID": 492, "BIKE": "BIKE_FRIENDLY_PEDESTRIAN_PATH", "Shape_Leng": 563.546719797, "DIR": "Forward"}}, {"type": "Feature", "id": 493, "geometry": {"type": "LineString", "coordinates": [[-6.386076015297955, 53.34104000059536], [-6.386173564356061, 53.340824523452916], [-6.386213564026369, 53.34069452433068], [-6.386243564050401, 53.34057452385937], [-6.386263564467227, 53.340464523844595], [-6.386253565626028, 53.34035452341636], [-6.386213565523558, 53.340144523429906], [-6.386103565302434, 53.339694523823404], [-6.386063566005002, 53.339554523781935], [-6.386023567622422, 53.33938452372803], [-6.385853568992475, 53.33875452368581], [-6.385723570068108, 53.33838452358271], [-6.385639852185152, 53.338226060143185], [-6.385584341737337, 53.33818031975854], [-6.3854868048490125, 53.33813359807451], [-6.3853238190158335, 53.3380851645406], [-6.385159588073339, 53.33806973389986], [-6.385073368830626, 53.33807021793793], [-6.384896862155301, 53.33808764073974], [-6.384642549428446, 53.33810194529214], [-6.384446786230724, 53.338099707081234], [-6.384179766809341, 53.33808761709908], [-6.383879814512755, 53.33805030059357], [-6.383676157759408, 53.33800421156939], [-6.383482713824386, 53.33795523792201], [-6.383371266954697, 53.33791946659515], [-6.383200307569999, 53.337854673651286], [-6.383041432607509, 53.337781982937756], [-6.382769576722182, 53.33762513148419], [-6.38258782593581, 53.337489653811986], [-6.382081321640741, 53.33708273790838], [-6.3816123093208015, 53.33670857360297], [-6.381220215151846, 53.33639288870402], [-6.380491420909864, 53.335810636533985]]}, "properties": {"FID": 493, "BIKE": "BIKE_FRIENDLY_PEDESTRIAN_PATH", "Shape_Leng": 783.512957736, "DIR": "Forward"}}, {"type": "Feature", "id": 496, "geometry": {"type": "LineString", "coordinates": [[-6.176794541646078, 53.3697330618449], [-6.175955468081216, 53.37002583834722]]}, "properties": {"FID": 496, "BIKE": "NON_TRAFFIC_TRAIL", "Shape_Leng": 64.6606526413, "DIR": "Bi-Directional"}}, {"type": "Feature", "id": 497, "geometry": {"type": "LineString", "coordinates": [[-6.316061100818779, 53.374691549440165], [-6.316496723708903, 53.37469769507262]]}, "properties": {"FID": 497, "BIKE": "NON_TRAFFIC_TRAIL", "Shape_Leng": 29, "DIR": "Bi-Directional"}}, {"type": "Feature", "id": 501, "geometry": {"type": "LineString", "coordinates": [[-6.183075832731228, 53.383868399476405], [-6.183460328291409, 53.38401806276203]]}, "properties": {"FID": 501, "BIKE": "NON_TRAFFIC_TRAIL", "Shape_Leng": 30.5286750449, "DIR": "Bi-Directional"}}, {"type": "Feature", "id": 502, "geometry": {"type": "LineString", "coordinates": [[-6.219501683303091, 53.380624360220494], [-6.2196199917370025, 53.38067106572054]]}, "properties": {"FID": 502, "BIKE": "NON_TRAFFIC_TRAIL", "Shape_Leng": 9.43398113206, "DIR": "Bi-Directional"}}, {"type": "Feature", "id": 503, "geometry": {"type": "LineString", "coordinates": [[-6.251880070828605, 53.347549061919096], [-6.25175975050922, 53.34788291639008], [-6.251704199761491, 53.348154718482306], [-6.251778641346951, 53.34823842539868]]}, "properties": {"FID": 503, "BIKE": "BIKE_FRIENDLY_PEDESTRIAN_PATH", "Shape_Leng": 79.0366468471, "DIR": "Forward"}}, {"type": "Feature", "id": 505, "geometry": {"type": "LineString", "coordinates": [[-6.278940054335587, 53.34852804161574], [-6.278916356999895, 53.34874341383965], [-6.278899897354652, 53.34877912875151]]}, "properties": {"FID": 505, "BIKE": "NON_TRAFFIC_TRAIL", "Shape_Leng": 28.1439299245, "DIR": "Bi-Directional"}}, {"type": "Feature", "id": 506, "geometry": {"type": "LineString", "coordinates": [[-6.221263096462875, 53.38056074301457], [-6.2217630155802865, 53.3808288479408]]}, "properties": {"FID": 506, "BIKE": "NON_TRAFFIC_TRAIL", "Shape_Leng": 44.687805943, "DIR": "Bi-Directional"}}, {"type": "Feature", "id": 508, "geometry": {"type": "LineString", "coordinates": [[-6.179161656334325, 53.403724268873184], [-6.179149444023633, 53.403792258614104], [-6.179095279259851, 53.40386697693849], [-6.179004806913659, 53.40395637183113], [-6.178934108378061, 53.40403631975057], [-6.178809924849915, 53.404198916553355], [-6.178731126334751, 53.40427752289133], [-6.1786840403324055, 53.4043535669212], [-6.178679228450249, 53.404466200403995], [-6.17859791385615, 53.40465138299554], [-6.178553711631058, 53.40477925529286], [-6.178411002679233, 53.40508900163583], [-6.178331040605307, 53.40509935643082], [-6.178281403300933, 53.40523506604792], [-6.178252576876558, 53.405313215834745], [-6.178219652271314, 53.40541567264197], [-6.178243097694718, 53.40548731003356], [-6.178166271944173, 53.40566281318161], [-6.1780572746893565, 53.4059231174293], [-6.177961419629617, 53.406042890232634], [-6.177827333601258, 53.406102984156725], [-6.177761538698856, 53.40619869505319], [-6.177739188061206, 53.40656708726073]]}, "properties": {"FID": 508, "BIKE": "BIKE_FRIENDLY_PEDESTRIAN_PATH", "Shape_Leng": 339.673378579, "DIR": "Forward"}}, {"type": "Feature", "id": 514, "geometry": {"type": "LineString", "coordinates": [[-6.3595765999951634, 53.33049839937014], [-6.359540199438878, 53.330531700003554], [-6.359230899951049, 53.33060729931885], [-6.359065507294791, 53.33063824855011], [-6.358932699700711, 53.33066309985056], [-6.358805377920628, 53.33067520778278], [-6.358663500643295, 53.33068869989999], [-6.358437299216919, 53.33068290001913], [-6.358274900524953, 53.330690599637336], [-6.350317199401138, 53.33160749935853], [-6.348152800668061, 53.33188079934073], [-6.347547473329807, 53.33195371620527], [-6.346728914214274, 53.33202299739445]]}, "properties": {"FID": 514, "BIKE": "NON_TRAFFIC_TRAIL", "Shape_Leng": 875.043887497, "DIR": "Bi-Directional"}}, {"type": "Feature", "id": 515, "geometry": {"type": "LineString", "coordinates": [[-6.175007369657716, 53.370056283931376], [-6.175224586652001, 53.37024835782885], [-6.175333985863449, 53.37050170021577]]}, "properties": {"FID": 515, "BIKE": "NON_TRAFFIC_TRAIL", "Shape_Leng": 54.9274153582, "DIR": "Bi-Directional"}}, {"type": "Feature", "id": 521, "geometry": {"type": "LineString", "coordinates": [[-6.377716643137864, 53.333902467233045], [-6.377918250630881, 53.33401774796941], [-6.378545482817341, 53.33436912905919], [-6.379211476765172, 53.33474132103977], [-6.379393739565212, 53.33482088873684], [-6.379546628603155, 53.334921942883156], [-6.379608391816401, 53.33499738286797], [-6.380161826163561, 53.335391248345154], [-6.38196661887407, 53.33682346765206], [-6.382378490979104, 53.337151151079176], [-6.382941602414235, 53.33758684575937], [-6.383188413971923, 53.33772273453618], [-6.383578744906202, 53.33787045774252], [-6.38395590649508, 53.33795291133845], [-6.384127763540419, 53.337979583916], [-6.384301337177201, 53.33799072582304], [-6.38454508012686, 53.33799876046943], [-6.384732742115658, 53.337995891532486], [-6.384966263591684, 53.337975384070674], [-6.385172575753085, 53.33792745859783]]}, "properties": {"FID": 521, "BIKE": "BIKE_FRIENDLY_PEDESTRIAN_PATH", "Shape_Leng": 702.428175614, "DIR": "Forward"}}, {"type": "Feature", "id": 527, "geometry": {"type": "LineString", "coordinates": [[-6.2967338710067535, 53.36373950170309], [-6.296604021117668, 53.36435782305139]]}, "properties": {"FID": 527, "BIKE": "NON_TRAFFIC_TRAIL", "Shape_Leng": 69.3541635376, "DIR": "Bi-Directional"}}, {"type": "Feature", "id": 528, "geometry": {"type": "LineString", "coordinates": [[-6.3082725245579265, 53.3747701502618], [-6.30906617010071, 53.37484431345152], [-6.30940881753601, 53.374921071702055], [-6.313610701452297, 53.37546587054481], [-6.3138650062143755, 53.375496427590406], [-6.314134333107246, 53.37552719628824], [-6.31425415234706, 53.375537876741056]]}, "properties": {"FID": 528, "BIKE": "NON_TRAFFIC_TRAIL", "Shape_Leng": 407.526652134, "DIR": "Bi-Directional"}}, {"type": "Feature", "id": 529, "geometry": {"type": "LineString", "coordinates": [[-6.283456456596812, 53.40588288521515], [-6.284037706005171, 53.405961818427464], [-6.284154507233024, 53.40596897266845], [-6.284925166066825, 53.40607252737682], [-6.285485025861511, 53.40612495609864], [-6.2867850232116345, 53.40606495541403], [-6.288704213539621, 53.40623939122796], [-6.288994824371909, 53.4062920395358], [-6.290053520577111, 53.40647167261789]]}, "properties": {"FID": 529, "BIKE": "BIKE_FRIENDLY_PEDESTRIAN_PATH", "Shape_Leng": 446.869914744, "DIR": "Forward"}}, {"type": "Feature", "id": 531, "geometry": {"type": "LineString", "coordinates": [[-6.220343245024553, 53.38711734477274], [-6.219960496480003, 53.387282411518555], [-6.219774946862781, 53.387405477822874], [-6.219553722228518, 53.3876628334067]]}, "properties": {"FID": 531, "BIKE": "NON_TRAFFIC_TRAIL", "Shape_Leng": 82.042210227, "DIR": "Bi-Directional"}}, {"type": "Feature", "id": 532, "geometry": {"type": "LineString", "coordinates": [[-6.281943299886612, 53.36572954995051], [-6.28187419030766, 53.365953256411345]]}, "properties": {"FID": 532, "BIKE": "NON_TRAFFIC_TRAIL", "Shape_Leng": 25.3179778023, "DIR": "Bi-Directional"}}, {"type": "Feature", "id": 536, "geometry": {"type": "LineString", "coordinates": [[-6.17904274780342, 53.384669800434224], [-6.179620631016552, 53.384867367291584], [-6.179792870713072, 53.38505874579088], [-6.179853428436549, 53.385401219896224], [-6.1800045953969995, 53.38608662618307]]}, "properties": {"FID": 536, "BIKE": "NON_TRAFFIC_TRAIL", "Shape_Leng": 183.750314466, "DIR": "Bi-Directional"}}, {"type": "Feature", "id": 539, "geometry": {"type": "LineString", "coordinates": [[-6.2207977441354, 53.38703423938661], [-6.220613360259007, 53.387489884525394]]}, "properties": {"FID": 539, "BIKE": "NON_TRAFFIC_TRAIL", "Shape_Leng": 52.172789843, "DIR": "Bi-Directional"}}, {"type": "Feature", "id": 540, "geometry": {"type": "LineString", "coordinates": [[-6.327016948001228, 53.36056519041144], [-6.327161844012192, 53.36063309122268], [-6.328470230894599, 53.36118787375064], [-6.329328500209523, 53.36155031163953], [-6.3299546809449145, 53.361810085435486], [-6.3300283052080175, 53.36183969582045], [-6.330293980467625, 53.361951521120126], [-6.330623611195783, 53.3620859411496], [-6.33140848459278, 53.3624202516932], [-6.332127355392541, 53.36271858941384], [-6.33290889757901, 53.36304552622263], [-6.336125416483271, 53.36439187564019], [-6.336190100638564, 53.36442011446677], [-6.33757405324158, 53.36501930670207], [-6.339435885544281, 53.3657900347838], [-6.340896322607506, 53.3663934679309], [-6.34125247649096, 53.36653287989012]]}, "properties": {"FID": 540, "BIKE": "SEPARATE_TRAIL", "Shape_Leng": 1157.27323831, "DIR": "Forward"}}, {"type": "Feature", "id": 541, "geometry": {"type": "LineString", "coordinates": [[-6.220613360259007, 53.387489884525394], [-6.220422976787459, 53.38808924971788]]}, "properties": {"FID": 541, "BIKE": "NON_TRAFFIC_TRAIL", "Shape_Leng": 67.8969807871, "DIR": "Bi-Directional"}}, {"type": "Feature", "id": 552, "geometry": {"type": "LineString", "coordinates": [[-6.220613360259007, 53.387489884525394], [-6.220792539044103, 53.38751951987746]]}, "properties": {"FID": 552, "BIKE": "NON_TRAFFIC_TRAIL", "Shape_Leng": 12.3693168769, "DIR": "Bi-Directional"}}, {"type": "Feature", "id": 553, "geometry": {"type": "LineString", "coordinates": [[-6.2342613717572135, 53.32361613489763], [-6.234124119970735, 53.32366803212245], [-6.233924259088077, 53.3237819194779], [-6.233846647176178, 53.32384368759011], [-6.233829418013799, 53.3238973615686], [-6.233725671040011, 53.32422838805651], [-6.233706215170599, 53.324335958129055], [-6.233479842281436, 53.32472808577292], [-6.2332395752828065, 53.32509304265537], [-6.232335221186973, 53.32597851087731], [-6.231700831609388, 53.32648834183065], [-6.23155556187507, 53.32673381888184], [-6.2314901000906415, 53.326922440543285]]}, "properties": {"FID": 553, "BIKE": "NON_TRAFFIC_TRAIL", "Shape_Leng": 419.927966938, "DIR": "Bi-Directional"}}, {"type": "Feature", "id": 557, "geometry": {"type": "LineString", "coordinates": [[-6.278735156913154, 53.33892153180359], [-6.278772015385295, 53.33927687059201]]}, "properties": {"FID": 557, "BIKE": "NON_TRAFFIC_TRAIL", "Shape_Leng": 39.6219861913, "DIR": "Bi-Directional"}}, {"type": "Feature", "id": 558, "geometry": {"type": "LineString", "coordinates": [[-6.288202382366956, 53.32279356283005], [-6.288173814735743, 53.32275720041845], [-6.288160609762603, 53.32271207036601], [-6.28816168858531, 53.32268512152173], [-6.288197448155871, 53.322541824969164], [-6.288228532809366, 53.32251530673492], [-6.288259257839876, 53.32249777144102], [-6.2883507136513375, 53.32246313140906]]}, "properties": {"FID": 558, "BIKE": "NON_TRAFFIC_TRAIL", "Shape_Leng": 42.3407519163, "DIR": "Bi-Directional"}}, {"type": "Feature", "id": 559, "geometry": {"type": "LineString", "coordinates": [[-6.3125353210819375, 53.37453389421625], [-6.312456662369391, 53.374622662074565], [-6.312363692264792, 53.374693251502926]]}, "properties": {"FID": 559, "BIKE": "NON_TRAFFIC_TRAIL", "Shape_Leng": 21.1803398875, "DIR": "Bi-Directional"}}, {"type": "Feature", "id": 560, "geometry": {"type": "LineString", "coordinates": [[-6.256849999814219, 53.33752000095215], [-6.256580000962386, 53.33787000091605]]}, "properties": {"FID": 560, "BIKE": "NON_TRAFFIC_TRAIL", "Shape_Leng": 42.9034360848, "DIR": "Bi-Directional"}}, {"type": "Feature", "id": 563, "geometry": {"type": "LineString", "coordinates": [[-6.134404892627919, 53.396967110233305], [-6.135402507073551, 53.39712639329822], [-6.135852507483827, 53.39718639377447], [-6.136542506728954, 53.39726639279358], [-6.1368325066911344, 53.397266393147014], [-6.1370525059964685, 53.3972563939124], [-6.137302506986492, 53.397196393589894], [-6.138322506468203, 53.39684639464817], [-6.138652506347542, 53.39676639461528], [-6.138992506127746, 53.39670639466634], [-6.139392505635664, 53.39668639538037], [-6.139732505626946, 53.39670639565267], [-6.141942503628801, 53.396986396879086], [-6.142202503685438, 53.39702639743181], [-6.14273250300919, 53.39708639724061], [-6.142807948716427, 53.397095941803805], [-6.14298208154447, 53.39709935648784], [-6.1443925017201, 53.39729639831877], [-6.144842501140918, 53.39731639870671], [-6.145602500573339, 53.39732639927914], [-6.145972500474581, 53.39734639924581], [-6.1463346383755795, 53.397359418873116], [-6.1469676265167585, 53.39743924061069], [-6.147610440327538, 53.39752732779705], [-6.1489030875629185, 53.39770978445968], [-6.149819574558251, 53.39785138558549], [-6.15042037939647, 53.39793767929787], [-6.151027272878786, 53.39801155180638], [-6.152130990473367, 53.39812215850376], [-6.15296428340367, 53.398169925669336], [-6.154485415465685, 53.39819503725785], [-6.1557702029606, 53.3982275741695], [-6.157095117982401, 53.398259448515354], [-6.157618955874236, 53.39827362053009], [-6.15832762353939, 53.398321602675374], [-6.158601262968208, 53.39833473769392], [-6.15905403392887, 53.398369474929474], [-6.15949788722654, 53.39841039074195], [-6.160358964713148, 53.39853397597729]]}, "properties": {"FID": 563, "BIKE": "SEPARATE_TRAIL", "Shape_Leng": 1764.78830977, "DIR": "Forward"}}, {"type": "Feature", "id": 566, "geometry": {"type": "LineString", "coordinates": [[-6.305289999619818, 53.356830000707106], [-6.304769999101944, 53.356880001096044], [-6.303870000869932, 53.35707000061885]]}, "properties": {"FID": 566, "BIKE": "NON_TRAFFIC_TRAIL", "Shape_Leng": 98.6101461484, "DIR": "Bi-Directional"}}, {"type": "Feature", "id": 568, "geometry": {"type": "LineString", "coordinates": [[-6.3393899997188665, 53.345130000839895], [-6.339739999373765, 53.34520000153874], [-6.340340000169341, 53.345350001165386], [-6.340919999824499, 53.345510001003674], [-6.341179998971865, 53.34558000063699], [-6.341339999964956, 53.34561000159494], [-6.341510000900667, 53.34560000090291], [-6.3416600005951125, 53.345560000429636], [-6.341810000521019, 53.34546000033524]]}, "properties": {"FID": 568, "BIKE": "NON_TRAFFIC_TRAIL", "Shape_Leng": 177.837711748, "DIR": "Bi-Directional"}}, {"type": "Feature", "id": 570, "geometry": {"type": "LineString", "coordinates": [[-6.320420000417096, 53.345210001100135], [-6.317294739677342, 53.34541324001345]]}, "properties": {"FID": 570, "BIKE": "NON_TRAFFIC_TRAIL", "Shape_Leng": 209.363365776, "DIR": "Bi-Directional"}}, {"type": "Feature", "id": 571, "geometry": {"type": "LineString", "coordinates": [[-6.301750265085121, 53.35850805404322], [-6.301477839326931, 53.35855810483513], [-6.301263689151038, 53.35865392484283]]}, "properties": {"FID": 571, "BIKE": "NON_TRAFFIC_TRAIL", "Shape_Leng": 36.7781597758, "DIR": "Bi-Directional"}}, {"type": "Feature", "id": 574, "geometry": {"type": "LineString", "coordinates": [[-6.314074009585136, 53.37477135201776], [-6.31415846140408, 53.37491635300206]]}, "properties": {"FID": 574, "BIKE": "NON_TRAFFIC_TRAIL", "Shape_Leng": 17.0880074906, "DIR": "Bi-Directional"}}, {"type": "Feature", "id": 575, "geometry": {"type": "LineString", "coordinates": [[-6.248443006565672, 53.34828196757869], [-6.248508857916792, 53.34850763747859]]}, "properties": {"FID": 575, "BIKE": "NON_TRAFFIC_TRAIL", "Shape_Leng": 25.495097568, "DIR": "Bi-Directional"}}, {"type": "Feature", "id": 579, "geometry": {"type": "LineString", "coordinates": [[-6.176290049019564, 53.36958154195261], [-6.176794541646078, 53.3697330618449]]}, "properties": {"FID": 579, "BIKE": "NON_TRAFFIC_TRAIL", "Shape_Leng": 37.5765884561, "DIR": "Bi-Directional"}}, {"type": "Feature", "id": 583, "geometry": {"type": "LineString", "coordinates": [[-6.224779772861796, 53.334929424824935], [-6.22499139668151, 53.33457805130192], [-6.225031353828092, 53.33451170547133], [-6.225209789321467, 53.33431490900465], [-6.225300902254705, 53.33425639874468], [-6.225486313736972, 53.33429869952857]]}, "properties": {"FID": 583, "BIKE": "NON_TRAFFIC_TRAIL", "Shape_Leng": 96.457053331, "DIR": "Bi-Directional"}}, {"type": "Feature", "id": 584, "geometry": {"type": "LineString", "coordinates": [[-6.219361045849005, 53.38795656693382], [-6.21915449201536, 53.38858265329865]]}, "properties": {"FID": 584, "BIKE": "NON_TRAFFIC_TRAIL", "Shape_Leng": 71.0211236183, "DIR": "Bi-Directional"}}, {"type": "Feature", "id": 585, "geometry": {"type": "LineString", "coordinates": [[-6.175804129409733, 53.37005048964489], [-6.175333985863449, 53.37050170021577]]}, "properties": {"FID": 585, "BIKE": "NON_TRAFFIC_TRAIL", "Shape_Leng": 59.1692487699, "DIR": "Bi-Directional"}}, {"type": "Feature", "id": 586, "geometry": {"type": "LineString", "coordinates": [[-6.285031734726996, 53.36852431775675], [-6.285238032606554, 53.36862615074784], [-6.285444692254643, 53.36871900052281], [-6.2856506313259715, 53.36882981567862], [-6.285841552250056, 53.368940414754235], [-6.286032474163859, 53.36905101353029], [-6.28620801714191, 53.36917037918958], [-6.286912722248862, 53.36958495920126], [-6.28707469218991, 53.369668176526595], [-6.2872212828282965, 53.369760160948516], [-6.287367874098043, 53.36985214519402], [-6.287514465999155, 53.3699441292631], [-6.28764603891421, 53.37003589764845], [-6.288540626985449, 53.370588012806984], [-6.288717263642105, 53.370680426219], [-6.288923940838005, 53.37077327007708], [-6.289115959053029, 53.37085691537862], [-6.2893229979724925, 53.37094077567674], [-6.289530397662156, 53.371015652739665], [-6.289753177995702, 53.37108176181176], [-6.2899759590262665, 53.37114787047276], [-6.2901991005680316, 53.37120499583844], [-6.290422242714613, 53.3712621207911], [-6.2906607652768045, 53.37131047757803], [-6.290884268280704, 53.3713586187886], [-6.291199330985217, 53.37137211845476], [-6.291572317232433, 53.37144037471857], [-6.291748964038431, 53.371532783710535]]}, "properties": {"FID": 586, "BIKE": "NON_TRAFFIC_TRAIL", "Shape_Leng": 569.975830123, "DIR": "Bi-Directional"}}, {"type": "Feature", "id": 588, "geometry": {"type": "LineString", "coordinates": [[-6.373718811567519, 53.33164747811373], [-6.373818841204165, 53.331673026580035], [-6.37395259586845, 53.33169701864674], [-6.374056564930766, 53.3317075046161], [-6.374150000484564, 53.33174000141825], [-6.374220000250499, 53.33177000097392], [-6.374259999359277, 53.331800001500774]]}, "properties": {"FID": 588, "BIKE": "BIKE_FRIENDLY_PEDESTRIAN_PATH", "Shape_Leng": 40.7770172147, "DIR": "Forward"}}, {"type": "Feature", "id": 589, "geometry": {"type": "LineString", "coordinates": [[-6.180065156087235, 53.386429100151275], [-6.180028592593009, 53.38658134154727], [-6.179916905716068, 53.38673243739443], [-6.179685020655661, 53.38688170006174], [-6.17937724366287, 53.387047781034816], [-6.179043248924538, 53.38712357952299]]}, "properties": {"FID": 589, "BIKE": "NON_TRAFFIC_TRAIL", "Shape_Leng": 109.529544273, "DIR": "Bi-Directional"}}, {"type": "Feature", "id": 594, "geometry": {"type": "LineString", "coordinates": [[-6.180065156087235, 53.386429100151275], [-6.180133764581457, 53.38658294517697], [-6.180307162791042, 53.38674737597284], [-6.180656261674157, 53.38702234284553], [-6.180804210688902, 53.38707852692841], [-6.180968333913577, 53.38710799281531], [-6.18118136139654, 53.38704832201537]]}, "properties": {"FID": 594, "BIKE": "NON_TRAFFIC_TRAIL", "Shape_Leng": 116.488232107, "DIR": "Bi-Directional"}}, {"type": "Feature", "id": 595, "geometry": {"type": "LineString", "coordinates": [[-6.276460996409892, 53.36566847173549], [-6.276476014403289, 53.365668688637946], [-6.276636861209383, 53.36577886838504], [-6.27720210946518, 53.36592185098946], [-6.277736962902558, 53.36607338029272], [-6.278286476126921, 53.36623410673729], [-6.278820975264458, 53.36639461407273], [-6.279355116426825, 53.36656410188234], [-6.279873881546415, 53.366742353696786], [-6.28280995161399, 53.3677193960983], [-6.284809696983811, 53.36844023428179], [-6.285031734726996, 53.36852431775675]]}, "properties": {"FID": 595, "BIKE": "NON_TRAFFIC_TRAIL", "Shape_Leng": 654.692034209, "DIR": "Bi-Directional"}}, {"type": "Feature", "id": 596, "geometry": {"type": "LineString", "coordinates": [[-6.174481441932949, 53.371108847548655], [-6.172786278898461, 53.37208958298897]]}, "properties": {"FID": 596, "BIKE": "NON_TRAFFIC_TRAIL", "Shape_Leng": 156.984075626, "DIR": "Bi-Directional"}}, {"type": "Feature", "id": 600, "geometry": {"type": "LineString", "coordinates": [[-6.221315925271961, 53.38253891666291], [-6.2212967826799686, 53.38263750068768]]}, "properties": {"FID": 600, "BIKE": "NON_TRAFFIC_TRAIL", "Shape_Leng": 11.0453610172, "DIR": "Bi-Directional"}}, {"type": "Feature", "id": 601, "geometry": {"type": "LineString", "coordinates": [[-6.349799631564735, 53.356117306760375], [-6.350004291742517, 53.35626394460535], [-6.350256428192176, 53.35634832261818], [-6.350524968707904, 53.356396974929844]]}, "properties": {"FID": 601, "BIKE": "NON_TRAFFIC_TRAIL", "Shape_Leng": 59.1772173794, "DIR": "Bi-Directional"}}, {"type": "Feature", "id": 602, "geometry": {"type": "LineString", "coordinates": [[-6.182475087545268, 53.384560330156894], [-6.182296331824193, 53.384521655256684], [-6.1820559500451076, 53.384517994132004], [-6.1816156640908115, 53.384619145181304], [-6.181191548808881, 53.384693576522324], [-6.180753174198058, 53.3847498126744], [-6.180599487366006, 53.384828363584205], [-6.180491638088542, 53.3848896367331]]}, "properties": {"FID": 602, "BIKE": "NON_TRAFFIC_TRAIL", "Shape_Leng": 142.630689397, "DIR": "Bi-Directional"}}, {"type": "Feature", "id": 604, "geometry": {"type": "LineString", "coordinates": [[-6.327130000269899, 53.34461000119887], [-6.328329999362029, 53.34497000044488], [-6.32881999967007, 53.34509000072095], [-6.3292800003768175, 53.34520000124435], [-6.329529999984962, 53.34524000030741], [-6.330120000796236, 53.345300000775694], [-6.33072000038568, 53.345350000618524], [-6.331359999743006, 53.34540000050279], [-6.332409999236939, 53.34555000166184]]}, "properties": {"FID": 604, "BIKE": "NON_TRAFFIC_TRAIL", "Shape_Leng": 369.963580469, "DIR": "Bi-Directional"}}, {"type": "Feature", "id": 605, "geometry": {"type": "LineString", "coordinates": [[-6.278934800692775, 53.34903129861345], [-6.278809448064004, 53.34953282312428], [-6.2782254151236065, 53.34948844428228]]}, "properties": {"FID": 605, "BIKE": "NON_TRAFFIC_TRAIL", "Shape_Leng": 95.6403958059, "DIR": "Bi-Directional"}}, {"type": "Feature", "id": 608, "geometry": {"type": "LineString", "coordinates": [[-6.3082725245579265, 53.3747701502618], [-6.3084542059742255, 53.374736773382075]]}, "properties": {"FID": 608, "BIKE": "NON_TRAFFIC_TRAIL", "Shape_Leng": 12.6491106407, "DIR": "Bi-Directional"}}, {"type": "Feature", "id": 609, "geometry": {"type": "LineString", "coordinates": [[-6.23016112926962, 53.33091668801285], [-6.229790583989043, 53.33116285876934], [-6.229146957036414, 53.33147688022411], [-6.228623755654811, 53.33181158419739], [-6.228384119495111, 53.3320573728505], [-6.228164743925183, 53.332352124857884], [-6.227853191063811, 53.33298565752991]]}, "properties": {"FID": 609, "BIKE": "NON_TRAFFIC_TRAIL", "Shape_Leng": 284.292306119, "DIR": "Bi-Directional"}}, {"type": "Feature", "id": 611, "geometry": {"type": "LineString", "coordinates": [[-6.175955468081216, 53.37002583834722], [-6.175804129409733, 53.37005048964489]]}, "properties": {"FID": 611, "BIKE": "NON_TRAFFIC_TRAIL", "Shape_Leng": 10.4403065089, "DIR": "Bi-Directional"}}, {"type": "Feature", "id": 612, "geometry": {"type": "LineString", "coordinates": [[-6.317294739677342, 53.34541324001345], [-6.3150700000819775, 53.345550001598056]]}, "properties": {"FID": 612, "BIKE": "NON_TRAFFIC_TRAIL", "Shape_Leng": 148.943727161, "DIR": "Bi-Directional"}}, {"type": "Feature", "id": 614, "geometry": {"type": "LineString", "coordinates": [[-6.323089999905998, 53.35430000088896], [-6.323399999616409, 53.354540001371795], [-6.323789999827252, 53.354850000941035], [-6.324079999461653, 53.35521000075912], [-6.3243800000368315, 53.35558000101295], [-6.324513016306641, 53.35584603558244], [-6.324549999809313, 53.355920001339726]]}, "properties": {"FID": 614, "BIKE": "NON_TRAFFIC_TRAIL", "Shape_Leng": 206.672860202, "DIR": "Bi-Directional"}}, {"type": "Feature", "id": 615, "geometry": {"type": "LineString", "coordinates": [[-6.314424227536909, 53.373895474496635], [-6.3146635023908395, 53.37392581762935], [-6.314947486578414, 53.37396577953997]]}, "properties": {"FID": 615, "BIKE": "NON_TRAFFIC_TRAIL", "Shape_Leng": 35.695308435, "DIR": "Bi-Directional"}}, {"type": "Feature", "id": 618, "geometry": {"type": "LineString", "coordinates": [[-6.250549746311535, 53.3140680322013], [-6.250457176421254, 53.31412959153799], [-6.250521152928595, 53.31440017513488], [-6.250554028249981, 53.314697267004505]]}, "properties": {"FID": 618, "BIKE": "NON_TRAFFIC_TRAIL", "Shape_Leng": 72.7694401603, "DIR": "Bi-Directional"}}, {"type": "Feature", "id": 623, "geometry": {"type": "LineString", "coordinates": [[-6.2194331168360595, 53.38731049787037], [-6.219532669387108, 53.38744680463291], [-6.219553722228518, 53.3876628334067]]}, "properties": {"FID": 623, "BIKE": "NON_TRAFFIC_TRAIL", "Shape_Leng": 40.6361345148, "DIR": "Bi-Directional"}}, {"type": "Feature", "id": 626, "geometry": {"type": "LineString", "coordinates": [[-6.220343245024553, 53.38711734477274], [-6.219784692910307, 53.3871719322191], [-6.219453765735815, 53.38717598418418]]}, "properties": {"FID": 626, "BIKE": "NON_TRAFFIC_TRAIL", "Shape_Leng": 59.6790563131, "DIR": "Bi-Directional"}}, {"type": "Feature", "id": 629, "geometry": {"type": "LineString", "coordinates": [[-6.221112780913082, 53.37983945296307], [-6.221175536627121, 53.380136996332304], [-6.221210494399146, 53.380380196627755], [-6.221263096462875, 53.38056074301457]]}, "properties": {"FID": 629, "BIKE": "NON_TRAFFIC_TRAIL", "Shape_Leng": 80.9388720053, "DIR": "Bi-Directional"}}, {"type": "Feature", "id": 637, "geometry": {"type": "LineString", "coordinates": [[-6.219453765735815, 53.38717598418418], [-6.2194331168360595, 53.38731049787037]]}, "properties": {"FID": 637, "BIKE": "NON_TRAFFIC_TRAIL", "Shape_Leng": 15.0332963784, "DIR": "Bi-Directional"}}, {"type": "Feature", "id": 638, "geometry": {"type": "LineString", "coordinates": [[-6.281744284070497, 53.36619406357754], [-6.281548685661908, 53.366200235146934]]}, "properties": {"FID": 638, "BIKE": "NON_TRAFFIC_TRAIL", "Shape_Leng": 13.0384048104, "DIR": "Bi-Directional"}}, {"type": "Feature", "id": 639, "geometry": {"type": "LineString", "coordinates": [[-6.314130001110305, 53.34559000147244], [-6.313349999734975, 53.34563000077831]]}, "properties": {"FID": 639, "BIKE": "NON_TRAFFIC_TRAIL", "Shape_Leng": 52.1370727283, "DIR": "Bi-Directional"}}, {"type": "Feature", "id": 640, "geometry": {"type": "LineString", "coordinates": [[-6.290496761031638, 53.31609437267698], [-6.2900803327817805, 53.31599852224223]]}, "properties": {"FID": 640, "BIKE": "NON_TRAFFIC_TRAIL", "Shape_Leng": 29.7321374946, "DIR": "Bi-Directional"}}, {"type": "Feature", "id": 641, "geometry": {"type": "LineString", "coordinates": [[-6.226366606432576, 53.337691344688075], [-6.226662760412654, 53.33815414411752]]}, "properties": {"FID": 641, "BIKE": "NON_TRAFFIC_TRAIL", "Shape_Leng": 55.1543289326, "DIR": "Bi-Directional"}}, {"type": "Feature", "id": 642, "geometry": {"type": "LineString", "coordinates": [[-6.349420000131572, 53.35967000163431], [-6.348900000510129, 53.359690000964065], [-6.348120001070247, 53.35976000075678], [-6.3459399990520025, 53.36013000113516], [-6.344700000198218, 53.36034000058005]]}, "properties": {"FID": 642, "BIKE": "NON_TRAFFIC_TRAIL", "Shape_Leng": 323.861263905, "DIR": "Bi-Directional"}}, {"type": "Feature", "id": 645, "geometry": {"type": "LineString", "coordinates": [[-6.369975958642392, 53.32796108523984], [-6.369935092366245, 53.32827008593386], [-6.369934225165479, 53.328631872296484], [-6.370031048921299, 53.328974356164984], [-6.37012337373512, 53.32915232426015], [-6.370257907850095, 53.329353441376995], [-6.370373263126349, 53.32952076123665], [-6.370641740014338, 53.32982560352763], [-6.370856109242547, 53.32999556499905], [-6.371007131158328, 53.33010339352583], [-6.371139243011988, 53.330170334344956], [-6.371683228091119, 53.330511181924656], [-6.3727691470819705, 53.3311341543914], [-6.3729801865771405, 53.331222161679314], [-6.373229030756519, 53.331364212066056], [-6.373337582816579, 53.33145598109501], [-6.373718811567519, 53.33164747811373]]}, "properties": {"FID": 645, "BIKE": "BIKE_FRIENDLY_PEDESTRIAN_PATH", "Shape_Leng": 506.025732336, "DIR": "Forward"}}, {"type": "Feature", "id": 646, "geometry": {"type": "LineString", "coordinates": [[-6.314610140301252, 53.36499997115686], [-6.314544748892245, 53.36513386783467]]}, "properties": {"FID": 646, "BIKE": "NON_TRAFFIC_TRAIL", "Shape_Leng": 15.5241746963, "DIR": "Bi-Directional"}}, {"type": "Feature", "id": 647, "geometry": {"type": "LineString", "coordinates": [[-6.250280985806309, 53.31330009499531], [-6.250563402773538, 53.313367155079476]]}, "properties": {"FID": 647, "BIKE": "NON_TRAFFIC_TRAIL", "Shape_Leng": 20.2484567313, "DIR": "Bi-Directional"}}, {"type": "Feature", "id": 648, "geometry": {"type": "LineString", "coordinates": [[-6.182606374964479, 53.38430167237296], [-6.18270656755083, 53.38442004417006]]}, "properties": {"FID": 648, "BIKE": "NON_TRAFFIC_TRAIL", "Shape_Leng": 14.7648230602, "DIR": "Bi-Directional"}}, {"type": "Feature", "id": 650, "geometry": {"type": "LineString", "coordinates": [[-6.304317009989672, 53.351120486644746], [-6.304448503708257, 53.351167315311656], [-6.305292692286442, 53.35151756293659], [-6.306124253807815, 53.35186818607794], [-6.307103065196233, 53.35226951789991], [-6.307382711705728, 53.352384597170506], [-6.3079624186318535, 53.35262953461472], [-6.308450670323782, 53.352825747307236], [-6.308858562658035, 53.35299876150074], [-6.309962695599924, 53.35345755973645], [-6.3114764938404955, 53.35409477685672], [-6.311800984984885, 53.35422852724891], [-6.312820752132314, 53.35465002422926], [-6.314171081021392, 53.35521597119558], [-6.314727149807081, 53.35544798043131], [-6.315132366728715, 53.35561505592792], [-6.31609898355712, 53.35602272326416], [-6.31867919692061, 53.357097511387394], [-6.319572184479723, 53.35746626404512], [-6.3205127697389765, 53.35786041485694], [-6.321218550569866, 53.358154171796095], [-6.324482707074568, 53.35950754998574], [-6.324627659979119, 53.35957112790498]]}, "properties": {"FID": 650, "BIKE": "SEPARATE_TRAIL", "Shape_Leng": 1647.26405519, "DIR": "Forward"}}, {"type": "Feature", "id": 651, "geometry": {"type": "LineString", "coordinates": [[-6.182475087545268, 53.384560330156894], [-6.182602267097208, 53.384751018350016]]}, "properties": {"FID": 651, "BIKE": "NON_TRAFFIC_TRAIL", "Shape_Leng": 22.8473193176, "DIR": "Bi-Directional"}}, {"type": "Feature", "id": 653, "geometry": {"type": "LineString", "coordinates": [[-6.270766996105862, 53.30394706335106], [-6.270632836057724, 53.30400657177823], [-6.270301210557003, 53.30441521763554], [-6.270080985027458, 53.3042951772337]]}, "properties": {"FID": 653, "BIKE": "NON_TRAFFIC_TRAIL", "Shape_Leng": 81.5449222274, "DIR": "Bi-Directional"}}, {"type": "Feature", "id": 654, "geometry": {"type": "LineString", "coordinates": [[-6.278899897354652, 53.34877912875151], [-6.2788769234558375, 53.34897653522675], [-6.278934800692775, 53.34903129861345]]}, "properties": {"FID": 654, "BIKE": "NON_TRAFFIC_TRAIL", "Shape_Leng": 29.2338180965, "DIR": "Bi-Directional"}}, {"type": "Feature", "id": 656, "geometry": {"type": "LineString", "coordinates": [[-6.249604480163428, 53.349629255491344], [-6.249583210831233, 53.349781741565906]]}, "properties": {"FID": 656, "BIKE": "NON_TRAFFIC_TRAIL", "Shape_Leng": 17.0293863659, "DIR": "Bi-Directional"}}, {"type": "Feature", "id": 658, "geometry": {"type": "LineString", "coordinates": [[-6.231759732920906, 53.32930203674772], [-6.231662365380874, 53.32908196317125], [-6.23160759440347, 53.32892919169883], [-6.2314003950978885, 53.32835587476187], [-6.231383885886191, 53.328208895272084], [-6.231343080463941, 53.327993936565655], [-6.231382703153467, 53.32763681518571], [-6.23138807446568, 53.327588885362786]]}, "properties": {"FID": 658, "BIKE": "NON_TRAFFIC_TRAIL", "Shape_Leng": 193.65748891, "DIR": "Bi-Directional"}}, {"type": "Feature", "id": 660, "geometry": {"type": "LineString", "coordinates": [[-6.177013428495367, 53.3850163259233], [-6.176711029268603, 53.38505664768776]]}, "properties": {"FID": 660, "BIKE": "NON_TRAFFIC_TRAIL", "Shape_Leng": 20.6155281281, "DIR": "Bi-Directional"}}, {"type": "Feature", "id": 662, "geometry": {"type": "LineString", "coordinates": [[-6.364562734531824, 53.34839317018348], [-6.36083421441623, 53.34730838855313]]}, "properties": {"FID": 662, "BIKE": "NON_TRAFFIC_TRAIL", "Shape_Leng": 276.090564851, "DIR": "Bi-Directional"}}, {"type": "Feature", "id": 663, "geometry": {"type": "LineString", "coordinates": [[-6.313763807814, 53.36512283553023], [-6.3138825335493065, 53.36516046515445]]}, "properties": {"FID": 663, "BIKE": "NON_TRAFFIC_TRAIL", "Shape_Leng": 8.94427191, "DIR": "Bi-Directional"}}, {"type": "Feature", "id": 665, "geometry": {"type": "LineString", "coordinates": [[-6.252606435865586, 53.35298987358318], [-6.252999989607045, 53.35365176883906]]}, "properties": {"FID": 665, "BIKE": "NON_TRAFFIC_TRAIL", "Shape_Leng": 78.1856764376, "DIR": "Bi-Directional"}}, {"type": "Feature", "id": 669, "geometry": {"type": "LineString", "coordinates": [[-6.305289999619818, 53.356830000707106], [-6.305600000302665, 53.35685000093331], [-6.306529999949145, 53.35695000068803], [-6.307349999819781, 53.356970000547314], [-6.3077499997916435, 53.35691000108291]]}, "properties": {"FID": 669, "BIKE": "NON_TRAFFIC_TRAIL", "Shape_Leng": 165.769954643, "DIR": "Bi-Directional"}}, {"type": "Feature", "id": 676, "geometry": {"type": "LineString", "coordinates": [[-6.250549746311535, 53.3140680322013], [-6.250683273899143, 53.31410594341768], [-6.250772108487351, 53.314502725856364], [-6.250789985687414, 53.314799597678196]]}, "properties": {"FID": 676, "BIKE": "NON_TRAFFIC_TRAIL", "Shape_Leng": 87.4627471313, "DIR": "Bi-Directional"}}, {"type": "Feature", "id": 677, "geometry": {"type": "LineString", "coordinates": [[-6.2505234209332095, 53.31397776433441], [-6.250549746311535, 53.3140680322013]]}, "properties": {"FID": 677, "BIKE": "NON_TRAFFIC_TRAIL", "Shape_Leng": 10.1980390272, "DIR": "Bi-Directional"}}, {"type": "Feature", "id": 678, "geometry": {"type": "LineString", "coordinates": [[-6.312333443338919, 53.37393783131982], [-6.312448285268877, 53.37407427531395], [-6.312533440520504, 53.37420131144377], [-6.312525627084328, 53.37439893707916], [-6.3125353210819375, 53.37453389421625]]}, "properties": {"FID": 678, "BIKE": "NON_TRAFFIC_TRAIL", "Shape_Leng": 69.2648425901, "DIR": "Bi-Directional"}}, {"type": "Feature", "id": 681, "geometry": {"type": "LineString", "coordinates": [[-6.221263096462875, 53.38056074301457], [-6.221382201520366, 53.380949007213204], [-6.221519326936068, 53.38126563482235], [-6.221644051827559, 53.3815191606429], [-6.221650464307651, 53.38172598292875], [-6.22156636277667, 53.38194044464503]]}, "properties": {"FID": 681, "BIKE": "NON_TRAFFIC_TRAIL", "Shape_Leng": 157.28022727, "DIR": "Bi-Directional"}}, {"type": "Feature", "id": 682, "geometry": {"type": "LineString", "coordinates": [[-6.278940054335587, 53.34852804161574], [-6.2796727481626675, 53.34861051295503]]}, "properties": {"FID": 682, "BIKE": "NON_TRAFFIC_TRAIL", "Shape_Leng": 49.6487663492, "DIR": "Bi-Directional"}}, {"type": "Feature", "id": 683, "geometry": {"type": "LineString", "coordinates": [[-6.175804129409733, 53.37005048964489], [-6.175007369657716, 53.370056283931376]]}, "properties": {"FID": 683, "BIKE": "NON_TRAFFIC_TRAIL", "Shape_Leng": 53.0377224247, "DIR": "Bi-Directional"}}, {"type": "Feature", "id": 685, "geometry": {"type": "LineString", "coordinates": [[-6.175333985863449, 53.37050170021577], [-6.1751141212949845, 53.37072304326831]]}, "properties": {"FID": 685, "BIKE": "NON_TRAFFIC_TRAIL", "Shape_Leng": 28.6530975638, "DIR": "Bi-Directional"}}, {"type": "Feature", "id": 690, "geometry": {"type": "LineString", "coordinates": [[-6.1751141212949845, 53.37072304326831], [-6.174481441932949, 53.371108847548655]]}, "properties": {"FID": 690, "BIKE": "NON_TRAFFIC_TRAIL", "Shape_Leng": 60.141499815, "DIR": "Bi-Directional"}}, {"type": "Feature", "id": 696, "geometry": {"type": "LineString", "coordinates": [[-6.325609999403053, 53.34454000012712], [-6.326200000313479, 53.344540000733325], [-6.327130000269899, 53.34461000119887]]}, "properties": {"FID": 696, "BIKE": "NON_TRAFFIC_TRAIL", "Shape_Leng": 101.719570991, "DIR": "Bi-Directional"}}, {"type": "Feature", "id": 698, "geometry": {"type": "LineString", "coordinates": [[-6.353985328614078, 53.35704695252306], [-6.354116660589262, 53.35714763178257]]}, "properties": {"FID": 698, "BIKE": "NON_TRAFFIC_TRAIL", "Shape_Leng": 14.2126704036, "DIR": "Bi-Directional"}}, {"type": "Feature", "id": 700, "geometry": {"type": "LineString", "coordinates": [[-6.226662760412654, 53.33815414411752], [-6.226734445596749, 53.338236103225256], [-6.226803522119118, 53.33838094071162]]}, "properties": {"FID": 700, "BIKE": "NON_TRAFFIC_TRAIL", "Shape_Leng": 27.0586847552, "DIR": "Bi-Directional"}}, {"type": "Feature", "id": 704, "geometry": {"type": "LineString", "coordinates": [[-6.314544748892245, 53.36513386783467], [-6.314036616557012, 53.3650637739526], [-6.313945089159607, 53.36509843288834], [-6.3138825335493065, 53.36516046515445]]}, "properties": {"FID": 704, "BIKE": "NON_TRAFFIC_TRAIL", "Shape_Leng": 49.9864702146, "DIR": "Bi-Directional"}}, {"type": "Feature", "id": 707, "geometry": {"type": "LineString", "coordinates": [[-6.31425415234706, 53.375537876741056], [-6.314404015179261, 53.37554898139098], [-6.314674052261018, 53.37556178289499], [-6.314944444182543, 53.375565600796584], [-6.315754911329447, 53.37559501682075], [-6.316042097575757, 53.37555412923914], [-6.316703056061071, 53.375563453231614], [-6.316896922305776, 53.37560213935408], [-6.331157265208736, 53.375685547654925], [-6.3327394830494335, 53.37558182933546]]}, "properties": {"FID": 707, "BIKE": "NON_TRAFFIC_TRAIL", "Shape_Leng": 1232.38126813, "DIR": "Bi-Directional"}}, {"type": "Feature", "id": 713, "geometry": {"type": "LineString", "coordinates": [[-6.271845210313796, 53.364525011569604], [-6.272654919965218, 53.36466070463884], [-6.273128580481534, 53.36483833327264], [-6.275388047089997, 53.36544624486435], [-6.275864992664177, 53.36554301736019], [-6.276460996409892, 53.36566847173549]]}, "properties": {"FID": 713, "BIKE": "NON_TRAFFIC_TRAIL", "Shape_Leng": 333.702561246, "DIR": "Bi-Directional"}}, {"type": "Feature", "id": 716, "geometry": {"type": "LineString", "coordinates": [[-6.281233409369457, 53.363580169231795], [-6.281655730354683, 53.36428731999963], [-6.281753261692139, 53.36447747362815]]}, "properties": {"FID": 716, "BIKE": "NON_TRAFFIC_TRAIL", "Shape_Leng": 105.706273284, "DIR": "Bi-Directional"}}, {"type": "Feature", "id": 717, "geometry": {"type": "LineString", "coordinates": [[-6.3125353210819375, 53.37453389421625], [-6.3127517641807955, 53.37476165443684]]}, "properties": {"FID": 717, "BIKE": "NON_TRAFFIC_TRAIL", "Shape_Leng": 29.1547594742, "DIR": "Bi-Directional"}}, {"type": "Feature", "id": 722, "geometry": {"type": "LineString", "coordinates": [[-6.175007369657716, 53.370056283931376], [-6.174480178296316, 53.370084173282834]]}, "properties": {"FID": 722, "BIKE": "NON_TRAFFIC_TRAIL", "Shape_Leng": 35.2278299076, "DIR": "Bi-Directional"}}, {"type": "Feature", "id": 725, "geometry": {"type": "LineString", "coordinates": [[-6.308459999915189, 53.356640000935734], [-6.3077499997916435, 53.35691000108291]]}, "properties": {"FID": 725, "BIKE": "NON_TRAFFIC_TRAIL", "Shape_Leng": 56.0141716697, "DIR": "Bi-Directional"}}, {"type": "Feature", "id": 729, "geometry": {"type": "LineString", "coordinates": [[-6.22274430998743, 53.38036709405161], [-6.222503197914974, 53.380381479647724]]}, "properties": {"FID": 729, "BIKE": "NON_TRAFFIC_TRAIL", "Shape_Leng": 16.1245154966, "DIR": "Bi-Directional"}}, {"type": "Feature", "id": 731, "geometry": {"type": "LineString", "coordinates": [[-6.183016960519043, 53.38380012971759], [-6.182856702624153, 53.38407179138448], [-6.182717280597439, 53.384168538507275], [-6.182606374964479, 53.38430167237296]]}, "properties": {"FID": 731, "BIKE": "NON_TRAFFIC_TRAIL", "Shape_Leng": 62.8251823185, "DIR": "Bi-Directional"}}, {"type": "Feature", "id": 732, "geometry": {"type": "LineString", "coordinates": [[-6.1804445486144, 53.38775614547736], [-6.180338224246172, 53.387781489081405]]}, "properties": {"FID": 732, "BIKE": "NON_TRAFFIC_TRAIL", "Shape_Leng": 7.61577310586, "DIR": "Bi-Directional"}}, {"type": "Feature", "id": 733, "geometry": {"type": "LineString", "coordinates": [[-6.212154036500575, 53.31738156396589], [-6.212162258757182, 53.31790300397754]]}, "properties": {"FID": 733, "BIKE": "NON_TRAFFIC_TRAIL", "Shape_Leng": 58.0344725142, "DIR": "Bi-Directional"}}, {"type": "Feature", "id": 734, "geometry": {"type": "LineString", "coordinates": [[-6.248447426046657, 53.34817417492642], [-6.248443006565672, 53.34828196757869]]}, "properties": {"FID": 734, "BIKE": "NON_TRAFFIC_TRAIL", "Shape_Leng": 12, "DIR": "Bi-Directional"}}, {"type": "Feature", "id": 737, "geometry": {"type": "LineString", "coordinates": [[-6.175882450726217, 53.38544845534959], [-6.175587389063995, 53.385668650015745]]}, "properties": {"FID": 737, "BIKE": "NON_TRAFFIC_TRAIL", "Shape_Leng": 31.4006369362, "DIR": "Bi-Directional"}}, {"type": "Feature", "id": 742, "geometry": {"type": "LineString", "coordinates": [[-6.175385886030403, 53.38545884163984], [-6.175587389063995, 53.385668650015745]]}, "properties": {"FID": 742, "BIKE": "NON_TRAFFIC_TRAIL", "Shape_Leng": 26.9258240357, "DIR": "Bi-Directional"}}, {"type": "Feature", "id": 743, "geometry": {"type": "LineString", "coordinates": [[-6.257093694383761, 53.36782295125863], [-6.25728673600546, 53.367879698999324], [-6.257403951607354, 53.367953315386956], [-6.2575347197112166, 53.368063081891826], [-6.257652302862888, 53.36812771530628], [-6.257802856549908, 53.3681209252423], [-6.257955242973987, 53.36806922130571]]}, "properties": {"FID": 743, "BIKE": "NON_TRAFFIC_TRAIL", "Shape_Leng": 72.9734547858, "DIR": "Bi-Directional"}}, {"type": "Feature", "id": 756, "geometry": {"type": "LineString", "coordinates": [[-6.325609999403053, 53.34454000012712], [-6.324369998864629, 53.34471000100318], [-6.323300000233215, 53.34490000108159], [-6.322399999841596, 53.345110000385574]]}, "properties": {"FID": 756, "BIKE": "NON_TRAFFIC_TRAIL", "Shape_Leng": 223.38938706, "DIR": "Bi-Directional"}}, {"type": "Feature", "id": 760, "geometry": {"type": "LineString", "coordinates": [[-6.226833026062483, 53.34899737508421], [-6.2268870979101205, 53.34865083674474], [-6.226947099408702, 53.348280836616645]]}, "properties": {"FID": 760, "BIKE": "BIKE_FRIENDLY_PEDESTRIAN_PATH", "Shape_Leng": 80.1060234641, "DIR": "Forward"}}, {"type": "Feature", "id": 763, "geometry": {"type": "LineString", "coordinates": [[-6.248910370617356, 53.31415183237731], [-6.248983162725815, 53.31420683012478], [-6.248933383087809, 53.31432294554383], [-6.249290068131545, 53.31440907530632], [-6.249677121837564, 53.314486661495614], [-6.249711899894737, 53.314370325631394], [-6.249878367513402, 53.31433681576288]]}, "properties": {"FID": 763, "BIKE": "NON_TRAFFIC_TRAIL", "Shape_Leng": 98.8445123421, "DIR": "Bi-Directional"}}, {"type": "Feature", "id": 764, "geometry": {"type": "LineString", "coordinates": [[-6.3524328392753935, 53.356009885693844], [-6.351713605250377, 53.356350483996714], [-6.351019780238925, 53.35642178977394]]}, "properties": {"FID": 764, "BIKE": "NON_TRAFFIC_TRAIL", "Shape_Leng": 107.945892519, "DIR": "Bi-Directional"}}, {"type": "Feature", "id": 787, "geometry": {"type": "LineString", "coordinates": [[-6.178134539386998, 53.387631026551865], [-6.178208513193828, 53.387659120170966]]}, "properties": {"FID": 787, "BIKE": "NON_TRAFFIC_TRAIL", "Shape_Leng": 5.83095189485, "DIR": "Bi-Directional"}}, {"type": "Feature", "id": 788, "geometry": {"type": "LineString", "coordinates": [[-6.179043248924538, 53.38712357952299], [-6.178616036275387, 53.387269860007095], [-6.178411508554246, 53.38748245491155], [-6.17828248709874, 53.387687213744904]]}, "properties": {"FID": 788, "BIKE": "NON_TRAFFIC_TRAIL", "Shape_Leng": 84.40295816, "DIR": "Bi-Directional"}}, {"type": "Feature", "id": 806, "geometry": {"type": "LineString", "coordinates": [[-6.250563402773538, 53.313367155079476], [-6.250712294986676, 53.31339630347879], [-6.250937286548464, 53.31339960319653]]}, "properties": {"FID": 806, "BIKE": "NON_TRAFFIC_TRAIL", "Shape_Leng": 25.4403065089, "DIR": "Bi-Directional"}}, {"type": "Feature", "id": 811, "geometry": {"type": "LineString", "coordinates": [[-6.346313159014131, 53.33204681532559], [-6.346264944092676, 53.332053827215724], [-6.345788087319818, 53.33213793728546]]}, "properties": {"FID": 811, "BIKE": "NON_TRAFFIC_TRAIL", "Shape_Leng": 36.423486497, "DIR": "Bi-Directional"}}, {"type": "Feature", "id": 813, "geometry": {"type": "LineString", "coordinates": [[-6.250554028249981, 53.314697267004505], [-6.250789985687414, 53.314799597678196]]}, "properties": {"FID": 813, "BIKE": "NON_TRAFFIC_TRAIL", "Shape_Leng": 19.4164878389, "DIR": "Bi-Directional"}}, {"type": "Feature", "id": 815, "geometry": {"type": "LineString", "coordinates": [[-6.2791256348379365, 53.3476498859874], [-6.278940054335587, 53.34852804161574]]}, "properties": {"FID": 815, "BIKE": "NON_TRAFFIC_TRAIL", "Shape_Leng": 98.5088828482, "DIR": "Bi-Directional"}}, {"type": "Feature", "id": 820, "geometry": {"type": "LineString", "coordinates": [[-6.256460000305349, 53.338210001074785], [-6.2564699997076625, 53.338320000144016], [-6.256539999865208, 53.33842000044808], [-6.256670000757225, 53.33853000136664]]}, "properties": {"FID": 820, "BIKE": "NON_TRAFFIC_TRAIL", "Shape_Leng": 39.321568722, "DIR": "Bi-Directional"}}, {"type": "Feature", "id": 821, "geometry": {"type": "LineString", "coordinates": [[-6.259787906800327, 53.36161952296612], [-6.260063204766434, 53.36170045481548]]}, "properties": {"FID": 821, "BIKE": "NON_TRAFFIC_TRAIL", "Shape_Leng": 20.4212846851, "DIR": "Bi-Directional"}}, {"type": "Feature", "id": 822, "geometry": {"type": "LineString", "coordinates": [[-6.220748778724279, 53.38244058214715], [-6.220987281264863, 53.382489077955924], [-6.221315925271961, 53.38253891666291]]}, "properties": {"FID": 822, "BIKE": "NON_TRAFFIC_TRAIL", "Shape_Leng": 39.3240829596, "DIR": "Bi-Directional"}}, {"type": "Feature", "id": 823, "geometry": {"type": "LineString", "coordinates": [[-6.177013428495367, 53.3850163259233], [-6.177475718883686, 53.38510427948898], [-6.177830924539645, 53.385235537340535], [-6.1780335894950635, 53.38541839472835], [-6.178284079104905, 53.38588960331077], [-6.178441675931786, 53.38607177207676], [-6.17874798463788, 53.386292162590344], [-6.1790685542241786, 53.3865307462019], [-6.1791514170804795, 53.386702785624585], [-6.179157623692065, 53.38690960827393], [-6.179043248924538, 53.38712357952299]]}, "properties": {"FID": 823, "BIKE": "NON_TRAFFIC_TRAIL", "Shape_Leng": 296.226512265, "DIR": "Bi-Directional"}}, {"type": "Feature", "id": 826, "geometry": {"type": "LineString", "coordinates": [[-6.238457005511187, 53.34393198522248], [-6.238823193244309, 53.34406872621008]]}, "properties": {"FID": 826, "BIKE": "NON_TRAFFIC_TRAIL", "Shape_Leng": 28.747170079, "DIR": "Bi-Directional"}}, {"type": "Feature", "id": 827, "geometry": {"type": "LineString", "coordinates": [[-6.227461954887301, 53.33952323491378], [-6.227612890488326, 53.33986702779426]]}, "properties": {"FID": 827, "BIKE": "NON_TRAFFIC_TRAIL", "Shape_Leng": 39.5600808897, "DIR": "Bi-Directional"}}, {"type": "Feature", "id": 828, "geometry": {"type": "LineString", "coordinates": [[-6.266877952980487, 53.30608593550441], [-6.266725183576219, 53.30608025665601], [-6.26599257070776, 53.30668956976304], [-6.265474290091984, 53.30688876068626], [-6.2634650218712915, 53.30685053267411], [-6.263127424808026, 53.307034367926036], [-6.262616787015266, 53.30704490637445], [-6.260783883136239, 53.30783611371704], [-6.260601355954148, 53.30789636890169], [-6.260329938393595, 53.30792836269349], [-6.259929752781741, 53.30780567831309]]}, "properties": {"FID": 828, "BIKE": "NON_TRAFFIC_TRAIL", "Shape_Leng": 546.194312726, "DIR": "Bi-Directional"}}, {"type": "Feature", "id": 829, "geometry": {"type": "LineString", "coordinates": [[-6.257475131903568, 53.336447622332756], [-6.257619999975589, 53.336820000741305], [-6.257369999302787, 53.336980000529906]]}, "properties": {"FID": 829, "BIKE": "NON_TRAFFIC_TRAIL", "Shape_Leng": 66.931382627, "DIR": "Bi-Directional"}}, {"type": "Feature", "id": 833, "geometry": {"type": "LineString", "coordinates": [[-6.220484456822296, 53.37976716942483], [-6.220557696435974, 53.37981320202371], [-6.220691400914461, 53.37985114789643], [-6.220917487980402, 53.37983654200879], [-6.221112780913082, 53.37983945296307]]}, "properties": {"FID": 833, "BIKE": "NON_TRAFFIC_TRAIL", "Shape_Leng": 45.0526715641, "DIR": "Bi-Directional"}}, {"type": "Feature", "id": 834, "geometry": {"type": "LineString", "coordinates": [[-6.2564499994728395, 53.338130000766434], [-6.256460000305349, 53.338210001074785]]}, "properties": {"FID": 834, "BIKE": "NON_TRAFFIC_TRAIL", "Shape_Leng": 8.9282015134, "DIR": "Bi-Directional"}}, {"type": "Feature", "id": 835, "geometry": {"type": "LineString", "coordinates": [[-6.1800045953969995, 53.38608662618307], [-6.180053197155406, 53.38635701242944]]}, "properties": {"FID": 835, "BIKE": "NON_TRAFFIC_TRAIL", "Shape_Leng": 30.2654919008, "DIR": "Bi-Directional"}}, {"type": "Feature", "id": 836, "geometry": {"type": "LineString", "coordinates": [[-6.176711029268603, 53.38505664768776], [-6.176266501764356, 53.38525658428428], [-6.175882450726217, 53.38544845534959]]}, "properties": {"FID": 836, "BIKE": "NON_TRAFFIC_TRAIL", "Shape_Leng": 70.3151626573, "DIR": "Bi-Directional"}}, {"type": "Feature", "id": 838, "geometry": {"type": "LineString", "coordinates": [[-6.1751141212949845, 53.37072304326831], [-6.175044444673013, 53.37094668276087], [-6.175065649988304, 53.37115373563414]]}, "properties": {"FID": 838, "BIKE": "NON_TRAFFIC_TRAIL", "Shape_Leng": 48.4047705636, "DIR": "Bi-Directional"}}, {"type": "Feature", "id": 839, "geometry": {"type": "LineString", "coordinates": [[-6.219167215899133, 53.38791772273427], [-6.219361045849005, 53.38795656693382]]}, "properties": {"FID": 839, "BIKE": "NON_TRAFFIC_TRAIL", "Shape_Leng": 13.6014705087, "DIR": "Bi-Directional"}}, {"type": "Feature", "id": 840, "geometry": {"type": "LineString", "coordinates": [[-6.174480178296316, 53.370084173282834], [-6.173377278107398, 53.370220096214034], [-6.172696051018905, 53.37033550188776], [-6.1721203367609, 53.370443531682156]]}, "properties": {"FID": 840, "BIKE": "NON_TRAFFIC_TRAIL", "Shape_Leng": 162.242976734, "DIR": "Bi-Directional"}}, {"type": "Feature", "id": 842, "geometry": {"type": "LineString", "coordinates": [[-6.2260295373518755, 53.33712906612424], [-6.226366606432576, 53.337691344688075]]}, "properties": {"FID": 842, "BIKE": "NON_TRAFFIC_TRAIL", "Shape_Leng": 66.4830805544, "DIR": "Bi-Directional"}}, {"type": "Feature", "id": 843, "geometry": {"type": "LineString", "coordinates": [[-6.248221169376076, 53.31229014730694], [-6.248579307207069, 53.312340347973596]]}, "properties": {"FID": 843, "BIKE": "NON_TRAFFIC_TRAIL", "Shape_Leng": 24.5153013443, "DIR": "Bi-Directional"}}, {"type": "Feature", "id": 844, "geometry": {"type": "LineString", "coordinates": [[-6.313389998884939, 53.356580001121074], [-6.312989999982864, 53.35666000073372], [-6.312789999879196, 53.35669000084866], [-6.31256000053877, 53.35672000063254], [-6.312369999583168, 53.356730000174345], [-6.3120099997714165, 53.356740000797714], [-6.311229999538486, 53.3567300005485], [-6.310769999774055, 53.35674000132883], [-6.310210000587916, 53.35677000094391], [-6.309939999279097, 53.35674000123119], [-6.309749999915128, 53.35669000060714], [-6.309549999267328, 53.356670000260266], [-6.309399999260006, 53.35666000072792], [-6.308459999915189, 53.356640000935734]]}, "properties": {"FID": 844, "BIKE": "NON_TRAFFIC_TRAIL", "Shape_Leng": 332.483925228, "DIR": "Bi-Directional"}}, {"type": "Feature", "id": 845, "geometry": {"type": "LineString", "coordinates": [[-6.220422976787459, 53.38808924971788], [-6.22024648911456, 53.3887157861175]]}, "properties": {"FID": 845, "BIKE": "NON_TRAFFIC_TRAIL", "Shape_Leng": 70.7106781187, "DIR": "Bi-Directional"}}, {"type": "Feature", "id": 846, "geometry": {"type": "LineString", "coordinates": [[-6.314639490019107, 53.37377268249116], [-6.3147865093756606, 53.37385565056943], [-6.314947486578414, 53.37396577953997]]}, "properties": {"FID": 846, "BIKE": "NON_TRAFFIC_TRAIL", "Shape_Leng": 29.7324446432, "DIR": "Bi-Directional"}}, {"type": "Feature", "id": 850, "geometry": {"type": "LineString", "coordinates": [[-6.220727023479188, 53.37935733218769], [-6.220796891925565, 53.37948420749766], [-6.2209137006598665, 53.37956684186981], [-6.221014738410707, 53.379667217293836], [-6.221112780913082, 53.37983945296307]]}, "properties": {"FID": 850, "BIKE": "NON_TRAFFIC_TRAIL", "Shape_Leng": 60.1945248678, "DIR": "Bi-Directional"}}, {"type": "Feature", "id": 851, "geometry": {"type": "LineString", "coordinates": [[-6.1800045953969995, 53.38608662618307], [-6.180151390797594, 53.38616975803615]]}, "properties": {"FID": 851, "BIKE": "NON_TRAFFIC_TRAIL", "Shape_Leng": 13.4536240471, "DIR": "Bi-Directional"}}, {"type": "Feature", "id": 852, "geometry": {"type": "LineString", "coordinates": [[-6.17828248709874, 53.387687213744904], [-6.178444309502106, 53.38777057701326], [-6.179147032862084, 53.38786219289665], [-6.179567733297787, 53.38786861007108], [-6.180187207936851, 53.38779716303009], [-6.180338224246172, 53.387781489081405]]}, "properties": {"FID": 852, "BIKE": "NON_TRAFFIC_TRAIL", "Shape_Leng": 142.24083761, "DIR": "Bi-Directional"}}, {"type": "Feature", "id": 853, "geometry": {"type": "LineString", "coordinates": [[-6.316209999375029, 53.351510001272985], [-6.317030000025441, 53.352080000897814], [-6.317420000117117, 53.352290001257096], [-6.317739999954684, 53.35238000023368], [-6.318309999890222, 53.35251000090972], [-6.318779999896917, 53.35260000068469], [-6.31925000063767, 53.35272000063533], [-6.319909999735133, 53.352910000738724], [-6.320880000037859, 53.35322000079821], [-6.321879999452991, 53.3535800007897], [-6.322429999428417, 53.35385000059736], [-6.322809999519693, 53.35408000074594], [-6.323089999905998, 53.35430000088896]]}, "properties": {"FID": 853, "BIKE": "NON_TRAFFIC_TRAIL", "Shape_Leng": 563.52796485, "DIR": "Bi-Directional"}}, {"type": "Feature", "id": 854, "geometry": {"type": "LineString", "coordinates": [[-6.314528189097456, 53.373546410613294], [-6.314639490019107, 53.37377268249116]]}, "properties": {"FID": 854, "BIKE": "NON_TRAFFIC_TRAIL", "Shape_Leng": 26.2488094968, "DIR": "Bi-Directional"}}, {"type": "Feature", "id": 855, "geometry": {"type": "LineString", "coordinates": [[-6.2207977441354, 53.38703423938661], [-6.220343245024553, 53.38711734477274]]}, "properties": {"FID": 855, "BIKE": "NON_TRAFFIC_TRAIL", "Shape_Leng": 31.6227766017, "DIR": "Bi-Directional"}}, {"type": "Feature", "id": 857, "geometry": {"type": "LineString", "coordinates": [[-6.332409999236939, 53.34555000166184], [-6.333030000230153, 53.34568000120334], [-6.333439999609847, 53.345760001304235]]}, "properties": {"FID": 857, "BIKE": "NON_TRAFFIC_TRAIL", "Shape_Leng": 72.4719429573, "DIR": "Bi-Directional"}}, {"type": "Feature", "id": 858, "geometry": {"type": "LineString", "coordinates": [[-6.300237168431574, 53.373119028189954], [-6.306674497411744, 53.37451379951445], [-6.306942743574019, 53.374571533225954], [-6.307211346752948, 53.374620283381375], [-6.307494971959549, 53.3746692459612], [-6.30776357640902, 53.37471799488275], [-6.308047559030062, 53.374757973197504], [-6.3082725245579265, 53.3747701502618]]}, "properties": {"FID": 858, "BIKE": "NON_TRAFFIC_TRAIL", "Shape_Leng": 566.118614622, "DIR": "Bi-Directional"}}, {"type": "Feature", "id": 859, "geometry": {"type": "LineString", "coordinates": [[-6.314424227536909, 53.373895474496635], [-6.3142243398379225, 53.374009495286074], [-6.314054493593243, 53.37412394012746], [-6.314017354246082, 53.37430317553927], [-6.3140363968595326, 53.374582072635384], [-6.314074009585136, 53.37477135201776]]}, "properties": {"FID": 859, "BIKE": "NON_TRAFFIC_TRAIL", "Shape_Leng": 107.791566489, "DIR": "Bi-Directional"}}, {"type": "Feature", "id": 861, "geometry": {"type": "LineString", "coordinates": [[-6.1726343122516, 53.367208283978776], [-6.172764746615767, 53.36782164300392], [-6.172842722665069, 53.36812717225395], [-6.1729493920484835, 53.368513228356484], [-6.172955500660124, 53.368838444168006]]}, "properties": {"FID": 861, "BIKE": "NON_TRAFFIC_TRAIL", "Shape_Leng": 182.954840319, "DIR": "Bi-Directional"}}, {"type": "Feature", "id": 863, "geometry": {"type": "LineString", "coordinates": [[-6.1717233923156565, 53.37269349016441], [-6.171732269827975, 53.37318797727522], [-6.171445751049785, 53.37356109197671]]}, "properties": {"FID": 863, "BIKE": "NON_TRAFFIC_TRAIL", "Shape_Leng": 100.730990258, "DIR": "Bi-Directional"}}, {"type": "Feature", "id": 864, "geometry": {"type": "LineString", "coordinates": [[-6.227853191063811, 53.33298565752991], [-6.227583933174237, 53.33332320796914], [-6.227259116111649, 53.333552074061934], [-6.226874642614766, 53.33377106440695], [-6.225486313736972, 53.33429869952857]]}, "properties": {"FID": 864, "BIKE": "NON_TRAFFIC_TRAIL", "Shape_Leng": 219.959845416, "DIR": "Bi-Directional"}}, {"type": "Feature", "id": 865, "geometry": {"type": "LineString", "coordinates": [[-6.278934800692775, 53.34903129861345], [-6.2792017631760295, 53.34911604193001], [-6.279348628902346, 53.349199052761605], [-6.279479759381211, 53.34929981267279], [-6.279604720111371, 53.349402020434944]]}, "properties": {"FID": 865, "BIKE": "NON_TRAFFIC_TRAIL", "Shape_Leng": 61.8846143697, "DIR": "Bi-Directional"}}, {"type": "Feature", "id": 866, "geometry": {"type": "LineString", "coordinates": [[-6.321423426657893, 53.37477607668984], [-6.321572935620704, 53.37479615535675], [-6.321835553139321, 53.37499758415537], [-6.322056639655482, 53.37510854855741], [-6.322170809662139, 53.375262949488025], [-6.322304592740828, 53.37530078212632], [-6.323597168646888, 53.375300968988064], [-6.324694462022022, 53.37529840081627], [-6.325160841576738, 53.37528697052178], [-6.3260642611873, 53.37524571699713], [-6.326543900565249, 53.37527940720377], [-6.327820751160339, 53.375297303784954], [-6.328887297998972, 53.375312242229306], [-6.329430543966643, 53.37525693159477], [-6.330513518001063, 53.375236133521014], [-6.330782856067742, 53.37526686472948], [-6.330993512453766, 53.375260822806126]]}, "properties": {"FID": 866, "BIKE": "NON_TRAFFIC_TRAIL", "Shape_Leng": 666.093793178, "DIR": "Bi-Directional"}}, {"type": "Feature", "id": 867, "geometry": {"type": "LineString", "coordinates": [[-6.309339999266579, 53.346210001174924], [-6.308900000818167, 53.34623000073841]]}, "properties": {"FID": 867, "BIKE": "NON_TRAFFIC_TRAIL", "Shape_Leng": 29.3871203837, "DIR": "Bi-Directional"}}, {"type": "Feature", "id": 868, "geometry": {"type": "LineString", "coordinates": [[-6.317159999613529, 53.3477100014076], [-6.317990000417652, 53.3479200009431], [-6.318770000140802, 53.34822000092528], [-6.32035000085774, 53.34839000090992], [-6.322619999237184, 53.34862000072761], [-6.324839999280334, 53.34885000033557], [-6.327529999767475, 53.34909000066604]]}, "properties": {"FID": 868, "BIKE": "NON_TRAFFIC_TRAIL", "Shape_Leng": 713.135937152, "DIR": "Bi-Directional"}}, {"type": "Feature", "id": 870, "geometry": {"type": "LineString", "coordinates": [[-6.259905066987473, 53.36144752220296], [-6.260384040033863, 53.36157031109263], [-6.261441429018129, 53.36180143557174], [-6.262602118376719, 53.362078995105655], [-6.263986613139025, 53.36239575171686], [-6.264342633401624, 53.36250878760537], [-6.264789851679842, 53.36259618432703], [-6.265177369369501, 53.362673723363436], [-6.265699310718922, 53.36277119103275], [-6.266413921622562, 53.36293437215908], [-6.266755665213585, 53.363029217195326], [-6.2673347666194354, 53.36319941251955], [-6.267914965884507, 53.36334265669277], [-6.268184545175038, 53.36336454546884]]}, "properties": {"FID": 870, "BIKE": "NON_TRAFFIC_TRAIL", "Shape_Leng": 592.144535486, "DIR": "Bi-Directional"}}, {"type": "Feature", "id": 871, "geometry": {"type": "LineString", "coordinates": [[-6.248579307207069, 53.312340347973596], [-6.249072069853996, 53.312401512213775]]}, "properties": {"FID": 871, "BIKE": "NON_TRAFFIC_TRAIL", "Shape_Leng": 33.5410196625, "DIR": "Bi-Directional"}}, {"type": "Feature", "id": 872, "geometry": {"type": "LineString", "coordinates": [[-6.331454350669745, 53.37500661500245], [-6.331299567816989, 53.37512129470226], [-6.331144081626975, 53.37525394032792], [-6.330993512453766, 53.375260822806126]]}, "properties": {"FID": 872, "BIKE": "NON_TRAFFIC_TRAIL", "Shape_Leng": 44.4788514653, "DIR": "Bi-Directional"}}, {"type": "Feature", "id": 873, "geometry": {"type": "LineString", "coordinates": [[-6.299881940953432, 53.37788660712416], [-6.299503873531044, 53.37794413719927], [-6.2994427096913235, 53.3779702297836], [-6.299366881241267, 53.377987125364655], [-6.299306433230609, 53.37799525204455], [-6.29923096268645, 53.378003164622065], [-6.299155134096717, 53.378020060067364], [-6.299094327969683, 53.37803716955471], [-6.299048544321994, 53.37805449310719], [-6.299002402585824, 53.3780807995567], [-6.298941238247438, 53.3781068918795], [-6.298895454463469, 53.37812421537198], [-6.298834648085909, 53.378141324724744], [-6.2987741997607705, 53.37814945113235], [-6.298698728852015, 53.37815736337018], [-6.298638638608992, 53.37815650679545], [-6.298562809519234, 53.37817340185999], [-6.298502002941524, 53.37819051104153], [-6.298455860724181, 53.37821681727535], [-6.298419726565899, 53.378369098432564]]}, "properties": {"FID": 873, "BIKE": "NON_TRAFFIC_TRAIL", "Shape_Leng": 120.79128923, "DIR": "Bi-Directional"}}, {"type": "Feature", "id": 874, "geometry": {"type": "LineString", "coordinates": [[-6.249080896181653, 53.34957663243289], [-6.249604480163428, 53.349629255491344]]}, "properties": {"FID": 874, "BIKE": "NON_TRAFFIC_TRAIL", "Shape_Leng": 35.3553390593, "DIR": "Bi-Directional"}}, {"type": "Feature", "id": 876, "geometry": {"type": "LineString", "coordinates": [[-6.296814691573294, 53.363596846592934], [-6.2967338710067535, 53.36373950170309]]}, "properties": {"FID": 876, "BIKE": "NON_TRAFFIC_TRAIL", "Shape_Leng": 16.7630546142, "DIR": "Bi-Directional"}}, {"type": "Feature", "id": 881, "geometry": {"type": "LineString", "coordinates": [[-6.213482131514399, 53.31778424656218], [-6.213241688510082, 53.31782962072976], [-6.213205646325273, 53.317767861137355], [-6.213102965561565, 53.317778566594875], [-6.213109149898776, 53.31784804200183], [-6.212944172332298, 53.31786978091064], [-6.212583029378312, 53.317891333990396], [-6.212162258757182, 53.31790300397754]]}, "properties": {"FID": 881, "BIKE": "NON_TRAFFIC_TRAIL", "Shape_Leng": 102.286181775, "DIR": "Bi-Directional"}}, {"type": "Feature", "id": 883, "geometry": {"type": "LineString", "coordinates": [[-6.311442649709515, 53.37815546966173], [-6.311492063190145, 53.378158804021275], [-6.3115380360894395, 53.378156819122935], [-6.311566380411761, 53.378150696613176], [-6.311594021950487, 53.37813821233456], [-6.311619850629226, 53.378120905508375], [-6.311687676420771, 53.37806719095912], [-6.311710630975652, 53.37805402827038], [-6.311733320221001, 53.378045443907276], [-6.311761815058759, 53.37803889565188], [-6.311793401962868, 53.378034432301384], [-6.311828347076397, 53.37803201357661], [-6.311867217173202, 53.37803159895589], [-6.311946278815227, 53.37803555200677], [-6.312114864860543, 53.37805084035842], [-6.31216645723751, 53.378055670297336], [-6.312219401261214, 53.378062885868275], [-6.312274132146052, 53.37807254265763], [-6.312331427537757, 53.37808477928859], [-6.31245407487173, 53.37811674552894], [-6.312705071730994, 53.3781924920735], [-6.312813744435769, 53.37822246367701], [-6.312873663317317, 53.378236709997026], [-6.3129301834004, 53.37824818847541], [-6.312984433473983, 53.37825712808784], [-6.313036987203088, 53.37826361783786], [-6.313123612821697, 53.3782688688252], [-6.31322255494163, 53.37826803547304], [-6.313319537722301, 53.378262734278294], [-6.313557448254062, 53.37824474968844], [-6.313679140261772, 53.378240520873995], [-6.313739834881546, 53.378241685799516], [-6.3137956454938955, 53.378245523931255], [-6.313847543449978, 53.37825210292683], [-6.313896029640874, 53.37826149008697], [-6.313929408345415, 53.378270490338664], [-6.313965573434176, 53.37828281056206], [-6.314080103681522, 53.378329743210486], [-6.314121893840085, 53.378345327290496], [-6.314163228152702, 53.378357688112644], [-6.314202093961246, 53.37836568363675], [-6.314280012226683, 53.37837478169156], [-6.314361812701269, 53.378378675647554], [-6.3144409025158375, 53.37837706566508], [-6.314512100564124, 53.378370061937645], [-6.314546115618646, 53.378363297966345], [-6.314579227345689, 53.37835303119006], [-6.314611779438129, 53.37833916040453], [-6.314644375681057, 53.378321430787885], [-6.3147026141293185, 53.37828092364517], [-6.314807710984928, 53.37819362057973], [-6.314852707813806, 53.37815940494714], [-6.314902665972379, 53.37812812921287], [-6.314952039053833, 53.3781051977429], [-6.315018167345449, 53.37808096764999], [-6.315084172855301, 53.37805912210056], [-6.315149569846653, 53.378039819616895], [-6.315214040457802, 53.37802315458091], [-6.315277222043631, 53.37800921355269], [-6.315339025274719, 53.377998013249304], [-6.315399283744949, 53.377989580984455], [-6.315457882585778, 53.377983933115146], [-6.31557026393991, 53.377976302031776], [-6.315646550528743, 53.37797470831703], [-6.315712571541826, 53.37797858358886], [-6.315741465439469, 53.377982701579086], [-6.315767888118608, 53.377988308155], [-6.315815414470662, 53.378002556977606], [-6.3158612691815135, 53.37802069646506], [-6.315901042510065, 53.37804096566515], [-6.315932000129674, 53.378061959827086], [-6.315942377764415, 53.378072010128044], [-6.315950532174299, 53.378083587576896], [-6.3159604669977645, 53.37811179187248], [-6.315962604053909, 53.37814490144348], [-6.315957426705617, 53.37823481080608], [-6.3159616917712045, 53.37825840784803], [-6.315971252237241, 53.3782765214304], [-6.315982979280526, 53.37828875417726], [-6.315997502360722, 53.37829915237674], [-6.316014855002396, 53.378307742565944], [-6.316035093299034, 53.37831455070153], [-6.316058254062017, 53.37831959617618], [-6.316084463813291, 53.37832291043367], [-6.316146627516, 53.37832440854165], [-6.316209992659392, 53.37832040943214], [-6.316286413228315, 53.3783114344561], [-6.316616786164426, 53.378257830824545], [-6.316692910795437, 53.37824728390914], [-6.316759484247601, 53.378240100371514], [-6.316830900384336, 53.378235516110166], [-6.316893922440355, 53.37823533259637], [-6.316949581596612, 53.378239549104975], [-6.316998346697865, 53.3782482073106], [-6.3170308890718365, 53.3782571625406], [-6.317063820535428, 53.3782685248399], [-6.317132577065481, 53.37829909987812], [-6.317194951717917, 53.3783332519963], [-6.31733683389603, 53.378418136949875], [-6.317407341291095, 53.37845475307282], [-6.31747330121838, 53.37848124478686], [-6.317505378090918, 53.37849091955297], [-6.317537263986462, 53.37849834731648], [-6.31756887176976, 53.378503259905926], [-6.3176033901573705, 53.378506023141135], [-6.317641168220498, 53.37850666620759], [-6.3176829253702635, 53.378505203736594], [-6.317763116491742, 53.378498154958436], [-6.3179587838952225, 53.37847438191186], [-6.3180094440755425, 53.3784703232333], [-6.318053681047725, 53.378468791319314], [-6.318098478601687, 53.37847004547685], [-6.3181383268729165, 53.37847452936647], [-6.318173900707666, 53.37848232081122], [-6.31820553672478, 53.3784934982597], [-6.318240045666926, 53.37851259775101], [-6.318310908333082, 53.37856333667662], [-6.318345247238124, 53.37858107026254], [-6.318373352159697, 53.37859015943675], [-6.318407476678263, 53.3785972374165], [-6.3184478183028565, 53.378602555946685], [-6.318567244686196, 53.37861425738943], [-6.31860169214598, 53.37862023613756], [-6.318629723326343, 53.37862787984183], [-6.318659301168482, 53.378640179535594], [-6.318685777565997, 53.378655964217366], [-6.318709397989355, 53.37867537486327], [-6.318730541144798, 53.378698718806106], [-6.318747970948975, 53.37872371995312], [-6.318764439052414, 53.37875336872257], [-6.318817138858864, 53.378874962674026], [-6.318843619574499, 53.37892414315642], [-6.318861199167318, 53.37894866553744], [-6.318880420470564, 53.378969747068126], [-6.318901656795208, 53.37898779387022], [-6.3189251294825866, 53.37900298702244], [-6.318948792340665, 53.37901491751165], [-6.318975538843689, 53.37902591443296], [-6.31903932794979, 53.37904551505861], [-6.319120499338675, 53.37906301817927], [-6.319304160421335, 53.37909362013906], [-6.319381615006494, 53.37910897923674], [-6.31942153498207, 53.379118950869824], [-6.31945678923038, 53.379129647737365], [-6.319488066860516, 53.37914128177593], [-6.3195156922423905, 53.37915397529845], [-6.319556020283657, 53.37917820668325], [-6.319594293640147, 53.379208658474376], [-6.319633776274064, 53.379248215932265], [-6.319711520495118, 53.379338953960534], [-6.319748098133274, 53.37937743326731], [-6.319792033436192, 53.37941473714945], [-6.319838324684303, 53.379443860057286], [-6.319878480205361, 53.37946378005905], [-6.319924800902358, 53.37948421645651], [-6.320049582185036, 53.37953243716538], [-6.3201421851335375, 53.37956448216297], [-6.320239999883004, 53.37959423030501], [-6.32034252437126, 53.37962152890795], [-6.320449138307673, 53.37964621194119], [-6.320559281860967, 53.37966814298828], [-6.320671994799354, 53.37968712337647], [-6.320786366197728, 53.3797030000701], [-6.320901357004939, 53.379715629019984], [-6.321000811357669, 53.3797230968092], [-6.321105677744595, 53.379727033764794], [-6.3212167559992665, 53.37972747359271], [-6.32133553850817, 53.37972442198595], [-6.321456410498931, 53.37971831047586], [-6.3215904427004315, 53.379708833654256], [-6.321976740413015, 53.379673683654275], [-6.32209214890618, 53.3796605577624], [-6.322365761948892, 53.37962306731859], [-6.322438379164619, 53.37961512068634], [-6.322504189036557, 53.37960976214678], [-6.3225657283746575, 53.37960669930266], [-6.3226300439530485, 53.379605397541155], [-6.322769909110041, 53.37960804796795], [-6.3229150981979645, 53.379616480408856], [-6.323199937890107, 53.37963930058319], [-6.323318358495283, 53.3796473618535], [-6.323441819574821, 53.37965254485183], [-6.323552359470123, 53.37965302347929], [-6.32364226617657, 53.3796501949426], [-6.323742495589862, 53.379644597410696], [-6.324154859682033, 53.37961332255526], [-6.324317720451, 53.37960670296871], [-6.324393036299557, 53.37960409324982], [-6.324582681683807, 53.37959383709139], [-6.3246805673167215, 53.37959226214864], [-6.324733650304513, 53.37959419994253], [-6.324781757481428, 53.37959848294464], [-6.32482579955343, 53.37960519315043], [-6.324866214133784, 53.37961440231853], [-6.32489206780604, 53.379622573929204], [-6.324919313263473, 53.379633506401525], [-6.325041954769768, 53.37969530321774], [-6.325072408122077, 53.379708187023056], [-6.32510077145093, 53.37971756404145], [-6.325146808258754, 53.379727877538386], [-6.325196791444119, 53.379734078667056], [-6.325251254718204, 53.37973624142252], [-6.325311290565589, 53.3797344116868], [-6.325365076012978, 53.37972998388022], [-6.325426001555057, 53.379722718955016], [-6.325636397332457, 53.37969065080839], [-6.325716877308826, 53.379680015427006], [-6.325796117386532, 53.37967301351681], [-6.325866132160746, 53.37967123269958], [-6.32594145440097, 53.37967466740807], [-6.326025932601935, 53.379683422839626], [-6.3261095522195605, 53.37969548183561], [-6.326321665249077, 53.37973006625633], [-6.326435855471477, 53.379743832691666], [-6.326495610080025, 53.37974760152291], [-6.326550744272925, 53.37974810492296], [-6.326602317464193, 53.37974535056127], [-6.3266508660232015, 53.37973930641535], [-6.326700279177114, 53.37972911473444], [-6.326753669850062, 53.379713934740955], [-6.326806920983453, 53.3796956420282], [-6.32695151606993, 53.3796418428409], [-6.326996360360574, 53.37962741028073], [-6.327037458468848, 53.37961632085285], [-6.327124843550232, 53.379598435437], [-6.327224677241837, 53.3795840122304], [-6.327329146511117, 53.37957327246523], [-6.3276181352913605, 53.379549069287506], [-6.3277045633071785, 53.37953883408754], [-6.327780645363345, 53.37952686569753], [-6.3278447102000905, 53.379513886725], [-6.327915005886467, 53.37949687132498], [-6.328147449766042, 53.37943180809043], [-6.328235430870783, 53.379409199842385], [-6.328324705920423, 53.37939054818452], [-6.328406825543427, 53.379378698114024], [-6.3284767660801435, 53.379374498760576], [-6.3285570308165005, 53.3793761171583], [-6.328635911509545, 53.37938190991062], [-6.328828723459842, 53.37940070814129], [-6.328926453897865, 53.379405689667436], [-6.328974884932586, 53.37940516155198], [-6.329019231933063, 53.37940213780183], [-6.329060272658761, 53.379396563697824], [-6.329098401671925, 53.37938838185125], [-6.329154932383068, 53.37937213293682], [-6.329210104519574, 53.379352958266296], [-6.329263919609291, 53.37933085696418], [-6.329316377572793, 53.379305830828805]]}, "properties": {"FID": 883, "BIKE": "NON_TRAFFIC_TRAIL", "Shape_Leng": 1338.63218705, "DIR": "Bi-Directional"}}, {"type": "Feature", "id": 885, "geometry": {"type": "LineString", "coordinates": [[-6.286406289668417, 53.375769102288004], [-6.286407033653251, 53.37576947698565], [-6.286475750873391, 53.375810088269304], [-6.286542543002231, 53.37585578696638], [-6.2866083097998215, 53.37590718639799], [-6.28667381629565, 53.37596481166384], [-6.286741936305178, 53.376031134383254], [-6.286810509476062, 53.376103247368505], [-6.287000294575488, 53.376310461011414], [-6.287062032116999, 53.37637307784126], [-6.287120160726272, 53.376427575181246], [-6.287191532479095, 53.37648781266051], [-6.28726333651534, 53.37654084160245], [-6.28733700517542, 53.37658771169094], [-6.2874133184600165, 53.37662891138002], [-6.2875284361314225, 53.37668360248888], [-6.2876458234363355, 53.37673500407], [-6.287764223320339, 53.37678256599101], [-6.287882598749121, 53.37682587340489], [-6.287932825251043, 53.37684224477978], [-6.287986858473695, 53.37685773148944], [-6.288109188999741, 53.37688683499422], [-6.288229427704042, 53.376910272873104], [-6.288514169453341, 53.37696037068358], [-6.2886490972773315, 53.37698832674365], [-6.288710534848091, 53.37700348157572], [-6.288766937594804, 53.377019338056336], [-6.288819139285165, 53.377036131948856], [-6.288867586535952, 53.37705400807771], [-6.288927680505878, 53.37708003523148], [-6.288990449616563, 53.37711173350561], [-6.289061864229784, 53.37715232440843], [-6.289209551891014, 53.37724269048801], [-6.289274592471365, 53.37728057886954], [-6.28934574749372, 53.377317722561905], [-6.289412554775791, 53.37734716496862], [-6.289515983431198, 53.37738466685464], [-6.28962652369556, 53.37741784755412], [-6.289744179879247, 53.37744671160318], [-6.289868971418581, 53.37747126105711], [-6.290000901221149, 53.377491497732976], [-6.290140018471346, 53.3775074313], [-6.2902863665204345, 53.377519066848336], [-6.290440017293759, 53.37752640897707], [-6.290600034357808, 53.37752945682946], [-6.2907675093812205, 53.37752827365066], [-6.290942645294883, 53.37752285782148], [-6.291125809199467, 53.37751319928509], [-6.291316723007377, 53.37749933446973], [-6.291517083161317, 53.37748116268938], [-6.291728242515871, 53.377458567541176], [-6.291954210242231, 53.37743112278848], [-6.2920538790986775, 53.377416081263384], [-6.292164114888086, 53.37739498462958], [-6.292268819427778, 53.377371967103464], [-6.292517906755554, 53.3773139045177], [-6.292644101322542, 53.37728744610215], [-6.292765211991448, 53.37726693231619], [-6.292875909364682, 53.37725408005744], [-6.292947178056847, 53.377250092198466], [-6.293022835661924, 53.377250051693814], [-6.293103638464413, 53.377253953172634], [-6.293191103257102, 53.37726186774996], [-6.2932689486585875, 53.3772714288273], [-6.293356118492577, 53.37728420248638], [-6.293647393323758, 53.377333249815614], [-6.293754867109428, 53.37734996889624], [-6.293860606107071, 53.37736346244432], [-6.2939544108442345, 53.37737168819584], [-6.294052923256074, 53.37737506381442], [-6.2941430683158766, 53.377371926575975], [-6.294185542615493, 53.37736789852322], [-6.294226425120645, 53.37736221637861], [-6.294265821593268, 53.3773548663757], [-6.294303810863142, 53.37734583166653], [-6.294361821709627, 53.37732832154923], [-6.294424750069419, 53.37730510777055], [-6.2946296553357985, 53.37721613054535], [-6.294707889731916, 53.377185154855745], [-6.294876049797011, 53.377127775386256], [-6.295056254600523, 53.37707326594987], [-6.2952500805215665, 53.377021145679244], [-6.295460569523345, 53.37697059240642], [-6.295671946395311, 53.37692470454394], [-6.295910003304646, 53.37687728370323], [-6.296148175513494, 53.37683279682865], [-6.296674269178421, 53.37673766033695], [-6.296782866084909, 53.376719223488315], [-6.296904942628957, 53.37670145705683], [-6.297366207119973, 53.37664491274764], [-6.2975555644155214, 53.376618143135076], [-6.297656103069206, 53.376601016948484], [-6.297748437881256, 53.37658272476638], [-6.297834379388323, 53.37656290594481], [-6.297914821269621, 53.37654135033977], [-6.297977407596916, 53.37652162167265], [-6.298045463222849, 53.37649688644321], [-6.298259669274045, 53.37640905312113], [-6.298336083394832, 53.37637955820914], [-6.2984104336575895, 53.376354475703835], [-6.298479743695955, 53.37633539809698], [-6.298567166087716, 53.3763173956712], [-6.29866106949379, 53.37630406946041], [-6.298762439813127, 53.376295271718085], [-6.298873271097669, 53.37629082681899], [-6.298972098330887, 53.376290321849915], [-6.299083504809411, 53.37629256305275], [-6.299463049395507, 53.376308885722615], [-6.29960637484885, 53.376313082226844], [-6.299747478224103, 53.37631303062306], [-6.299872619553985, 53.37630768942188], [-6.300048672667994, 53.37629248178185], [-6.300243769571055, 53.37626918894277], [-6.300428144512513, 53.3762429280546], [-6.300857418834282, 53.376177174800944], [-6.3010665118508316, 53.376148764366995], [-6.301256793461886, 53.376128299069634], [-6.301431082831512, 53.376115871250825], [-6.3016427569493985, 53.376106091853714], [-6.301812935008688, 53.37610084841634], [-6.30196666703561, 53.37609937671126], [-6.302107644336396, 53.376101719428554], [-6.302167574286307, 53.37610487112868], [-6.302230228052239, 53.376110659981144], [-6.302296221187805, 53.37611914147535], [-6.302366766586213, 53.376130468577], [-6.30249990709731, 53.37615654456451], [-6.302829414950836, 53.376228893374176], [-6.30292141065308, 53.37624603931892], [-6.303003786215897, 53.37625847889942], [-6.303094496214787, 53.376267893813115], [-6.303178840850872, 53.37627156290068], [-6.303258397214759, 53.37626955084046], [-6.303333983967997, 53.37626183153063], [-6.303386331954275, 53.37625268079188], [-6.303443438031204, 53.37623949733476], [-6.303673389665893, 53.37617305934645], [-6.303727080689252, 53.376159458707335], [-6.303775871961323, 53.37614921913266], [-6.3039581740872705, 53.37611615896718], [-6.304093205371628, 53.37609441055121], [-6.30421457126587, 53.37607855450044], [-6.3043224619470815, 53.376068761634045], [-6.304421682154519, 53.37606481802513], [-6.304509561543077, 53.37606708932155], [-6.304549422445419, 53.37607055961207], [-6.304586604598288, 53.376075589905014], [-6.304621134901373, 53.37608218418019], [-6.304653034245076, 53.37609034633181], [-6.304696663871492, 53.376106402093896], [-6.30473737407128, 53.37612822352675], [-6.3047756288761, 53.37615604821618], [-6.3048122114212095, 53.376190442746946], [-6.304841462137502, 53.37622393050014], [-6.304871617061687, 53.37626390605247], [-6.304970325523476, 53.37641424293565], [-6.305012718278846, 53.3764729956408], [-6.305060962365647, 53.376528194877615], [-6.305111064106644, 53.37657242454065], [-6.305212895585443, 53.376644271008026], [-6.305334386693298, 53.37671939044354], [-6.305475128864187, 53.37679819582671], [-6.3056939951146775, 53.37691360287745], [-6.305870867634559, 53.37700297647295], [-6.306057360479008, 53.37709060964576], [-6.306253454406267, 53.37717649578592], [-6.306459134750051, 53.377260626548605], [-6.3066743748948335, 53.37734299161973], [-6.3068991792704265, 53.37742359370665], [-6.307133546402305, 53.377502432734296], [-6.307377495666894, 53.37757951341506], [-6.307632453804405, 53.377654714809125], [-6.307891128552064, 53.37772525143851], [-6.308152493725988, 53.377790845384524], [-6.3084155849041315, 53.377851252868304], [-6.308679372520299, 53.37790624267831], [-6.308943073772462, 53.37795565272091], [-6.309205857458071, 53.37799932831298], [-6.309466964875271, 53.37803714366847], [-6.309709159010325, 53.37806737346235], [-6.309952991336089, 53.3780933656459], [-6.310198464752248, 53.37811512114943], [-6.3104455747173605, 53.378132639000185], [-6.310694325666937, 53.37814591925129], [-6.310944714524204, 53.37815496184942], [-6.311196742682602, 53.37815976770324], [-6.311450410138979, 53.378160335005234]]}, "properties": {"FID": 885, "BIKE": "NON_TRAFFIC_TRAIL", "Shape_Leng": 1866.86938324, "DIR": "Bi-Directional"}}, {"type": "Feature", "id": 887, "geometry": {"type": "LineString", "coordinates": [[-6.28187419030766, 53.365953256411345], [-6.281794038440396, 53.366077935208395], [-6.281744284070497, 53.36619406357754]]}, "properties": {"FID": 887, "BIKE": "NON_TRAFFIC_TRAIL", "Shape_Leng": 28.2077328114, "DIR": "Bi-Directional"}}, {"type": "Feature", "id": 889, "geometry": {"type": "LineString", "coordinates": [[-6.288196269136473, 53.32294627294631], [-6.288168780237361, 53.322882961689885], [-6.288169859061628, 53.32285601284626], [-6.288202382366956, 53.32279356283005]]}, "properties": {"FID": 889, "BIKE": "NON_TRAFFIC_TRAIL", "Shape_Leng": 17.5602197786, "DIR": "Bi-Directional"}}, {"type": "Feature", "id": 890, "geometry": {"type": "LineString", "coordinates": [[-6.232404273075394, 53.36280550594137], [-6.232405510192225, 53.36280516743773], [-6.232653448219348, 53.3627373293684], [-6.233622323576774, 53.362466076463974], [-6.2346271794606025, 53.362192045831456], [-6.235560381680602, 53.36191529710635], [-6.235973892090081, 53.3617926432459], [-6.23645076822074, 53.361672575583896], [-6.236898529135922, 53.36152236020769], [-6.237376831407249, 53.361367641850514], [-6.237991197836116, 53.3611700216554], [-6.23821483009722, 53.36115306620506]]}, "properties": {"FID": 890, "BIKE": "NON_TRAFFIC_TRAIL", "Shape_Leng": 429.316015642, "DIR": "Bi-Directional"}}, {"type": "Feature", "id": 891, "geometry": {"type": "LineString", "coordinates": [[-6.328170736361517, 53.33425436226802], [-6.32801943858501, 53.33428148267674], [-6.327035472730956, 53.334395921363594], [-6.324370840980159, 53.33472988586308], [-6.318988343496243, 53.33534505279523], [-6.317509567604699, 53.33550339312887], [-6.315175899457674, 53.33575019956869], [-6.31182920049611, 53.33615889983161], [-6.306629368539051, 53.33675560481044]]}, "properties": {"FID": 891, "BIKE": "NON_TRAFFIC_TRAIL", "Shape_Leng": 1461.82174506, "DIR": "Bi-Directional"}}, {"type": "Feature", "id": 894, "geometry": {"type": "LineString", "coordinates": [[-6.300729553628638, 53.35810703712696], [-6.300992685643653, 53.358290544837054], [-6.301150710312747, 53.358472555583305], [-6.301263689151038, 53.35865392484283]]}, "properties": {"FID": 894, "BIKE": "NON_TRAFFIC_TRAIL", "Shape_Leng": 71.2733317437, "DIR": "Bi-Directional"}}, {"type": "Feature", "id": 895, "geometry": {"type": "LineString", "coordinates": [[-6.301263689151038, 53.35865392484283], [-6.301257971957558, 53.358797652118625], [-6.301232950890515, 53.35904896107412], [-6.301288011805163, 53.35917557749386], [-6.301494304396944, 53.359277382484215]]}, "properties": {"FID": 895, "BIKE": "NON_TRAFFIC_TRAIL", "Shape_Leng": 76.3825650456, "DIR": "Bi-Directional"}}, {"type": "Feature", "id": 896, "geometry": {"type": "LineString", "coordinates": [[-6.174942078748422, 53.385290268980135], [-6.175385886030403, 53.38545884163984]]}, "properties": {"FID": 896, "BIKE": "NON_TRAFFIC_TRAIL", "Shape_Leng": 34.9857113691, "DIR": "Bi-Directional"}}, {"type": "Feature", "id": 897, "geometry": {"type": "LineString", "coordinates": [[-6.258219999594509, 53.33906000060509], [-6.2588099994804045, 53.33923000121586]]}, "properties": {"FID": 897, "BIKE": "NON_TRAFFIC_TRAIL", "Shape_Leng": 43.616306741, "DIR": "Bi-Directional"}}, {"type": "Feature", "id": 898, "geometry": {"type": "LineString", "coordinates": [[-6.304678514947006, 53.33696937936666], [-6.304543085426463, 53.33697644281933], [-6.304391578578341, 53.33701024181455], [-6.304104285229884, 53.337060086568485], [-6.303922761411914, 53.33709345826417], [-6.303726942188693, 53.33710865028925], [-6.30348609830608, 53.337123201724495], [-6.303366032908807, 53.33712149426204], [-6.303096955783409, 53.33709070304195]]}, "properties": {"FID": 898, "BIKE": "NON_TRAFFIC_TRAIL", "Shape_Leng": 107.925433764, "DIR": "Bi-Directional"}}, {"type": "Feature", "id": 900, "geometry": {"type": "LineString", "coordinates": [[-6.314544748892245, 53.36513386783467], [-6.314717874579574, 53.36531607317154], [-6.31482986512497, 53.36552437899835]]}, "properties": {"FID": 900, "BIKE": "NON_TRAFFIC_TRAIL", "Shape_Leng": 47.6753989032, "DIR": "Bi-Directional"}}, {"type": "Feature", "id": 901, "geometry": {"type": "LineString", "coordinates": [[-6.183460328291409, 53.38401806276203], [-6.183303206693241, 53.38417745836571], [-6.183133355230489, 53.38428273096692], [-6.182873742580724, 53.38437764861282], [-6.18270656755083, 53.38442004417006]]}, "properties": {"FID": 901, "BIKE": "NON_TRAFFIC_TRAIL", "Shape_Leng": 69.201583583, "DIR": "Bi-Directional"}}, {"type": "Feature", "id": 902, "geometry": {"type": "LineString", "coordinates": [[-6.22156636277667, 53.38194044464503], [-6.221378969120049, 53.38210842647535], [-6.221072510364525, 53.38224766908809], [-6.220620310589702, 53.38227688079997], [-6.220307067486942, 53.38221828168183]]}, "properties": {"FID": 902, "BIKE": "NON_TRAFFIC_TRAIL", "Shape_Leng": 100.190523573, "DIR": "Bi-Directional"}}, {"type": "Feature", "id": 905, "geometry": {"type": "LineString", "coordinates": [[-6.3524328392753935, 53.356009885693844], [-6.3526573740945835, 53.35603096166349], [-6.353273119153872, 53.356425943701495], [-6.353810681942084, 53.35690073569267], [-6.353985328614078, 53.35704695252306]]}, "properties": {"FID": 905, "BIKE": "NON_TRAFFIC_TRAIL", "Shape_Leng": 159.061041201, "DIR": "Bi-Directional"}}, {"type": "Feature", "id": 906, "geometry": {"type": "LineString", "coordinates": [[-6.338339999372412, 53.345010000261574], [-6.3386899997775235, 53.345020001006475], [-6.33905999971483, 53.34507000075433], [-6.3393899997188665, 53.345130000839895]]}, "properties": {"FID": 906, "BIKE": "NON_TRAFFIC_TRAIL", "Shape_Leng": 71.5677340816, "DIR": "Bi-Directional"}}, {"type": "Feature", "id": 907, "geometry": {"type": "LineString", "coordinates": [[-6.320604495854171, 53.345544522683554], [-6.319047380717368, 53.34580122403337], [-6.315718900907164, 53.34603291254807], [-6.315079711263682, 53.34554940441778]]}, "properties": {"FID": 907, "BIKE": "NON_TRAFFIC_TRAIL", "Shape_Leng": 399.339241049, "DIR": "Bi-Directional"}}, {"type": "Feature", "id": 908, "geometry": {"type": "LineString", "coordinates": [[-6.171445751049785, 53.37356109197671], [-6.171052932146175, 53.37395954155913], [-6.170665500902122, 53.374582777494936], [-6.170532654153015, 53.37698059041964]]}, "properties": {"FID": 908, "BIKE": "NON_TRAFFIC_TRAIL", "Shape_Leng": 392.485641237, "DIR": "Bi-Directional"}}, {"type": "Feature", "id": 909, "geometry": {"type": "LineString", "coordinates": [[-6.3118816429717866, 53.37358090934906], [-6.311845560916331, 53.373733195089315], [-6.311917113671669, 53.37382408724751], [-6.312109546585901, 53.37389871298779], [-6.312333443338919, 53.37393783131982]]}, "properties": {"FID": 909, "BIKE": "NON_TRAFFIC_TRAIL", "Shape_Leng": 59.0860948749, "DIR": "Bi-Directional"}}, {"type": "Feature", "id": 910, "geometry": {"type": "LineString", "coordinates": [[-6.219834157264156, 53.3816629537185], [-6.220030991716304, 53.381989461739686], [-6.220145932197234, 53.382117009536934], [-6.220307067486942, 53.38221828168183]]}, "properties": {"FID": 910, "BIKE": "NON_TRAFFIC_TRAIL", "Shape_Leng": 70.3072805144, "DIR": "Bi-Directional"}}, {"type": "Feature", "id": 911, "geometry": {"type": "LineString", "coordinates": [[-6.23952402121389, 53.343827401597935], [-6.238823193244309, 53.34406872621008]]}, "properties": {"FID": 911, "BIKE": "NON_TRAFFIC_TRAIL", "Shape_Leng": 53.8516480713, "DIR": "Bi-Directional"}}, {"type": "Feature", "id": 913, "geometry": {"type": "LineString", "coordinates": [[-6.183460328291409, 53.38401806276203], [-6.183652959497339, 53.38408391159742], [-6.183783202036521, 53.38420273977824], [-6.18376320724842, 53.38431928171528], [-6.183563308653962, 53.384424097686406], [-6.183074130144858, 53.38461439168904], [-6.182602267097208, 53.384751018350016]]}, "properties": {"FID": 913, "BIKE": "NON_TRAFFIC_TRAIL", "Shape_Leng": 135.024924947, "DIR": "Bi-Directional"}}, {"type": "Feature", "id": 914, "geometry": {"type": "LineString", "coordinates": [[-6.176035551215769, 53.36991021579075], [-6.175955468081216, 53.37002583834722]]}, "properties": {"FID": 914, "BIKE": "NON_TRAFFIC_TRAIL", "Shape_Leng": 13.9283882772, "DIR": "Bi-Directional"}}, {"type": "Feature", "id": 916, "geometry": {"type": "LineString", "coordinates": [[-6.272230071324761, 53.35770677041657], [-6.272844603220992, 53.357742631252286]]}, "properties": {"FID": 916, "BIKE": "NON_TRAFFIC_TRAIL", "Shape_Leng": 41.1096095822, "DIR": "Bi-Directional"}}, {"type": "Feature", "id": 917, "geometry": {"type": "LineString", "coordinates": [[-6.3138825335493065, 53.36516046515445], [-6.313925104657927, 53.36522398275357], [-6.314073157676453, 53.36528000257262], [-6.314399301270775, 53.365392465930235]]}, "properties": {"FID": 917, "BIKE": "NON_TRAFFIC_TRAIL", "Shape_Leng": 44.3376050678, "DIR": "Bi-Directional"}}, {"type": "Feature", "id": 918, "geometry": {"type": "LineString", "coordinates": [[-6.2967338710067535, 53.36373950170309], [-6.296986660071599, 53.36380602582903], [-6.297085691996695, 53.36396023576167], [-6.297259096203535, 53.36413348290553], [-6.2974346510184604, 53.364252832232715], [-6.297625582679291, 53.36436341261592], [-6.297863359122034, 53.36442972067993]]}, "properties": {"FID": 918, "BIKE": "NON_TRAFFIC_TRAIL", "Shape_Leng": 112.089618898, "DIR": "Bi-Directional"}}, {"type": "Feature", "id": 919, "geometry": {"type": "LineString", "coordinates": [[-6.178816239206632, 53.38469330897164], [-6.177796533116806, 53.38463280443796], [-6.1769263008188995, 53.38459255075181], [-6.1769336480707135, 53.38477242654635], [-6.176791523407118, 53.3849320428089], [-6.176711029268603, 53.38505664768776]]}, "properties": {"FID": 919, "BIKE": "NON_TRAFFIC_TRAIL", "Shape_Leng": 181.276775057, "DIR": "Bi-Directional"}}, {"type": "Feature", "id": 921, "geometry": {"type": "LineString", "coordinates": [[-6.250053489906579, 53.31299115938311], [-6.250034080798357, 53.31309873268839], [-6.250075036522145, 53.31319820352086]]}, "properties": {"FID": 921, "BIKE": "NON_TRAFFIC_TRAIL", "Shape_Leng": 23.4433488298, "DIR": "Bi-Directional"}}, {"type": "Feature", "id": 922, "geometry": {"type": "LineString", "coordinates": [[-6.24971516330066, 53.34912754426084], [-6.2496766743607655, 53.349333706498854]]}, "properties": {"FID": 922, "BIKE": "NON_TRAFFIC_TRAIL", "Shape_Leng": 23.0867927612, "DIR": "Bi-Directional"}}, {"type": "Feature", "id": 923, "geometry": {"type": "LineString", "coordinates": [[-6.2496766743607655, 53.349333706498854], [-6.249604480163428, 53.349629255491344]]}, "properties": {"FID": 923, "BIKE": "NON_TRAFFIC_TRAIL", "Shape_Leng": 33.2415402772, "DIR": "Bi-Directional"}}, {"type": "Feature", "id": 926, "geometry": {"type": "LineString", "coordinates": [[-6.249577995186502, 53.31250780846785], [-6.249914889809941, 53.312710492288524], [-6.2500615744329515, 53.3127935381732]]}, "properties": {"FID": 926, "BIKE": "NON_TRAFFIC_TRAIL", "Shape_Leng": 45.2812849728, "DIR": "Bi-Directional"}}, {"type": "Feature", "id": 929, "geometry": {"type": "LineString", "coordinates": [[-6.2194013965972115, 53.38050601847839], [-6.219413420690706, 53.3805781028552], [-6.219501683303091, 53.380624360220494]]}, "properties": {"FID": 929, "BIKE": "NON_TRAFFIC_TRAIL", "Shape_Leng": 15.8725074242, "DIR": "Bi-Directional"}}, {"type": "Feature", "id": 930, "geometry": {"type": "LineString", "coordinates": [[-6.317159999613529, 53.3477100014076], [-6.317143076410241, 53.34791335520449], [-6.317109346021737, 53.348111309207056], [-6.317058806692515, 53.348303864276964], [-6.316991459717734, 53.348491020412894], [-6.316907304904195, 53.34867277758534], [-6.316806340570318, 53.348849135736614], [-6.316688566584003, 53.349020093924864], [-6.316553984221038, 53.34918565391734], [-6.3164025934104195, 53.34934581385983], [-6.316246802273841, 53.34948984091162], [-6.316076486879264, 53.3496292029187], [-6.3158916501452325, 53.34976389986085], [-6.315692288994827, 53.34989393162793], [-6.315478406330393, 53.350019299087585], [-6.315249999165007, 53.350140000322554]]}, "properties": {"FID": 930, "BIKE": "NON_TRAFFIC_TRAIL", "Shape_Leng": 308.656319168, "DIR": "Bi-Directional"}}, {"type": "Feature", "id": 933, "geometry": {"type": "LineString", "coordinates": [[-6.219834157264156, 53.3816629537185], [-6.219742925900475, 53.382048082174045], [-6.219594222814827, 53.382369436405114]]}, "properties": {"FID": 933, "BIKE": "NON_TRAFFIC_TRAIL", "Shape_Leng": 80.3976722744, "DIR": "Bi-Directional"}}, {"type": "Feature", "id": 934, "geometry": {"type": "LineString", "coordinates": [[-6.268184545175038, 53.36336454546884], [-6.268420447576968, 53.36347582575867], [-6.2699548409231305, 53.363803675562224]]}, "properties": {"FID": 934, "BIKE": "NON_TRAFFIC_TRAIL", "Shape_Leng": 128.466584716, "DIR": "Bi-Directional"}}, {"type": "Feature", "id": 935, "geometry": {"type": "LineString", "coordinates": [[-6.172955500660124, 53.368838444168006], [-6.174127344738098, 53.369197931455986], [-6.175626161611375, 53.36964330002973], [-6.175876487403728, 53.36976397330003], [-6.176035551215769, 53.36991021579075]]}, "properties": {"FID": 935, "BIKE": "NON_TRAFFIC_TRAIL", "Shape_Leng": 239.881733707, "DIR": "Bi-Directional"}}, {"type": "Feature", "id": 936, "geometry": {"type": "LineString", "coordinates": [[-6.172786278898461, 53.37208958298897], [-6.1717233923156565, 53.37269349016441]]}, "properties": {"FID": 936, "BIKE": "NON_TRAFFIC_TRAIL", "Shape_Leng": 97.5807358037, "DIR": "Bi-Directional"}}, {"type": "Feature", "id": 937, "geometry": {"type": "LineString", "coordinates": [[-6.288202382366956, 53.32279356283005], [-6.288400657771516, 53.322715515130476], [-6.288446385874398, 53.322698195071226], [-6.288552844954777, 53.32266377016347]]}, "properties": {"FID": 937, "BIKE": "NON_TRAFFIC_TRAIL", "Shape_Leng": 27.4791973246, "DIR": "Bi-Directional"}}, {"type": "Feature", "id": 938, "geometry": {"type": "LineString", "coordinates": [[-6.234375664840287, 53.323393122233966], [-6.2351252366642065, 53.32378171890103], [-6.235185248475252, 53.32378260682418]]}, "properties": {"FID": 938, "BIKE": "NON_TRAFFIC_TRAIL", "Shape_Leng": 70.0681466366, "DIR": "Bi-Directional"}}, {"type": "Feature", "id": 939, "geometry": {"type": "LineString", "coordinates": [[-6.256850000909542, 53.338640001079206], [-6.256919999512749, 53.33869000016086], [-6.258219999594509, 53.33906000060509]]}, "properties": {"FID": 939, "BIKE": "NON_TRAFFIC_TRAIL", "Shape_Leng": 103.144063255, "DIR": "Bi-Directional"}}, {"type": "Feature", "id": 940, "geometry": {"type": "LineString", "coordinates": [[-6.212162258757182, 53.31790300397754], [-6.21215848425889, 53.318352358368045], [-6.212459235417444, 53.31869841842341]]}, "properties": {"FID": 940, "BIKE": "NON_TRAFFIC_TRAIL", "Shape_Leng": 93.4265856924, "DIR": "Bi-Directional"}}, {"type": "Feature", "id": 941, "geometry": {"type": "LineString", "coordinates": [[-6.221263096462875, 53.38056074301457], [-6.220936340264028, 53.38046599157668], [-6.220594188232356, 53.3803799978193], [-6.2202941085059065, 53.38036653542353], [-6.220036099508848, 53.38042560469423], [-6.2198058868115735, 53.380539016752735], [-6.2196199917370025, 53.38067106572054]]}, "properties": {"FID": 941, "BIKE": "NON_TRAFFIC_TRAIL", "Shape_Leng": 126.332836677, "DIR": "Bi-Directional"}}, {"type": "Feature", "id": 944, "geometry": {"type": "LineString", "coordinates": [[-6.329315819337884, 53.379320089628926], [-6.329337152166224, 53.37929324634813], [-6.32936081392403, 53.37926788542293], [-6.329386801640225, 53.379244005911566], [-6.329415116745679, 53.379221609630164], [-6.329439249049425, 53.379205920945104], [-6.329467340734799, 53.37919141925877], [-6.329499683429212, 53.37917795046165], [-6.3295369037350815, 53.379165250984535], [-6.3296115023616135, 53.379145068131976], [-6.329804798370949, 53.37910082451166], [-6.329855431879145, 53.37908641257677], [-6.329898203654661, 53.37907143222595], [-6.329949480032446, 53.3790500401974], [-6.330000792450253, 53.37902603584688], [-6.330052621587813, 53.378999196706495], [-6.330105831161054, 53.37896907647322], [-6.330207831073708, 53.37890518161649], [-6.3304002228972305, 53.37877458590154], [-6.330481861679184, 53.37872153669517], [-6.330570763151775, 53.37866899168057], [-6.330655318936359, 53.37862547535864], [-6.330704892604201, 53.37860332128183], [-6.330762284989366, 53.37858025639992], [-6.330969595957375, 53.37850509504551], [-6.331049014485367, 53.37847419493269], [-6.3311257021691985, 53.378439593983444], [-6.331188876172461, 53.37840466202612], [-6.331285434075916, 53.37833997922125], [-6.33132564830039, 53.378308994571086], [-6.331360822601523, 53.378278662079126], [-6.331384122012157, 53.37825360398138], [-6.331404786035817, 53.37822348206133], [-6.331456140473954, 53.37811866140764], [-6.331477667426192, 53.37808241994239], [-6.331505094596195, 53.378049969394155], [-6.331537786944393, 53.378024327132664], [-6.331579518197758, 53.37800123976763], [-6.331631369570811, 53.377978464624164], [-6.331693829611411, 53.377955615743595], [-6.331780155715646, 53.37792784514631], [-6.331837438010615, 53.37791178793668], [-6.3318994106160424, 53.37789786618339], [-6.331966687750474, 53.37788594016165], [-6.3320405197402305, 53.37787578555937], [-6.332182685470727, 53.37786208733813], [-6.332523302321919, 53.37783836010953], [-6.332615549550238, 53.37783167832821], [-6.332718994580035, 53.37782688668289], [-6.3330652277088175, 53.377819133394496], [-6.333193565989445, 53.377814478688535], [-6.333319494182578, 53.37780614466765], [-6.333431702921787, 53.377793979714276], [-6.3335443670684555, 53.37777492364428], [-6.333805591218514, 53.3777196940862], [-6.333873858182374, 53.37770849625471], [-6.333936378566167, 53.37770115489855], [-6.334036015438838, 53.37769602583412], [-6.334265107991474, 53.37769668696834], [-6.334366173470213, 53.37769288711423], [-6.334454983681482, 53.377683517979044], [-6.334550758385235, 53.37766781327012], [-6.334661859571141, 53.37764422237854], [-6.334896356130441, 53.377587041018224], [-6.33499877802673, 53.37756422303158], [-6.33510811496426, 53.377544770343505], [-6.335207478465222, 53.3775334195112], [-6.335329952330268, 53.37752571468322], [-6.335453164919511, 53.37752172846896], [-6.335577113260506, 53.37752146082452], [-6.335701798852917, 53.37752491266706], [-6.335827223301891, 53.37753208221889], [-6.335953385068242, 53.377542971253604], [-6.336080284255581, 53.37755757797244], [-6.336207920827763, 53.37757590416992]]}, "properties": {"FID": 944, "BIKE": "NON_TRAFFIC_TRAIL", "Shape_Leng": 533.394240248, "DIR": "Bi-Directional"}}, {"type": "Feature", "id": 946, "geometry": {"type": "LineString", "coordinates": [[-6.316061100818779, 53.374691549440165], [-6.3160243237670235, 53.37486180252322], [-6.315855542246432, 53.37494930092838], [-6.315643467803516, 53.37499124811468], [-6.31537378855567, 53.37496946583332], [-6.315134152714439, 53.3749481070746], [-6.314802614396522, 53.37497039020816], [-6.314396677449671, 53.37497364567904], [-6.31415846140408, 53.37491635300206]]}, "properties": {"FID": 946, "BIKE": "NON_TRAFFIC_TRAIL", "Shape_Leng": 149.382519416, "DIR": "Bi-Directional"}}, {"type": "Feature", "id": 948, "geometry": {"type": "LineString", "coordinates": [[-6.30984000088575, 53.34583000056202], [-6.3096800002258355, 53.34596000110236], [-6.309639999938236, 53.34598000085016], [-6.309489998948117, 53.346100000697845], [-6.309339999266579, 53.346210001174924]]}, "properties": {"FID": 948, "BIKE": "NON_TRAFFIC_TRAIL", "Shape_Leng": 53.9179156858, "DIR": "Bi-Directional"}}, {"type": "Feature", "id": 949, "geometry": {"type": "LineString", "coordinates": [[-6.2993597358175695, 53.36571836804774], [-6.2994752300586505, 53.3658368583332], [-6.29964793597531, 53.36602806796133], [-6.299760569946552, 53.366218421466634], [-6.299774150842762, 53.366632064475084]]}, "properties": {"FID": 949, "BIKE": "NON_TRAFFIC_TRAIL", "Shape_Leng": 107.966773554, "DIR": "Bi-Directional"}}, {"type": "Feature", "id": 950, "geometry": {"type": "LineString", "coordinates": [[-6.327529999767475, 53.34909000066604], [-6.332202440083114, 53.349427991967], [-6.332342533198711, 53.34942478288838]]}, "properties": {"FID": 950, "BIKE": "NON_TRAFFIC_TRAIL", "Shape_Leng": 322.74993729, "DIR": "Bi-Directional"}}, {"type": "Feature", "id": 951, "geometry": {"type": "LineString", "coordinates": [[-6.29960432005375, 53.36561399693004], [-6.2993597358175695, 53.36571836804774]]}, "properties": {"FID": 951, "BIKE": "NON_TRAFFIC_TRAIL", "Shape_Leng": 20, "DIR": "Bi-Directional"}}, {"type": "Feature", "id": 952, "geometry": {"type": "LineString", "coordinates": [[-6.26829330818795, 53.36327624306151], [-6.268184545175038, 53.36336454546884]]}, "properties": {"FID": 952, "BIKE": "NON_TRAFFIC_TRAIL", "Shape_Leng": 12.2065556157, "DIR": "Bi-Directional"}}, {"type": "Feature", "id": 953, "geometry": {"type": "LineString", "coordinates": [[-6.221112780913082, 53.37983945296307], [-6.221545439500336, 53.379917805823915], [-6.221929663253482, 53.38007632862553], [-6.222312393000915, 53.38027078039454], [-6.222503197914974, 53.380381479647724]]}, "properties": {"FID": 953, "BIKE": "NON_TRAFFIC_TRAIL", "Shape_Leng": 112.261022994, "DIR": "Bi-Directional"}}, {"type": "Feature", "id": 954, "geometry": {"type": "LineString", "coordinates": [[-6.180363265287166, 53.386137035647394], [-6.180151390797594, 53.38616975803615]]}, "properties": {"FID": 954, "BIKE": "NON_TRAFFIC_TRAIL", "Shape_Leng": 14.5602197786, "DIR": "Bi-Directional"}}, {"type": "Feature", "id": 957, "geometry": {"type": "LineString", "coordinates": [[-6.316496723708903, 53.37469769507262], [-6.317548227896455, 53.374712522810604]]}, "properties": {"FID": 957, "BIKE": "NON_TRAFFIC_TRAIL", "Shape_Leng": 70, "DIR": "Bi-Directional"}}, {"type": "Feature", "id": 958, "geometry": {"type": "LineString", "coordinates": [[-6.220307067486942, 53.38221828168183], [-6.220586892323714, 53.38235727565594], [-6.220748778724279, 53.38244058214715]]}, "properties": {"FID": 958, "BIKE": "NON_TRAFFIC_TRAIL", "Shape_Leng": 38.4201072774, "DIR": "Bi-Directional"}}, {"type": "Feature", "id": 959, "geometry": {"type": "LineString", "coordinates": [[-6.2489749582990415, 53.34849650264383], [-6.248508857916792, 53.34850763747859]]}, "properties": {"FID": 959, "BIKE": "NON_TRAFFIC_TRAIL", "Shape_Leng": 31.064449134, "DIR": "Bi-Directional"}}, {"type": "Feature", "id": 960, "geometry": {"type": "LineString", "coordinates": [[-6.213475959242096, 53.31735643086727], [-6.213482131514399, 53.31778424656218]]}, "properties": {"FID": 960, "BIKE": "NON_TRAFFIC_TRAIL", "Shape_Leng": 47.6140509679, "DIR": "Bi-Directional"}}, {"type": "Feature", "id": 961, "geometry": {"type": "LineString", "coordinates": [[-6.31482986512497, 53.36552437899835], [-6.3148574197366765, 53.3655876841981]]}, "properties": {"FID": 961, "BIKE": "NON_TRAFFIC_TRAIL", "Shape_Leng": 7.28010988928, "DIR": "Bi-Directional"}}, {"type": "Feature", "id": 962, "geometry": {"type": "LineString", "coordinates": [[-6.2489749582990415, 53.34849650264383], [-6.2491661533152385, 53.34849422658984]]}, "properties": {"FID": 962, "BIKE": "NON_TRAFFIC_TRAIL", "Shape_Leng": 12.73505726, "DIR": "Bi-Directional"}}, {"type": "Feature", "id": 965, "geometry": {"type": "LineString", "coordinates": [[-6.314399301270775, 53.365392465930235], [-6.314784810399416, 53.36552374276251], [-6.31482986512497, 53.36552437899835]]}, "properties": {"FID": 965, "BIKE": "NON_TRAFFIC_TRAIL", "Shape_Leng": 32.5296461205, "DIR": "Bi-Directional"}}, {"type": "Feature", "id": 966, "geometry": {"type": "LineString", "coordinates": [[-6.178816239206632, 53.38469330897164], [-6.178511542878133, 53.38478752928041], [-6.177816222443762, 53.38487578581827], [-6.177013428495367, 53.3850163259233]]}, "properties": {"FID": 966, "BIKE": "NON_TRAFFIC_TRAIL", "Shape_Leng": 125.782038983, "DIR": "Bi-Directional"}}, {"type": "Feature", "id": 967, "geometry": {"type": "LineString", "coordinates": [[-6.3150700000819775, 53.345550001598056], [-6.314130001110305, 53.34559000147244]]}, "properties": {"FID": 967, "BIKE": "NON_TRAFFIC_TRAIL", "Shape_Leng": 62.7603619756, "DIR": "Bi-Directional"}}, {"type": "Feature", "id": 969, "geometry": {"type": "LineString", "coordinates": [[-6.234375664840287, 53.323393122233966], [-6.234280825862973, 53.323508564707915], [-6.2342613717572135, 53.32361613489763]]}, "properties": {"FID": 969, "BIKE": "NON_TRAFFIC_TRAIL", "Shape_Leng": 26.3594156421, "DIR": "Bi-Directional"}}, {"type": "Feature", "id": 970, "geometry": {"type": "LineString", "coordinates": [[-6.225708603087224, 53.33654006195005], [-6.2260295373518755, 53.33712906612424]]}, "properties": {"FID": 970, "BIKE": "NON_TRAFFIC_TRAIL", "Shape_Leng": 68.9492567038, "DIR": "Bi-Directional"}}, {"type": "Feature", "id": 971, "geometry": {"type": "LineString", "coordinates": [[-6.332631000702525, 53.3754179999624], [-6.337565999918654, 53.37544400015824], [-6.345377000183677, 53.37784999988186], [-6.350697999935766, 53.38005200013929], [-6.3575650004310695, 53.38230399999355], [-6.364516999497375, 53.38250900038145], [-6.371554999576526, 53.38171599988397]]}, "properties": {"FID": 971, "BIKE": "NON_TRAFFIC_TRAIL", "Shape_Leng": 2804.66429575, "DIR": "Bi-Directional"}}, {"type": "Feature", "id": 973, "geometry": {"type": "LineString", "coordinates": [[-6.2500615744329515, 53.3127935381732], [-6.250053489906579, 53.31299115938311]]}, "properties": {"FID": 973, "BIKE": "NON_TRAFFIC_TRAIL", "Shape_Leng": 22, "DIR": "Bi-Directional"}}, {"type": "Feature", "id": 978, "geometry": {"type": "LineString", "coordinates": [[-6.2792786824262175, 53.37020596749943], [-6.279559999671025, 53.3704100012913]]}, "properties": {"FID": 978, "BIKE": "BIKE_FRIENDLY_PEDESTRIAN_PATH", "Shape_Leng": 29.4316439589, "DIR": "Forward"}}, {"type": "Feature", "id": 980, "geometry": {"type": "LineString", "coordinates": [[-6.22673709541537, 53.3496608365321], [-6.226757096899228, 53.34950083633106]]}, "properties": {"FID": 980, "BIKE": "BIKE_FRIENDLY_PEDESTRIAN_PATH", "Shape_Leng": 17.8564635037, "DIR": "Forward"}}, {"type": "Feature", "id": 981, "geometry": {"type": "LineString", "coordinates": [[-6.226757096899228, 53.34950083633106], [-6.226807095905795, 53.349240835704414], [-6.226833026062483, 53.34899737508421]]}, "properties": {"FID": 981, "BIKE": "BIKE_FRIENDLY_PEDESTRIAN_PATH", "Shape_Leng": 56.2770300887, "DIR": "Forward"}}, {"type": "Feature", "id": 983, "geometry": {"type": "LineString", "coordinates": [[-6.226557093869257, 53.350020835033035], [-6.226657095682682, 53.349850835481014], [-6.22673709541537, 53.3496608365321]]}, "properties": {"FID": 983, "BIKE": "BIKE_FRIENDLY_PEDESTRIAN_PATH", "Shape_Leng": 41.8634577013, "DIR": "Forward"}}, {"type": "Feature", "id": 994, "geometry": {"type": "LineString", "coordinates": [[-6.245495712003058, 53.33441463327317], [-6.2452785216826046, 53.334518690778616], [-6.244960965921363, 53.33473347136278], [-6.244340849279553, 53.33514426684167], [-6.242535438344378, 53.33631556018685], [-6.242215439002374, 53.33653556014334], [-6.24140543920292, 53.337065559469664], [-6.2411076882088, 53.33725230742761], [-6.240867689976942, 53.3374023070345], [-6.240569366872127, 53.33761436306326]]}, "properties": {"FID": 994, "BIKE": "SEPARATE_TRAIL", "Shape_Leng": 484.526042332, "DIR": "Bi-Directional"}}, {"type": "Feature", "id": 995, "geometry": {"type": "LineString", "coordinates": [[-6.264192066150987, 53.33019093114032], [-6.2627547041927825, 53.33025431576439], [-6.261189754554899, 53.33033937230241], [-6.260296755857289, 53.33051510310753]]}, "properties": {"FID": 995, "BIKE": "SEPARATE_TRAIL", "Shape_Leng": 263.336444141, "DIR": "Bi-Directional"}}, {"type": "Feature", "id": 1011, "geometry": {"type": "LineString", "coordinates": [[-6.238823193244309, 53.34406872621008], [-6.239546475023347, 53.34437600981016]]}, "properties": {"FID": 1011, "BIKE": "NON_TRAFFIC_TRAIL", "Shape_Leng": 59.076221951, "DIR": "Bi-Directional"}}, {"type": "Feature", "id": 1014, "geometry": {"type": "LineString", "coordinates": [[-6.2196199917370025, 53.38067106572054], [-6.21953325854636, 53.38094840369692], [-6.219556557811223, 53.38111053748078], [-6.219653847996675, 53.381300739350166], [-6.219796208346914, 53.38149161338314], [-6.219834157264156, 53.3816629537185]]}, "properties": {"FID": 1014, "BIKE": "NON_TRAFFIC_TRAIL", "Shape_Leng": 114.142141595, "DIR": "Bi-Directional"}}, {"type": "Feature", "id": 1015, "geometry": {"type": "LineString", "coordinates": [[-6.252513631656927, 53.35158636825942], [-6.252928430422357, 53.35209577716123], [-6.253014834823577, 53.35218692345196]]}, "properties": {"FID": 1015, "BIKE": "NON_TRAFFIC_TRAIL", "Shape_Leng": 74.7253638914, "DIR": "Bi-Directional"}}, {"type": "Feature", "id": 1018, "geometry": {"type": "LineString", "coordinates": [[-6.260180821517643, 53.33057244456012], [-6.260114493891315, 53.33062397596823], [-6.2599448272514415, 53.33069484079158], [-6.2597713496792675, 53.33073383088062], [-6.259524877668964, 53.33078800358535], [-6.2579057023942575, 53.33107848221312], [-6.257489999844466, 53.331180000457586], [-6.256200000654896, 53.33145000103506], [-6.2551299997467416, 53.33168000077739], [-6.254860000308166, 53.33171000029374], [-6.2546400001254865, 53.33176000133301], [-6.2539199999292086, 53.33191000106821], [-6.253599999344542, 53.33198000012592], [-6.253489999441061, 53.332000000788874], [-6.253319999859531, 53.33201000077507], [-6.253129999480854, 53.332050001273515], [-6.253030000138662, 53.33209000097138], [-6.252989015308491, 53.33217060414244]]}, "properties": {"FID": 1018, "BIKE": "SEPARATE_TRAIL", "Shape_Leng": 517.470513048, "DIR": "Bi-Directional"}}, {"type": "Feature", "id": 1019, "geometry": {"type": "LineString", "coordinates": [[-6.250789985687414, 53.314799597678196], [-6.2509235157631435, 53.3148375086415], [-6.2513877796369535, 53.314862292464845]]}, "properties": {"FID": 1019, "BIKE": "NON_TRAFFIC_TRAIL", "Shape_Leng": 40.9133069358, "DIR": "Bi-Directional"}}, {"type": "Feature", "id": 1020, "geometry": {"type": "LineString", "coordinates": [[-6.354116660589262, 53.35714763178257], [-6.35430632495956, 53.35729405526323], [-6.354608156169531, 53.35764874851981]]}, "properties": {"FID": 1020, "BIKE": "NON_TRAFFIC_TRAIL", "Shape_Leng": 64.9099973088, "DIR": "Bi-Directional"}}, {"type": "Feature", "id": 1022, "geometry": {"type": "LineString", "coordinates": [[-6.220748778724279, 53.38244058214715], [-6.220654517467405, 53.382538046232284]]}, "properties": {"FID": 1022, "BIKE": "NON_TRAFFIC_TRAIL", "Shape_Leng": 12.5299640861, "DIR": "Bi-Directional"}}, {"type": "Feature", "id": 1023, "geometry": {"type": "LineString", "coordinates": [[-6.180491638088542, 53.3848896367331], [-6.180069434110585, 53.38491915238272]]}, "properties": {"FID": 1023, "BIKE": "NON_TRAFFIC_TRAIL", "Shape_Leng": 28.2842712475, "DIR": "Bi-Directional"}}, {"type": "Feature", "id": 1024, "geometry": {"type": "LineString", "coordinates": [[-6.315036092252037, 53.36524866256124], [-6.31487562895077, 53.365507049202066], [-6.31482986512497, 53.36552437899835]]}, "properties": {"FID": 1024, "BIKE": "NON_TRAFFIC_TRAIL", "Shape_Leng": 34.2812745758, "DIR": "Bi-Directional"}}, {"type": "Feature", "id": 1025, "geometry": {"type": "LineString", "coordinates": [[-6.2491661533152385, 53.34849422658984], [-6.249828419738132, 53.34856295377638]]}, "properties": {"FID": 1025, "BIKE": "NON_TRAFFIC_TRAIL", "Shape_Leng": 44.7616072478, "DIR": "Bi-Directional"}}, {"type": "Feature", "id": 1026, "geometry": {"type": "LineString", "coordinates": [[-6.249594832153845, 53.312463114699014], [-6.250043335336429, 53.31250564897728], [-6.250056864560813, 53.312541800184555], [-6.250265382695723, 53.31258081218924]]}, "properties": {"FID": 1026, "BIKE": "NON_TRAFFIC_TRAIL", "Shape_Leng": 48.948817305, "DIR": "Bi-Directional"}}, {"type": "Feature", "id": 1027, "geometry": {"type": "LineString", "coordinates": [[-6.30195689845567, 53.35822337733966], [-6.301844645517729, 53.35840154072781]]}, "properties": {"FID": 1027, "BIKE": "NON_TRAFFIC_TRAIL", "Shape_Leng": 21.1896201004, "DIR": "Bi-Directional"}}, {"type": "Feature", "id": 1029, "geometry": {"type": "LineString", "coordinates": [[-6.17904274780342, 53.384669800434224], [-6.178816239206632, 53.38469330897164]]}, "properties": {"FID": 1029, "BIKE": "NON_TRAFFIC_TRAIL", "Shape_Leng": 15.2970585408, "DIR": "Bi-Directional"}}, {"type": "Feature", "id": 1030, "geometry": {"type": "LineString", "coordinates": [[-6.219553722228518, 53.3876628334067], [-6.219361045849005, 53.38795656693382]]}, "properties": {"FID": 1030, "BIKE": "NON_TRAFFIC_TRAIL", "Shape_Leng": 35.1140997322, "DIR": "Bi-Directional"}}, {"type": "Feature", "id": 1031, "geometry": {"type": "LineString", "coordinates": [[-6.256670000757225, 53.33853000136664], [-6.256850000909542, 53.338640001079206]]}, "properties": {"FID": 1031, "BIKE": "NON_TRAFFIC_TRAIL", "Shape_Leng": 17.1353719962, "DIR": "Bi-Directional"}}, {"type": "Feature", "id": 1053, "geometry": {"type": "LineString", "coordinates": [[-6.226947099408702, 53.348280836616645], [-6.226971923579201, 53.34808917803046]]}, "properties": {"FID": 1053, "BIKE": "BIKE_FRIENDLY_PEDESTRIAN_PATH", "Shape_Leng": 21.3939994818, "DIR": "Forward"}}, {"type": "Feature", "id": 1058, "geometry": {"type": "LineString", "coordinates": [[-6.314544748892245, 53.36513386783467], [-6.314399301270775, 53.365392465930235]]}, "properties": {"FID": 1058, "BIKE": "NON_TRAFFIC_TRAIL", "Shape_Leng": 30.3644529014, "DIR": "Bi-Directional"}}, {"type": "Feature", "id": 1059, "geometry": {"type": "LineString", "coordinates": [[-6.314424227536909, 53.373895474496635], [-6.314214285783236, 53.37388352122582], [-6.313943194909573, 53.373897667733935], [-6.313536203347717, 53.37392786932746], [-6.313265112000999, 53.37394201429125], [-6.312920689868046, 53.37391018203685], [-6.312680351059766, 53.3739067843745], [-6.312499031512958, 53.373931184761894], [-6.312333443338919, 53.37393783131982]]}, "properties": {"FID": 1059, "BIKE": "NON_TRAFFIC_TRAIL", "Shape_Leng": 140.161402432, "DIR": "Bi-Directional"}}, {"type": "Feature", "id": 1082, "geometry": {"type": "LineString", "coordinates": [[-6.301844645517729, 53.35840154072781], [-6.302795293741575, 53.35867571892158]]}, "properties": {"FID": 1082, "BIKE": "NON_TRAFFIC_TRAIL", "Shape_Leng": 70.2637886824, "DIR": "Bi-Directional"}}, {"type": "Feature", "id": 1086, "geometry": {"type": "LineString", "coordinates": [[-6.178136048163158, 53.36893562381778], [-6.177686328519671, 53.369261320513196], [-6.176794541646078, 53.3697330618449]]}, "properties": {"FID": 1086, "BIKE": "NON_TRAFFIC_TRAIL", "Shape_Leng": 126.257088119, "DIR": "Bi-Directional"}}, {"type": "Feature", "id": 1088, "geometry": {"type": "LineString", "coordinates": [[-6.249878367513402, 53.31433681576288], [-6.25007226191272, 53.31436662528066], [-6.250106971551188, 53.314618803350726], [-6.250554028249981, 53.314697267004505]]}, "properties": {"FID": 1088, "BIKE": "NON_TRAFFIC_TRAIL", "Shape_Leng": 72.5502691373, "DIR": "Bi-Directional"}}, {"type": "Feature", "id": 1095, "geometry": {"type": "LineString", "coordinates": [[-6.225769836818732, 53.363967418562076], [-6.225733783492883, 53.36399716084693], [-6.225599985259865, 53.36408848623591], [-6.225116704352811, 53.36436580777659], [-6.223799205940385, 53.36504035940541], [-6.222926613863255, 53.365464781264585]]}, "properties": {"FID": 1095, "BIKE": "NON_TRAFFIC_TRAIL", "Shape_Leng": 252.501277712, "DIR": "Bi-Directional"}}, {"type": "Feature", "id": 1100, "geometry": {"type": "LineString", "coordinates": [[-6.180053197155406, 53.38635701242944], [-6.180065156087235, 53.386429100151275]]}, "properties": {"FID": 1100, "BIKE": "NON_TRAFFIC_TRAIL", "Shape_Leng": 8.0622577483, "DIR": "Bi-Directional"}}, {"type": "Feature", "id": 1101, "geometry": {"type": "LineString", "coordinates": [[-6.347620979340365, 53.3423663576476], [-6.348038806787193, 53.34231443711659], [-6.348207775095693, 53.34228293852994], [-6.348325563921678, 53.34223511274671], [-6.348432394709635, 53.34215170355339], [-6.34853228424514, 53.34205638705065], [-6.348594563871176, 53.34197679031317]]}, "properties": {"FID": 1101, "BIKE": "BIKE_FRIENDLY_PEDESTRIAN_PATH", "Shape_Leng": 83.6879561847, "DIR": "Forward"}}, {"type": "Feature", "id": 1103, "geometry": {"type": "LineString", "coordinates": [[-6.176290049019564, 53.36958154195261], [-6.176035551215769, 53.36991021579075]]}, "properties": {"FID": 1103, "BIKE": "NON_TRAFFIC_TRAIL", "Shape_Leng": 40.3112887415, "DIR": "Bi-Directional"}}, {"type": "Feature", "id": 1106, "geometry": {"type": "LineString", "coordinates": [[-6.222503197914974, 53.380381479647724], [-6.222306031244118, 53.380423483677475], [-6.222122764169054, 53.38049265879566], [-6.221895551050543, 53.380534214571085], [-6.221548155118834, 53.38057397913369], [-6.221263096462875, 53.38056074301457]]}, "properties": {"FID": 1106, "BIKE": "NON_TRAFFIC_TRAIL", "Shape_Leng": 86.7254838622, "DIR": "Bi-Directional"}}, {"type": "Feature", "id": 1107, "geometry": {"type": "LineString", "coordinates": [[-6.328526188844861, 53.33419728692593], [-6.328655185557725, 53.334205863124126], [-6.328927399928985, 53.33414889939986], [-6.330196399710151, 53.33397419942979], [-6.334311899985941, 53.33350699930477]]}, "properties": {"FID": 1107, "BIKE": "NON_TRAFFIC_TRAIL", "Shape_Leng": 393.645602981, "DIR": "Bi-Directional"}}, {"type": "Feature", "id": 1109, "geometry": {"type": "LineString", "coordinates": [[-6.248508857916792, 53.34850763747859], [-6.248345302561384, 53.34956583533782]]}, "properties": {"FID": 1109, "BIKE": "NON_TRAFFIC_TRAIL", "Shape_Leng": 118.270875536, "DIR": "Bi-Directional"}}, {"type": "Feature", "id": 1111, "geometry": {"type": "LineString", "coordinates": [[-6.350524968707904, 53.356396974929844], [-6.351019780238925, 53.35642178977394]]}, "properties": {"FID": 1111, "BIKE": "NON_TRAFFIC_TRAIL", "Shape_Leng": 33.0605505096, "DIR": "Bi-Directional"}}, {"type": "Feature", "id": 1113, "geometry": {"type": "LineString", "coordinates": [[-6.281753261692139, 53.36447747362815], [-6.281831799822897, 53.364766222356764], [-6.28194254343536, 53.36500150632852], [-6.281964265335624, 53.365208544408716], [-6.281853717848174, 53.365341773704195], [-6.281876162434865, 53.36553084607978], [-6.281943299886612, 53.36572954995051]]}, "properties": {"FID": 1113, "BIKE": "NON_TRAFFIC_TRAIL", "Shape_Leng": 143.056371783, "DIR": "Bi-Directional"}}, {"type": "Feature", "id": 1117, "geometry": {"type": "LineString", "coordinates": [[-6.334311899985941, 53.33350699930477], [-6.337787700049332, 53.33311749948088], [-6.345560300065006, 53.33218869937604], [-6.345788087319818, 53.33213793728546]]}, "properties": {"FID": 1117, "BIKE": "NON_TRAFFIC_TRAIL", "Shape_Leng": 779.774452076, "DIR": "Bi-Directional"}}, {"type": "Feature", "id": 1119, "geometry": {"type": "LineString", "coordinates": [[-6.260063204766434, 53.36170045481548], [-6.26038954156182, 53.36180408170866], [-6.260850663014157, 53.3619186602672], [-6.2619967005419035, 53.36218702405982], [-6.263395845579283, 53.3625129889919], [-6.264274898048657, 53.36269655218634], [-6.2646909891629985, 53.36281046075546], [-6.265956481849627, 53.36309849937886], [-6.266894532227507, 53.36330986465249], [-6.267996687767106, 53.36355056869098], [-6.268726337982085, 53.36371395408601], [-6.269620092128695, 53.36390667891738], [-6.269842439944405, 53.36398180748619], [-6.2700358456809475, 53.36402955183495], [-6.270675771378757, 53.364182636345156], [-6.271197016747188, 53.364298045799636]]}, "properties": {"FID": 1119, "BIKE": "NON_TRAFFIC_TRAIL", "Shape_Leng": 796.076053792, "DIR": "Bi-Directional"}}, {"type": "Feature", "id": 1120, "geometry": {"type": "LineString", "coordinates": [[-6.225344147988143, 53.33591445667767], [-6.225708603087224, 53.33654006195005]]}, "properties": {"FID": 1120, "BIKE": "NON_TRAFFIC_TRAIL", "Shape_Leng": 73.7360156233, "DIR": "Bi-Directional"}}, {"type": "Feature", "id": 1123, "geometry": {"type": "LineString", "coordinates": [[-6.18270656755083, 53.38442004417006], [-6.182583698449798, 53.38448109049317], [-6.182475087545268, 53.384560330156894]]}, "properties": {"FID": 1123, "BIKE": "NON_TRAFFIC_TRAIL", "Shape_Leng": 22.0319000637, "DIR": "Bi-Directional"}}, {"type": "Feature", "id": 1124, "geometry": {"type": "LineString", "coordinates": [[-6.3127517641807955, 53.37476165443684], [-6.312945978152204, 53.37479136394165], [-6.313290407402293, 53.374823196174304], [-6.313636611838969, 53.374810112478116], [-6.313905224488238, 53.37485884763753]]}, "properties": {"FID": 1124, "BIKE": "NON_TRAFFIC_TRAIL", "Shape_Leng": 78.3048255271, "DIR": "Bi-Directional"}}, {"type": "Feature", "id": 1130, "geometry": {"type": "LineString", "coordinates": [[-6.311588618312507, 53.3745294929403], [-6.312023172749907, 53.37456260382209], [-6.31218521106741, 53.37464578752856], [-6.312363692264792, 53.374693251502926]]}, "properties": {"FID": 1130, "BIKE": "NON_TRAFFIC_TRAIL", "Shape_Leng": 56.3674298778, "DIR": "Bi-Directional"}}, {"type": "Feature", "id": 1134, "geometry": {"type": "LineString", "coordinates": [[-6.172426056776364, 53.36962129916917], [-6.173408824725915, 53.369834086329035], [-6.174480178296316, 53.370084173282834]]}, "properties": {"FID": 1134, "BIKE": "NON_TRAFFIC_TRAIL", "Shape_Leng": 146.12074536, "DIR": "Bi-Directional"}}, {"type": "Feature", "id": 1137, "geometry": {"type": "LineString", "coordinates": [[-6.313905224488238, 53.37485884763753], [-6.31415846140408, 53.37491635300206]]}, "properties": {"FID": 1137, "BIKE": "NON_TRAFFIC_TRAIL", "Shape_Leng": 18.0277563773, "DIR": "Bi-Directional"}}, {"type": "Feature", "id": 1138, "geometry": {"type": "LineString", "coordinates": [[-6.249769031762668, 53.348912619489454], [-6.24971516330066, 53.34912754426084]]}, "properties": {"FID": 1138, "BIKE": "NON_TRAFFIC_TRAIL", "Shape_Leng": 24.1867732449, "DIR": "Bi-Directional"}}, {"type": "Feature", "id": 1139, "geometry": {"type": "LineString", "coordinates": [[-6.249828419738132, 53.34856295377638], [-6.249769031762668, 53.348912619489454]]}, "properties": {"FID": 1139, "BIKE": "NON_TRAFFIC_TRAIL", "Shape_Leng": 39.1152144312, "DIR": "Bi-Directional"}}, {"type": "Feature", "id": 1147, "geometry": {"type": "LineString", "coordinates": [[-6.238549413891838, 53.34356234852428], [-6.23952402121389, 53.343827401597935]]}, "properties": {"FID": 1147, "BIKE": "NON_TRAFFIC_TRAIL", "Shape_Leng": 71.2991383529, "DIR": "Bi-Directional"}}, {"type": "Feature", "id": 1154, "geometry": {"type": "LineString", "coordinates": [[-6.314639490019107, 53.37377268249116], [-6.314576567702244, 53.37384369793657], [-6.314424227536909, 53.373895474496635]]}, "properties": {"FID": 1154, "BIKE": "NON_TRAFFIC_TRAIL", "Shape_Leng": 20.6061756997, "DIR": "Bi-Directional"}}, {"type": "Feature", "id": 1155, "geometry": {"type": "LineString", "coordinates": [[-6.222926613863255, 53.365464781264585], [-6.22355869601863, 53.36603522124595]]}, "properties": {"FID": 1155, "BIKE": "NON_TRAFFIC_TRAIL", "Shape_Leng": 76.1632161852, "DIR": "Bi-Directional"}}, {"type": "Feature", "id": 1158, "geometry": {"type": "LineString", "coordinates": [[-6.314889999856145, 53.35585000040948], [-6.314760000443556, 53.35598000085465], [-6.314569999691073, 53.35610000116024], [-6.314370000469675, 53.35620000087803], [-6.314149999297553, 53.356290000716236], [-6.313810000227593, 53.356410000788635], [-6.313569999051649, 53.35650000096611], [-6.313389998884939, 53.356580001121074]]}, "properties": {"FID": 1158, "BIKE": "NON_TRAFFIC_TRAIL", "Shape_Leng": 130.426573091, "DIR": "Bi-Directional"}}, {"type": "Feature", "id": 1163, "geometry": {"type": "LineString", "coordinates": [[-6.163657036627447, 53.408138418516124], [-6.1643006170329295, 53.408151587034354], [-6.164742772112238, 53.408129045829135], [-6.164817035470367, 53.408138418799254], [-6.164991867096049, 53.40811161514185], [-6.165292148741238, 53.40806222940867], [-6.165409066457401, 53.40804063985979], [-6.1654728882249215, 53.40801270748019], [-6.169037029216454, 53.40724841944809], [-6.170237028069551, 53.406988419387545], [-6.170297027876332, 53.40697842016896], [-6.1712978626968145, 53.40676265617088], [-6.172067025200851, 53.40662841956757], [-6.172667023360765, 53.40657841979465], [-6.173032640698434, 53.40657909457403], [-6.173235862344711, 53.40656192803166]]}, "properties": {"FID": 1163, "BIKE": "BIKE_FRIENDLY_PEDESTRIAN_PATH", "Shape_Leng": 666.66102593, "DIR": "Forward"}}, {"type": "Feature", "id": 1164, "geometry": {"type": "LineString", "coordinates": [[-6.338339999372412, 53.345010000261574], [-6.337980000723238, 53.34501000038616], [-6.337539999732492, 53.345040001212084], [-6.337089999767364, 53.34507000037152], [-6.336669999715914, 53.34512000095468], [-6.336309999322241, 53.34518000090118], [-6.335979999336441, 53.345270001333155], [-6.335609999912418, 53.3454100013571], [-6.335190001005288, 53.34555000095899], [-6.334650000298427, 53.345690000440584], [-6.334299999686677, 53.34575000091598], [-6.333839999608135, 53.345770000989226], [-6.333439999609847, 53.345760001304235]]}, "properties": {"FID": 1164, "BIKE": "NON_TRAFFIC_TRAIL", "Shape_Leng": 343.172791415, "DIR": "Bi-Directional"}}, {"type": "Feature", "id": 1168, "geometry": {"type": "LineString", "coordinates": [[-6.232404273075394, 53.36280550594137], [-6.233034032612666, 53.36378989548253]]}, "properties": {"FID": 1168, "BIKE": "NON_TRAFFIC_TRAIL", "Shape_Leng": 117.302392474, "DIR": "Bi-Directional"}}, {"type": "Feature", "id": 1169, "geometry": {"type": "LineString", "coordinates": [[-6.264981452830257, 53.3457920866498], [-6.265007807798616, 53.34583832633659], [-6.2651219250810035, 53.346193390088466]]}, "properties": {"FID": 1169, "BIKE": "NON_TRAFFIC_TRAIL", "Shape_Leng": 45.6767606518, "DIR": "Bi-Directional"}}, {"type": "Feature", "id": 1170, "geometry": {"type": "LineString", "coordinates": [[-6.226803522119118, 53.33838094071162], [-6.227070041773114, 53.33883431037421]]}, "properties": {"FID": 1170, "BIKE": "NON_TRAFFIC_TRAIL", "Shape_Leng": 53.4883164813, "DIR": "Bi-Directional"}}, {"type": "Feature", "id": 1172, "geometry": {"type": "LineString", "coordinates": [[-6.344700000198218, 53.36034000058005], [-6.3438300010470705, 53.36050000052739], [-6.341529999899946, 53.360990001095715], [-6.338935728429933, 53.36163088483734]]}, "properties": {"FID": 1172, "BIKE": "NON_TRAFFIC_TRAIL", "Shape_Leng": 409.994051936, "DIR": "Bi-Directional"}}, {"type": "Feature", "id": 1175, "geometry": {"type": "LineString", "coordinates": [[-6.179066206070433, 53.384472418465485], [-6.17904274780342, 53.384669800434224]]}, "properties": {"FID": 1175, "BIKE": "NON_TRAFFIC_TRAIL", "Shape_Leng": 22.0227155455, "DIR": "Bi-Directional"}}, {"type": "Feature", "id": 1176, "geometry": {"type": "LineString", "coordinates": [[-6.291748964038431, 53.371532783710535], [-6.298848111246371, 53.3729015000138], [-6.299697135426416, 53.373093359543546]]}, "properties": {"FID": 1176, "BIKE": "NON_TRAFFIC_TRAIL", "Shape_Leng": 556.851310648, "DIR": "Bi-Directional"}}, {"type": "Feature", "id": 1177, "geometry": {"type": "LineString", "coordinates": [[-6.227070041773114, 53.33883431037421], [-6.227461954887301, 53.33952323491378]]}, "properties": {"FID": 1177, "BIKE": "NON_TRAFFIC_TRAIL", "Shape_Leng": 80.9938269253, "DIR": "Bi-Directional"}}, {"type": "Feature", "id": 1178, "geometry": {"type": "LineString", "coordinates": [[-6.313349999734975, 53.34563000077831], [-6.312100000822532, 53.34571000017509], [-6.3100799990604575, 53.34583000085605], [-6.30984000088575, 53.34583000056202]]}, "properties": {"FID": 1178, "BIKE": "NON_TRAFFIC_TRAIL", "Shape_Leng": 234.894981492, "DIR": "Bi-Directional"}}, {"type": "Feature", "id": 1180, "geometry": {"type": "LineString", "coordinates": [[-6.271207069668469, 53.323959588560534], [-6.272265771349921, 53.32413671430296]]}, "properties": {"FID": 1180, "BIKE": "NON_TRAFFIC_TRAIL", "Shape_Leng": 73.2461603089, "DIR": "Bi-Directional"}}, {"type": "Feature", "id": 1181, "geometry": {"type": "LineString", "coordinates": [[-6.255900647864198, 53.36759879480509], [-6.255659220791245, 53.36799074210333], [-6.255732478906206, 53.36803675334447], [-6.255915271748437, 53.36797650833536], [-6.256084146298527, 53.36788909538554], [-6.25635815024444, 53.36780321830588], [-6.256570611505126, 53.367752393878185], [-6.256855230771345, 53.367774527822], [-6.257093694383761, 53.36782295125863]]}, "properties": {"FID": 1181, "BIKE": "NON_TRAFFIC_TRAIL", "Shape_Leng": 154.006972028, "DIR": "Bi-Directional"}}, {"type": "Feature", "id": 1183, "geometry": {"type": "LineString", "coordinates": [[-6.22156636277667, 53.38194044464503], [-6.221591916605575, 53.38204868283464], [-6.221315925271961, 53.38253891666291]]}, "properties": {"FID": 1183, "BIKE": "NON_TRAFFIC_TRAIL", "Shape_Leng": 69.7328769191, "DIR": "Bi-Directional"}}, {"type": "Feature", "id": 1187, "geometry": {"type": "LineString", "coordinates": [[-6.317548227896455, 53.374712522810604], [-6.3188254095003655, 53.37472153246187]]}, "properties": {"FID": 1187, "BIKE": "NON_TRAFFIC_TRAIL", "Shape_Leng": 85.0058821494, "DIR": "Bi-Directional"}}, {"type": "Feature", "id": 1189, "geometry": {"type": "LineString", "coordinates": [[-6.314074009585136, 53.37477135201776], [-6.313997482728855, 53.37480622297201], [-6.313905224488238, 53.37485884763753]]}, "properties": {"FID": 1189, "BIKE": "NON_TRAFFIC_TRAIL", "Shape_Leng": 14.8884056117, "DIR": "Bi-Directional"}}, {"type": "Feature", "id": 1190, "geometry": {"type": "LineString", "coordinates": [[-6.2967338710067535, 53.36373950170309], [-6.296430295910181, 53.363816060695356], [-6.296244350801403, 53.36395721470474], [-6.296060196900185, 53.364053453799464], [-6.295694396580715, 53.36418305066884], [-6.295375440226606, 53.36426837537155]]}, "properties": {"FID": 1190, "BIKE": "NON_TRAFFIC_TRAIL", "Shape_Leng": 109.771882891, "DIR": "Bi-Directional"}}, {"type": "Feature", "id": 1193, "geometry": {"type": "LineString", "coordinates": [[-6.314947486578414, 53.37396577953997], [-6.315332010596699, 53.37412400402804], [-6.315714765050871, 53.374327142286084], [-6.315902953612172, 53.37450955795177], [-6.316061100818779, 53.374691549440165]]}, "properties": {"FID": 1193, "BIKE": "NON_TRAFFIC_TRAIL", "Shape_Leng": 111.802367171, "DIR": "Bi-Directional"}}, {"type": "Feature", "id": 1199, "geometry": {"type": "LineString", "coordinates": [[-6.249072069853996, 53.312401512213775], [-6.249594832153845, 53.312463114699014]]}, "properties": {"FID": 1199, "BIKE": "NON_TRAFFIC_TRAIL", "Shape_Leng": 35.5105618091, "DIR": "Bi-Directional"}}, {"type": "Feature", "id": 1200, "geometry": {"type": "LineString", "coordinates": [[-6.180151390797594, 53.38616975803615], [-6.180053197155406, 53.38635701242944]]}, "properties": {"FID": 1200, "BIKE": "NON_TRAFFIC_TRAIL", "Shape_Leng": 21.8403296678, "DIR": "Bi-Directional"}}, {"type": "Feature", "id": 1201, "geometry": {"type": "LineString", "coordinates": [[-6.271197016747188, 53.364298045799636], [-6.271735839884581, 53.36441968639791]]}, "properties": {"FID": 1201, "BIKE": "NON_TRAFFIC_TRAIL", "Shape_Leng": 38.3387902263, "DIR": "Bi-Directional"}}, {"type": "Feature", "id": 1202, "geometry": {"type": "LineString", "coordinates": [[-6.256580000962386, 53.33787000091605], [-6.256440000674567, 53.338030000996014], [-6.2564499994728395, 53.338130000766434]]}, "properties": {"FID": 1202, "BIKE": "NON_TRAFFIC_TRAIL", "Shape_Leng": 31.2497215746, "DIR": "Bi-Directional"}}, {"type": "Feature", "id": 1204, "geometry": {"type": "LineString", "coordinates": [[-6.314544748892245, 53.36513386783467], [-6.315007828547999, 53.36520332341626], [-6.315036092252037, 53.36524866256124]]}, "properties": {"FID": 1204, "BIKE": "NON_TRAFFIC_TRAIL", "Shape_Leng": 37.1656619713, "DIR": "Bi-Directional"}}, {"type": "Feature", "id": 1207, "geometry": {"type": "LineString", "coordinates": [[-6.2581002993435915, 53.36336343178306], [-6.257901548835353, 53.36358149640759], [-6.25785832802887, 53.36364199884353], [-6.257875931730995, 53.363668277271785], [-6.257806618914197, 53.36374385469356], [-6.257778453637669, 53.36377947226094]]}, "properties": {"FID": 1207, "BIKE": "BIKE_FRIENDLY_PEDESTRIAN_PATH", "Shape_Leng": 52.0927509487, "DIR": "Forward"}}, {"type": "Feature", "id": 1210, "geometry": {"type": "LineString", "coordinates": [[-6.270080985027458, 53.3042951772337], [-6.269978552507032, 53.30423077421196], [-6.269505207592099, 53.30406211973956], [-6.269088944528115, 53.30396619715377], [-6.268636512070408, 53.30402254673883], [-6.268098553232323, 53.30433830927374], [-6.26772372973363, 53.30470137996151], [-6.267446238151274, 53.30525461493099], [-6.267304572570932, 53.30575741815845], [-6.266877952980487, 53.30608593550441]]}, "properties": {"FID": 1210, "BIKE": "NON_TRAFFIC_TRAIL", "Shape_Leng": 372.225821037, "DIR": "Bi-Directional"}}, {"type": "Feature", "id": 1211, "geometry": {"type": "LineString", "coordinates": [[-6.309108793550872, 53.40174283710316], [-6.309189393961117, 53.40184516615947], [-6.3092305299332825, 53.40193800759123], [-6.309182434889347, 53.40202065660438], [-6.309077993877193, 53.402078357751414], [-6.308686995005051, 53.40218744263081], [-6.3085292521763225, 53.40222711057627]]}, "properties": {"FID": 1211, "BIKE": "BIKE_FRIENDLY_PEDESTRIAN_PATH", "Shape_Leng": 82.5558369025, "DIR": "Forward"}}, {"type": "Feature", "id": 1219, "geometry": {"type": "LineString", "coordinates": [[-6.182602267097208, 53.384751018350016], [-6.182238630730244, 53.38481738612548], [-6.181859969268864, 53.38488352392261], [-6.181467431292091, 53.38492248458406], [-6.180999772593107, 53.38496029912378], [-6.1807898195454865, 53.3849481110295], [-6.180491638088542, 53.3848896367331]]}, "properties": {"FID": 1219, "BIKE": "NON_TRAFFIC_TRAIL", "Shape_Leng": 144.34035417, "DIR": "Bi-Directional"}}, {"type": "Feature", "id": 1221, "geometry": {"type": "LineString", "coordinates": [[-6.222557134021695, 53.37944751840713], [-6.222431342010706, 53.37958046677024], [-6.222505331776087, 53.37960853309419], [-6.222533505886607, 53.379653893294375], [-6.22253088673126, 53.37971677113138], [-6.222524151715128, 53.379878456994476], [-6.222532813420348, 53.38003138403513], [-6.222514049068777, 53.38012098577976], [-6.222522710766976, 53.380273912815305], [-6.222503197914974, 53.380381479647724]]}, "properties": {"FID": 1221, "BIKE": "NON_TRAFFIC_TRAIL", "Shape_Leng": 109.366359634, "DIR": "Bi-Directional"}}, {"type": "Feature", "id": 1235, "geometry": {"type": "LineString", "coordinates": [[-6.240817267595552, 53.34927547193751], [-6.240634669406811, 53.35043702627986]]}, "properties": {"FID": 1235, "BIKE": "BIKE_FRIENDLY_PEDESTRIAN_PATH", "Shape_Leng": 129.841809562, "DIR": "Bi-Directional"}}, {"type": "Feature", "id": 1243, "geometry": {"type": "LineString", "coordinates": [[-6.219474010856137, 53.38669092798435], [-6.219454487020444, 53.3867984941199], [-6.219453765735815, 53.38717598418418]]}, "properties": {"FID": 1243, "BIKE": "NON_TRAFFIC_TRAIL", "Shape_Leng": 54.053497654, "DIR": "Bi-Directional"}}, {"type": "Feature", "id": 1257, "geometry": {"type": "LineString", "coordinates": [[-6.303096955783409, 53.33709070304195], [-6.302223271197055, 53.33715916529723], [-6.301710851549012, 53.337205800281346], [-6.301256678411244, 53.33729820282947], [-6.30066492890663, 53.337451560573356], [-6.299263798723718, 53.337566415447505]]}, "properties": {"FID": 1257, "BIKE": "NON_TRAFFIC_TRAIL", "Shape_Leng": 262.327939982, "DIR": "Bi-Directional"}}, {"type": "Feature", "id": 1258, "geometry": {"type": "LineString", "coordinates": [[-6.250937286548464, 53.31339960319653], [-6.251126770354079, 53.31353720440678]]}, "properties": {"FID": 1258, "BIKE": "NON_TRAFFIC_TRAIL", "Shape_Leng": 19.8494332413, "DIR": "Bi-Directional"}}, {"type": "Feature", "id": 1261, "geometry": {"type": "LineString", "coordinates": [[-6.2651219250810035, 53.346193390088466], [-6.265136050413918, 53.346261399071174]]}, "properties": {"FID": 1261, "BIKE": "NON_TRAFFIC_TRAIL", "Shape_Leng": 7.6270217113, "DIR": "Bi-Directional"}}, {"type": "Feature", "id": 1263, "geometry": {"type": "LineString", "coordinates": [[-6.225344147988143, 53.33591445667767], [-6.224779772861796, 53.334929424824935]]}, "properties": {"FID": 1263, "BIKE": "NON_TRAFFIC_TRAIL", "Shape_Leng": 115.893360214, "DIR": "Bi-Directional"}}, {"type": "Feature", "id": 1264, "geometry": {"type": "LineString", "coordinates": [[-6.250075036522145, 53.31319820352086], [-6.250163930313365, 53.3132264722831], [-6.250280985806309, 53.31330009499531]]}, "properties": {"FID": 1264, "BIKE": "NON_TRAFFIC_TRAIL", "Shape_Leng": 18.0219124315, "DIR": "Bi-Directional"}}, {"type": "Feature", "id": 1265, "geometry": {"type": "LineString", "coordinates": [[-6.315249999165007, 53.350140000322554], [-6.3156100001674496, 53.35093000079665], [-6.315670000645648, 53.35103000108506], [-6.316209999375029, 53.351510001272985]]}, "properties": {"FID": 1265, "BIKE": "NON_TRAFFIC_TRAIL", "Shape_Leng": 167.347460817, "DIR": "Bi-Directional"}}, {"type": "Feature", "id": 1279, "geometry": {"type": "LineString", "coordinates": [[-6.2634741714621915, 53.35440371589782], [-6.262306788580344, 53.353435650134486], [-6.262237651408774, 53.35337880465554], [-6.262015082764588, 53.3532175503115], [-6.261890628140594, 53.353095983564074], [-6.2618101556355255, 53.353014603261514], [-6.261737601278557, 53.35292164203758], [-6.261711298319118, 53.35288171208985], [-6.261680455530118, 53.352816094508796], [-6.261659460313632, 53.352737252382084], [-6.261656504813336, 53.352672597442954], [-6.261655754724734, 53.3526452941386], [-6.261690000543128, 53.35247000103626]]}, "properties": {"FID": 1279, "BIKE": "SEPARATE_TRAIL", "Shape_Leng": 252.883157866, "DIR": "Forward"}}, {"type": "Feature", "id": 1284, "geometry": {"type": "LineString", "coordinates": [[-6.255637093266728, 53.337916168465526], [-6.255250529501751, 53.337815706059374], [-6.2543186988738695, 53.337574647577384], [-6.254222100356395, 53.33756043761327], [-6.254124504524655, 53.33757064272505], [-6.254032402254889, 53.33758907140738], [-6.25359055559278, 53.3381615639466]]}, "properties": {"FID": 1284, "BIKE": "SEPARATE_TRAIL", "Shape_Leng": 185.56902828, "DIR": "Forward"}}, {"type": "Feature", "id": 1289, "geometry": {"type": "LineString", "coordinates": [[-6.217003311405375, 53.3390655137813], [-6.21638176219267, 53.339427900300414], [-6.215766538355065, 53.3397781641881], [-6.214998986995066, 53.340215139694756], [-6.2145298682707635, 53.34048731429326], [-6.213893415293726, 53.34085644611348], [-6.2135795195622086, 53.34104194792216], [-6.213509511465698, 53.34111244285965]]}, "properties": {"FID": 1289, "BIKE": "SEPARATE_TRAIL", "Shape_Leng": 325.977725813, "DIR": "Bi-Directional"}}, {"type": "Feature", "id": 1290, "geometry": {"type": "LineString", "coordinates": [[-6.213439149716578, 53.34091246265798], [-6.213731629161443, 53.34075107044659], [-6.214532638252306, 53.34028144989999], [-6.215219193661968, 53.339899104747396], [-6.215789407368429, 53.33957957970768], [-6.216297404949928, 53.3392835516566], [-6.216813482826567, 53.33900334730809]]}, "properties": {"FID": 1290, "BIKE": "SEPARATE_TRAIL", "Shape_Leng": 309.32002853, "DIR": "Forward"}}, {"type": "Feature", "id": 1291, "geometry": {"type": "LineString", "coordinates": [[-6.2183958197351785, 53.33841014204866], [-6.218143467199159, 53.33848402383695], [-6.217891734750474, 53.338577982276256], [-6.217597975537341, 53.33873587530793], [-6.217504013143435, 53.33878682038279], [-6.217357605624716, 53.338871881941174], [-6.217003311405375, 53.3390655137813]]}, "properties": {"FID": 1291, "BIKE": "SEPARATE_TRAIL", "Shape_Leng": 118.767986587, "DIR": "Forward"}}, {"type": "Feature", "id": 1301, "geometry": {"type": "LineString", "coordinates": [[-6.220122431219485, 53.31109979833488], [-6.219935166567277, 53.31088794559839], [-6.219784560740695, 53.3107587974672], [-6.219629532783518, 53.310648949140266], [-6.219346634131806, 53.31048166677091], [-6.219122208376694, 53.31035965687873], [-6.218827328365348, 53.31021505407451], [-6.2184426288737225, 53.31003851111569], [-6.217963745719659, 53.30986992264547], [-6.2176843315019985, 53.3097548298809], [-6.2174631930364805, 53.3096493934681], [-6.2171343287952805, 53.30946716965901], [-6.216479853740788, 53.30907110148458], [-6.216394534073732, 53.30903468335043], [-6.216286288315917, 53.309013384709175], [-6.2161975982446585, 53.30900151589907], [-6.216044436226776, 53.30890501483364], [-6.215689378156417, 53.3086217287673], [-6.215605997146564, 53.30855253922077], [-6.215606977009811, 53.308529046070994], [-6.215336977382233, 53.30836306237197], [-6.214803794019468, 53.30802466516378], [-6.214419397942807, 53.30777860747904], [-6.213949913713933, 53.307481645724245], [-6.213722418541307, 53.30734241550818], [-6.2133340022544985, 53.30708845716004], [-6.212537793330445, 53.30657502306631], [-6.212188067845659, 53.306334701569966], [-6.211707068356961, 53.30600099033788], [-6.21140833987888, 53.305792774959755], [-6.211298956175361, 53.30574934267859], [-6.211241160378679, 53.30572366197004], [-6.211052359219269, 53.30559806588847], [-6.211030082189399, 53.30555724599025], [-6.211011617431631, 53.30552954318636], [-6.210978009093622, 53.305499000322676], [-6.210868741271078, 53.305400717750615], [-6.2105888128741045, 53.30521237215873], [-6.2101352349588606, 53.30490126766731], [-6.209840497393216, 53.30470225006179], [-6.2095783777878175, 53.30451841359467]]}, "properties": {"FID": 1301, "BIKE": "SEPARATE_TRAIL", "Shape_Leng": 1023.86127356, "DIR": "Forward"}}, {"type": "Feature", "id": 1302, "geometry": {"type": "LineString", "coordinates": [[-6.283229431142067, 53.40272592830427], [-6.283231460494864, 53.402784073029416], [-6.282736507469249, 53.403217717149595], [-6.282348069809911, 53.40347528074337], [-6.282314178415008, 53.40350287164606], [-6.2823068637952595, 53.40352170233239], [-6.282140865522421, 53.40365513426447], [-6.282126590954737, 53.403656888245386], [-6.282106776606238, 53.40366052099504], [-6.281977931309691, 53.40373963622012], [-6.281892938028371, 53.40378803944071], [-6.281858058497822, 53.40381300408088], [-6.2818420598925195, 53.403830404702504], [-6.281817311707971, 53.40387510359942], [-6.2818045636456565, 53.403893203527524], [-6.281771578728931, 53.40392537862459], [-6.2816987280563605, 53.403970691129004], [-6.281626168009795, 53.40400882635638], [-6.281600761001871, 53.40401564296746], [-6.281518173262283, 53.40403143162011], [-6.2814237969282445, 53.404068599258615], [-6.281399140645071, 53.40408391580555], [-6.281332039641901, 53.40412212854374], [-6.281267175224569, 53.404159067487015], [-6.281254951514305, 53.404164115334154], [-6.28121865170286, 53.40417012251335]]}, "properties": {"FID": 1302, "BIKE": "SEPARATE_TRAIL", "Shape_Leng": 214.379522956, "DIR": "Forward"}}, {"type": "Feature", "id": 1303, "geometry": {"type": "LineString", "coordinates": [[-6.2829233955602355, 53.404193347768135], [-6.282798792298197, 53.404085773043604], [-6.282714371427107, 53.40401142422388], [-6.282652820551819, 53.403966136284865], [-6.282448195062652, 53.40383782066772], [-6.282216441565604, 53.403677770481806], [-6.282184804695752, 53.40366294973136], [-6.282161056104509, 53.40365575105902], [-6.282140865522421, 53.40365513426447], [-6.281967541979136, 53.403529716545044], [-6.281957321105706, 53.40351895821706], [-6.281951879977853, 53.403504840648516], [-6.281929960595282, 53.403479385750764], [-6.281884140128649, 53.40343693569528], [-6.281706471433798, 53.403249910572626], [-6.2815713713757315, 53.403023340408346], [-6.281542083818495, 53.402990922423626], [-6.281503283038526, 53.40295053264374], [-6.281490665887106, 53.40291117139801]]}, "properties": {"FID": 1303, "BIKE": "SEPARATE_TRAIL", "Shape_Leng": 174.47049643, "DIR": "Forward"}}, {"type": "Feature", "id": 1309, "geometry": {"type": "LineString", "coordinates": [[-6.249954852132324, 53.38447736155401], [-6.250199821108672, 53.38456880074445], [-6.250571239605487, 53.384699390678804], [-6.250888197366465, 53.384816911745474], [-6.251183572078526, 53.3849203747601], [-6.2514712860191874, 53.38501047458961], [-6.252073363545845, 53.38522148883053], [-6.253003221243337, 53.38556686013256], [-6.254248268934228, 53.38603363709748], [-6.254825763787851, 53.386244277684646]]}, "properties": {"FID": 1309, "BIKE": "SEPARATE_TRAIL", "Shape_Leng": 379.15773133, "DIR": "Forward"}}, {"type": "Feature", "id": 1310, "geometry": {"type": "LineString", "coordinates": [[-6.254596368015859, 53.38627331373848], [-6.254209637416697, 53.38613515134987], [-6.253849080665263, 53.38599933359169], [-6.253634028780415, 53.38591864636251], [-6.253261910368801, 53.385784620634624], [-6.252886794114415, 53.385643678467744], [-6.252704037739584, 53.38557622261853], [-6.2522999149049125, 53.3854220944803], [-6.252034687459156, 53.385323983265124], [-6.251887990149232, 53.385268096059065], [-6.251668492595135, 53.38518586787263], [-6.251035347666837, 53.38495182099716], [-6.250582946614276, 53.384784219145004], [-6.250061871563778, 53.38459990475358], [-6.250027860084565, 53.38458860961951]]}, "properties": {"FID": 1310, "BIKE": "SEPARATE_TRAIL", "Shape_Leng": 357.169905497, "DIR": "Forward"}}, {"type": "Feature", "id": 1311, "geometry": {"type": "LineString", "coordinates": [[-6.258248087125529, 53.38764068279441], [-6.257732386781574, 53.38744372050504], [-6.2573572008689755, 53.38730377399837], [-6.2571955214176045, 53.3872425209337], [-6.2568397893313925, 53.38710874579745], [-6.2564175854213735, 53.38695436777465], [-6.255890177481644, 53.38676311625027]]}, "properties": {"FID": 1311, "BIKE": "SEPARATE_TRAIL", "Shape_Leng": 184.805546782, "DIR": "Forward"}}, {"type": "Feature", "id": 1312, "geometry": {"type": "LineString", "coordinates": [[-6.255464911253372, 53.386483053979916], [-6.256343000002227, 53.386810956738074]]}, "properties": {"FID": 1312, "BIKE": "SEPARATE_TRAIL", "Shape_Leng": 68.8843019498, "DIR": "Forward"}}, {"type": "Feature", "id": 1313, "geometry": {"type": "LineString", "coordinates": [[-6.257570431573835, 53.38726860676496], [-6.258223838151431, 53.38751076695744], [-6.258759311285366, 53.3877060516551], [-6.259323925046586, 53.387911574736], [-6.259464638373264, 53.387963684786435], [-6.259725936046732, 53.38803816513264], [-6.259839476768328, 53.38807221073705], [-6.260258780639358, 53.38817745761745]]}, "properties": {"FID": 1313, "BIKE": "SEPARATE_TRAIL", "Shape_Leng": 205.843843403, "DIR": "Forward"}}, {"type": "Feature", "id": 1321, "geometry": {"type": "LineString", "coordinates": [[-6.2813860835820075, 53.34331320692952], [-6.2813629572472856, 53.34345969962727], [-6.281311328696769, 53.343684654909666], [-6.2813006733326, 53.34372272505922]]}, "properties": {"FID": 1321, "BIKE": "SEPARATE_TRAIL", "Shape_Leng": 45.9421644326, "DIR": "Forward"}}, {"type": "Feature", "id": 1322, "geometry": {"type": "LineString", "coordinates": [[-6.281160269972887, 53.34398705091196], [-6.28114020825858, 53.34418333857884], [-6.281107197625021, 53.34447469454313], [-6.2810877420299365, 53.34460546506282], [-6.281063246063259, 53.34473555716125], [-6.281034866339094, 53.34486134552661], [-6.280993278706647, 53.345013032407955], [-6.280963875430418, 53.34516428813341], [-6.280916085841518, 53.34531891910431]]}, "properties": {"FID": 1322, "BIKE": "SEPARATE_TRAIL", "Shape_Leng": 149.246973176, "DIR": "Forward"}}, {"type": "Feature", "id": 1323, "geometry": {"type": "LineString", "coordinates": [[-6.280779464017695, 53.345312703618305], [-6.280784676726805, 53.34525878099791], [-6.280803473351156, 53.34514438182753], [-6.280828751081713, 53.344994886778714], [-6.280857887843106, 53.34485030089553], [-6.280899401094089, 53.34465007550896], [-6.280921636980732, 53.344450179039335], [-6.2809348139688606, 53.34422345651163], [-6.280980231019221, 53.343976569941276], [-6.281015714020478, 53.34382540178691], [-6.281041434318542, 53.343816064328], [-6.281064223662862, 53.34372841904945], [-6.281174245001962, 53.343261617720046]]}, "properties": {"FID": 1323, "BIKE": "SEPARATE_TRAIL", "Shape_Leng": 230.702090913, "DIR": "Forward"}}, {"type": "Feature", "id": 1331, "geometry": {"type": "LineString", "coordinates": [[-6.237411444897432, 53.372002802211114], [-6.23818372363675, 53.372282487330835], [-6.238541011182576, 53.37239784412288], [-6.239022085486768, 53.37258574219361], [-6.239696505295822, 53.37280018385213], [-6.240543249780146, 53.37307803607594], [-6.24142501882941, 53.37333452756353], [-6.242606300742363, 53.3736595767862], [-6.243709628588307, 53.37398346791249], [-6.244574797763524, 53.37422948466472], [-6.245056919859626, 53.37436342599523], [-6.245929894458017, 53.37459788283201], [-6.246921080424261, 53.37486323156295], [-6.248032499927605, 53.375169703973256], [-6.249264995653365, 53.37549689707029], [-6.250962851705622, 53.375951916404496], [-6.252168120006463, 53.37623056424318], [-6.253271485226938, 53.376437721814284], [-6.256029203153307, 53.376973787529124], [-6.257965947355713, 53.377314094330245], [-6.260105997117248, 53.37769232672881], [-6.261611768555185, 53.37795922046571], [-6.263914566431567, 53.378354334917994], [-6.265195714502995, 53.37858948444252]]}, "properties": {"FID": 1331, "BIKE": "SEPARATE_TRAIL", "Shape_Leng": 1996.13729262, "DIR": "Forward"}}, {"type": "Feature", "id": 1332, "geometry": {"type": "LineString", "coordinates": [[-6.269363072243352, 53.35022709300127], [-6.269371841315215, 53.35021271610342], [-6.269358199512326, 53.35011337054029], [-6.26923145151648, 53.34978347096927], [-6.269169544833573, 53.34963906538015], [-6.267857628159282, 53.346037666108096]]}, "properties": {"FID": 1332, "BIKE": "NON_TRAFFIC_TRAIL", "Shape_Leng": 477.275431738, "DIR": "Bi-Directional"}}, {"type": "Feature", "id": 1342, "geometry": {"type": "LineString", "coordinates": [[-6.297491468847787, 53.34853942270503], [-6.302250361741433, 53.350261309913094]]}, "properties": {"FID": 1342, "BIKE": "SEPARATE_TRAIL", "Shape_Leng": 370.339663381, "DIR": "Forward"}}, {"type": "Feature", "id": 1343, "geometry": {"type": "LineString", "coordinates": [[-6.302099098620917, 53.35038717162603], [-6.296899153248798, 53.34849799668652], [-6.296867353432762, 53.348485363944086]]}, "properties": {"FID": 1343, "BIKE": "SEPARATE_TRAIL", "Shape_Leng": 407.648516666, "DIR": "Forward"}}, {"type": "Feature", "id": 1364, "geometry": {"type": "LineString", "coordinates": [[-6.28749425798022, 53.30061926368628], [-6.2879403159875995, 53.30091411213571], [-6.288004610081752, 53.30091889825658], [-6.288131015806387, 53.300875643634846], [-6.288409256133507, 53.30074442884159], [-6.288453032755546, 53.300778537957235], [-6.288028073403849, 53.30097718072634], [-6.288037065665371, 53.301021091940676], [-6.288045320800916, 53.301137102613055], [-6.288062339244586, 53.3011952925531], [-6.288216412971402, 53.301373918930764], [-6.288264149667296, 53.30152397620792], [-6.288318809654372, 53.301608461002836], [-6.288432799805018, 53.30171439991326], [-6.2884986649950285, 53.30178745613402], [-6.2885179361055785, 53.30184310322577], [-6.288597591349835, 53.30200134552326], [-6.28878550402034, 53.30208645429458], [-6.288958789794909, 53.302161051599036], [-6.289099026912281, 53.30225577712265], [-6.289261044491371, 53.30239717213022], [-6.289993600035063, 53.3030723995549]]}, "properties": {"FID": 1364, "BIKE": "NON_TRAFFIC_TRAIL", "Shape_Leng": 397.2356247, "DIR": "Bi-Directional"}}, {"type": "Feature", "id": 1372, "geometry": {"type": "LineString", "coordinates": [[-6.284202969329918, 53.34649451269848], [-6.284937129698974, 53.34650049789097], [-6.285007667850147, 53.34650289780033]]}, "properties": {"FID": 1372, "BIKE": "SEPARATE_TRAIL", "Shape_Leng": 53.602771497, "DIR": "Forward"}}, {"type": "Feature", "id": 1373, "geometry": {"type": "LineString", "coordinates": [[-6.27578645805092, 53.34523118188295], [-6.275853286177513, 53.3451376827702], [-6.276016094510893, 53.344877572279515], [-6.276101378562058, 53.344719569704615], [-6.276191153049568, 53.34449574112345], [-6.276239843048178, 53.34433501392556], [-6.276237371495006, 53.34430532738935]]}, "properties": {"FID": 1373, "BIKE": "SEPARATE_TRAIL", "Shape_Leng": 107.812720826, "DIR": "Forward"}}, {"type": "Feature", "id": 1374, "geometry": {"type": "LineString", "coordinates": [[-6.27644898918416, 53.344290813836786], [-6.276424653427165, 53.344393690542994], [-6.2763860622366225, 53.34453150295189], [-6.276336050546447, 53.34463400870155], [-6.276315673886189, 53.3446842301028]]}, "properties": {"FID": 1374, "BIKE": "SEPARATE_TRAIL", "Shape_Leng": 44.7502863036, "DIR": "Forward"}}, {"type": "Feature", "id": 1375, "geometry": {"type": "LineString", "coordinates": [[-6.295186319164632, 53.3490536661316], [-6.295378519411598, 53.34926746630556], [-6.295745053643802, 53.34963990240506], [-6.296050184305169, 53.34997027893007], [-6.29639930071393, 53.35033534022238], [-6.296527853551469, 53.35046717083865], [-6.296727759092396, 53.35067603731414], [-6.296914592466658, 53.35087347188909]]}, "properties": {"FID": 1375, "BIKE": "SEPARATE_TRAIL", "Shape_Leng": 232.960650145, "DIR": "Forward"}}, {"type": "Feature", "id": 1376, "geometry": {"type": "LineString", "coordinates": [[-6.297723544608872, 53.351720762190624], [-6.297913588295843, 53.351913292986666], [-6.298052133021428, 53.35205875817008]]}, "properties": {"FID": 1376, "BIKE": "SEPARATE_TRAIL", "Shape_Leng": 43.5177876464, "DIR": "Forward"}}, {"type": "Feature", "id": 1377, "geometry": {"type": "LineString", "coordinates": [[-6.295865323021767, 53.3499145148436], [-6.29580196090401, 53.34984662183225], [-6.295657462710305, 53.34969630517733], [-6.295509516933047, 53.3495404482795], [-6.29514481033125, 53.34915966336822], [-6.295035469136087, 53.349048284813335], [-6.294997651445452, 53.34903017363973], [-6.294931751322852, 53.34902593688505], [-6.2946013802213825, 53.34898058290244]]}, "properties": {"FID": 1377, "BIKE": "SEPARATE_TRAIL", "Shape_Leng": 141.332013509, "DIR": "Forward"}}, {"type": "Feature", "id": 1410, "geometry": {"type": "LineString", "coordinates": [[-6.325264254159987, 53.35994365765363], [-6.3248798281472745, 53.35978305415518], [-6.3246540953128365, 53.3596877499653], [-6.324622602016039, 53.359673704452355], [-6.323620828386954, 53.35925646645248], [-6.321423182916365, 53.358338848433824], [-6.321234193403898, 53.35825580275363], [-6.320685859815, 53.35803228043449], [-6.320409344140683, 53.35791461113283], [-6.319771691244893, 53.357649633768965], [-6.318868756799293, 53.35727084850035], [-6.318585906789077, 53.35715679590851], [-6.31765556372083, 53.35676586593453], [-6.316275837338954, 53.35618617285348], [-6.315969631786189, 53.356061890370725], [-6.315304607475484, 53.35578475415597], [-6.315275236490404, 53.35576949844228], [-6.314907072848413, 53.35561774910469], [-6.314554163123031, 53.3554723978373], [-6.313988900605038, 53.35523438241194], [-6.312977298978508, 53.35480949404737], [-6.312429053285604, 53.35458593434707], [-6.3116848735476605, 53.35427302987772], [-6.3111479554320775, 53.35405086121506], [-6.310142239891695, 53.353635307339445], [-6.310107682929514, 53.35362059615762], [-6.309036243287614, 53.35316885536087], [-6.308635609960055, 53.35300302187361], [-6.308464772691268, 53.35293258043904], [-6.307871957908923, 53.35268734365813], [-6.307541674303368, 53.35254600150912], [-6.307089011399881, 53.352363347811554], [-6.306282687110378, 53.352029740128636], [-6.3058353712966975, 53.351842828849335], [-6.3054438860717905, 53.351681442984464], [-6.3045128539394995, 53.35128530085611]]}, "properties": {"FID": 1410, "BIKE": "SEPARATE_TRAIL", "Shape_Leng": 1684.55214405, "DIR": "Forward"}}, {"type": "Feature", "id": 1411, "geometry": {"type": "LineString", "coordinates": [[-6.341117610406508, 53.366595984725826], [-6.340829452661331, 53.36647355858662], [-6.332857452543957, 53.36311980154679], [-6.3323904798195105, 53.36293144071342], [-6.331851448664433, 53.36269868928521], [-6.331506971063239, 53.36255790295915], [-6.329924870074181, 53.361898770761165], [-6.3270916058297475, 53.360711520979116]]}, "properties": {"FID": 1411, "BIKE": "SEPARATE_TRAIL", "Shape_Leng": 1140.48837891, "DIR": "Forward"}}, {"type": "Feature", "id": 1412, "geometry": {"type": "LineString", "coordinates": [[-6.342103113576662, 53.36689423552669], [-6.346936346522454, 53.36891917932499], [-6.348488742877167, 53.36958670470408]]}, "properties": {"FID": 1412, "BIKE": "SEPARATE_TRAIL", "Shape_Leng": 520.054172304, "DIR": "Forward"}}, {"type": "Feature", "id": 1413, "geometry": {"type": "LineString", "coordinates": [[-6.348239467136778, 53.36958027805069], [-6.346867701308991, 53.36900552589443], [-6.3465149525330595, 53.36886252456209], [-6.345575495035237, 53.368463691541294], [-6.342033047797124, 53.36697903528597]]}, "properties": {"FID": 1413, "BIKE": "SEPARATE_TRAIL", "Shape_Leng": 504.454127812, "DIR": "Forward"}}, {"type": "Feature", "id": 1433, "geometry": {"type": "LineString", "coordinates": [[-6.324627659979119, 53.35957112790498], [-6.325465043400481, 53.35991587490077], [-6.325599265729109, 53.35993660710135], [-6.325693845182069, 53.35993524137176], [-6.3258735842374625, 53.35994314876072], [-6.325998177546516, 53.359979902261934], [-6.3260999615697875, 53.36002441319733], [-6.326130503053938, 53.36004907597793], [-6.326157458014999, 53.36016524027796], [-6.326209228455456, 53.360222513596405], [-6.326292912040291, 53.360269463278506], [-6.326443233165825, 53.36033888993757], [-6.326842430809116, 53.360489894013725], [-6.327016948001228, 53.36056519041144]]}, "properties": {"FID": 1433, "BIKE": "SHARED_ROAD", "Shape_Leng": 202.608846025, "DIR": "Bi-Directional"}}, {"type": "Feature", "id": 1434, "geometry": {"type": "LineString", "coordinates": [[-6.3270916058297475, 53.360711520979116], [-6.326656955380366, 53.360542157856656], [-6.326359800179869, 53.36040756199298], [-6.326165615739221, 53.36033751997021], [-6.3260394178396275, 53.3603273351615], [-6.325975164244009, 53.36035167840899], [-6.32589064716126, 53.360354700014206], [-6.325764612642546, 53.360340309920836], [-6.325590527838594, 53.36029579357142], [-6.32552138839524, 53.36026537150057], [-6.325474657286531, 53.36020160555131], [-6.325457690515192, 53.36009618350377], [-6.3254461055843585, 53.360032909839425], [-6.325264254159987, 53.35994365765363]]}, "properties": {"FID": 1434, "BIKE": "SHARED_ROAD", "Shape_Leng": 162.761729977, "DIR": "Bi-Directional"}}, {"type": "Feature", "id": 1450, "geometry": {"type": "LineString", "coordinates": [[-6.174166695104995, 53.406524777176045], [-6.1742793405982725, 53.40653372100782], [-6.174424226337961, 53.406531063293045], [-6.174707357419601, 53.40649781040022], [-6.175186610750524, 53.40646326208287], [-6.175606610025198, 53.4064732630153], [-6.176026608082491, 53.40650326377996], [-6.176396100341137, 53.40653123413766], [-6.1768906316088685, 53.40655211397325], [-6.177079880845716, 53.406552854817896]]}, "properties": {"FID": 1450, "BIKE": "BIKE_FRIENDLY_PEDESTRIAN_PATH", "Shape_Leng": 194.902761139, "DIR": "Forward"}}, {"type": "Feature", "id": 1451, "geometry": {"type": "LineString", "coordinates": [[-6.173235862344711, 53.40656192803166], [-6.1732943960927145, 53.406534265628856], [-6.173325703913816, 53.40650999489562], [-6.173365419284845, 53.4064753815971], [-6.173420971405194, 53.406442915183376], [-6.1734998741516804, 53.40642317999392], [-6.173583430069552, 53.40640637147784], [-6.173677559661803, 53.40640305229593], [-6.173755484126486, 53.406406148061286], [-6.173865860630714, 53.40643258627295], [-6.173960033631255, 53.406465440354225], [-6.1740241218373235, 53.406494025929646], [-6.174091762004175, 53.40651409918754], [-6.174166695104995, 53.406524777176045]]}, "properties": {"FID": 1451, "BIKE": "BIKE_FRIENDLY_PEDESTRIAN_PATH", "Shape_Leng": 71.8537607024, "DIR": "Forward"}}, {"type": "Feature", "id": 1453, "geometry": {"type": "LineString", "coordinates": [[-6.23957608027102, 53.33898081050851], [-6.239368310651645, 53.34011000080912], [-6.239320440161553, 53.3404639191403], [-6.239352919139422, 53.340537448766625], [-6.239270026040857, 53.34084153400815], [-6.23922612574055, 53.34088292367198], [-6.2391405055895826, 53.34102281168803], [-6.238860952358845, 53.342333268682886], [-6.23899992832304, 53.34238626496841], [-6.239036481499875, 53.342400203144855], [-6.2390230810929355, 53.34242697069439]]}, "properties": {"FID": 1453, "BIKE": "SHARED_ROAD", "Shape_Leng": 394.734434199, "DIR": "Bi-Directional"}}, {"type": "Feature", "id": 1456, "geometry": {"type": "LineString", "coordinates": [[-6.252797414250936, 53.332235964990446], [-6.252629459849972, 53.33228740413038], [-6.25187486725238, 53.33250186109546], [-6.251524867928261, 53.33261186077164], [-6.249734869008257, 53.333141860562804], [-6.2481648714929365, 53.33360186071305], [-6.24782487022924, 53.33370186051963], [-6.247604872276637, 53.33376186061695], [-6.247384872062971, 53.33383186139205], [-6.246174135446118, 53.33419584459889], [-6.246012833154941, 53.33424447811978], [-6.24578632184424, 53.33431728610955], [-6.2457142523913864, 53.33433136325172]]}, "properties": {"FID": 1456, "BIKE": "SEPARATE_TRAIL", "Shape_Leng": 526.442842394, "DIR": "Bi-Directional"}}, {"type": "Feature", "id": 1459, "geometry": {"type": "LineString", "coordinates": [[-6.272461137635268, 53.33891270483819], [-6.272457043974746, 53.33871996928886], [-6.272448886847707, 53.33857489275838], [-6.272424937235192, 53.3384368490279], [-6.272419694168869, 53.338403354417274]]}, "properties": {"FID": 1459, "BIKE": "SEPARATE_TRAIL", "Shape_Leng": 56.795754613, "DIR": "Forward"}}, {"type": "Feature", "id": 1461, "geometry": {"type": "LineString", "coordinates": [[-6.240478891569067, 53.33767585047628], [-6.2390801459855565, 53.33859582795658]]}, "properties": {"FID": 1461, "BIKE": "SEPARATE_TRAIL", "Shape_Leng": 138.433133607, "DIR": "Bi-Directional"}}, {"type": "Feature", "id": 1462, "geometry": {"type": "LineString", "coordinates": [[-6.240569366872127, 53.33761436306326], [-6.240532097347642, 53.33764085515546], [-6.240478891569067, 53.33767585047628]]}, "properties": {"FID": 1462, "BIKE": "SEPARATE_TRAIL", "Shape_Leng": 9.12019625962, "DIR": "Bi-Directional"}}, {"type": "Feature", "id": 1471, "geometry": {"type": "LineString", "coordinates": [[-6.265136050413918, 53.346261399071174], [-6.2641244843741175, 53.34636615659181], [-6.262801069585598, 53.34666080511942], [-6.2608969996374, 53.347111000741705]]}, "properties": {"FID": 1471, "BIKE": "SEPARATE_TRAIL", "Shape_Leng": 298.752370016, "DIR": "Forward"}}, {"type": "Feature", "id": 1556, "geometry": {"type": "LineString", "coordinates": [[-6.385063412292357, 53.34304881226812], [-6.385054423845478, 53.34298721299624], [-6.385502148658936, 53.34217866084669], [-6.385683971890216, 53.34182944583541], [-6.385935289633431, 53.3412528290154]]}, "properties": {"FID": 1556, "BIKE": "BIKE_FRIENDLY_PEDESTRIAN_PATH", "Shape_Leng": 208.700772094, "DIR": "Bi-Directional"}}, {"type": "Feature", "id": 1557, "geometry": {"type": "LineString", "coordinates": [[-6.379637338348147, 53.33516420181913], [-6.3795163104425745, 53.335116768705674], [-6.379183839552347, 53.33490587936442], [-6.379056592333756, 53.33479515964768], [-6.378337821417706, 53.33437264656916], [-6.378221153342355, 53.33432398160296], [-6.37810634424078, 53.33425470450347], [-6.377835416051124, 53.33409753141589], [-6.377464953208168, 53.333894504534115], [-6.37741174810375, 53.33387701293062], [-6.3770717352118895, 53.3336950362406], [-6.376360710812322, 53.33329647761361], [-6.37583833520671, 53.333008829636846], [-6.375360434382274, 53.332741776069106], [-6.37521861630011, 53.33267470874506], [-6.375094442864623, 53.33262529310017], [-6.374895923318623, 53.33251940243859], [-6.374419868685123, 53.33226075505148], [-6.374306759044946, 53.3322037506761], [-6.374233317438198, 53.33218017831713], [-6.374138316414546, 53.332156956524486], [-6.3740513656051165, 53.33214867724527], [-6.373955629194947, 53.33214479281658], [-6.373900786284983, 53.33214211016584], [-6.373819561824758, 53.33212488034175], [-6.373765209356686, 53.33210930655697], [-6.3737176377432245, 53.33208544029571], [-6.3736618415175545, 53.332051144584085], [-6.3736146142914185, 53.332032555327274]]}, "properties": {"FID": 1557, "BIKE": "BIKE_FRIENDLY_PEDESTRIAN_PATH", "Shape_Leng": 536.710829079, "DIR": "Forward"}}, {"type": "Feature", "id": 1558, "geometry": {"type": "LineString", "coordinates": [[-6.3736617843838435, 53.33179824799207], [-6.373539333553525, 53.331731530737144], [-6.373416023211838, 53.33165955354971], [-6.37333595415788, 53.331612028060995], [-6.3733027202553805, 53.331607705565446], [-6.373182170409591, 53.33160477192873], [-6.373154541735766, 53.331594721388385], [-6.37313993535062, 53.331553892909355], [-6.37311553955848, 53.33151550957915], [-6.373058034173422, 53.331469581383665], [-6.3727307849582235, 53.33129292519511], [-6.372392035809961, 53.33110708275485], [-6.372317913877187, 53.33107318080431], [-6.3722136178171045, 53.3310395124201], [-6.372000676962827, 53.330916652054206], [-6.371599048400828, 53.33068480521716], [-6.371485630414682, 53.33060780191131], [-6.3713646320582535, 53.33050360790224], [-6.370980041553218, 53.3302771506349], [-6.370828601516365, 53.33018027992048], [-6.370757372781821, 53.33012706894135], [-6.370719665006973, 53.330098822398554], [-6.370503463294737, 53.3299204525542], [-6.370358099934977, 53.329777230465865], [-6.370219395756638, 53.329628939163], [-6.370098191210281, 53.32947379346545], [-6.369921748025406, 53.3292134164098], [-6.369825089180862, 53.32900257826043], [-6.369763728591865, 53.32883720551954], [-6.369744903074666, 53.328737630919655], [-6.369719478347015, 53.32858508346791], [-6.369709763441949, 53.32844435869898], [-6.369719054299498, 53.32820070789585], [-6.3697381883955915, 53.32806618182639], [-6.369760281172493, 53.32793879040974]]}, "properties": {"FID": 1558, "BIKE": "BIKE_FRIENDLY_PEDESTRIAN_PATH", "Shape_Leng": 532.786839502, "DIR": "Forward"}}, {"type": "Feature", "id": 1559, "geometry": {"type": "LineString", "coordinates": [[-6.374385869578224, 53.33201938235711], [-6.3747443807236746, 53.33223325481832], [-6.3756077386071475, 53.33271497375322], [-6.375783905149363, 53.33277620589264], [-6.376204446070909, 53.33300644330538], [-6.376296161454038, 53.33309019319849], [-6.376520952916049, 53.33321873908491]]}, "properties": {"FID": 1559, "BIKE": "BIKE_FRIENDLY_PEDESTRIAN_PATH", "Shape_Leng": 195.734788176, "DIR": "Forward"}}, {"type": "Feature", "id": 1611, "geometry": {"type": "LineString", "coordinates": [[-6.290053520577111, 53.40647167261789], [-6.290431432271349, 53.40652937147496], [-6.290922429678117, 53.40657046490238], [-6.291007145679882, 53.40656941893558], [-6.291103495250893, 53.40659127994234], [-6.291750099820888, 53.40657391479533], [-6.292734695783607, 53.406538563977264], [-6.292975164996823, 53.406532495907456], [-6.2930629955546955, 53.40652424510235], [-6.293334579749444, 53.40653573339806], [-6.293382165319389, 53.406539265522156], [-6.29357826091702, 53.40656868732868], [-6.293832880952189, 53.40660654993395], [-6.293898939040661, 53.40662555710722], [-6.294339530998692, 53.40669204329251], [-6.294609003863935, 53.40677164630971]]}, "properties": {"FID": 1611, "BIKE": "BIKE_FRIENDLY_PEDESTRIAN_PATH", "Shape_Leng": 309.239731552, "DIR": "Forward"}}, {"type": "Feature", "id": 1639, "geometry": {"type": "LineString", "coordinates": [[-6.173246052684154, 53.406755792159935], [-6.173092272284028, 53.406704078713005], [-6.172935693404738, 53.40669015337755], [-6.172727364553019, 53.406686964864484], [-6.172427691648583, 53.406707291042956], [-6.172118492508889, 53.406747195120424], [-6.171779469777599, 53.40679390860985], [-6.1715028098903515, 53.40684468982285], [-6.171230111627916, 53.40692459878301], [-6.17035437011543, 53.40711791436982], [-6.170294370124283, 53.40712791361543], [-6.169094367660158, 53.40738791421631], [-6.167681512206956, 53.40768590705641], [-6.167422726534009, 53.40771848613712], [-6.166732541189252, 53.40785114556462], [-6.165520829594139, 53.40811281640197], [-6.1648894424039815, 53.408211074015725], [-6.164540562562162, 53.40824411981657], [-6.163720751518876, 53.40823981793358]]}, "properties": {"FID": 1639, "BIKE": "BIKE_FRIENDLY_PEDESTRIAN_PATH", "Shape_Leng": 663.451109169, "DIR": "Forward"}}, {"type": "Feature", "id": 1645, "geometry": {"type": "LineString", "coordinates": [[-6.348851485683884, 53.34273326844052], [-6.3488306640507375, 53.342697548682295], [-6.348683258662712, 53.34261800144518], [-6.348497754308636, 53.34253497499062], [-6.3483147154189075, 53.34245198147477], [-6.34814764588865, 53.34243143181619], [-6.347985162428358, 53.34242601201312], [-6.347666083560865, 53.342448167355]]}, "properties": {"FID": 1645, "BIKE": "BIKE_FRIENDLY_PEDESTRIAN_PATH", "Shape_Leng": 91.7449443359, "DIR": "Forward"}}, {"type": "Feature", "id": 1656, "geometry": {"type": "LineString", "coordinates": [[-6.355708991805281, 53.33248329307921], [-6.35575269827139, 53.332474091372404], [-6.355796305848686, 53.33244239849696], [-6.355894701040605, 53.332338798047594], [-6.35592252547035, 53.33231669082503], [-6.356006110916723, 53.33224748731212], [-6.3561650002236725, 53.33212395978971], [-6.3561732025990745, 53.33208601220197], [-6.356421580260203, 53.331990244611454], [-6.3566052348534985, 53.33192414952488], [-6.356741895691785, 53.331877590308494], [-6.356892058909546, 53.331830640781014], [-6.357002056917083, 53.33180101503948], [-6.357255754555363, 53.3317422264459], [-6.3574762921123416, 53.3316939389299], [-6.357614256604134, 53.33166354362337], [-6.357758330560966, 53.33162458310541], [-6.3578284760706865, 53.331604211199505], [-6.357937841560167, 53.331565924939575], [-6.358033507987494, 53.33153321763093], [-6.358082534753046, 53.33151082560612], [-6.358221850012594, 53.3314452709405], [-6.358350925854465, 53.33137034812134], [-6.358453584865424, 53.331306018936594], [-6.358558899226196, 53.33122269589906], [-6.358650513080134, 53.33114495007303], [-6.3587183866101915, 53.331058228397886], [-6.3588142042740925, 53.3309211421574], [-6.3588584598541, 53.33084735907655], [-6.358875225288664, 53.33078703842984], [-6.358911390242034, 53.33066512650891], [-6.358923354165526, 53.33061238859385], [-6.358935124600721, 53.330395176508816], [-6.358928618907364, 53.330359781229156]]}, "properties": {"FID": 1656, "BIKE": "SEPARATE_TRAIL", "Shape_Leng": 344.518359451, "DIR": "Forward"}}, {"type": "Feature", "id": 1675, "geometry": {"type": "LineString", "coordinates": [[-6.346728914214274, 53.33202299739445], [-6.346458179646527, 53.33202572542773], [-6.346441785910845, 53.33202810921357]]}, "properties": {"FID": 1675, "BIKE": "NON_TRAFFIC_TRAIL", "Shape_Leng": 19.1625075492, "DIR": "Bi-Directional"}}, {"type": "Feature", "id": 1676, "geometry": {"type": "LineString", "coordinates": [[-6.346441785910845, 53.33202810921357], [-6.346313159014131, 53.33204681532559]]}, "properties": {"FID": 1676, "BIKE": "NON_TRAFFIC_TRAIL", "Shape_Leng": 8.81824349847, "DIR": "Bi-Directional"}}, {"type": "Feature", "id": 1677, "geometry": {"type": "LineString", "coordinates": [[-6.251751268577808, 53.348361402481956], [-6.251615642532865, 53.34841064471187], [-6.251602045716226, 53.34852045829308], [-6.251595073990395, 53.348683428541214], [-6.251636519429478, 53.34884095681297], [-6.251703498784653, 53.34893775167127], [-6.251802690813279, 53.349039870269074], [-6.251891415979391, 53.34910059972013]]}, "properties": {"FID": 1677, "BIKE": "SEPARATE_TRAIL", "Shape_Leng": 92.4915826758, "DIR": "Forward"}}, {"type": "Feature", "id": 1686, "geometry": {"type": "LineString", "coordinates": [[-6.328210986556751, 53.370807881560225], [-6.330363540877052, 53.37152425282276], [-6.331364553906883, 53.37186041636516], [-6.331423675030895, 53.37186716244653], [-6.3319753975893525, 53.371855933606156], [-6.332129532717202, 53.37182155522489]]}, "properties": {"FID": 1686, "BIKE": "SEPARATE_TRAIL", "Shape_Leng": 292.065727257, "DIR": "Forward"}}, {"type": "Feature", "id": 1690, "geometry": {"type": "LineString", "coordinates": [[-6.253856731988453, 53.37079706928305], [-6.253496175105859, 53.37141652472757]]}, "properties": {"FID": 1690, "BIKE": "SEPARATE_TRAIL", "Shape_Leng": 72.99778084, "DIR": "Forward"}}, {"type": "Feature", "id": 1705, "geometry": {"type": "LineString", "coordinates": [[-6.274637652925985, 53.36846082226242], [-6.275488803710747, 53.36878340546617], [-6.275701478768097, 53.368841942986045], [-6.276048685712921, 53.368965971019904], [-6.276968685452792, 53.36932596936738], [-6.2778086850800845, 53.3696559687609], [-6.277978683519925, 53.36972596893775], [-6.278712591131574, 53.369994703511146], [-6.2792786824262175, 53.37020596749943]]}, "properties": {"FID": 1705, "BIKE": "BIKE_FRIENDLY_PEDESTRIAN_PATH", "Shape_Leng": 365.076764553, "DIR": "Forward"}}, {"type": "Feature", "id": 1718, "geometry": {"type": "LineString", "coordinates": [[-6.235055273278489, 53.363131202089825], [-6.235204178490886, 53.363089515360464], [-6.235510848945193, 53.36299683033426], [-6.2355524980494055, 53.362979260505504], [-6.235667070339526, 53.36294341025808], [-6.23571008797686, 53.36293464560273], [-6.235753344381794, 53.36292006554987], [-6.236066365160102, 53.3628060704736], [-6.236182111074562, 53.362757646519974], [-6.236251737251424, 53.362720627121774], [-6.236387233132363, 53.362646980295494], [-6.23649603676291, 53.362549213795724], [-6.236632703766498, 53.362429030011626], [-6.236956633636637, 53.362159417957734], [-6.2375710506567215, 53.36164764769686], [-6.238011853867143, 53.361246541464176]]}, "properties": {"FID": 1718, "BIKE": "BIKE_FRIENDLY_PEDESTRIAN_PATH", "Shape_Leng": 294.082005266, "DIR": "Forward"}}, {"type": "Feature", "id": 1722, "geometry": {"type": "LineString", "coordinates": [[-6.252754282313408, 53.3724947492072], [-6.252651151745641, 53.37264241007721], [-6.252639497630975, 53.37267171677794]]}, "properties": {"FID": 1722, "BIKE": "BIKE_FRIENDLY_PEDESTRIAN_PATH", "Shape_Leng": 21.1619032201, "DIR": "Forward"}}, {"type": "Feature", "id": 1723, "geometry": {"type": "LineString", "coordinates": [[-6.247037906422047, 53.37913626057534], [-6.246877073093541, 53.3793229006231], [-6.246761343602773, 53.379456536062555]]}, "properties": {"FID": 1723, "BIKE": "BIKE_FRIENDLY_PEDESTRIAN_PATH", "Shape_Leng": 40.1150846256, "DIR": "Forward"}}, {"type": "Feature", "id": 1724, "geometry": {"type": "LineString", "coordinates": [[-6.246487575914431, 53.37978301961174], [-6.246330715315833, 53.37996471633202], [-6.2462170745986345, 53.38009488108412], [-6.246078571787232, 53.38026026510962], [-6.2459535335988665, 53.380406596174936], [-6.245683019970456, 53.38072170726842]]}, "properties": {"FID": 1724, "BIKE": "BIKE_FRIENDLY_PEDESTRIAN_PATH", "Shape_Leng": 117.390125275, "DIR": "Forward"}}, {"type": "Feature", "id": 1725, "geometry": {"type": "LineString", "coordinates": [[-6.162365071344274, 53.399115016717715], [-6.16223608624067, 53.39907793128772], [-6.162172999896794, 53.399064046722245], [-6.162096885711571, 53.399062194455105], [-6.161998181124365, 53.39908310472108], [-6.161910257149837, 53.399117774630426], [-6.161865285699598, 53.39915854283194], [-6.161831739099649, 53.399254676170344], [-6.161821169458692, 53.39928496446867]]}, "properties": {"FID": 1725, "BIKE": "BIKE_FRIENDLY_PEDESTRIAN_PATH", "Shape_Leng": 52.8393590663, "DIR": "Forward"}}, {"type": "Feature", "id": 1726, "geometry": {"type": "LineString", "coordinates": [[-6.16154815892203, 53.39927326670305], [-6.1615010209130014, 53.39915841329344], [-6.161439107736455, 53.39911073107231], [-6.161374777608161, 53.39907787984042], [-6.161286227650221, 53.39902978726212], [-6.161235106073233, 53.398979085744706], [-6.161179665332654, 53.39890495289248], [-6.161143747507583, 53.39887254009412], [-6.161086750949203, 53.39883117751035], [-6.16103104046989, 53.398804491739725], [-6.1609730870456545, 53.398777090982534], [-6.160788521987999, 53.39873210725499], [-6.160689737673773, 53.39872854578151], [-6.160585422548883, 53.39869499351858], [-6.160580296924466, 53.39868200031551]]}, "properties": {"FID": 1726, "BIKE": "BIKE_FRIENDLY_PEDESTRIAN_PATH", "Shape_Leng": 98.2524014907, "DIR": "Forward"}}, {"type": "Feature", "id": 1742, "geometry": {"type": "LineString", "coordinates": [[-6.264766497367306, 53.33187176983188], [-6.264771183616077, 53.33189370161976], [-6.264773548186695, 53.33190476804316], [-6.264913498403379, 53.33255972012447]]}, "properties": {"FID": 1742, "BIKE": "SEPARATE_TRAIL", "Shape_Leng": 77.1862684301, "DIR": "Forward"}}, {"type": "Feature", "id": 1743, "geometry": {"type": "LineString", "coordinates": [[-6.254483239776825, 53.342180662576375], [-6.254537663435589, 53.342190455043834]]}, "properties": {"FID": 1743, "BIKE": "SEPARATE_TRAIL", "Shape_Leng": 3.78513156504, "DIR": "Reverse"}}, {"type": "Feature", "id": 1744, "geometry": {"type": "LineString", "coordinates": [[-6.259908829655053, 53.3445245815971], [-6.259863333735877, 53.344538762806685], [-6.259723928048835, 53.34458221561158], [-6.259660085720627, 53.34460211521921], [-6.25959561523767, 53.3446376557397], [-6.25946858272313, 53.34469200257912]]}, "properties": {"FID": 1744, "BIKE": "SEPARATE_TRAIL", "Shape_Leng": 34.9169101598, "DIR": "Bi-Directional"}}, {"type": "Feature", "id": 1745, "geometry": {"type": "LineString", "coordinates": [[-6.26439000051024, 53.40105000140599], [-6.264514195245434, 53.40121559409004]]}, "properties": {"FID": 1745, "BIKE": "BIKE_FRIENDLY_PEDESTRIAN_PATH", "Shape_Leng": 20.1957509953, "DIR": "Forward"}}, {"type": "Feature", "id": 1751, "geometry": {"type": "LineString", "coordinates": [[-6.240880743536365, 53.34886214190076], [-6.241057024722948, 53.34765790266781]]}, "properties": {"FID": 1751, "BIKE": "BIKE_FRIENDLY_PEDESTRIAN_PATH", "Shape_Leng": 134.534774707, "DIR": "Bi-Directional"}}, {"type": "Feature", "id": 1767, "geometry": {"type": "LineString", "coordinates": [[-6.268898397713885, 53.34522501573993], [-6.269992432757466, 53.34510526668883], [-6.27106061146057, 53.3449883381058], [-6.271169145399995, 53.3449764565719], [-6.2720811871943045, 53.3449480352002]]}, "properties": {"FID": 1767, "BIKE": "SEPARATE_TRAIL", "Shape_Leng": 214.563889908, "DIR": "Forward"}}, {"type": "Feature", "id": 1768, "geometry": {"type": "LineString", "coordinates": [[-6.265195714502995, 53.37858948444252], [-6.26551923583381, 53.378648862686426], [-6.267255807835767, 53.37887821305651], [-6.269232643250059, 53.37907603012659], [-6.269539347268072, 53.37908922545938]]}, "properties": {"FID": 1768, "BIKE": "SEPARATE_TRAIL", "Shape_Leng": 294.71417723, "DIR": "Forward"}}, {"type": "Feature", "id": 1769, "geometry": {"type": "LineString", "coordinates": [[-6.2818193738046535, 53.37999274383056], [-6.2797681487478805, 53.37982322553106], [-6.2759596494549275, 53.379572895124426], [-6.27565851814807, 53.37954229981224], [-6.2741773840559345, 53.37944653199451], [-6.274053215109832, 53.37944182073173], [-6.272204279764404, 53.379336334548356], [-6.27170343838208, 53.37929992223025], [-6.270406942534991, 53.37922136056554], [-6.267192163738671, 53.37899140145803], [-6.266981754831851, 53.37896171661252], [-6.266776718907483, 53.37893686859875], [-6.2666616134611095, 53.37891915868007], [-6.266580605279578, 53.378909963020966], [-6.2664991071308505, 53.37889784356441], [-6.2663487842270795, 53.37887670609797], [-6.265283651787406, 53.378703274281634]]}, "properties": {"FID": 1769, "BIKE": "SEPARATE_TRAIL", "Shape_Leng": 1110.88704203, "DIR": "Forward"}}, {"type": "Feature", "id": 1770, "geometry": {"type": "LineString", "coordinates": [[-6.2720811871943045, 53.3449480352002], [-6.272253035752589, 53.34494267911191], [-6.274431007509571, 53.34509145432946], [-6.275352179386259, 53.34517998433122], [-6.275752539069274, 53.3452240809481], [-6.27578645805092, 53.34523118188295]]}, "properties": {"FID": 1770, "BIKE": "SEPARATE_TRAIL", "Shape_Leng": 249.094996882, "DIR": "Forward"}}, {"type": "Feature", "id": 1771, "geometry": {"type": "LineString", "coordinates": [[-6.27578645805092, 53.34523118188295], [-6.276060689184389, 53.34528859416885]]}, "properties": {"FID": 1771, "BIKE": "SEPARATE_TRAIL", "Shape_Leng": 19.3489895632, "DIR": "Forward"}}, {"type": "Feature", "id": 1772, "geometry": {"type": "LineString", "coordinates": [[-6.275710297271142, 53.34584089411255], [-6.275628368293301, 53.345962117978615], [-6.2754756677920405, 53.346251214134796], [-6.275281675805959, 53.3466042153581], [-6.27503203332941, 53.347306809805545], [-6.274883019731278, 53.34788104101754], [-6.274762657360022, 53.3487127241516], [-6.274789344098212, 53.34880398142955], [-6.274753804600089, 53.34936168009828], [-6.274741317109023, 53.349818582553375], [-6.274713851180819, 53.35007189759409]]}, "properties": {"FID": 1772, "BIKE": "SEPARATE_TRAIL", "Shape_Leng": 478.697778317, "DIR": "Forward"}}, {"type": "Feature", "id": 1773, "geometry": {"type": "LineString", "coordinates": [[-6.27435452083112, 53.35020961088428], [-6.274378311472722, 53.35017391542155], [-6.274456210205576, 53.35005704099225]]}, "properties": {"FID": 1773, "BIKE": "SEPARATE_TRAIL", "Shape_Leng": 18.2801338962, "DIR": "Forward"}}, {"type": "Feature", "id": 1774, "geometry": {"type": "LineString", "coordinates": [[-6.229551130344759, 53.36440351972176], [-6.229094866788196, 53.36434827382607], [-6.228617753156733, 53.36429720804436], [-6.227736197608474, 53.36421586732304], [-6.227708291038833, 53.36421292629538]]}, "properties": {"FID": 1774, "BIKE": "SEPARATE_TRAIL", "Shape_Leng": 124.521270488, "DIR": "Forward"}}, {"type": "Feature", "id": 1788, "geometry": {"type": "LineString", "coordinates": [[-6.160580296924466, 53.39868200031551], [-6.159463756997729, 53.39851206196745], [-6.1591361093627714, 53.398474547923364], [-6.1582655916201245, 53.398408253479424], [-6.157756612967545, 53.39838732981724], [-6.156941872342701, 53.39834939303394], [-6.156071982649602, 53.39833088694229], [-6.155156429121785, 53.3983086253887], [-6.154440535808867, 53.39830060270499], [-6.153255434480291, 53.39827111633873], [-6.152589565038537, 53.39824458214959], [-6.151837853422936, 53.398201499095016], [-6.1512513685793095, 53.3981447403683], [-6.149916692631569, 53.39796923139182], [-6.147040424187713, 53.39755281220333], [-6.146046569270608, 53.397426968540096], [-6.145670658900463, 53.397406927326976], [-6.144916407681576, 53.397384850092465], [-6.14446640749781, 53.397364849976874], [-6.14280640574155, 53.39715484990276], [-6.142276405457432, 53.39709485041455], [-6.14201640491178, 53.397054850019046], [-6.139806402854826, 53.396774850129205], [-6.139466402278781, 53.39675485006261], [-6.13906640215665, 53.39677484959077], [-6.138726401927213, 53.39683484974573], [-6.138396401648725, 53.39691484997867], [-6.137376401107294, 53.39726484953913], [-6.13712639981384, 53.39732485001318], [-6.136906400168977, 53.39733484938097], [-6.1366163997368846, 53.39733484920306], [-6.1359263992381985, 53.39725485060121], [-6.1354763979971185, 53.39719485039705], [-6.134399813104199, 53.39702295916889]]}, "properties": {"FID": 1788, "BIKE": "SEPARATE_TRAIL", "Shape_Leng": 1780.9765543, "DIR": "Forward"}}, {"type": "Feature", "id": 1809, "geometry": {"type": "LineString", "coordinates": [[-6.240634669406811, 53.35043702627986], [-6.240518463229291, 53.35052306025562], [-6.240502535203781, 53.35064390094679]]}, "properties": {"FID": 1809, "BIKE": "BIKE_FRIENDLY_PEDESTRIAN_PATH", "Shape_Leng": 25.8012765169, "DIR": "Bi-Directional"}}, {"type": "Feature", "id": 1810, "geometry": {"type": "LineString", "coordinates": [[-6.2301134140126075, 53.36429122468826], [-6.230080194790309, 53.364165164196756], [-6.230079811629755, 53.364119853837906], [-6.230200331551027, 53.3640104159075], [-6.230402815135226, 53.36380706117742], [-6.230716884212554, 53.363512498840976], [-6.23101874015342, 53.363248694486344], [-6.231543295981208, 53.3630407912314], [-6.232086786555387, 53.36289237103878], [-6.232404273075394, 53.36280550594137]]}, "properties": {"FID": 1810, "BIKE": "NON_TRAFFIC_TRAIL", "Shape_Leng": 239.537892618, "DIR": "Bi-Directional"}}, {"type": "Feature", "id": 1811, "geometry": {"type": "LineString", "coordinates": [[-6.227133905429248, 53.363994143714244], [-6.229596780238841, 53.36427147644476], [-6.230103549388514, 53.364291691368784], [-6.2301134140126075, 53.36429122468826]]}, "properties": {"FID": 1811, "BIKE": "BIKE_FRIENDLY_PEDESTRIAN_PATH", "Shape_Leng": 201.303821133, "DIR": "Forward"}}, {"type": "Feature", "id": 1835, "geometry": {"type": "LineString", "coordinates": [[-6.291729999622012, 53.34780500125724], [-6.29058202025098, 53.34751630716687]]}, "properties": {"FID": 1835, "BIKE": "SEPARATE_TRAIL", "Shape_Leng": 82.9268937183, "DIR": "Forward"}}, {"type": "Feature", "id": 1836, "geometry": {"type": "LineString", "coordinates": [[-6.281806113956152, 53.350472465693834], [-6.281879999656497, 53.3504700009349]]}, "properties": {"FID": 1836, "BIKE": "SEPARATE_TRAIL", "Shape_Leng": 4.92776431699, "DIR": "Forward"}}, {"type": "Feature", "id": 1839, "geometry": {"type": "LineString", "coordinates": [[-6.270154871792097, 53.343242290290796], [-6.269865999719457, 53.34321300133781]]}, "properties": {"FID": 1839, "BIKE": "SEPARATE_TRAIL", "Shape_Leng": 19.5137572278, "DIR": "Forward"}}, {"type": "Feature", "id": 1840, "geometry": {"type": "LineString", "coordinates": [[-6.161789849688776, 53.39838778617981], [-6.16180321348196, 53.398462289177864], [-6.161845456319578, 53.39853971401688], [-6.16193346303905, 53.39861289012722], [-6.162086445424517, 53.39871678511115], [-6.16220399702299, 53.39879455315984], [-6.162352923522253, 53.39887938882868], [-6.16248231560207, 53.3989233509664]]}, "properties": {"FID": 1840, "BIKE": "BIKE_FRIENDLY_PEDESTRIAN_PATH", "Shape_Leng": 78.0847674828, "DIR": "Forward"}}, {"type": "Feature", "id": 1841, "geometry": {"type": "LineString", "coordinates": [[-6.160358964713148, 53.39853397597729], [-6.160591805848142, 53.398582646113596], [-6.161229117907704, 53.39868299559647]]}, "properties": {"FID": 1841, "BIKE": "SEPARATE_TRAIL", "Shape_Leng": 60.2467734558, "DIR": "Forward"}}, {"type": "Feature", "id": 1842, "geometry": {"type": "LineString", "coordinates": [[-6.160358964713148, 53.39853397597729], [-6.16053752968833, 53.398536809514944], [-6.160988396270367, 53.398610625710084], [-6.161191882701129, 53.39865271338983], [-6.1612723228038595, 53.39865135578241], [-6.1613651920704795, 53.39862642750644], [-6.161463314359529, 53.398561071227896], [-6.161524916865214, 53.39847781601777], [-6.161554243775142, 53.39837425105202]]}, "properties": {"FID": 1842, "BIKE": "BIKE_FRIENDLY_PEDESTRIAN_PATH", "Shape_Leng": 101.019256745, "DIR": "Forward"}}, {"type": "Feature", "id": 1843, "geometry": {"type": "LineString", "coordinates": [[-6.16248231560207, 53.3989233509664], [-6.162704142468308, 53.39899871756404], [-6.162789363061978, 53.39907019092123]]}, "properties": {"FID": 1843, "BIKE": "BIKE_FRIENDLY_PEDESTRIAN_PATH", "Shape_Leng": 26.7404335488, "DIR": "Forward"}}, {"type": "Feature", "id": 1844, "geometry": {"type": "LineString", "coordinates": [[-6.1628815687299685, 53.39917861156373], [-6.162724019960414, 53.3992084651609], [-6.162660699139616, 53.39920001419678], [-6.162365071344274, 53.399115016717715]]}, "properties": {"FID": 1844, "BIKE": "BIKE_FRIENDLY_PEDESTRIAN_PATH", "Shape_Leng": 37.1305326792, "DIR": "Forward"}}, {"type": "Feature", "id": 1845, "geometry": {"type": "LineString", "coordinates": [[-6.285397999847133, 53.347079001026785], [-6.2842397865618915, 53.34704142490405], [-6.2837770006703915, 53.3470340013241]]}, "properties": {"FID": 1845, "BIKE": "BIKE_LANE", "Shape_Leng": 108.076912309, "DIR": "Forward"}}, {"type": "Feature", "id": 1846, "geometry": {"type": "LineString", "coordinates": [[-6.26138899962111, 53.347082001292584], [-6.260081630149682, 53.34737266073731], [-6.259442722928758, 53.34755460705942]]}, "properties": {"FID": 1846, "BIKE": "BIKE_LANE", "Shape_Leng": 140.00218175, "DIR": "Forward"}}, {"type": "Feature", "id": 1847, "geometry": {"type": "LineString", "coordinates": [[-6.259088626706566, 53.347644373296774], [-6.2583951711024, 53.34779751833315], [-6.257638999961434, 53.34795500066752]]}, "properties": {"FID": 1847, "BIKE": "BIKE_LANE", "Shape_Leng": 102.546073147, "DIR": "Forward"}}, {"type": "Feature", "id": 1848, "geometry": {"type": "LineString", "coordinates": [[-6.257638999961434, 53.34795500066752], [-6.256557558935685, 53.34812739616826], [-6.255153999502342, 53.34829600098169]]}, "properties": {"FID": 1848, "BIKE": "BIKE_LANE", "Shape_Leng": 169.865235873, "DIR": "Forward"}}, {"type": "Feature", "id": 1849, "geometry": {"type": "LineString", "coordinates": [[-6.255153999502342, 53.34829600098169], [-6.254677208557016, 53.34833533770212], [-6.253685000417011, 53.34832400110482]]}, "properties": {"FID": 1849, "BIKE": "BIKE_LANE", "Shape_Leng": 98.1399842593, "DIR": "Forward"}}, {"type": "Feature", "id": 1850, "geometry": {"type": "LineString", "coordinates": [[-6.251271837785587, 53.34833698989822], [-6.251219650979462, 53.348334650275774], [-6.249852575852281, 53.34823612686495], [-6.2489964120299835, 53.34818075900678], [-6.248450052547405, 53.348129933473096], [-6.248252999235041, 53.34813500125404]]}, "properties": {"FID": 1850, "BIKE": "BIKE_LANE", "Shape_Leng": 202.488118071, "DIR": "Forward"}}, {"type": "Feature", "id": 1851, "geometry": {"type": "LineString", "coordinates": [[-6.245919000454908, 53.34797500047443], [-6.243764740491005, 53.34783276005121], [-6.241184390982127, 53.34766633086204], [-6.241057024722948, 53.34765790266781]]}, "properties": {"FID": 1851, "BIKE": "BIKE_LANE", "Shape_Leng": 325.704144297, "DIR": "Forward"}}, {"type": "Feature", "id": 1852, "geometry": {"type": "LineString", "coordinates": [[-6.235085000276607, 53.34717600131945], [-6.235856000102191, 53.347231001029805]]}, "properties": {"FID": 1852, "BIKE": "BIKE_LANE", "Shape_Leng": 51.7095976466, "DIR": "Forward"}}, {"type": "Feature", "id": 1853, "geometry": {"type": "LineString", "coordinates": [[-6.237846999523733, 53.34735600106811], [-6.238422999300636, 53.3473970008654]]}, "properties": {"FID": 1853, "BIKE": "BIKE_LANE", "Shape_Leng": 38.6299370855, "DIR": "Forward"}}, {"type": "Feature", "id": 1854, "geometry": {"type": "LineString", "coordinates": [[-6.263034159591055, 53.35172072586597], [-6.2630809409081785, 53.351695525639975], [-6.2631593176708344, 53.351656728828154], [-6.263484179095315, 53.3514847817265], [-6.263718156294129, 53.3513719688159]]}, "properties": {"FID": 1854, "BIKE": "BIKE_LANE", "Shape_Leng": 59.856436138, "DIR": "Forward"}}, {"type": "Feature", "id": 1855, "geometry": {"type": "LineString", "coordinates": [[-6.267265585402677, 53.350185897580836], [-6.267163673038882, 53.350223822253], [-6.267051876412389, 53.35026556163775], [-6.2669620994922735, 53.35029756037543], [-6.266852681326191, 53.350335980662464], [-6.266749708534867, 53.350372885610405], [-6.266656103263665, 53.3504024889045], [-6.266487641133154, 53.35045512952267], [-6.266317599619999, 53.3505087005937], [-6.266138044608812, 53.350574632029144], [-6.265781750839048, 53.3506998370989], [-6.264962523704749, 53.35098780873616], [-6.264854161108571, 53.351014576002854]]}, "properties": {"FID": 1855, "BIKE": "BIKE_LANE", "Shape_Leng": 185.290777564, "DIR": "Forward"}}, {"type": "Feature", "id": 1856, "geometry": {"type": "LineString", "coordinates": [[-6.225769836818732, 53.363967418562076], [-6.225373736250683, 53.36390893989629], [-6.224967245514457, 53.363845849035286], [-6.224775497282246, 53.363809602099934], [-6.224463694644254, 53.36375066039006], [-6.224177157558068, 53.3636949412967], [-6.2238000419495645, 53.363605126808494], [-6.223453375163382, 53.363545831564146]]}, "properties": {"FID": 1856, "BIKE": "BIKE_LANE", "Shape_Leng": 161.355041073, "DIR": "Forward"}}, {"type": "Feature", "id": 1857, "geometry": {"type": "LineString", "coordinates": [[-6.225469110421587, 53.363712742317446], [-6.226235839388092, 53.36385376233319]]}, "properties": {"FID": 1857, "BIKE": "BIKE_LANE", "Shape_Leng": 53.4002737155, "DIR": "Forward"}}, {"type": "Feature", "id": 1858, "geometry": {"type": "LineString", "coordinates": [[-6.274713851180819, 53.35007189759409], [-6.274868957507611, 53.35007562335614], [-6.27504501769848, 53.35003205093294], [-6.2755669245055135, 53.34993449467322], [-6.276386033316321, 53.34984710449408], [-6.27749542967246, 53.34974172623825], [-6.278064975369582, 53.34969187519887], [-6.278495200187981, 53.3496982038224], [-6.2791632636242305, 53.349755431965605], [-6.279445000619993, 53.349775001275134]]}, "properties": {"FID": 1858, "BIKE": "BIKE_LANE", "Shape_Leng": 320.46226489, "DIR": "Forward"}}, {"type": "Feature", "id": 1859, "geometry": {"type": "LineString", "coordinates": [[-6.283347834435255, 53.35173439505027], [-6.283355618011915, 53.351742375195656], [-6.2833610038020336, 53.35174789586044], [-6.283518989361706, 53.351909853556776], [-6.283732488610276, 53.35211109558957], [-6.283971467308861, 53.35232437558079], [-6.284174733386462, 53.35251749628937], [-6.284406682532961, 53.35272140308325], [-6.2846232762276735, 53.35285922226103], [-6.28492635632162, 53.35303407291041], [-6.285156473563668, 53.3531704271777], [-6.285427479310387, 53.35337682296175], [-6.285651386534462, 53.35355195681591], [-6.2860316173252935, 53.35381943853532], [-6.28640729061433, 53.354091708904086], [-6.286725319731824, 53.35435272152009], [-6.287114518391324, 53.35472324178876], [-6.28743831032163, 53.35510320950014], [-6.287641120627759, 53.35545357356819], [-6.287834809430815, 53.35585140984819], [-6.288031892285479, 53.35625899707564], [-6.2882106443046535, 53.356491007011144], [-6.28844611424152, 53.35673728714602], [-6.28859969373673, 53.356916210518705], [-6.288745856292891, 53.35709204687204], [-6.288825988140182, 53.35715635513304]]}, "properties": {"FID": 1859, "BIKE": "BIKE_LANE", "Shape_Leng": 713.227625395, "DIR": "Forward"}}, {"type": "Feature", "id": 1860, "geometry": {"type": "LineString", "coordinates": [[-6.260767116142502, 53.34449643074651], [-6.260637405611541, 53.3444974402517], [-6.260148396242155, 53.344497976019134]]}, "properties": {"FID": 1860, "BIKE": "BIKE_LANE", "Shape_Leng": 41.2078985611, "DIR": "Forward"}}, {"type": "Feature", "id": 1861, "geometry": {"type": "LineString", "coordinates": [[-6.296961704902078, 53.34825414192476], [-6.296137752416047, 53.3482367868014]]}, "properties": {"FID": 1861, "BIKE": "BIKE_LANE", "Shape_Leng": 54.904524489, "DIR": "Forward"}}, {"type": "Feature", "id": 1862, "geometry": {"type": "LineString", "coordinates": [[-6.2930590004584115, 53.34807900082079], [-6.291729999622012, 53.34780500125724]]}, "properties": {"FID": 1862, "BIKE": "BIKE_LANE", "Shape_Leng": 93.610448651, "DIR": "Forward"}}, {"type": "Feature", "id": 1863, "geometry": {"type": "LineString", "coordinates": [[-6.296279000445458, 53.348115001341114], [-6.297019999581235, 53.34814600092853]]}, "properties": {"FID": 1863, "BIKE": "BIKE_LANE", "Shape_Leng": 49.4669036838, "DIR": "Forward"}}, {"type": "Feature", "id": 1864, "geometry": {"type": "LineString", "coordinates": [[-6.272666941676448, 53.33689804672523], [-6.272938921200228, 53.33637393026815], [-6.272975621989485, 53.33632356100802]]}, "properties": {"FID": 1864, "BIKE": "BIKE_LANE", "Shape_Leng": 67.1936727112, "DIR": "Forward"}}, {"type": "Feature", "id": 1865, "geometry": {"type": "LineString", "coordinates": [[-6.274800487713268, 53.33396446308146], [-6.274865298958398, 53.333822878557136], [-6.274980486456699, 53.333571243983556], [-6.275024786591249, 53.33347446601797], [-6.275165002013472, 53.33305074814496]]}, "properties": {"FID": 1865, "BIKE": "BIKE_LANE", "Shape_Leng": 104.614145958, "DIR": "Forward"}}, {"type": "Feature", "id": 1866, "geometry": {"type": "LineString", "coordinates": [[-6.2750894088814, 53.33236382618429], [-6.2750849101986494, 53.33235326301928], [-6.275085359490782, 53.33230004460554], [-6.275089469563771, 53.33181488970925], [-6.275159791921464, 53.33087197113874], [-6.275432673334716, 53.329636805844636], [-6.275456795990749, 53.32957771347338]]}, "properties": {"FID": 1866, "BIKE": "BIKE_LANE", "Shape_Leng": 311.601244612, "DIR": "Forward"}}, {"type": "Feature", "id": 1867, "geometry": {"type": "LineString", "coordinates": [[-6.27560037936212, 53.329589862130966], [-6.2755068338766655, 53.329913537195566]]}, "properties": {"FID": 1867, "BIKE": "BIKE_LANE", "Shape_Leng": 36.5571095748, "DIR": "Forward"}}, {"type": "Feature", "id": 1868, "geometry": {"type": "LineString", "coordinates": [[-6.275279833498005, 53.331222742236214], [-6.275252618224228, 53.331410591327156], [-6.275244483701695, 53.33153718095951], [-6.275242223220226, 53.331763792558846], [-6.2752424394505795, 53.33177588649589]]}, "properties": {"FID": 1868, "BIKE": "BIKE_LANE", "Shape_Leng": 61.6491175673, "DIR": "Forward"}}, {"type": "Feature", "id": 1869, "geometry": {"type": "LineString", "coordinates": [[-6.275335771734882, 53.332785419935995], [-6.275342985492167, 53.33294896855341], [-6.275327086158109, 53.33304761691139], [-6.275262121186608, 53.3332027553338], [-6.275247617019943, 53.333287249598165], [-6.275241320110426, 53.33332392802324], [-6.275054535801494, 53.3337778476729]]}, "properties": {"FID": 1869, "BIKE": "BIKE_LANE", "Shape_Leng": 112.620185274, "DIR": "Forward"}}, {"type": "Feature", "id": 1870, "geometry": {"type": "LineString", "coordinates": [[-6.2643180816653885, 53.34414909331574], [-6.264353473068108, 53.343819319346316], [-6.264336607373029, 53.34328850571262], [-6.264328093443865, 53.343020512716755], [-6.264326208982578, 53.342961233861715], [-6.26432533381017, 53.34293367795537], [-6.26442463320093, 53.342491302978985], [-6.264549519353484, 53.34225389114833], [-6.264944909809518, 53.341793682902576]]}, "properties": {"FID": 1870, "BIKE": "BIKE_LANE", "Shape_Leng": 270.323629133, "DIR": "Forward"}}, {"type": "Feature", "id": 1871, "geometry": {"type": "LineString", "coordinates": [[-6.265378357101415, 53.341232945475106], [-6.265516202760098, 53.340617007762056]]}, "properties": {"FID": 1871, "BIKE": "BIKE_LANE", "Shape_Leng": 69.1603838496, "DIR": "Forward"}}, {"type": "Feature", "id": 1872, "geometry": {"type": "LineString", "coordinates": [[-6.265829816439681, 53.33807159334053], [-6.265811281939889, 53.338001992270634], [-6.265756439711118, 53.337796049336895], [-6.2657276847462215, 53.33768744763339]]}, "properties": {"FID": 1872, "BIKE": "BIKE_LANE", "Shape_Leng": 43.2897883923, "DIR": "Forward"}}, {"type": "Feature", "id": 1873, "geometry": {"type": "LineString", "coordinates": [[-6.264521212832866, 53.33148624931341], [-6.264515472678564, 53.33146831268371], [-6.264507772656278, 53.33144483961543], [-6.264382278463144, 53.33102313604672]]}, "properties": {"FID": 1873, "BIKE": "BIKE_LANE", "Shape_Leng": 52.3652707707, "DIR": "Forward"}}, {"type": "Feature", "id": 1874, "geometry": {"type": "LineString", "coordinates": [[-6.264192066150987, 53.33019093114032], [-6.2641640784328985, 53.33008291168392], [-6.264176419533567, 53.32999843475322]]}, "properties": {"FID": 1874, "BIKE": "BIKE_LANE", "Shape_Leng": 21.602689593, "DIR": "Forward"}}, {"type": "Feature", "id": 1875, "geometry": {"type": "LineString", "coordinates": [[-6.264189652660414, 53.32990785078198], [-6.264215912831847, 53.329857219860315], [-6.264246745010112, 53.32972090329212], [-6.264270569386536, 53.32964032710964], [-6.264277725633513, 53.329561400393324], [-6.264335347537139, 53.329329880326355], [-6.264487626521234, 53.328434321703675], [-6.264632785115846, 53.32752678499418]]}, "properties": {"FID": 1875, "BIKE": "BIKE_LANE", "Shape_Leng": 266.807984066, "DIR": "Forward"}}, {"type": "Feature", "id": 1876, "geometry": {"type": "LineString", "coordinates": [[-6.264803017112462, 53.326711303420204], [-6.2648050287751245, 53.326679640519245], [-6.264814143097733, 53.32661978988378], [-6.264906299452443, 53.326148216973934]]}, "properties": {"FID": 1876, "BIKE": "BIKE_LANE", "Shape_Leng": 63.0543914621, "DIR": "Forward"}}, {"type": "Feature", "id": 1877, "geometry": {"type": "LineString", "coordinates": [[-6.2660036342049406, 53.32190322951704], [-6.26589114715397, 53.32201629904967], [-6.265821684340388, 53.322123915327836], [-6.265783339113195, 53.32225975914162], [-6.265631238611451, 53.323035394706736]]}, "properties": {"FID": 1877, "BIKE": "BIKE_LANE", "Shape_Leng": 129.733253927, "DIR": "Forward"}}, {"type": "Feature", "id": 1878, "geometry": {"type": "LineString", "coordinates": [[-6.264334815438169, 53.33000885671104], [-6.264330595957297, 53.33012017893265], [-6.264335332635206, 53.33017813500954]]}, "properties": {"FID": 1878, "BIKE": "BIKE_LANE", "Shape_Leng": 18.8500034196, "DIR": "Forward"}}, {"type": "Feature", "id": 1879, "geometry": {"type": "LineString", "coordinates": [[-6.264568035383639, 53.33111964408472], [-6.264574422048046, 53.33114158983584], [-6.264632455596133, 53.33143421122057], [-6.264631841818395, 53.33144703733947], [-6.2646386282160025, 53.331479998459294], [-6.264640398482093, 53.331488726517954], [-6.264766497367306, 53.33187176983188]]}, "properties": {"FID": 1879, "BIKE": "BIKE_LANE", "Shape_Leng": 84.8254415281, "DIR": "Forward"}}, {"type": "Feature", "id": 1880, "geometry": {"type": "LineString", "coordinates": [[-6.265150109200723, 53.33357953591077], [-6.265165068756242, 53.33361894618078], [-6.265171173048228, 53.33363502752326], [-6.265362893778308, 53.33414008893011], [-6.2653660175671755, 53.33432740820392]]}, "properties": {"FID": 1880, "BIKE": "BIKE_LANE", "Shape_Leng": 84.8224811711, "DIR": "Forward"}}, {"type": "Feature", "id": 1881, "geometry": {"type": "LineString", "coordinates": [[-6.265560432494318, 53.33648972655368], [-6.265633867618628, 53.336785434654225], [-6.2656764209883296, 53.336956788020835], [-6.26569289233289, 53.33702311352395], [-6.2658493340075125, 53.33755228831803]]}, "properties": {"FID": 1881, "BIKE": "BIKE_LANE", "Shape_Leng": 119.820389235, "DIR": "Forward"}}, {"type": "Feature", "id": 1882, "geometry": {"type": "LineString", "coordinates": [[-6.265954610558051, 53.339397108853625], [-6.265940318220576, 53.33944818640353], [-6.265923926804318, 53.33949092662424], [-6.2658964306673095, 53.339631461510834], [-6.265852874497451, 53.33985407880223], [-6.26576684064493, 53.34029379591721]]}, "properties": {"FID": 1882, "BIKE": "BIKE_LANE", "Shape_Leng": 100.606447012, "DIR": "Forward"}}, {"type": "Feature", "id": 1883, "geometry": {"type": "LineString", "coordinates": [[-6.26933797970133, 53.3384745262707], [-6.269336595242675, 53.338550172611924], [-6.26933054912535, 53.3389376927471], [-6.269335083364983, 53.33914452823859], [-6.26937404406849, 53.33928549581548], [-6.269485861421951, 53.33942378475431], [-6.269656096714516, 53.33963442669962], [-6.26984569429473, 53.3398845768914], [-6.27010477670947, 53.340498667865894], [-6.270124999498158, 53.34067100068491]]}, "properties": {"FID": 1883, "BIKE": "BIKE_LANE", "Shape_Leng": 253.893387613, "DIR": "Forward"}}, {"type": "Feature", "id": 1884, "geometry": {"type": "LineString", "coordinates": [[-6.33698148997672, 53.34683041696208], [-6.336819202004951, 53.34681614146683], [-6.336621351480803, 53.346798737379736], [-6.336231211803622, 53.34676441741976], [-6.3356611223816985, 53.34671403940407], [-6.334803862251767, 53.34664165439378], [-6.333478803752542, 53.34656069069361], [-6.331942302964218, 53.34649319902795], [-6.329807109515728, 53.34637121409454], [-6.328378261318707, 53.346319890462716], [-6.327062860564524, 53.346284340629964], [-6.326507264745491, 53.34631189355844], [-6.325859993926225, 53.34639117256655], [-6.324927562638409, 53.346453696322655], [-6.323858253943777, 53.34647436516086], [-6.323092882931611, 53.34647722107891], [-6.321457680985864, 53.34654315866465], [-6.320159339693464, 53.34665924803002], [-6.320082940682683, 53.34666711634984], [-6.31985091715068, 53.3466930783227], [-6.319597064363964, 53.34672206786303], [-6.318985292838792, 53.34679963723787], [-6.318404562154066, 53.34688251878896], [-6.317124191530585, 53.347100260295235], [-6.315939125437471, 53.3473128287153], [-6.314889739825519, 53.34749026566182], [-6.313817766629373, 53.3476712831104], [-6.3130288468085265, 53.3478053923189], [-6.3121593082967875, 53.34794974106647], [-6.311702076811213, 53.348009730570425]]}, "properties": {"FID": 1884, "BIKE": "BIKE_FRIENDLY_PEDESTRIAN_PATH", "Shape_Leng": 1709.32056632, "DIR": "Forward"}}, {"type": "Feature", "id": 1885, "geometry": {"type": "LineString", "coordinates": [[-6.311589685945687, 53.34792426106833], [-6.311734741374947, 53.34790631616596], [-6.311838594255211, 53.3478915244521], [-6.312110243946961, 53.347860324218836], [-6.312489049796009, 53.34780152671206], [-6.312963518599642, 53.34773707809234], [-6.313516486353321, 53.34765174885136], [-6.314095582004293, 53.3475433697105], [-6.314820598231008, 53.347417274260515], [-6.3154495342257375, 53.34730178640666], [-6.315861445500137, 53.347229685859524]]}, "properties": {"FID": 1885, "BIKE": "BIKE_LANE", "Shape_Leng": 294.966693886, "DIR": "Forward"}}, {"type": "Feature", "id": 1886, "geometry": {"type": "LineString", "coordinates": [[-6.315861445500137, 53.347229685859524], [-6.315871072337151, 53.34722780842428], [-6.315877575026015, 53.347226539421996], [-6.316320552738244, 53.34714013991404], [-6.31686522470741, 53.34704376578908], [-6.317506105335684, 53.346893991701926], [-6.3179219757541185, 53.346857106500174], [-6.318352654589812, 53.346790165855175], [-6.318616826535614, 53.34675039762227], [-6.3191366664107536, 53.34664699231997], [-6.319530641230587, 53.34659586610741], [-6.32003596341425, 53.346568737900775], [-6.320639642283857, 53.34651395885707], [-6.321346615789143, 53.34643414147786], [-6.321849518277903, 53.34641790640152], [-6.322698444621661, 53.34637876472359], [-6.3237521570720805, 53.34634070206859], [-6.324691787140754, 53.34630119008072], [-6.3256344851808946, 53.346286633957895], [-6.326179481620501, 53.34618313677845], [-6.326837394553531, 53.346171862190225], [-6.327851342310378, 53.34617692168175], [-6.329193241845626, 53.346239839329144], [-6.330262355041295, 53.34628611937913], [-6.331915865533163, 53.34636561570356], [-6.333569018697118, 53.346453958842], [-6.334767315635217, 53.34653591355347], [-6.336337859582058, 53.34663539050438], [-6.3373771227501035, 53.34672573322904], [-6.338064891274921, 53.3467733273487]]}, "properties": {"FID": 1886, "BIKE": "BIKE_FRIENDLY_PEDESTRIAN_PATH", "Shape_Leng": 1496.36271606, "DIR": "Forward"}}, {"type": "Feature", "id": 1887, "geometry": {"type": "LineString", "coordinates": [[-6.246344540717792, 53.339666165295434], [-6.24609177064199, 53.33958325401523], [-6.246004116150351, 53.33954998281189], [-6.245861333567801, 53.33949578551249], [-6.245532160675512, 53.33937083917717], [-6.245130934571437, 53.33923853046935], [-6.244711600303134, 53.33908522370544], [-6.244252658754303, 53.338933313532074], [-6.243787327967181, 53.33877700758186], [-6.2430571742175065, 53.3385207741982], [-6.242282875384524, 53.33826637108522], [-6.241846410991067, 53.33812142493329], [-6.240815950332101, 53.33779344282627], [-6.240478891569067, 53.33767585047628]]}, "properties": {"FID": 1887, "BIKE": "BIKE_LANE", "Shape_Leng": 449.252323248, "DIR": "Forward"}}, {"type": "Feature", "id": 1888, "geometry": {"type": "LineString", "coordinates": [[-6.240569366872127, 53.33761436306326], [-6.240944762838993, 53.33771789582808], [-6.241263104935913, 53.3378224854978], [-6.2432322289078375, 53.33846557901891]]}, "properties": {"FID": 1888, "BIKE": "BIKE_LANE", "Shape_Leng": 201.143270583, "DIR": "Forward"}}, {"type": "Feature", "id": 1889, "geometry": {"type": "LineString", "coordinates": [[-6.245294865163944, 53.339173590866956], [-6.245350423398466, 53.33919346378923], [-6.2454040295835185, 53.33921263746001], [-6.246238881418904, 53.33951125013121], [-6.246277837396851, 53.339518196284686]]}, "properties": {"FID": 1889, "BIKE": "BIKE_LANE", "Shape_Leng": 75.9605970296, "DIR": "Forward"}}, {"type": "Feature", "id": 1916, "geometry": {"type": "LineString", "coordinates": [[-6.273274301622787, 53.35841877488227], [-6.273280929905407, 53.35838166374322], [-6.273305531527908, 53.35824392868189], [-6.273323918392532, 53.358140990017944], [-6.273479020379677, 53.357220677045774], [-6.273494735730608, 53.35694978165794], [-6.273473583287969, 53.3560340583094], [-6.273441702697969, 53.35538722619499], [-6.273418821099729, 53.355126898595294]]}, "properties": {"FID": 1916, "BIKE": "BIKE_LANE", "Shape_Leng": 367.150612155, "DIR": "Forward"}}, {"type": "Feature", "id": 1917, "geometry": {"type": "LineString", "coordinates": [[-6.273418821099729, 53.355126898595294], [-6.2734112369230015, 53.35509461780235], [-6.273400827568111, 53.35505031770804], [-6.2733038336047295, 53.3546374872701], [-6.273153390286926, 53.354411379145866], [-6.27297386215842, 53.354171249074874], [-6.272880215298407, 53.354001944020375], [-6.272832016539581, 53.35374033118108], [-6.272880690397177, 53.353487419783825], [-6.272898242939961, 53.35339144829007]]}, "properties": {"FID": 1917, "BIKE": "BIKE_LANE", "Shape_Leng": 199.578703161, "DIR": "Forward"}}, {"type": "Feature", "id": 1940, "geometry": {"type": "LineString", "coordinates": [[-6.2386642365121565, 53.36103421284403], [-6.238408213392792, 53.361253421688], [-6.238022107710449, 53.36158604039223], [-6.237624719764851, 53.36189130755887], [-6.237323379988898, 53.362157673323914], [-6.2370923229071495, 53.36235854838916], [-6.236829210794375, 53.36261414814989], [-6.23665134496092, 53.36275909773419], [-6.236464732848154, 53.36294588424982], [-6.236386467797671, 53.36297046955611]]}, "properties": {"FID": 1940, "BIKE": "BIKE_LANE", "Shape_Leng": 264.337973391, "DIR": "Forward"}}, {"type": "Feature", "id": 1952, "geometry": {"type": "LineString", "coordinates": [[-6.267989998868904, 53.356290000917866], [-6.268004810616581, 53.35643010564497], [-6.268012798517708, 53.35647560065771]]}, "properties": {"FID": 1952, "BIKE": "BIKE_LANE", "Shape_Leng": 20.7146102265, "DIR": "Forward"}}, {"type": "Feature", "id": 1953, "geometry": {"type": "LineString", "coordinates": [[-6.2806263469157395, 53.359160561353434], [-6.281409999786141, 53.358960000751196], [-6.281600000963816, 53.358900001264224], [-6.282400000367255, 53.35868000102637], [-6.282430000372337, 53.35867000129724], [-6.28278999960375, 53.358580000726704], [-6.282859999441754, 53.35856000025996], [-6.282899999380009, 53.35855000050657], [-6.283380000419736, 53.3584100004111], [-6.284230000904909, 53.358190000845774], [-6.284870000013172, 53.35804000051931], [-6.285420000951788, 53.357930001095355], [-6.285469999696798, 53.357920000349836], [-6.286799999762997, 53.357620000816496], [-6.286929999954423, 53.35759000093863], [-6.287339999291774, 53.357510000902195], [-6.288666022426441, 53.357194912669065]]}, "properties": {"FID": 1953, "BIKE": "BIKE_LANE", "Shape_Leng": 578.707964299, "DIR": "Forward"}}, {"type": "Feature", "id": 1954, "geometry": {"type": "LineString", "coordinates": [[-6.268569999821065, 53.35502000105963], [-6.268510000351399, 53.35513000030795], [-6.268410000089847, 53.35532000086915], [-6.268390000395013, 53.355350000497324]]}, "properties": {"FID": 1954, "BIKE": "BIKE_LANE", "Shape_Leng": 38.6406762965, "DIR": "Forward"}}, {"type": "Feature", "id": 1957, "geometry": {"type": "LineString", "coordinates": [[-6.235311377835138, 53.33212587469575], [-6.235484496058101, 53.3323278434321], [-6.235714496647639, 53.33261784380038], [-6.235874496156941, 53.33284784344545], [-6.235904496102471, 53.332887843111884], [-6.236034496336957, 53.33309784333255], [-6.23638449662767, 53.33357784323747], [-6.236864497783169, 53.334277843293265], [-6.236963695307705, 53.33444449652332]]}, "properties": {"FID": 1957, "BIKE": "BIKE_LANE", "Shape_Leng": 280.709067645, "DIR": "Forward"}}, {"type": "Feature", "id": 1958, "geometry": {"type": "LineString", "coordinates": [[-6.316219999863918, 53.341900001450476], [-6.315702938755394, 53.34194920724883]]}, "properties": {"FID": 1958, "BIKE": "BIKE_LANE", "Shape_Leng": 34.8709606937, "DIR": "Forward"}}, {"type": "Feature", "id": 1959, "geometry": {"type": "LineString", "coordinates": [[-6.346441785910845, 53.33202810921357], [-6.346546163349262, 53.332271635656184], [-6.346575798339806, 53.332451208166766], [-6.346602463916537, 53.332736245358234], [-6.346527585927626, 53.33318178530504], [-6.346474192575665, 53.333444478646236], [-6.3464115206632465, 53.33386099099613], [-6.346409123459794, 53.33400893197878], [-6.346442978191986, 53.33421226166229], [-6.346492980093295, 53.334402262104504], [-6.346632979891432, 53.33481226195244], [-6.34670297985735, 53.33500226170207], [-6.346967978217866, 53.33570675088545]]}, "properties": {"FID": 1959, "BIKE": "BIKE_LANE", "Shape_Leng": 414.858634404, "DIR": "Forward"}}, {"type": "Feature", "id": 1960, "geometry": {"type": "LineString", "coordinates": [[-6.256935779087872, 53.33678754954866], [-6.2571132763709105, 53.33664881795658], [-6.257194892420513, 53.336537803370526], [-6.257244049939757, 53.33646357665984], [-6.25730400981374, 53.336407256595024], [-6.257390243076242, 53.33637629471078], [-6.257475610239697, 53.336365615315344], [-6.257710224535219, 53.3363845923731], [-6.258111900054992, 53.33647329264013]]}, "properties": {"FID": 1960, "BIKE": "BIKE_LANE", "Shape_Leng": 106.06169946, "DIR": "Forward"}}, {"type": "Feature", "id": 1961, "geometry": {"type": "LineString", "coordinates": [[-6.315702938755394, 53.34194920724883], [-6.3156298330331095, 53.34194706244247], [-6.315550231297739, 53.341949542802666]]}, "properties": {"FID": 1961, "BIKE": "BIKE_LANE", "Shape_Leng": 10.1839381534, "DIR": "Forward"}}, {"type": "Feature", "id": 1964, "geometry": {"type": "LineString", "coordinates": [[-6.2126504711313695, 53.31893976241069], [-6.212520000091811, 53.31886000067553], [-6.212340000630637, 53.31878000071094]]}, "properties": {"FID": 1964, "BIKE": "BIKE_LANE", "Shape_Leng": 27.3641143766, "DIR": "Forward"}}, {"type": "Feature", "id": 1966, "geometry": {"type": "LineString", "coordinates": [[-6.288666022426441, 53.357194912669065], [-6.288825988140182, 53.35715635513304]]}, "properties": {"FID": 1966, "BIKE": "BIKE_LANE", "Shape_Leng": 11.4825359615, "DIR": "Forward"}}, {"type": "Feature", "id": 1967, "geometry": {"type": "LineString", "coordinates": [[-6.2905699995955615, 53.35691000112722], [-6.290779999516787, 53.35684000118726], [-6.290949999565342, 53.35675000029146], [-6.291310000485283, 53.35652000050177], [-6.292399999696948, 53.355780000588126]]}, "properties": {"FID": 1967, "BIKE": "BIKE_LANE", "Shape_Leng": 175.957182242, "DIR": "Forward"}}, {"type": "Feature", "id": 1968, "geometry": {"type": "LineString", "coordinates": [[-6.325170000151163, 53.36363000027227], [-6.324930000599534, 53.3638200013859], [-6.324369999745521, 53.36423000073708], [-6.324159999422786, 53.36436000060063], [-6.32362999927515, 53.36466000110804], [-6.32326000005886, 53.364820000666626], [-6.323039999783972, 53.36489000066924], [-6.3222099995940235, 53.36511000095934], [-6.322060000592009, 53.365190000991504]]}, "properties": {"FID": 1968, "BIKE": "BIKE_LANE", "Shape_Leng": 274.908024965, "DIR": "Forward"}}, {"type": "Feature", "id": 1969, "geometry": {"type": "LineString", "coordinates": [[-6.263839999201, 53.39304000090131], [-6.263879999712472, 53.39333000131566]]}, "properties": {"FID": 1969, "BIKE": "BIKE_LANE", "Shape_Leng": 32.3841913946, "DIR": "Forward"}}, {"type": "Feature", "id": 1970, "geometry": {"type": "LineString", "coordinates": [[-6.26425000042794, 53.394370001126646], [-6.264269999961471, 53.394870001014276]]}, "properties": {"FID": 1970, "BIKE": "BIKE_LANE", "Shape_Leng": 55.661814805, "DIR": "Forward"}}, {"type": "Feature", "id": 1971, "geometry": {"type": "LineString", "coordinates": [[-6.264050000979738, 53.39638000062605], [-6.264029999829863, 53.396720001445495]]}, "properties": {"FID": 1971, "BIKE": "BIKE_LANE", "Shape_Leng": 37.8627166798, "DIR": "Forward"}}, {"type": "Feature", "id": 1972, "geometry": {"type": "LineString", "coordinates": [[-6.26403999961877, 53.39440000087787], [-6.2640699993729685, 53.39471000151196], [-6.264089999158541, 53.39510000127205]]}, "properties": {"FID": 1972, "BIKE": "BIKE_LANE", "Shape_Leng": 77.9823997928, "DIR": "Forward"}}, {"type": "Feature", "id": 1973, "geometry": {"type": "LineString", "coordinates": [[-6.2640000000478935, 53.39414000088261], [-6.26403999961877, 53.39440000087787]]}, "properties": {"FID": 1973, "BIKE": "BIKE_LANE", "Shape_Leng": 29.0579679607, "DIR": "Forward"}}, {"type": "Feature", "id": 1974, "geometry": {"type": "LineString", "coordinates": [[-6.264360000899882, 53.390290000726246], [-6.264159999573084, 53.390790000672396], [-6.264089999581158, 53.391120000803895], [-6.264060000195375, 53.39158000060217], [-6.264059999265181, 53.39187000080573]]}, "properties": {"FID": 1974, "BIKE": "BIKE_LANE", "Shape_Leng": 177.742713374, "DIR": "Forward"}}, {"type": "Feature", "id": 1975, "geometry": {"type": "LineString", "coordinates": [[-6.264249999190632, 53.39581000041101], [-6.2642300000491, 53.39639000085223]]}, "properties": {"FID": 1975, "BIKE": "BIKE_LANE", "Shape_Leng": 64.5630457053, "DIR": "Forward"}}, {"type": "Feature", "id": 1976, "geometry": {"type": "LineString", "coordinates": [[-6.264029999829863, 53.396720001445495], [-6.263959999911645, 53.397810001064535]]}, "properties": {"FID": 1976, "BIKE": "BIKE_LANE", "Shape_Leng": 121.397462525, "DIR": "Forward"}}, {"type": "Feature", "id": 1977, "geometry": {"type": "LineString", "coordinates": [[-6.263959999911645, 53.397810001064535], [-6.263899999487204, 53.39821000036597], [-6.263759998967176, 53.39919000077412], [-6.2637299997677065, 53.399470001078726], [-6.263739999646119, 53.39969000017452], [-6.263730000187286, 53.39985000086468], [-6.263760000348399, 53.3999900007141], [-6.263799999298943, 53.40015000144045], [-6.263899999853737, 53.4003900009223], [-6.264059999970265, 53.40063000096228], [-6.264169999908634, 53.4007800010026], [-6.26439000051024, 53.40105000140599]]}, "properties": {"FID": 1977, "BIKE": "BIKE_LANE", "Shape_Leng": 369.335620383, "DIR": "Forward"}}, {"type": "Feature", "id": 1978, "geometry": {"type": "LineString", "coordinates": [[-6.264270000211265, 53.39531000070353], [-6.264249999190632, 53.39581000041101]]}, "properties": {"FID": 1978, "BIKE": "BIKE_LANE", "Shape_Leng": 55.6618048339, "DIR": "Forward"}}, {"type": "Feature", "id": 1979, "geometry": {"type": "LineString", "coordinates": [[-6.264070000130232, 53.39315000076037], [-6.2640899998872275, 53.39330000096662]]}, "properties": {"FID": 1979, "BIKE": "BIKE_LANE", "Shape_Leng": 16.7467320834, "DIR": "Forward"}}, {"type": "Feature", "id": 1980, "geometry": {"type": "LineString", "coordinates": [[-6.264170000193835, 53.397480001311244], [-6.264120000556831, 53.397900000724164], [-6.264049999944145, 53.39841000037104], [-6.263999999469842, 53.398800001205004], [-6.263930000709832, 53.39925000112134], [-6.2639000004420415, 53.39944000064415], [-6.263899999529481, 53.39975000068286], [-6.263949999750098, 53.4000200003746], [-6.2640200001821595, 53.400170001306236], [-6.2641299991757995, 53.400360000838766], [-6.264240000667956, 53.40052000093301], [-6.264349999961594, 53.40065000062562], [-6.26448999968198, 53.40083000086528], [-6.2646299996350985, 53.401020001016796]]}, "properties": {"FID": 1980, "BIKE": "BIKE_LANE", "Shape_Leng": 403.977247307, "DIR": "Forward"}}, {"type": "Feature", "id": 1981, "geometry": {"type": "LineString", "coordinates": [[-6.264269999961471, 53.394870001014276], [-6.264270000211265, 53.39531000070353]]}, "properties": {"FID": 1981, "BIKE": "BIKE_LANE", "Shape_Leng": 48.9683833512, "DIR": "Forward"}}, {"type": "Feature", "id": 1982, "geometry": {"type": "LineString", "coordinates": [[-6.264210000273306, 53.39682000164571], [-6.264189999116929, 53.39720000103204], [-6.264170000193835, 53.397480001311244]]}, "properties": {"FID": 1982, "BIKE": "BIKE_LANE", "Shape_Leng": 73.5019196404, "DIR": "Forward"}}, {"type": "Feature", "id": 1983, "geometry": {"type": "LineString", "coordinates": [[-6.264699999333695, 53.38911000106203], [-6.2644700006184175, 53.38956000086063], [-6.264169999776163, 53.39024000116353]]}, "properties": {"FID": 1983, "BIKE": "BIKE_LANE", "Shape_Leng": 130.632937459, "DIR": "Forward"}}, {"type": "Feature", "id": 1984, "geometry": {"type": "LineString", "coordinates": [[-6.2640899998872275, 53.39330000096662], [-6.26420999959927, 53.39411000119044]]}, "properties": {"FID": 1984, "BIKE": "BIKE_LANE", "Shape_Leng": 90.4991791661, "DIR": "Forward"}}, {"type": "Feature", "id": 1985, "geometry": {"type": "LineString", "coordinates": [[-6.264900000389049, 53.38916000047211], [-6.264699999166191, 53.38957000041131], [-6.264360000899882, 53.390290000726246]]}, "properties": {"FID": 1985, "BIKE": "BIKE_LANE", "Shape_Leng": 130.791778194, "DIR": "Forward"}}, {"type": "Feature", "id": 1986, "geometry": {"type": "LineString", "coordinates": [[-6.264169999776163, 53.39024000116353], [-6.264019999167257, 53.39059000112845], [-6.26389000012909, 53.39092000039802], [-6.26381999949874, 53.391220000964296], [-6.263790000839053, 53.391520000898126], [-6.2637900002109905, 53.39186000072543]]}, "properties": {"FID": 1986, "BIKE": "BIKE_LANE", "Shape_Leng": 182.93808884, "DIR": "Forward"}}, {"type": "Feature", "id": 1987, "geometry": {"type": "LineString", "coordinates": [[-6.282630000199686, 53.372230000957245], [-6.283039999565475, 53.37239000028615], [-6.283480000489314, 53.37258000126996]]}, "properties": {"FID": 1987, "BIKE": "BIKE_FRIENDLY_PEDESTRIAN_PATH", "Shape_Leng": 68.7052709588, "DIR": "Forward"}}, {"type": "Feature", "id": 1990, "geometry": {"type": "LineString", "coordinates": [[-6.231908967866464, 53.319224936746345], [-6.231778795052632, 53.3191305832592], [-6.2314281927026185, 53.3189003702372], [-6.23110908180338, 53.31866593405103], [-6.230800742122308, 53.31845509705966], [-6.2303445905683965, 53.31812721420518], [-6.230070205323413, 53.3179473490167]]}, "properties": {"FID": 1990, "BIKE": "BIKE_LANE", "Shape_Leng": 187.749694498, "DIR": "Forward"}}, {"type": "Feature", "id": 2011, "geometry": {"type": "LineString", "coordinates": [[-6.23927239873635, 53.3810554258994], [-6.238982400223233, 53.38135542588728], [-6.238602398934283, 53.38174542590624], [-6.237832400226013, 53.38269542573028], [-6.237398189951198, 53.38335059193699], [-6.237018819033449, 53.38393257212956], [-6.236872358092363, 53.38417199609762], [-6.236655201369773, 53.38436349985968], [-6.236295202553308, 53.3845934998929], [-6.236034442080158, 53.38472944635093], [-6.235784442215904, 53.38481944596798], [-6.2354114405065015, 53.384935002601694], [-6.234704774941156, 53.3851096719379], [-6.233452825899129, 53.38538829288177], [-6.2330342106086, 53.38546711488043], [-6.23243092879668, 53.3855580833353], [-6.231291242741936, 53.385683425315044], [-6.230742725237148, 53.385699000163456], [-6.23029608120007, 53.38571338926404], [-6.23014168373761, 53.38572079720026], [-6.229643729869098, 53.38573388373544], [-6.229079552379132, 53.38571420102168], [-6.22900933289493, 53.385712620764316], [-6.2281754374750635, 53.38567815655125], [-6.227329356270876, 53.38561172088352], [-6.227022419816172, 53.38558184155762], [-6.226710506154767, 53.385541651837386], [-6.22614933863018, 53.385471359165166], [-6.225573624383147, 53.38538253071669], [-6.2251693335752645, 53.38531025571286], [-6.224591433813903, 53.385187449993964], [-6.223967833493527, 53.385058573962326], [-6.222737308269933, 53.38483338429397], [-6.221728922619547, 53.384683681511305], [-6.22092388753715, 53.38458441010847], [-6.219851400733465, 53.384481144611804], [-6.2191917884295895, 53.38443844257414], [-6.218063727110176, 53.38437150392975], [-6.2175610343361605, 53.38434729793662], [-6.216800040984024, 53.384311167792674], [-6.216551127018294, 53.38429934861014], [-6.216494071831649, 53.38431679587871], [-6.216444779272188, 53.38434483028184], [-6.216400318608802, 53.3843512116792], [-6.216275380143431, 53.384332904413405], [-6.21624252538702, 53.38432008260159], [-6.216232511795354, 53.384296813699095]]}, "properties": {"FID": 2011, "BIKE": "BIKE_LANE", "Shape_Leng": 1826.08694139, "DIR": "Forward"}}, {"type": "Feature", "id": 2012, "geometry": {"type": "LineString", "coordinates": [[-6.328210986556751, 53.370807881560225], [-6.328006596136981, 53.3707820359475], [-6.326736135777727, 53.37038008334053], [-6.324956127937248, 53.36983008756291], [-6.3236361232261284, 53.36938009061303], [-6.322346117388428, 53.36897009360722], [-6.32098611203131, 53.36850009681942], [-6.320916110928114, 53.368480096925836], [-6.320606109809698, 53.36838009894607], [-6.320246108955042, 53.36828009925679], [-6.32008610782815, 53.36823009920227], [-6.319716107175875, 53.36814010099201], [-6.319306106450855, 53.3680501009458], [-6.3184361020070074, 53.36785010466459], [-6.317436099910963, 53.36764010630122], [-6.316836097786183, 53.36751010768509], [-6.316366096666233, 53.367410108579506], [-6.315966095311422, 53.36732011039752], [-6.315496093058424, 53.367210112252536], [-6.315366092391051, 53.367180111443254], [-6.31501609211697, 53.36709011301232], [-6.314606090615835, 53.366980113614076], [-6.313966088413431, 53.366780115693096], [-6.3137660870726355, 53.36671011613398], [-6.312906082564892, 53.36642011828828], [-6.312216079948808, 53.36619012012316], [-6.311386077251151, 53.365910122098335], [-6.30991607139605, 53.36542012515918], [-6.309576069784971, 53.36531012620764], [-6.308656065364658, 53.36500012894534], [-6.307576060800805, 53.36466013098697], [-6.306466056764864, 53.36431013412944], [-6.30552605259065, 53.36400013686128], [-6.3052660520403405, 53.363910138062955], [-6.304766050543394, 53.36374013801666], [-6.304296048292655, 53.36359013986171], [-6.304246048845377, 53.363570140154664], [-6.303736046506511, 53.36340014101998], [-6.3036360455959, 53.36336014197801], [-6.303126043620785, 53.36319014290021], [-6.302786041542472, 53.36307014401628], [-6.302326039294772, 53.36289014513705]]}, "properties": {"FID": 2012, "BIKE": "BIKE_LANE", "Shape_Leng": 1939.26430955, "DIR": "Forward"}}, {"type": "Feature", "id": 2022, "geometry": {"type": "LineString", "coordinates": [[-6.222430000414351, 53.313390001067184], [-6.222589999310373, 53.31350000056826], [-6.222910000139647, 53.313690000797315]]}, "properties": {"FID": 2022, "BIKE": "BIKE_LANE", "Shape_Leng": 46.2686136966, "DIR": "Forward"}}, {"type": "Feature", "id": 2023, "geometry": {"type": "LineString", "coordinates": [[-6.224249999848955, 53.31438000066884], [-6.223890000710668, 53.31426000097881], [-6.223489999073824, 53.31410000093877]]}, "properties": {"FID": 2023, "BIKE": "BIKE_LANE", "Shape_Leng": 59.5189404363, "DIR": "Forward"}}, {"type": "Feature", "id": 2024, "geometry": {"type": "LineString", "coordinates": [[-6.225680000512464, 53.31489000141729], [-6.225439999201991, 53.31479000078945], [-6.224959999882653, 53.31461000046115]]}, "properties": {"FID": 2024, "BIKE": "BIKE_LANE", "Shape_Leng": 57.2315158419, "DIR": "Forward"}}, {"type": "Feature", "id": 2025, "geometry": {"type": "LineString", "coordinates": [[-6.2236869546152285, 53.31397393209619], [-6.224443967736641, 53.314228982478085]]}, "properties": {"FID": 2025, "BIKE": "BIKE_FRIENDLY_PEDESTRIAN_PATH", "Shape_Leng": 57.8902490378, "DIR": "Forward"}}, {"type": "Feature", "id": 2026, "geometry": {"type": "LineString", "coordinates": [[-6.230399654422814, 53.317850081160024], [-6.230770919556246, 53.31809944489064], [-6.231035494226051, 53.318292502311095], [-6.231286245963935, 53.31847095326064], [-6.231625793529373, 53.31871216437952], [-6.231819321461826, 53.3188642213012], [-6.232039757401801, 53.31901496090258], [-6.232155809090542, 53.319116528153046]]}, "properties": {"FID": 2026, "BIKE": "BIKE_FRIENDLY_PEDESTRIAN_PATH", "Shape_Leng": 183.309632479, "DIR": "Forward"}}, {"type": "Feature", "id": 2027, "geometry": {"type": "LineString", "coordinates": [[-6.222910000139647, 53.313690000797315], [-6.223119999956852, 53.313810000633374], [-6.223319999887982, 53.31391000066442], [-6.2236869546152285, 53.31397393209619]]}, "properties": {"FID": 2027, "BIKE": "BIKE_LANE", "Shape_Leng": 62.1814292228, "DIR": "Forward"}}, {"type": "Feature", "id": 2030, "geometry": {"type": "LineString", "coordinates": [[-6.2657276847462215, 53.33768744763339], [-6.264651619101214, 53.33768501592052], [-6.264212756272232, 53.337678631312414], [-6.263785484084317, 53.33768447043918], [-6.263579949476388, 53.33768630204089], [-6.262918761554096, 53.33769837739433], [-6.262741516734055, 53.33767225565064], [-6.26247733204542, 53.3376483773023], [-6.262294671815606, 53.337610234397786], [-6.261745953487829, 53.3374387797737], [-6.260952390104488, 53.337228626264974], [-6.260702827169059, 53.3371618149985], [-6.260570672201962, 53.33711982630408], [-6.260090000616125, 53.33699000131345], [-6.25981195105118, 53.33691307719932], [-6.259404573909776, 53.33680235860527], [-6.2587576835721395, 53.33663113214659], [-6.258111900054992, 53.33647329264013]]}, "properties": {"FID": 2030, "BIKE": "BIKE_LANE", "Shape_Leng": 536.117324982, "DIR": "Forward"}}, {"type": "Feature", "id": 2031, "geometry": {"type": "LineString", "coordinates": [[-6.265692557243992, 53.33755478016908], [-6.265500000104393, 53.33756000080883]]}, "properties": {"FID": 2031, "BIKE": "BIKE_LANE", "Shape_Leng": 12.8396430345, "DIR": "Forward"}}, {"type": "Feature", "id": 2032, "geometry": {"type": "LineString", "coordinates": [[-6.260836283223578, 53.337055409676815], [-6.261178133879886, 53.33715703312408], [-6.26255245414722, 53.33750232323486]]}, "properties": {"FID": 2032, "BIKE": "BIKE_LANE", "Shape_Leng": 124.709417243, "DIR": "Forward"}}, {"type": "Feature", "id": 2033, "geometry": {"type": "LineString", "coordinates": [[-6.264730000717814, 53.33763000097475], [-6.26459999930112, 53.33763000105805]]}, "properties": {"FID": 2033, "BIKE": "BIKE_LANE", "Shape_Leng": 8.65955640632, "DIR": "Forward"}}, {"type": "Feature", "id": 2034, "geometry": {"type": "LineString", "coordinates": [[-6.266419733936157, 53.33763269366796], [-6.265885206800223, 53.33767363165047]]}, "properties": {"FID": 2034, "BIKE": "BIKE_LANE", "Shape_Leng": 35.8957964715, "DIR": "Forward"}}, {"type": "Feature", "id": 2035, "geometry": {"type": "LineString", "coordinates": [[-6.264760000007508, 53.33755000084443], [-6.26461000083534, 53.33755000127627]]}, "properties": {"FID": 2035, "BIKE": "BIKE_LANE", "Shape_Leng": 9.99165049045, "DIR": "Forward"}}, {"type": "Feature", "id": 2036, "geometry": {"type": "LineString", "coordinates": [[-6.183830000369387, 53.40029000095014], [-6.183219999470237, 53.40067000089167]]}, "properties": {"FID": 2036, "BIKE": "BIKE_LANE", "Shape_Leng": 58.6072531527, "DIR": "Forward"}}, {"type": "Feature", "id": 2039, "geometry": {"type": "LineString", "coordinates": [[-6.272369999578792, 53.33995000130175], [-6.272319999805001, 53.34009000132263], [-6.272320000318015, 53.34022000080426], [-6.272350000769278, 53.34039000036584], [-6.272370000355572, 53.34053000109849], [-6.27237999899667, 53.34059000127924]]}, "properties": {"FID": 2039, "BIKE": "BIKE_LANE", "Shape_Leng": 71.7732085438, "DIR": "Forward"}}, {"type": "Feature", "id": 2042, "geometry": {"type": "LineString", "coordinates": [[-6.272379999722649, 53.34097000040431], [-6.272360000009786, 53.34122000164595], [-6.272350000117277, 53.341490001508475]]}, "properties": {"FID": 2042, "BIKE": "BIKE_LANE", "Shape_Leng": 57.9105513698, "DIR": "Forward"}}, {"type": "Feature", "id": 2045, "geometry": {"type": "LineString", "coordinates": [[-6.2723500000796895, 53.34188000073605], [-6.272349999553372, 53.342090000579695], [-6.2723200001993575, 53.342230000777995]]}, "properties": {"FID": 2045, "BIKE": "BIKE_LANE", "Shape_Leng": 39.079358627, "DIR": "Forward"}}, {"type": "Feature", "id": 2051, "geometry": {"type": "LineString", "coordinates": [[-6.232419999053098, 53.32984000077258], [-6.232229999729675, 53.32972000101195], [-6.232020000277933, 53.32959000088041], [-6.2319799994181215, 53.329570000743196], [-6.2317399995115235, 53.3294500006084], [-6.231480000669221, 53.3293300009902], [-6.231369423484528, 53.32928979148063], [-6.231260000274254, 53.32925000074915], [-6.231070000776872, 53.32918000122063], [-6.230970000561158, 53.32914000121283], [-6.230549999484752, 53.32897000091509]]}, "properties": {"FID": 2051, "BIKE": "BIKE_LANE", "Shape_Leng": 158.510188094, "DIR": "Forward"}}, {"type": "Feature", "id": 2052, "geometry": {"type": "LineString", "coordinates": [[-6.345681667336142, 53.32590597208809], [-6.345945256864082, 53.325816842133776]]}, "properties": {"FID": 2052, "BIKE": "BIKE_LANE", "Shape_Leng": 20.1701505572, "DIR": "Forward"}}, {"type": "Feature", "id": 2056, "geometry": {"type": "LineString", "coordinates": [[-6.268040000518307, 53.35606000153211], [-6.2680000002291365, 53.35616000124505], [-6.267989998868904, 53.356290000917866]]}, "properties": {"FID": 2056, "BIKE": "BIKE_LANE", "Shape_Leng": 25.9264422193, "DIR": "Forward"}}, {"type": "Feature", "id": 2058, "geometry": {"type": "LineString", "coordinates": [[-6.30036673872887, 53.29963445112824], [-6.29960875714378, 53.30015498677464], [-6.299283036193742, 53.3004063642288], [-6.29872590930247, 53.30076566334865], [-6.298292927314214, 53.301134380357894], [-6.297618136610534, 53.301640809905784], [-6.297354669663788, 53.30184390400248], [-6.297114743751318, 53.301954724526674], [-6.29691590957296, 53.302085663507505], [-6.296505908975526, 53.30232566429929], [-6.295205909333017, 53.30310566463405], [-6.293970544142328, 53.30390846262897], [-6.293888227132739, 53.30395142930925], [-6.293316877953469, 53.304303300579114], [-6.292467042904093, 53.30482361847482], [-6.291938421616432, 53.305142987233154], [-6.290816475575582, 53.30584424762241], [-6.289886281807647, 53.306414437484804], [-6.2897609262030985, 53.306496788569746], [-6.289075910826838, 53.30690566628167], [-6.288025911020913, 53.30755566695029], [-6.287685910867559, 53.30776566687989], [-6.28680590968083, 53.30829566759273], [-6.28649591046032, 53.30848566691149], [-6.285925910500371, 53.30883566752234], [-6.285125910968593, 53.309335667308765], [-6.284885910995318, 53.30948566782995], [-6.2847359112217775, 53.30956566843499], [-6.284635910941065, 53.30960566816863], [-6.284445909945748, 53.30965566772792], [-6.284095910613517, 53.30974566778028], [-6.283885909861061, 53.309795668126156], [-6.283757623211639, 53.30982877517287]]}, "properties": {"FID": 2058, "BIKE": "BIKE_LANE", "Shape_Leng": 1592.26969919, "DIR": "Forward"}}, {"type": "Feature", "id": 2059, "geometry": {"type": "LineString", "coordinates": [[-6.303870000869932, 53.35707000061885], [-6.304009999652361, 53.357330001210244], [-6.304370000083153, 53.357890001191095], [-6.304479999757197, 53.35800000043193], [-6.306060000109358, 53.359030000960196], [-6.306369999936464, 53.35921000045333], [-6.306919999732429, 53.359530001120646], [-6.30839999964568, 53.360430001309474], [-6.309119999789875, 53.3608600015345], [-6.309349999910238, 53.36099000054526], [-6.309520000054191, 53.36106000072259], [-6.309840000578569, 53.36120000109035], [-6.310159999983862, 53.36137000080114], [-6.310649999793397, 53.36155000040788], [-6.3114900004372565, 53.36187000136999], [-6.312300000254823, 53.362190000754985], [-6.313160000302016, 53.36249000103451], [-6.313879999719709, 53.36272000101858], [-6.314650000606954, 53.363020001303276], [-6.315069999368138, 53.363170001173415], [-6.315829999591861, 53.363420000483146], [-6.318149999152173, 53.36427000122795], [-6.318339999634349, 53.364320000738985], [-6.319189999765293, 53.36460000102761], [-6.319329999817481, 53.36464000108499], [-6.319910000109167, 53.364820000021574], [-6.320399999292171, 53.36493000081079], [-6.320789999596386, 53.36499000153302], [-6.322060000592009, 53.365190000991504]]}, "properties": {"FID": 2059, "BIKE": "BIKE_LANE", "Shape_Leng": 1548.49791856, "DIR": "Forward"}}, {"type": "Feature", "id": 2060, "geometry": {"type": "LineString", "coordinates": [[-6.296269999226663, 53.35334000111621], [-6.296879999649067, 53.3529500003231], [-6.297399999846058, 53.35263000101056], [-6.297789999629035, 53.35241000117421], [-6.297939999995185, 53.352310000739784], [-6.297999999680562, 53.352260001296365]]}, "properties": {"FID": 2060, "BIKE": "BIKE_LANE", "Shape_Leng": 166.61076197, "DIR": "Forward"}}, {"type": "Feature", "id": 2062, "geometry": {"type": "LineString", "coordinates": [[-6.268390000395013, 53.355350000497324], [-6.268310000089758, 53.355490001051514]]}, "properties": {"FID": 2062, "BIKE": "BIKE_LANE", "Shape_Leng": 16.4661885842, "DIR": "Forward"}}, {"type": "Feature", "id": 2063, "geometry": {"type": "LineString", "coordinates": [[-6.268249999229507, 53.355600001048344], [-6.26804999979481, 53.35603000061682], [-6.268040000518307, 53.35606000153211]]}, "properties": {"FID": 2063, "BIKE": "BIKE_LANE", "Shape_Leng": 53.0779195344, "DIR": "Forward"}}, {"type": "Feature", "id": 2065, "geometry": {"type": "LineString", "coordinates": [[-6.269535860430834, 53.35042000835043], [-6.26966543339624, 53.35053790225966], [-6.269714936413677, 53.350634995004995], [-6.269733028541834, 53.3506594650086], [-6.269810920147524, 53.35100150309053], [-6.269807092936495, 53.35115488784887], [-6.269828026649392, 53.35120214880559]]}, "properties": {"FID": 2065, "BIKE": "BIKE_LANE", "Shape_Leng": 90.9095387109, "DIR": "Forward"}}, {"type": "Feature", "id": 2066, "geometry": {"type": "LineString", "coordinates": [[-6.266440240424766, 53.371862000774655], [-6.266650849587075, 53.37166112776469], [-6.267105345059603, 53.371314342346786], [-6.26772999987076, 53.37084000114278], [-6.268382951269989, 53.370288784286934]]}, "properties": {"FID": 2066, "BIKE": "BIKE_LANE", "Shape_Leng": 217.800655901, "DIR": "Forward"}}, {"type": "Feature", "id": 2067, "geometry": {"type": "LineString", "coordinates": [[-6.292399999696948, 53.355780000588126], [-6.292919999868297, 53.35543000129892], [-6.293689999731296, 53.354970001061815]]}, "properties": {"FID": 2067, "BIKE": "BIKE_LANE", "Shape_Leng": 124.567417132, "DIR": "Forward"}}, {"type": "Feature", "id": 2068, "geometry": {"type": "LineString", "coordinates": [[-6.265885206800223, 53.33767363165047], [-6.2657276847462215, 53.33768744763339]]}, "properties": {"FID": 2068, "BIKE": "BIKE_LANE", "Shape_Leng": 10.6047857545, "DIR": "Forward"}}, {"type": "Feature", "id": 2069, "geometry": {"type": "LineString", "coordinates": [[-6.286479999163598, 53.37612000107601], [-6.286330000238257, 53.37578000054008], [-6.286070000239695, 53.375190001509885], [-6.285870000891521, 53.374730000164185], [-6.285639999512567, 53.37437000072849], [-6.285260000217573, 53.373970000701284], [-6.284760000631986, 53.37359000069454], [-6.284330000795123, 53.3732900007553]]}, "properties": {"FID": 2069, "BIKE": "BIKE_FRIENDLY_PEDESTRIAN_PATH", "Shape_Leng": 351.808927843, "DIR": "Forward"}}, {"type": "Feature", "id": 2071, "geometry": {"type": "LineString", "coordinates": [[-6.32978999968685, 53.32390000149658], [-6.330119999965669, 53.32389000082102]]}, "properties": {"FID": 2071, "BIKE": "BIKE_LANE", "Shape_Leng": 22.0166765239, "DIR": "Forward"}}, {"type": "Feature", "id": 2073, "geometry": {"type": "LineString", "coordinates": [[-6.272189999925692, 53.34193000072014], [-6.272190000162915, 53.341880000799975], [-6.272200000994193, 53.3416600008991]]}, "properties": {"FID": 2073, "BIKE": "BIKE_LANE", "Shape_Leng": 30.0575387356, "DIR": "Forward"}}, {"type": "Feature", "id": 2074, "geometry": {"type": "LineString", "coordinates": [[-6.29199000083566, 53.38240000116616], [-6.2923600007376015, 53.38268000161465], [-6.293279999867405, 53.3834300009687], [-6.294100000743348, 53.384080001198875]]}, "properties": {"FID": 2074, "BIKE": "BIKE_FRIENDLY_PEDESTRIAN_PATH", "Shape_Leng": 233.833369375, "DIR": "Forward"}}, {"type": "Feature", "id": 2077, "geometry": {"type": "LineString", "coordinates": [[-6.268012798517708, 53.35647560065771], [-6.268015430670733, 53.35671973290175]]}, "properties": {"FID": 2077, "BIKE": "BIKE_LANE", "Shape_Leng": 27.1703090859, "DIR": "Forward"}}, {"type": "Feature", "id": 2079, "geometry": {"type": "LineString", "coordinates": [[-6.22075000016769, 53.31165000053822], [-6.220122431219485, 53.31109979833488]]}, "properties": {"FID": 2079, "BIKE": "BIKE_LANE", "Shape_Leng": 74.1560910202, "DIR": "Forward"}}, {"type": "Feature", "id": 2080, "geometry": {"type": "LineString", "coordinates": [[-6.265989999578246, 53.337560000886164], [-6.266192406968982, 53.337556982689655], [-6.2663778462008795, 53.33756190035604]]}, "properties": {"FID": 2080, "BIKE": "BIKE_LANE", "Shape_Leng": 25.8512843869, "DIR": "Forward"}}, {"type": "Feature", "id": 2081, "geometry": {"type": "LineString", "coordinates": [[-6.2646299996350985, 53.401020001016796], [-6.264800000610705, 53.40120000106026], [-6.264919999723787, 53.40135000100156], [-6.26502999911563, 53.40151000117574], [-6.265120000277629, 53.40172000045046]]}, "properties": {"FID": 2081, "BIKE": "BIKE_FRIENDLY_PEDESTRIAN_PATH", "Shape_Leng": 84.8838491592, "DIR": "Forward"}}, {"type": "Feature", "id": 2083, "geometry": {"type": "LineString", "coordinates": [[-6.297720000476185, 53.38688000069126], [-6.298300000230896, 53.387300000696726]]}, "properties": {"FID": 2083, "BIKE": "BIKE_FRIENDLY_PEDESTRIAN_PATH", "Shape_Leng": 60.6134337008, "DIR": "Forward"}}, {"type": "Feature", "id": 2084, "geometry": {"type": "LineString", "coordinates": [[-6.345463229886718, 53.32597253143598], [-6.345544893152533, 53.32594764824229], [-6.345681667336142, 53.32590597208809]]}, "properties": {"FID": 2084, "BIKE": "BIKE_LANE", "Shape_Leng": 16.3307002737, "DIR": "Forward"}}, {"type": "Feature", "id": 2087, "geometry": {"type": "LineString", "coordinates": [[-6.34101999990822, 53.323640000980326], [-6.343489999585628, 53.32358000087894]]}, "properties": {"FID": 2087, "BIKE": "BIKE_LANE", "Shape_Leng": 164.7167676, "DIR": "Forward"}}, {"type": "Feature", "id": 2088, "geometry": {"type": "LineString", "coordinates": [[-6.220521836881541, 53.31092229625888], [-6.220632140763001, 53.31111826816322], [-6.220901128730107, 53.31146158084265]]}, "properties": {"FID": 2088, "BIKE": "BIKE_LANE", "Shape_Leng": 65.2209366593, "DIR": "Forward"}}, {"type": "Feature", "id": 2089, "geometry": {"type": "LineString", "coordinates": [[-6.289389999440104, 53.38085000075091], [-6.289999999878934, 53.381180000840224], [-6.290899999757962, 53.38170000057562], [-6.291370000546506, 53.38198000162644]]}, "properties": {"FID": 2089, "BIKE": "BIKE_FRIENDLY_PEDESTRIAN_PATH", "Shape_Leng": 182.170167417, "DIR": "Forward"}}, {"type": "Feature", "id": 2091, "geometry": {"type": "LineString", "coordinates": [[-6.271673892954579, 53.34282574242948], [-6.271701316481344, 53.34279408542537], [-6.271721539362006, 53.3427755518974], [-6.271759999267028, 53.342720000791815], [-6.2718299997106675, 53.34262000108745], [-6.271960000127604, 53.34246000117442], [-6.272050000260579, 53.342350001439925], [-6.272139999529242, 53.342210001133935], [-6.272180000241517, 53.34207000111257]]}, "properties": {"FID": 2091, "BIKE": "BIKE_LANE", "Shape_Leng": 91.12170855, "DIR": "Forward"}}, {"type": "Feature", "id": 2093, "geometry": {"type": "LineString", "coordinates": [[-6.272180000241517, 53.34207000111257], [-6.272189999925692, 53.34193000072014]]}, "properties": {"FID": 2093, "BIKE": "BIKE_LANE", "Shape_Leng": 15.5949761958, "DIR": "Forward"}}, {"type": "Feature", "id": 2094, "geometry": {"type": "LineString", "coordinates": [[-6.182589999969837, 53.40079000053518], [-6.182330000682941, 53.40095000104237]]}, "properties": {"FID": 2094, "BIKE": "BIKE_LANE", "Shape_Leng": 24.8225027389, "DIR": "Forward"}}, {"type": "Feature", "id": 2095, "geometry": {"type": "LineString", "coordinates": [[-6.182569999827739, 53.40104000069316], [-6.18183000076454, 53.40145000054262], [-6.181329999417678, 53.401740000658066], [-6.180779999624093, 53.40208000094835]]}, "properties": {"FID": 2095, "BIKE": "BIKE_LANE", "Shape_Leng": 166.09163415, "DIR": "Forward"}}, {"type": "Feature", "id": 2096, "geometry": {"type": "LineString", "coordinates": [[-6.180029999792356, 53.40245000102818], [-6.180489999049645, 53.40208000065872]]}, "properties": {"FID": 2096, "BIKE": "BIKE_LANE", "Shape_Leng": 51.3006716947, "DIR": "Forward"}}, {"type": "Feature", "id": 2097, "geometry": {"type": "LineString", "coordinates": [[-6.223489999073824, 53.31410000093877], [-6.223279999442752, 53.314010000826904], [-6.2230000001951185, 53.313870000428984], [-6.222789999134784, 53.31376000154571]]}, "properties": {"FID": 2097, "BIKE": "BIKE_LANE", "Shape_Leng": 60.1164811711, "DIR": "Forward"}}, {"type": "Feature", "id": 2098, "geometry": {"type": "LineString", "coordinates": [[-6.308852933501741, 53.34211045917438], [-6.309153029954194, 53.34213724207223], [-6.309530568946973, 53.34215723541438], [-6.309954779908424, 53.34218690102488], [-6.310181869357783, 53.34220363569526], [-6.310381096311785, 53.34221096302641], [-6.3116937303883365, 53.34228812135902], [-6.312205605190097, 53.34233816848277], [-6.312425036970627, 53.34235817004675], [-6.3127588225594815, 53.34238992607732], [-6.313347546911365, 53.34240050279237], [-6.3135925463903675, 53.34239270140293], [-6.313751277588106, 53.34237692213737], [-6.313811875440886, 53.342367640077384], [-6.313984618847299, 53.34233065530183], [-6.314164797661443, 53.342296028645706], [-6.314876813672939, 53.34213937181677], [-6.315099043992567, 53.34208844017247], [-6.315258217421906, 53.34206140043846], [-6.315313596018755, 53.34205039371275], [-6.315630327018565, 53.34200543598771], [-6.31617358933766, 53.34195041202361]]}, "properties": {"FID": 2098, "BIKE": "BIKE_LANE", "Shape_Leng": 497.053749373, "DIR": "Bi-Directional"}}, {"type": "Feature", "id": 2099, "geometry": {"type": "LineString", "coordinates": [[-6.257366264720157, 53.33613303748612], [-6.258075409503682, 53.336336499763675], [-6.26000528013742, 53.33682831680858], [-6.26025837086933, 53.33688427301346], [-6.2607370867154115, 53.33702339399994], [-6.260836283223578, 53.337055409676815]]}, "properties": {"FID": 2099, "BIKE": "BIKE_LANE", "Shape_Leng": 253.03478658, "DIR": "Forward"}}, {"type": "Feature", "id": 2100, "geometry": {"type": "LineString", "coordinates": [[-6.343489999585628, 53.32358000087894], [-6.344139999983536, 53.32357000073841]]}, "properties": {"FID": 2100, "BIKE": "BIKE_LANE", "Shape_Leng": 43.325237693, "DIR": "Forward"}}, {"type": "Feature", "id": 2101, "geometry": {"type": "LineString", "coordinates": [[-6.342916316412423, 53.32665273237817], [-6.343249000054425, 53.32655522147389], [-6.344438999816455, 53.32623522132016], [-6.344979137677422, 53.32610996422844]]}, "properties": {"FID": 2101, "BIKE": "BIKE_LANE", "Shape_Leng": 150.191193882, "DIR": "Forward"}}, {"type": "Feature", "id": 2103, "geometry": {"type": "LineString", "coordinates": [[-6.2640699997907285, 53.39587000085251], [-6.264050000979738, 53.39638000062605]]}, "properties": {"FID": 2103, "BIKE": "BIKE_LANE", "Shape_Leng": 56.7744225481, "DIR": "Forward"}}, {"type": "Feature", "id": 2104, "geometry": {"type": "LineString", "coordinates": [[-6.181559999487638, 53.401400000754066], [-6.182330000682941, 53.40095000104237]]}, "properties": {"FID": 2104, "BIKE": "BIKE_LANE", "Shape_Leng": 71.6325659472, "DIR": "Forward"}}, {"type": "Feature", "id": 2106, "geometry": {"type": "LineString", "coordinates": [[-6.2723200001993575, 53.342230000777995], [-6.27231999954689, 53.34225000109609]]}, "properties": {"FID": 2106, "BIKE": "BIKE_LANE", "Shape_Leng": 2.22585028178, "DIR": "Forward"}}, {"type": "Feature", "id": 2107, "geometry": {"type": "LineString", "coordinates": [[-6.185149999285795, 53.39931000110164], [-6.184549999560282, 53.39980000121913]]}, "properties": {"FID": 2107, "BIKE": "BIKE_LANE", "Shape_Leng": 67.5774139034, "DIR": "Forward"}}, {"type": "Feature", "id": 2109, "geometry": {"type": "LineString", "coordinates": [[-6.336879999930273, 53.32382000101033], [-6.336679999227618, 53.323830000524055], [-6.336390000494625, 53.323840001099704]]}, "properties": {"FID": 2109, "BIKE": "BIKE_LANE", "Shape_Leng": 32.7279845856, "DIR": "Forward"}}, {"type": "Feature", "id": 2110, "geometry": {"type": "LineString", "coordinates": [[-6.336390000494625, 53.323840001099704], [-6.335699999795896, 53.323860001438895]]}, "properties": {"FID": 2110, "BIKE": "BIKE_LANE", "Shape_Leng": 46.0298650022, "DIR": "Forward"}}, {"type": "Feature", "id": 2111, "geometry": {"type": "LineString", "coordinates": [[-6.265692557243992, 53.33755478016908], [-6.2658493340075125, 53.33755228831803]]}, "properties": {"FID": 2111, "BIKE": "BIKE_LANE", "Shape_Leng": 10.4467936489, "DIR": "Forward"}}, {"type": "Feature", "id": 2116, "geometry": {"type": "LineString", "coordinates": [[-6.264059999265181, 53.39187000080573], [-6.26405000089392, 53.39235000130776], [-6.264039999516065, 53.39271000054465], [-6.264070000130232, 53.39315000076037]]}, "properties": {"FID": 2116, "BIKE": "BIKE_LANE", "Shape_Leng": 142.503840353, "DIR": "Forward"}}, {"type": "Feature", "id": 2117, "geometry": {"type": "LineString", "coordinates": [[-6.272379999051939, 53.34064000031329], [-6.272379999722649, 53.34097000040431]]}, "properties": {"FID": 2117, "BIKE": "BIKE_LANE", "Shape_Leng": 36.725946762, "DIR": "Forward"}}, {"type": "Feature", "id": 2121, "geometry": {"type": "LineString", "coordinates": [[-6.226010161457301, 53.31479156538667], [-6.226259914068774, 53.31493028994647]]}, "properties": {"FID": 2121, "BIKE": "BIKE_LANE", "Shape_Leng": 22.7029510173, "DIR": "Forward"}}, {"type": "Feature", "id": 2123, "geometry": {"type": "LineString", "coordinates": [[-6.185619999546588, 53.3970900013283], [-6.186221659802134, 53.39713482053477], [-6.186510900740329, 53.397107330500425]]}, "properties": {"FID": 2123, "BIKE": "BIKE_FRIENDLY_PEDESTRIAN_PATH", "Shape_Leng": 59.8136772106, "DIR": "Forward"}}, {"type": "Feature", "id": 2124, "geometry": {"type": "LineString", "coordinates": [[-6.341019999988424, 53.32373000000143], [-6.340080000528958, 53.32375000077955]]}, "properties": {"FID": 2124, "BIKE": "BIKE_LANE", "Shape_Leng": 62.6735442534, "DIR": "Forward"}}, {"type": "Feature", "id": 2126, "geometry": {"type": "LineString", "coordinates": [[-6.280259999490276, 53.37077000088288], [-6.2809499997768095, 53.3713300008651], [-6.281459999517323, 53.37168000106098], [-6.281809999403358, 53.371880000356114], [-6.282329999527755, 53.372110001042195]]}, "properties": {"FID": 2126, "BIKE": "BIKE_FRIENDLY_PEDESTRIAN_PATH", "Shape_Leng": 204.350224518, "DIR": "Forward"}}, {"type": "Feature", "id": 2127, "geometry": {"type": "LineString", "coordinates": [[-6.272219999913984, 53.34053000126415], [-6.272199999907117, 53.340460001664255], [-6.272189999780614, 53.340320001007875], [-6.272189999360321, 53.34020000079533], [-6.2722200001924895, 53.34007000168007], [-6.272289999693414, 53.33992000084966]]}, "properties": {"FID": 2127, "BIKE": "BIKE_LANE", "Shape_Leng": 68.7909176221, "DIR": "Forward"}}, {"type": "Feature", "id": 2129, "geometry": {"type": "LineString", "coordinates": [[-6.307129999503803, 53.39882000100645], [-6.307889999080309, 53.39978000065756], [-6.308510000392162, 53.40055000023304]]}, "properties": {"FID": 2129, "BIKE": "BIKE_FRIENDLY_PEDESTRIAN_PATH", "Shape_Leng": 213.295283634, "DIR": "Forward"}}, {"type": "Feature", "id": 2130, "geometry": {"type": "LineString", "coordinates": [[-6.336670000098664, 53.32373000033772], [-6.338890000413439, 53.32370000060007]]}, "properties": {"FID": 2130, "BIKE": "BIKE_LANE", "Shape_Leng": 147.960803071, "DIR": "Forward"}}, {"type": "Feature", "id": 2132, "geometry": {"type": "LineString", "coordinates": [[-6.2833099998395605, 53.37261000108108], [-6.282889999068245, 53.37243000061428], [-6.282240000747955, 53.3721800006817]]}, "properties": {"FID": 2132, "BIKE": "BIKE_FRIENDLY_PEDESTRIAN_PATH", "Shape_Leng": 85.8269933133, "DIR": "Forward"}}, {"type": "Feature", "id": 2135, "geometry": {"type": "LineString", "coordinates": [[-6.186980000239721, 53.39734000113967], [-6.186999999221287, 53.39737000082277], [-6.187010000660667, 53.39743000029821]]}, "properties": {"FID": 2135, "BIKE": "BIKE_FRIENDLY_PEDESTRIAN_PATH", "Shape_Leng": 10.3046555361, "DIR": "Forward"}}, {"type": "Feature", "id": 2137, "geometry": {"type": "LineString", "coordinates": [[-6.183219999470237, 53.40067000089167], [-6.182569999827739, 53.40104000069316]]}, "properties": {"FID": 2137, "BIKE": "BIKE_LANE", "Shape_Leng": 59.7063663866, "DIR": "Forward"}}, {"type": "Feature", "id": 2139, "geometry": {"type": "LineString", "coordinates": [[-6.2725100001482526, 53.33934000054303], [-6.272478397856548, 53.33907666686248], [-6.272461137635268, 53.33891270483819]]}, "properties": {"FID": 2139, "BIKE": "BIKE_LANE", "Shape_Leng": 47.6657135211, "DIR": "Forward"}}, {"type": "Feature", "id": 2140, "geometry": {"type": "LineString", "coordinates": [[-6.26255245414722, 53.33750232323486], [-6.262999999910636, 53.33755000059934], [-6.26319999930806, 53.337550001190976]]}, "properties": {"FID": 2140, "BIKE": "BIKE_LANE", "Shape_Leng": 43.6024220112, "DIR": "Forward"}}, {"type": "Feature", "id": 2144, "geometry": {"type": "LineString", "coordinates": [[-6.187160000405525, 53.3969800002267], [-6.187059999650657, 53.39716000073221], [-6.186980000239721, 53.39734000113967]]}, "properties": {"FID": 2144, "BIKE": "BIKE_FRIENDLY_PEDESTRIAN_PATH", "Shape_Leng": 41.8360713035, "DIR": "Forward"}}, {"type": "Feature", "id": 2148, "geometry": {"type": "LineString", "coordinates": [[-6.286019999701523, 53.37467000035256], [-6.2861500003165975, 53.374980000638665]]}, "properties": {"FID": 2148, "BIKE": "BIKE_FRIENDLY_PEDESTRIAN_PATH", "Shape_Leng": 35.5685740521, "DIR": "Forward"}}, {"type": "Feature", "id": 2149, "geometry": {"type": "LineString", "coordinates": [[-6.2658493340075125, 53.33755228831803], [-6.265989999578246, 53.337560000886164]]}, "properties": {"FID": 2149, "BIKE": "BIKE_LANE", "Shape_Leng": 9.40915513462, "DIR": "Forward"}}, {"type": "Feature", "id": 2151, "geometry": {"type": "LineString", "coordinates": [[-6.344979137677422, 53.32610996422844], [-6.345463229886718, 53.32597253143598]]}, "properties": {"FID": 2151, "BIKE": "BIKE_LANE", "Shape_Leng": 35.6968632308, "DIR": "Forward"}}, {"type": "Feature", "id": 2152, "geometry": {"type": "LineString", "coordinates": [[-6.334680000256466, 53.32388000112467], [-6.334230000520327, 53.323890000606085]]}, "properties": {"FID": 2152, "BIKE": "BIKE_LANE", "Shape_Leng": 30.00493917, "DIR": "Forward"}}, {"type": "Feature", "id": 2154, "geometry": {"type": "LineString", "coordinates": [[-6.26319999930806, 53.337550001190976], [-6.26371000053716, 53.33756000091137]]}, "properties": {"FID": 2154, "BIKE": "BIKE_LANE", "Shape_Leng": 33.990108307, "DIR": "Forward"}}, {"type": "Feature", "id": 2155, "geometry": {"type": "LineString", "coordinates": [[-6.285939999789674, 53.37453000147418], [-6.286019999701523, 53.37467000035256]]}, "properties": {"FID": 2155, "BIKE": "BIKE_FRIENDLY_PEDESTRIAN_PATH", "Shape_Leng": 16.465221017, "DIR": "Forward"}}, {"type": "Feature", "id": 2156, "geometry": {"type": "LineString", "coordinates": [[-6.334230000520327, 53.323890000606085], [-6.333519999794742, 53.32390000105619], [-6.33230000013451, 53.323930000357024], [-6.331389999928118, 53.32395000066443]]}, "properties": {"FID": 2156, "BIKE": "BIKE_LANE", "Shape_Leng": 189.356738892, "DIR": "Forward"}}, {"type": "Feature", "id": 2158, "geometry": {"type": "LineString", "coordinates": [[-6.340080000528958, 53.32375000077955], [-6.339329999427062, 53.32377000056172], [-6.337799999483693, 53.32380000110797], [-6.336879999930273, 53.32382000101033]]}, "properties": {"FID": 2158, "BIKE": "BIKE_LANE", "Shape_Leng": 213.366750143, "DIR": "Forward"}}, {"type": "Feature", "id": 2160, "geometry": {"type": "LineString", "coordinates": [[-6.2912800000332325, 53.34674000094323], [-6.291209999970703, 53.34686000032882], [-6.290933003817894, 53.347348006622504], [-6.2908694581540825, 53.34741309666181], [-6.2908633055897605, 53.34744272668551]]}, "properties": {"FID": 2160, "BIKE": "BIKE_LANE", "Shape_Leng": 83.2151315646, "DIR": "Forward"}}, {"type": "Feature", "id": 2161, "geometry": {"type": "LineString", "coordinates": [[-6.27237999899667, 53.34059000127924], [-6.272379999051939, 53.34064000031329]]}, "properties": {"FID": 2161, "BIKE": "BIKE_LANE", "Shape_Leng": 5.56442818216, "DIR": "Forward"}}, {"type": "Feature", "id": 2162, "geometry": {"type": "LineString", "coordinates": [[-6.186907695747835, 53.396892289105025], [-6.187420000151661, 53.396360000289214]]}, "properties": {"FID": 2162, "BIKE": "BIKE_FRIENDLY_PEDESTRIAN_PATH", "Shape_Leng": 68.343002501, "DIR": "Forward"}}, {"type": "Feature", "id": 2163, "geometry": {"type": "LineString", "coordinates": [[-6.222789999134784, 53.31376000154571], [-6.222569999888043, 53.31362000073601], [-6.222450000213684, 53.313530001118664]]}, "properties": {"FID": 2163, "BIKE": "BIKE_LANE", "Shape_Leng": 34.2128862426, "DIR": "Forward"}}, {"type": "Feature", "id": 2164, "geometry": {"type": "LineString", "coordinates": [[-6.186604121461674, 53.39708961540845], [-6.186702341551907, 53.39703796593538], [-6.186772308533685, 53.396981635830116], [-6.186907695747835, 53.396892289105025]]}, "properties": {"FID": 2164, "BIKE": "BIKE_FRIENDLY_PEDESTRIAN_PATH", "Shape_Leng": 29.9260482627, "DIR": "Forward"}}, {"type": "Feature", "id": 2166, "geometry": {"type": "LineString", "coordinates": [[-6.225892361579051, 53.314732809086834], [-6.226010161457301, 53.31479156538667]]}, "properties": {"FID": 2166, "BIKE": "BIKE_LANE", "Shape_Leng": 10.2175512433, "DIR": "Forward"}}, {"type": "Feature", "id": 2171, "geometry": {"type": "LineString", "coordinates": [[-6.331389999928118, 53.32395000066443], [-6.331029999642382, 53.32396000125997], [-6.330280000151896, 53.32398000081751], [-6.329810000270862, 53.324000001282876]]}, "properties": {"FID": 2171, "BIKE": "BIKE_LANE", "Shape_Leng": 105.432436537, "DIR": "Forward"}}, {"type": "Feature", "id": 2172, "geometry": {"type": "LineString", "coordinates": [[-6.180489999049645, 53.40208000065872], [-6.181020000404151, 53.40172000033703], [-6.181559999487638, 53.401400000754066]]}, "properties": {"FID": 2172, "BIKE": "BIKE_LANE", "Shape_Leng": 103.946368809, "DIR": "Forward"}}, {"type": "Feature", "id": 2173, "geometry": {"type": "LineString", "coordinates": [[-6.2699881318758415, 53.35124366023051], [-6.2698581314733195, 53.35138366038869], [-6.269498131856501, 53.35178366072574], [-6.269198132211696, 53.35210365998719], [-6.269118132955649, 53.35219366124407], [-6.268618131740446, 53.35274366066271], [-6.268418133359433, 53.35295366116903], [-6.268168132709824, 53.353173661098005], [-6.267978133061452, 53.35334366158187], [-6.267798132267494, 53.35349366101249], [-6.267308132560651, 53.353933661028684], [-6.2670321146166135, 53.35422748741015]]}, "properties": {"FID": 2173, "BIKE": "BIKE_LANE", "Shape_Leng": 386.411916028, "DIR": "Forward"}}, {"type": "Feature", "id": 2174, "geometry": {"type": "LineString", "coordinates": [[-6.218705439592065, 53.3668316490137], [-6.218859616491933, 53.36680625874261], [-6.219211442215105, 53.366777270941796]]}, "properties": {"FID": 2174, "BIKE": "BIKE_LANE", "Shape_Leng": 34.285812235, "DIR": "Forward"}}, {"type": "Feature", "id": 2175, "geometry": {"type": "LineString", "coordinates": [[-6.183939999178813, 53.39997000121536], [-6.18421999965845, 53.399770000439744], [-6.184580001015389, 53.39950000080036], [-6.184899999158288, 53.39922000102683]]}, "properties": {"FID": 2175, "BIKE": "BIKE_LANE", "Shape_Leng": 105.18378665, "DIR": "Forward"}}, {"type": "Feature", "id": 2176, "geometry": {"type": "LineString", "coordinates": [[-6.184549999560282, 53.39980000121913], [-6.184130000732723, 53.400100000169864], [-6.183830000369387, 53.40029000095014]]}, "properties": {"FID": 2176, "BIKE": "BIKE_LANE", "Shape_Leng": 72.6083328415, "DIR": "Forward"}}, {"type": "Feature", "id": 2177, "geometry": {"type": "LineString", "coordinates": [[-6.268654880846614, 53.37059088189451], [-6.2694299998398595, 53.37154000057515], [-6.269187272713915, 53.37195361763905], [-6.268509999776993, 53.37273000107376], [-6.268740000397655, 53.37376000049038], [-6.268649999644692, 53.37442000069934], [-6.2687300002524005, 53.37476000135771], [-6.269009999544585, 53.37508000038794], [-6.269690000020094, 53.3754800014137], [-6.270320000385302, 53.37581000105032], [-6.269169999269856, 53.37730000088186], [-6.268929999891484, 53.3775200010192], [-6.2674600005062935, 53.37826000085733], [-6.266920000328196, 53.378900000393905], [-6.2661281017760775, 53.37981744354325], [-6.266099999794561, 53.37985000080006]]}, "properties": {"FID": 2177, "BIKE": "BIKE_LANE", "Shape_Leng": 1189.26396243, "DIR": "Forward"}}, {"type": "Feature", "id": 2178, "geometry": {"type": "LineString", "coordinates": [[-6.288825988140182, 53.35715635513304], [-6.2890055960870095, 53.35713308460264], [-6.289719551218083, 53.357040580068194], [-6.290169999346219, 53.35700000009854], [-6.290430000702802, 53.35695000112255], [-6.2905699995955615, 53.35691000112722]]}, "properties": {"FID": 2178, "BIKE": "BIKE_LANE", "Shape_Leng": 119.715583342, "DIR": "Forward"}}, {"type": "Feature", "id": 2179, "geometry": {"type": "LineString", "coordinates": [[-6.272480000204782, 53.35461000070404], [-6.272439999737225, 53.35471000095079], [-6.272400000241548, 53.35482000044346], [-6.2723099994526965, 53.35497000096308], [-6.272149999464306, 53.35509000032518], [-6.271989998886292, 53.3551700006877], [-6.271770000500109, 53.35524000085851]]}, "properties": {"FID": 2179, "BIKE": "BIKE_LANE", "Shape_Leng": 89.267041939, "DIR": "Forward"}}, {"type": "Feature", "id": 2180, "geometry": {"type": "LineString", "coordinates": [[-6.280061833951169, 53.359305769621464], [-6.2806263469157395, 53.359160561353434]]}, "properties": {"FID": 2180, "BIKE": "BIKE_LANE", "Shape_Leng": 40.9108597118, "DIR": "Forward"}}, {"type": "Feature", "id": 2181, "geometry": {"type": "LineString", "coordinates": [[-6.281879999656497, 53.3504700009349], [-6.281940000460121, 53.35057000073218], [-6.282050000466541, 53.35067000046619]]}, "properties": {"FID": 2181, "BIKE": "BIKE_LANE", "Shape_Leng": 25.1478648441, "DIR": "Forward"}}, {"type": "Feature", "id": 2182, "geometry": {"type": "LineString", "coordinates": [[-6.187010000660667, 53.39743000029821], [-6.187290000866282, 53.397560001227724], [-6.187529999347179, 53.3977400000844]]}, "properties": {"FID": 2182, "BIKE": "BIKE_FRIENDLY_PEDESTRIAN_PATH", "Shape_Leng": 49.2004166822, "DIR": "Forward"}}, {"type": "Feature", "id": 2184, "geometry": {"type": "LineString", "coordinates": [[-6.221200712956912, 53.397582191719835], [-6.219822072788862, 53.39731090920408]]}, "properties": {"FID": 2184, "BIKE": "BIKE_LANE", "Shape_Leng": 96.5472693613, "DIR": "Forward"}}, {"type": "Feature", "id": 2188, "geometry": {"type": "LineString", "coordinates": [[-6.184899999158288, 53.39922000102683], [-6.185449999499111, 53.39870000073099], [-6.185740000354717, 53.398410000948275], [-6.185980000551107, 53.398120001054174], [-6.1860625266461415, 53.3978793598131], [-6.186131519778567, 53.39770219300418], [-6.186131904619186, 53.397639619773315]]}, "properties": {"FID": 2188, "BIKE": "BIKE_LANE", "Shape_Leng": 196.621610483, "DIR": "Forward"}}, {"type": "Feature", "id": 2189, "geometry": {"type": "LineString", "coordinates": [[-6.335699999795896, 53.323860001438895], [-6.334680000256466, 53.32388000112467]]}, "properties": {"FID": 2189, "BIKE": "BIKE_LANE", "Shape_Leng": 68.0008624638, "DIR": "Forward"}}, {"type": "Feature", "id": 2190, "geometry": {"type": "LineString", "coordinates": [[-6.334199999981568, 53.323780001188894], [-6.33467000044859, 53.323770000633075]]}, "properties": {"FID": 2190, "BIKE": "BIKE_LANE", "Shape_Leng": 31.3368309594, "DIR": "Forward"}}, {"type": "Feature", "id": 2191, "geometry": {"type": "LineString", "coordinates": [[-6.33467000044859, 53.323770000633075], [-6.335689999954349, 53.32376000114673]]}, "properties": {"FID": 2191, "BIKE": "BIKE_LANE", "Shape_Leng": 67.9737018344, "DIR": "Forward"}}, {"type": "Feature", "id": 2192, "geometry": {"type": "LineString", "coordinates": [[-6.2861500003165975, 53.374980000638665], [-6.286220000687767, 53.37512000047484]]}, "properties": {"FID": 2192, "BIKE": "BIKE_FRIENDLY_PEDESTRIAN_PATH", "Shape_Leng": 16.2623077497, "DIR": "Forward"}}, {"type": "Feature", "id": 2194, "geometry": {"type": "LineString", "coordinates": [[-6.330119999965669, 53.32389000082102], [-6.3305899999482165, 53.32387000094093], [-6.331870000567215, 53.32384000077684], [-6.332649999503962, 53.32382000071835]]}, "properties": {"FID": 2194, "BIKE": "BIKE_LANE", "Shape_Leng": 168.770622402, "DIR": "Forward"}}, {"type": "Feature", "id": 2195, "geometry": {"type": "LineString", "coordinates": [[-6.26461000083534, 53.33755000127627], [-6.26371000053716, 53.33756000091137]]}, "properties": {"FID": 2195, "BIKE": "BIKE_LANE", "Shape_Leng": 59.9605808889, "DIR": "Forward"}}, {"type": "Feature", "id": 2196, "geometry": {"type": "LineString", "coordinates": [[-6.226840213928413, 53.35020762742354], [-6.226600213389075, 53.35053762704719], [-6.226260213649179, 53.35099762644936], [-6.226050213483059, 53.35127762764957]]}, "properties": {"FID": 2196, "BIKE": "BIKE_FRIENDLY_PEDESTRIAN_PATH", "Shape_Leng": 130.186113236, "DIR": "Forward"}}, {"type": "Feature", "id": 2197, "geometry": {"type": "LineString", "coordinates": [[-6.225717091409557, 53.35117083497676], [-6.225917091722392, 53.35089083576188], [-6.226557093869257, 53.350020835033035]]}, "properties": {"FID": 2197, "BIKE": "BIKE_FRIENDLY_PEDESTRIAN_PATH", "Shape_Leng": 139.677105997, "DIR": "Forward"}}, {"type": "Feature", "id": 2198, "geometry": {"type": "LineString", "coordinates": [[-6.227030212798168, 53.349767626100345], [-6.227000213501704, 53.34993762719123], [-6.226910215111188, 53.350117626698506], [-6.226840213928413, 53.35020762742354]]}, "properties": {"FID": 2198, "BIKE": "BIKE_FRIENDLY_PEDESTRIAN_PATH", "Shape_Leng": 50.9826324016, "DIR": "Forward"}}, {"type": "Feature", "id": 2199, "geometry": {"type": "LineString", "coordinates": [[-6.272350000117277, 53.341490001508475], [-6.272349999398104, 53.341660000703534]]}, "properties": {"FID": 2199, "BIKE": "BIKE_LANE", "Shape_Leng": 18.9193347709, "DIR": "Forward"}}, {"type": "Feature", "id": 2200, "geometry": {"type": "LineString", "coordinates": [[-6.2642300000491, 53.39639000085223], [-6.264210000273306, 53.39682000164571]]}, "properties": {"FID": 2200, "BIKE": "BIKE_LANE", "Shape_Leng": 47.8740881445, "DIR": "Forward"}}, {"type": "Feature", "id": 2201, "geometry": {"type": "LineString", "coordinates": [[-6.264760000007508, 53.33755000084443], [-6.265500000104393, 53.33756000080883]]}, "properties": {"FID": 2201, "BIKE": "BIKE_LANE", "Shape_Leng": 49.3049727521, "DIR": "Forward"}}, {"type": "Feature", "id": 2202, "geometry": {"type": "LineString", "coordinates": [[-6.293519615277523, 53.33212787338296], [-6.293481280689139, 53.33215183192542], [-6.293421281541187, 53.332181832412004], [-6.293331281528865, 53.33225183298724], [-6.293251280951132, 53.33230183335379], [-6.293101280796785, 53.332401832318936], [-6.292971281287029, 53.33248183297984], [-6.292801281223317, 53.3325918331499], [-6.2921612818243755, 53.333021834117815], [-6.291991281989434, 53.3331318340531], [-6.2916812822906145, 53.33333183468665], [-6.291441283640338, 53.333511834644945]]}, "properties": {"FID": 2202, "BIKE": "BIKE_LANE", "Shape_Leng": 207.253415237, "DIR": "Forward"}}, {"type": "Feature", "id": 2203, "geometry": {"type": "LineString", "coordinates": [[-6.262600000469191, 53.35203000042071], [-6.262410000787975, 53.35217000067231], [-6.261960000620308, 53.35238000053581]]}, "properties": {"FID": 2203, "BIKE": "BIKE_LANE", "Shape_Leng": 58.0719292391, "DIR": "Forward"}}, {"type": "Feature", "id": 2204, "geometry": {"type": "LineString", "coordinates": [[-6.272089999742275, 53.36655000145665], [-6.2724300002875895, 53.36695000086363]]}, "properties": {"FID": 2204, "BIKE": "BIKE_LANE", "Shape_Leng": 49.9393208943, "DIR": "Forward"}}, {"type": "Feature", "id": 2206, "geometry": {"type": "MultiLineString", "coordinates": [[[-6.308809301998312, 53.30283527247962], [-6.308703776710902, 53.30286969245407], [-6.308617678980472, 53.30290400497893], [-6.308526482342756, 53.3029600736442], [-6.3083956146680915, 53.3030764937461], [-6.307982253408401, 53.3036025720754], [-6.3075222525505685, 53.304222571672426], [-6.30737225240135, 53.30445257151927], [-6.307062250576633, 53.30506257143037], [-6.306522249636052, 53.30614257181704], [-6.306002246801675, 53.30717257163953], [-6.305322245558811, 53.308522570621186], [-6.305092244541187, 53.30888257087664], [-6.304782244603205, 53.30915257002138], [-6.304482243133564, 53.309392570701846], [-6.30426224387199, 53.30953257039562], [-6.303532241508582, 53.309942570643386], [-6.303142240676517, 53.31016257006285], [-6.302402239727375, 53.310572569536454], [-6.3019122381613375, 53.31084256971794], [-6.300242236146493, 53.31177256937014], [-6.299942234761142, 53.31194256930998], [-6.299805404154638, 53.312026433694804]], [[-6.2998056903185935, 53.312026257113175], [-6.299632234704288, 53.31213256830865], [-6.299292232571882, 53.31233256850318], [-6.298352232417419, 53.31287256773662], [-6.297862230562271, 53.31323256831386], [-6.29732222836772, 53.31370256775355], [-6.29713222807483, 53.31393256812464], [-6.296162226516615, 53.314702568150146], [-6.296122226270683, 53.31473256797991], [-6.295262224047972, 53.3154825679054], [-6.294552221853812, 53.316122567381804], [-6.293712221539845, 53.31685256693914], [-6.292932219333624, 53.31746256616685], [-6.292802219169566, 53.31755256580305], [-6.292712219434914, 53.31762256678184], [-6.292552218217733, 53.31774256685856], [-6.292362218780816, 53.317932566281016], [-6.292082216806889, 53.31824256583353], [-6.291972217723599, 53.31834256622394], [-6.291662216489103, 53.31858256634429], [-6.291432216005542, 53.318772565725936], [-6.29121221599169, 53.31897256610046], [-6.29077221347242, 53.31939256595935], [-6.290652214057617, 53.319462566043335], [-6.2905322147347515, 53.31952256493944], [-6.290282212959695, 53.31956256502202], [-6.2901822133880625, 53.319582565533366], [-6.289592213284438, 53.31969256533015], [-6.289142212466303, 53.319762565349826], [-6.288812211968176, 53.31980256535356], [-6.288332210335326, 53.319852565704196], [-6.28817221025284, 53.3198725645591], [-6.287992210260901, 53.31990256483294], [-6.287672209492472, 53.31991256448219], [-6.287472209588701, 53.31992256502486], [-6.2873222082641025, 53.31992256483569], [-6.287192209175599, 53.31994256442073], [-6.287072209019045, 53.31998256489914], [-6.286932208677995, 53.320032564014284], [-6.286532207713056, 53.320212564197924], [-6.286252206939015, 53.32033256405974], [-6.286142206543269, 53.32038256365214], [-6.285922206411185, 53.32048256434336], [-6.28567220586204, 53.32060256434054], [-6.285312205006673, 53.32074256392381], [-6.284982204696638, 53.32086256380461], [-6.284862204350302, 53.320902563877794], [-6.284782203306619, 53.32095256396361], [-6.2846822043853905, 53.321002564033265], [-6.284562203495416, 53.32108256361292], [-6.284132202497752, 53.32149256350672], [-6.283852202229522, 53.32174256372236], [-6.283802203012516, 53.32179256338282], [-6.2837022017466335, 53.321882563322106], [-6.283582201554146, 53.321952563561865], [-6.28346220100499, 53.32202256277867], [-6.28333220089345, 53.32209256357145], [-6.283202200245288, 53.32214256296145], [-6.283102201820888, 53.322182563352946], [-6.282932199578407, 53.32223256280687], [-6.282432200011531, 53.32238256361045], [-6.281742198452493, 53.3225925625348], [-6.281592197396987, 53.32264256239246], [-6.281482198931972, 53.32269256316166], [-6.281352197642505, 53.32275256252411], [-6.281242197477839, 53.32281256323036], [-6.281082197098419, 53.32290256290054], [-6.281002196790954, 53.322952563194136], [-6.280872196675417, 53.323052561879905], [-6.280252195834766, 53.323472562756784], [-6.280162194309695, 53.32354256157457], [-6.280072195417288, 53.32361256216115], [-6.28001956622839, 53.323676574366296], [-6.279988795438446, 53.323736752826996], [-6.279926349274275, 53.32382921014404], [-6.27983925376103, 53.323980721629475], [-6.279774443189728, 53.32408163225102], [-6.279737258632308, 53.3241502047324], [-6.279655037010818, 53.32428117482159], [-6.279454968551874, 53.324572912505786], [-6.279338734118102, 53.324770115964576], [-6.27915560250889, 53.3250463035448], [-6.279085098643791, 53.325169936313834], [-6.278843528740129, 53.325525556787284], [-6.2785643539056055, 53.32596078473223]]]}, "properties": {"FID": 2206, "BIKE": "BIKE_LANE", "Shape_Leng": 3407.94718146, "DIR": "Forward"}}, {"type": "Feature", "id": 2207, "geometry": {"type": "LineString", "coordinates": [[-6.249352929589279, 53.34413652745099], [-6.249162930138689, 53.3444265277384], [-6.248922931004168, 53.34477652849348], [-6.248912931466538, 53.34479652772792], [-6.248762931489882, 53.34504652764961], [-6.2485329320055545, 53.345436527783235], [-6.248352933512114, 53.34578652827455], [-6.248212932994703, 53.34606652749723], [-6.248062934630047, 53.3464065283186], [-6.247982934242593, 53.34660652860305]]}, "properties": {"FID": 2207, "BIKE": "BIKE_LANE", "Shape_Leng": 289.987157262, "DIR": "Reverse"}}, {"type": "Feature", "id": 2208, "geometry": {"type": "LineString", "coordinates": [[-6.264089999158541, 53.39510000127205], [-6.2640699997907285, 53.39587000085251]]}, "properties": {"FID": 2208, "BIKE": "BIKE_LANE", "Shape_Leng": 85.7050194061, "DIR": "Forward"}}, {"type": "Feature", "id": 2209, "geometry": {"type": "LineString", "coordinates": [[-6.272239999764894, 53.34097000071224], [-6.272240000175322, 53.34064000062991]]}, "properties": {"FID": 2209, "BIKE": "BIKE_LANE", "Shape_Leng": 36.725946762, "DIR": "Forward"}}, {"type": "Feature", "id": 2210, "geometry": {"type": "LineString", "coordinates": [[-6.338890000413439, 53.32370000060007], [-6.340020000751716, 53.323670000978076], [-6.34101999990822, 53.323640000980326]]}, "properties": {"FID": 2210, "BIKE": "BIKE_LANE", "Shape_Leng": 142.083858358, "DIR": "Forward"}}, {"type": "Feature", "id": 2212, "geometry": {"type": "LineString", "coordinates": [[-6.333220000617764, 53.3238000013989], [-6.333399999341209, 53.323800000664164], [-6.334199999981568, 53.323780001188894]]}, "properties": {"FID": 2212, "BIKE": "BIKE_LANE", "Shape_Leng": 65.3457256493, "DIR": "Forward"}}, {"type": "Feature", "id": 2213, "geometry": {"type": "LineString", "coordinates": [[-6.284330000795123, 53.3732900007553], [-6.283890000490643, 53.37295000152076], [-6.283520000577669, 53.37272000095496], [-6.2833099998395605, 53.37261000108108]]}, "properties": {"FID": 2213, "BIKE": "BIKE_FRIENDLY_PEDESTRIAN_PATH", "Shape_Leng": 101.946889012, "DIR": "Forward"}}, {"type": "Feature", "id": 2215, "geometry": {"type": "LineString", "coordinates": [[-6.272209999993895, 53.34149000089094], [-6.272220001053013, 53.34130000147597], [-6.272239999764894, 53.34097000071224]]}, "properties": {"FID": 2215, "BIKE": "BIKE_LANE", "Shape_Leng": 57.905835985, "DIR": "Forward"}}, {"type": "Feature", "id": 2217, "geometry": {"type": "LineString", "coordinates": [[-6.343810000084584, 53.323660000432106], [-6.343200000392939, 53.323660000628166], [-6.342169999929246, 53.3236900010113], [-6.341019999988424, 53.32373000000143]]}, "properties": {"FID": 2217, "BIKE": "BIKE_LANE", "Shape_Leng": 186.11369491, "DIR": "Forward"}}, {"type": "Feature", "id": 2220, "geometry": {"type": "LineString", "coordinates": [[-6.226259914068774, 53.31493028994647], [-6.226630472233824, 53.315115812387184], [-6.227264978159972, 53.31558127667783], [-6.228207753525931, 53.31628533406854], [-6.228584060289927, 53.31657444285972]]}, "properties": {"FID": 2220, "BIKE": "BIKE_LANE", "Shape_Leng": 240.291737253, "DIR": "Forward"}}, {"type": "Feature", "id": 2223, "geometry": {"type": "LineString", "coordinates": [[-6.2637900002109905, 53.39186000072543], [-6.263839999201, 53.39304000090131]]}, "properties": {"FID": 2223, "BIKE": "BIKE_LANE", "Shape_Leng": 131.366485638, "DIR": "Forward"}}, {"type": "Feature", "id": 2228, "geometry": {"type": "LineString", "coordinates": [[-6.293989999953316, 53.38412000126574], [-6.2934700002340325, 53.38374000091509], [-6.292550000567271, 53.3830300007048], [-6.292239999560018, 53.38275000101142], [-6.291909999881822, 53.38251000038817]]}, "properties": {"FID": 2228, "BIKE": "BIKE_FRIENDLY_PEDESTRIAN_PATH", "Shape_Leng": 226.544181263, "DIR": "Forward"}}, {"type": "Feature", "id": 2229, "geometry": {"type": "LineString", "coordinates": [[-6.2864700002247424, 53.37576000075595], [-6.286539999656349, 53.375910001348664]]}, "properties": {"FID": 2229, "BIKE": "BIKE_LANE", "Shape_Leng": 17.331549175, "DIR": "Forward"}}, {"type": "Feature", "id": 2230, "geometry": {"type": "LineString", "coordinates": [[-6.29125000065721, 53.38206000012546], [-6.289560000304205, 53.38109000054295]]}, "properties": {"FID": 2230, "BIKE": "BIKE_FRIENDLY_PEDESTRIAN_PATH", "Shape_Leng": 155.885237036, "DIR": "Forward"}}, {"type": "Feature", "id": 2235, "geometry": {"type": "LineString", "coordinates": [[-6.27138999932688, 53.3673200004669], [-6.271120000717971, 53.36729000131167]]}, "properties": {"FID": 2235, "BIKE": "BIKE_LANE", "Shape_Leng": 18.2799018113, "DIR": "Forward"}}, {"type": "Feature", "id": 2238, "geometry": {"type": "LineString", "coordinates": [[-6.272289999693414, 53.33992000084966], [-6.272410000690162, 53.339690000967124], [-6.27246999971553, 53.339500001049856], [-6.2725100001482526, 53.33934000054303]]}, "properties": {"FID": 2238, "BIKE": "BIKE_LANE", "Shape_Leng": 66.3401541981, "DIR": "Forward"}}, {"type": "Feature", "id": 2244, "geometry": {"type": "LineString", "coordinates": [[-6.250399999174149, 53.34159000150019], [-6.250559999238344, 53.3413500007599]]}, "properties": {"FID": 2244, "BIKE": "BIKE_LANE", "Shape_Leng": 28.7574576317, "DIR": "Forward"}}, {"type": "Feature", "id": 2245, "geometry": {"type": "LineString", "coordinates": [[-6.273151640447159, 53.36794994185253], [-6.27303517325514, 53.36783045078492], [-6.272910539866555, 53.36769084925494], [-6.272749999760556, 53.36756000087742], [-6.272650000115506, 53.367510001722], [-6.272420000326186, 53.367460000907265]]}, "properties": {"FID": 2245, "BIKE": "BIKE_LANE", "Shape_Leng": 76.0339555313, "DIR": "Forward"}}, {"type": "Feature", "id": 2247, "geometry": {"type": "LineString", "coordinates": [[-6.338935728429933, 53.36163088483734], [-6.338938809630641, 53.36166558271104], [-6.338899281900177, 53.36169488429646], [-6.338611967181713, 53.36176477299092], [-6.3383162722830955, 53.36183669872693], [-6.335926962335185, 53.36241922793108], [-6.334598041327481, 53.3627104457799], [-6.333433015333627, 53.36295131502848], [-6.333052355782583, 53.36302254002961], [-6.333005283960104, 53.36308587340275]]}, "properties": {"FID": 2247, "BIKE": "BIKE_FRIENDLY_PEDESTRIAN_PATH", "Shape_Leng": 432.263693669, "DIR": "Bi-Directional"}}, {"type": "Feature", "id": 2252, "geometry": {"type": "LineString", "coordinates": [[-6.293270195647454, 53.33205689451931], [-6.292900195293258, 53.33195689372929], [-6.292620196900818, 53.33187689407136], [-6.292095371235342, 53.33174149967284], [-6.291618064114505, 53.33165055996384], [-6.291069133244741, 53.331560209257454], [-6.290471533895211, 53.33147077552713], [-6.289094748549982, 53.331272313609986], [-6.288680902170218, 53.331216237332185], [-6.287785130444143, 53.33108369441559], [-6.286830053300321, 53.33094786715985], [-6.284493036270955, 53.33060859013207], [-6.283908609881626, 53.33052820919068], [-6.283448968350371, 53.33046902996135], [-6.282407220308899, 53.33033919756487], [-6.281436106243489, 53.33019986114974], [-6.280591033111893, 53.33008416927763], [-6.279467953004879, 53.329928069117024], [-6.278580321789904, 53.32982954016145], [-6.278214359206597, 53.32979271925202], [-6.276840139222099, 53.32965480481303], [-6.27622222239843, 53.329589014849105], [-6.275810962565257, 53.32958054380416], [-6.27560037936212, 53.329589862130966]]}, "properties": {"FID": 2252, "BIKE": "BIKE_LANE", "Shape_Leng": 1212.07743247, "DIR": "Forward"}}, {"type": "Feature", "id": 2253, "geometry": {"type": "LineString", "coordinates": [[-6.308231802504227, 53.345383662267814], [-6.308283404344166, 53.34595075077245], [-6.3083250596266875, 53.34689805262132], [-6.308338340061621, 53.34711371589612], [-6.308334228900047, 53.34720445756556], [-6.308340760736614, 53.34736432261674], [-6.308349649228186, 53.34750131503708], [-6.308360444776673, 53.34762667609561], [-6.308372360878041, 53.34786504447587], [-6.308378373101597, 53.34796254756423], [-6.308437643020834, 53.34803650383883], [-6.308500066319503, 53.34807573812367], [-6.308597163506251, 53.348132147531814], [-6.3086977402544235, 53.34815553376727]]}, "properties": {"FID": 2253, "BIKE": "BIKE_LANE", "Shape_Leng": 318.563833758, "DIR": "Forward"}}, {"type": "Feature", "id": 2254, "geometry": {"type": "LineString", "coordinates": [[-6.251891415979391, 53.34910059972013], [-6.2517817571421865, 53.34920072506176], [-6.2518090419355135, 53.34942156931416]]}, "properties": {"FID": 2254, "BIKE": "BIKE_FRIENDLY_PEDESTRIAN_PATH", "Shape_Leng": 37.9678626286, "DIR": "Forward"}}, {"type": "Feature", "id": 2256, "geometry": {"type": "LineString", "coordinates": [[-6.234260000131807, 53.35791000103487], [-6.234050000095609, 53.358050001448746]]}, "properties": {"FID": 2256, "BIKE": "BIKE_FRIENDLY_PEDESTRIAN_PATH", "Shape_Leng": 20.9345360698, "DIR": "Forward"}}, {"type": "Feature", "id": 2258, "geometry": {"type": "LineString", "coordinates": [[-6.272200000994193, 53.3416600008991], [-6.272209999993895, 53.34149000089094]]}, "properties": {"FID": 2258, "BIKE": "BIKE_LANE", "Shape_Leng": 18.9311438006, "DIR": "Forward"}}, {"type": "Feature", "id": 2259, "geometry": {"type": "LineString", "coordinates": [[-6.2390801459855565, 53.33859582795658], [-6.23903493335195, 53.33863311126592], [-6.238951232459844, 53.338731478858804], [-6.239007811243214, 53.33874592570059]]}, "properties": {"FID": 2259, "BIKE": "BIKE_FRIENDLY_PEDESTRIAN_PATH", "Shape_Leng": 21.5097863525, "DIR": "Bi-Directional"}}, {"type": "Feature", "id": 2266, "geometry": {"type": "LineString", "coordinates": [[-6.243929999850256, 53.382250001113725], [-6.244500000632893, 53.38244000128979]]}, "properties": {"FID": 2266, "BIKE": "BIKE_LANE", "Shape_Leng": 43.4250149656, "DIR": "Forward"}}, {"type": "Feature", "id": 2267, "geometry": {"type": "LineString", "coordinates": [[-6.2724300002875895, 53.36695000086363], [-6.272739999582495, 53.36729000107831]]}, "properties": {"FID": 2267, "BIKE": "BIKE_LANE", "Shape_Leng": 43.0999029334, "DIR": "Forward"}}, {"type": "Feature", "id": 2268, "geometry": {"type": "LineString", "coordinates": [[-6.271120000717971, 53.36729000131167], [-6.270950000352649, 53.367260000670036], [-6.270870000180412, 53.36725000086494], [-6.270773918726456, 53.36725563462538], [-6.270707117955215, 53.36727989256075]]}, "properties": {"FID": 2268, "BIKE": "BIKE_LANE", "Shape_Leng": 28.866897093, "DIR": "Forward"}}, {"type": "Feature", "id": 2271, "geometry": {"type": "LineString", "coordinates": [[-6.291370000546506, 53.38198000162644], [-6.291690000110415, 53.38218000060019], [-6.29199000083566, 53.38240000116616]]}, "properties": {"FID": 2271, "BIKE": "BIKE_FRIENDLY_PEDESTRIAN_PATH", "Shape_Leng": 62.3936918128, "DIR": "Forward"}}, {"type": "Feature", "id": 2278, "geometry": {"type": "LineString", "coordinates": [[-6.272739999582495, 53.36729000107831], [-6.272869999341809, 53.36748000106901], [-6.2732568683792485, 53.36789122915946]]}, "properties": {"FID": 2278, "BIKE": "BIKE_LANE", "Shape_Leng": 75.3610741244, "DIR": "Forward"}}, {"type": "Feature", "id": 2279, "geometry": {"type": "LineString", "coordinates": [[-6.269363072243352, 53.35022709300127], [-6.269389747518202, 53.350314662653545], [-6.269535860430834, 53.35042000835043]]}, "properties": {"FID": 2279, "BIKE": "BIKE_LANE", "Shape_Leng": 25.1418492574, "DIR": "Forward"}}, {"type": "Feature", "id": 2282, "geometry": {"type": "LineString", "coordinates": [[-6.248640000926708, 53.34400000106397], [-6.249207220082912, 53.34411344514055]]}, "properties": {"FID": 2282, "BIKE": "BIKE_LANE", "Shape_Leng": 39.8314773478, "DIR": "Forward"}}, {"type": "Feature", "id": 2284, "geometry": {"type": "LineString", "coordinates": [[-6.2260000006724265, 53.31503000164944], [-6.22583000037823, 53.31495000091473], [-6.225680000512464, 53.31489000141729]]}, "properties": {"FID": 2284, "BIKE": "BIKE_LANE", "Shape_Leng": 26.4317257798, "DIR": "Forward"}}, {"type": "Feature", "id": 2286, "geometry": {"type": "LineString", "coordinates": [[-6.222450000213684, 53.313530001118664], [-6.222209999375297, 53.31335000148567], [-6.2218800005341555, 53.31305000083073], [-6.221660000323967, 53.312820001086024], [-6.2215600003922935, 53.312700000374484], [-6.221260000955595, 53.31232000162542], [-6.22075000016769, 53.31165000053822]]}, "properties": {"FID": 2286, "BIKE": "BIKE_LANE", "Shape_Leng": 238.768579739, "DIR": "Forward"}}, {"type": "Feature", "id": 2289, "geometry": {"type": "LineString", "coordinates": [[-6.291930000552686, 53.3461500006638], [-6.292309999148631, 53.34609000072899]]}, "properties": {"FID": 2289, "BIKE": "BIKE_LANE", "Shape_Leng": 26.1731392944, "DIR": "Forward"}}, {"type": "Feature", "id": 2290, "geometry": {"type": "LineString", "coordinates": [[-6.296770000385724, 53.36099000081489], [-6.2972700005042155, 53.36113000128728]]}, "properties": {"FID": 2290, "BIKE": "BIKE_LANE", "Shape_Leng": 36.7531595948, "DIR": "Forward"}}, {"type": "Feature", "id": 2291, "geometry": {"type": "LineString", "coordinates": [[-6.224959999882653, 53.31461000046115], [-6.224249999848955, 53.31438000066884]]}, "properties": {"FID": 2291, "BIKE": "BIKE_LANE", "Shape_Leng": 53.7994625271, "DIR": "Forward"}}, {"type": "Feature", "id": 2294, "geometry": {"type": "LineString", "coordinates": [[-6.293689999731296, 53.354970001061815], [-6.293709999660159, 53.354960001128006], [-6.29435999976977, 53.354550000562845], [-6.295729999638062, 53.353700001581146], [-6.296269999226663, 53.35334000111621]]}, "properties": {"FID": 2294, "BIKE": "BIKE_LANE", "Shape_Leng": 249.874126933, "DIR": "Forward"}}, {"type": "Feature", "id": 2295, "geometry": {"type": "LineString", "coordinates": [[-6.212340000630637, 53.31878000071094], [-6.212069999748611, 53.31864000053336], [-6.211489999954805, 53.31837000013357]]}, "properties": {"FID": 2295, "BIKE": "BIKE_LANE", "Shape_Leng": 72.7600237668, "DIR": "Forward"}}, {"type": "Feature", "id": 2296, "geometry": {"type": "LineString", "coordinates": [[-6.272659165688928, 53.33936452817937], [-6.272560000167063, 53.33955000091996], [-6.272490000507839, 53.33971000117364], [-6.272369999578792, 53.33995000130175]]}, "properties": {"FID": 2296, "BIKE": "BIKE_LANE", "Shape_Leng": 67.9594316383, "DIR": "Forward"}}, {"type": "Feature", "id": 2297, "geometry": {"type": "LineString", "coordinates": [[-6.265849999754123, 53.38176000100639], [-6.2656999995244, 53.38288000020762]]}, "properties": {"FID": 2297, "BIKE": "BIKE_LANE", "Shape_Leng": 125.04549466, "DIR": "Forward"}}, {"type": "Feature", "id": 2298, "geometry": {"type": "LineString", "coordinates": [[-6.2656999995244, 53.38288000020762], [-6.2655400003839965, 53.38358000104192], [-6.265410000168578, 53.38413000091882], [-6.265259999559123, 53.38480000067512]]}, "properties": {"FID": 2298, "BIKE": "BIKE_LANE", "Shape_Leng": 215.677280851, "DIR": "Forward"}}, {"type": "Feature", "id": 2299, "geometry": {"type": "LineString", "coordinates": [[-6.265729999156939, 53.380670001248745], [-6.265649999726236, 53.38175000068578]]}, "properties": {"FID": 2299, "BIKE": "BIKE_LANE", "Shape_Leng": 120.312673939, "DIR": "Forward"}}, {"type": "Feature", "id": 2300, "geometry": {"type": "LineString", "coordinates": [[-6.2982199989975705, 53.345600000621985], [-6.298419999461121, 53.34558000100703]]}, "properties": {"FID": 2300, "BIKE": "BIKE_LANE", "Shape_Leng": 13.5044001218, "DIR": "Forward"}}, {"type": "Feature", "id": 2304, "geometry": {"type": "LineString", "coordinates": [[-6.27231999954689, 53.34225000109609], [-6.272210000456241, 53.34248000098781], [-6.272120000113305, 53.34268000140935]]}, "properties": {"FID": 2304, "BIKE": "BIKE_LANE", "Shape_Leng": 49.6759347047, "DIR": "Forward"}}, {"type": "Feature", "id": 2305, "geometry": {"type": "LineString", "coordinates": [[-6.272120000113305, 53.34268000140935], [-6.271959999711147, 53.34284000109688], [-6.271873584328104, 53.34301187915154]]}, "properties": {"FID": 2305, "BIKE": "BIKE_LANE", "Shape_Leng": 40.7272546455, "DIR": "Forward"}}, {"type": "Feature", "id": 2306, "geometry": {"type": "LineString", "coordinates": [[-6.273099999122369, 53.35420000120997], [-6.272940000875728, 53.354400000994595]]}, "properties": {"FID": 2306, "BIKE": "BIKE_LANE", "Shape_Leng": 24.6763683093, "DIR": "Forward"}}, {"type": "Feature", "id": 2307, "geometry": {"type": "LineString", "coordinates": [[-6.272349999398104, 53.341660000703534], [-6.2723500000796895, 53.34188000073605]]}, "properties": {"FID": 2307, "BIKE": "BIKE_LANE", "Shape_Leng": 24.483965315, "DIR": "Forward"}}, {"type": "Feature", "id": 2308, "geometry": {"type": "LineString", "coordinates": [[-6.197519999358003, 53.38937000086839], [-6.197790000121803, 53.38915000076816]]}, "properties": {"FID": 2308, "BIKE": "BIKE_LANE", "Shape_Leng": 30.3674428671, "DIR": "Forward"}}, {"type": "Feature", "id": 2309, "geometry": {"type": "LineString", "coordinates": [[-6.2612899991962845, 53.352610001223326], [-6.261140000741839, 53.35227000101978], [-6.26100000019593, 53.35194000086969], [-6.260609999369661, 53.35104000039931], [-6.260329999303927, 53.35040000058146], [-6.260090000390058, 53.349870000968245], [-6.260070000302474, 53.349840000914625], [-6.259749999783273, 53.34910000138653], [-6.259639999697346, 53.34887000092258], [-6.259439999634952, 53.34838000057436], [-6.259170796389402, 53.347776994636426], [-6.259088626706566, 53.347644373296774]]}, "properties": {"FID": 2309, "BIKE": "BIKE_LANE", "Shape_Leng": 571.863755595, "DIR": "Forward"}}, {"type": "Feature", "id": 2310, "geometry": {"type": "LineString", "coordinates": [[-6.259442722928758, 53.34755460705942], [-6.259527748085001, 53.34776334789226], [-6.259620000331881, 53.34805000056934], [-6.259750000488202, 53.34836000118749], [-6.259940000143907, 53.348790000620625], [-6.260070000484772, 53.349090000656], [-6.260320000075974, 53.34965000022605], [-6.2603899996614505, 53.34978000111671], [-6.260470000456886, 53.34994000087807], [-6.260659999603772, 53.35030000047324], [-6.260960000639602, 53.35098000047297], [-6.2613499993025385, 53.35188000063015], [-6.261429999884337, 53.352040001441736], [-6.261509999495156, 53.352190001114], [-6.261570000288971, 53.352300000803], [-6.261690000543128, 53.35247000103626]]}, "properties": {"FID": 2310, "BIKE": "BIKE_LANE", "Shape_Leng": 567.539327508, "DIR": "Forward"}}, {"type": "Feature", "id": 2311, "geometry": {"type": "LineString", "coordinates": [[-6.283480000489314, 53.37258000126996], [-6.284090000637433, 53.372960001179585], [-6.285119999265907, 53.37369000153596], [-6.285449999917936, 53.37395000057967], [-6.285619999031418, 53.37414000156534], [-6.28589000105172, 53.374450000771944], [-6.285939999789674, 53.37453000147418]]}, "properties": {"FID": 2311, "BIKE": "BIKE_FRIENDLY_PEDESTRIAN_PATH", "Shape_Leng": 273.637567189, "DIR": "Forward"}}, {"type": "Feature", "id": 2312, "geometry": {"type": "LineString", "coordinates": [[-6.272736825327108, 53.33883083143871], [-6.272741829340139, 53.339022401806346], [-6.272728288511767, 53.33913664683333], [-6.272725334028524, 53.33917530235236]]}, "properties": {"FID": 2312, "BIKE": "BIKE_LANE", "Shape_Leng": 38.3754563556, "DIR": "Forward"}}, {"type": "Feature", "id": 2314, "geometry": {"type": "LineString", "coordinates": [[-6.327220000443101, 53.32421000107266], [-6.326820000212023, 53.32425000090447], [-6.326449999796794, 53.32430000066601]]}, "properties": {"FID": 2314, "BIKE": "BIKE_LANE", "Shape_Leng": 52.2955215013, "DIR": "Forward"}}, {"type": "Feature", "id": 2318, "geometry": {"type": "LineString", "coordinates": [[-6.291909999881822, 53.38251000038817], [-6.2914499997321975, 53.382180000527335], [-6.29125000065721, 53.38206000012546]]}, "properties": {"FID": 2318, "BIKE": "BIKE_FRIENDLY_PEDESTRIAN_PATH", "Shape_Leng": 66.662873015, "DIR": "Forward"}}, {"type": "Feature", "id": 2320, "geometry": {"type": "LineString", "coordinates": [[-6.286799999389877, 53.37640000101753], [-6.2874700009341, 53.377190001078915], [-6.287569998932671, 53.37738000035894], [-6.287620000124182, 53.37753000092057], [-6.287639999902838, 53.37768000064689]]}, "properties": {"FID": 2320, "BIKE": "BIKE_FRIENDLY_PEDESTRIAN_PATH", "Shape_Leng": 154.516605815, "DIR": "Forward"}}, {"type": "Feature", "id": 2321, "geometry": {"type": "LineString", "coordinates": [[-6.289560000304205, 53.38109000054295], [-6.289430000386682, 53.381020001046934], [-6.289109999981433, 53.38081000115425], [-6.288860000281547, 53.38059000082968], [-6.2885299999517414, 53.38019000092887], [-6.288349999150801, 53.3799700010377], [-6.288190000062975, 53.37976000019545]]}, "properties": {"FID": 2321, "BIKE": "BIKE_FRIENDLY_PEDESTRIAN_PATH", "Shape_Leng": 175.436828833, "DIR": "Forward"}}, {"type": "Feature", "id": 2325, "geometry": {"type": "LineString", "coordinates": [[-6.295119999306432, 53.38504000160487], [-6.293989999953316, 53.38412000126574]]}, "properties": {"FID": 2325, "BIKE": "BIKE_FRIENDLY_PEDESTRIAN_PATH", "Shape_Leng": 127.029229629, "DIR": "Forward"}}, {"type": "Feature", "id": 2326, "geometry": {"type": "LineString", "coordinates": [[-6.288190000062975, 53.37976000019545], [-6.2877900003454466, 53.3792700009368], [-6.287649999274377, 53.37898000060609], [-6.287559999980076, 53.37865000082889], [-6.287540000433433, 53.378260000864145], [-6.287529999746027, 53.37816000032484], [-6.2875399992899625, 53.37804000165775], [-6.2875499989433825, 53.3779400013641], [-6.28753000115042, 53.377840001188495], [-6.2875100002788225, 53.3777100016027]]}, "properties": {"FID": 2326, "BIKE": "BIKE_FRIENDLY_PEDESTRIAN_PATH", "Shape_Leng": 236.316246698, "DIR": "Forward"}}, {"type": "Feature", "id": 2327, "geometry": {"type": "LineString", "coordinates": [[-6.295769999961219, 53.38539000079892], [-6.297180000264259, 53.38645000030717], [-6.297720000476185, 53.38688000069126]]}, "properties": {"FID": 2327, "BIKE": "BIKE_FRIENDLY_PEDESTRIAN_PATH", "Shape_Leng": 210.565671037, "DIR": "Forward"}}, {"type": "Feature", "id": 2332, "geometry": {"type": "LineString", "coordinates": [[-6.2875100002788225, 53.3777100016027], [-6.287269999849261, 53.37718000091986], [-6.287080000137282, 53.37691000146112], [-6.28673000075033, 53.376520001234574], [-6.28665000033201, 53.37644000164288], [-6.286590000338728, 53.37633000034346], [-6.286479999163598, 53.37612000107601]]}, "properties": {"FID": 2332, "BIKE": "BIKE_FRIENDLY_PEDESTRIAN_PATH", "Shape_Leng": 190.708959252, "DIR": "Forward"}}, {"type": "Feature", "id": 2334, "geometry": {"type": "LineString", "coordinates": [[-6.226050213483059, 53.35127762764957], [-6.225952071607949, 53.35143482016294]]}, "properties": {"FID": 2334, "BIKE": "BIKE_FRIENDLY_PEDESTRIAN_PATH", "Shape_Leng": 18.6750904452, "DIR": "Forward"}}, {"type": "Feature", "id": 2337, "geometry": {"type": "LineString", "coordinates": [[-6.226373802340546, 53.36860632022089], [-6.226219999020142, 53.368719999989864], [-6.225990000016294, 53.368900001015255], [-6.225769999622846, 53.369070000862]]}, "properties": {"FID": 2337, "BIKE": "BIKE_LANE", "Shape_Leng": 65.4126348277, "DIR": "Forward"}}, {"type": "Feature", "id": 2338, "geometry": {"type": "LineString", "coordinates": [[-6.296149999976756, 53.34579000065189], [-6.296540000776498, 53.34576000107243]]}, "properties": {"FID": 2338, "BIKE": "BIKE_LANE", "Shape_Leng": 26.1870340245, "DIR": "Forward"}}, {"type": "Feature", "id": 2339, "geometry": {"type": "LineString", "coordinates": [[-6.231892172415899, 53.32935589761273], [-6.232081730309486, 53.329455323749585]]}, "properties": {"FID": 2339, "BIKE": "BIKE_LANE", "Shape_Leng": 16.7909740985, "DIR": "Forward"}}, {"type": "Feature", "id": 2341, "geometry": {"type": "LineString", "coordinates": [[-6.286220000687767, 53.37512000047484], [-6.2864700002247424, 53.37576000075595]]}, "properties": {"FID": 2341, "BIKE": "BIKE_LANE", "Shape_Leng": 73.1437506643, "DIR": "Forward"}}, {"type": "Feature", "id": 2343, "geometry": {"type": "LineString", "coordinates": [[-6.2944300008224845, 53.38434000108131], [-6.295169999984582, 53.38491000040295], [-6.295769999961219, 53.38539000079892]]}, "properties": {"FID": 2343, "BIKE": "BIKE_LANE", "Shape_Leng": 146.991434726, "DIR": "Forward"}}, {"type": "Feature", "id": 2346, "geometry": {"type": "LineString", "coordinates": [[-6.292330000068292, 53.346150001047334], [-6.2922700001265355, 53.34616000075353], [-6.292030000013007, 53.34620000107081]]}, "properties": {"FID": 2346, "BIKE": "BIKE_LANE", "Shape_Leng": 20.7397082126, "DIR": "Forward"}}, {"type": "Feature", "id": 2348, "geometry": {"type": "LineString", "coordinates": [[-6.183649999952018, 53.400160000896136], [-6.183939999178813, 53.39997000121536]]}, "properties": {"FID": 2348, "BIKE": "BIKE_LANE", "Shape_Leng": 28.6220111807, "DIR": "Forward"}}, {"type": "Feature", "id": 2349, "geometry": {"type": "LineString", "coordinates": [[-6.248231694811635, 53.32915195358541], [-6.248485830136328, 53.329231185854326], [-6.248648878586563, 53.32927210033447], [-6.248904278399121, 53.32932053438255], [-6.249231638408669, 53.329371563721175], [-6.249689493301548, 53.32944145683608], [-6.249868167083143, 53.329477976298044], [-6.250010955026589, 53.32951088790137], [-6.25029834716346, 53.329595226755835], [-6.25065612681946, 53.32972065823702], [-6.2508637165772125, 53.32980536596182], [-6.251113713943494, 53.329923052401], [-6.251345265431686, 53.33005125368635], [-6.251560944456672, 53.33019000764371], [-6.25180767138727, 53.33038776770342], [-6.251888906193511, 53.33047832553161], [-6.251990217577503, 53.33058150473916], [-6.252072704321655, 53.33070443810847], [-6.2522499645124245, 53.3310275265715], [-6.252434817366594, 53.331353808003016]]}, "properties": {"FID": 2349, "BIKE": "BIKE_LANE", "Shape_Leng": 397.651693494, "DIR": "Forward"}}, {"type": "Feature", "id": 2350, "geometry": {"type": "LineString", "coordinates": [[-6.270954175594508, 53.33834019464477], [-6.271124495034919, 53.338375176598724], [-6.271379999638288, 53.33836000042922]]}, "properties": {"FID": 2350, "BIKE": "BIKE_LANE", "Shape_Leng": 29.0971556588, "DIR": "Forward"}}, {"type": "Feature", "id": 2351, "geometry": {"type": "LineString", "coordinates": [[-6.270949999683943, 53.338340000199246], [-6.271089999821904, 53.33842000103863], [-6.271370000393168, 53.338490001576325], [-6.271580000077959, 53.33854000081627], [-6.271809999738235, 53.338600001057095], [-6.272270000061898, 53.338750000716075], [-6.27277407070256, 53.33892269704171], [-6.272799833656158, 53.33893152334766], [-6.273055081272086, 53.33901292964403], [-6.273508370602443, 53.33912154134872], [-6.273999298571377, 53.339207257578266], [-6.274592243126759, 53.33930872125125]]}, "properties": {"FID": 2351, "BIKE": "BIKE_LANE", "Shape_Leng": 267.358177092, "DIR": "Forward"}}, {"type": "Feature", "id": 2352, "geometry": {"type": "LineString", "coordinates": [[-6.271379999638288, 53.33836000042922], [-6.27190000000996, 53.3384000007894], [-6.272200000600947, 53.33841000133642]]}, "properties": {"FID": 2352, "BIKE": "BIKE_LANE", "Shape_Leng": 54.9361107596, "DIR": "Forward"}}, {"type": "Feature", "id": 2353, "geometry": {"type": "LineString", "coordinates": [[-6.252516656703594, 53.33190438029047], [-6.252369040580287, 53.33172728331759], [-6.252264431611035, 53.33155957430702], [-6.252144444453136, 53.33142137445695], [-6.2520537227822635, 53.33135746968713], [-6.251971163672489, 53.331299249018194], [-6.251918276544391, 53.33127073929799], [-6.251854344407141, 53.331260557210356], [-6.251738837765037, 53.331252701282935], [-6.25161021785501, 53.331250816220184], [-6.251492391253709, 53.33123676287848], [-6.251355371765356, 53.33118852928068], [-6.251321247891123, 53.33114180481858], [-6.251278093108992, 53.331064131196136], [-6.251215306256129, 53.330963056730646], [-6.251102142582039, 53.33083505040717], [-6.251025044669804, 53.33076920538794], [-6.250950268423794, 53.33070955753082], [-6.250819907318592, 53.33062444188437], [-6.250345881840044, 53.33038328503587], [-6.249907434659629, 53.330153434016836], [-6.2494780832312, 53.329952990132725], [-6.249019128687303, 53.32972129336314], [-6.248711425618819, 53.32956731682013], [-6.248328323618345, 53.32936908826187]]}, "properties": {"FID": 2353, "BIKE": "BIKE_LANE", "Shape_Leng": 411.18045612, "DIR": "Forward"}}, {"type": "Feature", "id": 2355, "geometry": {"type": "LineString", "coordinates": [[-6.246640000164705, 53.34360000117329], [-6.248640000926708, 53.34400000106397]]}, "properties": {"FID": 2355, "BIKE": "BIKE_LANE", "Shape_Leng": 140.445560329, "DIR": "Forward"}}, {"type": "Feature", "id": 2357, "geometry": {"type": "LineString", "coordinates": [[-6.232081730309486, 53.329455323749585], [-6.23215755780286, 53.3295041882388], [-6.232415307062237, 53.32965350121317]]}, "properties": {"FID": 2357, "BIKE": "BIKE_LANE", "Shape_Leng": 31.318753497, "DIR": "Forward"}}, {"type": "Feature", "id": 2358, "geometry": {"type": "LineString", "coordinates": [[-6.273879999786704, 53.35133000079775], [-6.273660000638009, 53.35164000068708]]}, "properties": {"FID": 2358, "BIKE": "BIKE_LANE", "Shape_Leng": 37.481636085, "DIR": "Forward"}}, {"type": "Feature", "id": 2360, "geometry": {"type": "LineString", "coordinates": [[-6.199090000967773, 53.388300000604765], [-6.198710000184698, 53.38860000088272], [-6.197680000042105, 53.389450001683144]]}, "properties": {"FID": 2360, "BIKE": "BIKE_LANE", "Shape_Leng": 158.69258939, "DIR": "Forward"}}, {"type": "Feature", "id": 2363, "geometry": {"type": "LineString", "coordinates": [[-6.287920000466909, 53.34352000157601], [-6.286919999891482, 53.34357000095451], [-6.286669912346427, 53.34360354854912]]}, "properties": {"FID": 2363, "BIKE": "BIKE_LANE", "Shape_Leng": 83.9033886369, "DIR": "Forward"}}, {"type": "Feature", "id": 2364, "geometry": {"type": "LineString", "coordinates": [[-6.192219999683851, 53.39280000067652], [-6.192889999944252, 53.392500000970365]]}, "properties": {"FID": 2364, "BIKE": "BIKE_LANE", "Shape_Leng": 55.6909477592, "DIR": "Forward"}}, {"type": "Feature", "id": 2367, "geometry": {"type": "LineString", "coordinates": [[-6.292030000013007, 53.34620000107081], [-6.2918099999449355, 53.346240000533605]]}, "properties": {"FID": 2367, "BIKE": "BIKE_LANE", "Shape_Leng": 15.312791552, "DIR": "Forward"}}, {"type": "Feature", "id": 2368, "geometry": {"type": "LineString", "coordinates": [[-6.264940000128309, 53.38593000045303], [-6.2649400000363835, 53.38647000086852], [-6.2650000003427255, 53.38691000139709], [-6.265060000373333, 53.387270001008154]]}, "properties": {"FID": 2368, "BIKE": "BIKE_LANE", "Shape_Leng": 149.491777833, "DIR": "Forward"}}, {"type": "Feature", "id": 2369, "geometry": {"type": "LineString", "coordinates": [[-6.203860000065988, 53.38359000046904], [-6.203630000492565, 53.38374000076156], [-6.20339999980078, 53.38395000094135], [-6.20320000009521, 53.38418000154061], [-6.20290999958593, 53.38464000060048], [-6.20252999937299, 53.38525000123095], [-6.202279999618588, 53.385650000429486], [-6.202179999700581, 53.38578000150453]]}, "properties": {"FID": 2369, "BIKE": "BIKE_LANE", "Shape_Leng": 270.037368012, "DIR": "Forward"}}, {"type": "Feature", "id": 2370, "geometry": {"type": "LineString", "coordinates": [[-6.291009270060206, 53.34679950365905], [-6.291243485462205, 53.34655773109406], [-6.291357689972313, 53.34632960817405], [-6.2914633107306415, 53.34621503257506], [-6.291779999767153, 53.34617000064209]]}, "properties": {"FID": 2370, "BIKE": "BIKE_LANE", "Shape_Leng": 93.8444643802, "DIR": "Forward"}}, {"type": "Feature", "id": 2371, "geometry": {"type": "LineString", "coordinates": [[-6.187570000406326, 53.39644000109145], [-6.18736999956742, 53.396710000794116], [-6.187160000405525, 53.3969800002267]]}, "properties": {"FID": 2371, "BIKE": "BIKE_LANE", "Shape_Leng": 66.0001206298, "DIR": "Forward"}}, {"type": "Feature", "id": 2372, "geometry": {"type": "LineString", "coordinates": [[-6.186510900740329, 53.397107330500425], [-6.186604121461674, 53.39708961540845]]}, "properties": {"FID": 2372, "BIKE": "BIKE_FRIENDLY_PEDESTRIAN_PATH", "Shape_Leng": 6.50687970253, "DIR": "Forward"}}, {"type": "Feature", "id": 2375, "geometry": {"type": "LineString", "coordinates": [[-6.257136068786284, 53.33620264750828], [-6.257195142914027, 53.33620844142625], [-6.257311614992728, 53.336224274051226], [-6.258111900054992, 53.33647329264013]]}, "properties": {"FID": 2375, "BIKE": "BIKE_LANE", "Shape_Leng": 72.0267296866, "DIR": "Forward"}}, {"type": "Feature", "id": 2383, "geometry": {"type": "LineString", "coordinates": [[-6.246084664659297, 53.39282959166166], [-6.246015835533564, 53.393151207067184], [-6.245883269630435, 53.39373375501718], [-6.245809884358529, 53.3939324193537]]}, "properties": {"FID": 2383, "BIKE": "BIKE_LANE", "Shape_Leng": 124.157413935, "DIR": "Forward"}}, {"type": "Feature", "id": 2386, "geometry": {"type": "LineString", "coordinates": [[-6.241985509300324, 53.318583597420854], [-6.2416452739767845, 53.318544580721195], [-6.2412981637863805, 53.3185365724578], [-6.239172727761079, 53.31848296980702], [-6.238284483695076, 53.31849271755121], [-6.237474483649137, 53.31853271777177], [-6.237047079486826, 53.31856509711253], [-6.2368374456681135, 53.31858097783354], [-6.23675910525325, 53.318594527106555], [-6.235844482833442, 53.31875271648133], [-6.234624480528491, 53.3190027174227], [-6.234144481425141, 53.319112717284305], [-6.233894480674417, 53.31918271709905], [-6.233284480902254, 53.31941271778757], [-6.232903337539209, 53.31956025731193], [-6.232873424738375, 53.319607545015806], [-6.232866556757205, 53.31967058618525]]}, "properties": {"FID": 2386, "BIKE": "BIKE_LANE", "Shape_Leng": 642.551283469, "DIR": "Forward"}}, {"type": "Feature", "id": 2387, "geometry": {"type": "LineString", "coordinates": [[-6.332163983260565, 53.31722976784644], [-6.331979390389939, 53.31750438095463], [-6.3318015076961025, 53.317627059119836], [-6.331689390366181, 53.31770438098002], [-6.3313893903173, 53.31784438174533], [-6.327609388575292, 53.319514381399806], [-6.327329388499427, 53.31964438093211], [-6.32493938735234, 53.320714381552165], [-6.3221593859727445, 53.3219243816816], [-6.319999384908409, 53.32287438208716], [-6.319759385351138, 53.32299438172844], [-6.319339384670638, 53.32320438240452], [-6.318919384222118, 53.323494382610505], [-6.318499384613339, 53.32386438235903], [-6.317799384672898, 53.324504382282065], [-6.3174193840246735, 53.32484438293773], [-6.317322937694001, 53.324960118107946]]}, "properties": {"FID": 2387, "BIKE": "BIKE_LANE", "Shape_Leng": 1325.74848443, "DIR": "Forward"}}, {"type": "Feature", "id": 2388, "geometry": {"type": "LineString", "coordinates": [[-6.369524700353118, 53.34350683645484], [-6.370558301161951, 53.3436087595768], [-6.371327772993287, 53.34367035619933], [-6.371760859615115, 53.34369207358233], [-6.372239857986458, 53.34373022291608], [-6.372822333562182, 53.34379236117636], [-6.373119914755997, 53.343838569231075], [-6.373197193448797, 53.34385693467479], [-6.373539657174576, 53.34391353884038], [-6.3737874139020025, 53.343947023019794], [-6.375050114822215, 53.34411401140553], [-6.375616973367402, 53.344190224013246], [-6.37602366893721, 53.34424468451517], [-6.376551215797456, 53.344329390477704], [-6.37688858422037, 53.34441232407532]]}, "properties": {"FID": 2388, "BIKE": "BIKE_LANE", "Shape_Leng": 501.835397562, "DIR": "Forward"}}, {"type": "Feature", "id": 2389, "geometry": {"type": "MultiLineString", "coordinates": [[[-6.246814700263549, 53.35474070068817], [-6.246998296275337, 53.35487996635913], [-6.247045581143254, 53.3549254299706], [-6.247311415907862, 53.35511259568695], [-6.247991416113634, 53.35561259469432], [-6.248411416354449, 53.35592259431675], [-6.248471415336928, 53.355962594944295], [-6.2486514162004685, 53.35610259435804], [-6.249001415350605, 53.3563625953015], [-6.24906141553803, 53.35640259474078], [-6.249521415897443, 53.356742594472294], [-6.249631415870408, 53.356832594560416], [-6.24985141535893, 53.35700259423751], [-6.250241416366094, 53.35729259352108], [-6.250381415452689, 53.357372594001404], [-6.250531416516973, 53.35745259355336], [-6.250681415008458, 53.35750259325332], [-6.250881415627716, 53.357562593377786]], [[-6.250931414422172, 53.357572593923635], [-6.25129141494058, 53.35765259390725], [-6.25156141547771, 53.357712593177666], [-6.252041414013006, 53.357812592305976], [-6.2522214146100605, 53.35785259254748], [-6.252561414261203, 53.357922593038765], [-6.252621413915537, 53.35793259282132], [-6.25351141396462, 53.35811259202939], [-6.253571414081431, 53.3581225922362], [-6.254011412347362, 53.35822259203379], [-6.254551412315325, 53.358322591569426], [-6.254701412461856, 53.358352592141074], [-6.254741412972175, 53.358362591342704], [-6.255261411614077, 53.35847259186775], [-6.256141410939079, 53.35865259044438], [-6.256751411508175, 53.35877259030377], [-6.257381411130204, 53.358912589990624], [-6.257741409226687, 53.358972589756846], [-6.258071409752484, 53.35904258930386], [-6.258311410009675, 53.35909258985056], [-6.2588114092988025, 53.359202589349984], [-6.259421408000601, 53.35933258905729], [-6.260071408831538, 53.35946258917542], [-6.2605214076818285, 53.35955258817766], [-6.261321408014101, 53.359722588059476]]]}, "properties": {"FID": 2389, "BIKE": "BIKE_LANE", "Shape_Leng": 1149.11249904, "DIR": "Forward"}}, {"type": "Feature", "id": 2390, "geometry": {"type": "LineString", "coordinates": [[-6.291441283640338, 53.333511834644945], [-6.291223967926228, 53.33367914878007], [-6.291018690908883, 53.333827547881334], [-6.2908237110147525, 53.33396154244773], [-6.290722453357526, 53.33406195457925], [-6.290608362231505, 53.33411852758303], [-6.290553165292437, 53.33416139270141], [-6.2904682293823315, 53.33421838334982], [-6.2903194244123215, 53.33429192068006], [-6.290279037577687, 53.33432917633719], [-6.290120000224126, 53.33443000112063], [-6.289959999987511, 53.33473000055153], [-6.28979000024178, 53.335110000516956], [-6.289750000320856, 53.33520000095801], [-6.289629999477495, 53.33541000129481], [-6.28952993679766, 53.335552438095775], [-6.289457713998421, 53.33565617670907], [-6.289145246607854, 53.33593109255244], [-6.288885563966457, 53.33610199054696], [-6.288621718535282, 53.33625536620753], [-6.288297576517049, 53.33645735290461], [-6.287712024979817, 53.33675162925502], [-6.287296940003431, 53.3369173829131], [-6.286509999909632, 53.33723000090565], [-6.286339999993962, 53.33729000114907], [-6.285299999701861, 53.337660000569095], [-6.285139999354928, 53.337710001579104], [-6.284790000181096, 53.33780000114664], [-6.28457000005346, 53.33785000070625], [-6.284119998905954, 53.33794000112856], [-6.283739999537916, 53.3380000007084], [-6.283539999602363, 53.33803000087418], [-6.283420000290078, 53.3380500003142], [-6.2829199998924015, 53.338120000929955], [-6.282300000937905, 53.338190001074196], [-6.281869999831876, 53.33824000086486], [-6.2814299992999265, 53.33829000067293], [-6.281210000739178, 53.3383100008157], [-6.280691993444056, 53.33841144450412], [-6.279507786166075, 53.338746411876315], [-6.278946170912674, 53.33885938363004], [-6.278672015359311, 53.33886660410618], [-6.278345357933821, 53.33886375283042], [-6.2779122014266875, 53.33887799035036], [-6.276951824227048, 53.338944473635934], [-6.27656182288425, 53.338954474163195], [-6.276155774008815, 53.338983009594905], [-6.275922427510361, 53.3389833622861], [-6.27552917658077, 53.33901120599509], [-6.275267564920734, 53.339093105960664], [-6.275061488293711, 53.339186984142955], [-6.27493149454863, 53.33935655081695], [-6.274778086656686, 53.33942316697303], [-6.274626922702356, 53.33940945634351]]}, "properties": {"FID": 2390, "BIKE": "BIKE_LANE", "Shape_Leng": 1393.21226097, "DIR": "Forward"}}, {"type": "Feature", "id": 2394, "geometry": {"type": "LineString", "coordinates": [[-6.248996237050279, 53.376808817595624], [-6.249177944395024, 53.37668053052917], [-6.249397820776479, 53.3765064083551], [-6.249539203026336, 53.37639640782615], [-6.249636949978136, 53.37631937453586], [-6.249788879221213, 53.37618588523568], [-6.249978407360446, 53.37601006850719], [-6.250069596814186, 53.375935479646046]]}, "properties": {"FID": 2394, "BIKE": "BIKE_FRIENDLY_PEDESTRIAN_PATH", "Shape_Leng": 120.728623571, "DIR": "Forward"}}, {"type": "Feature", "id": 2399, "geometry": {"type": "LineString", "coordinates": [[-6.241004129131036, 53.350461196828185], [-6.241445760402856, 53.350792520883815], [-6.241695761302361, 53.350972521060285], [-6.242085761347954, 53.351252520827174], [-6.242135760037069, 53.35129252122367], [-6.242285759639882, 53.3514025203412], [-6.24244576002275, 53.35151252007185], [-6.242725761322952, 53.35173252028433], [-6.242895759894102, 53.35185252032974], [-6.242915760393992, 53.35186252024862], [-6.243025759484977, 53.35194252017118], [-6.243215760991998, 53.35209252096202], [-6.24327576040749, 53.35213252070479], [-6.243495759814193, 53.35228252048073], [-6.243585760171826, 53.352352520075215], [-6.244225760942623, 53.35282251999362], [-6.244535760581766, 53.353052519690905], [-6.245065760667052, 53.353472519694115], [-6.245245761082843, 53.3535925195667], [-6.245425760146818, 53.35370251985059], [-6.2456457602413336, 53.353872519500875], [-6.245865760542713, 53.354042519631314], [-6.246572146085304, 53.35459617493997], [-6.246608817167168, 53.354621897642396]]}, "properties": {"FID": 2399, "BIKE": "BIKE_LANE", "Shape_Leng": 595.014082888, "DIR": "Forward"}}, {"type": "Feature", "id": 2400, "geometry": {"type": "LineString", "coordinates": [[-6.265983373397307, 53.37258167237528], [-6.2659676169686485, 53.37273608228507], [-6.265927507521837, 53.3730019382433], [-6.265730903701865, 53.372991181794696]]}, "properties": {"FID": 2400, "BIKE": "BIKE_FRIENDLY_PEDESTRIAN_PATH", "Shape_Leng": 60.0639685307, "DIR": "Forward"}}, {"type": "Feature", "id": 2401, "geometry": {"type": "LineString", "coordinates": [[-6.265874592958162, 53.32186074331933], [-6.265955323203937, 53.321756890563336], [-6.2660430539555625, 53.32170787459759], [-6.266149045654663, 53.32168322211546], [-6.267048340186154, 53.3214622218672], [-6.267370537722338, 53.32137520372715], [-6.267490991273891, 53.32129934078818], [-6.268404443029362, 53.320030937023155], [-6.26925444336097, 53.318830937480676], [-6.270204444801821, 53.31750093793593], [-6.27044444407947, 53.31717093856738], [-6.271404446091477, 53.315800938072876], [-6.271504445369496, 53.315670938448996], [-6.271714445437721, 53.31537093834736], [-6.272114447091587, 53.314800938266295], [-6.272284446285241, 53.314570938848476], [-6.27258444681679, 53.31414093855944], [-6.27296444718272, 53.31357093899327], [-6.2738544478211775, 53.312340940129125], [-6.273963191353046, 53.31219037342571], [-6.273991925274411, 53.31209143972508], [-6.274062230750227, 53.312056154941935], [-6.274447218397979, 53.311907510610204]]}, "properties": {"FID": 2401, "BIKE": "BIKE_LANE", "Shape_Leng": 1277.84593811, "DIR": "Forward"}}, {"type": "Feature", "id": 2402, "geometry": {"type": "LineString", "coordinates": [[-6.297019999581235, 53.34814600092853], [-6.298503673728393, 53.34817078612099], [-6.299533567063753, 53.348192462303395], [-6.300196536185153, 53.34820390809427], [-6.301474651630823, 53.348225772573464], [-6.3021992476425295, 53.34824108113522], [-6.302993466749967, 53.34825504496291], [-6.3040384641215095, 53.34827489899973], [-6.304396558219752, 53.34828331858875], [-6.304830380732879, 53.348290815004596], [-6.30521542659378, 53.348293287463584], [-6.305549691804147, 53.34829426095532], [-6.306889689797662, 53.3482742610476], [-6.307789689456083, 53.3482242609585], [-6.308029688167909, 53.348204260604334], [-6.308119689149303, 53.348194261354]]}, "properties": {"FID": 2402, "BIKE": "BIKE_LANE", "Shape_Leng": 739.971881548, "DIR": "Forward"}}, {"type": "Feature", "id": 2403, "geometry": {"type": "LineString", "coordinates": [[-6.259530565800821, 53.36182197644837], [-6.259156673450455, 53.3622128443889], [-6.259054237681575, 53.36233015637933], [-6.258936778225524, 53.362464357021224], [-6.2584908474053, 53.36294528862567], [-6.258355552797742, 53.363090771826656], [-6.2581002993435915, 53.36336343178306]]}, "properties": {"FID": 2403, "BIKE": "BIKE_LANE", "Shape_Leng": 196.217689887, "DIR": "Forward"}}, {"type": "Feature", "id": 2404, "geometry": {"type": "LineString", "coordinates": [[-6.255620521965321, 53.36682691337102], [-6.255574018409217, 53.366939790054154], [-6.255565295960983, 53.36699695624512], [-6.255567658421515, 53.367134496003914], [-6.2555648835548, 53.36728055507631], [-6.255563319872928, 53.36735787924154], [-6.255578876952276, 53.36748510838494], [-6.255576260435488, 53.367588198598874], [-6.255571353188144, 53.367630142597434], [-6.255555980069182, 53.367654745680376], [-6.25553457116731, 53.36770981644494], [-6.255508024803421, 53.36777340651764]]}, "properties": {"FID": 2404, "BIKE": "BIKE_LANE", "Shape_Leng": 106.357675394, "DIR": "Forward"}}, {"type": "Feature", "id": 2407, "geometry": {"type": "LineString", "coordinates": [[-6.283372444908183, 53.30994961389236], [-6.283297080815691, 53.30995824529305], [-6.281722879143683, 53.31036788975906], [-6.280902728971098, 53.31057907639978], [-6.280769741708367, 53.310622081243494], [-6.279786885066882, 53.31088225405286], [-6.277931849257967, 53.31136630484524], [-6.27758362496785, 53.31144297945691]]}, "properties": {"FID": 2407, "BIKE": "BIKE_LANE", "Shape_Leng": 420.315482242, "DIR": "Forward"}}, {"type": "Feature", "id": 2409, "geometry": {"type": "LineString", "coordinates": [[-6.2299559271781755, 53.364443889101395], [-6.229780722175735, 53.36450948400004], [-6.229630907869142, 53.364611474374286], [-6.2295268852473935, 53.36470272454436], [-6.229427454211312, 53.36479832469849], [-6.2293593400133815, 53.36492924273038], [-6.229287893937708, 53.36524360128161], [-6.229187895001556, 53.36547360132134], [-6.229067894204845, 53.365703601052864], [-6.228957895831236, 53.365893601830116], [-6.228857895822192, 53.366053601118544], [-6.228657895581228, 53.36633360136531], [-6.228457895864678, 53.366603601995145], [-6.22812789611175, 53.36706360196171], [-6.227947896576868, 53.36730360152236], [-6.227787897638337, 53.367473602576304], [-6.227527896991167, 53.36770360234852], [-6.227487896773748, 53.36773360201994]]}, "properties": {"FID": 2409, "BIKE": "BIKE_LANE", "Shape_Leng": 407.525433394, "DIR": "Forward"}}, {"type": "Feature", "id": 2410, "geometry": {"type": "LineString", "coordinates": [[-6.212733728151431, 53.31885291470094], [-6.213643727958539, 53.31933291524953], [-6.214553727463518, 53.31986291460394], [-6.215273727314383, 53.320272914323496], [-6.215533727451361, 53.320422914131704], [-6.215933726417979, 53.320672914262154], [-6.216453726084256, 53.32098291420425], [-6.217113726364877, 53.32143291333416], [-6.2179837264480184, 53.32210291283679], [-6.218193726492316, 53.322272913414736], [-6.218443725238454, 53.32246291298169], [-6.21892372601943, 53.322842912995476], [-6.2193637256385195, 53.3231429129718], [-6.2199237251556685, 53.32348291280611], [-6.220923724816711, 53.324082911884325], [-6.2215437244646274, 53.32444291219217], [-6.221693724684612, 53.32452291177156], [-6.222803723426184, 53.32518291196163], [-6.2232237242548685, 53.32543291164535], [-6.223483723600963, 53.325602911200264], [-6.223733724244921, 53.32579291100727], [-6.224023722855066, 53.32604291055867], [-6.22437372293092, 53.326402911111394], [-6.224483724023944, 53.32651291104604], [-6.224713723800733, 53.326782911485225], [-6.224883722976884, 53.32694291093703], [-6.225023723163, 53.32707291147751], [-6.225223724311627, 53.32721291052387], [-6.225413723119746, 53.32731291038754], [-6.225643723052775, 53.327412909947604], [-6.225977133381434, 53.327538062605086], [-6.226278761814926, 53.32763575470283], [-6.226956308197256, 53.32782542239911], [-6.228143720821232, 53.32814291013539], [-6.228513720670196, 53.32824290996768], [-6.2289499192112086, 53.328329030458995], [-6.229435776652487, 53.328471506206185], [-6.229856164674056, 53.328590275527766], [-6.2301603660086835, 53.32867208319045]]}, "properties": {"FID": 2410, "BIKE": "BIKE_LANE", "Shape_Leng": 1622.08885523, "DIR": "Forward"}}, {"type": "Feature", "id": 2411, "geometry": {"type": "LineString", "coordinates": [[-6.291779999767153, 53.34617000064209], [-6.291930000552686, 53.3461500006638]]}, "properties": {"FID": 2411, "BIKE": "BIKE_LANE", "Shape_Leng": 10.2346566997, "DIR": "Forward"}}, {"type": "Feature", "id": 2412, "geometry": {"type": "LineString", "coordinates": [[-6.245678870018584, 53.32822223495106], [-6.245607852171759, 53.32825096196148], [-6.245549188810833, 53.3282806076685], [-6.245508076268087, 53.328323462528736], [-6.2453250890887, 53.32869161522118], [-6.245189998521107, 53.3289634028236], [-6.245127589311036, 53.329106033699674], [-6.244744558676894, 53.32998779998317], [-6.2441802913480915, 53.331321654245606], [-6.243798769832772, 53.332163801894026], [-6.243750733828884, 53.332272924574234], [-6.243639214492753, 53.33255140486763], [-6.2435974930847005, 53.332679637596364], [-6.243570160328742, 53.33274195450745], [-6.2434167530812115, 53.33314086851291]]}, "properties": {"FID": 2412, "BIKE": "BIKE_LANE", "Shape_Leng": 570.373649636, "DIR": "Forward"}}, {"type": "Feature", "id": 2413, "geometry": {"type": "LineString", "coordinates": [[-6.252119999362258, 53.341650000836076], [-6.252039999753234, 53.34162000112159], [-6.251009999712527, 53.341280000878854]]}, "properties": {"FID": 2413, "BIKE": "BIKE_LANE", "Shape_Leng": 84.6349548415, "DIR": "Forward"}}, {"type": "Feature", "id": 2415, "geometry": {"type": "LineString", "coordinates": [[-6.2836076836967125, 53.30990236490626], [-6.283461002484787, 53.31018262054318], [-6.2832554935557186, 53.31055887635507], [-6.2831248737493715, 53.31086880878987], [-6.283065495080184, 53.31103887591097], [-6.282875496549097, 53.31149887656258], [-6.282715498165968, 53.311888876076736], [-6.282685499120083, 53.311968876216774], [-6.282635499692699, 53.31213887683176], [-6.282527641324406, 53.31247476779368], [-6.282395503035719, 53.31301887675778], [-6.282279663144063, 53.313446643343966], [-6.2823084161181795, 53.31359786657048], [-6.282394247164536, 53.31382461392096], [-6.282508525789803, 53.31400173573213], [-6.282534089641827, 53.314094855942926], [-6.2825716289863855, 53.314202293205206], [-6.282505507239784, 53.31444887681109], [-6.282489974624749, 53.314568005591255], [-6.282403747226466, 53.314734719625555], [-6.282291411686409, 53.314926125485464], [-6.282131444282769, 53.315156954724515], [-6.281946777553651, 53.31537739991775], [-6.281881406947583, 53.31544163477222], [-6.281505306689414, 53.31584231889816], [-6.281063324253014, 53.31631976194419], [-6.280797039977509, 53.31659167256287], [-6.280448718697053, 53.316966329621685], [-6.280122923815308, 53.31732396701328], [-6.2799867780008976, 53.31748243914665], [-6.279862878848344, 53.3176486081114], [-6.279671889359111, 53.317921601216675], [-6.2793324070958105, 53.31845960514152], [-6.279172246529568, 53.31873247324254], [-6.2790355299862695, 53.31890887996835], [-6.278985531541272, 53.31905888134839], [-6.278945531377609, 53.319198881176604], [-6.278895532903517, 53.31949888085534], [-6.278836270287467, 53.319719073381556], [-6.278813886435736, 53.31997336240287], [-6.2788666716224535, 53.32022146200989], [-6.278888760804506, 53.32037697330392], [-6.278925309253314, 53.32052541913552], [-6.279022203287024, 53.320734144452864], [-6.279206970322463, 53.32107386840506], [-6.2793299024046325, 53.321323253843026], [-6.279391895261387, 53.32157091072198], [-6.279418521968486, 53.321884645012595], [-6.279458496283844, 53.32210240520437], [-6.279485538016698, 53.322248880097106]]}, "properties": {"FID": 2415, "BIKE": "BIKE_LANE", "Shape_Leng": 1447.07442733, "DIR": "Forward"}}, {"type": "Feature", "id": 2419, "geometry": {"type": "LineString", "coordinates": [[-6.271120379880974, 53.35044392594378], [-6.2708603786120385, 53.350533924729376], [-6.270820379589282, 53.35055392508806], [-6.270520379854862, 53.3506939248534], [-6.2703847763638025, 53.350766008515365], [-6.270307878418556, 53.350818793571065], [-6.270100379617348, 53.35097392545541], [-6.269828026649392, 53.35120214880559]]}, "properties": {"FID": 2419, "BIKE": "BIKE_LANE", "Shape_Leng": 122.0026491, "DIR": "Forward"}}, {"type": "Feature", "id": 2420, "geometry": {"type": "LineString", "coordinates": [[-6.210258876557218, 53.380026292375675], [-6.209852407364988, 53.38028704430251], [-6.209532407875407, 53.380507044687874], [-6.2090824068730655, 53.38085704482302]]}, "properties": {"FID": 2420, "BIKE": "BIKE_LANE", "Shape_Leng": 121.252622168, "DIR": "Forward"}}, {"type": "Feature", "id": 2422, "geometry": {"type": "LineString", "coordinates": [[-6.251009999712527, 53.341280000878854], [-6.250699999375461, 53.34116000145973]]}, "properties": {"FID": 2422, "BIKE": "BIKE_LANE", "Shape_Leng": 24.5903546689, "DIR": "Forward"}}, {"type": "Feature", "id": 2423, "geometry": {"type": "LineString", "coordinates": [[-6.2693871588751575, 53.33829038207943], [-6.2693654184186185, 53.33836477589435], [-6.26933797970133, 53.3384745262707]]}, "properties": {"FID": 2423, "BIKE": "BIKE_LANE", "Shape_Leng": 20.7552225036, "DIR": "Forward"}}, {"type": "Feature", "id": 2427, "geometry": {"type": "LineString", "coordinates": [[-6.347666083560865, 53.342448167355], [-6.347296563054147, 53.342464857679694], [-6.346626561589822, 53.34250485770738], [-6.3461565622082885, 53.34253485730263], [-6.345836561351207, 53.34254485667882], [-6.345306560855633, 53.34252485752934], [-6.345056561607254, 53.342494857417655]]}, "properties": {"FID": 2427, "BIKE": "BIKE_LANE", "Shape_Leng": 174.700636467, "DIR": "Forward"}}, {"type": "Feature", "id": 2428, "geometry": {"type": "LineString", "coordinates": [[-6.2443388512712446, 53.387606583012435], [-6.245148851628398, 53.38807658258211], [-6.2453588512203915, 53.388206582349625], [-6.245548852627492, 53.388356581971806], [-6.245678852057049, 53.38847658254567], [-6.245838852039787, 53.388686581951355], [-6.2459288520070615, 53.38887658314261], [-6.246278852118634, 53.389776583146585]]}, "properties": {"FID": 2428, "BIKE": "BIKE_LANE", "Shape_Leng": 282.559350161, "DIR": "Forward"}}, {"type": "Feature", "id": 2429, "geometry": {"type": "LineString", "coordinates": [[-6.26439000051024, 53.40105000140599], [-6.264158301142591, 53.40108875859951], [-6.263840329533636, 53.40110577337446]]}, "properties": {"FID": 2429, "BIKE": "BIKE_LANE", "Shape_Leng": 37.2367451914, "DIR": "Forward"}}, {"type": "Feature", "id": 2435, "geometry": {"type": "LineString", "coordinates": [[-6.27607305707122, 53.32893351398975], [-6.2757477556864645, 53.3293656213566], [-6.275696651645814, 53.32946555496279]]}, "properties": {"FID": 2435, "BIKE": "BIKE_LANE", "Shape_Leng": 64.3787543744, "DIR": "Forward"}}, {"type": "Feature", "id": 2436, "geometry": {"type": "LineString", "coordinates": [[-6.272330929962704, 53.34304688188732], [-6.272370930734437, 53.34305688156167], [-6.2730709309993475, 53.343196881452165], [-6.273440931976035, 53.343256882410635], [-6.274501444001832, 53.34345162841313]]}, "properties": {"FID": 2436, "BIKE": "BIKE_LANE", "Shape_Leng": 151.458182429, "DIR": "Forward"}}, {"type": "Feature", "id": 2437, "geometry": {"type": "LineString", "coordinates": [[-6.251753878908586, 53.34836045473344], [-6.251778641346951, 53.34823842539868]]}, "properties": {"FID": 2437, "BIKE": "BIKE_FRIENDLY_PEDESTRIAN_PATH", "Shape_Leng": 13.6805530454, "DIR": "Forward"}}, {"type": "Feature", "id": 2441, "geometry": {"type": "LineString", "coordinates": [[-6.283388441997523, 53.30579039644145], [-6.283753067502492, 53.306764697624814], [-6.2838730686506095, 53.30719469748127], [-6.284023069878319, 53.30773469689246], [-6.28408306929562, 53.308174696163945], [-6.284063070482831, 53.308544696186225], [-6.283963071208849, 53.30899469627788], [-6.283823071376243, 53.30938469653469], [-6.2837017834024085, 53.3096493270805]]}, "properties": {"FID": 2441, "BIKE": "BIKE_LANE", "Shape_Leng": 436.348405793, "DIR": "Forward"}}, {"type": "Feature", "id": 2442, "geometry": {"type": "LineString", "coordinates": [[-6.296158983104349, 53.36078136859131], [-6.296329999141372, 53.36084000088041], [-6.296770000385724, 53.36099000081489]]}, "properties": {"FID": 2442, "BIKE": "BIKE_LANE", "Shape_Leng": 46.8383786273, "DIR": "Forward"}}, {"type": "Feature", "id": 2443, "geometry": {"type": "LineString", "coordinates": [[-6.255671030819856, 53.338394201427086], [-6.255661786490099, 53.33847782396019], [-6.255689999475846, 53.33854000111288], [-6.2558099994374325, 53.338630000173715], [-6.255920000215424, 53.33869000065054]]}, "properties": {"FID": 2443, "BIKE": "BIKE_LANE", "Shape_Leng": 39.2251756922, "DIR": "Forward"}}, {"type": "Feature", "id": 2444, "geometry": {"type": "LineString", "coordinates": [[-6.293607727322392, 53.33208190857304], [-6.294480665136968, 53.33233690414361], [-6.29512066406555, 53.33252690347547], [-6.296120664709499, 53.33282690397586], [-6.296640664660515, 53.33298690362898], [-6.297110664642521, 53.333146902714695], [-6.297856886657915, 53.33344846069272], [-6.298043350924418, 53.333514444813254], [-6.2982306635816805, 53.33356690289361], [-6.29861066466874, 53.3336769020904], [-6.298810663917724, 53.33373690232091], [-6.2990706640768765, 53.33381690233628], [-6.29974066469254, 53.3340569023347], [-6.3003606633825, 53.334306901718364], [-6.301730663525489, 53.334826900901334], [-6.30245066307024, 53.335106901141245], [-6.302960664104513, 53.33530690096292], [-6.3032606638548545, 53.33542690126765], [-6.303700663067756, 53.33558690029665], [-6.304170664111052, 53.33576690017461], [-6.30466066317335, 53.33594690013694], [-6.305550662697712, 53.336216898960714], [-6.306190662758862, 53.33643689959203], [-6.3064206636670095, 53.33655689922559], [-6.3065606632624736, 53.33668689910533], [-6.306629368539051, 53.33675560481044]]}, "properties": {"FID": 2444, "BIKE": "BIKE_LANE", "Shape_Leng": 1016.03392588, "DIR": "Forward"}}, {"type": "Feature", "id": 2455, "geometry": {"type": "LineString", "coordinates": [[-6.288825988140182, 53.35715635513304], [-6.288982244943375, 53.357316040582226], [-6.289601310289906, 53.35770017721305], [-6.289969157557442, 53.357950062038476], [-6.290261525194309, 53.358106912800054], [-6.290500316882535, 53.35823615426025], [-6.290880829114553, 53.35841534141803], [-6.291265698196184, 53.35858781542896], [-6.292038357416022, 53.35894200163404], [-6.292749368196601, 53.35927512165077], [-6.293027626459165, 53.35940425477913], [-6.293065711255435, 53.35940780877363], [-6.293375713663749, 53.359557807921696], [-6.2935957145404124, 53.3596678068142], [-6.294125719866295, 53.35993780527784], [-6.294515722350718, 53.360117803854465], [-6.294775723789954, 53.360237803378055]]}, "properties": {"FID": 2455, "BIKE": "BIKE_LANE", "Shape_Leng": 526.461018131, "DIR": "Forward"}}, {"type": "Feature", "id": 2457, "geometry": {"type": "LineString", "coordinates": [[-6.254864634475933, 53.325244744518315], [-6.2549646346069565, 53.32530474373031], [-6.255124633425238, 53.32544474411721], [-6.255404633942819, 53.325714743255844], [-6.255984634760957, 53.32621474429636], [-6.256184635306543, 53.326364744026094], [-6.256404635024068, 53.32649474320116], [-6.25683463446718, 53.32667474347816], [-6.257762226581588, 53.32694354594877], [-6.258009247623003, 53.32700330523228], [-6.258146769595059, 53.32703935426384], [-6.2582400936552025, 53.3270747577811], [-6.258345275546169, 53.32712924631008], [-6.258424961930643, 53.32728631180059], [-6.258464954816457, 53.32741625753623], [-6.258508606836513, 53.327615197524494], [-6.258554636957134, 53.32787474329397], [-6.258664637189411, 53.32823474227611], [-6.258764637080211, 53.32848474209516], [-6.258914636984127, 53.32881474251219], [-6.25912463636387, 53.329144742905825], [-6.259537318411402, 53.32966189689605], [-6.259742505789175, 53.32994737326092], [-6.259830078471262, 53.33005424702241], [-6.260022525275174, 53.33024990371308], [-6.260078980971988, 53.330282580230865]]}, "properties": {"FID": 2457, "BIKE": "BIKE_LANE", "Shape_Leng": 694.563272768, "DIR": "Forward"}}, {"type": "Feature", "id": 2464, "geometry": {"type": "LineString", "coordinates": [[-6.228056048166323, 53.36872147590752], [-6.228036625953589, 53.36877234524628], [-6.228136531063523, 53.36880802577014], [-6.228336530506348, 53.36887802587326], [-6.22871653049416, 53.36901802662783], [-6.228856531066714, 53.36906802652717], [-6.229406530792231, 53.36926802794869], [-6.2301765316289925, 53.369538028319], [-6.231276532910471, 53.36992802954883], [-6.231826532243538, 53.37012803041836], [-6.232466533155122, 53.370368030452745], [-6.232666533263329, 53.37043803128364], [-6.233286532810007, 53.37067803173896], [-6.23395653371441, 53.370918031846166], [-6.2354965340562, 53.37147803473724], [-6.236966535084614, 53.372008035341196], [-6.23709595768374, 53.37205836709135], [-6.237220805309877, 53.37208265278657], [-6.237316863393419, 53.3720644658497]]}, "properties": {"FID": 2464, "BIKE": "BIKE_FRIENDLY_PEDESTRIAN_PATH", "Shape_Leng": 726.526712735, "DIR": "Forward"}}, {"type": "Feature", "id": 2465, "geometry": {"type": "LineString", "coordinates": [[-6.239007397503504, 53.34255392599349], [-6.238802286063782, 53.34253620532958]]}, "properties": {"FID": 2465, "BIKE": "BIKE_FRIENDLY_PEDESTRIAN_PATH", "Shape_Leng": 13.8028423378, "DIR": "Bi-Directional"}}, {"type": "Feature", "id": 2466, "geometry": {"type": "LineString", "coordinates": [[-6.260296755857289, 53.33051510310753], [-6.26040003177072, 53.33054685340222], [-6.260430091103943, 53.330571305355285], [-6.260729847469444, 53.330804963570145], [-6.261040726161615, 53.330993019154796], [-6.26113244025213, 53.33105930074711], [-6.261304995029251, 53.331172240527884], [-6.261513697423671, 53.33132279279118], [-6.261907766844398, 53.33157627771081], [-6.262359682168592, 53.33188355658218], [-6.26267835691407, 53.33210318787454], [-6.262767706177788, 53.33218263009824], [-6.263112042015172, 53.33241647470973], [-6.26319687968344, 53.33247613365097], [-6.2633664554662625, 53.33259998890191]]}, "properties": {"FID": 2466, "BIKE": "BIKE_LANE", "Shape_Leng": 310.095140829, "DIR": "Forward"}}, {"type": "Feature", "id": 2469, "geometry": {"type": "LineString", "coordinates": [[-6.329030347543293, 53.34215892090372], [-6.329632427518519, 53.342224007011744], [-6.330096019412792, 53.34227377579796], [-6.330365789342679, 53.34231001072705], [-6.330547254092601, 53.342355248591915], [-6.33060084051693, 53.34236687931096], [-6.331674483834637, 53.34259991803288], [-6.332384481642635, 53.342769918070104], [-6.333184481526431, 53.34294991840576], [-6.333814480813935, 53.34309991824726], [-6.334374479478129, 53.34318991946625], [-6.33496447950349, 53.34324991858223], [-6.335274479921172, 53.3432699186524], [-6.335914479201517, 53.34323991979496], [-6.336294478460252, 53.343199919708006], [-6.336654477142557, 53.34313991986959], [-6.337254477088345, 53.34300991996435], [-6.3378044764517485, 53.34283992036992], [-6.3382444772836966, 53.3426699195794], [-6.338594476593154, 53.34250991960473], [-6.338894476926447, 53.342349920865736], [-6.339294477406071, 53.34217992017204], [-6.339684476722081, 53.342039921177374], [-6.340034475484166, 53.34195992112713], [-6.340324476204636, 53.34189992145569], [-6.3408244752628224, 53.34182992049555], [-6.3411244746585504, 53.34180992067306], [-6.341504474214589, 53.341789921292765], [-6.34179447512372, 53.34179992209565], [-6.342064474974949, 53.34180992108321], [-6.3424344734330855, 53.34185992219921], [-6.342654473949707, 53.34189992193625], [-6.342804473635836, 53.341929921407235], [-6.34290447351076, 53.341949921848936], [-6.343224472819596, 53.34203992284477], [-6.343664472352209, 53.342169921940965], [-6.3440444717002356, 53.34226992233825], [-6.344444471207771, 53.34234992299657], [-6.344784470247858, 53.342399922923505], [-6.345061640969417, 53.3424176462983]]}, "properties": {"FID": 2469, "BIKE": "BIKE_LANE", "Shape_Leng": 1141.21176979, "DIR": "Forward"}}, {"type": "Feature", "id": 2470, "geometry": {"type": "LineString", "coordinates": [[-6.270707117955215, 53.36727989256075], [-6.270440652829704, 53.36769463777179], [-6.270140653982189, 53.368184637882806], [-6.269890653518624, 53.36855463794581], [-6.2697306537216875, 53.36878463828293], [-6.2696106533463, 53.368934637654306], [-6.269390653661398, 53.369274638080945], [-6.2692606555525074, 53.36947463836215], [-6.269120655251889, 53.369684638268254], [-6.268990655056402, 53.36984463862168], [-6.268813376424538, 53.370089200355146], [-6.268792711109663, 53.37012610489219]]}, "properties": {"FID": 2470, "BIKE": "BIKE_LANE", "Shape_Leng": 341.575321659, "DIR": "Forward"}}, {"type": "Feature", "id": 2471, "geometry": {"type": "LineString", "coordinates": [[-6.182589999969837, 53.40079000053518], [-6.183099999481036, 53.40049000068622], [-6.183649999952018, 53.400160000896136]]}, "properties": {"FID": 2471, "BIKE": "BIKE_LANE", "Shape_Leng": 99.4350532947, "DIR": "Forward"}}, {"type": "Feature", "id": 2472, "geometry": {"type": "LineString", "coordinates": [[-6.216232511795354, 53.384296813699095], [-6.215995774536373, 53.38427034043852], [-6.215690259253985, 53.384237333301364], [-6.215467477198351, 53.3842073968608], [-6.215229322302684, 53.38414145109892], [-6.214615350371263, 53.383961154408446], [-6.214215351392206, 53.383811153570065], [-6.213815349787884, 53.383631154352855], [-6.213425350662972, 53.38337115365506], [-6.2131853500053635, 53.38316115394292], [-6.212985349986439, 53.382951153129795], [-6.212786897201923, 53.38271947778398], [-6.212767172845988, 53.38269804504209], [-6.212744358602046, 53.38265660249133], [-6.212621401349054, 53.382473918223816], [-6.211705753668517, 53.38114791342569], [-6.2115559444544735, 53.38092666020559], [-6.211344799612381, 53.380716231484755], [-6.211225132295767, 53.38061931839234], [-6.211014794700488, 53.38045998342688], [-6.210784682517967, 53.380303874082074], [-6.210736084886199, 53.38026850345657], [-6.210689969154807, 53.38025822534855], [-6.210391196596227, 53.380048449513], [-6.210343060353843, 53.38003155356581], [-6.210258876557218, 53.380026292375675]]}, "properties": {"FID": 2472, "BIKE": "BIKE_LANE", "Shape_Leng": 653.192171536, "DIR": "Forward"}}, {"type": "Feature", "id": 2473, "geometry": {"type": "LineString", "coordinates": [[-6.208544321585343, 53.36991889207169], [-6.208646097674132, 53.36984900628625], [-6.208985443820331, 53.3696716491647], [-6.209165444832101, 53.36957164916055], [-6.2096854432753, 53.369271648534124], [-6.210001381450776, 53.3690925037811], [-6.2103556918683225, 53.368906994813294], [-6.211208287490097, 53.36848791427546], [-6.211602784756698, 53.36832674264158], [-6.211874770857433, 53.36821121127859], [-6.21212753102136, 53.36811730347597], [-6.2131154425566715, 53.367801649106994], [-6.213305441666338, 53.36774164880647], [-6.2138054429137375, 53.367591648889], [-6.214095442015039, 53.36751164983747], [-6.214355441651316, 53.36744164902158], [-6.214625442231152, 53.367381649179386], [-6.214855441521182, 53.367331649174], [-6.21511544225212, 53.36729164916959], [-6.215545440738954, 53.36724164871231], [-6.215665441301814, 53.3672216486134], [-6.21591544102519, 53.36720164875976], [-6.2161954411471845, 53.367191649435455], [-6.216485440408966, 53.36717164948336], [-6.217135440817887, 53.36717164884714], [-6.217405439713694, 53.36716164826681], [-6.217585440763243, 53.36715164929525], [-6.217775440398863, 53.36712164975736], [-6.217945439874619, 53.367091648758624], [-6.218095439867046, 53.36704164957144], [-6.218265440543603, 53.36698164930878], [-6.218475440016692, 53.36691164893053], [-6.218705439592065, 53.3668316490137]]}, "properties": {"FID": 2473, "BIKE": "BIKE_LANE", "Shape_Leng": 780.828201151, "DIR": "Forward"}}, {"type": "Feature", "id": 2474, "geometry": {"type": "LineString", "coordinates": [[-6.24350928411514, 53.31957783143223], [-6.243927611618412, 53.31983318105647], [-6.244364158460725, 53.32008647569969], [-6.244730139751494, 53.32032166713374], [-6.245039243608419, 53.32051630273683], [-6.245109243392266, 53.32055630266117], [-6.2456992433759675, 53.32093630190209], [-6.2466135829524925, 53.32150792678606], [-6.247523254423434, 53.32201394045636], [-6.247703064001603, 53.32212253912131], [-6.247939243261684, 53.32227630144094], [-6.2494292434191845, 53.32306630132267], [-6.2495392434174875, 53.323116300718134], [-6.250149242000218, 53.323386300449116], [-6.250339242737513, 53.323466301305125], [-6.251219242454722, 53.32381630087614], [-6.251979243034581, 53.32406630110587], [-6.2527405271361705, 53.324300278559704], [-6.253049461939317, 53.32441949863934], [-6.253381477949659, 53.32455434922393], [-6.2540298278139925, 53.32485615470209]]}, "properties": {"FID": 2474, "BIKE": "BIKE_LANE", "Shape_Leng": 920.256108109, "DIR": "Forward"}}, {"type": "Feature", "id": 2475, "geometry": {"type": "LineString", "coordinates": [[-6.2525802249074545, 53.33198156330036], [-6.252290897004801, 53.332035553565994], [-6.251850897142794, 53.33213555391493], [-6.251490896864746, 53.3322355541145], [-6.251010896605792, 53.332385553957195], [-6.250420895824711, 53.332575554643896], [-6.249870895936011, 53.33272555421956], [-6.249210895348323, 53.33289555430141], [-6.248770896136932, 53.3330155546002], [-6.2483908943219975, 53.33313555522487], [-6.247500895238106, 53.33340555474215], [-6.246950894692339, 53.3335755548717], [-6.246780895140754, 53.33362555543614], [-6.24648089400748, 53.333705555534465], [-6.2453835301451095, 53.334041240573775]]}, "properties": {"FID": 2475, "BIKE": "BIKE_LANE", "Shape_Leng": 531.951933496, "DIR": "Forward"}}, {"type": "Feature", "id": 2476, "geometry": {"type": "LineString", "coordinates": [[-6.150715367968092, 53.38206038050901], [-6.150995367654732, 53.381990380704046], [-6.152285367501334, 53.38174038058572], [-6.155105368617432, 53.38123038148392], [-6.156345367341558, 53.381030382394194], [-6.157545367721284, 53.380840382478986], [-6.159745367422233, 53.3805403841159], [-6.160395367283551, 53.38045038402537], [-6.1606753670030425, 53.38042038435943], [-6.1616653669642725, 53.38028038424076], [-6.1643553668109305, 53.38005038590222], [-6.16483536743324, 53.380000386051755], [-6.166245366291498, 53.379870386395105], [-6.166793465791596, 53.37981557368162], [-6.16764150348841, 53.37979053256945], [-6.1685234650271505, 53.37980557296895], [-6.169015275952561, 53.37982899588424], [-6.169123355695846, 53.3798382507712], [-6.169475475303575, 53.379864327544354], [-6.170185365899491, 53.379950387185794], [-6.170753110752914, 53.38000375178363], [-6.171156370610899, 53.38005843753475], [-6.171423907342408, 53.38010676145835], [-6.17230735474803, 53.38026573888309], [-6.173257353190564, 53.38033573860451], [-6.173703893421369, 53.380330939062006], [-6.175039758480048, 53.38030191481643], [-6.176041453326834, 53.380277940140545], [-6.176695363616337, 53.380240389679514], [-6.177185299352649, 53.38013735745549], [-6.177565299905664, 53.38004735824862], [-6.177700648491049, 53.3800087444038], [-6.177920728461806, 53.379939347889945], [-6.178000319077971, 53.379911310021924]]}, "properties": {"FID": 2476, "BIKE": "BIKE_LANE", "Shape_Leng": 1861.04415209, "DIR": "Forward"}}, {"type": "Feature", "id": 2477, "geometry": {"type": "MultiLineString", "coordinates": [[[-6.244105181051608, 53.39883041782085], [-6.244059480015451, 53.39891092039763], [-6.244043107981436, 53.39897763166349], [-6.24402961008333, 53.39915838531304], [-6.244086963659951, 53.399530181608355], [-6.244110668139568, 53.399689768195636], [-6.244088999243585, 53.39988488321262]], [[-6.245258130732117, 53.39722578500538], [-6.245016430969612, 53.397581421906], [-6.244930146737807, 53.39772853462353], [-6.244879403056254, 53.39785807415578], [-6.244830057829093, 53.39799034862294], [-6.244696935452273, 53.39817205784221], [-6.244396174687987, 53.398454444165786]]]}, "properties": {"FID": 2477, "BIKE": "BIKE_LANE", "Shape_Leng": 267.5383831, "DIR": "Forward"}}, {"type": "Feature", "id": 2480, "geometry": {"type": "LineString", "coordinates": [[-6.299127186712513, 53.32975015814032], [-6.2996685535437535, 53.32964592838145], [-6.30082855206975, 53.32938592791267], [-6.302678550565916, 53.32897592787554], [-6.303138549897706, 53.32887592742898], [-6.303298871456933, 53.32883820460731], [-6.303448549574874, 53.328805927975644], [-6.304346041260843, 53.328624272227785], [-6.3049185487846175, 53.32848592744331], [-6.305848546840786, 53.328285928298115], [-6.306228547015492, 53.328205927877214], [-6.307508546030825, 53.32792592790108], [-6.308718543505774, 53.327665927838], [-6.309138543624862, 53.32757592793124], [-6.3097885428122815, 53.32743592774484], [-6.311468541139362, 53.327075928565435], [-6.3115685420349426, 53.32705592817288], [-6.312138540234294, 53.32693592821427], [-6.313708538311118, 53.326585927707356], [-6.313888538305985, 53.326545928002446], [-6.314368538540411, 53.3264459281565], [-6.314788537700364, 53.326345928118606], [-6.315031138624432, 53.32623192158984], [-6.315440756421507, 53.32611201416327], [-6.315831683565799, 53.32595892265774], [-6.316029821018032, 53.32587792508672], [-6.316402526374195, 53.325679683589144], [-6.316467714826878, 53.325638143111206]]}, "properties": {"FID": 2480, "BIKE": "BIKE_LANE", "Shape_Leng": 1247.80422903, "DIR": "Forward"}}, {"type": "Feature", "id": 2482, "geometry": {"type": "LineString", "coordinates": [[-6.265069999946183, 53.38476000068533], [-6.264970000394581, 53.38550000046169], [-6.264940000128309, 53.38593000045303]]}, "properties": {"FID": 2482, "BIKE": "BIKE_LANE", "Shape_Leng": 130.521184243, "DIR": "Forward"}}, {"type": "Feature", "id": 2483, "geometry": {"type": "LineString", "coordinates": [[-6.192609999499345, 53.392780000922215], [-6.19136999935861, 53.39334000062469]]}, "properties": {"FID": 2483, "BIKE": "BIKE_LANE", "Shape_Leng": 103.388745007, "DIR": "Forward"}}, {"type": "Feature", "id": 2492, "geometry": {"type": "LineString", "coordinates": [[-6.271873584328104, 53.34301187915154], [-6.271730657398508, 53.34301382557514], [-6.271141848878319, 53.343071060572775], [-6.270630381542224, 53.34315775147357], [-6.270416127691739, 53.34323625221568], [-6.270296342093572, 53.343308923644415], [-6.270186113360266, 53.34347855338213], [-6.2701163679273, 53.34361022183074], [-6.270015018095594, 53.343671505415266], [-6.269828139808749, 53.343699275933034], [-6.269515186299063, 53.343770042145294], [-6.268677197430406, 53.34393269785611], [-6.268585036755459, 53.3439519800442], [-6.267876921112347, 53.344088724528696], [-6.267788044923735, 53.34410088128042], [-6.267200378056316, 53.34415775039645], [-6.26695037865517, 53.344187750880494], [-6.266550375939191, 53.34421775021099], [-6.266240377363592, 53.344227750755095], [-6.265890375270947, 53.34422775041682], [-6.264790377323782, 53.34422775049643], [-6.264460376267379, 53.34422775013549], [-6.26444037664562, 53.344227750417524]]}, "properties": {"FID": 2492, "BIKE": "BIKE_LANE", "Shape_Leng": 537.918540677, "DIR": "Forward"}}, {"type": "Feature", "id": 2493, "geometry": {"type": "LineString", "coordinates": [[-6.25274315093436, 53.331870216507916], [-6.2529681976378235, 53.331843209928806], [-6.253539942079101, 53.33175112764292], [-6.254128196971015, 53.331613210150714], [-6.254778195571581, 53.33146320973393], [-6.2558481937353925, 53.33121320911704], [-6.257098192194864, 53.33094320857237], [-6.258818190570146, 53.33057320788946], [-6.2588881902044236, 53.330553208145005], [-6.259922136467299, 53.3303341520481]]}, "properties": {"FID": 2493, "BIKE": "BIKE_LANE", "Shape_Leng": 508.289867886, "DIR": "Forward"}}, {"type": "Feature", "id": 2498, "geometry": {"type": "LineString", "coordinates": [[-6.223960000420289, 53.37065000142423], [-6.224389999384404, 53.370180001253225]]}, "properties": {"FID": 2498, "BIKE": "BIKE_LANE", "Shape_Leng": 59.6257058041, "DIR": "Forward"}}, {"type": "Feature", "id": 2502, "geometry": {"type": "LineString", "coordinates": [[-6.2785643539056055, 53.32596078473223], [-6.278504354185643, 53.32605078601167], [-6.27828090869672, 53.326321285205815]]}, "properties": {"FID": 2502, "BIKE": "BIKE_LANE", "Shape_Leng": 44.3687897234, "DIR": "Forward"}}, {"type": "Feature", "id": 2504, "geometry": {"type": "LineString", "coordinates": [[-6.265920000855438, 53.38068000091238], [-6.265890000527908, 53.381320000169055], [-6.265849999754123, 53.38176000100639]]}, "properties": {"FID": 2504, "BIKE": "BIKE_LANE", "Shape_Leng": 120.295173305, "DIR": "Forward"}}, {"type": "Feature", "id": 2505, "geometry": {"type": "LineString", "coordinates": [[-6.265259999559123, 53.38480000067512], [-6.26518999971668, 53.38521000071028], [-6.265129999505284, 53.38594000028315]]}, "properties": {"FID": 2505, "BIKE": "BIKE_LANE", "Shape_Leng": 127.2075778, "DIR": "Forward"}}, {"type": "Feature", "id": 2507, "geometry": {"type": "LineString", "coordinates": [[-6.199052692539543, 53.31028759648267], [-6.199211545182653, 53.31036809407126], [-6.199454570852967, 53.31052568622743], [-6.19961238711828, 53.31061426603218], [-6.1999637529073235, 53.31081483132716], [-6.200391206098445, 53.31105700428926], [-6.200608735824327, 53.31122740224449], [-6.200841624666817, 53.31146421013587], [-6.200887677967335, 53.31153132889382], [-6.200992215550007, 53.31163817164097], [-6.201209306699902, 53.31194286416526]]}, "properties": {"FID": 2507, "BIKE": "BIKE_LANE", "Shape_Leng": 236.917215087, "DIR": "Forward"}}, {"type": "Feature", "id": 2508, "geometry": {"type": "LineString", "coordinates": [[-6.272330929962704, 53.34304688188732], [-6.271949109025658, 53.34299346621142], [-6.271873584328104, 53.34301187915154]]}, "properties": {"FID": 2508, "BIKE": "BIKE_LANE", "Shape_Leng": 31.5474469247, "DIR": "Forward"}}, {"type": "Feature", "id": 2513, "geometry": {"type": "LineString", "coordinates": [[-6.238802286063782, 53.34253620532958], [-6.238649999404865, 53.34312000060351], [-6.238550000272811, 53.343560001388205], [-6.238549413891838, 53.34356234852428]]}, "properties": {"FID": 2513, "BIKE": "BIKE_FRIENDLY_PEDESTRIAN_PATH", "Shape_Leng": 115.441683329, "DIR": "Bi-Directional"}}, {"type": "Feature", "id": 2516, "geometry": {"type": "LineString", "coordinates": [[-6.2800076212419365, 53.35940066350595], [-6.279810427351766, 53.35945548931883], [-6.279529306194323, 53.359551435877], [-6.27793986206913, 53.35997908682243], [-6.277135358881833, 53.360182835424105], [-6.27532375865758, 53.360708765266196]]}, "properties": {"FID": 2516, "BIKE": "BIKE_LANE", "Shape_Leng": 344.278746306, "DIR": "Forward"}}, {"type": "Feature", "id": 2519, "geometry": {"type": "LineString", "coordinates": [[-6.207972002879855, 53.3815852407801], [-6.208462003908291, 53.3812052414787], [-6.208975552842529, 53.38081403932071]]}, "properties": {"FID": 2519, "BIKE": "BIKE_LANE", "Shape_Leng": 108.74958592, "DIR": "Forward"}}, {"type": "Feature", "id": 2522, "geometry": {"type": "LineString", "coordinates": [[-6.25641186901254, 53.33743367135426], [-6.256109726325875, 53.33779577757333], [-6.256068557712856, 53.337845116524655]]}, "properties": {"FID": 2522, "BIKE": "BIKE_LANE", "Shape_Leng": 51.1830262944, "DIR": "Forward"}}, {"type": "Feature", "id": 2528, "geometry": {"type": "LineString", "coordinates": [[-6.223583533550683, 53.366111653999916], [-6.22245600520502, 53.36654206439925], [-6.222331968566369, 53.36658813250236], [-6.221745131611275, 53.3667213837906], [-6.22134361579181, 53.36678965722856], [-6.220963615291084, 53.36681965679966], [-6.220263613720287, 53.366829657205905], [-6.219266449669278, 53.366830875559906]]}, "properties": {"FID": 2528, "BIKE": "BIKE_LANE", "Shape_Leng": 306.830744703, "DIR": "Forward"}}, {"type": "Feature", "id": 2530, "geometry": {"type": "LineString", "coordinates": [[-6.334010000359335, 53.36928000068825], [-6.333840000550225, 53.370170001110246], [-6.333646196847169, 53.37075983606654]]}, "properties": {"FID": 2530, "BIKE": "BIKE_LANE", "Shape_Leng": 166.590503771, "DIR": "Forward"}}, {"type": "Feature", "id": 2531, "geometry": {"type": "LineString", "coordinates": [[-6.269433084797564, 53.33809077605984], [-6.269579425829582, 53.33815609512191], [-6.269669504957, 53.338171991174356], [-6.269769504982571, 53.33819199120608], [-6.269929505944321, 53.33821199124565], [-6.270289504196936, 53.33824199067931], [-6.270686688207406, 53.33826750280277], [-6.270769503401897, 53.33829199141892], [-6.270949999683943, 53.338340000199246]]}, "properties": {"FID": 2531, "BIKE": "BIKE_LANE", "Shape_Leng": 106.455013524, "DIR": "Forward"}}, {"type": "Feature", "id": 2535, "geometry": {"type": "LineString", "coordinates": [[-6.32565999901328, 53.342130000553006], [-6.327460418465773, 53.342195246072095], [-6.327987287554992, 53.34222260236723]]}, "properties": {"FID": 2535, "BIKE": "BIKE_LANE", "Shape_Leng": 155.356784164, "DIR": "Forward"}}, {"type": "Feature", "id": 2538, "geometry": {"type": "MultiLineString", "coordinates": [[[-6.274866808604599, 53.3432448621118], [-6.275302264452785, 53.34319182834263], [-6.275838005926744, 53.34307938930285], [-6.276130172438124, 53.34304715728921]], [[-6.274501444001832, 53.34345162841313], [-6.275195587780602, 53.343373789875976], [-6.275694696189104, 53.343259530269314], [-6.276106748065966, 53.343162101954874]]]}, "properties": {"FID": 2538, "BIKE": "BIKE_LANE", "Shape_Leng": 199.33103212, "DIR": "Forward"}}, {"type": "Feature", "id": 2542, "geometry": {"type": "LineString", "coordinates": [[-6.271120379880974, 53.35044392594378], [-6.271692888850068, 53.35029868832734], [-6.2719830860703745, 53.350239985687274], [-6.2720030869975645, 53.35023998503994], [-6.272503086482693, 53.350159985987084], [-6.272856801299444, 53.35012641836873], [-6.273209833615541, 53.35009727185511], [-6.273590954391568, 53.35008137740304], [-6.273614713170897, 53.35008038284819]]}, "properties": {"FID": 2542, "BIKE": "BIKE_LANE", "Shape_Leng": 172.213261719, "DIR": "Forward"}}, {"type": "Feature", "id": 2545, "geometry": {"type": "LineString", "coordinates": [[-6.2533429842575785, 53.30816324412474], [-6.252996092181335, 53.308204729107445], [-6.2517679450694885, 53.3083506469153], [-6.251355172919901, 53.30840606290059], [-6.251139318677949, 53.30846549056696], [-6.250797972014442, 53.308571119139096], [-6.250518222109925, 53.30871975456497], [-6.249705774539404, 53.30918760756114], [-6.248940643740381, 53.3095914241511], [-6.248730050311771, 53.30972780784309], [-6.248392054351933, 53.310059017426305], [-6.248227139055458, 53.31029501569103], [-6.2481776186092945, 53.310434956927196], [-6.248111159982872, 53.31059968231528], [-6.248055612001895, 53.31078960271609]]}, "properties": {"FID": 2545, "BIKE": "BIKE_LANE", "Shape_Leng": 493.293991902, "DIR": "Forward"}}, {"type": "Feature", "id": 2550, "geometry": {"type": "LineString", "coordinates": [[-6.227615328024586, 53.34172945799601], [-6.227255326736645, 53.34177945831179], [-6.226965327660952, 53.34181945775238], [-6.226818272417353, 53.341836114965815], [-6.22671220219287, 53.341813187915406], [-6.226611048133272, 53.341788294431986], [-6.226468833646975, 53.3417347446931], [-6.226435870685222, 53.34169991087927], [-6.22627662286714, 53.341563939656155], [-6.22596980063759, 53.34132568341329], [-6.2259026029494935, 53.34121639829895]]}, "properties": {"FID": 2550, "BIKE": "BIKE_LANE", "Shape_Leng": 149.764966614, "DIR": "Forward"}}, {"type": "Feature", "id": 2552, "geometry": {"type": "LineString", "coordinates": [[-6.297229999213465, 53.34577000066635], [-6.296149999077283, 53.34586000149687]]}, "properties": {"FID": 2552, "BIKE": "BIKE_LANE", "Shape_Leng": 72.6200131161, "DIR": "Forward"}}, {"type": "Feature", "id": 2554, "geometry": {"type": "LineString", "coordinates": [[-6.2732568683792485, 53.36789122915946], [-6.273435370440818, 53.36800599550012], [-6.273692691745592, 53.368110506700155], [-6.273822251900412, 53.3681622510951], [-6.273909770631939, 53.36820226004633], [-6.274592423865104, 53.368455284228816], [-6.274637652925985, 53.36846082226242]]}, "properties": {"FID": 2554, "BIKE": "BIKE_LANE", "Shape_Leng": 112.381565172, "DIR": "Forward"}}, {"type": "Feature", "id": 2558, "geometry": {"type": "LineString", "coordinates": [[-6.268015430670733, 53.35671973290175], [-6.268035429830972, 53.35683973285239], [-6.268085429911748, 53.35695973322448], [-6.2681854311092655, 53.35709973243706], [-6.268319007795503, 53.357262527261106], [-6.268428708942133, 53.357384132687514], [-6.268636209540811, 53.35761137306675], [-6.268682294581222, 53.35766075807099], [-6.268812460920238, 53.35781489223595], [-6.26884655937207, 53.35785036228093], [-6.269043298256672, 53.35805895458692], [-6.269335431873991, 53.35837973259056], [-6.2694854328918845, 53.35853973255441], [-6.269725432534191, 53.35879973192931], [-6.269835432954851, 53.35893973173837], [-6.269865432824771, 53.35903973221338], [-6.269865433135631, 53.35921973207002], [-6.269855434006729, 53.35932973155596], [-6.2697854340362555, 53.35973973173374], [-6.269715434555104, 53.36018973152253], [-6.26969820075061, 53.36040873510086], [-6.26984309282786, 53.36054258510542]]}, "properties": {"FID": 2558, "BIKE": "BIKE_LANE", "Shape_Leng": 458.480760541, "DIR": "Forward"}}, {"type": "Feature", "id": 2559, "geometry": {"type": "LineString", "coordinates": [[-6.274185754418774, 53.343230539847184], [-6.274485640371541, 53.34325044033858]]}, "properties": {"FID": 2559, "BIKE": "BIKE_LANE", "Shape_Leng": 20.0955349491, "DIR": "Forward"}}, {"type": "Feature", "id": 2561, "geometry": {"type": "LineString", "coordinates": [[-6.227975638863545, 53.36866682954178], [-6.227504189695418, 53.36860068887838], [-6.2271020565977615, 53.36858209330876], [-6.22691122187224, 53.36855745554794], [-6.226756721237304, 53.3685356520518], [-6.226549999943983, 53.368480001390246]]}, "properties": {"FID": 2561, "BIKE": "BIKE_LANE", "Shape_Leng": 97.7316869126, "DIR": "Forward"}}, {"type": "Feature", "id": 2563, "geometry": {"type": "LineString", "coordinates": [[-6.2046860410441, 53.383198274103684], [-6.204609998911473, 53.383220000582334], [-6.204520000637514, 53.383260001178954]]}, "properties": {"FID": 2563, "BIKE": "BIKE_LANE", "Shape_Leng": 13.0699745989, "DIR": "Forward"}}, {"type": "Feature", "id": 2565, "geometry": {"type": "LineString", "coordinates": [[-6.226951900571818, 53.368771369825645], [-6.2271486879914, 53.36879997252687], [-6.227308817316944, 53.36879236457407], [-6.2275099420967885, 53.36877395308707], [-6.227568803361938, 53.36876918098903], [-6.227718160928939, 53.368757073032924], [-6.227981678748291, 53.368729601533474], [-6.228056048166323, 53.36872147590752]]}, "properties": {"FID": 2565, "BIKE": "BIKE_LANE", "Shape_Leng": 74.539418313, "DIR": "Forward"}}, {"type": "Feature", "id": 2569, "geometry": {"type": "LineString", "coordinates": [[-6.285429911144982, 53.34358354806661], [-6.2852501869953326, 53.34357553360541], [-6.285078727743765, 53.34356493945007], [-6.28487111050162, 53.343544578313455], [-6.284357097817745, 53.34349942354699], [-6.284182479503275, 53.343496486360216], [-6.2826524742909795, 53.34340649131629], [-6.282339740614619, 53.343393926983396], [-6.282119739326857, 53.343363928178846], [-6.281935529438789, 53.34335784487156], [-6.281635528387423, 53.343307845091566], [-6.281428998582416, 53.34328411588186], [-6.281230296756676, 53.34325094204968], [-6.281000023731647, 53.343212028903935], [-6.280786220453991, 53.34316644169911], [-6.280505522870067, 53.34308784926998], [-6.280215521803784, 53.343037849802684], [-6.279945520348881, 53.34298785124439], [-6.279683680008714, 53.342949061054675], [-6.27919966875414, 53.34283916997495]]}, "properties": {"FID": 2569, "BIKE": "BIKE_LANE", "Shape_Leng": 425.862929296, "DIR": "Forward"}}, {"type": "Feature", "id": 2571, "geometry": {"type": "LineString", "coordinates": [[-6.31653572823108, 53.3418677839145], [-6.316219999863918, 53.341900001450476]]}, "properties": {"FID": 2571, "BIKE": "BIKE_LANE", "Shape_Leng": 21.3322438251, "DIR": "Forward"}}, {"type": "Feature", "id": 2572, "geometry": {"type": "LineString", "coordinates": [[-6.237411444897432, 53.372002802211114], [-6.234099091480623, 53.37076788899717], [-6.233142353261406, 53.37043417703811], [-6.232334717031341, 53.37014326794716], [-6.231597336274996, 53.369886477876136], [-6.229623034139282, 53.36917223938727], [-6.228645414430336, 53.3688284064438], [-6.228555968136911, 53.368797003556566], [-6.228435599151974, 53.36876802224925], [-6.228295598026748, 53.36873802221694], [-6.2281203445262046, 53.368682353418905], [-6.227975638863545, 53.36866682954178]]}, "properties": {"FID": 2572, "BIKE": "BIKE_LANE", "Shape_Leng": 730.573089602, "DIR": "Forward"}}, {"type": "Feature", "id": 2573, "geometry": {"type": "LineString", "coordinates": [[-6.252631012011188, 53.34954882341261], [-6.2519275753397565, 53.34941054468741], [-6.251871283675038, 53.34941117241763], [-6.251808861329924, 53.349420109693405]]}, "properties": {"FID": 2573, "BIKE": "BIKE_LANE", "Shape_Leng": 57.3305153493, "DIR": "Forward"}}, {"type": "Feature", "id": 2575, "geometry": {"type": "LineString", "coordinates": [[-6.264346648027993, 53.32991936687498], [-6.264499163828935, 53.32993249567297], [-6.264661123850014, 53.329925535673425], [-6.2649966468508556, 53.32989936667361], [-6.265846646525528, 53.3298593661449], [-6.267096645732511, 53.32978936589878], [-6.268546643740455, 53.3297193659999], [-6.27024664237356, 53.329609365326476], [-6.270816642342016, 53.329569365747915], [-6.271856641743098, 53.329509366209415], [-6.272426641554967, 53.329479365425414], [-6.273516640523352, 53.329469366381154], [-6.274036640638098, 53.32945936534488], [-6.274416639226881, 53.3294493655389], [-6.274866639652847, 53.32945936519424], [-6.275317346243382, 53.32946838916102], [-6.275486356592262, 53.329464654166195]]}, "properties": {"FID": 2575, "BIKE": "BIKE_LANE", "Shape_Leng": 744.824001168, "DIR": "Forward"}}, {"type": "Feature", "id": 2580, "geometry": {"type": "LineString", "coordinates": [[-6.226549999943983, 53.368480001390246], [-6.226373802340546, 53.36860632022089]]}, "properties": {"FID": 2580, "BIKE": "BIKE_LANE", "Shape_Leng": 18.3081848458, "DIR": "Forward"}}, {"type": "Feature", "id": 2581, "geometry": {"type": "LineString", "coordinates": [[-6.3253200008087145, 53.34205000053642], [-6.325649999898995, 53.3420400014741], [-6.326069999191312, 53.34203000056052], [-6.326550000099724, 53.34204000137682], [-6.327029999738508, 53.34205000114088], [-6.3275000000279, 53.342080000971755], [-6.327989999493767, 53.34209000043169]]}, "properties": {"FID": 2581, "BIKE": "BIKE_LANE", "Shape_Leng": 178.11701323, "DIR": "Forward"}}, {"type": "Feature", "id": 2582, "geometry": {"type": "LineString", "coordinates": [[-6.249168073215164, 53.376890658430085], [-6.248864154756107, 53.3771329935674], [-6.248535536417011, 53.37745382694974], [-6.248334887714616, 53.37767761751109], [-6.248265625472249, 53.37774918603593], [-6.248142609463444, 53.37789188189483], [-6.247984357947826, 53.378063393907844], [-6.247826376414191, 53.37820457668123], [-6.247645829193722, 53.3784200955668], [-6.247471465009091, 53.37862753839953], [-6.247264655477682, 53.378864837501915], [-6.247064668339263, 53.37910223645501], [-6.247037906422047, 53.37913626057534]]}, "properties": {"FID": 2582, "BIKE": "BIKE_FRIENDLY_PEDESTRIAN_PATH", "Shape_Leng": 287.830970286, "DIR": "Forward"}}, {"type": "Feature", "id": 2583, "geometry": {"type": "LineString", "coordinates": [[-6.2918099999449355, 53.346240000533605], [-6.291609999268585, 53.34630000039887], [-6.2915599999653296, 53.346330001192705], [-6.291500000013796, 53.346370000899896], [-6.291439999228777, 53.346470000438366], [-6.2912800000332325, 53.34674000094323]]}, "properties": {"FID": 2583, "BIKE": "BIKE_LANE", "Shape_Leng": 69.3033553297, "DIR": "Forward"}}, {"type": "Feature", "id": 2584, "geometry": {"type": "LineString", "coordinates": [[-6.2984100001437175, 53.33000000129093], [-6.298692122430405, 53.32985783671526], [-6.298916050673989, 53.32979670062783], [-6.299127186712513, 53.32975015814032]]}, "properties": {"FID": 2584, "BIKE": "BIKE_LANE", "Shape_Leng": 55.9551857118, "DIR": "Forward"}}, {"type": "Feature", "id": 2585, "geometry": {"type": "LineString", "coordinates": [[-6.223340000421804, 53.3712700012782], [-6.223399999516556, 53.371200000613655], [-6.223570000482766, 53.37104000161514], [-6.223960000420289, 53.37065000142423]]}, "properties": {"FID": 2585, "BIKE": "BIKE_LANE", "Shape_Leng": 80.4262643957, "DIR": "Forward"}}, {"type": "Feature", "id": 2587, "geometry": {"type": "LineString", "coordinates": [[-6.321786857581346, 53.32483929899246], [-6.321132078075091, 53.324889931256806]]}, "properties": {"FID": 2587, "BIKE": "BIKE_LANE", "Shape_Leng": 43.9906257398, "DIR": "Forward"}}, {"type": "Feature", "id": 2589, "geometry": {"type": "LineString", "coordinates": [[-6.256935779087872, 53.33678754954866], [-6.256872576416132, 53.33685991440043]]}, "properties": {"FID": 2589, "BIKE": "BIKE_LANE", "Shape_Leng": 9.08760895485, "DIR": "Forward"}}, {"type": "Feature", "id": 2591, "geometry": {"type": "LineString", "coordinates": [[-6.342033047797124, 53.36697903528597], [-6.341525983328057, 53.36676550790684], [-6.341461486119836, 53.366761094563415], [-6.341359580523948, 53.36677374444733], [-6.341258632221088, 53.366761792176035], [-6.3412011028207, 53.36672934496733], [-6.3411781436064905, 53.36667715891009], [-6.3411766382335815, 53.366620684496], [-6.341117610406508, 53.366595984725826]]}, "properties": {"FID": 2591, "BIKE": "BIKE_LANE", "Shape_Leng": 81.7279826195, "DIR": "Forward"}}, {"type": "Feature", "id": 2593, "geometry": {"type": "LineString", "coordinates": [[-6.298709999944481, 53.36175000110806], [-6.299250000409779, 53.36191000097802], [-6.30001000013525, 53.362150000188294]]}, "properties": {"FID": 2593, "BIKE": "BIKE_LANE", "Shape_Leng": 97.3304495682, "DIR": "Forward"}}, {"type": "Feature", "id": 2594, "geometry": {"type": "LineString", "coordinates": [[-6.332129532717202, 53.37182155522489], [-6.332323715537022, 53.371937487732126], [-6.3323356085876465, 53.37197612877512], [-6.332358318688089, 53.37214958070935], [-6.332419494030234, 53.372196124120194], [-6.3325537501452835, 53.372258917812715], [-6.332662185695211, 53.372296502449956], [-6.33275062050428, 53.372331403294694], [-6.334807917074253, 53.372985335905014], [-6.336133253677427, 53.37340379342912], [-6.3364500072002565, 53.373500939737156], [-6.33655472087358, 53.373491426750654], [-6.336624879763398, 53.37347957965577], [-6.336950167969096, 53.37358098613142], [-6.337037772052053, 53.37368411875955], [-6.33719145934263, 53.37374486079633], [-6.337382383332019, 53.37381796932417], [-6.337691701896706, 53.37392888434858], [-6.338650791261033, 53.374254041558686], [-6.339893989160872, 53.37464967210519], [-6.340747663184877, 53.37490461399737], [-6.340939843466404, 53.37495036855276], [-6.342256141434705, 53.37532855420333], [-6.342750033354569, 53.37544293625697], [-6.343287071009363, 53.37556570054068], [-6.343718013630764, 53.3756518363813], [-6.344659074077102, 53.37585646253725], [-6.345115821946016, 53.37596860103478], [-6.345391493722788, 53.37604937172753], [-6.346502474327661, 53.37643538068648], [-6.346771502913616, 53.376549424803486], [-6.347219963976476, 53.37677205424276], [-6.348129379633141, 53.377137325395054], [-6.348524344217351, 53.37728787112567], [-6.34918459284314, 53.37751101907772], [-6.349912977859158, 53.37779222467711], [-6.350774562809411, 53.37805531403989], [-6.350936302338162, 53.37810470142662], [-6.351096940619578, 53.378112965194916], [-6.351373668308189, 53.37820175282274]]}, "properties": {"FID": 2594, "BIKE": "BIKE_FRIENDLY_PEDESTRIAN_PATH", "Shape_Leng": 1486.18668401, "DIR": "Forward"}}, {"type": "Feature", "id": 2596, "geometry": {"type": "LineString", "coordinates": [[-6.265060000373333, 53.387270001008154], [-6.265160000911679, 53.38783000161992], [-6.265159999749125, 53.388050000308695], [-6.265120000816293, 53.38826000086923], [-6.265020000453946, 53.38851000154431]]}, "properties": {"FID": 2596, "BIKE": "BIKE_LANE", "Shape_Leng": 139.291371414, "DIR": "Forward"}}, {"type": "Feature", "id": 2599, "geometry": {"type": "LineString", "coordinates": [[-6.281761953953736, 53.34144781266206], [-6.281799010668348, 53.341316617779434], [-6.281891954554062, 53.341197812485355], [-6.281981953723521, 53.34109781274368], [-6.282031953747607, 53.341037811899426], [-6.282081953484485, 53.34100781238223], [-6.282191952798829, 53.34093781241097], [-6.2823019537333185, 53.340877813412824], [-6.2823919540189, 53.34082781233989], [-6.282471954112368, 53.34078781299252], [-6.282621953156101, 53.340727812485504], [-6.282781953686326, 53.34066781284025], [-6.282921953402791, 53.34063781319156], [-6.283071953389012, 53.34060781258857], [-6.283251953653481, 53.34056781281994], [-6.284091952150578, 53.340447813682886], [-6.284571951878322, 53.34033781285257], [-6.284771952158177, 53.34028781330765], [-6.284951951649572, 53.340227813379705], [-6.285741950868936, 53.33990781259831]]}, "properties": {"FID": 2599, "BIKE": "BIKE_LANE", "Shape_Leng": 331.230439829, "DIR": "Forward"}}, {"type": "Feature", "id": 2600, "geometry": {"type": "LineString", "coordinates": [[-6.230712802270707, 53.32885759896696], [-6.231037238600797, 53.32900108476406]]}, "properties": {"FID": 2600, "BIKE": "BIKE_LANE", "Shape_Leng": 26.8744605993, "DIR": "Forward"}}, {"type": "Feature", "id": 2602, "geometry": {"type": "LineString", "coordinates": [[-6.179870230759884, 53.403218394251134], [-6.1797840503485215, 53.40320733260051], [-6.179688311514184, 53.403205263389516], [-6.179571707226453, 53.40323821103253], [-6.1794677807599845, 53.4033085152033], [-6.179181799056935, 53.40360754769936], [-6.1791634084921885, 53.403650915447884], [-6.179161656334325, 53.403724268873184]]}, "properties": {"FID": 2602, "BIKE": "BIKE_FRIENDLY_PEDESTRIAN_PATH", "Shape_Leng": 82.7292996444, "DIR": "Forward"}}, {"type": "Feature", "id": 2603, "geometry": {"type": "LineString", "coordinates": [[-6.2663778462008795, 53.33756190035604], [-6.2665954823463546, 53.33756998558808], [-6.266965481876692, 53.337579985472786], [-6.267035481631222, 53.337579984872626], [-6.2674054813088915, 53.33758998519073], [-6.267625480397504, 53.33759998496972], [-6.267835479792204, 53.33760998565797], [-6.268005480313757, 53.33761998500785], [-6.268195480630837, 53.337639985203644], [-6.268535479178342, 53.33770998527524], [-6.268655479356196, 53.337749985663926], [-6.268765480386138, 53.337799984811646], [-6.2689537975405525, 53.33787639842969], [-6.269204244301359, 53.33798732059297]]}, "properties": {"FID": 2603, "BIKE": "BIKE_LANE", "Shape_Leng": 199.696439744, "DIR": "Forward"}}, {"type": "Feature", "id": 2605, "geometry": {"type": "LineString", "coordinates": [[-6.24631096323875, 53.39156694594293], [-6.24626256286426, 53.39189372240651], [-6.2462366432641065, 53.39197041789394], [-6.246253816822283, 53.39207023106816], [-6.246239927758569, 53.39215818380094], [-6.246084664659297, 53.39282959166166]]}, "properties": {"FID": 2605, "BIKE": "BIKE_LANE", "Shape_Leng": 141.649937687, "DIR": "Forward"}}, {"type": "Feature", "id": 2608, "geometry": {"type": "LineString", "coordinates": [[-6.275456795990749, 53.32957771347338], [-6.275486356592262, 53.329464654166195]]}, "properties": {"FID": 2608, "BIKE": "BIKE_LANE", "Shape_Leng": 12.7356197215, "DIR": "Forward"}}, {"type": "Feature", "id": 2620, "geometry": {"type": "LineString", "coordinates": [[-6.294775723789954, 53.360237803378055], [-6.295345728299585, 53.360487801441785], [-6.2955257299961636, 53.36055780101882]]}, "properties": {"FID": 2620, "BIKE": "BIKE_LANE", "Shape_Leng": 61.3481018239, "DIR": "Forward"}}, {"type": "Feature", "id": 2621, "geometry": {"type": "LineString", "coordinates": [[-6.332649999503962, 53.32382000071835], [-6.333220000617764, 53.3238000013989]]}, "properties": {"FID": 2621, "BIKE": "BIKE_LANE", "Shape_Leng": 38.045440383, "DIR": "Forward"}}, {"type": "Feature", "id": 2622, "geometry": {"type": "LineString", "coordinates": [[-6.255916655951468, 53.338042984290965], [-6.255820613354716, 53.33820560637242], [-6.255722677339261, 53.338319342110516], [-6.255671030819856, 53.338394201427086]]}, "properties": {"FID": 2622, "BIKE": "BIKE_LANE", "Shape_Leng": 42.4492402577, "DIR": "Forward"}}, {"type": "Feature", "id": 2630, "geometry": {"type": "LineString", "coordinates": [[-6.189260000301345, 53.3945800005919], [-6.189039999709192, 53.394780001063886], [-6.188639999729745, 53.39515000048327], [-6.188340000137084, 53.39549000119528], [-6.187850000262261, 53.39609000045169], [-6.187570000406326, 53.39644000109145]]}, "properties": {"FID": 2630, "BIKE": "BIKE_LANE", "Shape_Leng": 235.930417167, "DIR": "Forward"}}, {"type": "Feature", "id": 2631, "geometry": {"type": "LineString", "coordinates": [[-6.3281599995615405, 53.34209000092298], [-6.3283699995591585, 53.3421100009327], [-6.328680000325715, 53.34214000032633], [-6.329030347543293, 53.34215892090372]]}, "properties": {"FID": 2631, "BIKE": "BIKE_LANE", "Shape_Leng": 58.5071664483, "DIR": "Forward"}}, {"type": "Feature", "id": 2632, "geometry": {"type": "LineString", "coordinates": [[-6.3281599995615405, 53.34209000092298], [-6.327989999493767, 53.34209000043169]]}, "properties": {"FID": 2632, "BIKE": "BIKE_LANE", "Shape_Leng": 11.3226015232, "DIR": "Forward"}}, {"type": "Feature", "id": 2634, "geometry": {"type": "LineString", "coordinates": [[-6.32902639008741, 53.342260124597445], [-6.32874652986087, 53.34225466949452], [-6.328499541190525, 53.342242054220755], [-6.3283490139900005, 53.342239005083904]]}, "properties": {"FID": 2634, "BIKE": "BIKE_LANE", "Shape_Leng": 45.190879112, "DIR": "Forward"}}, {"type": "Feature", "id": 2635, "geometry": {"type": "LineString", "coordinates": [[-6.187420000151661, 53.396360000289214], [-6.187759999870501, 53.39592000119304], [-6.188249999031617, 53.39532000138576], [-6.188549999611574, 53.3949800009095], [-6.188999999977439, 53.394590001359276]]}, "properties": {"FID": 2635, "BIKE": "BIKE_LANE", "Shape_Leng": 223.753100297, "DIR": "Forward"}}, {"type": "Feature", "id": 2639, "geometry": {"type": "LineString", "coordinates": [[-6.252434817366594, 53.331353808003016], [-6.25263331304617, 53.331668578299926], [-6.25274315093436, 53.331870216507916]]}, "properties": {"FID": 2639, "BIKE": "BIKE_LANE", "Shape_Leng": 61.0473941386, "DIR": "Forward"}}, {"type": "Feature", "id": 2641, "geometry": {"type": "LineString", "coordinates": [[-6.257778453637669, 53.36377947226094], [-6.257598454593751, 53.36397947264804], [-6.257368455257783, 53.36422947321072], [-6.2572884562932956, 53.364329473124585], [-6.257198456890484, 53.36442947343955], [-6.256888458681921, 53.36482947455844], [-6.256648459077401, 53.36514947435667], [-6.256346255721382, 53.365519365502365], [-6.256248371222774, 53.365663742757334], [-6.256075025200248, 53.36591018250749], [-6.25599328378974, 53.36605341938974], [-6.255934361666724, 53.36614471946763], [-6.255859177150813, 53.36629630495388], [-6.25575646247014, 53.366502510410626], [-6.255699551039059, 53.3666571150346], [-6.255664711031716, 53.366805727219095], [-6.255620521965321, 53.36682691337102]]}, "properties": {"FID": 2641, "BIKE": "BIKE_FRIENDLY_PEDESTRIAN_PATH", "Shape_Leng": 370.393550724, "DIR": "Forward"}}, {"type": "Feature", "id": 2648, "geometry": {"type": "LineString", "coordinates": [[-6.257245746035499, 53.336090687432566], [-6.257303360362894, 53.335936133262535], [-6.257746044463495, 53.33522075512956], [-6.257799466692189, 53.33509208823471], [-6.25851240755994, 53.33389817535523]]}, "properties": {"FID": 2648, "BIKE": "BIKE_LANE", "Shape_Leng": 258.384050241, "DIR": "Forward"}}, {"type": "Feature", "id": 2649, "geometry": {"type": "LineString", "coordinates": [[-6.279118456497483, 53.37033289461318], [-6.278537311066958, 53.370114311258924], [-6.277827310007438, 53.36983431163604], [-6.277657311393144, 53.369764311243316], [-6.276817310846632, 53.369434310782346], [-6.2758973100949165, 53.3690743112657], [-6.275647309490369, 53.3689743103437], [-6.275207309271251, 53.36879431059098], [-6.274087309355319, 53.368364309346916]]}, "properties": {"FID": 2649, "BIKE": "BIKE_LANE", "Shape_Leng": 400.203858082, "DIR": "Forward"}}, {"type": "Feature", "id": 2652, "geometry": {"type": "LineString", "coordinates": [[-6.275696651645814, 53.32946555496279], [-6.27560037936212, 53.329589862130966]]}, "properties": {"FID": 2652, "BIKE": "BIKE_LANE", "Shape_Leng": 15.2487619244, "DIR": "Forward"}}, {"type": "Feature", "id": 2654, "geometry": {"type": "LineString", "coordinates": [[-6.232155809090542, 53.319116528153046], [-6.2323304518554785, 53.31926911952874], [-6.2325604519789595, 53.319429118393074], [-6.232638781464483, 53.31949090890277]]}, "properties": {"FID": 2654, "BIKE": "BIKE_LANE", "Shape_Leng": 52.7153961697, "DIR": "Forward"}}, {"type": "Feature", "id": 2656, "geometry": {"type": "LineString", "coordinates": [[-6.253408672124539, 53.33256805522077], [-6.253679239802765, 53.332823918945735], [-6.25405835746861, 53.33318151485719], [-6.254356735250186, 53.33345903914177], [-6.254502652553968, 53.33359725922219], [-6.2547574269614294, 53.333853434868125], [-6.255090107821683, 53.33413836196021], [-6.2553150941003635, 53.33435761419211], [-6.255400783976725, 53.33443775715941], [-6.2556049336198605, 53.33464289831322], [-6.255675967595115, 53.33471888277], [-6.255985288736322, 53.33501135366467], [-6.256079975647788, 53.33511332321038], [-6.2561322194270375, 53.33516536513577], [-6.256434316923899, 53.33547350787854], [-6.256751076221224, 53.3357858080568], [-6.256837014256101, 53.33586003757545], [-6.257093625917848, 53.3360314281827], [-6.257245746035499, 53.336090687432566]]}, "properties": {"FID": 2656, "BIKE": "BIKE_LANE", "Shape_Leng": 469.558382331, "DIR": "Forward"}}, {"type": "Feature", "id": 2659, "geometry": {"type": "LineString", "coordinates": [[-6.260180821517643, 53.33057244456012], [-6.259990521337967, 53.330392976534405]]}, "properties": {"FID": 2659, "BIKE": "BIKE_LANE", "Shape_Leng": 23.6572316974, "DIR": "Forward"}}, {"type": "Feature", "id": 2664, "geometry": {"type": "LineString", "coordinates": [[-6.283212317611362, 53.305145026766425], [-6.2832270349444626, 53.305281947334905], [-6.283241033650203, 53.30542548630611], [-6.283270286860209, 53.30557187479014], [-6.283296101302862, 53.30569454259973], [-6.283325375430918, 53.305785700149166]]}, "properties": {"FID": 2664, "BIKE": "BIKE_LANE", "Shape_Leng": 71.7695333477, "DIR": "Forward"}}, {"type": "Feature", "id": 2667, "geometry": {"type": "LineString", "coordinates": [[-6.194859999413268, 53.39144000048273], [-6.195560000658161, 53.390950001614925], [-6.1958699998831, 53.390710000624175], [-6.197519999358003, 53.38937000086839]]}, "properties": {"FID": 2667, "BIKE": "BIKE_LANE", "Shape_Leng": 290.637441409, "DIR": "Forward"}}, {"type": "Feature", "id": 2669, "geometry": {"type": "LineString", "coordinates": [[-6.225579999448237, 53.368990001111264], [-6.225889999486531, 53.36875000082548], [-6.226100000408783, 53.36859000062271], [-6.226259999925621, 53.36848000116568], [-6.226329999548582, 53.36844000087422]]}, "properties": {"FID": 2669, "BIKE": "BIKE_LANE", "Shape_Leng": 79.0607877071, "DIR": "Forward"}}, {"type": "Feature", "id": 2671, "geometry": {"type": "LineString", "coordinates": [[-6.272209999604835, 53.34555000103471], [-6.272289999427228, 53.345840001072915], [-6.272520070337887, 53.34666294811454], [-6.272607710839454, 53.34670626692908], [-6.272697873965566, 53.34675116905018], [-6.272809390469668, 53.34678602503798], [-6.272886790306098, 53.346831287823434], [-6.27295000038822, 53.346910001084005], [-6.273019999744612, 53.3471900012164], [-6.273099999711034, 53.34743000071099], [-6.273350000548093, 53.34805000087036], [-6.273409999791264, 53.34840000085607], [-6.273449999718908, 53.34875000169862], [-6.273469998835768, 53.34888000096138], [-6.2735099993513, 53.34927000056778], [-6.2735499996375435, 53.34957000057156], [-6.273590000333321, 53.34988000159938], [-6.273614713170897, 53.35008038284819]]}, "properties": {"FID": 2671, "BIKE": "BIKE_LANE", "Shape_Leng": 522.652739948, "DIR": "Forward"}}, {"type": "Feature", "id": 2673, "geometry": {"type": "LineString", "coordinates": [[-6.186700000698462, 53.39763000120458], [-6.186559999438908, 53.397820000579195], [-6.186070000291056, 53.398390001029526], [-6.185840000758371, 53.39864000033652], [-6.185149999285795, 53.39931000110164]]}, "properties": {"FID": 2673, "BIKE": "BIKE_LANE", "Shape_Leng": 213.738150587, "DIR": "Forward"}}, {"type": "Feature", "id": 2679, "geometry": {"type": "LineString", "coordinates": [[-6.279118456497483, 53.37033289461318], [-6.279450000730738, 53.37046000061762], [-6.279759999463902, 53.370600000369265], [-6.280159998904903, 53.3708200011314]]}, "properties": {"FID": 2679, "BIKE": "BIKE_LANE", "Shape_Leng": 88.2379402282, "DIR": "Forward"}}, {"type": "Feature", "id": 2680, "geometry": {"type": "LineString", "coordinates": [[-6.300059999978386, 53.362090000071966], [-6.300439999688881, 53.36222000136602], [-6.3007600000949, 53.362340000850864]]}, "properties": {"FID": 2680, "BIKE": "BIKE_LANE", "Shape_Leng": 54.2856493276, "DIR": "Forward"}}, {"type": "Feature", "id": 2681, "geometry": {"type": "LineString", "coordinates": [[-6.203849999148311, 53.38347000028883], [-6.2042799999500735, 53.383250000858105], [-6.204489999709619, 53.38317000101119], [-6.204583024408981, 53.38314010009841]]}, "properties": {"FID": 2681, "BIKE": "BIKE_LANE", "Shape_Leng": 61.2552913712, "DIR": "Forward"}}, {"type": "Feature", "id": 2683, "geometry": {"type": "LineString", "coordinates": [[-6.231351888563681, 53.3291282611204], [-6.2314460341134446, 53.329170826415385], [-6.23159340222579, 53.32923439147722], [-6.231759732920906, 53.32930203674772]]}, "properties": {"FID": 2683, "BIKE": "BIKE_LANE", "Shape_Leng": 33.35878084, "DIR": "Forward"}}, {"type": "Feature", "id": 2684, "geometry": {"type": "LineString", "coordinates": [[-6.30602549896369, 53.34396838037075], [-6.3058680964552645, 53.344029667608744], [-6.305484992534842, 53.344161435147576], [-6.3048713434762735, 53.34440242424035]]}, "properties": {"FID": 2684, "BIKE": "BIKE_LANE", "Shape_Leng": 90.8190396466, "DIR": "Forward"}}, {"type": "Feature", "id": 2685, "geometry": {"type": "LineString", "coordinates": [[-6.27430999917551, 53.350720000059205], [-6.273879999786704, 53.35133000079775]]}, "properties": {"FID": 2685, "BIKE": "BIKE_LANE", "Shape_Leng": 73.6790777498, "DIR": "Forward"}}, {"type": "Feature", "id": 2686, "geometry": {"type": "LineString", "coordinates": [[-6.18974999903361, 53.394220000746095], [-6.189260000301345, 53.3945800005919]]}, "properties": {"FID": 2686, "BIKE": "BIKE_LANE", "Shape_Leng": 51.6506307242, "DIR": "Forward"}}, {"type": "Feature", "id": 2687, "geometry": {"type": "LineString", "coordinates": [[-6.3007600000949, 53.362340000850864], [-6.301249999864782, 53.362500000394846], [-6.30164999986933, 53.36263000116728], [-6.30188999953049, 53.362720001079055], [-6.302326039294772, 53.36289014513705]]}, "properties": {"FID": 2687, "BIKE": "BIKE_LANE", "Shape_Leng": 120.984205158, "DIR": "Forward"}}, {"type": "Feature", "id": 2688, "geometry": {"type": "LineString", "coordinates": [[-6.204170000025048, 53.38343000065278], [-6.203860000065988, 53.38359000046904]]}, "properties": {"FID": 2688, "BIKE": "BIKE_LANE", "Shape_Leng": 27.2503148065, "DIR": "Forward"}}, {"type": "Feature", "id": 2689, "geometry": {"type": "LineString", "coordinates": [[-6.224389999384404, 53.370180001253225], [-6.224580000251291, 53.369990000325146]]}, "properties": {"FID": 2689, "BIKE": "BIKE_LANE", "Shape_Leng": 24.63891675, "DIR": "Forward"}}, {"type": "Feature", "id": 2691, "geometry": {"type": "LineString", "coordinates": [[-6.190179999550808, 53.393770000540165], [-6.190600000278793, 53.39354000110867], [-6.191230000861595, 53.39323000086381]]}, "properties": {"FID": 2691, "BIKE": "BIKE_LANE", "Shape_Leng": 92.1781070653, "DIR": "Forward"}}, {"type": "Feature", "id": 2695, "geometry": {"type": "LineString", "coordinates": [[-6.283210788025465, 53.30513969185783], [-6.283202237878532, 53.30453202981397], [-6.283204646940375, 53.30449046108714]]}, "properties": {"FID": 2695, "BIKE": "BIKE_FRIENDLY_PEDESTRIAN_PATH", "Shape_Leng": 72.2579809921, "DIR": "Forward"}}, {"type": "Feature", "id": 2696, "geometry": {"type": "LineString", "coordinates": [[-6.2885499998663255, 53.38003000149585], [-6.2887599999732755, 53.38031000115287], [-6.289099999425992, 53.38063000107753], [-6.289389999440104, 53.38085000075091]]}, "properties": {"FID": 2696, "BIKE": "BIKE_LANE", "Shape_Leng": 107.518449857, "DIR": "Forward"}}, {"type": "Feature", "id": 2698, "geometry": {"type": "LineString", "coordinates": [[-6.22184999959458, 53.372770001055926], [-6.222129999822782, 53.37250000140176], [-6.222549999748721, 53.372070001567494]]}, "properties": {"FID": 2698, "BIKE": "BIKE_LANE", "Shape_Leng": 90.7807876339, "DIR": "Forward"}}, {"type": "Feature", "id": 2699, "geometry": {"type": "LineString", "coordinates": [[-6.294100000743348, 53.384080001198875], [-6.2944300008224845, 53.38434000108131]]}, "properties": {"FID": 2699, "BIKE": "BIKE_LANE", "Shape_Leng": 36.3236804182, "DIR": "Forward"}}, {"type": "Feature", "id": 2700, "geometry": {"type": "LineString", "coordinates": [[-6.1902399996430235, 53.39392000022603], [-6.18974999903361, 53.394220000746095]]}, "properties": {"FID": 2700, "BIKE": "BIKE_LANE", "Shape_Leng": 46.6617849216, "DIR": "Forward"}}, {"type": "Feature", "id": 2701, "geometry": {"type": "LineString", "coordinates": [[-6.224759999487836, 53.37002000110078], [-6.2245799989191015, 53.37020000079126]]}, "properties": {"FID": 2701, "BIKE": "BIKE_LANE", "Shape_Leng": 23.3420051227, "DIR": "Forward"}}, {"type": "Feature", "id": 2702, "geometry": {"type": "LineString", "coordinates": [[-6.222040000484888, 53.37279000098766], [-6.2219400001068434, 53.372880000414064], [-6.221819999261358, 53.372980001253566], [-6.221699999722651, 53.37307000090096]]}, "properties": {"FID": 2702, "BIKE": "BIKE_LANE", "Shape_Leng": 38.5352801533, "DIR": "Forward"}}, {"type": "Feature", "id": 2704, "geometry": {"type": "LineString", "coordinates": [[-6.256872576416132, 53.33685991440043], [-6.25641186901254, 53.33743367135426]]}, "properties": {"FID": 2704, "BIKE": "BIKE_LANE", "Shape_Leng": 70.8457881378, "DIR": "Forward"}}, {"type": "Feature", "id": 2706, "geometry": {"type": "LineString", "coordinates": [[-6.227487896773748, 53.36773360201994], [-6.227199999764556, 53.36798000083145], [-6.2269799994943185, 53.36816000036908], [-6.226549999943983, 53.368480001390246]]}, "properties": {"FID": 2706, "BIKE": "BIKE_LANE", "Shape_Leng": 103.959243214, "DIR": "Forward"}}, {"type": "Feature", "id": 2707, "geometry": {"type": "LineString", "coordinates": [[-6.201380000484714, 53.38662000123907], [-6.20107999911186, 53.38686000068824], [-6.200620000587146, 53.387170000441444], [-6.1999200002625425, 53.387650001308245], [-6.199090000967773, 53.388300000604765]]}, "properties": {"FID": 2707, "BIKE": "BIKE_LANE", "Shape_Leng": 241.346487893, "DIR": "Forward"}}, {"type": "Feature", "id": 2709, "geometry": {"type": "LineString", "coordinates": [[-6.231037238600797, 53.32900108476406], [-6.231145792889845, 53.329039067882995]]}, "properties": {"FID": 2709, "BIKE": "BIKE_LANE", "Shape_Leng": 8.37719214544, "DIR": "Forward"}}, {"type": "Feature", "id": 2710, "geometry": {"type": "LineString", "coordinates": [[-6.2301603660086835, 53.32867208319045], [-6.230227594465276, 53.3286992245546], [-6.2304064495974165, 53.328735977337246], [-6.230541049709326, 53.328786850855785], [-6.230712802270707, 53.32885759896696]]}, "properties": {"FID": 2710, "BIKE": "BIKE_LANE", "Shape_Leng": 42.4970100803, "DIR": "Forward"}}, {"type": "Feature", "id": 2712, "geometry": {"type": "LineString", "coordinates": [[-6.288330000198576, 53.379740000861425], [-6.2885499998663255, 53.38003000149585]]}, "properties": {"FID": 2712, "BIKE": "BIKE_LANE", "Shape_Leng": 35.4396508437, "DIR": "Forward"}}, {"type": "Feature", "id": 2713, "geometry": {"type": "LineString", "coordinates": [[-6.298649999779699, 53.361620001006806], [-6.299469999165546, 53.36188000097606], [-6.300059999978386, 53.362090000071966]]}, "properties": {"FID": 2713, "BIKE": "BIKE_LANE", "Shape_Leng": 107.489748103, "DIR": "Forward"}}, {"type": "Feature", "id": 2714, "geometry": {"type": "LineString", "coordinates": [[-6.2414738623998804, 53.34629387191565], [-6.241541985285966, 53.346330775508875], [-6.241565800012449, 53.34639616019026], [-6.241566100592238, 53.34645326806936], [-6.24155727298211, 53.3464745513072], [-6.241552614495966, 53.34649113767042], [-6.241531082449938, 53.34669226699268], [-6.241457468282752, 53.347063937199316], [-6.24139424829215, 53.34737627795397], [-6.241386098520428, 53.34747767435861], [-6.241376225024554, 53.34752432107322]]}, "properties": {"FID": 2714, "BIKE": "BIKE_FRIENDLY_PEDESTRIAN_PATH", "Shape_Leng": 139.863750621, "DIR": "Forward"}}, {"type": "Feature", "id": 2715, "geometry": {"type": "LineString", "coordinates": [[-6.265496315199369, 53.379241582594304], [-6.265606392711838, 53.379566742591194], [-6.265649999770281, 53.37972000073546]]}, "properties": {"FID": 2715, "BIKE": "BIKE_LANE", "Shape_Leng": 54.2229474846, "DIR": "Forward"}}, {"type": "Feature", "id": 2716, "geometry": {"type": "LineString", "coordinates": [[-6.230549999484752, 53.32897000091509], [-6.230279999420618, 53.32887000087474], [-6.230000478236662, 53.32877976930377]]}, "properties": {"FID": 2716, "BIKE": "BIKE_LANE", "Shape_Leng": 42.3112605965, "DIR": "Forward"}}, {"type": "Feature", "id": 2717, "geometry": {"type": "LineString", "coordinates": [[-6.223340000330423, 53.37147000066936], [-6.222679999629258, 53.37214000032681]]}, "properties": {"FID": 2717, "BIKE": "BIKE_LANE", "Shape_Leng": 86.5435584894, "DIR": "Forward"}}, {"type": "Feature", "id": 2719, "geometry": {"type": "LineString", "coordinates": [[-6.298000000695463, 53.36136000057352], [-6.298330000738426, 53.36148000099841], [-6.298649999779699, 53.361620001006806]]}, "properties": {"FID": 2719, "BIKE": "BIKE_LANE", "Shape_Leng": 52.1031192969, "DIR": "Forward"}}, {"type": "Feature", "id": 2720, "geometry": {"type": "LineString", "coordinates": [[-6.2245799989191015, 53.37020000079126], [-6.22410000061994, 53.37069000040331]]}, "properties": {"FID": 2720, "BIKE": "BIKE_LANE", "Shape_Leng": 63.2028742601, "DIR": "Forward"}}, {"type": "Feature", "id": 2721, "geometry": {"type": "LineString", "coordinates": [[-6.225769999622846, 53.369070000862], [-6.2255899996065365, 53.369220000574806], [-6.225250000274183, 53.36953000113134], [-6.225090000073728, 53.36970000041455]]}, "properties": {"FID": 2721, "BIKE": "BIKE_LANE", "Shape_Leng": 83.5203399008, "DIR": "Forward"}}, {"type": "Feature", "id": 2722, "geometry": {"type": "LineString", "coordinates": [[-6.298929999677926, 53.345610001559386], [-6.298500000040744, 53.345650000386385], [-6.298250000025004, 53.345680000764546]]}, "properties": {"FID": 2722, "BIKE": "BIKE_LANE", "Shape_Leng": 45.9622175501, "DIR": "Forward"}}, {"type": "Feature", "id": 2723, "geometry": {"type": "LineString", "coordinates": [[-6.299520000733701, 53.345410001366595], [-6.299759999612762, 53.34537000130776]]}, "properties": {"FID": 2723, "BIKE": "BIKE_LANE", "Shape_Leng": 16.5919528203, "DIR": "Forward"}}, {"type": "Feature", "id": 2725, "geometry": {"type": "LineString", "coordinates": [[-6.300429999797352, 53.36229000069204], [-6.301079999547369, 53.36252000088636], [-6.30141000048669, 53.36264000075949], [-6.301798462900943, 53.36280059474712], [-6.302297472734157, 53.363002452279396]]}, "properties": {"FID": 2725, "BIKE": "BIKE_LANE", "Shape_Leng": 147.523601799, "DIR": "Forward"}}, {"type": "Feature", "id": 2726, "geometry": {"type": "LineString", "coordinates": [[-6.265129999505284, 53.38594000028315], [-6.265149999376749, 53.386450000739266], [-6.265189999292871, 53.38680000071996], [-6.265279999350497, 53.38728000068316]]}, "properties": {"FID": 2726, "BIKE": "BIKE_LANE", "Shape_Leng": 149.571884224, "DIR": "Forward"}}, {"type": "Feature", "id": 2728, "geometry": {"type": "LineString", "coordinates": [[-6.231905241809388, 53.341547390893105], [-6.23222516760602, 53.34159788608148], [-6.233166703457119, 53.34171443168698], [-6.233887040666549, 53.34180204688329], [-6.234365194376546, 53.34186388916784], [-6.234589230100689, 53.34188037584126], [-6.234667997015969, 53.341889912055635]]}, "properties": {"FID": 2728, "BIKE": "BIKE_LANE", "Shape_Leng": 188.004578444, "DIR": "Forward"}}, {"type": "Feature", "id": 2730, "geometry": {"type": "LineString", "coordinates": [[-6.274713851180819, 53.35007189759409], [-6.27469525916639, 53.35012129423817], [-6.274666920295352, 53.3501803110019]]}, "properties": {"FID": 2730, "BIKE": "BIKE_LANE", "Shape_Leng": 12.4688389397, "DIR": "Forward"}}, {"type": "Feature", "id": 2731, "geometry": {"type": "LineString", "coordinates": [[-6.204520000637514, 53.383260001178954], [-6.204399999252743, 53.383320001053164], [-6.204170000025048, 53.38343000065278]]}, "properties": {"FID": 2731, "BIKE": "BIKE_LANE", "Shape_Leng": 30.0074113828, "DIR": "Forward"}}, {"type": "Feature", "id": 2732, "geometry": {"type": "LineString", "coordinates": [[-6.279559999671025, 53.3704100012913], [-6.280070000087558, 53.37065000104706], [-6.280259999490276, 53.37077000088288]]}, "properties": {"FID": 2732, "BIKE": "BIKE_LANE", "Shape_Leng": 61.5863326435, "DIR": "Forward"}}, {"type": "Feature", "id": 2734, "geometry": {"type": "LineString", "coordinates": [[-6.223340000421804, 53.3712700012782], [-6.223189999554288, 53.37142000092901]]}, "properties": {"FID": 2734, "BIKE": "BIKE_LANE", "Shape_Leng": 19.4515355077, "DIR": "Forward"}}, {"type": "Feature", "id": 2735, "geometry": {"type": "LineString", "coordinates": [[-6.221539999953694, 53.373040000619184], [-6.221670000977104, 53.37293000147174], [-6.22184999959458, 53.372770001055926]]}, "properties": {"FID": 2735, "BIKE": "BIKE_LANE", "Shape_Leng": 36.4528462836, "DIR": "Forward"}}, {"type": "Feature", "id": 2737, "geometry": {"type": "LineString", "coordinates": [[-6.24105952193908, 53.34752282528703], [-6.241376225024554, 53.34752432107322]]}, "properties": {"FID": 2737, "BIKE": "BIKE_FRIENDLY_PEDESTRIAN_PATH", "Shape_Leng": 21.091854167, "DIR": "Forward"}}, {"type": "Feature", "id": 2741, "geometry": {"type": "LineString", "coordinates": [[-6.193070000258578, 53.39257000128581], [-6.192609999499345, 53.392780000922215]]}, "properties": {"FID": 2741, "BIKE": "BIKE_LANE", "Shape_Leng": 38.5061357915, "DIR": "Forward"}}, {"type": "Feature", "id": 2743, "geometry": {"type": "LineString", "coordinates": [[-6.293040000123663, 53.3460600006671], [-6.2927299999415105, 53.34610000035737], [-6.292330000068292, 53.346150001047334]]}, "properties": {"FID": 2743, "BIKE": "BIKE_LANE", "Shape_Leng": 48.3338231253, "DIR": "Forward"}}, {"type": "Feature", "id": 2744, "geometry": {"type": "LineString", "coordinates": [[-6.222549999748721, 53.372070001567494], [-6.223189999554288, 53.37142000092901]]}, "properties": {"FID": 2744, "BIKE": "BIKE_LANE", "Shape_Leng": 83.9501811374, "DIR": "Forward"}}, {"type": "Feature", "id": 2745, "geometry": {"type": "LineString", "coordinates": [[-6.296540000776498, 53.34576000107243], [-6.297209999589095, 53.34570000110622], [-6.297960000499437, 53.34563000068849], [-6.2982199989975705, 53.345600000621985]]}, "properties": {"FID": 2745, "BIKE": "BIKE_LANE", "Shape_Leng": 113.304680594, "DIR": "Forward"}}, {"type": "Feature", "id": 2746, "geometry": {"type": "LineString", "coordinates": [[-6.263879999712472, 53.39333000131566], [-6.26393999959247, 53.39369000113648], [-6.2640000000478935, 53.39414000088261]]}, "properties": {"FID": 2746, "BIKE": "BIKE_LANE", "Shape_Leng": 90.5034796691, "DIR": "Forward"}}, {"type": "Feature", "id": 2747, "geometry": {"type": "LineString", "coordinates": [[-6.266099999794561, 53.37985000080006], [-6.266010000146203, 53.38003000133303], [-6.2659599996489135, 53.380210000514516], [-6.265919999939372, 53.380380001050916], [-6.265920000855438, 53.38068000091238]]}, "properties": {"FID": 2747, "BIKE": "BIKE_LANE", "Shape_Leng": 93.7088746322, "DIR": "Forward"}}, {"type": "Feature", "id": 2748, "geometry": {"type": "LineString", "coordinates": [[-6.298890000644054, 53.34551000081833], [-6.299249999789356, 53.34545000110502], [-6.299520000733701, 53.345410001366595]]}, "properties": {"FID": 2748, "BIKE": "BIKE_LANE", "Shape_Leng": 43.4124522356, "DIR": "Forward"}}, {"type": "Feature", "id": 2753, "geometry": {"type": "LineString", "coordinates": [[-6.1949900007683425, 53.3915300007928], [-6.1945899999550385, 53.39178000109279], [-6.1940399996125075, 53.392090000568984], [-6.193409999625987, 53.39241000128895], [-6.193070000258578, 53.39257000128581]]}, "properties": {"FID": 2753, "BIKE": "BIKE_LANE", "Shape_Leng": 172.578204635, "DIR": "Forward"}}, {"type": "Feature", "id": 2754, "geometry": {"type": "LineString", "coordinates": [[-6.296990000121975, 53.38649000062704], [-6.295639999979275, 53.38544000092382]]}, "properties": {"FID": 2754, "BIKE": "BIKE_LANE", "Shape_Leng": 147.388523609, "DIR": "Forward"}}, {"type": "Feature", "id": 2756, "geometry": {"type": "LineString", "coordinates": [[-6.197790000121803, 53.38915000076816], [-6.198490000209947, 53.388590001531085], [-6.198899999078147, 53.38825000077737]]}, "properties": {"FID": 2756, "BIKE": "BIKE_LANE", "Shape_Leng": 124.450089373, "DIR": "Forward"}}, {"type": "Feature", "id": 2757, "geometry": {"type": "LineString", "coordinates": [[-6.202179999700581, 53.38578000150453], [-6.2020499998198195, 53.385950000822426], [-6.201760000217615, 53.386270001456644], [-6.201380000484714, 53.38662000123907]]}, "properties": {"FID": 2757, "BIKE": "BIKE_LANE", "Shape_Leng": 107.747165439, "DIR": "Forward"}}, {"type": "Feature", "id": 2758, "geometry": {"type": "LineString", "coordinates": [[-6.2745089946133135, 53.35041688481509], [-6.27430999917551, 53.350720000059205]]}, "properties": {"FID": 2758, "BIKE": "BIKE_LANE", "Shape_Leng": 36.2432951847, "DIR": "Forward"}}, {"type": "Feature", "id": 2759, "geometry": {"type": "LineString", "coordinates": [[-6.191230000861595, 53.39323000086381], [-6.192219999683851, 53.39280000067652]]}, "properties": {"FID": 2759, "BIKE": "BIKE_LANE", "Shape_Leng": 81.4114051722, "DIR": "Forward"}}, {"type": "Feature", "id": 2760, "geometry": {"type": "LineString", "coordinates": [[-6.265649999770281, 53.37972000073546], [-6.265720000227941, 53.3800000010246], [-6.26576000080229, 53.3802000012449], [-6.265749999421873, 53.38040000113851], [-6.265729999156939, 53.380670001248745]]}, "properties": {"FID": 2760, "BIKE": "BIKE_LANE", "Shape_Leng": 106.271288601, "DIR": "Forward"}}, {"type": "Feature", "id": 2762, "geometry": {"type": "LineString", "coordinates": [[-6.274666920295352, 53.3501803110019], [-6.2745089946133135, 53.35041688481509]]}, "properties": {"FID": 2762, "BIKE": "BIKE_LANE", "Shape_Leng": 28.3511263495, "DIR": "Forward"}}, {"type": "Feature", "id": 2764, "geometry": {"type": "LineString", "coordinates": [[-6.297130000120257, 53.3611700010577], [-6.297449999658689, 53.36127000125497], [-6.297819999548371, 53.361380001165706], [-6.297920000558876, 53.361430000762795], [-6.2979800000998, 53.361480001375284], [-6.298020000813515, 53.36154000083724], [-6.298050514664526, 53.36163374000972]]}, "properties": {"FID": 2764, "BIKE": "BIKE_LANE", "Shape_Leng": 84.8856567929, "DIR": "Forward"}}, {"type": "Feature", "id": 2767, "geometry": {"type": "LineString", "coordinates": [[-6.292830000804298, 53.34602000025425], [-6.293419998811011, 53.34595000107343]]}, "properties": {"FID": 2767, "BIKE": "BIKE_LANE", "Shape_Leng": 40.0574205049, "DIR": "Forward"}}, {"type": "Feature", "id": 2774, "geometry": {"type": "LineString", "coordinates": [[-6.260143024705535, 53.330357762635636], [-6.260204199473579, 53.33041198866695], [-6.260296755857289, 53.33051510310753]]}, "properties": {"FID": 2774, "BIKE": "BIKE_LANE", "Shape_Leng": 20.30965798, "DIR": "Forward"}}, {"type": "Feature", "id": 2775, "geometry": {"type": "LineString", "coordinates": [[-6.260078980971988, 53.330282580230865], [-6.260403605660007, 53.330218241748256], [-6.260803604695477, 53.33013824116772], [-6.261303604835788, 53.33006824098211], [-6.261763604400453, 53.33001824136721], [-6.262543878382779, 53.32997626860212], [-6.26342360241758, 53.32991824135152], [-6.2640560599801995, 53.32989933014388], [-6.264189652660414, 53.32990785078198]]}, "properties": {"FID": 2775, "BIKE": "BIKE_LANE", "Shape_Leng": 278.535186292, "DIR": "Forward"}}, {"type": "Feature", "id": 2776, "geometry": {"type": "LineString", "coordinates": [[-6.24105952193908, 53.34752282528703], [-6.241057024722948, 53.34765790266781]]}, "properties": {"FID": 2776, "BIKE": "BIKE_FRIENDLY_PEDESTRIAN_PATH", "Shape_Leng": 15.033884136, "DIR": "Bi-Directional"}}, {"type": "Feature", "id": 2777, "geometry": {"type": "LineString", "coordinates": [[-6.19136999935861, 53.39334000062469], [-6.190930000158131, 53.39355000032442], [-6.19054000052279, 53.3937400009424], [-6.1902399996430235, 53.39392000022603]]}, "properties": {"FID": 2777, "BIKE": "BIKE_LANE", "Shape_Leng": 99.2047731207, "DIR": "Forward"}}, {"type": "Feature", "id": 2779, "geometry": {"type": "LineString", "coordinates": [[-6.298419999461121, 53.34558000100703], [-6.298890000644054, 53.34551000081833]]}, "properties": {"FID": 2779, "BIKE": "BIKE_LANE", "Shape_Leng": 32.2562392423, "DIR": "Forward"}}, {"type": "Feature", "id": 2783, "geometry": {"type": "LineString", "coordinates": [[-6.224930000782744, 53.36962000093414], [-6.225350000007614, 53.36921000079566], [-6.225579999448237, 53.368990001111264]]}, "properties": {"FID": 2783, "BIKE": "BIKE_LANE", "Shape_Leng": 82.3893932363, "DIR": "Forward"}}, {"type": "Feature", "id": 2786, "geometry": {"type": "LineString", "coordinates": [[-6.265279999350497, 53.38728000068316], [-6.265370000584747, 53.38777000155047], [-6.265380000025912, 53.38799000085951], [-6.2653599990191235, 53.388170000585404], [-6.265330000306113, 53.388320000305754], [-6.265239999071408, 53.38853000134803], [-6.265109999624238, 53.38876000090943], [-6.264900000389049, 53.38916000047211]]}, "properties": {"FID": 2786, "BIKE": "BIKE_LANE", "Shape_Leng": 214.04589244, "DIR": "Forward"}}, {"type": "Feature", "id": 2787, "geometry": {"type": "LineString", "coordinates": [[-6.286539999656349, 53.375910001348664], [-6.286659999457458, 53.376180000839994], [-6.286799999389877, 53.37640000101753]]}, "properties": {"FID": 2787, "BIKE": "BIKE_LANE", "Shape_Leng": 57.2885614336, "DIR": "Forward"}}, {"type": "Feature", "id": 2790, "geometry": {"type": "LineString", "coordinates": [[-6.2962700003291685, 53.36087000111864], [-6.296849999679774, 53.361080000247604], [-6.297130000120257, 53.3611700010577]]}, "properties": {"FID": 2790, "BIKE": "BIKE_LANE", "Shape_Leng": 66.2964746891, "DIR": "Forward"}}, {"type": "Feature", "id": 2792, "geometry": {"type": "LineString", "coordinates": [[-6.335689999954349, 53.32376000114673], [-6.336670000098664, 53.32373000033772]]}, "properties": {"FID": 2792, "BIKE": "BIKE_LANE", "Shape_Leng": 65.3846735933, "DIR": "Forward"}}, {"type": "Feature", "id": 2794, "geometry": {"type": "LineString", "coordinates": [[-6.188999999977439, 53.394590001359276], [-6.18947000080777, 53.39422000103358], [-6.1898099998952745, 53.393990001572014], [-6.190179999550808, 53.393770000540165]]}, "properties": {"FID": 2794, "BIKE": "BIKE_LANE", "Shape_Leng": 120.580248909, "DIR": "Forward"}}, {"type": "Feature", "id": 2795, "geometry": {"type": "LineString", "coordinates": [[-6.292309999148631, 53.34609000072899], [-6.292830000804298, 53.34602000025425]]}, "properties": {"FID": 2795, "BIKE": "BIKE_LANE", "Shape_Leng": 35.4963748884, "DIR": "Forward"}}, {"type": "Feature", "id": 2797, "geometry": {"type": "LineString", "coordinates": [[-6.298050514664526, 53.36163374000972], [-6.298709999944481, 53.36175000110806]]}, "properties": {"FID": 2797, "BIKE": "BIKE_LANE", "Shape_Leng": 45.7709904349, "DIR": "Forward"}}, {"type": "Feature", "id": 2798, "geometry": {"type": "LineString", "coordinates": [[-6.192889999944252, 53.392500000970365], [-6.1936199994850005, 53.39215000119752], [-6.194270000603039, 53.391800001138584], [-6.194859999413268, 53.39144000048273]]}, "properties": {"FID": 2798, "BIKE": "BIKE_LANE", "Shape_Leng": 176.54489757, "DIR": "Forward"}}, {"type": "Feature", "id": 2799, "geometry": {"type": "LineString", "coordinates": [[-6.296149999077283, 53.34586000149687], [-6.295380000619405, 53.34592000134916], [-6.294829999806709, 53.34596000084181], [-6.29421999925152, 53.345980001710224], [-6.293740000392245, 53.346000001752415], [-6.293449999940969, 53.34601000042602]]}, "properties": {"FID": 2799, "BIKE": "BIKE_LANE", "Shape_Leng": 180.687073817, "DIR": "Forward"}}, {"type": "Feature", "id": 2802, "geometry": {"type": "LineString", "coordinates": [[-6.201209999708466, 53.386560001538825], [-6.201520000224868, 53.386300001026044], [-6.20185999924999, 53.38595000129991], [-6.2021100006191405, 53.38567000096281], [-6.202319999927553, 53.38531000088426], [-6.202629999919911, 53.384820000884915], [-6.203029998954296, 53.384180001103765], [-6.20318999986177, 53.38397000125228], [-6.203389999800983, 53.38376000018691], [-6.203600000054399, 53.38361000134481]]}, "properties": {"FID": 2802, "BIKE": "BIKE_LANE", "Shape_Leng": 367.025475658, "DIR": "Forward"}}, {"type": "Feature", "id": 2803, "geometry": {"type": "LineString", "coordinates": [[-6.295639999979275, 53.38544000092382], [-6.295119999306432, 53.38504000160487]]}, "properties": {"FID": 2803, "BIKE": "BIKE_LANE", "Shape_Leng": 56.3808634742, "DIR": "Forward"}}, {"type": "Feature", "id": 2804, "geometry": {"type": "LineString", "coordinates": [[-6.198899999078147, 53.38825000077737], [-6.19942000059616, 53.387830000849945], [-6.200190000522734, 53.38728000086348], [-6.201209999708466, 53.386560001538825]]}, "properties": {"FID": 2804, "BIKE": "BIKE_LANE", "Shape_Leng": 242.98389726, "DIR": "Forward"}}, {"type": "Feature", "id": 2808, "geometry": {"type": "LineString", "coordinates": [[-6.203600000054399, 53.38361000134481], [-6.203849999148311, 53.38347000028883]]}, "properties": {"FID": 2808, "BIKE": "BIKE_LANE", "Shape_Leng": 22.7924664819, "DIR": "Forward"}}, {"type": "Feature", "id": 2809, "geometry": {"type": "LineString", "coordinates": [[-6.197680000042105, 53.389450001683144], [-6.196650000717522, 53.390290000754945], [-6.195899999554573, 53.39090000050805], [-6.1949900007683425, 53.3915300007928]]}, "properties": {"FID": 2809, "BIKE": "BIKE_LANE", "Shape_Leng": 292.800429802, "DIR": "Forward"}}, {"type": "Feature", "id": 2810, "geometry": {"type": "LineString", "coordinates": [[-6.272240000175322, 53.34064000062991], [-6.272219999913984, 53.34053000126415]]}, "properties": {"FID": 2810, "BIKE": "BIKE_LANE", "Shape_Leng": 12.3141762055, "DIR": "Forward"}}, {"type": "Feature", "id": 2811, "geometry": {"type": "LineString", "coordinates": [[-6.258390000385264, 53.34535000124484], [-6.258580000527793, 53.34532000036059], [-6.2587600007609305, 53.34531000099665], [-6.258889999691784, 53.345320000080314], [-6.258989999441845, 53.34534000095961], [-6.259090000613746, 53.34540000069356]]}, "properties": {"FID": 2811, "BIKE": "BIKE_LANE", "Shape_Leng": 50.3085135696, "DIR": "Forward"}}, {"type": "Feature", "id": 2813, "geometry": {"type": "LineString", "coordinates": [[-6.265356096875317, 53.35603885855177], [-6.265564201730058, 53.35611015994864], [-6.2656228492630275, 53.356121279518675], [-6.265937574802793, 53.35620268213738], [-6.266454912542928, 53.356335014212966], [-6.267080114155142, 53.3564929123723], [-6.267276766729687, 53.35653941166107], [-6.26741479349107, 53.35657301713793], [-6.267586924908632, 53.3566158962813], [-6.267750919592679, 53.35666041242434], [-6.267845542461925, 53.356678902975055], [-6.268015430670733, 53.35671973290175]]}, "properties": {"FID": 2813, "BIKE": "BIKE_LANE", "Shape_Leng": 192.763104466, "DIR": "Forward"}}, {"type": "Feature", "id": 2816, "geometry": {"type": "LineString", "coordinates": [[-6.3070818054297435, 53.344008325156786], [-6.306922927928195, 53.34399971791614], [-6.30672839186351, 53.34396311262605], [-6.306521965393215, 53.34392961888323], [-6.306232866602941, 53.3439319405917], [-6.30602549896369, 53.34396838037075]]}, "properties": {"FID": 2816, "BIKE": "BIKE_LANE", "Shape_Leng": 72.1007456181, "DIR": "Forward"}}, {"type": "Feature", "id": 2817, "geometry": {"type": "LineString", "coordinates": [[-6.293419998811011, 53.34595000107343], [-6.294000000136381, 53.345920001255585], [-6.294550000902978, 53.345910000569454], [-6.294939999965151, 53.34589000091484], [-6.295760000086532, 53.34582000077004], [-6.296149999976756, 53.34579000065189]]}, "properties": {"FID": 2817, "BIKE": "BIKE_LANE", "Shape_Leng": 182.835322016, "DIR": "Forward"}}, {"type": "Feature", "id": 2818, "geometry": {"type": "LineString", "coordinates": [[-6.22410000061994, 53.37069000040331], [-6.223340000330423, 53.37147000066936]]}, "properties": {"FID": 2818, "BIKE": "BIKE_LANE", "Shape_Leng": 100.471424764, "DIR": "Forward"}}, {"type": "Feature", "id": 2819, "geometry": {"type": "LineString", "coordinates": [[-6.225090000073728, 53.36970000041455], [-6.224759999487836, 53.37002000110078]]}, "properties": {"FID": 2819, "BIKE": "BIKE_LANE", "Shape_Leng": 41.8426105209, "DIR": "Forward"}}, {"type": "Feature", "id": 2820, "geometry": {"type": "LineString", "coordinates": [[-6.293449999940969, 53.34601000042602], [-6.293340001067572, 53.34602000005267], [-6.29316000085563, 53.346040000465884], [-6.293040000123663, 53.3460600006671]]}, "properties": {"FID": 2820, "BIKE": "BIKE_LANE", "Shape_Leng": 27.8982012846, "DIR": "Forward"}}, {"type": "Feature", "id": 2822, "geometry": {"type": "LineString", "coordinates": [[-6.222679999629258, 53.37214000032681], [-6.222249999587487, 53.37258000104214], [-6.222040000484888, 53.37279000098766]]}, "properties": {"FID": 2822, "BIKE": "BIKE_LANE", "Shape_Leng": 83.9507432134, "DIR": "Forward"}}, {"type": "Feature", "id": 2824, "geometry": {"type": "LineString", "coordinates": [[-6.246550000479638, 53.34380000014458], [-6.246334248236336, 53.3436016857784]]}, "properties": {"FID": 2824, "BIKE": "BIKE_LANE", "Shape_Leng": 26.3362456682, "DIR": "Forward"}}, {"type": "Feature", "id": 2825, "geometry": {"type": "LineString", "coordinates": [[-6.231145792889845, 53.329039067882995], [-6.231351888563681, 53.3291282611204]]}, "properties": {"FID": 2825, "BIKE": "BIKE_LANE", "Shape_Leng": 16.9433733608, "DIR": "Forward"}}, {"type": "Feature", "id": 2826, "geometry": {"type": "LineString", "coordinates": [[-6.224580000251291, 53.369990000325146], [-6.224930000782744, 53.36962000093414]]}, "properties": {"FID": 2826, "BIKE": "BIKE_LANE", "Shape_Leng": 47.3113529651, "DIR": "Forward"}}, {"type": "Feature", "id": 2827, "geometry": {"type": "LineString", "coordinates": [[-6.24105952193908, 53.34752282528703], [-6.241084710094784, 53.347393922018206], [-6.241129936247187, 53.34716459036062], [-6.24118852685385, 53.346803802819274], [-6.241204089348085, 53.34674772243805], [-6.241235402020025, 53.346566564283265], [-6.24125504290084, 53.34641140752643], [-6.24123021718033, 53.34637059313667], [-6.241193176150907, 53.34633673704912]]}, "properties": {"FID": 2827, "BIKE": "BIKE_FRIENDLY_PEDESTRIAN_PATH", "Shape_Leng": 133.735254243, "DIR": "Bi-Directional"}}, {"type": "Feature", "id": 2828, "geometry": {"type": "LineString", "coordinates": [[-6.298250000025004, 53.345680000764546], [-6.297980000982253, 53.34571000024826], [-6.297539999223409, 53.3457500003444], [-6.297229999213465, 53.34577000066635]]}, "properties": {"FID": 2828, "BIKE": "BIKE_LANE", "Shape_Leng": 68.6933940721, "DIR": "Forward"}}, {"type": "Feature", "id": 2831, "geometry": {"type": "LineString", "coordinates": [[-6.2649299994953225, 53.34543000114191], [-6.264619999653971, 53.34548000089182], [-6.264300000453065, 53.34553000087648]]}, "properties": {"FID": 2831, "BIKE": "BIKE_FRIENDLY_PEDESTRIAN_PATH", "Shape_Leng": 43.40854036, "DIR": "Forward"}}, {"type": "Feature", "id": 2832, "geometry": {"type": "LineString", "coordinates": [[-6.264300000453065, 53.34553000087648], [-6.264010000188645, 53.34555000096899], [-6.263419999617394, 53.345580000722954]]}, "properties": {"FID": 2832, "BIKE": "BIKE_FRIENDLY_PEDESTRIAN_PATH", "Shape_Leng": 58.8765118468, "DIR": "Forward"}}, {"type": "Feature", "id": 2834, "geometry": {"type": "LineString", "coordinates": [[-6.246669999732209, 53.344000000663364], [-6.246599999394128, 53.343880000448685]]}, "properties": {"FID": 2834, "BIKE": "BIKE_LANE", "Shape_Leng": 14.1453547931, "DIR": "Forward"}}, {"type": "Feature", "id": 2841, "geometry": {"type": "LineString", "coordinates": [[-6.271887081714144, 53.34357893810249], [-6.271848329890214, 53.343749566877314], [-6.2717999995348785, 53.34394000058826]]}, "properties": {"FID": 2841, "BIKE": "BIKE_LANE", "Shape_Leng": 40.60056491, "DIR": "Forward"}}, {"type": "Feature", "id": 2843, "geometry": {"type": "LineString", "coordinates": [[-6.328620000241756, 53.32398000137575], [-6.329200000064952, 53.32394000114412], [-6.32978999968685, 53.32390000149658]]}, "properties": {"FID": 2843, "BIKE": "BIKE_LANE", "Shape_Leng": 78.4659204208, "DIR": "Forward"}}, {"type": "Feature", "id": 2844, "geometry": {"type": "LineString", "coordinates": [[-6.282329999527755, 53.372110001042195], [-6.282630000199686, 53.372230000957245]]}, "properties": {"FID": 2844, "BIKE": "BIKE_FRIENDLY_PEDESTRIAN_PATH", "Shape_Leng": 24.0217159626, "DIR": "Forward"}}, {"type": "Feature", "id": 2845, "geometry": {"type": "LineString", "coordinates": [[-6.2972700005042155, 53.36113000128728], [-6.297670000450737, 53.36125000111303], [-6.298000000695463, 53.36136000057352]]}, "properties": {"FID": 2845, "BIKE": "BIKE_LANE", "Shape_Leng": 54.9407008232, "DIR": "Forward"}}, {"type": "Feature", "id": 2847, "geometry": {"type": "LineString", "coordinates": [[-6.271873584328104, 53.34301187915154], [-6.271832787481461, 53.34333316115496], [-6.271887081714144, 53.34357893810249]]}, "properties": {"FID": 2847, "BIKE": "BIKE_LANE", "Shape_Leng": 63.4495174795, "DIR": "Forward"}}, {"type": "Feature", "id": 2849, "geometry": {"type": "LineString", "coordinates": [[-6.263419999617394, 53.345580000722954], [-6.263310000289248, 53.34559000144757], [-6.262860000032035, 53.345610001155805]]}, "properties": {"FID": 2849, "BIKE": "BIKE_FRIENDLY_PEDESTRIAN_PATH", "Shape_Leng": 37.4619303214, "DIR": "Forward"}}, {"type": "Feature", "id": 2850, "geometry": {"type": "LineString", "coordinates": [[-6.2717999995348785, 53.34394000058826], [-6.271849999828346, 53.34421000027788]]}, "properties": {"FID": 2850, "BIKE": "BIKE_LANE", "Shape_Leng": 30.2324400484, "DIR": "Forward"}}, {"type": "Feature", "id": 2857, "geometry": {"type": "LineString", "coordinates": [[-6.246436855454448, 53.34350909624852], [-6.246640000164705, 53.34360000117329]]}, "properties": {"FID": 2857, "BIKE": "BIKE_LANE", "Shape_Leng": 16.8940889217, "DIR": "Forward"}}, {"type": "Feature", "id": 2858, "geometry": {"type": "LineString", "coordinates": [[-6.30001000013525, 53.362150000188294], [-6.300429999797352, 53.36229000069204]]}, "properties": {"FID": 2858, "BIKE": "BIKE_LANE", "Shape_Leng": 32.0084982791, "DIR": "Forward"}}, {"type": "Feature", "id": 2861, "geometry": {"type": "LineString", "coordinates": [[-6.27980999967245, 53.348620000493206], [-6.27960000043171, 53.34942000045351]]}, "properties": {"FID": 2861, "BIKE": "BIKE_LANE", "Shape_Leng": 90.1241644758, "DIR": "Forward"}}, {"type": "Feature", "id": 2863, "geometry": {"type": "LineString", "coordinates": [[-6.27960000043171, 53.34942000045351], [-6.279600000474021, 53.34961000044893]]}, "properties": {"FID": 2863, "BIKE": "BIKE_LANE", "Shape_Leng": 21.1452367492, "DIR": "Forward"}}, {"type": "Feature", "id": 2865, "geometry": {"type": "LineString", "coordinates": [[-6.272060000917594, 53.34472000046424], [-6.2720811871943045, 53.3449480352002]]}, "properties": {"FID": 2865, "BIKE": "BIKE_LANE", "Shape_Leng": 25.4173622692, "DIR": "Forward"}}, {"type": "Feature", "id": 2870, "geometry": {"type": "LineString", "coordinates": [[-6.2468899997710166, 53.34442000085065], [-6.246770000750235, 53.34419000088391]]}, "properties": {"FID": 2870, "BIKE": "BIKE_LANE", "Shape_Leng": 26.815656838, "DIR": "Forward"}}, {"type": "Feature", "id": 2871, "geometry": {"type": "LineString", "coordinates": [[-6.246770000750235, 53.34419000088391], [-6.246669999732209, 53.344000000663364]]}, "properties": {"FID": 2871, "BIKE": "BIKE_LANE", "Shape_Leng": 22.1694662877, "DIR": "Forward"}}, {"type": "Feature", "id": 2872, "geometry": {"type": "LineString", "coordinates": [[-6.246599999394128, 53.343880000448685], [-6.246550000479638, 53.34380000014458]]}, "properties": {"FID": 2872, "BIKE": "BIKE_LANE", "Shape_Leng": 9.50570686359, "DIR": "Forward"}}, {"type": "Feature", "id": 2885, "geometry": {"type": "LineString", "coordinates": [[-6.357142471725832, 53.35244164717464], [-6.356278459528459, 53.35215337936939]]}, "properties": {"FID": 2885, "BIKE": "BIKE_LANE", "Shape_Leng": 65.8722314689, "DIR": "Forward"}}, {"type": "Feature", "id": 2886, "geometry": {"type": "LineString", "coordinates": [[-6.252797232483601, 53.33196537695207], [-6.252865043009187, 53.33206441818966], [-6.252989015308491, 53.33217060414244]]}, "properties": {"FID": 2886, "BIKE": "BIKE_LANE", "Shape_Leng": 26.3297915118, "DIR": "Forward"}}, {"type": "Feature", "id": 2890, "geometry": {"type": "LineString", "coordinates": [[-6.162469999181493, 53.402030000564], [-6.162700280047258, 53.402873726341056]]}, "properties": {"FID": 2890, "BIKE": "BIKE_LANE", "Shape_Leng": 95.1426957616, "DIR": "Forward"}}, {"type": "Feature", "id": 2893, "geometry": {"type": "LineString", "coordinates": [[-6.246489323568076, 53.33956568840275], [-6.246524617342024, 53.339581149941665], [-6.246786748226081, 53.33967289568845], [-6.247257580067844, 53.3398886489535]]}, "properties": {"FID": 2893, "BIKE": "BIKE_LANE", "Shape_Leng": 62.6375837064, "DIR": "Forward"}}, {"type": "Feature", "id": 2894, "geometry": {"type": "LineString", "coordinates": [[-6.252590000201534, 53.341860001343115], [-6.252409999065842, 53.341750000650464], [-6.252119999362258, 53.341650000836076]]}, "properties": {"FID": 2894, "BIKE": "BIKE_LANE", "Shape_Leng": 39.4271063112, "DIR": "Forward"}}, {"type": "Feature", "id": 2895, "geometry": {"type": "LineString", "coordinates": [[-6.332930830943561, 53.349516334494666], [-6.332815350092687, 53.34946009721355], [-6.332342533198711, 53.34942478288838]]}, "properties": {"FID": 2895, "BIKE": "BIKE_FRIENDLY_PEDESTRIAN_PATH", "Shape_Leng": 41.6451900677, "DIR": "Forward"}}, {"type": "Feature", "id": 2897, "geometry": {"type": "LineString", "coordinates": [[-6.37688858422037, 53.34441232407532], [-6.377566214817615, 53.34458075694318], [-6.378593869148351, 53.34486385598087], [-6.378804633378939, 53.34494307180843]]}, "properties": {"FID": 2897, "BIKE": "BIKE_LANE", "Shape_Leng": 140.787071257, "DIR": "Forward"}}, {"type": "Feature", "id": 2898, "geometry": {"type": "LineString", "coordinates": [[-6.286669912346427, 53.34360354854912], [-6.285849911484761, 53.3436035479616], [-6.285429911144982, 53.34358354806661]]}, "properties": {"FID": 2898, "BIKE": "BIKE_LANE", "Shape_Leng": 82.6745691353, "DIR": "Forward"}}, {"type": "Feature", "id": 2899, "geometry": {"type": "LineString", "coordinates": [[-6.241804243354423, 53.34288168319303], [-6.241020036702498, 53.342790385384994]]}, "properties": {"FID": 2899, "BIKE": "BIKE_LANE", "Shape_Leng": 53.2099682705, "DIR": "Forward"}}, {"type": "Feature", "id": 2908, "geometry": {"type": "LineString", "coordinates": [[-6.228633735163993, 53.397728477528325], [-6.227671770735471, 53.39782050039826], [-6.22678342964396, 53.397874213494404]]}, "properties": {"FID": 2908, "BIKE": "BIKE_LANE", "Shape_Leng": 124.194412431, "DIR": "Forward"}}, {"type": "Feature", "id": 2909, "geometry": {"type": "LineString", "coordinates": [[-6.3736617843838435, 53.33179824799207], [-6.373682267193141, 53.33182619404231], [-6.373673830636957, 53.331845133556456], [-6.373621924466643, 53.331865788565075], [-6.373619509318629, 53.33192926923072], [-6.373617335694669, 53.33198640138], [-6.3736146142914185, 53.332032555327274]]}, "properties": {"FID": 2909, "BIKE": "BIKE_FRIENDLY_PEDESTRIAN_PATH", "Shape_Leng": 28.2958007889, "DIR": "Forward"}}, {"type": "Feature", "id": 2915, "geometry": {"type": "LineString", "coordinates": [[-6.256068557712856, 53.337845116524655], [-6.255916655951468, 53.338042984290965]]}, "properties": {"FID": 2915, "BIKE": "BIKE_LANE", "Shape_Leng": 24.2342805088, "DIR": "Forward"}}, {"type": "Feature", "id": 2919, "geometry": {"type": "LineString", "coordinates": [[-6.157153950061659, 53.402758327071076], [-6.157282229531632, 53.402754060497806], [-6.1574038410289855, 53.40274991377271], [-6.157832700105752, 53.40273175209275], [-6.158259385775368, 53.402718562658336], [-6.158800909847497, 53.40271613114032], [-6.1595541313852475, 53.40271036919179], [-6.160178179125192, 53.40270081500845], [-6.160535418611723, 53.40269373676745], [-6.161144668371836, 53.402678556605125], [-6.16145787294023, 53.4026696000661], [-6.161637921043439, 53.40265619416785], [-6.1619446382289125, 53.402632034516394], [-6.162120617798519, 53.402622882268844], [-6.162263980993427, 53.40259992335884], [-6.16232726449566, 53.40255746849115], [-6.162329409498433, 53.402531361200964], [-6.1622492487004275, 53.40216479649471], [-6.162195314764873, 53.401808193501004], [-6.162095738354343, 53.401314951459646], [-6.16202949597042, 53.40103780936126], [-6.16189982518109, 53.40054197890859], [-6.161823983265387, 53.40024026255825], [-6.161751822990448, 53.39997683585251], [-6.161652989958108, 53.39967264139919], [-6.161628695774392, 53.39957668605743], [-6.1616227827438115, 53.39954898330498]]}, "properties": {"FID": 2919, "BIKE": "BIKE_FRIENDLY_PEDESTRIAN_PATH", "Shape_Leng": 685.344415215, "DIR": "Forward"}}, {"type": "Feature", "id": 2921, "geometry": {"type": "LineString", "coordinates": [[-6.297739999861505, 53.3303700011315], [-6.298477959120673, 53.330108028634136]]}, "properties": {"FID": 2921, "BIKE": "BIKE_LANE", "Shape_Leng": 57.1591205323, "DIR": "Forward"}}, {"type": "Feature", "id": 2928, "geometry": {"type": "LineString", "coordinates": [[-6.265710192121344, 53.32207866228484], [-6.265734121169238, 53.32201116592559], [-6.265809259922266, 53.321925756525694], [-6.265874592958162, 53.32186074331933]]}, "properties": {"FID": 2928, "BIKE": "BIKE_LANE", "Shape_Leng": 26.8665430918, "DIR": "Forward"}}, {"type": "Feature", "id": 2936, "geometry": {"type": "LineString", "coordinates": [[-6.274485640371541, 53.34325044033858], [-6.274679162123476, 53.34325139111378], [-6.274866808604599, 53.3432448621118]]}, "properties": {"FID": 2936, "BIKE": "BIKE_LANE", "Shape_Leng": 25.4082438538, "DIR": "Forward"}}, {"type": "Feature", "id": 2938, "geometry": {"type": "LineString", "coordinates": [[-6.298477959120673, 53.330108028634136], [-6.29890051894462, 53.3299557704742], [-6.299049685323301, 53.32991167269508], [-6.29921716901148, 53.329874282145454]]}, "properties": {"FID": 2938, "BIKE": "BIKE_LANE", "Shape_Leng": 55.8507721178, "DIR": "Forward"}}, {"type": "Feature", "id": 2949, "geometry": {"type": "LineString", "coordinates": [[-6.265283651787406, 53.378703274281634], [-6.265496315199369, 53.379241582594304]]}, "properties": {"FID": 2949, "BIKE": "BIKE_LANE", "Shape_Leng": 61.558013279, "DIR": "Forward"}}, {"type": "Feature", "id": 2950, "geometry": {"type": "LineString", "coordinates": [[-6.227838860003216, 53.36425215719371], [-6.2268915033466845, 53.36469221173524]]}, "properties": {"FID": 2950, "BIKE": "BIKE_LANE", "Shape_Leng": 79.8483381232, "DIR": "Forward"}}, {"type": "Feature", "id": 2952, "geometry": {"type": "LineString", "coordinates": [[-6.255130502167693, 53.368657812469124], [-6.255092659208181, 53.36879262788069], [-6.255027423506855, 53.36887783744232]]}, "properties": {"FID": 2952, "BIKE": "BIKE_LANE", "Shape_Leng": 25.6437834981, "DIR": "Forward"}}, {"type": "Feature", "id": 2955, "geometry": {"type": "LineString", "coordinates": [[-6.261684830767196, 53.34355599832435], [-6.260849999959261, 53.34385000115813]]}, "properties": {"FID": 2955, "BIKE": "BIKE_LANE", "Shape_Leng": 64.5142567933, "DIR": "Bi-Directional"}}, {"type": "Feature", "id": 2956, "geometry": {"type": "LineString", "coordinates": [[-6.295895732152416, 53.360687800023065], [-6.296065732841818, 53.360747798760514], [-6.296158983104349, 53.36078136859131]]}, "properties": {"FID": 2956, "BIKE": "BIKE_LANE", "Shape_Leng": 20.3862913411, "DIR": "Forward"}}, {"type": "Feature", "id": 2962, "geometry": {"type": "LineString", "coordinates": [[-6.332342533198711, 53.34942478288838], [-6.331567693797509, 53.349819952704784], [-6.3312098330397895, 53.350035345920595], [-6.3300956007611635, 53.35075441654424], [-6.329298805631751, 53.35132533885264], [-6.3286666633810045, 53.35179118884212], [-6.32821541408976, 53.35222001210249], [-6.327669312599479, 53.35265880585341], [-6.327112433301388, 53.353131354225155], [-6.326582533627235, 53.35363818570386], [-6.32619843129592, 53.35403968661794], [-6.325881952864362, 53.35440257616098], [-6.325416637637684, 53.35491889850703], [-6.324940813383173, 53.35549090509], [-6.324675547013228, 53.35587217183123], [-6.324570154212802, 53.35595226638107]]}, "properties": {"FID": 2962, "BIKE": "BIKE_FRIENDLY_PEDESTRIAN_PATH", "Shape_Leng": 899.177871654, "DIR": "Forward"}}, {"type": "Feature", "id": 2963, "geometry": {"type": "LineString", "coordinates": [[-6.296401277563395, 53.335659070054874], [-6.297796303911984, 53.3359862136848], [-6.298204152875272, 53.336079219421016], [-6.298480674632842, 53.33616066249067], [-6.298718134651861, 53.33623601301198], [-6.29876389258099, 53.336260909081844], [-6.298846383577621, 53.33626690391011]]}, "properties": {"FID": 2963, "BIKE": "BIKE_LANE", "Shape_Leng": 176.965451397, "DIR": "Forward"}}, {"type": "Feature", "id": 2966, "geometry": {"type": "LineString", "coordinates": [[-6.226373802340546, 53.36860632022089], [-6.22668549422063, 53.368696080685744], [-6.226951900571818, 53.368771369825645]]}, "properties": {"FID": 2966, "BIKE": "BIKE_LANE", "Shape_Leng": 42.6398276908, "DIR": "Forward"}}, {"type": "Feature", "id": 2969, "geometry": {"type": "LineString", "coordinates": [[-6.225952071607949, 53.35143482016294], [-6.225788769069973, 53.351410514791624], [-6.225552947560279, 53.35135687554934], [-6.225717091409557, 53.35117083497676]]}, "properties": {"FID": 2969, "BIKE": "BIKE_FRIENDLY_PEDESTRIAN_PATH", "Shape_Leng": 51.418439832, "DIR": "Forward"}}, {"type": "Feature", "id": 2981, "geometry": {"type": "LineString", "coordinates": [[-6.2955257299961636, 53.36055780101882], [-6.295895732152416, 53.360687800023065]]}, "properties": {"FID": 2981, "BIKE": "BIKE_LANE", "Shape_Leng": 28.5673433277, "DIR": "Forward"}}, {"type": "Feature", "id": 2991, "geometry": {"type": "LineString", "coordinates": [[-6.247100000946255, 53.34478000078571], [-6.24704999982636, 53.34471000088128], [-6.2468899997710166, 53.34442000085065]]}, "properties": {"FID": 2991, "BIKE": "BIKE_LANE", "Shape_Leng": 42.460444091, "DIR": "Forward"}}, {"type": "Feature", "id": 2995, "geometry": {"type": "LineString", "coordinates": [[-6.271849999828346, 53.34421000027788], [-6.272000000165619, 53.34453000115041], [-6.272060000917594, 53.34472000046424]]}, "properties": {"FID": 2995, "BIKE": "BIKE_LANE", "Shape_Leng": 58.5072763968, "DIR": "Forward"}}, {"type": "Feature", "id": 2996, "geometry": {"type": "LineString", "coordinates": [[-6.16548000074168, 53.40253000075276], [-6.162639112682577, 53.40264961752883]]}, "properties": {"FID": 2996, "BIKE": "BIKE_LANE", "Shape_Leng": 189.419412797, "DIR": "Forward"}}, {"type": "Feature", "id": 3001, "geometry": {"type": "LineString", "coordinates": [[-6.226549999943983, 53.368480001390246], [-6.2264639180179655, 53.36847163046368], [-6.226329999548582, 53.36844000087422]]}, "properties": {"FID": 3001, "BIKE": "BIKE_LANE", "Shape_Leng": 15.3891422565, "DIR": "Forward"}}, {"type": "Feature", "id": 3006, "geometry": {"type": "LineString", "coordinates": [[-6.2634741714621915, 53.35440371589782], [-6.263712743749528, 53.354637506844405], [-6.263805120449026, 53.35470385924271], [-6.2641012045291395, 53.35496181660385]]}, "properties": {"FID": 3006, "BIKE": "BIKE_LANE", "Shape_Leng": 74.921189364, "DIR": "Forward"}}, {"type": "Feature", "id": 3007, "geometry": {"type": "LineString", "coordinates": [[-6.2641012045291395, 53.35496181660385], [-6.2641562913058655, 53.35503865550579], [-6.264230415499758, 53.35512447719081], [-6.264957648048486, 53.35575495761284], [-6.265005947112261, 53.35580789872012], [-6.265160626394203, 53.355916947861154]]}, "properties": {"FID": 3007, "BIKE": "BIKE_FRIENDLY_PEDESTRIAN_PATH", "Shape_Leng": 127.938364537, "DIR": "Forward"}}, {"type": "Feature", "id": 3008, "geometry": {"type": "LineString", "coordinates": [[-6.265131205707535, 53.35602880117586], [-6.265107521503097, 53.35598234520012], [-6.264880465004112, 53.355792144335865], [-6.264591914839294, 53.355539521565426], [-6.264251146618602, 53.35523506091254], [-6.263791280347469, 53.354853410351474], [-6.263531076331767, 53.35461977125757]]}, "properties": {"FID": 3008, "BIKE": "BIKE_LANE", "Shape_Leng": 189.854714537, "DIR": "Forward"}}, {"type": "Feature", "id": 3009, "geometry": {"type": "LineString", "coordinates": [[-6.263531076331767, 53.35461977125757], [-6.263414480870065, 53.354528687744974], [-6.263408988883919, 53.354472886097305], [-6.263329950053529, 53.354412531128006], [-6.263259050627977, 53.3543906036518], [-6.261557812436132, 53.35292693221077], [-6.26142975540202, 53.35280781835976], [-6.261326221652335, 53.35270589463659], [-6.2612899991962845, 53.352610001223326]]}, "properties": {"FID": 3009, "BIKE": "BIKE_FRIENDLY_PEDESTRIAN_PATH", "Shape_Leng": 271.223718163, "DIR": "Forward"}}, {"type": "Feature", "id": 3010, "geometry": {"type": "LineString", "coordinates": [[-6.255916655951468, 53.338042984290965], [-6.25575978256661, 53.33817214490766], [-6.2554267500313365, 53.33856818008996], [-6.255277948811463, 53.33859461952174]]}, "properties": {"FID": 3010, "BIKE": "BIKE_LANE", "Shape_Leng": 77.4532454401, "DIR": "Forward"}}, {"type": "Feature", "id": 3011, "geometry": {"type": "LineString", "coordinates": [[-6.216813482826567, 53.33900334730809], [-6.2171451219758405, 53.33881112206729], [-6.217859017364945, 53.338401251429744], [-6.218357155536954, 53.33813124194202], [-6.218875604462002, 53.33779347962112], [-6.219013989960775, 53.3376908477095], [-6.2192067825471895, 53.33754191355298]]}, "properties": {"FID": 3011, "BIKE": "BIKE_LANE", "Shape_Leng": 228.103008839, "DIR": "Forward"}}, {"type": "Feature", "id": 3012, "geometry": {"type": "LineString", "coordinates": [[-6.220048537332659, 53.33815605389298], [-6.2194690780241695, 53.338226366172236], [-6.219059626394315, 53.338274784756024], [-6.218793852345302, 53.33832098437949], [-6.218482681995004, 53.33838962670429], [-6.218444330913438, 53.33840039617517], [-6.2183958197351785, 53.33841014204866]]}, "properties": {"FID": 3012, "BIKE": "BIKE_LANE", "Shape_Leng": 113.940233608, "DIR": "Forward"}}, {"type": "Feature", "id": 3014, "geometry": {"type": "LineString", "coordinates": [[-6.164981191394603, 53.411082189537126], [-6.165244458865235, 53.41107227622952], [-6.165580163910205, 53.411075689395176], [-6.166220596434283, 53.41105586356829], [-6.166792934904559, 53.41098962011459], [-6.167174748501636, 53.410871589537244], [-6.167518094912734, 53.41076518312524], [-6.167957303858643, 53.410602662403114], [-6.168596845039427, 53.41033153553078], [-6.1691113307042995, 53.4101160710271], [-6.169405426750512, 53.41000017824191], [-6.169446902046797, 53.40998641876194], [-6.169514457882447, 53.409960407422744], [-6.1695745497738415, 53.40993820763508], [-6.169833996071241, 53.40981305865067], [-6.1705581481529785, 53.40947516463418], [-6.170719109683048, 53.409399107859194], [-6.170885460294533, 53.40933360283819], [-6.171021652064641, 53.409290320760924], [-6.171261111539968, 53.40922244512299], [-6.171443324659765, 53.4091955716136], [-6.171745866046539, 53.40915483648137], [-6.172316973120791, 53.409116466890396], [-6.173362281315644, 53.409052196369586], [-6.173412791041653, 53.40903203038064], [-6.173422816282954, 53.409002519274225], [-6.173457339100444, 53.40819687504124], [-6.173470636102607, 53.407818421131765], [-6.17349788814237, 53.40716534996374], [-6.173505789033724, 53.40696392769255], [-6.173486665964728, 53.40689907141606], [-6.173414306521705, 53.40684997746699], [-6.173246052684154, 53.406755792159935]]}, "properties": {"FID": 3014, "BIKE": "BIKE_FRIENDLY_PEDESTRIAN_PATH", "Shape_Leng": 884.032765362, "DIR": "Forward"}}, {"type": "Feature", "id": 3025, "geometry": {"type": "LineString", "coordinates": [[-6.254596368015859, 53.38627331373848], [-6.2551560793391685, 53.386487374148615], [-6.255890177481644, 53.38676311625027]]}, "properties": {"FID": 3025, "BIKE": "BIKE_LANE", "Shape_Leng": 101.892311777, "DIR": "Forward"}}, {"type": "Feature", "id": 3026, "geometry": {"type": "LineString", "coordinates": [[-6.254825763787851, 53.386244277684646], [-6.255464911253372, 53.386483053979916]]}, "properties": {"FID": 3026, "BIKE": "BIKE_LANE", "Shape_Leng": 50.1460307581, "DIR": "Forward"}}, {"type": "Feature", "id": 3027, "geometry": {"type": "LineString", "coordinates": [[-6.257570431573835, 53.38726860676496], [-6.256973580580527, 53.38704886355022], [-6.256343000002227, 53.386810956738074]]}, "properties": {"FID": 3027, "BIKE": "BIKE_LANE", "Shape_Leng": 96.2486709264, "DIR": "Forward"}}, {"type": "Feature", "id": 3028, "geometry": {"type": "LineString", "coordinates": [[-6.260258780639358, 53.38817745761745], [-6.260306005771758, 53.388186979389125], [-6.260620535502803, 53.388244565771686], [-6.260792948532649, 53.38828437672256], [-6.260856183673724, 53.38830394740741], [-6.260922219144359, 53.38833533680606], [-6.260955718158779, 53.3883593816657], [-6.261247157061498, 53.3884195744462], [-6.262040273346672, 53.38857835480429], [-6.263553682635843, 53.388870301922864], [-6.2636350890655015, 53.38888719008121], [-6.263869621772522, 53.38893378914758], [-6.264699999333695, 53.38911000106203]]}, "properties": {"FID": 3028, "BIKE": "BIKE_LANE", "Shape_Leng": 314.095730905, "DIR": "Forward"}}, {"type": "Feature", "id": 3029, "geometry": {"type": "LineString", "coordinates": [[-6.258248087125529, 53.38764068279441], [-6.258641207629693, 53.387783832589584], [-6.258836708991225, 53.387861280973176], [-6.259048579090272, 53.38793994927345], [-6.259200779322655, 53.387992227177506], [-6.259484449185531, 53.38808175766887], [-6.259638569943243, 53.38812719164129], [-6.259748949210325, 53.388158247646], [-6.260064238532889, 53.38823744038229], [-6.260208915620366, 53.388272920991916], [-6.260350512824175, 53.38830344905798], [-6.260883160170003, 53.38840740109728], [-6.26168291959502, 53.38856431764046], [-6.262868460060689, 53.38880340222649], [-6.263736512791799, 53.38897700359237], [-6.264563130234628, 53.38918123233831]]}, "properties": {"FID": 3029, "BIKE": "BIKE_LANE", "Shape_Leng": 455.496035516, "DIR": "Forward"}}, {"type": "Feature", "id": 3030, "geometry": {"type": "LineString", "coordinates": [[-6.308227014885399, 53.347041009610464], [-6.308219024063476, 53.34684031721434], [-6.30820478337473, 53.34676502822946], [-6.308202301135203, 53.346641320174555], [-6.308195192456347, 53.34651018530338], [-6.3081743546104105, 53.34622868072265], [-6.308162198654387, 53.34603858276931], [-6.30815082504886, 53.34595302782468], [-6.308145429589006, 53.34590289326964], [-6.307973773861164, 53.344335409173404], [-6.307967179550903, 53.34426541826459]]}, "properties": {"FID": 3030, "BIKE": "BIKE_LANE", "Shape_Leng": 309.438657892, "DIR": "Forward"}}, {"type": "Feature", "id": 3031, "geometry": {"type": "LineString", "coordinates": [[-6.307820255090077, 53.343211953333274], [-6.307813492103155, 53.34319541915876], [-6.307805551218694, 53.343147456824525], [-6.307797100457553, 53.343112369835964], [-6.307791219336217, 53.34304345679765], [-6.307786350951912, 53.34291787405643]]}, "properties": {"FID": 3031, "BIKE": "BIKE_LANE", "Shape_Leng": 32.8626665482, "DIR": "Forward"}}, {"type": "Feature", "id": 3032, "geometry": {"type": "LineString", "coordinates": [[-6.307786350951912, 53.34291787405643], [-6.307781852802486, 53.34256556388515], [-6.307779930779767, 53.342381131387185], [-6.307769890030115, 53.34229301927526], [-6.307756796786047, 53.34215775027332], [-6.307758148459436, 53.34209491057759]]}, "properties": {"FID": 3032, "BIKE": "BIKE_LANE", "Shape_Leng": 91.6377550601, "DIR": "Forward"}}, {"type": "Feature", "id": 3033, "geometry": {"type": "LineString", "coordinates": [[-6.307761919034818, 53.34191967898978], [-6.3077708861723405, 53.341817481652974], [-6.307778804380613, 53.34174177072069], [-6.307772297015907, 53.341688675851664], [-6.307756945871019, 53.34161042649973], [-6.30772301496899, 53.34141118512445], [-6.307690488466433, 53.34120754692109], [-6.307643180210047, 53.34100443514193], [-6.30761091661959, 53.34079417463287]]}, "properties": {"FID": 3033, "BIKE": "BIKE_LANE", "Shape_Leng": 125.900439662, "DIR": "Forward"}}, {"type": "Feature", "id": 3034, "geometry": {"type": "LineString", "coordinates": [[-6.30761091661959, 53.34079417463287], [-6.307587596679332, 53.3406686986], [-6.307568371096131, 53.34053297493354], [-6.307565016522787, 53.34043133891655], [-6.307564111420431, 53.340361023280316], [-6.307555909165225, 53.340242019174525], [-6.30754713131909, 53.340090984243716], [-6.307549165490463, 53.34000856473597], [-6.307556500955071, 53.3399475679711], [-6.3075806561115675, 53.339834544243296], [-6.307597091540788, 53.33976116249017], [-6.307626153912337, 53.33958637141258], [-6.307630553460685, 53.339552938919326]]}, "properties": {"FID": 3034, "BIKE": "BIKE_LANE", "Shape_Leng": 138.602952583, "DIR": "Forward"}}, {"type": "Feature", "id": 3035, "geometry": {"type": "LineString", "coordinates": [[-6.3077676345990925, 53.33964763837705], [-6.307711511320766, 53.33988461780602], [-6.307681629195595, 53.340049091558946], [-6.307674975153752, 53.340155002337234], [-6.30768066506462, 53.34038402507945], [-6.3077007997012515, 53.34052785986423]]}, "properties": {"FID": 3035, "BIKE": "BIKE_LANE", "Shape_Leng": 98.398562269, "DIR": "Forward"}}, {"type": "Feature", "id": 3036, "geometry": {"type": "LineString", "coordinates": [[-6.3077007997012515, 53.34052785986423], [-6.307718020663853, 53.34058994018028], [-6.307737188440453, 53.34072713614099], [-6.3078121688998605, 53.341163262997874]]}, "properties": {"FID": 3036, "BIKE": "BIKE_LANE", "Shape_Leng": 71.1181107597, "DIR": "Forward"}}, {"type": "Feature", "id": 3037, "geometry": {"type": "LineString", "coordinates": [[-6.3078121688998605, 53.341163262997874], [-6.307841882064779, 53.34134477760751], [-6.307882909333374, 53.341613316845724], [-6.3079192414716445, 53.34181406446326], [-6.307936009999593, 53.34194975408721], [-6.3079427210019325, 53.342153026064686], [-6.30794286040273, 53.34227375650275]]}, "properties": {"FID": 3037, "BIKE": "BIKE_LANE", "Shape_Leng": 123.984534483, "DIR": "Forward"}}, {"type": "Feature", "id": 3038, "geometry": {"type": "LineString", "coordinates": [[-6.30794286040273, 53.34227375650275], [-6.3079587780872854, 53.34255519063941], [-6.3079807432906225, 53.342932409939046], [-6.307984087465835, 53.34297220883473]]}, "properties": {"FID": 3038, "BIKE": "BIKE_LANE", "Shape_Leng": 77.7797857591, "DIR": "Forward"}}, {"type": "Feature", "id": 3039, "geometry": {"type": "LineString", "coordinates": [[-6.308126851570069, 53.344038391103396], [-6.3081502723744505, 53.34427386685737], [-6.308158289668037, 53.344568439921765], [-6.30817873071478, 53.344922080653305], [-6.308231802504227, 53.345383662267814]]}, "properties": {"FID": 3039, "BIKE": "BIKE_LANE", "Shape_Leng": 149.911012076, "DIR": "Forward"}}, {"type": "Feature", "id": 3043, "geometry": {"type": "LineString", "coordinates": [[-6.2813006733326, 53.34372272505922], [-6.281160269972887, 53.34398705091196]]}, "properties": {"FID": 3043, "BIKE": "BIKE_LANE", "Shape_Leng": 30.8674721096, "DIR": "Forward"}}, {"type": "Feature", "id": 3052, "geometry": {"type": "LineString", "coordinates": [[-6.302250361741433, 53.350261309913094], [-6.303376075981791, 53.350681408030894], [-6.303498646979132, 53.350692546971366], [-6.303641956629904, 53.350708678687354], [-6.303752694961475, 53.35075410212795], [-6.303789173632109, 53.3507722076306], [-6.303826724011609, 53.35088385350182], [-6.303936550066857, 53.350964641656645], [-6.304118187244609, 53.3510411860946], [-6.304317009989672, 53.351120486644746]]}, "properties": {"FID": 3052, "BIKE": "BIKE_LANE", "Shape_Leng": 173.378737309, "DIR": "Forward"}}, {"type": "Feature", "id": 3053, "geometry": {"type": "LineString", "coordinates": [[-6.3045128539394995, 53.35128530085611], [-6.304324435111408, 53.35120010762979], [-6.304026821677213, 53.35109056297831], [-6.3037538818588, 53.35101035480001], [-6.303655676025486, 53.350993889276225], [-6.303535605007634, 53.35101411209647], [-6.303449904576845, 53.350997232791535], [-6.30335504556074, 53.350947336818834], [-6.303328509545653, 53.35089058194239], [-6.303310069572463, 53.35082767751451], [-6.303272262967618, 53.350791121186944], [-6.303107834641396, 53.350713612188414], [-6.302099098620917, 53.35038717162603]]}, "properties": {"FID": 3053, "BIKE": "BIKE_LANE", "Shape_Leng": 197.515522955, "DIR": "Forward"}}, {"type": "Feature", "id": 3088, "geometry": {"type": "LineString", "coordinates": [[-6.34125247649096, 53.36653287989012], [-6.341278217347926, 53.36652959844074], [-6.341391110790232, 53.36652017882654], [-6.341475661248815, 53.36653096924817], [-6.341516176549192, 53.36655213544997], [-6.341560961618169, 53.36658160384863], [-6.341581460324621, 53.36664507329848], [-6.341604682056057, 53.366697592782266], [-6.342103113576662, 53.36689423552669]]}, "properties": {"FID": 3088, "BIKE": "BIKE_LANE", "Shape_Leng": 76.0924653888, "DIR": "Forward"}}, {"type": "Feature", "id": 3089, "geometry": {"type": "LineString", "coordinates": [[-6.341223033467209, 53.366741714362185], [-6.341109999449324, 53.36681000042504]]}, "properties": {"FID": 3089, "BIKE": "BIKE_LANE", "Shape_Leng": 10.6941581041, "DIR": "Forward"}}, {"type": "Feature", "id": 3135, "geometry": {"type": "LineString", "coordinates": [[-6.177079880845716, 53.406552854817896], [-6.177176365646764, 53.40653839117774], [-6.1772748164439175, 53.40650848078433], [-6.1773517540983125, 53.40646015591226], [-6.177427709808859, 53.406397537428184], [-6.177460843909249, 53.40633045689218], [-6.177491479914099, 53.40621003130062], [-6.177526606608911, 53.40610326703175], [-6.177596606666119, 53.40588326672245], [-6.1778616702325335, 53.405226642449485], [-6.178025120424024, 53.404831236251134], [-6.178181753259238, 53.40444619698288], [-6.178266788329643, 53.40428281286983], [-6.1783267304045655, 53.40418472849478], [-6.178422298414159, 53.40403578447325], [-6.1785656129863025, 53.40385044332961], [-6.17859932039053, 53.40380717004828], [-6.178942849943826, 53.40340395521013], [-6.179191554406749, 53.40310845510551]]}, "properties": {"FID": 3135, "BIKE": "BIKE_FRIENDLY_PEDESTRIAN_PATH", "Shape_Leng": 416.591995063, "DIR": "Forward"}}, {"type": "Feature", "id": 3136, "geometry": {"type": "LineString", "coordinates": [[-6.177395869995143, 53.40679944442674], [-6.177292411989884, 53.40676432921885], [-6.177229108661478, 53.406741459482426], [-6.177060341604827, 53.406730352820524], [-6.176774800216458, 53.40673208450348], [-6.176534583983914, 53.4067229328767], [-6.176180932496959, 53.40669620804041], [-6.175750109720025, 53.40666220987711], [-6.175356254170323, 53.40664583467817], [-6.17472158917952, 53.40668182401605], [-6.174289779879213, 53.406718476633635], [-6.17415106114813, 53.40674376989622], [-6.174055708563787, 53.40678008423511], [-6.173975875300944, 53.406834911487366], [-6.173881710891596, 53.40687855842157], [-6.1738060448384005, 53.40689628239498], [-6.17376113804801, 53.40692118292114]]}, "properties": {"FID": 3136, "BIKE": "BIKE_FRIENDLY_PEDESTRIAN_PATH", "Shape_Leng": 252.048411391, "DIR": "Forward"}}, {"type": "Feature", "id": 3137, "geometry": {"type": "LineString", "coordinates": [[-6.177454927190762, 53.406562747942694], [-6.177484239442813, 53.40673560698244], [-6.177395869995143, 53.40679944442674]]}, "properties": {"FID": 3137, "BIKE": "BIKE_FRIENDLY_PEDESTRIAN_PATH", "Shape_Leng": 28.5570795606, "DIR": "Forward"}}, {"type": "Feature", "id": 3138, "geometry": {"type": "LineString", "coordinates": [[-6.177739188061206, 53.40656708726073], [-6.177454927190762, 53.406562747942694]]}, "properties": {"FID": 3138, "BIKE": "BIKE_FRIENDLY_PEDESTRIAN_PATH", "Shape_Leng": 18.9109000005, "DIR": "Forward"}}, {"type": "Feature", "id": 3140, "geometry": {"type": "LineString", "coordinates": [[-6.302910402022378, 53.40273477776057], [-6.3030637914365055, 53.40279911993016], [-6.30339011052103, 53.40285019334752], [-6.303664560276875, 53.402869381921136], [-6.304352023332061, 53.40285940254535], [-6.305157604121629, 53.40283984769802], [-6.30535756906253, 53.40279075834161], [-6.305395162872418, 53.402769822403876], [-6.305493701240163, 53.402834133315245], [-6.305597384721761, 53.40283210951572], [-6.305841442802447, 53.402831049532985], [-6.3059574730801655, 53.402769314658336], [-6.306057203353103, 53.40280368419528], [-6.306232003445826, 53.40282014422544], [-6.306694740157733, 53.402760300844626], [-6.307222536703705, 53.40261899264687], [-6.307552474142069, 53.40253065038355], [-6.307827052139457, 53.402448374973694], [-6.30817688275933, 53.4023175841508], [-6.3085292521763225, 53.40222711057627]]}, "properties": {"FID": 3140, "BIKE": "BIKE_FRIENDLY_PEDESTRIAN_PATH", "Shape_Leng": 400.407296241, "DIR": "Forward"}}, {"type": "Feature", "id": 3177, "geometry": {"type": "LineString", "coordinates": [[-6.162467863755359, 53.40285651399497], [-6.162447705698283, 53.402826847429125], [-6.162406966372766, 53.402795061920465], [-6.162344771920918, 53.40277253470968], [-6.162265440955182, 53.40277484853257], [-6.162236364655055, 53.40277839076773], [-6.161962845148373, 53.40281171344052], [-6.16168668811347, 53.40283200336392], [-6.161543242170793, 53.402840148697486], [-6.1609720896318905, 53.402856277338955], [-6.160174895094818, 53.40287227321415], [-6.159441084395545, 53.4028848350349], [-6.158768483796797, 53.40288750119671], [-6.158433267713954, 53.402893450631424], [-6.158368717605744, 53.40288528675737], [-6.158257485034675, 53.40287770053446], [-6.158098535550329, 53.402873330979844], [-6.158036351419342, 53.40287198860861]]}, "properties": {"FID": 3177, "BIKE": "BIKE_FRIENDLY_PEDESTRIAN_PATH", "Shape_Leng": 300.275068511, "DIR": "Forward"}}, {"type": "Feature", "id": 3190, "geometry": {"type": "LineString", "coordinates": [[-6.255358985897585, 53.36680108903574], [-6.255324682772956, 53.36676947884282], [-6.255312389498865, 53.36673071053619], [-6.255348392888557, 53.366568698028466], [-6.255408393228144, 53.36641869748098], [-6.255508394245862, 53.36620869831542], [-6.255588394599394, 53.36607869823752], [-6.255638395530586, 53.365998698079004], [-6.255728396567213, 53.36584869907854], [-6.2558983975894265, 53.365598698383145], [-6.255988398575418, 53.36545869934109], [-6.256268399446715, 53.36507869931597], [-6.25650840147269, 53.36475870029832], [-6.256818402690768, 53.36435870018684], [-6.256908402824326, 53.36425870016338]]}, "properties": {"FID": 3190, "BIKE": "BIKE_FRIENDLY_PEDESTRIAN_PATH", "Shape_Leng": 304.583108015, "DIR": "Forward"}}, {"type": "Feature", "id": 3191, "geometry": {"type": "LineString", "coordinates": [[-6.258170728868635, 53.36297182574455], [-6.258140163739787, 53.36299955007573], [-6.257965093422626, 53.36317834543644], [-6.257866757956564, 53.36327991072041], [-6.257791061210455, 53.36333162591857]]}, "properties": {"FID": 3191, "BIKE": "BIKE_LANE", "Shape_Leng": 47.4682738007, "DIR": "Forward"}}, {"type": "Feature", "id": 3192, "geometry": {"type": "LineString", "coordinates": [[-6.257791061210455, 53.36333162591857], [-6.25768228716415, 53.36343656018676], [-6.257388319360433, 53.36375183308813], [-6.257379620542832, 53.36379428715354], [-6.257309317445998, 53.36388449143586], [-6.257144535808823, 53.36406343586715], [-6.257014410810883, 53.36418654441411], [-6.2569853860482585, 53.364212531084846], [-6.256908402824326, 53.36425870016338]]}, "properties": {"FID": 3192, "BIKE": "BIKE_LANE", "Shape_Leng": 119.4342684, "DIR": "Forward"}}, {"type": "Feature", "id": 3200, "geometry": {"type": "LineString", "coordinates": [[-6.2498529638885865, 53.37644793254175], [-6.249782547876549, 53.3764968026753], [-6.249631972305991, 53.3765944008186], [-6.2495100957882554, 53.37666744361564], [-6.249338854097986, 53.37678466037483], [-6.249168073215164, 53.376890658430085]]}, "properties": {"FID": 3200, "BIKE": "BIKE_FRIENDLY_PEDESTRIAN_PATH", "Shape_Leng": 67.1440968026, "DIR": "Forward"}}, {"type": "Feature", "id": 3201, "geometry": {"type": "LineString", "coordinates": [[-6.248996237050279, 53.376808817595624], [-6.248695637996323, 53.377043546754074], [-6.248345637355862, 53.377353546200034], [-6.248065635764794, 53.377653546496084]]}, "properties": {"FID": 3201, "BIKE": "BIKE_FRIENDLY_PEDESTRIAN_PATH", "Shape_Leng": 112.765995983, "DIR": "Forward"}}, {"type": "Feature", "id": 3202, "geometry": {"type": "LineString", "coordinates": [[-6.307758148459436, 53.34209491057759], [-6.307996188657857, 53.342097861572796], [-6.308130400166743, 53.34207844791736], [-6.308494561476939, 53.34207609119232], [-6.3087394549447255, 53.342097585851064], [-6.308852933501741, 53.34211045917438]]}, "properties": {"FID": 3202, "BIKE": "BIKE_LANE", "Shape_Leng": 73.4880791726, "DIR": "Forward"}}, {"type": "Feature", "id": 3203, "geometry": {"type": "LineString", "coordinates": [[-6.308852933501741, 53.34211045917438], [-6.308671048833004, 53.34214054793437], [-6.308621914491417, 53.342145484191974], [-6.308347129758274, 53.342144966924565], [-6.30815538343445, 53.34213886937443], [-6.308047019141483, 53.34213876893644], [-6.308016358433395, 53.342147167575746], [-6.307982344561035, 53.3421698537021], [-6.307970055649101, 53.34220833434902], [-6.30794286040273, 53.34227375650275]]}, "properties": {"FID": 3203, "BIKE": "BIKE_LANE", "Shape_Leng": 71.6958167212, "DIR": "Forward"}}, {"type": "Feature", "id": 3204, "geometry": {"type": "LineString", "coordinates": [[-6.307758148459436, 53.34209491057759], [-6.307761919034818, 53.34191967898978]]}, "properties": {"FID": 3204, "BIKE": "BIKE_LANE", "Shape_Leng": 19.503141414, "DIR": "Forward"}}, {"type": "Feature", "id": 3205, "geometry": {"type": "LineString", "coordinates": [[-6.308119689149303, 53.348194261354], [-6.308198093744563, 53.34814349949712], [-6.308234039610634, 53.34809274046462], [-6.308257013736575, 53.3479710103338], [-6.308257014791048, 53.34788100943661], [-6.308257015009487, 53.347641008798824], [-6.3082452259789425, 53.34738188609692], [-6.308236896085376, 53.34721990941763], [-6.308227014885399, 53.347041009610464]]}, "properties": {"FID": 3205, "BIKE": "BIKE_LANE", "Shape_Leng": 130.991300538, "DIR": "Forward"}}, {"type": "Feature", "id": 3206, "geometry": {"type": "LineString", "coordinates": [[-6.307984087465835, 53.34297220883473], [-6.308030476772186, 53.34341602811804], [-6.308040692349435, 53.34345809776686]]}, "properties": {"FID": 3206, "BIKE": "BIKE_LANE", "Shape_Leng": 54.2203047379, "DIR": "Forward"}}, {"type": "Feature", "id": 3207, "geometry": {"type": "LineString", "coordinates": [[-6.3086977402544235, 53.34815553376727], [-6.308822462767889, 53.34816829135703], [-6.308911926691129, 53.34817189090101], [-6.309027136869964, 53.34817185828461], [-6.30918614421915, 53.348168628997676], [-6.309353696879998, 53.34815799399475], [-6.309529558832065, 53.34814341029377], [-6.309744996260685, 53.34812450917306], [-6.3099020379739335, 53.34810478139381], [-6.3099877951176335, 53.34807902120544], [-6.310179687377278, 53.34806426004503], [-6.310719685914649, 53.34801426100702], [-6.310919685490117, 53.34799426106496], [-6.311404539449503, 53.34795075408343], [-6.311589685945687, 53.34792426106833]]}, "properties": {"FID": 3207, "BIKE": "BIKE_LANE", "Shape_Leng": 195.388966607, "DIR": "Forward"}}, {"type": "Feature", "id": 3208, "geometry": {"type": "LineString", "coordinates": [[-6.308119689149303, 53.348194261354], [-6.308279688805447, 53.34818426047135], [-6.3086977402544235, 53.34815553376727]]}, "properties": {"FID": 3208, "BIKE": "BIKE_LANE", "Shape_Leng": 38.7358249217, "DIR": "Forward"}}, {"type": "Feature", "id": 3209, "geometry": {"type": "LineString", "coordinates": [[-6.308195201060783, 53.34829665524598], [-6.308119689149303, 53.348194261354]]}, "properties": {"FID": 3209, "BIKE": "BIKE_FRIENDLY_PEDESTRIAN_PATH", "Shape_Leng": 12.4556457663, "DIR": "Forward"}}, {"type": "Feature", "id": 3210, "geometry": {"type": "LineString", "coordinates": [[-6.308040692349435, 53.34345809776686], [-6.308061147848679, 53.34354234436379], [-6.308073996249732, 53.3436838673053], [-6.30810920050148, 53.343944226431766], [-6.308125636752634, 53.34402617169603], [-6.308126851570069, 53.344038391103396]]}, "properties": {"FID": 3210, "BIKE": "BIKE_LANE", "Shape_Leng": 64.8651314249, "DIR": "Forward"}}, {"type": "Feature", "id": 3211, "geometry": {"type": "LineString", "coordinates": [[-6.309136193147527, 53.343590381522795], [-6.3084146593443355, 53.34373370638201], [-6.3080141951424675, 53.3438280378878], [-6.307722196267233, 53.343893821773186], [-6.307274010875345, 53.34399235083967], [-6.307216689780857, 53.34399885563929], [-6.3070818054297435, 53.344008325156786]]}, "properties": {"FID": 3211, "BIKE": "BIKE_LANE", "Shape_Leng": 144.806587085, "DIR": "Forward"}}, {"type": "Feature", "id": 3212, "geometry": {"type": "LineString", "coordinates": [[-6.307967179550903, 53.34426541826459], [-6.30794432691974, 53.34402286434486], [-6.307929074216541, 53.3438489170485], [-6.3078834585494015, 53.343478724480946], [-6.307820255090077, 53.343211953333274]]}, "properties": {"FID": 3212, "BIKE": "BIKE_LANE", "Shape_Leng": 117.718455952, "DIR": "Forward"}}, {"type": "Feature", "id": 3213, "geometry": {"type": "LineString", "coordinates": [[-6.307967179550903, 53.34426541826459], [-6.307936352664227, 53.344230528071584], [-6.307884666996348, 53.344195493038455], [-6.307763267326144, 53.34415184643425], [-6.307601805221204, 53.34410127956705], [-6.307511324859276, 53.34408093959457], [-6.307464998336838, 53.34407138872792], [-6.307338651745725, 53.344045457967404], [-6.307241354414193, 53.344036454777594], [-6.3070818054297435, 53.344008325156786]]}, "properties": {"FID": 3213, "BIKE": "BIKE_LANE", "Shape_Leng": 67.3937479314, "DIR": "Forward"}}, {"type": "Feature", "id": 3214, "geometry": {"type": "LineString", "coordinates": [[-6.307630553460685, 53.339552938919326], [-6.307651617587553, 53.33943168589904], [-6.307723006223343, 53.3393121443987], [-6.307843883326885, 53.33900803391709], [-6.307903861890605, 53.33882102248196], [-6.308000998008132, 53.33855155933437], [-6.308048705658965, 53.33840215330382], [-6.308069202235908, 53.33829522810729], [-6.308030527013589, 53.33820609687635], [-6.307959203671756, 53.33809522784805], [-6.307809204063829, 53.337955227948726], [-6.307559203569869, 53.33771522818099], [-6.307369203673754, 53.33754522702862], [-6.307118644203761, 53.33731741336516], [-6.306909203389249, 53.337135227290645], [-6.306669203845546, 53.336925227645196], [-6.306589203030133, 53.3368552273379], [-6.30646920347749, 53.336735227512506], [-6.306298672773538, 53.3366375070398], [-6.3060779027421, 53.33652655350474], [-6.3054500124318835, 53.33629121807345], [-6.304569202873956, 53.335995227088766], [-6.304079203655562, 53.33581522675085], [-6.303609202478425, 53.33563522651281], [-6.303169203121824, 53.33547522714649], [-6.302869203297127, 53.335355226612045], [-6.302359202127812, 53.335155226399735], [-6.301639202387305, 53.33487522560829], [-6.300269201844256, 53.33435522537557], [-6.299649203005035, 53.33410522551718], [-6.298968264006903, 53.33389569591783], [-6.298687841657824, 53.33381352862373], [-6.298440476965088, 53.3337493526467], [-6.298123251985493, 53.333630269930204], [-6.297769201356461, 53.33348522462386], [-6.297019201996262, 53.333195223879706], [-6.2965492018372835, 53.33303522443338], [-6.296029201653602, 53.332875224380885], [-6.295029200545629, 53.33257522311223], [-6.294389201315762, 53.33238522328863], [-6.293519615277523, 53.33212787338296]]}, "properties": {"FID": 3214, "BIKE": "BIKE_LANE", "Shape_Leng": 1353.2707964, "DIR": "Forward"}}, {"type": "Feature", "id": 3215, "geometry": {"type": "LineString", "coordinates": [[-6.275696651645814, 53.32946555496279], [-6.275770133077019, 53.329476168774136], [-6.275830464905568, 53.32948009047675], [-6.275991826513432, 53.32949859675804], [-6.276435390687369, 53.32954730185862], [-6.27710735190007, 53.32960690640527], [-6.278382087071583, 53.32973301692801], [-6.278432363968346, 53.329746534409125], [-6.27882538982855, 53.329777300662045], [-6.2796953887165525, 53.32988730030646], [-6.2808153884733295, 53.33004729971388], [-6.281655388726938, 53.33015729935691], [-6.282625387321977, 53.33029729922827], [-6.2836653866024434, 53.330427298704144], [-6.2841353864763905, 53.33048729840468], [-6.284695386088285, 53.330567298239124], [-6.287055384641057, 53.330907298583604], [-6.287995137836475, 53.331043572831334], [-6.288915383259844, 53.3311672973604], [-6.289295382682181, 53.33122729700771], [-6.290705383003501, 53.33142729673404], [-6.2912753809160575, 53.33150729641075], [-6.291835382165218, 53.33160729701267], [-6.292335380927033, 53.33171729635978], [-6.2928253809093935, 53.33185729655605], [-6.293105379568955, 53.33193729573468], [-6.293383159941173, 53.33201237119512]]}, "properties": {"FID": 3215, "BIKE": "BIKE_LANE", "Shape_Leng": 1214.61221512, "DIR": "Forward"}}, {"type": "Feature", "id": 3216, "geometry": {"type": "LineString", "coordinates": [[-6.291308630275303, 53.33338434141104], [-6.2915085620826074, 53.33325035766461], [-6.291818561980266, 53.33305035747898], [-6.291988561925538, 53.332940357789376], [-6.292615543667469, 53.33250453319708], [-6.292785590870817, 53.332392566471356], [-6.292911370586374, 53.33231645499247], [-6.2930214874742685, 53.332240613607745], [-6.293139816800758, 53.3321653821751], [-6.293170204081972, 53.33214458529205], [-6.293241931319745, 53.332095184759574], [-6.293270195647454, 53.33205689451931]]}, "properties": {"FID": 3216, "BIKE": "BIKE_LANE", "Shape_Leng": 197.49792655, "DIR": "Forward"}}, {"type": "Feature", "id": 3217, "geometry": {"type": "LineString", "coordinates": [[-6.293607727322392, 53.33208190857304], [-6.293519615277523, 53.33212787338296]]}, "properties": {"FID": 3217, "BIKE": "BIKE_LANE", "Shape_Leng": 7.78615969876, "DIR": "Forward"}}, {"type": "Feature", "id": 3218, "geometry": {"type": "LineString", "coordinates": [[-6.293270195647454, 53.33205689451931], [-6.293383159941173, 53.33201237119512]]}, "properties": {"FID": 3218, "BIKE": "BIKE_LANE", "Shape_Leng": 9.01039963475, "DIR": "Forward"}}, {"type": "Feature", "id": 3219, "geometry": {"type": "LineString", "coordinates": [[-6.293519615277523, 53.33212787338296], [-6.293270195647454, 53.33205689451931]]}, "properties": {"FID": 3219, "BIKE": "BIKE_LANE", "Shape_Leng": 18.398280355, "DIR": "Forward"}}, {"type": "Feature", "id": 3220, "geometry": {"type": "LineString", "coordinates": [[-6.293383159941173, 53.33201237119512], [-6.293607727322392, 53.33208190857304]]}, "properties": {"FID": 3220, "BIKE": "BIKE_LANE", "Shape_Leng": 16.8436495472, "DIR": "Forward"}}, {"type": "Feature", "id": 3221, "geometry": {"type": "LineString", "coordinates": [[-6.275456795990749, 53.32957771347338], [-6.275387344169576, 53.32958124390399], [-6.275171247581223, 53.329546579306914], [-6.274870532642961, 53.329533335277745], [-6.274419462344504, 53.32951329481909], [-6.274028457152377, 53.32951144993249], [-6.273518715671582, 53.329522673492086], [-6.272429461696586, 53.329543294728445], [-6.271859461032987, 53.3295732955188], [-6.2708194600780525, 53.329633295068746], [-6.27024945925817, 53.32967329465352], [-6.268549458085452, 53.32978329534552], [-6.267099457910584, 53.329853295260435], [-6.265849456835875, 53.329923295520246], [-6.264999455890891, 53.329963296058324], [-6.264334815438169, 53.33000885671104]]}, "properties": {"FID": 3221, "BIKE": "BIKE_LANE", "Shape_Leng": 744.235380107, "DIR": "Forward"}}, {"type": "Feature", "id": 3222, "geometry": {"type": "LineString", "coordinates": [[-6.275486356592262, 53.329464654166195], [-6.275578029316339, 53.329360541609496], [-6.275724641004118, 53.32917005726253], [-6.2759387845235315, 53.328916334984804]]}, "properties": {"FID": 3222, "BIKE": "BIKE_LANE", "Shape_Leng": 68.0757133138, "DIR": "Forward"}}, {"type": "Feature", "id": 3223, "geometry": {"type": "LineString", "coordinates": [[-6.275486356592262, 53.329464654166195], [-6.275696651645814, 53.32946555496279]]}, "properties": {"FID": 3223, "BIKE": "BIKE_LANE", "Shape_Leng": 14.011021555, "DIR": "Forward"}}, {"type": "Feature", "id": 3224, "geometry": {"type": "LineString", "coordinates": [[-6.27560037936212, 53.329589862130966], [-6.275456795990749, 53.32957771347338]]}, "properties": {"FID": 3224, "BIKE": "BIKE_LANE", "Shape_Leng": 9.66112132731, "DIR": "Forward"}}, {"type": "Feature", "id": 3225, "geometry": {"type": "LineString", "coordinates": [[-6.264335332635206, 53.33017813500954], [-6.264192066150987, 53.33019093114032]]}, "properties": {"FID": 3225, "BIKE": "BIKE_LANE", "Shape_Leng": 9.65047491606, "DIR": "Forward"}}, {"type": "Feature", "id": 3226, "geometry": {"type": "LineString", "coordinates": [[-6.264224458309202, 53.33031594561827], [-6.264192066150987, 53.33019093114032]]}, "properties": {"FID": 3226, "BIKE": "BIKE_LANE", "Shape_Leng": 14.0793231801, "DIR": "Forward"}}, {"type": "Feature", "id": 3227, "geometry": {"type": "LineString", "coordinates": [[-6.264335332635206, 53.33017813500954], [-6.26433635969113, 53.33019070637196], [-6.264339704386772, 53.33023161867498]]}, "properties": {"FID": 3227, "BIKE": "BIKE_LANE", "Shape_Leng": 5.95935610603, "DIR": "Forward"}}, {"type": "Feature", "id": 3228, "geometry": {"type": "LineString", "coordinates": [[-6.264189652660414, 53.32990785078198], [-6.264346648027993, 53.32991936687498]]}, "properties": {"FID": 3228, "BIKE": "BIKE_LANE", "Shape_Leng": 10.5377743466, "DIR": "Forward"}}, {"type": "Feature", "id": 3229, "geometry": {"type": "LineString", "coordinates": [[-6.264334815438169, 53.33000885671104], [-6.264176419533567, 53.32999843475322]]}, "properties": {"FID": 3229, "BIKE": "BIKE_LANE", "Shape_Leng": 10.6163815888, "DIR": "Forward"}}, {"type": "Feature", "id": 3230, "geometry": {"type": "LineString", "coordinates": [[-6.264176419533567, 53.32999843475322], [-6.264189652660414, 53.32990785078198]]}, "properties": {"FID": 3230, "BIKE": "BIKE_LANE", "Shape_Leng": 10.1196306795, "DIR": "Forward"}}, {"type": "Feature", "id": 3231, "geometry": {"type": "LineString", "coordinates": [[-6.264176419533567, 53.32999843475322], [-6.264027166978091, 53.32998887278468], [-6.263670007329239, 53.32998509385555], [-6.263438680502029, 53.329992476325316], [-6.2625586806489695, 53.33004247597228], [-6.261778679628855, 53.330092476526616], [-6.261318679279736, 53.330142476192705], [-6.260818678291655, 53.33021247643384], [-6.260418678585488, 53.33029247705857], [-6.260143024705535, 53.330357762635636]]}, "properties": {"FID": 3231, "BIKE": "BIKE_LANE", "Shape_Leng": 273.592751217, "DIR": "Forward"}}, {"type": "Feature", "id": 3232, "geometry": {"type": "LineString", "coordinates": [[-6.263075942480118, 53.332580253898385], [-6.263066832504836, 53.33253196465572], [-6.263016830854864, 53.33248196457888], [-6.262686829303931, 53.332241963958765], [-6.2625968319850225, 53.33217196505332], [-6.2622468296434874, 53.331941964182235], [-6.261796831441915, 53.33163196424848], [-6.261406830583998, 53.33138196363801], [-6.261156830094228, 53.3312019635949], [-6.261019717070634, 53.33113661291889], [-6.26097047818935, 53.33110442586389], [-6.260674809303458, 53.3309173531671], [-6.260180821517643, 53.33057244456012]]}, "properties": {"FID": 3232, "BIKE": "BIKE_LANE", "Shape_Leng": 296.525089016, "DIR": "Forward"}}, {"type": "Feature", "id": 3233, "geometry": {"type": "LineString", "coordinates": [[-6.259990521337967, 53.330392976534405], [-6.258889176628867, 53.33062826450385], [-6.258819176871337, 53.33064826424765], [-6.257099175469568, 53.33101826491589], [-6.255849174810543, 53.33128826544983], [-6.254779174763564, 53.33153826605729], [-6.254129175019044, 53.33168826646835], [-6.253549173587585, 53.33180826649885], [-6.252990632982347, 53.33193310894486], [-6.252797232483601, 53.33196537695207]]}, "properties": {"FID": 3233, "BIKE": "BIKE_LANE", "Shape_Leng": 510.279596617, "DIR": "Forward"}}, {"type": "Feature", "id": 3234, "geometry": {"type": "LineString", "coordinates": [[-6.260143024705535, 53.330357762635636], [-6.259990521337967, 53.330392976534405]]}, "properties": {"FID": 3234, "BIKE": "BIKE_LANE", "Shape_Leng": 10.8897902164, "DIR": "Forward"}}, {"type": "Feature", "id": 3235, "geometry": {"type": "LineString", "coordinates": [[-6.259990521337967, 53.330392976534405], [-6.259922136467299, 53.3303341520481]]}, "properties": {"FID": 3235, "BIKE": "BIKE_LANE", "Shape_Leng": 7.97591590298, "DIR": "Forward"}}, {"type": "Feature", "id": 3236, "geometry": {"type": "LineString", "coordinates": [[-6.259922136467299, 53.3303341520481], [-6.260078980971988, 53.330282580230865]]}, "properties": {"FID": 3236, "BIKE": "BIKE_LANE", "Shape_Leng": 11.921895887, "DIR": "Forward"}}, {"type": "Feature", "id": 3237, "geometry": {"type": "LineString", "coordinates": [[-6.260078980971988, 53.330282580230865], [-6.260143024705535, 53.330357762635636]]}, "properties": {"FID": 3237, "BIKE": "BIKE_LANE", "Shape_Leng": 9.39222055679, "DIR": "Forward"}}, {"type": "Feature", "id": 3238, "geometry": {"type": "LineString", "coordinates": [[-6.260296755857289, 53.33051510310753], [-6.260180821517643, 53.33057244456012]]}, "properties": {"FID": 3238, "BIKE": "BIKE_FRIENDLY_PEDESTRIAN_PATH", "Shape_Leng": 10.01907511, "DIR": "Bi-Directional"}}, {"type": "Feature", "id": 3239, "geometry": {"type": "LineString", "coordinates": [[-6.259922136467299, 53.3303341520481], [-6.259679993007301, 53.33007932391737], [-6.259585031035663, 53.32997085469832], [-6.259366445654759, 53.329705409463564], [-6.259315795716638, 53.32964765861804], [-6.258976154583894, 53.32916450065304], [-6.258766156262622, 53.32883450000758], [-6.258596074499251, 53.32850296587225], [-6.25849607555716, 53.32825296592028], [-6.25838607670438, 53.32789296679487], [-6.25825607668314, 53.327432965529745], [-6.258186077499611, 53.327312965572084], [-6.2580760773312685, 53.32719296656899], [-6.258026077450766, 53.327162965621916], [-6.257826077811715, 53.32705296631942], [-6.257596077868541, 53.32697296591256], [-6.256666078279043, 53.32669296458447], [-6.256236079377803, 53.32651296370465], [-6.256016080087345, 53.32638296422249], [-6.255816080055739, 53.326232964214675], [-6.255236080985005, 53.32573296237003], [-6.254956081424089, 53.32546296284422], [-6.254796083096004, 53.32532296223556], [-6.254724943629629, 53.32528027928484], [-6.253898363729915, 53.32488372766817]]}, "properties": {"FID": 3239, "BIKE": "BIKE_LANE", "Shape_Leng": 759.419556928, "DIR": "Forward"}}, {"type": "Feature", "id": 3240, "geometry": {"type": "LineString", "coordinates": [[-6.2525802249074545, 53.33198156330036], [-6.252708264962207, 53.33214818429933], [-6.252797414250936, 53.332235964990446]]}, "properties": {"FID": 3240, "BIKE": "BIKE_LANE", "Shape_Leng": 31.8441263058, "DIR": "Forward"}}, {"type": "Feature", "id": 3241, "geometry": {"type": "LineString", "coordinates": [[-6.252516656703594, 53.33190438029047], [-6.252239385686092, 53.33195731926778], [-6.251799718071151, 53.33205784021197], [-6.251427860659822, 53.33215237872733], [-6.2512237368856844, 53.33220748318483], [-6.250935766689326, 53.33228769502573], [-6.250346162007076, 53.33246573253028], [-6.249798475364155, 53.33263121362407], [-6.2491622379006015, 53.33282096478636], [-6.248725488990097, 53.33295242756752], [-6.248343033123064, 53.333061936097785], [-6.2474539290389455, 53.33333298922917], [-6.246992635501015, 53.333459916427124], [-6.246954138660911, 53.333488220647695], [-6.246890255779224, 53.33351764202452], [-6.2467294996358085, 53.333565270660515], [-6.246445359462655, 53.333646302824974], [-6.245831050636121, 53.33382627940697], [-6.245707401678952, 53.33384478782746], [-6.245521931445213, 53.33388525277117], [-6.245248661747839, 53.33397757201185]]}, "properties": {"FID": 3241, "BIKE": "BIKE_LANE", "Shape_Leng": 537.512761751, "DIR": "Forward"}}, {"type": "Feature", "id": 3242, "geometry": {"type": "LineString", "coordinates": [[-6.2457142523913864, 53.33433136325172], [-6.245638721022359, 53.33434611658036], [-6.245495712003058, 53.33441463327317]]}, "properties": {"FID": 3242, "BIKE": "BIKE_FRIENDLY_PEDESTRIAN_PATH", "Shape_Leng": 17.4954070955, "DIR": "Bi-Directional"}}, {"type": "Feature", "id": 3244, "geometry": {"type": "LineString", "coordinates": [[-6.252797232483601, 53.33196537695207], [-6.2525802249074545, 53.33198156330036]]}, "properties": {"FID": 3244, "BIKE": "BIKE_LANE", "Shape_Leng": 14.568888287, "DIR": "Forward"}}, {"type": "Feature", "id": 3245, "geometry": {"type": "LineString", "coordinates": [[-6.2525802249074545, 53.33198156330036], [-6.252516656703594, 53.33190438029047]]}, "properties": {"FID": 3245, "BIKE": "BIKE_LANE", "Shape_Leng": 9.57699469577, "DIR": "Forward"}}, {"type": "Feature", "id": 3246, "geometry": {"type": "LineString", "coordinates": [[-6.252516656703594, 53.33190438029047], [-6.25274315093436, 53.331870216507916]]}, "properties": {"FID": 3246, "BIKE": "BIKE_LANE", "Shape_Leng": 15.5607777626, "DIR": "Forward"}}, {"type": "Feature", "id": 3247, "geometry": {"type": "LineString", "coordinates": [[-6.25274315093436, 53.331870216507916], [-6.252797232483601, 53.33196537695207]]}, "properties": {"FID": 3247, "BIKE": "BIKE_LANE", "Shape_Leng": 11.1865879283, "DIR": "Forward"}}, {"type": "Feature", "id": 3248, "geometry": {"type": "LineString", "coordinates": [[-6.257136068786284, 53.33620264750828], [-6.257036755610533, 53.33614959927793], [-6.256643992394627, 53.33583862951247], [-6.256018171348867, 53.335255223199866], [-6.255961200397454, 53.3352004615151], [-6.255849892471786, 53.33508943600325], [-6.2555452104554865, 53.33479684654238], [-6.255477573321684, 53.334751173839365], [-6.255264498800868, 53.3345477508001], [-6.255114797129532, 53.33441168294409], [-6.254952431589563, 53.334256576125085], [-6.254615469925432, 53.333936086468505], [-6.254220487703343, 53.33356488772229], [-6.2539065870969415, 53.333273764236196], [-6.253669115890246, 53.3330475026624], [-6.25335638004462, 53.33275311763013]]}, "properties": {"FID": 3248, "BIKE": "BIKE_LANE", "Shape_Leng": 459.635079008, "DIR": "Forward"}}, {"type": "Feature", "id": 3249, "geometry": {"type": "LineString", "coordinates": [[-6.252989015308491, 53.33217060414244], [-6.252797414250936, 53.332235964990446]]}, "properties": {"FID": 3249, "BIKE": "BIKE_FRIENDLY_PEDESTRIAN_PATH", "Shape_Leng": 14.6915932462, "DIR": "Forward"}}, {"type": "Feature", "id": 3250, "geometry": {"type": "LineString", "coordinates": [[-6.258728251368806, 53.33393583695078], [-6.258626874424853, 53.3340955862952], [-6.258551039093637, 53.33416104449476], [-6.2579961684446985, 53.335036106432135], [-6.2577487542316, 53.335413543412855], [-6.2575883420112834, 53.33575637811457], [-6.257366264720157, 53.33613303748612]]}, "properties": {"FID": 3250, "BIKE": "BIKE_LANE", "Shape_Leng": 261.246661401, "DIR": "Forward"}}, {"type": "Feature", "id": 3251, "geometry": {"type": "LineString", "coordinates": [[-6.255277948811463, 53.33859461952174], [-6.255551588617792, 53.338216134771756], [-6.255813115660234, 53.33788657896977], [-6.256010457470935, 53.33763872839038], [-6.256119080985136, 53.3375002407365], [-6.256289491814387, 53.337281411487076], [-6.256529893924061, 53.337067807753165], [-6.256847770640999, 53.3366760385592], [-6.257046412295215, 53.336395988227196], [-6.257122399141054, 53.3363116518104], [-6.257152633985074, 53.3362588649077], [-6.257136068786284, 53.33620264750828]]}, "properties": {"FID": 3251, "BIKE": "BIKE_LANE", "Shape_Leng": 295.171027856, "DIR": "Forward"}}, {"type": "Feature", "id": 3252, "geometry": {"type": "LineString", "coordinates": [[-6.257245746035499, 53.336090687432566], [-6.257366264720157, 53.33613303748612]]}, "properties": {"FID": 3252, "BIKE": "BIKE_LANE", "Shape_Leng": 9.30945634616, "DIR": "Forward"}}, {"type": "Feature", "id": 3253, "geometry": {"type": "LineString", "coordinates": [[-6.257136068786284, 53.33620264750828], [-6.257245746035499, 53.336090687432566]]}, "properties": {"FID": 3253, "BIKE": "BIKE_LANE", "Shape_Leng": 14.4441283621, "DIR": "Forward"}}, {"type": "Feature", "id": 3254, "geometry": {"type": "LineString", "coordinates": [[-6.2377800784829205, 53.322522991501536], [-6.237949319310492, 53.32262880095501], [-6.238464106035793, 53.323016796761685], [-6.239102445654169, 53.32352939906318], [-6.239784310746488, 53.32405949294127], [-6.2405596725330295, 53.324663188157025], [-6.241302351040605, 53.32518213216765], [-6.242094622383036, 53.32576680559291], [-6.242796555827061, 53.326299585266284], [-6.243557111263477, 53.326874151468004], [-6.244270842047051, 53.32741431783471], [-6.244586996196225, 53.32764768716832], [-6.2447768483439905, 53.32772511499092], [-6.2458463894695395, 53.32812123941303], [-6.247034552253252, 53.32856724779655], [-6.247637938640975, 53.328857794887014], [-6.248231694811635, 53.32915195358541]]}, "properties": {"FID": 3254, "BIKE": "BIKE_LANE", "Shape_Leng": 1024.34785659, "DIR": "Forward"}}, {"type": "Feature", "id": 3255, "geometry": {"type": "LineString", "coordinates": [[-6.239667048974767, 53.32412604021695], [-6.240141397686358, 53.32448126661666], [-6.240450122176479, 53.32473389462217], [-6.240684792421463, 53.324909928943086], [-6.241175145498388, 53.32527784382945], [-6.241967416825687, 53.32586251809092], [-6.24266935021163, 53.32639529850455], [-6.243429905593341, 53.32696986550844], [-6.244143636322662, 53.32751003262791], [-6.244459790465678, 53.327743402295205], [-6.244663695314483, 53.32784906309472], [-6.245030452658656, 53.32800894082378], [-6.245326301754146, 53.32810751146395]]}, "properties": {"FID": 3255, "BIKE": "BIKE_LANE", "Shape_Leng": 584.644428342, "DIR": "Forward"}}, {"type": "Feature", "id": 3256, "geometry": {"type": "LineString", "coordinates": [[-6.237197070424475, 53.32237434629379], [-6.237169023186057, 53.322357256913946], [-6.236870063139232, 53.32221448582021], [-6.236209701054243, 53.32212780728427], [-6.235901101329952, 53.32201973925651], [-6.23553888606497, 53.321806111055466], [-6.235314668528873, 53.3216456437407], [-6.234765324843895, 53.32126704549404], [-6.234542323865881, 53.321102808857276], [-6.234194092060884, 53.32085719583013], [-6.233607511775228, 53.32043638594996], [-6.233192671753273, 53.320144973749855], [-6.232999837996713, 53.319990647340354], [-6.232770660632982, 53.31982315911758], [-6.2325654501152385, 53.31967378175269]]}, "properties": {"FID": 3256, "BIKE": "BIKE_LANE", "Shape_Leng": 440.102278557, "DIR": "Forward"}}, {"type": "Feature", "id": 3257, "geometry": {"type": "LineString", "coordinates": [[-6.232866556757205, 53.31967058618525], [-6.23314470618041, 53.31989257330891], [-6.233302697340229, 53.320058626214774], [-6.234310607473206, 53.3207717398062], [-6.234503434935461, 53.32091438108776]]}, "properties": {"FID": 3257, "BIKE": "BIKE_LANE", "Shape_Leng": 176.54788266, "DIR": "Forward"}}, {"type": "Feature", "id": 3258, "geometry": {"type": "LineString", "coordinates": [[-6.2450130746791785, 53.33401217212169], [-6.244782406558628, 53.33386240006596], [-6.2444451213406476, 53.33368620903801], [-6.243919590977428, 53.33349839363489], [-6.243245121026252, 53.33321620818738]]}, "properties": {"FID": 3258, "BIKE": "BIKE_LANE", "Shape_Leng": 148.086638671, "DIR": "Forward"}}, {"type": "Feature", "id": 3259, "geometry": {"type": "LineString", "coordinates": [[-6.247113850679684, 53.32880148497694], [-6.2469835551262465, 53.3287437277332], [-6.246831636816411, 53.3286724660297], [-6.2457554007804506, 53.32824542817955], [-6.245678870018584, 53.32822223495106]]}, "properties": {"FID": 3259, "BIKE": "BIKE_LANE", "Shape_Leng": 115.40031676, "DIR": "Forward"}}, {"type": "Feature", "id": 3260, "geometry": {"type": "LineString", "coordinates": [[-6.245678870018584, 53.32822223495106], [-6.245587822981481, 53.32819464328717], [-6.245326301754146, 53.32810751146395]]}, "properties": {"FID": 3260, "BIKE": "BIKE_LANE", "Shape_Leng": 26.7398002189, "DIR": "Forward"}}, {"type": "Feature", "id": 3261, "geometry": {"type": "LineString", "coordinates": [[-6.232638781464483, 53.31949090890277], [-6.232729574459034, 53.31950537066535], [-6.23280869126761, 53.319502855943874], [-6.232862048864753, 53.319488558913115], [-6.233277157628012, 53.31934367170726], [-6.233892364128303, 53.31912445308845], [-6.23414236453961, 53.31905445327473], [-6.234622362990804, 53.318944453415256], [-6.235842363637702, 53.31869445247965], [-6.236812362753367, 53.31852445335979], [-6.237472362236097, 53.31847445377886], [-6.238282361178902, 53.31843445356331], [-6.239152360942825, 53.318414453328394], [-6.241307726312958, 53.31847865701592], [-6.24142708568909, 53.318482210952745], [-6.241502358437329, 53.31848445236324], [-6.241580290607252, 53.31844194574086], [-6.2416278321282945, 53.318385768533894], [-6.241637673109237, 53.31831143037796]]}, "properties": {"FID": 3261, "BIKE": "BIKE_LANE", "Shape_Leng": 636.740788699, "DIR": "Forward"}}, {"type": "Feature", "id": 3262, "geometry": {"type": "LineString", "coordinates": [[-6.232903337539209, 53.31956025731193], [-6.232772995535046, 53.3196112603169], [-6.232640925399745, 53.319643160143706], [-6.2325654501152385, 53.31967378175269]]}, "properties": {"FID": 3262, "BIKE": "BIKE_LANE", "Shape_Leng": 25.9418067753, "DIR": "Forward"}}, {"type": "Feature", "id": 3263, "geometry": {"type": "LineString", "coordinates": [[-6.253898363729915, 53.32488372766817], [-6.253328362852789, 53.32463372691313], [-6.252688362051086, 53.32437372692066], [-6.251938362107176, 53.32412372684342], [-6.25117836075916, 53.32387372634916], [-6.250298360212272, 53.323523726472864], [-6.250108359300218, 53.323443725550995], [-6.249498360169416, 53.32317372560886], [-6.249388360073573, 53.32312372617535], [-6.247898358706168, 53.32233372578004], [-6.247638357944093, 53.32218372549989], [-6.247468358625486, 53.322083726046195], [-6.246538357874772, 53.321573725270994], [-6.245658357152062, 53.32099372547161], [-6.245068356755654, 53.320613726028455], [-6.244998356917826, 53.32057372608002], [-6.244598356660272, 53.32033372501743], [-6.243440545796769, 53.319663790514404]]}, "properties": {"FID": 3263, "BIKE": "BIKE_LANE", "Shape_Leng": 912.236904243, "DIR": "Forward"}}, {"type": "Feature", "id": 3264, "geometry": {"type": "LineString", "coordinates": [[-6.2540298278139925, 53.32485615470209], [-6.254864634475933, 53.325244744518315]]}, "properties": {"FID": 3264, "BIKE": "BIKE_LANE", "Shape_Leng": 70.4576866227, "DIR": "Forward"}}, {"type": "Feature", "id": 3265, "geometry": {"type": "LineString", "coordinates": [[-6.241637673109237, 53.31831143037796], [-6.240840491064615, 53.317698848874976], [-6.24026689757645, 53.31732801732067], [-6.239999077182428, 53.31720363476493], [-6.239482002050813, 53.31700245474858], [-6.23921183202845, 53.3168854096138], [-6.2390710992797604, 53.31681451388543], [-6.238830860172664, 53.316718186211816], [-6.23828756617894, 53.31650616860246], [-6.238180968088601, 53.31645359506592], [-6.238129783684464, 53.31642580341766], [-6.237917549858845, 53.316297322463996], [-6.237723320137728, 53.316130396819844], [-6.2376637406520805, 53.31603243418712], [-6.237635708223822, 53.31591589080479], [-6.237648808011405, 53.315772304834745], [-6.237669110142026, 53.315677980780286], [-6.2377063407815605, 53.31559619550283], [-6.237840496358711, 53.31539884753646], [-6.238010495675145, 53.31516884726134], [-6.238102750553429, 53.31501464617117], [-6.238201559676115, 53.31475803963561], [-6.238580499780724, 53.313478847912066]]}, "properties": {"FID": 3265, "BIKE": "BIKE_LANE", "Shape_Leng": 664.450007731, "DIR": "Forward"}}, {"type": "Feature", "id": 3267, "geometry": {"type": "MultiLineString", "coordinates": [[[-6.237561273023653, 53.3092808286511], [-6.237530508632551, 53.30922884648288], [-6.237410509894521, 53.30903884674366], [-6.237110509772204, 53.30849884726293], [-6.236960511490779, 53.30819884642142], [-6.236775372433957, 53.30790701471548], [-6.236747645176503, 53.30780195786539]], [[-6.238580499780724, 53.313478847912066], [-6.238603139173542, 53.31341093134895], [-6.238620500930222, 53.313358847731834], [-6.238580499780724, 53.313478847912066]], [[-6.24347550430362, 53.31969137772063], [-6.243335036628793, 53.31959872710132], [-6.243192791170018, 53.3195152755884], [-6.242906812780985, 53.319316479855644], [-6.242377375203655, 53.31891332716858], [-6.242272239954918, 53.31881865135418], [-6.241985509300324, 53.318583597420854]]]}, "properties": {"FID": 3267, "BIKE": "BIKE_LANE", "Shape_Leng": 359.275739016, "DIR": "Forward"}}, {"type": "Feature", "id": 3268, "geometry": {"type": "LineString", "coordinates": [[-6.241985509300324, 53.318583597420854], [-6.241637673109237, 53.31831143037796]]}, "properties": {"FID": 3268, "BIKE": "BIKE_LANE", "Shape_Leng": 38.1417651893, "DIR": "Forward"}}, {"type": "Feature", "id": 3269, "geometry": {"type": "LineString", "coordinates": [[-6.241502358437329, 53.31848445236324], [-6.241819407843149, 53.3184845953825], [-6.242003084750175, 53.31846722318324]]}, "properties": {"FID": 3269, "BIKE": "BIKE_LANE", "Shape_Leng": 33.5208439532, "DIR": "Forward"}}, {"type": "Feature", "id": 3270, "geometry": {"type": "MultiLineString", "coordinates": [[[-6.2387497463973585, 53.31337808833005], [-6.238732384789263, 53.31343017196705], [-6.2387097455902305, 53.31349808855609]], [[-6.2387097455902305, 53.31349808855609], [-6.23821974758146, 53.315028088750644], [-6.238139746303435, 53.31518808855768], [-6.237969747598977, 53.31541808902139], [-6.23784644541152, 53.315604333486895], [-6.237799748613886, 53.315748088216644], [-6.237773224249977, 53.31582502618636], [-6.237789747154102, 53.3159180886217], [-6.237827826736158, 53.31605624869165], [-6.23787974885398, 53.316128088993686], [-6.238079747476512, 53.316288087916206], [-6.238304240438401, 53.31640026981515], [-6.238463143414579, 53.31647366120494], [-6.239013759535783, 53.31669012651444], [-6.239181032098477, 53.31675500016085], [-6.2392459954192, 53.3168126036368], [-6.239468203079081, 53.31690612963997], [-6.239936576366703, 53.31709545469918], [-6.240196847991363, 53.31719914129093], [-6.24041478828958, 53.317318524449426], [-6.240979190179745, 53.31770703520031], [-6.241759751596905, 53.31829808674788], [-6.242003084750175, 53.31846722318324]]]}, "properties": {"FID": 3270, "BIKE": "BIKE_LANE", "Shape_Leng": 697.936776192, "DIR": "Forward"}}, {"type": "Feature", "id": 3271, "geometry": {"type": "LineString", "coordinates": [[-6.2325654501152385, 53.31967378175269], [-6.232298967775568, 53.31950493625016], [-6.232068968240723, 53.31934493688826], [-6.231908967866464, 53.319224936746345]]}, "properties": {"FID": 3271, "BIKE": "BIKE_LANE", "Shape_Leng": 66.4384285795, "DIR": "Forward"}}, {"type": "Feature", "id": 3272, "geometry": {"type": "LineString", "coordinates": [[-6.232638781464483, 53.31949090890277], [-6.232866556757205, 53.31967058618525]]}, "properties": {"FID": 3272, "BIKE": "BIKE_LANE", "Shape_Leng": 25.1049542767, "DIR": "Forward"}}, {"type": "Feature", "id": 3276, "geometry": {"type": "LineString", "coordinates": [[-6.265692557243992, 53.33755478016908], [-6.265629226461698, 53.33731558624132]]}, "properties": {"FID": 3276, "BIKE": "BIKE_LANE", "Shape_Leng": 26.9522739993, "DIR": "Forward"}}, {"type": "Feature", "id": 3277, "geometry": {"type": "LineString", "coordinates": [[-6.2657276847462215, 53.33768744763339], [-6.265692557243992, 53.33755478016908]]}, "properties": {"FID": 3277, "BIKE": "BIKE_LANE", "Shape_Leng": 14.9489296461, "DIR": "Forward"}}, {"type": "Feature", "id": 3278, "geometry": {"type": "LineString", "coordinates": [[-6.265885206800223, 53.33767363165047], [-6.265921808807525, 53.33779743752671]]}, "properties": {"FID": 3278, "BIKE": "BIKE_LANE", "Shape_Leng": 13.9925030154, "DIR": "Forward"}}, {"type": "Feature", "id": 3279, "geometry": {"type": "LineString", "coordinates": [[-6.2658493340075125, 53.33755228831803], [-6.265885206800223, 53.33767363165047]]}, "properties": {"FID": 3279, "BIKE": "BIKE_LANE", "Shape_Leng": 13.714174298, "DIR": "Forward"}}, {"type": "Feature", "id": 3280, "geometry": {"type": "LineString", "coordinates": [[-6.269210106429231, 53.33819973094163], [-6.269127867685085, 53.33815191376032], [-6.26894466548208, 53.33805269540574], [-6.268798559313554, 53.33797189783584], [-6.26868557022052, 53.33790946074974], [-6.268562434951159, 53.33785164539226], [-6.268244518447733, 53.3377838498623], [-6.26807026840837, 53.3377586702568], [-6.267882714235764, 53.33771780082158], [-6.267664770634436, 53.337689602571366], [-6.267448317226883, 53.33766332475161], [-6.267078316901655, 53.33765332456127], [-6.26700831702642, 53.3376533251856], [-6.266638316848523, 53.33764332542867], [-6.266419733936157, 53.33763269366796]]}, "properties": {"FID": 3280, "BIKE": "BIKE_LANE", "Shape_Leng": 203.907699527, "DIR": "Forward"}}, {"type": "Feature", "id": 3281, "geometry": {"type": "LineString", "coordinates": [[-6.269204244301359, 53.33798732059297], [-6.269433084797564, 53.33809077605984]]}, "properties": {"FID": 3281, "BIKE": "BIKE_LANE", "Shape_Leng": 19.1028444508, "DIR": "Forward"}}, {"type": "Feature", "id": 3282, "geometry": {"type": "LineString", "coordinates": [[-6.27089177195835, 53.33846597941181], [-6.270738195946464, 53.33842202970828], [-6.270633274623299, 53.33840620334312], [-6.270279626537622, 53.33833840764532], [-6.269919627481936, 53.33830840817583], [-6.26976701800859, 53.33830423643344], [-6.269669383952845, 53.33830520403155], [-6.2694939263399325, 53.338309811796435], [-6.2693871588751575, 53.33829038207943]]}, "properties": {"FID": 3282, "BIKE": "BIKE_LANE", "Shape_Leng": 103.304420142, "DIR": "Forward"}}, {"type": "Feature", "id": 3283, "geometry": {"type": "LineString", "coordinates": [[-6.272461137635268, 53.33891270483819], [-6.27224217349696, 53.33883690910562], [-6.271782172344742, 53.338686909334704], [-6.2715521722597405, 53.33862690903763], [-6.271342172183829, 53.33857690974621], [-6.2710621710933925, 53.33850690913997], [-6.27089177195835, 53.33846597941181]]}, "properties": {"FID": 3283, "BIKE": "BIKE_LANE", "Shape_Leng": 115.950506483, "DIR": "Forward"}}, {"type": "Feature", "id": 3284, "geometry": {"type": "LineString", "coordinates": [[-6.272200000600947, 53.33841000133642], [-6.272419694168869, 53.338403354417274]]}, "properties": {"FID": 3284, "BIKE": "BIKE_LANE", "Shape_Leng": 14.6524604348, "DIR": "Forward"}}, {"type": "Feature", "id": 3285, "geometry": {"type": "LineString", "coordinates": [[-6.272200000600947, 53.33841000133642], [-6.2722961932989625, 53.338445136696656], [-6.272345073148335, 53.33847094385749], [-6.272363486118762, 53.33850945670409], [-6.2724265944909146, 53.33872670446347], [-6.27274173590656, 53.338736048339975], [-6.272736825327108, 53.33883083143871]]}, "properties": {"FID": 3285, "BIKE": "BIKE_LANE", "Shape_Leng": 72.4171101228, "DIR": "Forward"}}, {"type": "Feature", "id": 3286, "geometry": {"type": "LineString", "coordinates": [[-6.274626922702356, 53.33940945634351], [-6.274130230374655, 53.33930622870155], [-6.273902287786141, 53.339263501935996], [-6.273729680678696, 53.33923058421898], [-6.273453484776503, 53.33920283901117], [-6.2732000735381765, 53.33916483946038], [-6.272994506914479, 53.33913263272846], [-6.272863173316195, 53.33913364181542], [-6.272770482982706, 53.339141030935984], [-6.272725334028524, 53.33917530235236]]}, "properties": {"FID": 3286, "BIKE": "BIKE_LANE", "Shape_Leng": 133.042233961, "DIR": "Forward"}}, {"type": "Feature", "id": 3287, "geometry": {"type": "LineString", "coordinates": [[-6.272725334028524, 53.33917530235236], [-6.272659165688928, 53.33936452817937]]}, "properties": {"FID": 3287, "BIKE": "BIKE_LANE", "Shape_Leng": 21.5153315209, "DIR": "Forward"}}, {"type": "Feature", "id": 3288, "geometry": {"type": "LineString", "coordinates": [[-6.274592243126759, 53.33930872125125], [-6.274678712252841, 53.33929228050338], [-6.274749013960706, 53.33924837553213], [-6.274938665751655, 53.33905434053225], [-6.275156365131054, 53.338952098197026], [-6.27557017683532, 53.338865096610796], [-6.276022760790885, 53.33885375668189], [-6.276218127513454, 53.3388494269713], [-6.2765944929888775, 53.33885128813121], [-6.277009783408723, 53.33882629207496], [-6.277850462059088, 53.338772865932675], [-6.278295130610778, 53.3387602104074], [-6.2786084200816, 53.33874565762835], [-6.278891659436307, 53.33873543869604], [-6.279452548904535, 53.338606439048505], [-6.279965502151966, 53.33843242714873], [-6.280648652467832, 53.33827434101726], [-6.2811986521920495, 53.33821434058271], [-6.281418650264187, 53.33819434045667], [-6.2818586498210935, 53.33814434068192], [-6.2822886499745, 53.3380943409238], [-6.2829086475549785, 53.33802434082654], [-6.283408646847512, 53.33795434024852], [-6.28352864589527, 53.3379343408175], [-6.283728645389187, 53.33790434066678], [-6.284094951821386, 53.3378209557987], [-6.284566985734403, 53.337721647842216], [-6.28477629849412, 53.33766743740977], [-6.285128705805055, 53.337571175445575], [-6.285310148458751, 53.337516563461875], [-6.286310082087816, 53.337166151416554], [-6.286490295779286, 53.33709244547364], [-6.2872386381071275, 53.33675434141596], [-6.287618636425695, 53.33659434095461], [-6.287828637560571, 53.33650434182441], [-6.287968636499293, 53.3364343411272], [-6.288248635503349, 53.33628434091107], [-6.288588635669066, 53.33609434186273], [-6.288818635644837, 53.335954341342756], [-6.2889986342813105, 53.33583434170723], [-6.289058635114615, 53.33579434148817], [-6.28928863458949, 53.33558434172542], [-6.289378633599002, 53.33547434084517], [-6.28944863364763, 53.335384341058706], [-6.289478986886396, 53.33524611791609], [-6.289579115665435, 53.3350525587456], [-6.289617437957492, 53.33494542367878], [-6.289827641806167, 53.33455262602019], [-6.290052276733929, 53.33428518142064], [-6.290228633038719, 53.33416434129867], [-6.2903255906826105, 53.33413775814521], [-6.290385997564799, 53.33408623766217], [-6.290460864293214, 53.33403783380885], [-6.290521852546632, 53.33397176897256], [-6.29067170290534, 53.333872053282136], [-6.290930899548986, 53.33371278588325], [-6.291058630275177, 53.333544340868606], [-6.291308630275303, 53.33338434141104]]}, "properties": {"FID": 3288, "BIKE": "BIKE_LANE", "Shape_Leng": 1389.44267481, "DIR": "Forward"}}, {"type": "Feature", "id": 3289, "geometry": {"type": "LineString", "coordinates": [[-6.253152829154101, 53.33256040461738], [-6.252797414250936, 53.332235964990446]]}, "properties": {"FID": 3289, "BIKE": "BIKE_LANE", "Shape_Leng": 43.1782106194, "DIR": "Forward"}}, {"type": "Feature", "id": 3290, "geometry": {"type": "LineString", "coordinates": [[-6.252989015308491, 53.33217060414244], [-6.25316084235264, 53.3323272095412], [-6.253321119258325, 53.33248382083182]]}, "properties": {"FID": 3290, "BIKE": "BIKE_LANE", "Shape_Leng": 41.2918417327, "DIR": "Forward"}}, {"type": "Feature", "id": 3291, "geometry": {"type": "LineString", "coordinates": [[-6.253321119258325, 53.33248382083182], [-6.2533667785445965, 53.33252843689269], [-6.253408672124539, 53.33256805522077]]}, "properties": {"FID": 3291, "BIKE": "BIKE_LANE", "Shape_Leng": 11.0412346412, "DIR": "Forward"}}, {"type": "Feature", "id": 3292, "geometry": {"type": "LineString", "coordinates": [[-6.25335638004462, 53.33275311763013], [-6.25323051709101, 53.332634639181876], [-6.253172845448656, 53.33257867580685], [-6.253152829154101, 53.33256040461738]]}, "properties": {"FID": 3292, "BIKE": "BIKE_LANE", "Shape_Leng": 25.3753765514, "DIR": "Forward"}}, {"type": "Feature", "id": 3293, "geometry": {"type": "LineString", "coordinates": [[-6.253152829154101, 53.33256040461738], [-6.253321119258325, 53.33248382083182]]}, "properties": {"FID": 3293, "BIKE": "BIKE_LANE", "Shape_Leng": 14.083250628, "DIR": "Forward"}}, {"type": "Feature", "id": 3294, "geometry": {"type": "LineString", "coordinates": [[-6.253408672124539, 53.33256805522077], [-6.25335638004462, 53.33275311763013]]}, "properties": {"FID": 3294, "BIKE": "BIKE_LANE", "Shape_Leng": 20.8883172134, "DIR": "Forward"}}, {"type": "Feature", "id": 3295, "geometry": {"type": "LineString", "coordinates": [[-6.253371479923814, 53.3082269921469], [-6.253177946660632, 53.308244646166585], [-6.251921928849923, 53.308428058685735], [-6.251537015012115, 53.3085223512386], [-6.251279948962906, 53.30857259933738], [-6.2509819290893525, 53.308648060338136], [-6.2505150875914355, 53.308872446508886], [-6.249853912669608, 53.309222238759205], [-6.249181694570592, 53.30958627153207], [-6.249055952276413, 53.30964638914037], [-6.248864511511966, 53.309764650955174], [-6.248511931327735, 53.3100966156574], [-6.248386639580377, 53.31034623429034], [-6.2483159389358685, 53.31055381424718], [-6.248283163198521, 53.310670680726574]]}, "properties": {"FID": 3295, "BIKE": "BIKE_LANE", "Shape_Leng": 464.260436842, "DIR": "Forward"}}, {"type": "Feature", "id": 3297, "geometry": {"type": "LineString", "coordinates": [[-6.274681846595001, 53.31196630698942], [-6.2745101081795935, 53.312008693095756], [-6.274292818778466, 53.31210331509257], [-6.273974203184037, 53.31237548359257], [-6.273065465588204, 53.31360206528089], [-6.2726854662753775, 53.31417206517467], [-6.2723854665283385, 53.31460206572206], [-6.272215467747191, 53.31483206528611], [-6.271815467131544, 53.315402065711595], [-6.271605467610161, 53.315702065994095], [-6.271505468562389, 53.315832065703916], [-6.270545469047015, 53.31720206702513], [-6.270305470364221, 53.31753206660019], [-6.269355471333824, 53.318862066962694], [-6.268505473182532, 53.32006206723702], [-6.267798944734436, 53.32108378735765], [-6.267635474058881, 53.32136206789226], [-6.26744781708487, 53.32145797001391], [-6.267041344495365, 53.32155683903645], [-6.266307474351363, 53.32174629376293], [-6.266115416235108, 53.32182208269521], [-6.2660036342049406, 53.32190322951704]]}, "properties": {"FID": 3297, "BIKE": "BIKE_LANE", "Shape_Leng": 1279.03831398, "DIR": "Forward"}}, {"type": "Feature", "id": 3298, "geometry": {"type": "LineString", "coordinates": [[-6.278803092560824, 53.311060944031986], [-6.279788775991916, 53.3108158212471], [-6.280768774246012, 53.310555821142835], [-6.280898774151424, 53.31051582111784], [-6.281698773221369, 53.310305820936904], [-6.283386179735111, 53.309877273754175]]}, "properties": {"FID": 3298, "BIKE": "BIKE_LANE", "Shape_Leng": 332.706306825, "DIR": "Forward"}}, {"type": "Feature", "id": 3299, "geometry": {"type": "LineString", "coordinates": [[-6.275197301141528, 53.31178667159708], [-6.274447218397979, 53.311907510610204]]}, "properties": {"FID": 3299, "BIKE": "BIKE_LANE", "Shape_Leng": 51.7711575505, "DIR": "Forward"}}, {"type": "Feature", "id": 3300, "geometry": {"type": "LineString", "coordinates": [[-6.279144571756435, 53.32273855080944], [-6.279199040997715, 53.3226264296435], [-6.279298115886447, 53.32238040424815], [-6.279318186016701, 53.32222256844955], [-6.279312589245662, 53.32197811326823], [-6.2793076690636545, 53.321666555326374], [-6.279257668740454, 53.32141655473799], [-6.279147669667969, 53.32115655568668], [-6.279117669363618, 53.32108655478944], [-6.278977669810004, 53.32080655557683], [-6.27886766995115, 53.320606554637095], [-6.2788076707861045, 53.32047655557482], [-6.278767671115124, 53.32033655547603], [-6.278727670742789, 53.32009655526627], [-6.278717671237015, 53.3198465554594], [-6.278737671319802, 53.319626555004454], [-6.278787671069103, 53.31932655540815], [-6.278827671877124, 53.31918655564083], [-6.2788776710336105, 53.3190365543357], [-6.278967671098805, 53.31885655527883], [-6.2790285592572435, 53.31868111463855], [-6.2790838539568306, 53.3185853943472], [-6.279447672194955, 53.318036555542896], [-6.279617672015811, 53.31777655527929], [-6.27975767301639, 53.31759655507279], [-6.279887672011651, 53.317446555740965], [-6.2802176728306955, 53.31707655533654], [-6.280567672519439, 53.31670655561702], [-6.280797673446243, 53.31643655560344], [-6.2812476731179245, 53.315966556176896], [-6.281627673825475, 53.31555655622409], [-6.2818676741921635, 53.315286556232785], [-6.282057674634238, 53.31505655630648], [-6.282187673969698, 53.31485655625617], [-6.282261385122303, 53.31468674007525], [-6.282317398668685, 53.31457504686751], [-6.282447675577704, 53.314336556178404], [-6.2824676745593155, 53.314206555861], [-6.282427068047892, 53.31411768701151], [-6.282357590987141, 53.31394274550829], [-6.282316920832008, 53.31385308114747], [-6.282192521837858, 53.31361690607859], [-6.282152522135453, 53.31348690629161], [-6.282187676224472, 53.31333655674363], [-6.282237676143201, 53.313146555947434], [-6.282407676357795, 53.312606556207335], [-6.28247767681488, 53.31226655638884], [-6.282527677028554, 53.31209655584973], [-6.282557676463575, 53.31201655575412], [-6.282717676784353, 53.31162655647505], [-6.282907677604604, 53.31116655610244], [-6.282987677702323, 53.31099655673881], [-6.283097678444351, 53.31068655682654], [-6.283238718703762, 53.31030950183531], [-6.283331684837828, 53.3100621653319], [-6.283361496299119, 53.30998441834348], [-6.283372444908183, 53.30994961389236]]}, "properties": {"FID": 3300, "BIKE": "BIKE_LANE", "Shape_Leng": 1495.600837, "DIR": "Forward"}}, {"type": "Feature", "id": 3306, "geometry": {"type": "LineString", "coordinates": [[-6.278456361168296, 53.32594146568468], [-6.278806334993866, 53.325445747609606], [-6.279036335422969, 53.32507574737915], [-6.279276336190546, 53.3246857476988], [-6.279396335653912, 53.32449574685736], [-6.2796063353783715, 53.324185746636644], [-6.279696336186495, 53.32404574785547], [-6.2797263363586175, 53.323995747286396], [-6.279786336452807, 53.32389574702103], [-6.279876336005149, 53.32374574790657], [-6.279946336377151, 53.323645747062955], [-6.279986336809753, 53.323585747541394], [-6.280035541742643, 53.32353050511699], [-6.280125540518722, 53.32346050455625], [-6.2802363372014876, 53.32339574815239], [-6.280856337065418, 53.322975747345076], [-6.280986336980129, 53.32287574867378], [-6.281066337160182, 53.32282574838921], [-6.281226337281474, 53.32273574873715], [-6.281336337268058, 53.32267574804338], [-6.281466338343454, 53.322615748695796], [-6.281576336627086, 53.32256574793916], [-6.281726337429227, 53.32251574809882], [-6.2824163378161835, 53.322305749254326], [-6.282916336533043, 53.322155748508656], [-6.283086338486169, 53.32210574907443], [-6.28318633674389, 53.32206574869442], [-6.2833163371746865, 53.322015749319384], [-6.283446337075482, 53.32194574854135], [-6.283566337431886, 53.321875749338126], [-6.2836863374316225, 53.32180574911195], [-6.28378633854736, 53.32171574918368], [-6.283836337690936, 53.321665749528684], [-6.284116337538122, 53.32141574934392], [-6.284546337897804, 53.32100574949728], [-6.284666338598347, 53.32092574993111], [-6.284766337356191, 53.32087574987285], [-6.284846338272499, 53.32082574979606], [-6.284966338416167, 53.32078574973673], [-6.2852963381721825, 53.32066574989397], [-6.285656338426164, 53.32052575035211], [-6.285906338565249, 53.32040575038348], [-6.286126338334619, 53.32030574971742], [-6.286236338549007, 53.32025575013761], [-6.286516338859008, 53.320135750307905], [-6.286916339163879, 53.31995575017006], [-6.287056339269602, 53.319905751071055], [-6.287176339223504, 53.31986575060651], [-6.287306338084742, 53.31984575103672], [-6.287456339139453, 53.319845751243705], [-6.287656338686706, 53.319835750724685], [-6.2879763388827214, 53.319825751113335], [-6.288156338560764, 53.319795750860585], [-6.288316338362011, 53.3197757520245], [-6.2887963391478365, 53.319725751730395], [-6.289126339065498, 53.31968575176547], [-6.2895763390972, 53.31961575179858], [-6.29016633817579, 53.31950575207084], [-6.2902663375741525, 53.319485751571186], [-6.290516338912668, 53.31944575151794], [-6.290636338039536, 53.319385752635526], [-6.290756337261629, 53.319315752565124], [-6.291196339128471, 53.318895752754564], [-6.291416338812819, 53.31869575240429], [-6.2916463389455615, 53.31850575304819], [-6.291956339701891, 53.318265752962404], [-6.292066338620419, 53.318165752584136], [-6.292346340193374, 53.31785575306197], [-6.292536339351456, 53.31766575366032], [-6.292696340320571, 53.31754575360147], [-6.292786339916518, 53.31747575263271], [-6.292916339876526, 53.317385753011116], [-6.293696340881784, 53.31677575387036], [-6.294536339926669, 53.316045754406], [-6.295246341055835, 53.31540575500797], [-6.29610634198028, 53.314655755177675], [-6.296146342164209, 53.31462575535238], [-6.297116342232985, 53.31385575543498], [-6.297306342260416, 53.31362575508432], [-6.297846343639562, 53.31315575570442], [-6.29833634473278, 53.31279575518207], [-6.299276343375683, 53.31225575605538], [-6.299616344962918, 53.312055755899415], [-6.299769744326588, 53.311949546203685], [-6.299799547317933, 53.31193688437252], [-6.299926344525255, 53.311865756935845], [-6.30022634542744, 53.31169575703011], [-6.301896344747379, 53.31076575756791], [-6.302386345521776, 53.310495757442204], [-6.303126345276161, 53.31008575805284], [-6.303516345479872, 53.309865758677724], [-6.304246346666564, 53.309455758513025], [-6.30446634557898, 53.30931575884413], [-6.304766346588796, 53.30907575819714], [-6.305076346058932, 53.30880575908676], [-6.305306346782496, 53.30844575885531], [-6.305986347250836, 53.3070957599419], [-6.306506349492201, 53.30606576017162], [-6.307046349820467, 53.30498575983907], [-6.3073563512903545, 53.30437575995915], [-6.30750635124627, 53.304145760128], [-6.307966351482924, 53.303525760579916], [-6.308344341583756, 53.30302492611013], [-6.308477699394337, 53.302822923350504], [-6.308493548354222, 53.30273976366028]]}, "properties": {"FID": 3306, "BIKE": "BIKE_LANE", "Shape_Leng": 3407.42384395, "DIR": "Forward"}}, {"type": "Feature", "id": 3314, "geometry": {"type": "LineString", "coordinates": [[-6.316924005008365, 53.32557679765532], [-6.3167688168334335, 53.32565776640226], [-6.316588600968728, 53.32577807485268], [-6.316221715047786, 53.32595545058488], [-6.316023341994759, 53.32604243030176], [-6.3156016140477105, 53.32621603689973], [-6.3151816148865665, 53.32633200618732], [-6.314854485347174, 53.326419957932046], [-6.314420629899264, 53.32650412406881], [-6.3139406291257485, 53.32660412411926], [-6.3137606289316786, 53.326644123900856], [-6.3121906291187795, 53.32699412507664], [-6.311620630280706, 53.3271141252781], [-6.311520629271802, 53.32713412571326], [-6.309840629069617, 53.32749412560831], [-6.309190629157516, 53.32763412607161], [-6.308770628569638, 53.32772412615728], [-6.307560629744892, 53.32798412673577], [-6.30628062930754, 53.3282641272571], [-6.305900628706942, 53.328344127839856], [-6.304972390196935, 53.3285569397372], [-6.304353722307888, 53.32869195378958], [-6.303500628768581, 53.32886412853956], [-6.303360628650572, 53.32889412778973], [-6.303190628749576, 53.32893412812493], [-6.302725392284823, 53.32903540966241], [-6.301369222236788, 53.32933584993303], [-6.3011380061939795, 53.32942373690352], [-6.300884734328412, 53.329485692345045], [-6.299740817184096, 53.32974001291728], [-6.29921716901148, 53.329874282145454]]}, "properties": {"FID": 3314, "BIKE": "BIKE_LANE", "Shape_Leng": 1279.37918856, "DIR": "Forward"}}, {"type": "Feature", "id": 3315, "geometry": {"type": "LineString", "coordinates": [[-6.28388915500556, 53.309730967909424], [-6.284036068076282, 53.30969598864534], [-6.284386067121726, 53.30960598876563], [-6.284552773152181, 53.309538833849444], [-6.284670556796629, 53.3095012255381], [-6.284826067888828, 53.30943598908488], [-6.285066067786651, 53.3092859886824], [-6.285866067066983, 53.30878598929155], [-6.286436066839211, 53.30843598896255], [-6.286746065957167, 53.30824598979706], [-6.287626066839892, 53.3077159895193], [-6.287966066882979, 53.30750598975785], [-6.289016066350426, 53.30685598960842], [-6.289676064627014, 53.30642598999172], [-6.289796066106341, 53.30635599010337], [-6.29071606520092, 53.305775989891075], [-6.291856064796932, 53.30507599029996], [-6.292386064512536, 53.304755990901526], [-6.2932260641855216, 53.304235990315924], [-6.293826062899295, 53.30385599115723], [-6.295146062888569, 53.303055990992206], [-6.29644606207838, 53.302275991300284], [-6.296856062524819, 53.302035990711225], [-6.2972660620770355, 53.30176599174894], [-6.297526062727905, 53.30157599169753], [-6.298666061945409, 53.30071599144811], [-6.299196060882579, 53.30033599164584], [-6.299506060495886, 53.30009599212041], [-6.2999106088050665, 53.29976403132252], [-6.299967139508672, 53.29968980255763]]}, "properties": {"FID": 3315, "BIKE": "BIKE_LANE", "Shape_Leng": 1554.30996998, "DIR": "Forward"}}, {"type": "Feature", "id": 3317, "geometry": {"type": "LineString", "coordinates": [[-6.28324298325867, 53.30579345283481], [-6.283607605465869, 53.30676775443613], [-6.283727605156674, 53.307197754427094], [-6.283877604554187, 53.307737754006396], [-6.283937602477423, 53.30817775333889], [-6.28391760240511, 53.3085477533265], [-6.283817601595887, 53.30899775328369], [-6.283659315906942, 53.30938640805453], [-6.283386179735111, 53.309877273754175]]}, "properties": {"FID": 3317, "BIKE": "BIKE_LANE", "Shape_Leng": 463.517075079, "DIR": "Forward"}}, {"type": "Feature", "id": 3318, "geometry": {"type": "LineString", "coordinates": [[-6.2837017834024085, 53.3096493270805], [-6.283638968968014, 53.30978442525574], [-6.2836076836967125, 53.30990236490626]]}, "properties": {"FID": 3318, "BIKE": "BIKE_LANE", "Shape_Leng": 28.8972596283, "DIR": "Forward"}}, {"type": "Feature", "id": 3319, "geometry": {"type": "LineString", "coordinates": [[-6.2837017834024085, 53.3096493270805], [-6.283743920549506, 53.309691365153576], [-6.283781437852552, 53.309714941618914], [-6.2838439136437705, 53.30972190312641], [-6.28388915500556, 53.309730967909424]]}, "properties": {"FID": 3319, "BIKE": "BIKE_LANE", "Shape_Leng": 16.4969257251, "DIR": "Forward"}}, {"type": "Feature", "id": 3320, "geometry": {"type": "LineString", "coordinates": [[-6.2837263243289545, 53.30977172919605], [-6.283826067501381, 53.30974598888764], [-6.28388915500556, 53.309730967909424]]}, "properties": {"FID": 3320, "BIKE": "BIKE_LANE", "Shape_Leng": 11.7643866172, "DIR": "Forward"}}, {"type": "Feature", "id": 3321, "geometry": {"type": "LineString", "coordinates": [[-6.283386179735111, 53.309877273754175], [-6.283638968968014, 53.30978442525574], [-6.2837263243289545, 53.30977172919605]]}, "properties": {"FID": 3321, "BIKE": "BIKE_LANE", "Shape_Leng": 25.7571942688, "DIR": "Forward"}}, {"type": "Feature", "id": 3322, "geometry": {"type": "LineString", "coordinates": [[-6.283372444908183, 53.30994961389236], [-6.283757623211639, 53.30982877517287]]}, "properties": {"FID": 3322, "BIKE": "BIKE_LANE", "Shape_Leng": 28.9826599167, "DIR": "Forward"}}, {"type": "Feature", "id": 3323, "geometry": {"type": "LineString", "coordinates": [[-6.283372444908183, 53.30994961389236], [-6.283386179735111, 53.309877273754175]]}, "properties": {"FID": 3323, "BIKE": "BIKE_LANE", "Shape_Leng": 8.10261386178, "DIR": "Forward"}}, {"type": "Feature", "id": 3324, "geometry": {"type": "LineString", "coordinates": [[-6.278456361168296, 53.32594146568468], [-6.27839636125024, 53.326031466908475], [-6.278142327822174, 53.32629261086142], [-6.278107259926747, 53.326333822106086], [-6.277814485526223, 53.32660709915609]]}, "properties": {"FID": 3324, "BIKE": "BIKE_LANE", "Shape_Leng": 85.6957145355, "DIR": "Forward"}}, {"type": "Feature", "id": 3325, "geometry": {"type": "LineString", "coordinates": [[-6.27828090869672, 53.326321285205815], [-6.278139487551147, 53.3265024855448]]}, "properties": {"FID": 3325, "BIKE": "BIKE_LANE", "Shape_Leng": 22.2586705719, "DIR": "Forward"}}, {"type": "Feature", "id": 3326, "geometry": {"type": "LineString", "coordinates": [[-6.3173136394985185, 53.32484551132572], [-6.317336482083845, 53.324810189573334], [-6.31771090333078, 53.32445537725089], [-6.318424674630388, 53.32381315328992], [-6.3188422453912265, 53.32344197179278], [-6.319259452854278, 53.32313140645326], [-6.319710220476017, 53.3229480855187], [-6.3199502199064215, 53.32282808597451], [-6.32211021968266, 53.321878086442425], [-6.324890219390393, 53.32066808743724], [-6.327280219133886, 53.31959808778383], [-6.327560219050556, 53.31946808836478], [-6.331340218548, 53.317798090239215], [-6.331640218427168, 53.317658089595234], [-6.33178300819571, 53.31757672431663], [-6.331916215533133, 53.31745055420932], [-6.332047063163312, 53.31724284994071]]}, "properties": {"FID": 3326, "BIKE": "BIKE_LANE", "Shape_Leng": 1310.99686079, "DIR": "Forward"}}, {"type": "Feature", "id": 3327, "geometry": {"type": "LineString", "coordinates": [[-6.317322937694001, 53.324960118107946], [-6.317335851693623, 53.325032055610635], [-6.317402280491615, 53.32509361446688], [-6.31746595030533, 53.32512239893114], [-6.317557315622307, 53.3251164126754]]}, "properties": {"FID": 3327, "BIKE": "BIKE_LANE", "Shape_Leng": 27.6482495081, "DIR": "Forward"}}, {"type": "Feature", "id": 3328, "geometry": {"type": "LineString", "coordinates": [[-6.317322937694001, 53.324960118107946], [-6.3172151288508065, 53.32501216614895], [-6.317098342282552, 53.32505429853026]]}, "properties": {"FID": 3328, "BIKE": "BIKE_LANE", "Shape_Leng": 18.3128216502, "DIR": "Forward"}}, {"type": "Feature", "id": 3329, "geometry": {"type": "LineString", "coordinates": [[-6.316467714826878, 53.325638143111206], [-6.316706782747951, 53.32548579867961], [-6.316975618326445, 53.325316376707924], [-6.317100194908813, 53.32518993123118], [-6.317111944381708, 53.325134833864304], [-6.317098342282552, 53.32505429853026]]}, "properties": {"FID": 3329, "BIKE": "BIKE_LANE", "Shape_Leng": 80.7979671173, "DIR": "Forward"}}, {"type": "Feature", "id": 3330, "geometry": {"type": "LineString", "coordinates": [[-6.317098342282552, 53.32505429853026], [-6.317223856060234, 53.3249705360986], [-6.3173136394985185, 53.32484551132572]]}, "properties": {"FID": 3330, "BIKE": "BIKE_LANE", "Shape_Leng": 27.6689673469, "DIR": "Forward"}}, {"type": "Feature", "id": 3331, "geometry": {"type": "LineString", "coordinates": [[-6.240478891569067, 53.33767585047628], [-6.240352168521919, 53.33762976684863], [-6.240268678084561, 53.33758193175469], [-6.240223969784141, 53.3375608116318], [-6.240161647729397, 53.33751468457691], [-6.2400616487012694, 53.33746468413644], [-6.239741649109758, 53.33727468468349], [-6.239001648423633, 53.33679468422186], [-6.238441648039377, 53.33643468378689], [-6.238111648927905, 53.336184683623905], [-6.237961648076908, 53.33605468440123], [-6.237821648829738, 53.33587468418482], [-6.2372816481982, 53.335094683536724], [-6.237021649835538, 53.334754683316035], [-6.236771649768744, 53.33433468371539], [-6.236291649525381, 53.33363468329962], [-6.235941649832755, 53.3331546831314], [-6.23581164989027, 53.33294468281378], [-6.2357816499934975, 53.332904683124774], [-6.235621650780873, 53.3326746833596], [-6.235391650528341, 53.33238468281763], [-6.235091650035736, 53.33203468287954], [-6.23494165010079, 53.33185468294402], [-6.234651649952971, 53.33162468253863], [-6.234211650994432, 53.33128468218053], [-6.2335016512652635, 53.33070468237608], [-6.233171651126566, 53.33044468196688], [-6.232831651285069, 53.33014468250089]]}, "properties": {"FID": 3331, "BIKE": "BIKE_LANE", "Shape_Leng": 993.015998042, "DIR": "Forward"}}, {"type": "Feature", "id": 3332, "geometry": {"type": "LineString", "coordinates": [[-6.240058725181178, 53.337350975012185], [-6.240154499293693, 53.337407841202065], [-6.24025449830073, 53.33745784156496], [-6.240354499320241, 53.33749784165208], [-6.24047449811392, 53.33755784133218], [-6.240569366872127, 53.33761436306326]]}, "properties": {"FID": 3332, "BIKE": "BIKE_LANE", "Shape_Leng": 45.0096122633, "DIR": "Forward"}}, {"type": "Feature", "id": 3333, "geometry": {"type": "LineString", "coordinates": [[-6.230000478236662, 53.32877976930377], [-6.228430476725699, 53.32832976867447], [-6.228060476330329, 53.328229768580776], [-6.226880475104869, 53.32789976809031], [-6.226200474997298, 53.327709766873056], [-6.225560474978468, 53.32749976662825], [-6.225330474781268, 53.32739976690679], [-6.225140475789606, 53.32729976691034], [-6.224940474517038, 53.32715976772523], [-6.224800474307978, 53.32702976708862], [-6.224630475108242, 53.326869767520115], [-6.224400475406288, 53.32659976692463], [-6.224290474310904, 53.326489766914676], [-6.223940474247497, 53.326129766122634], [-6.2236504755513895, 53.325879766371465], [-6.223400474782446, 53.325689766391484], [-6.2231404752513395, 53.325519766655844], [-6.222720474074712, 53.325269766679455], [-6.221610474412224, 53.32460976571583], [-6.221460474049473, 53.32452976603164], [-6.220840473869972, 53.32416976529144], [-6.21984047339018, 53.32356976551647], [-6.21928047342254, 53.3232297652921], [-6.2188404735150264, 53.32292976501029], [-6.218360472524558, 53.32254976466481], [-6.2181104736535335, 53.32235976492487], [-6.217900473525072, 53.322189764201916], [-6.2170304730249075, 53.321519764097516], [-6.21637047231176, 53.32106976450933], [-6.2158504722159025, 53.320759764204844], [-6.215450472941865, 53.320509763795954], [-6.215190472580142, 53.32035976380639], [-6.214470472096196, 53.319949763584454], [-6.213560471814667, 53.319419763595434], [-6.2126504711313695, 53.31893976241069]]}, "properties": {"FID": 3333, "BIKE": "BIKE_LANE", "Shape_Leng": 1618.07549575, "DIR": "Forward"}}, {"type": "Feature", "id": 3370, "geometry": {"type": "LineString", "coordinates": [[-6.259316564129442, 53.34758658970859], [-6.259088626706566, 53.347644373296774]]}, "properties": {"FID": 3370, "BIKE": "BIKE_LANE", "Shape_Leng": 16.4856719537, "DIR": "Forward"}}, {"type": "Feature", "id": 3474, "geometry": {"type": "LineString", "coordinates": [[-6.346838657546662, 53.33571834388154], [-6.346558657984136, 53.335018343625315], [-6.346488658636776, 53.33482834379623], [-6.346335551032417, 53.33442064726341], [-6.34629017317692, 53.33424682905988], [-6.34628101754993, 53.33419693459885], [-6.3462742025994014, 53.3341152217496], [-6.346269688194806, 53.33408861665851], [-6.346269622656345, 53.334004344106596], [-6.34628794823549, 53.33387453973938], [-6.346326171170742, 53.333631541961566], [-6.346417033176582, 53.33303131432816], [-6.3464590187385745, 53.33269046215795], [-6.3464378220937725, 53.33243602404285], [-6.346390224921529, 53.3322336416866], [-6.346313159014131, 53.33204681532559]]}, "properties": {"FID": 3474, "BIKE": "BIKE_LANE", "Shape_Leng": 414.167297106, "DIR": "Forward"}}, {"type": "Feature", "id": 3475, "geometry": {"type": "LineString", "coordinates": [[-6.257366264720157, 53.33613303748612], [-6.257186646942707, 53.33637805189206], [-6.2569452404311905, 53.33669142759307], [-6.256935779087872, 53.33678754954866]]}, "properties": {"FID": 3475, "BIKE": "BIKE_LANE", "Shape_Leng": 78.8982195332, "DIR": "Forward"}}, {"type": "Feature", "id": 3476, "geometry": {"type": "LineString", "coordinates": [[-6.251653334926192, 53.34747248639588], [-6.2516252664006595, 53.34739393952042]]}, "properties": {"FID": 3476, "BIKE": "BIKE_LANE", "Shape_Leng": 8.93920385271, "DIR": "Forward"}}, {"type": "Feature", "id": 3477, "geometry": {"type": "LineString", "coordinates": [[-6.251463833216938, 53.34818107352147], [-6.251661780640036, 53.347532026152486], [-6.251653334926192, 53.34747248639588]]}, "properties": {"FID": 3477, "BIKE": "BIKE_LANE", "Shape_Leng": 80.0764226636, "DIR": "Forward"}}, {"type": "Feature", "id": 3478, "geometry": {"type": "LineString", "coordinates": [[-6.251463833216938, 53.34818107352147], [-6.251446724251051, 53.348359991140256]]}, "properties": {"FID": 3478, "BIKE": "BIKE_LANE", "Shape_Leng": 19.94454365, "DIR": "Forward"}}, {"type": "Feature", "id": 3479, "geometry": {"type": "LineString", "coordinates": [[-6.251463833216938, 53.34818107352147], [-6.251778641346951, 53.34823842539868]]}, "properties": {"FID": 3479, "BIKE": "BIKE_LANE", "Shape_Leng": 21.9147225151, "DIR": "Forward"}}, {"type": "Feature", "id": 3480, "geometry": {"type": "LineString", "coordinates": [[-6.251753878908586, 53.34836045473344], [-6.251702857797802, 53.34835631320732], [-6.251465245529817, 53.34834566046907], [-6.251271837785587, 53.34833698989822]]}, "properties": {"FID": 3480, "BIKE": "BIKE_LANE", "Shape_Leng": 32.2129538493, "DIR": "Forward"}}, {"type": "Feature", "id": 3481, "geometry": {"type": "LineString", "coordinates": [[-6.251446724251051, 53.348359991140256], [-6.251442010274204, 53.34840642660564], [-6.251433696401291, 53.34851450109419], [-6.251421853999525, 53.348644339840654], [-6.251426430985166, 53.34869097977677], [-6.251431531866116, 53.3488199055656], [-6.251436728475076, 53.3488406184537]]}, "properties": {"FID": 3481, "BIKE": "BIKE_LANE", "Shape_Leng": 53.5721978451, "DIR": "Forward"}}, {"type": "Feature", "id": 3482, "geometry": {"type": "LineString", "coordinates": [[-6.251436728475076, 53.3488406184537], [-6.251376432710818, 53.34876081277267], [-6.25135123004004, 53.34852545701277], [-6.251369846204709, 53.348457508198116], [-6.2513253159378666, 53.3483848436093], [-6.251271837785587, 53.34833698989822]]}, "properties": {"FID": 3482, "BIKE": "BIKE_LANE", "Shape_Leng": 58.6772408252, "DIR": "Forward"}}, {"type": "Feature", "id": 3501, "geometry": {"type": "LineString", "coordinates": [[-6.236386467797671, 53.36297046955611], [-6.236107443247409, 53.36305961249891], [-6.23550899858831, 53.36321591638768], [-6.234658996833064, 53.36346591748384], [-6.234568997426984, 53.363495916829805], [-6.234458996599534, 53.363525917687646], [-6.234277294100638, 53.363589308988615], [-6.233216873734965, 53.36389528759271], [-6.232588996622986, 53.36405592017366], [-6.232043981500079, 53.36418553763529], [-6.231363605410229, 53.36432135803785], [-6.230698268913853, 53.36438024436626], [-6.230328997421279, 53.36440299139964], [-6.2299559271781755, 53.364443889101395]]}, "properties": {"FID": 3501, "BIKE": "BIKE_LANE", "Shape_Leng": 461.862551857, "DIR": "Forward"}}, {"type": "Feature", "id": 3518, "geometry": {"type": "LineString", "coordinates": [[-6.237445565158277, 53.362751947363805], [-6.237410566471916, 53.36275003185848], [-6.237208480969921, 53.362773624603605], [-6.237014515582454, 53.36279873642634], [-6.236960417068764, 53.36280633026639], [-6.2368196567161736, 53.36284551588532], [-6.236575789617866, 53.362918149587216], [-6.236464732848154, 53.36294588424982]]}, "properties": {"FID": 3518, "BIKE": "BIKE_LANE", "Shape_Leng": 69.4413461089, "DIR": "Forward"}}, {"type": "Feature", "id": 3531, "geometry": {"type": "LineString", "coordinates": [[-6.252639497630975, 53.37267171677794], [-6.252584906745047, 53.37276470727302], [-6.252433668639785, 53.37299294913145], [-6.252228092366518, 53.37330793272134], [-6.252191060676097, 53.37333686682474]]}, "properties": {"FID": 3531, "BIKE": "BIKE_FRIENDLY_PEDESTRIAN_PATH", "Shape_Leng": 79.9772219407, "DIR": "Forward"}}, {"type": "Feature", "id": 3532, "geometry": {"type": "LineString", "coordinates": [[-6.252191060676097, 53.37333686682474], [-6.2520587847410765, 53.37357610511147], [-6.2520679900684035, 53.373606609785014]]}, "properties": {"FID": 3532, "BIKE": "BIKE_FRIENDLY_PEDESTRIAN_PATH", "Shape_Leng": 31.4927352001, "DIR": "Forward"}}, {"type": "Feature", "id": 3533, "geometry": {"type": "LineString", "coordinates": [[-6.2520679900684035, 53.373606609785014], [-6.251917319124659, 53.3738938130698], [-6.251798511055156, 53.37413235402242], [-6.251661994670245, 53.37443852246367], [-6.251366246670536, 53.374803098400776], [-6.251172646784137, 53.37504411563536], [-6.25057796526206, 53.37574106013321], [-6.2505156506537185, 53.37583207144757]]}, "properties": {"FID": 3533, "BIKE": "BIKE_FRIENDLY_PEDESTRIAN_PATH", "Shape_Leng": 269.341196003, "DIR": "Forward"}}, {"type": "Feature", "id": 3534, "geometry": {"type": "LineString", "coordinates": [[-6.246761343602773, 53.379456536062555], [-6.246517101732916, 53.37974986851621], [-6.246487575914431, 53.37978301961174]]}, "properties": {"FID": 3534, "BIKE": "BIKE_FRIENDLY_PEDESTRIAN_PATH", "Shape_Leng": 40.6478411073, "DIR": "Forward"}}, {"type": "Feature", "id": 3535, "geometry": {"type": "LineString", "coordinates": [[-6.245683019970456, 53.38072170726842], [-6.245606262612626, 53.38082379371209], [-6.245413672717458, 53.38115831069614], [-6.245209997311781, 53.381480120614675]]}, "properties": {"FID": 3535, "BIKE": "BIKE_LANE", "Shape_Leng": 90.1234497296, "DIR": "Forward"}}, {"type": "Feature", "id": 3536, "geometry": {"type": "LineString", "coordinates": [[-6.245209997311781, 53.381480120614675], [-6.245025941901992, 53.381775951899776], [-6.244875213072567, 53.382030769595936], [-6.244762790380528, 53.382257553949]]}, "properties": {"FID": 3536, "BIKE": "BIKE_FRIENDLY_PEDESTRIAN_PATH", "Shape_Leng": 91.5331054814, "DIR": "Forward"}}, {"type": "Feature", "id": 3537, "geometry": {"type": "LineString", "coordinates": [[-6.161821169458692, 53.39928496446867], [-6.161817509283807, 53.39938623006656], [-6.161908083187335, 53.39977499643303], [-6.161978704418374, 53.400141754422755], [-6.162024161475115, 53.40030082064614]]}, "properties": {"FID": 3537, "BIKE": "BIKE_LANE", "Shape_Leng": 114.004654656, "DIR": "Forward"}}, {"type": "Feature", "id": 3538, "geometry": {"type": "LineString", "coordinates": [[-6.1616227827438115, 53.39954898330498], [-6.16154815892203, 53.39927326670305]]}, "properties": {"FID": 3538, "BIKE": "BIKE_LANE", "Shape_Leng": 31.0845157911, "DIR": "Forward"}}, {"type": "Feature", "id": 3539, "geometry": {"type": "LineString", "coordinates": [[-6.162353946054269, 53.40740422872327], [-6.162565030168303, 53.40716640157193], [-6.1626515865175575, 53.40701374304608], [-6.162766566592583, 53.40682010350871], [-6.162873228446458, 53.406593498479474], [-6.16299068683672, 53.4062383866569], [-6.163057002313075, 53.40593673497407], [-6.163097393648486, 53.405700528992604], [-6.1631119363504165, 53.40561048187261], [-6.163060347585545, 53.40557039359142], [-6.162999292407647, 53.40550254796109], [-6.162991555669385, 53.40522843082402], [-6.16301328660484, 53.40517778880578], [-6.163072496721457, 53.40512347568154], [-6.162960471390983, 53.40463004227734], [-6.162846253217037, 53.4041875522851], [-6.162659095705313, 53.40345825855372], [-6.162560095381757, 53.403240085654836], [-6.162537892570846, 53.4031367286493], [-6.162467863755359, 53.40285651399497]]}, "properties": {"FID": 3539, "BIKE": "BIKE_FRIENDLY_PEDESTRIAN_PATH", "Shape_Leng": 521.003997125, "DIR": "Forward"}}, {"type": "Feature", "id": 3540, "geometry": {"type": "LineString", "coordinates": [[-6.253496175105859, 53.37141652472757], [-6.25323686192538, 53.37182266366347], [-6.253206677755973, 53.37187819069189], [-6.252918911217782, 53.372250048052], [-6.252754282313408, 53.3724947492072]]}, "properties": {"FID": 3540, "BIKE": "BIKE_LANE", "Shape_Leng": 129.837814148, "DIR": "Forward"}}, {"type": "Feature", "id": 3541, "geometry": {"type": "LineString", "coordinates": [[-6.252409519854343, 53.37262109444731], [-6.252970152773922, 53.37188062015143], [-6.25312158208625, 53.37167074488097], [-6.253326779727567, 53.37131044347011], [-6.25342044992842, 53.37114783658947], [-6.2534453931994785, 53.371059829844114], [-6.253457843891763, 53.37103644708705]]}, "properties": {"FID": 3541, "BIKE": "BIKE_LANE", "Shape_Leng": 190.068555675, "DIR": "Forward"}}, {"type": "Feature", "id": 3545, "geometry": {"type": "LineString", "coordinates": [[-6.3594723003416735, 53.342633464193476], [-6.361567999770422, 53.34280476216205], [-6.363157577660369, 53.34293908145617], [-6.365362335666675, 53.34312680875818], [-6.36560732200996, 53.34317601988169], [-6.365626910917965, 53.343179237178894]]}, "properties": {"FID": 3545, "BIKE": "BIKE_LANE", "Shape_Leng": 414.676019793, "DIR": "Forward"}}, {"type": "Feature", "id": 3546, "geometry": {"type": "LineString", "coordinates": [[-6.365626910917965, 53.343179237178894], [-6.366368719327671, 53.34323953151454], [-6.366974524434686, 53.34329107949514], [-6.367836576010883, 53.34336431548795], [-6.368421286224191, 53.34340917706768], [-6.36862322041552, 53.34343356522912], [-6.369378134901306, 53.34349500328092], [-6.369524700353118, 53.34350683645484]]}, "properties": {"FID": 3546, "BIKE": "BIKE_FRIENDLY_PEDESTRIAN_PATH", "Shape_Leng": 262.173094203, "DIR": "Forward"}}, {"type": "Feature", "id": 3547, "geometry": {"type": "LineString", "coordinates": [[-6.369899392527403, 53.343665218356044], [-6.368801953463477, 53.34356957926905], [-6.3680484076410275, 53.34350858681902], [-6.36735774398116, 53.34344768161869], [-6.366680925519935, 53.34339387369816], [-6.366006969196874, 53.34333242179561], [-6.36529182403202, 53.34327424140146], [-6.364370850396339, 53.34319557108709], [-6.364354235197108, 53.343193807260874]]}, "properties": {"FID": 3547, "BIKE": "BIKE_LANE", "Shape_Leng": 373.028396429, "DIR": "Forward"}}, {"type": "Feature", "id": 3548, "geometry": {"type": "LineString", "coordinates": [[-6.364354235197108, 53.343193807260874], [-6.362327673856259, 53.342998582893465]]}, "properties": {"FID": 3548, "BIKE": "BIKE_FRIENDLY_PEDESTRIAN_PATH", "Shape_Leng": 136.709514197, "DIR": "Forward"}}, {"type": "Feature", "id": 3549, "geometry": {"type": "LineString", "coordinates": [[-6.362327673856259, 53.342998582893465], [-6.362013087806831, 53.34296968854801], [-6.361779044257705, 53.34294881107472], [-6.361469443962586, 53.34292382341627], [-6.361135531646652, 53.342896964951436], [-6.3605370896383615, 53.34284112654244], [-6.360020060090407, 53.34280406920314], [-6.359561041907675, 53.34276012612336], [-6.359307968047423, 53.34273360641216], [-6.3590612775635265, 53.342707941531245]]}, "properties": {"FID": 3549, "BIKE": "BIKE_LANE", "Shape_Leng": 219.971584543, "DIR": "Forward"}}, {"type": "Feature", "id": 3561, "geometry": {"type": "LineString", "coordinates": [[-6.2390230810929355, 53.34242697069439], [-6.238993254683301, 53.34252451024786]]}, "properties": {"FID": 3561, "BIKE": "BIKE_FRIENDLY_PEDESTRIAN_PATH", "Shape_Leng": 11.0355949482, "DIR": "Bi-Directional"}}, {"type": "Feature", "id": 3562, "geometry": {"type": "LineString", "coordinates": [[-6.238993254683301, 53.34252451024786], [-6.239007397503504, 53.34255392599349]]}, "properties": {"FID": 3562, "BIKE": "BIKE_FRIENDLY_PEDESTRIAN_PATH", "Shape_Leng": 3.40654546657, "DIR": "Bi-Directional"}}, {"type": "Feature", "id": 3563, "geometry": {"type": "LineString", "coordinates": [[-6.2354294339147325, 53.34206680766416], [-6.234497087780255, 53.34194873612869], [-6.234007323214774, 53.34188457883563], [-6.233690184664414, 53.341843034291344], [-6.23362992767523, 53.34185716496049], [-6.2317941137127955, 53.34162962589254]]}, "properties": {"FID": 3563, "BIKE": "BIKE_LANE", "Shape_Leng": 247.669998473, "DIR": "Forward"}}, {"type": "Feature", "id": 3564, "geometry": {"type": "LineString", "coordinates": [[-6.264913498403379, 53.33255972012447], [-6.264915228443573, 53.33256781392897], [-6.264936594506456, 53.3326631166074]]}, "properties": {"FID": 3564, "BIKE": "BIKE_LANE", "Shape_Leng": 11.609497662, "DIR": "Forward"}}, {"type": "Feature", "id": 3565, "geometry": {"type": "LineString", "coordinates": [[-6.345056561607254, 53.342494857417655], [-6.344826495099333, 53.34247497877269], [-6.344486369904632, 53.34242515608097], [-6.344086188989163, 53.34234535977528], [-6.343705980214908, 53.34224555075046], [-6.34326571750344, 53.34211577016377], [-6.3429455341153655, 53.342025929410006], [-6.342845488493291, 53.34200598049923], [-6.342695420971406, 53.341976057436575], [-6.342475327004317, 53.34193617152645], [-6.342105197226093, 53.34188636285837], [-6.341835141700306, 53.34187650879818], [-6.34154508165837, 53.34186666366696], [-6.341165055297986, 53.34188687222852], [-6.3408650414553716, 53.341907037334586], [-6.340365072663146, 53.34197732021497], [-6.340075119120788, 53.342037485124344], [-6.339725188527681, 53.342117687576525], [-6.339335341835401, 53.34225791802494], [-6.338935538632279, 53.34242816068493], [-6.338635734876018, 53.34258834651936], [-6.338285925032766, 53.34274855957459], [-6.337846114552768, 53.34291882382431], [-6.337296289481258, 53.34308914691507], [-6.336696395267408, 53.34321949185143], [-6.336336433095795, 53.343279695457724], [-6.335956436949788, 53.34331990694381], [-6.335316386750601, 53.34335025765312], [-6.3350063102395655, 53.34333042201352], [-6.33441613020407, 53.34327073428135], [-6.333855910327131, 53.343181023186396], [-6.333225589405566, 53.34303134175057], [-6.332425196474284, 53.34285174876007], [-6.331714834702423, 53.342682107902505], [-6.330618869605472, 53.34242732528482], [-6.330500045146466, 53.34240725872283], [-6.330171478463521, 53.34234858858956], [-6.329764276358597, 53.34230386447331], [-6.329313951727496, 53.34227760501222], [-6.32902639008741, 53.342260124597445]]}, "properties": {"FID": 3565, "BIKE": "BIKE_LANE", "Shape_Leng": 1141.10824342, "DIR": "Forward"}}, {"type": "Feature", "id": 3566, "geometry": {"type": "LineString", "coordinates": [[-6.2693871588751575, 53.33829038207943], [-6.269301905411427, 53.33825310658893], [-6.269210106429231, 53.33819973094163]]}, "properties": {"FID": 3566, "BIKE": "BIKE_LANE", "Shape_Leng": 15.5576502764, "DIR": "Forward"}}, {"type": "Feature", "id": 3567, "geometry": {"type": "LineString", "coordinates": [[-6.243245121026252, 53.33321620818738], [-6.24326380385552, 53.333064133182155]]}, "properties": {"FID": 3567, "BIKE": "BIKE_LANE", "Shape_Leng": 16.9703115463, "DIR": "Forward"}}, {"type": "Feature", "id": 3569, "geometry": {"type": "LineString", "coordinates": [[-6.264129270682988, 53.360180996840526], [-6.264179271069217, 53.36019099630642], [-6.264419271959817, 53.36021099661495], [-6.265179272746208, 53.36026099716684], [-6.266129272889917, 53.36034099666572], [-6.2664792727655145, 53.360360997502944], [-6.2673192739317285, 53.360430997268196], [-6.267339273644459, 53.36043099645561], [-6.267519273693049, 53.360440997262], [-6.269349275139282, 53.36059099744295], [-6.269619274907981, 53.36061099720069], [-6.270169274872713, 53.3606609970769]]}, "properties": {"FID": 3569, "BIKE": "BIKE_LANE", "Shape_Leng": 405.775206382, "DIR": "Forward"}}, {"type": "Feature", "id": 3576, "geometry": {"type": "LineString", "coordinates": [[-6.255027423506855, 53.36887783744232], [-6.254637426003513, 53.369507837577345], [-6.254507425364077, 53.36970783747155], [-6.254387425253165, 53.36987783835317], [-6.254267427055341, 53.370057837494855], [-6.25415742744743, 53.37024783822958], [-6.253856731988453, 53.37079706928305]]}, "properties": {"FID": 3576, "BIKE": "BIKE_LANE", "Shape_Leng": 227.443992814, "DIR": "Forward"}}, {"type": "Feature", "id": 3577, "geometry": {"type": "LineString", "coordinates": [[-6.219938985786989, 53.37456211506363], [-6.219788667374729, 53.37480646408215], [-6.219713913675292, 53.374928648165586], [-6.219479612772377, 53.3751350957772], [-6.2191888536932876, 53.37535902820238], [-6.21894486912645, 53.37553033949217], [-6.218189427729998, 53.375877401130644]]}, "properties": {"FID": 3577, "BIKE": "BIKE_LANE", "Shape_Leng": 191.220222781, "DIR": "Forward"}}, {"type": "Feature", "id": 3578, "geometry": {"type": "LineString", "coordinates": [[-6.208705224961019, 53.369903593546475], [-6.208097743205843, 53.37025037650773], [-6.2074235287759345, 53.370651770051744], [-6.207019622854265, 53.37086315092372], [-6.206819964335707, 53.370979816611275], [-6.206564848545867, 53.371020074360494], [-6.206284602099179, 53.37103699000607], [-6.205925866896706, 53.37103972369314], [-6.205339138909974, 53.37109442367615], [-6.204976844490313, 53.37112663607185], [-6.204393663652383, 53.37118859237796], [-6.203675211277016, 53.3712531036163], [-6.203493808487534, 53.371269699282436], [-6.203281482103517, 53.37130229001814], [-6.203041970707557, 53.37137308776725], [-6.202827880344377, 53.371474610097515]]}, "properties": {"FID": 3578, "BIKE": "BIKE_LANE", "Shape_Leng": 448.16620717, "DIR": "Forward"}}, {"type": "Feature", "id": 3579, "geometry": {"type": "LineString", "coordinates": [[-6.2664674184320495, 53.35458634308291], [-6.266219147263972, 53.35482331297472], [-6.265844315142836, 53.35524875156245], [-6.265626385195844, 53.35547609543707], [-6.265366036794406, 53.355772928507214], [-6.265211196701501, 53.355950969607896]]}, "properties": {"FID": 3579, "BIKE": "BIKE_LANE", "Shape_Leng": 173.458069046, "DIR": "Forward"}}, {"type": "Feature", "id": 3580, "geometry": {"type": "LineString", "coordinates": [[-6.202259075132197, 53.37241174647903], [-6.202099075783921, 53.37268174656776], [-6.201929075826183, 53.37287174676307], [-6.20169907495686, 53.37300174725757], [-6.201089074676286, 53.37329174719973], [-6.2000490739176595, 53.373811746906014], [-6.199189072244158, 53.37426174686881], [-6.198739071704805, 53.37449174706506], [-6.198299071974376, 53.374651746665094], [-6.197619070555885, 53.37486174723803], [-6.1964290683395085, 53.375181747576825], [-6.195679068275485, 53.37534174775693], [-6.194887945286269, 53.375529253323776], [-6.194281104319803, 53.37563220317921], [-6.194067741628277, 53.37566206196329], [-6.193163578137223, 53.37581748983647], [-6.192885040826686, 53.375861984802434], [-6.192108589750938, 53.37601382425029], [-6.191482152679076, 53.37617988002571], [-6.191014114761581, 53.37634373795779], [-6.190424468302554, 53.37662063792533], [-6.1899357063122284, 53.37687424880013], [-6.18947317509662, 53.37705289072442], [-6.188799697688618, 53.377240276800215], [-6.1883859684511755, 53.37735531873458], [-6.187773137817406, 53.377453548267255], [-6.187567206580845, 53.377489023496544], [-6.187037107771533, 53.37755725645694], [-6.1854725257395025, 53.377771525338574], [-6.184926044997912, 53.37786339675628], [-6.1840285346326125, 53.378005071002676], [-6.183547902468933, 53.37810253373277], [-6.182908488786781, 53.37828305292449], [-6.181747150104785, 53.3787000977083], [-6.181246868142493, 53.37886158927486], [-6.180344037553273, 53.379127232279025], [-6.179869144115732, 53.37926980399452], [-6.179372281626444, 53.37945891207661], [-6.179004478369752, 53.37961322388532], [-6.178577601389931, 53.37981902066486], [-6.178380227173212, 53.37990641683351]]}, "properties": {"FID": 3580, "BIKE": "BIKE_LANE", "Shape_Leng": 1831.99762524, "DIR": "Forward"}}, {"type": "Feature", "id": 3581, "geometry": {"type": "LineString", "coordinates": [[-6.250664422705485, 53.34108784257493], [-6.250824668248349, 53.34092475205575], [-6.25110835367839, 53.340674208876095], [-6.251338355944329, 53.34042420932904], [-6.251497274094334, 53.34025045471746], [-6.251640491509351, 53.3400947552657], [-6.251663377501453, 53.34007051979421], [-6.251798652067261, 53.339930538151364], [-6.252018355923103, 53.33971420965545]]}, "properties": {"FID": 3581, "BIKE": "BIKE_LANE", "Shape_Leng": 177.594361996, "DIR": "Forward"}}, {"type": "Feature", "id": 3582, "geometry": {"type": "LineString", "coordinates": [[-6.27435452083112, 53.35020961088428], [-6.273610974957313, 53.35022718697052], [-6.273334113815, 53.3502297177378], [-6.272966253408569, 53.350236856570646], [-6.272616253488326, 53.350286857300645], [-6.2721162527141665, 53.350366856815874], [-6.272096251727151, 53.3503668574817], [-6.271796252887268, 53.35041685817123], [-6.27124959590362, 53.350536748733724], [-6.271005229657326, 53.35061284328833], [-6.270936383013587, 53.35063418911659], [-6.270636108369739, 53.350766763719534], [-6.2704207239019, 53.350895203165244], [-6.2701923738042735, 53.351037050546545], [-6.2699881318758415, 53.35124366023051]]}, "properties": {"FID": 3582, "BIKE": "BIKE_LANE", "Shape_Leng": 329.009039855, "DIR": "Forward"}}, {"type": "Feature", "id": 3592, "geometry": {"type": "LineString", "coordinates": [[-6.2664674184320495, 53.35458634308291], [-6.266631959119135, 53.354393971368616], [-6.266861867252058, 53.3541713764128]]}, "properties": {"FID": 3592, "BIKE": "BIKE_LANE", "Shape_Leng": 53.1708944476, "DIR": "Forward"}}, {"type": "Feature", "id": 3596, "geometry": {"type": "LineString", "coordinates": [[-6.240817267595552, 53.34927547193751], [-6.240805972533911, 53.34916576877217], [-6.24083951172392, 53.34894536813124], [-6.240880743536365, 53.34886214190076]]}, "properties": {"FID": 3596, "BIKE": "BIKE_FRIENDLY_PEDESTRIAN_PATH", "Shape_Leng": 46.5231780522, "DIR": "Bi-Directional"}}, {"type": "Feature", "id": 3597, "geometry": {"type": "LineString", "coordinates": [[-6.237316863393419, 53.3720644658497], [-6.234679416426847, 53.37109995890884], [-6.23157533330687, 53.36997081902843], [-6.229239406255575, 53.369126731118286], [-6.2281284865864315, 53.3687272504661], [-6.228056048166323, 53.36872147590752]]}, "properties": {"FID": 3597, "BIKE": "BIKE_LANE", "Shape_Leng": 720.392217199, "DIR": "Forward"}}, {"type": "Feature", "id": 3604, "geometry": {"type": "LineString", "coordinates": [[-6.279907966594899, 53.35000512291633], [-6.279869834914558, 53.35050224958454], [-6.279877427913256, 53.35051837311495], [-6.279913224864967, 53.35052823588491]]}, "properties": {"FID": 3604, "BIKE": "BIKE_LANE", "Shape_Leng": 59.8724314182, "DIR": "Forward"}}, {"type": "Feature", "id": 3631, "geometry": {"type": "LineString", "coordinates": [[-6.247838411327348, 53.346574395776365], [-6.2479184123255695, 53.34637439559282], [-6.248068411717614, 53.34603439495984], [-6.248208413068221, 53.34575439591217], [-6.248388412599281, 53.34540439564561], [-6.248618413216829, 53.34501439579789], [-6.248768413917894, 53.3447643960626], [-6.248778413515019, 53.34474439684067], [-6.2490184136403295, 53.344394396382654], [-6.249207220082912, 53.34411344514055]]}, "properties": {"FID": 3631, "BIKE": "BIKE_LANE", "Shape_Leng": 289.021848156, "DIR": "Forward"}}, {"type": "Feature", "id": 3632, "geometry": {"type": "LineString", "coordinates": [[-6.249514070503822, 53.34378313259399], [-6.249495590404022, 53.34385232443099], [-6.24940449345521, 53.34401907934184], [-6.249352929589279, 53.34413652745099]]}, "properties": {"FID": 3632, "BIKE": "BIKE_LANE", "Shape_Leng": 40.8377124757, "DIR": "Reverse"}}, {"type": "Feature", "id": 3633, "geometry": {"type": "LineString", "coordinates": [[-6.2645192474026805, 53.34414909318303], [-6.2646680816911555, 53.3441490937482], [-6.265768079088958, 53.344149094801665], [-6.266118079028175, 53.344149095471714], [-6.266428078555191, 53.34413909526271], [-6.266828079109182, 53.344109096314824], [-6.267061827280439, 53.34409876240805], [-6.267202371781287, 53.34408473839462], [-6.26770015919101, 53.344008774126294], [-6.267746406706843, 53.34400898272945], [-6.267785621761349, 53.34400542475951], [-6.2680542246002675, 53.34395424427784], [-6.268503909942671, 53.34385864403334], [-6.268565465227817, 53.34385380025944], [-6.269049852488772, 53.34375353790807], [-6.269422979306793, 53.343678052461144], [-6.26976586715508, 53.343615322756676], [-6.269945781012555, 53.34357604813936], [-6.270021271227454, 53.34351116201579], [-6.270044536579089, 53.34338642180106], [-6.270154871792097, 53.343242290290796]]}, "properties": {"FID": 3633, "BIKE": "BIKE_LANE", "Shape_Leng": 411.152697076, "DIR": "Forward"}}, {"type": "Feature", "id": 3634, "geometry": {"type": "LineString", "coordinates": [[-6.27197454961303, 53.342821104030705], [-6.272130920040377, 53.342838968552385], [-6.272390932977547, 53.34289176046399], [-6.272581554088952, 53.34293808234002], [-6.272797667915234, 53.342982634702224]]}, "properties": {"FID": 3634, "BIKE": "BIKE_LANE", "Shape_Leng": 57.8164465739, "DIR": "Forward"}}, {"type": "Feature", "id": 3635, "geometry": {"type": "LineString", "coordinates": [[-6.271673892954579, 53.34282574242948], [-6.27197454961303, 53.342821104030705]]}, "properties": {"FID": 3635, "BIKE": "BIKE_LANE", "Shape_Leng": 20.0313064993, "DIR": "Forward"}}, {"type": "Feature", "id": 3636, "geometry": {"type": "LineString", "coordinates": [[-6.271873584328104, 53.34301187915154], [-6.271708744436323, 53.34291829896187], [-6.271673892954579, 53.34282574242948]]}, "properties": {"FID": 3636, "BIKE": "BIKE_LANE", "Shape_Leng": 25.6916758283, "DIR": "Forward"}}, {"type": "Feature", "id": 3637, "geometry": {"type": "LineString", "coordinates": [[-6.264346648027993, 53.32991936687498], [-6.264334815438169, 53.33000885671104]]}, "properties": {"FID": 3637, "BIKE": "BIKE_LANE", "Shape_Leng": 9.99053655112, "DIR": "Forward"}}, {"type": "Feature", "id": 3640, "geometry": {"type": "LineString", "coordinates": [[-6.302297472734157, 53.363002452279396], [-6.3027574760585185, 53.363182451274085], [-6.303097478942118, 53.36330245024365], [-6.3036074821324455, 53.36347244945012], [-6.303711341713229, 53.36350019964726], [-6.304221345137816, 53.36367019889342], [-6.304279889310703, 53.363690858413264], [-6.304749892604198, 53.3638408566377], [-6.30523749245607, 53.364022445946084], [-6.3054974936235135, 53.36411244480989], [-6.306452374179169, 53.364406464170386], [-6.307562380587212, 53.36475646116852], [-6.308623907671453, 53.36509968919226], [-6.309552518157799, 53.365392723265344], [-6.3098961254499, 53.36551547162031], [-6.311370058707468, 53.366011715299], [-6.312201879240612, 53.366289376179424], [-6.312888531693459, 53.36651243234461], [-6.313746722039844, 53.366804766717465], [-6.313957596772171, 53.36687040614837], [-6.314661763279027, 53.367061267069566], [-6.315095055284516, 53.367185114871056], [-6.315445056504603, 53.36727511307643], [-6.315572825210341, 53.36729858216423], [-6.316028753194311, 53.367401478606936], [-6.3164281420830095, 53.36748008911193], [-6.316854872837989, 53.367576697701], [-6.317449847147093, 53.36767609486401], [-6.3184654697416605, 53.3679110428048], [-6.319318462033734, 53.368122245500984], [-6.319746376255447, 53.36822473218611], [-6.3201234174316525, 53.36833258250583], [-6.320318721993618, 53.36838120360337], [-6.320640922351087, 53.36849058760414], [-6.3209091455748165, 53.36857955183184], [-6.321039006017643, 53.36862069688278], [-6.322395782382418, 53.36908593613122], [-6.323643422677794, 53.36950131809141], [-6.324956361219446, 53.36992345183467], [-6.326707627867694, 53.37049239664759], [-6.328477637865234, 53.37105239220741], [-6.329597646574972, 53.37144238923712]]}, "properties": {"FID": 3640, "BIKE": "BIKE_LANE", "Shape_Leng": 2049.38606159, "DIR": "Forward"}}, {"type": "Feature", "id": 3641, "geometry": {"type": "LineString", "coordinates": [[-6.265283651787406, 53.378703274281634], [-6.265195714502995, 53.37858948444252]]}, "properties": {"FID": 3641, "BIKE": "BIKE_LANE", "Shape_Leng": 13.9505836578, "DIR": "Forward"}}, {"type": "Feature", "id": 3642, "geometry": {"type": "LineString", "coordinates": [[-6.2962700003291685, 53.36087000111864], [-6.2954584322153195, 53.36058527161884], [-6.295266437938098, 53.36050675880857], [-6.294679516482057, 53.36028830753627], [-6.294419515013464, 53.36016830780373], [-6.294029512484976, 53.359988308913685], [-6.293499507157092, 53.359718310024775], [-6.293279506274869, 53.359608310955686], [-6.292969503847334, 53.359458311558676], [-6.292669500692366, 53.35931831250408], [-6.291949496073704, 53.35898831425526], [-6.291169490560389, 53.35863831676715], [-6.290809487148841, 53.358458316991936], [-6.290439484302878, 53.3582683183408], [-6.290167730096724, 53.358138281768944], [-6.290016861122198, 53.35804313300592], [-6.289619464068812, 53.35782426231419], [-6.288768923656826, 53.357283722705624], [-6.288666022426441, 53.357194912669065]]}, "properties": {"FID": 3642, "BIKE": "BIKE_LANE", "Shape_Leng": 653.486236284, "DIR": "Forward"}}, {"type": "Feature", "id": 3643, "geometry": {"type": "LineString", "coordinates": [[-6.275237748536714, 53.360666717156995], [-6.277053417519594, 53.36014583305409], [-6.277859496287914, 53.359944325101935], [-6.279035812070491, 53.359595041980775], [-6.279480986352429, 53.35947564116671], [-6.280061833951169, 53.359305769621464]]}, "properties": {"FID": 3643, "BIKE": "BIKE_LANE", "Shape_Leng": 355.181031553, "DIR": "Forward"}}, {"type": "Feature", "id": 3644, "geometry": {"type": "LineString", "coordinates": [[-6.276315673886189, 53.3446842301028], [-6.276037000335383, 53.345211949249716], [-6.276060689184389, 53.34528859416885]]}, "properties": {"FID": 3644, "BIKE": "BIKE_LANE", "Shape_Leng": 70.2675503626, "DIR": "Forward"}}, {"type": "Feature", "id": 3645, "geometry": {"type": "LineString", "coordinates": [[-6.275524190631859, 53.34575972386876], [-6.275564883146163, 53.34575761469642], [-6.275593006755367, 53.34574219224421], [-6.275657532424139, 53.345625165084556], [-6.27574908444349, 53.34539000068017], [-6.27578645805092, 53.34523118188295]]}, "properties": {"FID": 3645, "BIKE": "BIKE_LANE", "Shape_Leng": 63.6973023738, "DIR": "Forward"}}, {"type": "Feature", "id": 3646, "geometry": {"type": "LineString", "coordinates": [[-6.275494399923523, 53.34582165806597], [-6.27550475980374, 53.345802847423194], [-6.275524190631859, 53.34575972386876]]}, "properties": {"FID": 3646, "BIKE": "BIKE_LANE", "Shape_Leng": 7.17487156589, "DIR": "Forward"}}, {"type": "Feature", "id": 3647, "geometry": {"type": "LineString", "coordinates": [[-6.279177371872959, 53.342786029845385], [-6.279652768276881, 53.3428425261713], [-6.279922768511231, 53.34288252523265], [-6.280192769275564, 53.34293252383775], [-6.280482769601889, 53.34298252335526], [-6.280772769120328, 53.34303252215126], [-6.280963503816761, 53.34308708237196], [-6.281044428325268, 53.34310230842263], [-6.281221713039798, 53.34314050935883], [-6.281431714827988, 53.343180508852704], [-6.281609181499238, 53.34322159610712], [-6.281909181914982, 53.34327159594897], [-6.282090011434447, 53.34329499381488], [-6.282310012346262, 53.343324992671576], [-6.282557319445339, 53.343329842751544], [-6.284087321689015, 53.3434198389934], [-6.2843327759780605, 53.343432510730636], [-6.284922776153801, 53.343462509317796], [-6.285102775697128, 53.34348250935084], [-6.285252775434999, 53.343492508327735], [-6.285592776277305, 53.343522507230865], [-6.285842225960208, 53.34352871780574]]}, "properties": {"FID": 3647, "BIKE": "BIKE_LANE", "Shape_Leng": 454.033680449, "DIR": "Forward"}}, {"type": "Feature", "id": 3648, "geometry": {"type": "LineString", "coordinates": [[-6.269828026649392, 53.35120214880559], [-6.269720631494796, 53.351287091071356], [-6.269356281092206, 53.35168360612843], [-6.269078202500549, 53.352011430804176], [-6.268995911657398, 53.352099446522956], [-6.2684963837556475, 53.35265243365965], [-6.268300637616321, 53.35286155462653], [-6.268089946953357, 53.353086158761464], [-6.267887239100684, 53.353260921689056], [-6.267715403427596, 53.353409726366145], [-6.267238875305992, 53.353836008113284], [-6.266949904004091, 53.35411863937823], [-6.266861867252058, 53.3541713764128]]}, "properties": {"FID": 3648, "BIKE": "BIKE_LANE", "Shape_Leng": 385.690819259, "DIR": "Forward"}}, {"type": "Feature", "id": 3649, "geometry": {"type": "LineString", "coordinates": [[-6.273614713170897, 53.35008038284819], [-6.273863081895303, 53.35006998541393], [-6.274456210205576, 53.35005704099225]]}, "properties": {"FID": 3649, "BIKE": "BIKE_LANE", "Shape_Leng": 56.1034458575, "DIR": "Forward"}}, {"type": "Feature", "id": 3650, "geometry": {"type": "LineString", "coordinates": [[-6.274456210205576, 53.35005704099225], [-6.274713851180819, 53.35007189759409]]}, "properties": {"FID": 3650, "BIKE": "BIKE_LANE", "Shape_Leng": 17.2362462115, "DIR": "Forward"}}, {"type": "Feature", "id": 3651, "geometry": {"type": "LineString", "coordinates": [[-6.219266449669278, 53.366830875559906], [-6.2190007914657, 53.36685259015711], [-6.218774289277082, 53.36690770074604], [-6.2185545781230065, 53.36697147169589], [-6.2183419004115095, 53.367038200091294], [-6.218203827798539, 53.36708892325708], [-6.218044719645195, 53.367129346325534], [-6.21787125003362, 53.367170980230846], [-6.21773648435977, 53.367190125663285], [-6.217344482076827, 53.36725321130504], [-6.216694480399679, 53.36725321306964], [-6.216404146925939, 53.36725681505774], [-6.216153161002827, 53.367253554251896], [-6.215883786669973, 53.36727850503412], [-6.2157667638218905, 53.367286332286206], [-6.2153367651245155, 53.367336333539065], [-6.21506309288958, 53.3673615480635], [-6.214839680383742, 53.36739957771718], [-6.214548929195014, 53.36745086545786], [-6.214298281789117, 53.367512739340114], [-6.214009720469489, 53.36759491126455], [-6.213509719881552, 53.36774491204353], [-6.213284253362165, 53.36779078796604], [-6.212314255782961, 53.36813078864237], [-6.212082512673407, 53.36821439042636], [-6.211802513052905, 53.36832439041396], [-6.211422513767541, 53.36849439064624], [-6.2105518183744675, 53.36888781426033], [-6.209863596322195, 53.3692483174736], [-6.2093349982049215, 53.36954815207808], [-6.209155300784088, 53.369646802376295], [-6.208705224961019, 53.369903593546475]]}, "properties": {"FID": 3651, "BIKE": "BIKE_LANE", "Shape_Leng": 804.683805234, "DIR": "Forward"}}, {"type": "Feature", "id": 3652, "geometry": {"type": "LineString", "coordinates": [[-6.22355869601863, 53.36603522124595], [-6.222307025633141, 53.36650493163918], [-6.222147025967291, 53.3665549309145], [-6.221597025328725, 53.36668493097701], [-6.221177025609589, 53.36673493053929], [-6.220797025492065, 53.36676492958322], [-6.220097024802454, 53.366774929019414], [-6.219211442215105, 53.366777270941796]]}, "properties": {"FID": 3652, "BIKE": "BIKE_LANE", "Shape_Leng": 309.325899006, "DIR": "Forward"}}, {"type": "Feature", "id": 3653, "geometry": {"type": "LineString", "coordinates": [[-6.2267821908348395, 53.36464128392663], [-6.227708291038833, 53.36421292629538]]}, "properties": {"FID": 3653, "BIKE": "BIKE_LANE", "Shape_Leng": 77.9325000911, "DIR": "Forward"}}, {"type": "Feature", "id": 3654, "geometry": {"type": "LineString", "coordinates": [[-6.178380227173212, 53.37990641683351], [-6.177968375277053, 53.38005277723104], [-6.17771546172975, 53.380108833796406], [-6.177580112837746, 53.380147447654814], [-6.177200111418512, 53.38023744690016], [-6.176725807195141, 53.38032055120207], [-6.176056262747177, 53.380378029702655], [-6.17505456555474, 53.38040200448265], [-6.173718697366998, 53.38043102886706], [-6.173272156088796, 53.38043582845601], [-6.172322155394618, 53.380365828834464], [-6.171438705867768, 53.38020685150379], [-6.1711711684938155, 53.38015852760868], [-6.170767907672781, 53.38010384190026], [-6.170229902216832, 53.38001998428157], [-6.169515335557281, 53.379936269223236], [-6.169165511862807, 53.37991521084822], [-6.169005945562045, 53.37990848276874], [-6.168538256652636, 53.37990566332017], [-6.168074407163971, 53.379877068890366], [-6.167656293038086, 53.37989062301263], [-6.166808253356795, 53.37991566421266], [-6.16625179695352, 53.37992754229677], [-6.164859512353714, 53.38006877733369], [-6.164358365971877, 53.380126694236026], [-6.16299138696611, 53.380234057099194], [-6.161679302973303, 53.38034082347648], [-6.160681269320494, 53.3804681092279], [-6.160381136500234, 53.38051198826679], [-6.15974987055603, 53.38059926609773], [-6.1575244926781805, 53.38091445384794], [-6.156357001774569, 53.381097578235014], [-6.155119430928175, 53.381301007138724], [-6.152251088417938, 53.38180588363077], [-6.150970965522628, 53.38205426303435], [-6.1507547412075265, 53.38211048151314], [-6.150715367968092, 53.38206038050901]]}, "properties": {"FID": 3654, "BIKE": "BIKE_LANE", "Shape_Leng": 1892.27075299, "DIR": "Forward"}}, {"type": "Feature", "id": 3655, "geometry": {"type": "LineString", "coordinates": [[-6.161252503325421, 53.390911897567364], [-6.160714378522579, 53.390902899257], [-6.160106774238346, 53.39088069528581], [-6.159650896997452, 53.390826588950056], [-6.158010949276448, 53.39050455614157], [-6.1578855962658885, 53.39047836876288], [-6.157769783218861, 53.39045232939138], [-6.157345427907308, 53.39033164963409], [-6.157063903187516, 53.39027451821107], [-6.156843279702653, 53.39024400585285], [-6.156556309367664, 53.390202481631036], [-6.15509371329874, 53.389974451286385], [-6.15446622511639, 53.389860607163556], [-6.15368205609712, 53.38967445290492]]}, "properties": {"FID": 3655, "BIKE": "BIKE_LANE", "Shape_Leng": 525.222888674, "DIR": "Forward"}}, {"type": "Feature", "id": 3656, "geometry": {"type": "LineString", "coordinates": [[-6.143199270581866, 53.38485960977296], [-6.143460254468475, 53.385113328445385], [-6.143703102676635, 53.38523551568407], [-6.14401549028692, 53.38532830022675], [-6.145345499373652, 53.385788296687096], [-6.1456853378167295, 53.38596537335246], [-6.146116522316336, 53.3862017574323], [-6.146535539092032, 53.3864436575817], [-6.146973886228793, 53.38668014970742], [-6.147130377562108, 53.38675818986633], [-6.148035519210158, 53.387108287448434], [-6.148575522530522, 53.38730828574373], [-6.149430256465829, 53.38763872617051], [-6.150515951643828, 53.38809237431316], [-6.151190844473979, 53.388413263111026], [-6.151804182136024, 53.38874506380637], [-6.152118060030884, 53.388903313681006], [-6.152370427341353, 53.38903595860774], [-6.152540629983347, 53.389126244362124], [-6.152887775847239, 53.38929231180199], [-6.153385557273114, 53.389488270226565], [-6.153745560821981, 53.389628268705366]]}, "properties": {"FID": 3656, "BIKE": "BIKE_LANE", "Shape_Leng": 885.124304045, "DIR": "Forward"}}, {"type": "Feature", "id": 3657, "geometry": {"type": "LineString", "coordinates": [[-6.15336032994064, 53.38956160569113], [-6.1533021274297255, 53.389541190918514], [-6.152871428855384, 53.389365064639996], [-6.152787607380819, 53.38933688820995], [-6.15248342673783, 53.38918317289716], [-6.152340013175134, 53.38910907875848], [-6.152040921344056, 53.388950766296574], [-6.151797373673435, 53.38881902392242], [-6.151112207744017, 53.388457221578406], [-6.150426537694213, 53.38812988437197], [-6.148492091128966, 53.38736120307728], [-6.147952087544913, 53.38716120440381], [-6.14718244813333, 53.3868676405918], [-6.14704623318289, 53.3868082602457], [-6.146900934665562, 53.38673296168995], [-6.146451852223372, 53.386495756999025], [-6.146048655760762, 53.38625984756793], [-6.145623556692522, 53.386010740589164], [-6.145262067037689, 53.3858412117667], [-6.144736838563511, 53.38563349844568], [-6.1439283799066375, 53.38536732341018], [-6.1433898695990745, 53.38516457293265], [-6.1430321757416975, 53.38492909930839]]}, "properties": {"FID": 3657, "BIKE": "BIKE_LANE", "Shape_Leng": 862.563351488, "DIR": "Forward"}}, {"type": "Feature", "id": 3658, "geometry": {"type": "LineString", "coordinates": [[-6.153745560821981, 53.389628268705366], [-6.154465935380021, 53.389796690261456], [-6.1550934226253515, 53.38991053437892], [-6.156556016509062, 53.39013856471076], [-6.156842986415189, 53.39018008893004], [-6.157063609570308, 53.39021060128628], [-6.157345133869874, 53.390267732706974], [-6.15776948854896, 53.390388412461114], [-6.157885301423179, 53.390414451831674], [-6.158010654246655, 53.39044063920934], [-6.1596505995192885, 53.390762672004215], [-6.160106476078536, 53.39081677833584], [-6.160714079452836, 53.39083898230102], [-6.1612621221383534, 53.39085883923782]]}, "properties": {"FID": 3658, "BIKE": "BIKE_LANE", "Shape_Leng": 521.263365129, "DIR": "Forward"}}, {"type": "Feature", "id": 3660, "geometry": {"type": "LineString", "coordinates": [[-6.1430321757416975, 53.38492909930839], [-6.143199270581866, 53.38485960977296]]}, "properties": {"FID": 3660, "BIKE": "BIKE_FRIENDLY_PEDESTRIAN_PATH", "Shape_Leng": 13.5436005453, "DIR": "Forward"}}, {"type": "Feature", "id": 3661, "geometry": {"type": "LineString", "coordinates": [[-6.143199270581866, 53.38485960977296], [-6.14321138845021, 53.3847851573568], [-6.143172796707768, 53.38475489852094], [-6.1431083160961055, 53.384704865468414], [-6.142952599683489, 53.384719500592404]]}, "properties": {"FID": 3661, "BIKE": "BIKE_FRIENDLY_PEDESTRIAN_PATH", "Shape_Leng": 30.0783646117, "DIR": "Forward"}}, {"type": "Feature", "id": 3663, "geometry": {"type": "LineString", "coordinates": [[-6.246344540717792, 53.339666165295434], [-6.246558271100991, 53.339742614114535], [-6.247038270059456, 53.3399326144376]]}, "properties": {"FID": 3663, "BIKE": "BIKE_LANE", "Shape_Leng": 54.9165774378, "DIR": "Forward"}}, {"type": "Feature", "id": 3664, "geometry": {"type": "LineString", "coordinates": [[-6.246277837396851, 53.339518196284686], [-6.246489323568076, 53.33956568840275]]}, "properties": {"FID": 3664, "BIKE": "BIKE_LANE", "Shape_Leng": 15.0457075374, "DIR": "Forward"}}, {"type": "Feature", "id": 3665, "geometry": {"type": "LineString", "coordinates": [[-6.246344540717792, 53.339666165295434], [-6.246489323568076, 53.33956568840275]]}, "properties": {"FID": 3665, "BIKE": "BIKE_LANE", "Shape_Leng": 14.7662960509, "DIR": "Forward"}}, {"type": "Feature", "id": 3687, "geometry": {"type": "LineString", "coordinates": [[-6.245699318342996, 53.39378693774212], [-6.245772372131082, 53.39344601082991], [-6.245858056146279, 53.39313475123469], [-6.245926254115932, 53.39280913323759]]}, "properties": {"FID": 3687, "BIKE": "BIKE_LANE", "Shape_Leng": 109.880731553, "DIR": "Forward"}}, {"type": "Feature", "id": 3689, "geometry": {"type": "LineString", "coordinates": [[-6.244228868193769, 53.398244870658765], [-6.244127741474941, 53.398319305420806], [-6.244034525136739, 53.398340553637844], [-6.243889683443105, 53.39836556603149], [-6.243741458729599, 53.398362480322305], [-6.243421226683457, 53.398308911264664]]}, "properties": {"FID": 3689, "BIKE": "BIKE_LANE", "Shape_Leng": 59.3205402725, "DIR": "Forward"}}, {"type": "Feature", "id": 3690, "geometry": {"type": "LineString", "coordinates": [[-6.242445428528114, 53.398145486859846], [-6.243325995687184, 53.39829224728334], [-6.243421226683457, 53.398308911264664]]}, "properties": {"FID": 3690, "BIKE": "BIKE_LANE", "Shape_Leng": 67.4077909346, "DIR": "Forward"}}, {"type": "Feature", "id": 3692, "geometry": {"type": "MultiLineString", "coordinates": [[[-6.243846222899672, 53.39879012866122], [-6.243862449112549, 53.39906364137584], [-6.243871536053834, 53.39913706013347], [-6.2439588669225925, 53.39951487098732], [-6.243972879768039, 53.39969045580404], [-6.243980375270847, 53.399855550049516]], [[-6.244902153820147, 53.39726850398026], [-6.244726632912496, 53.397560875590166], [-6.244631236159378, 53.39771741291471], [-6.244410742984873, 53.3980638016429], [-6.244311114225238, 53.398167289137916], [-6.244228868193769, 53.398244870658765]]]}, "properties": {"FID": 3692, "BIKE": "BIKE_LANE", "Shape_Leng": 236.90959226, "DIR": "Forward"}}, {"type": "Feature", "id": 3693, "geometry": {"type": "LineString", "coordinates": [[-6.244228868193769, 53.398244870658765], [-6.244030086175535, 53.39848260672494], [-6.243930023503225, 53.39862061247929], [-6.243846222899672, 53.39879012866122]]}, "properties": {"FID": 3693, "BIKE": "BIKE_LANE", "Shape_Leng": 65.9893657645, "DIR": "Forward"}}, {"type": "Feature", "id": 3695, "geometry": {"type": "LineString", "coordinates": [[-6.226329999548582, 53.36844000087422], [-6.226373802340546, 53.36860632022089]]}, "properties": {"FID": 3695, "BIKE": "BIKE_LANE", "Shape_Leng": 18.7382726732, "DIR": "Forward"}}, {"type": "Feature", "id": 3705, "geometry": {"type": "LineString", "coordinates": [[-6.216595813410924, 53.3842003515214], [-6.21673415499458, 53.38423204877717], [-6.217354543301175, 53.38426448133036], [-6.217848882059507, 53.38429449023093], [-6.2180287163268995, 53.384303640431106], [-6.219304349012728, 53.38437547399847], [-6.21975807764726, 53.38440702444385], [-6.220833533134851, 53.384503869894715], [-6.221643316089469, 53.38459728679698], [-6.22266782088304, 53.3847493848019], [-6.22390723534049, 53.38497740122207], [-6.22425302905585, 53.38504773258435], [-6.224531012033007, 53.38510197040583], [-6.2254482278079335, 53.38529931776904], [-6.225753544575423, 53.385346416281756], [-6.225856435326577, 53.38536410812251], [-6.226103032320706, 53.38539309371225], [-6.226603073543997, 53.385459784685565], [-6.226934732284776, 53.385501884069214], [-6.227222822259169, 53.38552986764543], [-6.227493804115688, 53.38555759646294], [-6.228075637872035, 53.38560771738435], [-6.2288970349014905, 53.38563930311263], [-6.2289798852739064, 53.38564053246589], [-6.229561953797605, 53.38564162579556], [-6.2300127651216215, 53.38563538154765], [-6.230161861422215, 53.38563065362309], [-6.2306600313694025, 53.385628816745886], [-6.231171490993429, 53.38561592522995], [-6.231595568916853, 53.38558072722821], [-6.232351387626491, 53.38549872272613], [-6.2327585304330535, 53.38545895910813], [-6.233012802357141, 53.3854115445187], [-6.23339438977539, 53.38531429543298], [-6.234165719858641, 53.385140385572896], [-6.235348495581232, 53.384865886512365], [-6.235714308430471, 53.38475762191579], [-6.235921855888666, 53.3846406563003], [-6.236161857144214, 53.38452065648476], [-6.236521856046735, 53.384290656851896], [-6.236731856631304, 53.38410065647941], [-6.23690839717601, 53.38390360107721], [-6.237311973090828, 53.383295408989], [-6.237762339257363, 53.38264480759422], [-6.238511856813817, 53.381690657236966], [-6.238618023271556, 53.38153903365524], [-6.2388918584245605, 53.38130065750562], [-6.239181857188238, 53.381000657737275]]}, "properties": {"FID": 3705, "BIKE": "BIKE_LANE", "Shape_Leng": 1790.28031579, "DIR": "Forward"}}, {"type": "Feature", "id": 3712, "geometry": {"type": "LineString", "coordinates": [[-6.376820086682675, 53.34453350717584], [-6.375960040105524, 53.3443303770212], [-6.375561657663872, 53.344255706804795], [-6.375026084258476, 53.34418368329559], [-6.374895833620573, 53.344169113996564], [-6.374780493590754, 53.344192381174345], [-6.373710080697238, 53.34403350635233], [-6.373380080200882, 53.343993506201834], [-6.373086361758997, 53.34396004608408], [-6.372730822323059, 53.34391859844987], [-6.372337587400314, 53.34387207231677], [-6.372186928510101, 53.343854728369955], [-6.371282925594044, 53.343751833828314], [-6.370520077041761, 53.34368350551236], [-6.3700209365005644, 53.343638962264535], [-6.369899392527403, 53.343665218356044]]}, "properties": {"FID": 3712, "BIKE": "BIKE_LANE", "Shape_Leng": 474.570413582, "DIR": "Forward"}}, {"type": "Feature", "id": 3722, "geometry": {"type": "LineString", "coordinates": [[-6.267737824138453, 53.35674862646592], [-6.267811948650732, 53.35679157175639], [-6.267855702588679, 53.35683811987292], [-6.267932053178721, 53.35696750619289], [-6.268050389471794, 53.357102267362094], [-6.268305451651824, 53.35737068552358], [-6.268514794216926, 53.357607579092274], [-6.268557446155903, 53.3576582607442], [-6.268666308965717, 53.35777231006782], [-6.2686758696586855, 53.35779096514583], [-6.268691214217781, 53.35780833256067], [-6.268721847802987, 53.35784443816035], [-6.268914088239036, 53.35805090804292], [-6.269192142449842, 53.35837452102113], [-6.269215173805679, 53.3584002293517], [-6.269352605699203, 53.3585448671953], [-6.269602564185687, 53.35879292768009], [-6.269712564183967, 53.35893292759921], [-6.269742563761045, 53.35903292810286], [-6.269742563554639, 53.35921292795555], [-6.269732564111453, 53.359322927428785], [-6.2696625629755065, 53.359732927525535], [-6.269592562213901, 53.36018292723242], [-6.269538104594002, 53.36052403606769]]}, "properties": {"FID": 3722, "BIKE": "BIKE_LANE", "Shape_Leng": 454.913499862, "DIR": "Forward"}}, {"type": "Feature", "id": 3723, "geometry": {"type": "LineString", "coordinates": [[-6.2652762898338485, 53.356129991673114], [-6.2655034126427545, 53.356188876671766], [-6.265877126961508, 53.356261427070436], [-6.266404105065418, 53.35640469596151], [-6.267017128688655, 53.35656142702618], [-6.267218201853687, 53.356606916534886], [-6.267331636157416, 53.35663642413429], [-6.26753732622989, 53.35668763005462], [-6.267737824138453, 53.35674862646592]]}, "properties": {"FID": 3723, "BIKE": "BIKE_LANE", "Shape_Leng": 177.927088504, "DIR": "Forward"}}, {"type": "Feature", "id": 3724, "geometry": {"type": "MultiLineString", "coordinates": [[[-6.261199783868578, 53.35980976292109], [-6.260399782413569, 53.35963976221698], [-6.259949782915493, 53.359549762751946], [-6.259299781148862, 53.35941976196536], [-6.258689781592132, 53.35928976163105], [-6.258189781612222, 53.35917976161779], [-6.257949781015358, 53.35912976082433], [-6.25761978002613, 53.35905976093808], [-6.257259781376722, 53.358999760801176], [-6.256629780888429, 53.35885976046694], [-6.25601977943554, 53.3587397599801], [-6.255139778855559, 53.35855976049856], [-6.254619779482624, 53.35844975943892], [-6.2545797789205215, 53.35843976019623], [-6.2544297785580945, 53.35840975947031], [-6.253889777789823, 53.358309759379], [-6.253449778925397, 53.35820975912929], [-6.253389778716448, 53.35819975886071], [-6.252499777392317, 53.35801975873731], [-6.25243977764585, 53.358009758892955], [-6.252099777511225, 53.35793975805207], [-6.251919776666716, 53.357899757625546], [-6.251439777452255, 53.35779975800369], [-6.251169776543954, 53.35773975845577], [-6.25080977553066, 53.357659758102166]], [[-6.250759776664257, 53.357649757504916], [-6.250559775815082, 53.357589757175454], [-6.25040977716566, 53.35753975732195], [-6.250259776030259, 53.357459757617576], [-6.250119776892738, 53.35737975699517], [-6.249729775938035, 53.35708975731832], [-6.249509776497689, 53.356919757419625], [-6.249399776563281, 53.356829757220886], [-6.248939776259845, 53.35648975702543], [-6.248879776067122, 53.356449757525496], [-6.248529776963381, 53.356189756229064], [-6.248349776141886, 53.35604975663402], [-6.248289777154128, 53.35600975594583], [-6.247869776963177, 53.35569975589977], [-6.247189776832663, 53.35519975620646], [-6.246929776529688, 53.35499975551947], [-6.246879776625076, 53.35495975539767], [-6.24669371131168, 53.35482110130487]]]}, "properties": {"FID": 3724, "BIKE": "BIKE_LANE", "Shape_Leng": 1149.62453923, "DIR": "Forward"}}, {"type": "Feature", "id": 3725, "geometry": {"type": "LineString", "coordinates": [[-6.246536715855576, 53.354697139158965], [-6.246469539547441, 53.35464154821145], [-6.245763154611721, 53.35408789230409], [-6.245543154493432, 53.35391789198712], [-6.245323154582033, 53.35374789215032], [-6.245143155597269, 53.353637891713035], [-6.244963155284969, 53.35351789168732], [-6.244433155666168, 53.353097891235045], [-6.2441231562618755, 53.35286789127467], [-6.243483155964197, 53.35239789081298], [-6.243393155682585, 53.3523278911422], [-6.24317315641045, 53.3521778911792], [-6.243113157029454, 53.35213789138539], [-6.242923155688308, 53.35198789043355], [-6.242813156676746, 53.35190789041759], [-6.242793156180253, 53.3518978904816], [-6.242623157723026, 53.35177789029176], [-6.242343156664708, 53.35155788984196], [-6.24218315638191, 53.35144788997532], [-6.242033156889605, 53.35133789073044], [-6.241983158245417, 53.3512978902916], [-6.241593158472593, 53.35101789019347], [-6.241343157749186, 53.35083788980469], [-6.240794217315783, 53.35045733441415], [-6.240634669406811, 53.35043702627986]]}, "properties": {"FID": 3725, "BIKE": "BIKE_LANE", "Shape_Leng": 618.52937731, "DIR": "Forward"}}, {"type": "Feature", "id": 3726, "geometry": {"type": "LineString", "coordinates": [[-6.24669371131168, 53.35482110130487], [-6.246536715855576, 53.354697139158965]]}, "properties": {"FID": 3726, "BIKE": "BIKE_LANE", "Shape_Leng": 17.3090615232, "DIR": "Forward"}}, {"type": "Feature", "id": 3727, "geometry": {"type": "LineString", "coordinates": [[-6.246608817167168, 53.354621897642396], [-6.246804518838563, 53.35472797311358], [-6.246814700263549, 53.35474070068817]]}, "properties": {"FID": 3727, "BIKE": "BIKE_LANE", "Shape_Leng": 19.1534662774, "DIR": "Forward"}}, {"type": "Feature", "id": 3741, "geometry": {"type": "LineString", "coordinates": [[-6.268382951269989, 53.370288784286934], [-6.268652952018157, 53.37006878548331], [-6.268892951425499, 53.369818785534676], [-6.269022951903906, 53.36965878528933], [-6.269162952594943, 53.369448785500175], [-6.269292951077756, 53.36924878532759], [-6.269512951398952, 53.368908785084834], [-6.2696329520407295, 53.36875878581326], [-6.269792952261094, 53.36852878560964], [-6.270042953410448, 53.36815878575535], [-6.270342953185542, 53.36766878589543], [-6.270582952463135, 53.36724878582261]]}, "properties": {"FID": 3741, "BIKE": "BIKE_LANE", "Shape_Leng": 369.981656496, "DIR": "Forward"}}, {"type": "Feature", "id": 3742, "geometry": {"type": "LineString", "coordinates": [[-6.268792711109663, 53.37012610489219], [-6.268611018251624, 53.370450576339735], [-6.268654696463155, 53.3705918337525]]}, "properties": {"FID": 3742, "BIKE": "BIKE_LANE", "Shape_Leng": 54.0693932045, "DIR": "Forward"}}, {"type": "Feature", "id": 3743, "geometry": {"type": "LineString", "coordinates": [[-6.268792711109663, 53.37012610489219], [-6.268487118391123, 53.37036193690678]]}, "properties": {"FID": 3743, "BIKE": "BIKE_LANE", "Shape_Leng": 33.2052059616, "DIR": "Forward"}}, {"type": "Feature", "id": 3746, "geometry": {"type": "LineString", "coordinates": [[-6.210419166901323, 53.37994120181643], [-6.210440136005107, 53.379964617543926], [-6.210621134412443, 53.38005451177009], [-6.210746157860089, 53.38013041423262], [-6.2108658059640796, 53.3802366904826], [-6.211071821700269, 53.38036454471686], [-6.211407723375099, 53.38062366102256], [-6.211627723482959, 53.38083366146513], [-6.2118077235891365, 53.38105366099149], [-6.211870766890673, 53.381217321303076], [-6.21235141393963, 53.38190972986808], [-6.212649602995684, 53.382339882613884], [-6.212751707893333, 53.38248115368461], [-6.2128156146487274, 53.382573119948816], [-6.212864680929175, 53.38264431260387], [-6.212977925167584, 53.3828010165969], [-6.213033369181488, 53.3828840485569], [-6.2131156786615325, 53.38298216121685], [-6.213262539393445, 53.383133497151086], [-6.213452460930932, 53.383288412078734], [-6.213525550041044, 53.38334880885727], [-6.213768371509555, 53.38350686454402], [-6.2139150183574285, 53.38359302172614], [-6.214206719948951, 53.383733019171764], [-6.214378003458033, 53.38379370981103], [-6.214637886771138, 53.38389623952302], [-6.214753891386862, 53.38394024946053], [-6.21515706757541, 53.38404492123085], [-6.2153422657111985, 53.384078222305284], [-6.215579751037865, 53.38412933282111], [-6.215777268552952, 53.38414990056216], [-6.215990684193849, 53.3841660075133], [-6.2162090083153805, 53.384182188338634], [-6.216329187062668, 53.384149929271935], [-6.216482710663206, 53.38416572811241], [-6.216595813410924, 53.3842003515214]]}, "properties": {"FID": 3746, "BIKE": "BIKE_LANE", "Shape_Leng": 671.198499831, "DIR": "Forward"}}, {"type": "Feature", "id": 3789, "geometry": {"type": "LineString", "coordinates": [[-6.205804560147898, 53.382780907101065], [-6.206022481396886, 53.38272536534631], [-6.206754143191642, 53.38239847127277], [-6.207026309897749, 53.38224738177725], [-6.207407790724231, 53.381985304076444], [-6.207972002879855, 53.3815852407801]]}, "properties": {"FID": 3789, "BIKE": "BIKE_LANE", "Shape_Leng": 198.161807023, "DIR": "Forward"}}, {"type": "Feature", "id": 3790, "geometry": {"type": "LineString", "coordinates": [[-6.2090824068730655, 53.38085704482302], [-6.208618936848706, 53.381245787632785], [-6.208128936728947, 53.38162578758375], [-6.207598937345893, 53.382035787681474], [-6.207208937516834, 53.38230578780034], [-6.206948937840882, 53.38245578777592], [-6.206718937061059, 53.38257578791415], [-6.206536558121997, 53.38268708813972], [-6.206024079748797, 53.382896435463415]]}, "properties": {"FID": 3790, "BIKE": "BIKE_LANE", "Shape_Leng": 306.904175797, "DIR": "Forward"}}, {"type": "Feature", "id": 3791, "geometry": {"type": "LineString", "coordinates": [[-6.210419166901323, 53.37994120181643], [-6.210258876557218, 53.380026292375675]]}, "properties": {"FID": 3791, "BIKE": "BIKE_LANE", "Shape_Leng": 14.2638681353, "DIR": "Forward"}}, {"type": "Feature", "id": 3834, "geometry": {"type": "LineString", "coordinates": [[-6.225812747828641, 53.341280298185524], [-6.226180084525524, 53.341647047038336], [-6.226356998636715, 53.34178902267213], [-6.226555878134098, 53.341880345468375], [-6.22673198473313, 53.34190955736823], [-6.226918512773744, 53.34190402643684], [-6.227217729490579, 53.34185747058982], [-6.227498019264598, 53.34181120444327], [-6.2275270372551255, 53.3418090487722], [-6.227867508649867, 53.34176867687802]]}, "properties": {"FID": 3834, "BIKE": "BIKE_LANE", "Shape_Leng": 173.628480129, "DIR": "Forward"}}, {"type": "Feature", "id": 3835, "geometry": {"type": "LineString", "coordinates": [[-6.274087309355319, 53.368364309346916], [-6.2738016390984495, 53.368259941725654], [-6.273711640286541, 53.368229941882], [-6.273331640726314, 53.36807994143074], [-6.273151640447159, 53.36794994185253]]}, "properties": {"FID": 3835, "BIKE": "BIKE_LANE", "Shape_Leng": 78.2314648308, "DIR": "Forward"}}, {"type": "Feature", "id": 3841, "geometry": {"type": "LineString", "coordinates": [[-6.3210687690033325, 53.32479967998771], [-6.321741662128009, 53.32473218965714]]}, "properties": {"FID": 3841, "BIKE": "BIKE_LANE", "Shape_Leng": 45.4600453885, "DIR": "Forward"}}, {"type": "Feature", "id": 3843, "geometry": {"type": "LineString", "coordinates": [[-6.285841772464514, 53.33995100105717], [-6.285051773172315, 53.34027100249694], [-6.284871773634438, 53.34033100257473], [-6.284661275175743, 53.34040402713302], [-6.284191773297049, 53.340491003515346], [-6.283374084978286, 53.340633468334936], [-6.283171773855703, 53.34065100326809], [-6.283021773784466, 53.34068100399574], [-6.282881773993304, 53.34071100376081], [-6.282721773437179, 53.340771003539345], [-6.282571774377844, 53.340831004171356], [-6.28249177429456, 53.34087100358547], [-6.282385388882365, 53.340907864634666], [-6.282266639869719, 53.34097175183658], [-6.282181227892033, 53.341024312179094], [-6.282122844141852, 53.34105889358447], [-6.282061318589981, 53.34111704503296], [-6.281956587264253, 53.341213932225855], [-6.281914387459996, 53.34133664652883], [-6.281861775015186, 53.34149100443695]]}, "properties": {"FID": 3843, "BIKE": "BIKE_LANE", "Shape_Leng": 332.949708996, "DIR": "Forward"}}, {"type": "Feature", "id": 3862, "geometry": {"type": "LineString", "coordinates": [[-6.298697701032477, 53.33636708953388], [-6.298622726209944, 53.33632350670385], [-6.298451839407473, 53.33623887621517], [-6.298259595457453, 53.33616793885822], [-6.296336682655341, 53.33571350519143]]}, "properties": {"FID": 3862, "BIKE": "BIKE_LANE", "Shape_Leng": 174.49477996, "DIR": "Forward"}}, {"type": "Feature", "id": 3867, "geometry": {"type": "LineString", "coordinates": [[-6.244487999657554, 53.35628660069361], [-6.2446335001053805, 53.3563602013368]]}, "properties": {"FID": 3867, "BIKE": "BIKE_FRIENDLY_PEDESTRIAN_PATH", "Shape_Leng": 12.6865046666, "DIR": "Forward"}}, {"type": "Feature", "id": 3868, "geometry": {"type": "LineString", "coordinates": [[-6.241057024722948, 53.34765790266781], [-6.239103620657836, 53.347528624399025], [-6.237120999693981, 53.34740200124801]]}, "properties": {"FID": 3868, "BIKE": "BIKE_LANE", "Shape_Leng": 263.667170395, "DIR": "Forward"}}, {"type": "Feature", "id": 3869, "geometry": {"type": "LineString", "coordinates": [[-6.238549413891838, 53.34356234852428], [-6.238457005511187, 53.34393198522248]]}, "properties": {"FID": 3869, "BIKE": "BIKE_FRIENDLY_PEDESTRIAN_PATH", "Shape_Leng": 41.5952645676, "DIR": "Bi-Directional"}}, {"type": "Feature", "id": 3870, "geometry": {"type": "LineString", "coordinates": [[-6.238457005511187, 53.34393198522248], [-6.238381449624372, 53.34423420520873]]}, "properties": {"FID": 3870, "BIKE": "BIKE_FRIENDLY_PEDESTRIAN_PATH", "Shape_Leng": 34.0088650721, "DIR": "Bi-Directional"}}, {"type": "Feature", "id": 3871, "geometry": {"type": "LineString", "coordinates": [[-6.231759732920906, 53.32930203674772], [-6.231892172415899, 53.32935589761273]]}, "properties": {"FID": 3871, "BIKE": "BIKE_LANE", "Shape_Leng": 10.6672026492, "DIR": "Forward"}}, {"type": "Feature", "id": 3900, "geometry": {"type": "LineString", "coordinates": [[-6.306629368539051, 53.33675560481044], [-6.306680662941212, 53.336806898840614], [-6.3067606638190625, 53.3368768990876], [-6.306989342253806, 53.33709588953625], [-6.307200663373638, 53.33727689864897], [-6.307460664209715, 53.33749689794342], [-6.3076506642622086, 53.3376668989526], [-6.3079006649972476, 53.33790689853235], [-6.308050664741163, 53.338046898318794], [-6.30817331637658, 53.3381667192723], [-6.308194593569316, 53.33824810050362], [-6.308185665604531, 53.33836441781717], [-6.308124569092138, 53.33851132319653], [-6.308030664815024, 53.33877689820174], [-6.307940665662523, 53.338986898716115], [-6.3077676345990925, 53.33964763837705]]}, "properties": {"FID": 3900, "BIKE": "BIKE_LANE", "Shape_Leng": 355.525539297, "DIR": "Forward"}}, {"type": "Feature", "id": 3901, "geometry": {"type": "LineString", "coordinates": [[-6.328170736361517, 53.33425436226802], [-6.3282922131951, 53.334235069419634], [-6.328331161017132, 53.3342097952465], [-6.3284985052314395, 53.3342544854161], [-6.328526188844861, 53.33419728692593]]}, "properties": {"FID": 3901, "BIKE": "BIKE_FRIENDLY_PEDESTRIAN_PATH", "Shape_Leng": 31.0331610003, "DIR": "Forward"}}, {"type": "Feature", "id": 3906, "geometry": {"type": "LineString", "coordinates": [[-6.2908633055897605, 53.34744272668551], [-6.290907999336274, 53.34748900114516]]}, "properties": {"FID": 3906, "BIKE": "BIKE_LANE", "Shape_Leng": 5.94815276124, "DIR": "Forward"}}, {"type": "Feature", "id": 3907, "geometry": {"type": "LineString", "coordinates": [[-6.2908633055897605, 53.34744272668551], [-6.29081166011439, 53.34745090302432], [-6.290727745328521, 53.347479419045975], [-6.290652261818918, 53.347504093859705], [-6.290607273042185, 53.34751137409452], [-6.29058202025098, 53.34751630716687]]}, "properties": {"FID": 3907, "BIKE": "BIKE_LANE", "Shape_Leng": 20.5850645452, "DIR": "Forward"}}, {"type": "Feature", "id": 3908, "geometry": {"type": "LineString", "coordinates": [[-6.282768446472578, 53.34638898098037], [-6.28269176991763, 53.34655103713411], [-6.28262264163641, 53.346695349758356], [-6.282576503517538, 53.34681356022263], [-6.282529999501095, 53.34688000033455]]}, "properties": {"FID": 3908, "BIKE": "BIKE_LANE", "Shape_Leng": 56.9780666942, "DIR": "Forward"}}, {"type": "Feature", "id": 3909, "geometry": {"type": "LineString", "coordinates": [[-6.259442722928758, 53.34755460705942], [-6.259316564129442, 53.34758658970859]]}, "properties": {"FID": 3909, "BIKE": "BIKE_LANE", "Shape_Leng": 9.12452274771, "DIR": "Forward"}}, {"type": "Feature", "id": 3915, "geometry": {"type": "LineString", "coordinates": [[-6.270154871792097, 53.343242290290796], [-6.270278077308518, 53.34314910020664], [-6.27034842663292, 53.343102806740994], [-6.270513733653515, 53.34306905662306], [-6.271673892954579, 53.34282574242948]]}, "properties": {"FID": 3915, "BIKE": "BIKE_LANE", "Shape_Leng": 113.699119038, "DIR": "Forward"}}, {"type": "Feature", "id": 3923, "geometry": {"type": "LineString", "coordinates": [[-6.161554243775142, 53.39837425105202], [-6.161789849688776, 53.39838778617981]]}, "properties": {"FID": 3923, "BIKE": "BIKE_FRIENDLY_PEDESTRIAN_PATH", "Shape_Leng": 15.744228028, "DIR": "Forward"}}, {"type": "Feature", "id": 3924, "geometry": {"type": "LineString", "coordinates": [[-6.16154815892203, 53.39927326670305], [-6.161821169458692, 53.39928496446867]]}, "properties": {"FID": 3924, "BIKE": "BIKE_FRIENDLY_PEDESTRIAN_PATH", "Shape_Leng": 18.2062983483, "DIR": "Bi-Directional"}}, {"type": "Feature", "id": 3925, "geometry": {"type": "LineString", "coordinates": [[-6.16248231560207, 53.3989233509664], [-6.162365071344274, 53.399115016717715]]}, "properties": {"FID": 3925, "BIKE": "BIKE_FRIENDLY_PEDESTRIAN_PATH", "Shape_Leng": 22.7121814131, "DIR": "Forward"}}, {"type": "Feature", "id": 4227, "geometry": {"type": "LineString", "coordinates": [[-6.162065459575772, 53.40818556578111], [-6.161866551121025, 53.408181006851834]]}, "properties": {"FID": 4227, "BIKE": "BIKE_LANE", "Shape_Leng": 13.2376471397, "DIR": "Forward"}}, {"type": "Feature", "id": 4228, "geometry": {"type": "LineString", "coordinates": [[-6.161906931105038, 53.4081157821479], [-6.162094446813181, 53.40812315868163]]}, "properties": {"FID": 4228, "BIKE": "BIKE_LANE", "Shape_Leng": 12.4972861671, "DIR": "Forward"}}, {"type": "Feature", "id": 4229, "geometry": {"type": "LineString", "coordinates": [[-6.162094446813181, 53.40812315868163], [-6.162065459575772, 53.40818556578111]]}, "properties": {"FID": 4229, "BIKE": "BIKE_LANE", "Shape_Leng": 7.20811026992, "DIR": "Forward"}}, {"type": "Feature", "id": 4230, "geometry": {"type": "LineString", "coordinates": [[-6.161866551121025, 53.408181006851834], [-6.161906931105038, 53.4081157821479]]}, "properties": {"FID": 4230, "BIKE": "BIKE_LANE", "Shape_Leng": 7.73991712177, "DIR": "Forward"}}, {"type": "Feature", "id": 4231, "geometry": {"type": "LineString", "coordinates": [[-6.161282133299956, 53.408085209370725], [-6.161906931105038, 53.4081157821479]]}, "properties": {"FID": 4231, "BIKE": "BIKE_LANE", "Shape_Leng": 41.6898175355, "DIR": "Forward"}}, {"type": "Feature", "id": 4232, "geometry": {"type": "LineString", "coordinates": [[-6.161866551121025, 53.408181006851834], [-6.161272715960252, 53.40815839340651]]}, "properties": {"FID": 4232, "BIKE": "BIKE_LANE", "Shape_Leng": 39.5716827687, "DIR": "Forward"}}, {"type": "Feature", "id": 4233, "geometry": {"type": "LineString", "coordinates": [[-6.161707378515726, 53.40841650156638], [-6.161866551121025, 53.408181006851834]]}, "properties": {"FID": 4233, "BIKE": "BIKE_LANE", "Shape_Leng": 28.2661108587, "DIR": "Forward"}}, {"type": "Feature", "id": 4234, "geometry": {"type": "LineString", "coordinates": [[-6.162065459575772, 53.40818556578111], [-6.16196063337969, 53.408322379590906]]}, "properties": {"FID": 4234, "BIKE": "BIKE_LANE", "Shape_Leng": 16.7465478264, "DIR": "Forward"}}, {"type": "Feature", "id": 4235, "geometry": {"type": "LineString", "coordinates": [[-6.162415280055167, 53.407681387318654], [-6.162333276730489, 53.40778263692362], [-6.162141625618107, 53.40807449949888], [-6.162094446813181, 53.40812315868163]]}, "properties": {"FID": 4235, "BIKE": "BIKE_LANE", "Shape_Leng": 53.6711290009, "DIR": "Forward"}}, {"type": "Feature", "id": 4236, "geometry": {"type": "LineString", "coordinates": [[-6.162094446813181, 53.40812315868163], [-6.162419392622123, 53.4081378877606]]}, "properties": {"FID": 4236, "BIKE": "BIKE_LANE", "Shape_Leng": 21.6718371135, "DIR": "Forward"}}, {"type": "Feature", "id": 4237, "geometry": {"type": "LineString", "coordinates": [[-6.162407730768916, 53.4082050512044], [-6.162065459575772, 53.40818556578111]]}, "properties": {"FID": 4237, "BIKE": "BIKE_LANE", "Shape_Leng": 22.864973189, "DIR": "Forward"}}, {"type": "Feature", "id": 4238, "geometry": {"type": "LineString", "coordinates": [[-6.161906931105038, 53.4081157821479], [-6.162016547469334, 53.407925915764224], [-6.162107870919415, 53.407753726025554], [-6.162148979742962, 53.407729666588466]]}, "properties": {"FID": 4238, "BIKE": "BIKE_LANE", "Shape_Leng": 46.2829484908, "DIR": "Forward"}}, {"type": "Feature", "id": 4248, "geometry": {"type": "LineString", "coordinates": [[-6.16196063337969, 53.408322379590906], [-6.161542255483679, 53.40887473550397], [-6.161364812005184, 53.40910521972976], [-6.16133862965373, 53.409191972959775], [-6.16119203473443, 53.40948758122409], [-6.161131151112863, 53.4096355764973], [-6.161091426005591, 53.40975755962099], [-6.161049908397012, 53.40990250055996], [-6.161034776546215, 53.409974579078806], [-6.161024863546934, 53.41003716019378], [-6.1610041082828335, 53.41018385813473], [-6.160979925872294, 53.410224190343406], [-6.160954815265358, 53.410273308563276]]}, "properties": {"FID": 4248, "BIKE": "SEPARATE_TRAIL", "Shape_Leng": 228.94468438, "DIR": "Forward"}}, {"type": "Feature", "id": 4249, "geometry": {"type": "LineString", "coordinates": [[-6.160679566523499, 53.41049953116521], [-6.160670246314746, 53.41042530979835], [-6.160686141557255, 53.41037617010291], [-6.16076124901503, 53.410028639358906], [-6.160794968765175, 53.40991467564733], [-6.16083183044347, 53.40981497691244], [-6.16088686984143, 53.40964222912451], [-6.161019726894656, 53.4093202810054], [-6.161041306499672, 53.409265930295525], [-6.161082764712258, 53.409196652631465], [-6.161202717241946, 53.40901700215489], [-6.161273933475154, 53.40894530924607], [-6.1613557879377625, 53.40886851127162], [-6.161445927219485, 53.4087482634956], [-6.161707378515726, 53.40841650156638]]}, "properties": {"FID": 4249, "BIKE": "SEPARATE_TRAIL", "Shape_Leng": 244.392234586, "DIR": "Forward"}}, {"type": "Feature", "id": 4250, "geometry": {"type": "LineString", "coordinates": [[-6.162419392622123, 53.4081378877606], [-6.1631720134996835, 53.40815353884307], [-6.163280310819352, 53.40813766733771]]}, "properties": {"FID": 4250, "BIKE": "BIKE_LANE", "Shape_Leng": 57.4970540905, "DIR": "Forward"}}, {"type": "Feature", "id": 4251, "geometry": {"type": "LineString", "coordinates": [[-6.163280310819352, 53.40813766733771], [-6.16337286504119, 53.408123892260846], [-6.163657036627447, 53.408138418516124]]}, "properties": {"FID": 4251, "BIKE": "BIKE_FRIENDLY_PEDESTRIAN_PATH", "Shape_Leng": 25.3103314473, "DIR": "Forward"}}, {"type": "Feature", "id": 4295, "geometry": {"type": "LineString", "coordinates": [[-6.2325654501152385, 53.31967378175269], [-6.232294000513439, 53.31984630057245], [-6.232249289214814, 53.31986922203284], [-6.232147700632117, 53.31992130125299], [-6.2320639005653815, 53.31998650076218], [-6.232042000725843, 53.32001440086495], [-6.232029900396051, 53.320052601074515], [-6.232025300489144, 53.320098800493746], [-6.2320299000055845, 53.32014360108955], [-6.232045599905513, 53.32020340122595], [-6.232052599861751, 53.32025800126977], [-6.232052599604137, 53.32029900088885], [-6.232047000239933, 53.320413200913656], [-6.23203699976191, 53.320518901185075], [-6.232043199917861, 53.32061220059977], [-6.232045600005273, 53.320681700488784], [-6.2320642992886555, 53.320754100674215], [-6.232091600129507, 53.32082410086939], [-6.23210250007755, 53.320879101159456], [-6.232132599916871, 53.3211298009055], [-6.232136299325364, 53.32120030065526], [-6.232143699812412, 53.32136370053663], [-6.232165599458828, 53.32144410087735], [-6.232256000626626, 53.32151400079286], [-6.232625499942279, 53.321895800939295], [-6.232696699977269, 53.321968500739146], [-6.232784662661377, 53.322042712588924], [-6.232985199488793, 53.3222119011714], [-6.233269399685075, 53.32246290052], [-6.233548600609877, 53.32274920081504], [-6.233736299306818, 53.32292490133507], [-6.233901699418066, 53.323099801302476], [-6.233926900723833, 53.32317280075109], [-6.233976300555657, 53.323225500934804], [-6.234019100644709, 53.32331460079636], [-6.234077399691629, 53.3233540007526], [-6.234222825776468, 53.32340873184989], [-6.234375664840287, 53.323393122233966]]}, "properties": {"FID": 4295, "BIKE": "NON_TRAFFIC_TRAIL", "Shape_Leng": 482.435435826, "DIR": "Bi-Directional"}}, {"type": "Feature", "id": 4316, "geometry": {"type": "LineString", "coordinates": [[-6.21330150006821, 53.360750201341], [-6.212767768547175, 53.36060348696435], [-6.212427260084874, 53.360521517866346], [-6.2121205997147, 53.36045570063805], [-6.211740399690664, 53.36039890121052], [-6.2116059995904, 53.36037880097673], [-6.211515047461149, 53.36037071913998], [-6.2113583994857935, 53.36035680068441], [-6.211142993006921, 53.36034120211404], [-6.2110325006252305, 53.36033320087742], [-6.210996499430161, 53.360326201335546], [-6.210925600032385, 53.36032120062804], [-6.210893799932781, 53.36032510107171], [-6.210538400346741, 53.360304001210814], [-6.210157799597972, 53.36028050084264], [-6.209059400096376, 53.36020640055829], [-6.208494076708049, 53.36016953417338], [-6.208138000690932, 53.36014710111987], [-6.207657699393867, 53.36012780123135], [-6.207180700422342, 53.36012630065599], [-6.206153599976934, 53.36017720063546], [-6.2060772356320495, 53.3601799876226]]}, "properties": {"FID": 4316, "BIKE": "SEPARATE_TRAIL", "Shape_Leng": 490.556827478, "DIR": "Bi-Directional"}}, {"type": "Feature", "id": 4317, "geometry": {"type": "LineString", "coordinates": [[-6.220337822283603, 53.3626329941348], [-6.219895600223386, 53.362581501326986], [-6.21981244773775, 53.36256798034804], [-6.219726000500581, 53.36256000078401], [-6.219361542001424, 53.36249378945972], [-6.219214399169317, 53.362467057827175], [-6.219104000065752, 53.36244700071633], [-6.21901847194477, 53.362418831691365], [-6.218684800717187, 53.36232830104799], [-6.218278499889951, 53.36221220130571], [-6.2181095264033805, 53.36216217401525], [-6.21789699924679, 53.362114001034435], [-6.217842560557847, 53.36209533663863], [-6.217752200308225, 53.36207800074894], [-6.217164190614893, 53.36185197059389], [-6.217018631349877, 53.361815862772175], [-6.216976601065437, 53.36181059416731], [-6.216959900442565, 53.36180850115033], [-6.21678549965312, 53.3618014009733], [-6.216590800660049, 53.3618042005268], [-6.2164368006036, 53.361810901348946], [-6.216321320801706, 53.361808121825156], [-6.216245699745839, 53.361806301143076], [-6.216214999733453, 53.36180270086245], [-6.216132500176877, 53.3617789010157], [-6.215679499717388, 53.361588200770335], [-6.215520089738342, 53.361520402976936], [-6.215198200618519, 53.361383500693066], [-6.214769400441756, 53.361219400715186], [-6.214546399742071, 53.36113440051652], [-6.214537835893434, 53.361131619972], [-6.214375475966053, 53.3610788999548], [-6.214260299619904, 53.361041500578956], [-6.213728599988954, 53.36086760122245], [-6.21330150006821, 53.360750201341]]}, "properties": {"FID": 4317, "BIKE": "SEPARATE_TRAIL", "Shape_Leng": 521.681356445, "DIR": "Bi-Directional"}}, {"type": "Feature", "id": 4318, "geometry": {"type": "LineString", "coordinates": [[-6.221765149584852, 53.36307124264049], [-6.2217741002402684, 53.36301060088629], [-6.221748400242726, 53.36299100125238], [-6.221727400289037, 53.36297180062024], [-6.2216779001188485, 53.362909501344305], [-6.221707999356973, 53.36290010069148], [-6.221771700336693, 53.362876500655666], [-6.221839600092111, 53.36283820102507], [-6.2218861995730395, 53.362801801338826], [-6.221902100320753, 53.362780900854744], [-6.221957399554191, 53.36268280132782], [-6.222083799365461, 53.362456301305734], [-6.22216128943623, 53.362343220109224], [-6.222221399262114, 53.36225550063616], [-6.222334699278941, 53.36212650092863], [-6.222367499477092, 53.36210360060853], [-6.222403700727239, 53.36207570050561], [-6.2225221005430855, 53.36195750124824], [-6.222648800598806, 53.3618565011832], [-6.2229087993777075, 53.361686601217144], [-6.223076999409176, 53.361594700851306], [-6.223365700553999, 53.361468900707216], [-6.223628099708469, 53.36137600131374], [-6.2237921004820995, 53.36132430073054], [-6.22404630067964, 53.36126910049204], [-6.2241907000841215, 53.361239400927545], [-6.224400799961568, 53.36120010069363], [-6.2246232000273425, 53.36117180122716], [-6.2247973995504795, 53.361156600859864], [-6.2249484003951, 53.36114840115699], [-6.225199100252235, 53.3611403008983], [-6.225547899912511, 53.361135601286975], [-6.226206100178274, 53.361134401050506], [-6.226776199425106, 53.361134401097665], [-6.227211099346004, 53.36111570071975], [-6.22756569927011, 53.361087700536956], [-6.227685900079715, 53.36107390046007], [-6.227759100431499, 53.361065601340464], [-6.227817099478066, 53.36105890100689], [-6.2279947003103615, 53.36103860078592], [-6.228406200090805, 53.36098060116617], [-6.2285954000736545, 53.36094700084097], [-6.228793999879786, 53.36090640046499], [-6.229172100194961, 53.36081530068197], [-6.229493400297999, 53.36073110112858], [-6.229859700194157, 53.36062350073967], [-6.230155600217555, 53.36051600107457], [-6.230486600290184, 53.36037920125693], [-6.230633599808592, 53.36030970067377], [-6.2306910005669645, 53.360272800730094], [-6.230741300485256, 53.360248700639744], [-6.230820400143083, 53.36020770110095], [-6.230881600371855, 53.3601848006944], [-6.231134600279704, 53.36005470097721], [-6.231210699547307, 53.36001310123909], [-6.231633899445181, 53.35974830050926], [-6.23164249499933, 53.35974173622595], [-6.231644826046035, 53.359732757469274], [-6.231704600032632, 53.35966550063444]]}, "properties": {"FID": 4318, "BIKE": "SEPARATE_TRAIL", "Shape_Leng": 833.833096537, "DIR": "Bi-Directional"}}, {"type": "Feature", "id": 4321, "geometry": {"type": "LineString", "coordinates": [[-6.222657899989025, 53.36319550074013], [-6.223461500012605, 53.3633632011377], [-6.223510499685093, 53.363370900922426], [-6.223656699997898, 53.3633812008369], [-6.22408299987594, 53.36346310119747], [-6.2241331006884915, 53.363481000675655], [-6.224179800111554, 53.36350120081185], [-6.2244099267507105, 53.36354274574806]]}, "properties": {"FID": 4321, "BIKE": "SEPARATE_TRAIL", "Shape_Leng": 123.363093131, "DIR": "Forward"}}, {"type": "Feature", "id": 4322, "geometry": {"type": "LineString", "coordinates": [[-6.221765149584852, 53.36307124264049], [-6.221855056156848, 53.36306210850468], [-6.221958410092012, 53.36307507698174], [-6.2220309417307815, 53.363082586923824], [-6.222315509937218, 53.36312898725351], [-6.222492868209814, 53.36316344191847], [-6.222657899989025, 53.36319550074013]]}, "properties": {"FID": 4322, "BIKE": "SEPARATE_TRAIL", "Shape_Leng": 61.6025830631, "DIR": "Bi-Directional"}}, {"type": "Feature", "id": 4326, "geometry": {"type": "LineString", "coordinates": [[-6.1496767724903725, 53.38218206107658], [-6.149691199972425, 53.3821738007675], [-6.149741499625969, 53.38214240093277], [-6.149798599596944, 53.38210640116423], [-6.150038400396539, 53.381971600916295], [-6.150360199733211, 53.38178920115126], [-6.151114400435836, 53.381401700483934], [-6.151462999442523, 53.38124370071406], [-6.152290800034445, 53.38088650121726], [-6.1536116997592165, 53.38031040094753], [-6.155323800671421, 53.379576200520354], [-6.155338999356542, 53.379569700565675], [-6.157227300280837, 53.37875470131182], [-6.157579800138674, 53.378584901270855], [-6.1578518997453395, 53.37845110098877], [-6.158490299553417, 53.37811960064367], [-6.158993999727644, 53.377827301110706], [-6.159326800720415, 53.37762500082336], [-6.1598947005473885, 53.37726790116299], [-6.160488199267299, 53.37689880046984], [-6.16051569975682, 53.37687830068603], [-6.160571599321407, 53.37683720079922], [-6.1606703005200965, 53.37676800097025], [-6.1609205993566984, 53.37659460088482], [-6.16119269960479, 53.37639860097379], [-6.161838499414728, 53.37593870063727], [-6.162369999461308, 53.37555500068683], [-6.162968899708111, 53.375117800848585], [-6.163544400017186, 53.37468400134078], [-6.1638426006831475, 53.37444420120042], [-6.16389650033949, 53.37437890061285], [-6.163922500354972, 53.374330001189804], [-6.163929299272042, 53.37428610130688], [-6.163939200683009, 53.37422200051265], [-6.163952900434235, 53.374108700957464], [-6.163967200587291, 53.374069800671485], [-6.164005800587469, 53.37401830064294], [-6.16406549965224, 53.37396470107184], [-6.164101800073858, 53.373933601234036]]}, "properties": {"FID": 4326, "BIKE": "SEPARATE_TRAIL", "Shape_Leng": 1344.99305777, "DIR": "Bi-Directional"}}, {"type": "Feature", "id": 4327, "geometry": {"type": "LineString", "coordinates": [[-6.124541353229498, 53.38833500916182], [-6.125125300540889, 53.38827010127611], [-6.125411699759566, 53.38824600092796], [-6.125692800586625, 53.388229900722415], [-6.1259564007181675, 53.388200001357234], [-6.1266838004526285, 53.388117600869805], [-6.1273468004139025, 53.388046000628094], [-6.127900699974294, 53.38797450115875], [-6.12868630048124, 53.38785390071412], [-6.129304000383539, 53.38777770097801], [-6.1300066997751195, 53.387670001145956], [-6.131309099477199, 53.38745110073311], [-6.13164020013841, 53.38738470088756], [-6.131650300732174, 53.3873826011526], [-6.131912899717197, 53.387328100965966], [-6.13228300047547, 53.38721770111383], [-6.132829800281226, 53.387081600537144], [-6.133075599361175, 53.387025000497694], [-6.133428000161783, 53.386960300503006], [-6.134331800403373, 53.38674760064419], [-6.135435199465496, 53.38651250098572], [-6.136890300050959, 53.3862052009097], [-6.137705899682133, 53.386049600580186], [-6.138325099560388, 53.385921501332255], [-6.139355700019823, 53.385700700704234], [-6.139408299788896, 53.3856885012316], [-6.140361899278526, 53.385468601136715], [-6.1410590998778565, 53.385277501072245], [-6.141897100006825, 53.38503770127547], [-6.1427129001889815, 53.384794700923685], [-6.142952599683489, 53.384719500592404]]}, "properties": {"FID": 4327, "BIKE": "SEPARATE_TRAIL", "Shape_Leng": 1294.74818267, "DIR": "Bi-Directional"}}, {"type": "Feature", "id": 4330, "geometry": {"type": "MultiLineString", "coordinates": [[[-6.198684799652696, 53.359406401305286], [-6.198722099793787, 53.359448900545026], [-6.198758802776946, 53.35948033978859], [-6.198761200022123, 53.359482600551], [-6.198774426828165, 53.35948732576395], [-6.198822499792761, 53.35950450070163], [-6.198826766583465, 53.35950553942723], [-6.198886600017931, 53.35952010103051], [-6.1992767472421315, 53.35956733055392], [-6.199678800292275, 53.35961600126656], [-6.199760981487391, 53.359628152814416], [-6.20030140505128, 53.35970830567564], [-6.201204899257679, 53.35984990105279], [-6.201838396412471, 53.35996050242856], [-6.201983299723385, 53.35998580085995], [-6.202268820011452, 53.360034618568264], [-6.20233390792162, 53.360037583748806], [-6.202359100436529, 53.36003690087834], [-6.202443399622946, 53.36004960109232], [-6.202473743240585, 53.36006129072151], [-6.202504400324445, 53.36007310101234], [-6.2028138001184825, 53.36012640089902], [-6.203180999307015, 53.36018790110408], [-6.20345909945969, 53.36022580132269], [-6.203634699436057, 53.3602422005111], [-6.203832900059476, 53.360251101058346], [-6.2039329991501395, 53.36025400724316], [-6.204001300146772, 53.36025600061498], [-6.204208867654152, 53.36025400044883], [-6.204323000289564, 53.36025290115288], [-6.204547304038269, 53.36024479222394], [-6.204567000531421, 53.36024400102218], [-6.204575195293505, 53.36024378367356], [-6.204577500616712, 53.36024370061563], [-6.204749699913688, 53.36023750105966], [-6.205232200027476, 53.36021700116617], [-6.205445414868416, 53.36020749957261], [-6.205668999632643, 53.360196000868505], [-6.205742405086741, 53.360194263510635], [-6.205799900696194, 53.360191700855104], [-6.20593710067088, 53.3601851009547], [-6.2060772356320495, 53.3601799876226]], [[-6.164258600540901, 53.3738052006741], [-6.164285099459512, 53.37378700089344], [-6.16438140000104, 53.37373770057293], [-6.164557900079447, 53.37368940087233], [-6.16470520070986, 53.37365520108395], [-6.164812300483328, 53.373624400650705], [-6.164957599986321, 53.37356640045664], [-6.165097599296275, 53.37347030115992], [-6.165335099941356, 53.37324180060506], [-6.165550100012039, 53.37298400089158], [-6.165682999705442, 53.37281700063961], [-6.165920300067786, 53.37242760059764], [-6.1662451992599205, 53.371894301172794], [-6.166534299995318, 53.3714413007443], [-6.16656259975411, 53.371404001221514], [-6.1666283007117055, 53.371332200694624], [-6.166713899657632, 53.371292000966655]], [[-6.178384899479616, 53.362889701283734], [-6.178342999484235, 53.362867900707776], [-6.1782915994000485, 53.362839601320616]], [[-6.204323000289564, 53.36025290115288], [-6.204001300146772, 53.36025600061498], [-6.203832900059476, 53.360251101058346], [-6.203634699436057, 53.3602422005111], [-6.20345909945969, 53.36022580132269], [-6.203180999307015, 53.36018790110408], [-6.2028138001184825, 53.36012640089902], [-6.202504400324445, 53.36007310101234], [-6.202443399622946, 53.36004960109232], [-6.202359100436529, 53.36003690087834], [-6.202292700055686, 53.360038701243106], [-6.201983299723385, 53.35998580085995], [-6.201204899257679, 53.35984990105279], [-6.2002733004448585, 53.35970390092089], [-6.199678800292275, 53.35961600126656], [-6.198886600017931, 53.35952010103051], [-6.198822499792761, 53.35950450070163], [-6.198761200022123, 53.359482600551], [-6.198722099793787, 53.359448900545026], [-6.198684799652696, 53.359406401305286], [-6.198652199713493, 53.35937130107388], [-6.198604300586621, 53.35934830075287], [-6.198541999581269, 53.35932920047008], [-6.1978614006281525, 53.3592263010022], [-6.197439099735611, 53.35913720128698], [-6.1970210004329, 53.35902930094543], [-6.1969482004108984, 53.35902250060169], [-6.196867800232639, 53.35902810051359], [-6.1968045003683, 53.35904930072399], [-6.1967457002705055, 53.35907260113212], [-6.196710800034009, 53.35907750076727], [-6.196671399524592, 53.359075400691225], [-6.1966214002706685, 53.359062600873166], [-6.196564300621246, 53.35904300111652], [-6.196448799544333, 53.35900510130939], [-6.1963972004261505, 53.35898810130335], [-6.1962438996273805, 53.358932800454745], [-6.196101700268441, 53.35888050121118], [-6.195970099612392, 53.35882980104555], [-6.195894600397285, 53.35879650072107], [-6.1958191998740935, 53.358761400607435], [-6.195663700328723, 53.358683500911276], [-6.195623999589426, 53.35866110061961], [-6.195309600412861, 53.35850510076906], [-6.195032499965918, 53.35839620063542], [-6.194537599332061, 53.35825300064362], [-6.193995999973207, 53.35814040123077], [-6.193681200566647, 53.35810090127472], [-6.19331890035774, 53.35807690046106], [-6.192921399982245, 53.358073000546966], [-6.192414599502017, 53.358103000874465], [-6.192336099842889, 53.35810600106444], [-6.1921878006588145, 53.35810910048732], [-6.1920043002135605, 53.358117400818124], [-6.191767599642289, 53.35813320065851], [-6.191698699824425, 53.35814370094679], [-6.191671900165196, 53.358147800580056], [-6.191642599887082, 53.35815280067704], [-6.191536600170925, 53.35817090078382], [-6.191499899428225, 53.35817720072793], [-6.191440899693527, 53.35818740061005], [-6.191041500493422, 53.358256501027356], [-6.1903871000793975, 53.3583728013102], [-6.190155999962391, 53.35841480079896], [-6.190131999548385, 53.358419100738686], [-6.190091599313469, 53.35842650091903], [-6.190055700509605, 53.3584345005686], [-6.189897500310139, 53.35854330094764], [-6.189532799284278, 53.358647400532156], [-6.188585700672, 53.358959600950115], [-6.18788819944013, 53.35919720046032], [-6.187728800287547, 53.35924650129967], [-6.187622799364392, 53.35927610103212], [-6.187320000310219, 53.35935560134824], [-6.187180599753096, 53.35938900134304], [-6.186588400074555, 53.359513700510334], [-6.185905199675615, 53.35964160086745], [-6.185027400658313, 53.35981170055614], [-6.18495410052499, 53.359828801086735], [-6.184541099520778, 53.3599476006562], [-6.184186099870309, 53.36007160119176], [-6.183319299306508, 53.36038280067695], [-6.183175900528377, 53.36041880105903], [-6.183142699780034, 53.36042900049013], [-6.183091199584603, 53.36044860066913], [-6.183035299452578, 53.360479901182785], [-6.182982699716047, 53.36050620055778], [-6.182854400038768, 53.36055810051199], [-6.182741100183877, 53.360609600496566], [-6.182515199698389, 53.36069940083526], [-6.182487000703783, 53.36071150087512], [-6.182403699280242, 53.36074020049101], [-6.1823617000480136, 53.36075310056418], [-6.182307799552231, 53.360777501296944], [-6.18224419975643, 53.36080470058269], [-6.182219899395505, 53.36081850119678], [-6.1822013001335465, 53.3608487013475], [-6.1821474998801405, 53.36088080103343], [-6.1820592993753, 53.36091840049782], [-6.181983899778168, 53.36094740087327], [-6.181385400628322, 53.36119080071221], [-6.180439600161489, 53.36157210046368], [-6.180341799564044, 53.36160470045144], [-6.180260199542338, 53.36163860084103], [-6.180141600196876, 53.36168770130976], [-6.180012599343779, 53.36175250090635], [-6.179906399470571, 53.36182650063817], [-6.179841099460435, 53.36186510122882], [-6.179706000708462, 53.361942400857906], [-6.179410699637479, 53.3621136007684], [-6.179267599459272, 53.3621816008705], [-6.1790663005640445, 53.36231000057684], [-6.178991400107477, 53.362357701271584], [-6.178889999904077, 53.36242890072974], [-6.1788514993246615, 53.36245560133703], [-6.178398300454426, 53.362769301210015], [-6.1782915994000485, 53.362839601320616], [-6.178218199393879, 53.36289400088454], [-6.178099399539113, 53.36297960099335], [-6.177994800283876, 53.36308580127012], [-6.177290099397256, 53.36358440081087], [-6.177220800576729, 53.36362500080465], [-6.1771702992785364, 53.36366110078873], [-6.1771508000276825, 53.36367510046083], [-6.177103299677685, 53.363712600782186], [-6.17704329969183, 53.363759900522346], [-6.176987599493162, 53.36380380096843], [-6.1769204992966165, 53.36386500119478], [-6.176425600539518, 53.364229900592086], [-6.176351399907713, 53.36428330078687], [-6.176215500431898, 53.36438640111979], [-6.176155699459711, 53.36443290081657], [-6.176092600201516, 53.36450050111977], [-6.175877499924362, 53.36467370112583], [-6.175328299674856, 53.36506930108829], [-6.175158699396935, 53.36519890077023], [-6.174663499465062, 53.365574900506715], [-6.1743327998896405, 53.36580770093955], [-6.173838500478477, 53.36618040073447], [-6.173331499443175, 53.366539001128444], [-6.17281860037582, 53.36689160114747], [-6.172700400348514, 53.366971901219536], [-6.172576600513069, 53.3670561007942], [-6.17246590043336, 53.36713140119954], [-6.172336000264861, 53.36721970100223], [-6.171112000646796, 53.368070300480746], [-6.169574300192039, 53.36912110096233], [-6.16819470070731, 53.37007170131296], [-6.167654999866767, 53.370450401312205], [-6.167453500257431, 53.37060900064542], [-6.167165300545789, 53.37085140083152], [-6.1669622004201345, 53.371057401066736], [-6.166713899657632, 53.371292000966655]], [[-6.1803274002382915, 53.36167540050132], [-6.180260199542338, 53.36163860084103]]]}, "properties": {"FID": 4330, "BIKE": "SEPARATE_TRAIL", "Shape_Leng": 4026.11737176, "DIR": "Bi-Directional"}}, {"type": "Feature", "id": 4331, "geometry": {"type": "LineString", "coordinates": [[-6.164239799991001, 53.373822000761116], [-6.164258600540901, 53.3738052006741]]}, "properties": {"FID": 4331, "BIKE": "SEPARATE_TRAIL", "Shape_Leng": 2.24981544361, "DIR": "Bi-Directional"}}, {"type": "Feature", "id": 4332, "geometry": {"type": "LineString", "coordinates": [[-6.2216779001188485, 53.362909501344305], [-6.221627500066619, 53.3629226009679], [-6.221552200256717, 53.362930801245845], [-6.221495999730648, 53.362953001148256], [-6.2214859997553775, 53.362956000653185], [-6.221358999922891, 53.36294700081538], [-6.221268999571411, 53.362908000762], [-6.221216000380348, 53.36287200057667], [-6.221199198041038, 53.3628587730257], [-6.221169000660462, 53.362835001336734], [-6.221023999857752, 53.36275500058443], [-6.220873999611975, 53.3627100004538], [-6.220337822283603, 53.3626329941348]]}, "properties": {"FID": 4332, "BIKE": "SEPARATE_TRAIL", "Shape_Leng": 101.417206986, "DIR": "Forward"}}, {"type": "Feature", "id": 4333, "geometry": {"type": "LineString", "coordinates": [[-6.231704600032632, 53.35966550063444], [-6.232058199592939, 53.35945890059593], [-6.2321325993298915, 53.35940960102865], [-6.232204099354112, 53.35935790086876], [-6.232763499293373, 53.358932800790896], [-6.23308039962045, 53.358697000962934], [-6.233372799401558, 53.35847300121394], [-6.23356600021563, 53.3583179012897], [-6.233598100359883, 53.358292201242286], [-6.233624600751255, 53.35827090067463], [-6.233657299932535, 53.35824470075087], [-6.233670299365565, 53.35823430066409], [-6.2336863995081435, 53.35822140103529], [-6.233950699737261, 53.358010901168505], [-6.23396850015438, 53.35799630094551], [-6.233990899267173, 53.35797600109591], [-6.234004500335416, 53.357963800566274], [-6.234020899731437, 53.35792720091546], [-6.234019400141325, 53.35789040107335], [-6.234006799512308, 53.35786740090061], [-6.233980900562919, 53.357837800760606], [-6.233930200673301, 53.35779750078489], [-6.233324828390563, 53.357438817208454]]}, "properties": {"FID": 4333, "BIKE": "SEPARATE_TRAIL", "Shape_Leng": 320.926045901, "DIR": "Bi-Directional"}}, {"type": "Feature", "id": 4334, "geometry": {"type": "LineString", "coordinates": [[-6.233460089595618, 53.358578864192765], [-6.233270800187727, 53.358742700804974], [-6.232937700028769, 53.35902090094134], [-6.232877299650092, 53.35906760133152], [-6.232545805805866, 53.35932414570034], [-6.232144257827803, 53.35963303363006], [-6.2319555006357525, 53.35977260092377], [-6.231704600032632, 53.35966550063444], [-6.231692299853888, 53.359655000875456], [-6.231686099239684, 53.35964970126138], [-6.231670200392091, 53.35963830058912], [-6.231651699947091, 53.359619300540686], [-6.231643900356374, 53.359597501077275], [-6.231538499642092, 53.35957470096361], [-6.231353758734299, 53.35952736283223]]}, "properties": {"FID": 4334, "BIKE": "SEPARATE_TRAIL", "Shape_Leng": 216.527213963, "DIR": "Forward"}}, {"type": "Feature", "id": 4335, "geometry": {"type": "LineString", "coordinates": [[-6.232937700028769, 53.35902090094134], [-6.23303889925459, 53.35905630099114], [-6.233186499790403, 53.35909600124725], [-6.233225300331529, 53.35910200099008], [-6.233302199446954, 53.35910620092777], [-6.233417599699351, 53.359102901279336], [-6.233508100331726, 53.35908070117206], [-6.233576100558484, 53.35904970109167], [-6.233713499446677, 53.358971900604004], [-6.233785900175802, 53.3589454011873], [-6.23392370048098, 53.358909500990144], [-6.23396309926941, 53.35889620104055], [-6.2340707001994256, 53.35885830056183], [-6.234163700412376, 53.3588124010929], [-6.2343434999844405, 53.3587368011764], [-6.234386200469568, 53.35872420068508], [-6.234461000658979, 53.358706400927296], [-6.23449109966582, 53.35869610096085], [-6.234527600009378, 53.35867800052304], [-6.234878981366537, 53.35875346003449], [-6.2350821954329865, 53.35882882309294], [-6.235394608033311, 53.359016464377554], [-6.236018108697746, 53.35939094646893], [-6.237969321330682, 53.36065445796428], [-6.238231758962527, 53.36088598326598], [-6.238250823174919, 53.36090280108363], [-6.238306141209495, 53.360931792861756], [-6.2382672199462545, 53.361036751400576], [-6.238105368386003, 53.36113874980927], [-6.23821483009722, 53.36115306620506]]}, "properties": {"FID": 4335, "BIKE": "NON_TRAFFIC_TRAIL", "Shape_Leng": 516.394238069, "DIR": "Bi-Directional"}}, {"type": "Feature", "id": 4336, "geometry": {"type": "LineString", "coordinates": [[-6.223434177341068, 53.363520527259375], [-6.222988199927034, 53.36341830057374], [-6.22270580002558, 53.363361800931294], [-6.222280499508889, 53.36328720079456], [-6.222127900534, 53.36326650074721], [-6.221813599682235, 53.36323150059546], [-6.221770500285299, 53.36322310067431], [-6.221752800476798, 53.363210200480765], [-6.221746099457843, 53.36319460056711], [-6.221751200745354, 53.36316130091078], [-6.22175419273037, 53.36314199132636], [-6.22176334914831, 53.36308290399341], [-6.221764000516916, 53.36307870095681], [-6.221765149584852, 53.36307124264049]]}, "properties": {"FID": 4336, "BIKE": "SEPARATE_TRAIL", "Shape_Leng": 133.277847347, "DIR": "Forward"}}, {"type": "Feature", "id": 4337, "geometry": {"type": "LineString", "coordinates": [[-6.164101800073858, 53.373933601234036], [-6.1641539997353165, 53.37389050132845], [-6.164239799991001, 53.373822000761116]]}, "properties": {"FID": 4337, "BIKE": "SEPARATE_TRAIL", "Shape_Leng": 15.4479986619, "DIR": "Bi-Directional"}}, {"type": "Feature", "id": 4338, "geometry": {"type": "LineString", "coordinates": [[-6.24669371131168, 53.35482110130487], [-6.24663659945096, 53.35485540113821], [-6.246420599958857, 53.355042600704124], [-6.246382600616621, 53.35507520121942], [-6.246264600057835, 53.355180101106804], [-6.245913899402812, 53.355441700948596], [-6.245499400518238, 53.35575630121505], [-6.2454909991958125, 53.355762268931116], [-6.245489685369458, 53.35576320235331], [-6.245171000108571, 53.35598960054412], [-6.245080100055254, 53.3560528010725], [-6.245061599660693, 53.35609230051521], [-6.245031299738895, 53.35611820085188], [-6.244825199614899, 53.35626280106542], [-6.244798200127749, 53.35626980113394], [-6.244768500113511, 53.35628000079045], [-6.2446335001053805, 53.3563602013368], [-6.244500000664333, 53.35644840076772], [-6.244412100383553, 53.35650630059181], [-6.244395610783635, 53.35651740368447], [-6.244252299818817, 53.356613901026314], [-6.244222600037284, 53.356632600619164], [-6.244194899362734, 53.35665080111978], [-6.244066599987821, 53.35673500047831], [-6.243982000620624, 53.35679060086906], [-6.243955900327165, 53.35680780112015], [-6.2439297996450325, 53.35682490069293], [-6.243871899677961, 53.35686290061877], [-6.243551600461074, 53.357074100648745], [-6.2433831004132685, 53.35718530105137], [-6.242900900061667, 53.35751390052053], [-6.242630099550207, 53.35768100053925], [-6.242385499545016, 53.357842900665624], [-6.24175139959034, 53.35826850126829], [-6.241640499806771, 53.35834790132034], [-6.241368699610445, 53.35854260069758], [-6.241317400616711, 53.35857930083486], [-6.241238299350141, 53.358644301030026], [-6.2411796001834, 53.35870060119204], [-6.241106399256386, 53.3587824007877], [-6.240851900467834, 53.359022800685295], [-6.240707699312601, 53.359149400816], [-6.240600400179466, 53.359255700529644], [-6.240579200211318, 53.35927580086987], [-6.240545699415442, 53.359307100592574], [-6.240502400166053, 53.359347501008024], [-6.240461800572997, 53.35938280090873], [-6.240391400577803, 53.35944400104897], [-6.240365099895006, 53.35946690053684], [-6.240329100516318, 53.35950140087641], [-6.240225100462227, 53.35960110129353], [-6.240206499396013, 53.359631301201865], [-6.240195700093323, 53.35964580066549], [-6.239658999955341, 53.3601590012797], [-6.239583999471956, 53.36023570051393], [-6.239359099928209, 53.36046580124016], [-6.2393359000048045, 53.36048500090535], [-6.239309300499178, 53.36050710120547], [-6.23927209963219, 53.360528501290005], [-6.239243900654868, 53.360554700826974], [-6.239218300741125, 53.360578501130064], [-6.239184099863095, 53.36061270050143], [-6.239184599921187, 53.36061850072599], [-6.239185499646555, 53.360629001345046], [-6.239185799387544, 53.36063310075714], [-6.239145600084915, 53.360668000760526], [-6.239096199521018, 53.360719001114376], [-6.2390750993167545, 53.360740800520965], [-6.239029499411614, 53.36075680055653], [-6.238998400074103, 53.360775900658545]]}, "properties": {"FID": 4338, "BIKE": "SEPARATE_TRAIL", "Shape_Leng": 842.113738389, "DIR": "Bi-Directional"}}, {"type": "Feature", "id": 4339, "geometry": {"type": "LineString", "coordinates": [[-6.246608817167168, 53.354621897642396], [-6.246631499586393, 53.35459820121417], [-6.246645300696996, 53.35458350081301], [-6.246658800091177, 53.354567001048856], [-6.246668699234077, 53.35455480132679], [-6.246739099718555, 53.35448270125538], [-6.24695869952137, 53.35427960100364], [-6.247060899809743, 53.354213600801586], [-6.2474347004267194, 53.35386760053503], [-6.247471699857107, 53.35383340129732], [-6.247919300112675, 53.3534371010796], [-6.248162099698357, 53.35322060097545], [-6.2484373003218865, 53.35298790127037], [-6.248777099518309, 53.35269090070877], [-6.248812800609104, 53.352659701116686], [-6.248852199488171, 53.35262280069053], [-6.249023100616573, 53.352474400931655], [-6.249090100064873, 53.352416300717465], [-6.249196300092239, 53.352336601092425], [-6.24921290056008, 53.3523037009834], [-6.249243500047529, 53.352281100842085], [-6.249296600653025, 53.3522606006097], [-6.249342900712285, 53.35222980085431], [-6.2493865994906175, 53.352184801231836], [-6.249401099392474, 53.35215220104046], [-6.249430300484959, 53.35212270082713], [-6.2495494004933825, 53.35193540101404], [-6.249640299973944, 53.35182040128667], [-6.249699100430582, 53.351733000522344], [-6.249846700533432, 53.35151340083445], [-6.249954105262871, 53.35135367989723], [-6.249974599851022, 53.351323200675985]]}, "properties": {"FID": 4339, "BIKE": "SEPARATE_TRAIL", "Shape_Leng": 432.792789372, "DIR": "Forward"}}, {"type": "Feature", "id": 4340, "geometry": {"type": "LineString", "coordinates": [[-6.23878359942124, 53.36069820095845], [-6.238800799569826, 53.360670200657076], [-6.238804200081205, 53.36065460072534], [-6.238808200626465, 53.36063640129604], [-6.238814600748515, 53.36061350054149], [-6.238815600012243, 53.36061000093349], [-6.238831699465963, 53.360596300666025], [-6.238887799392066, 53.36054910060352], [-6.238938999283923, 53.36050380109209], [-6.238952400694523, 53.3604922010623], [-6.238973000480717, 53.36047430053048], [-6.23905620056994, 53.36038910126958], [-6.2394505998227, 53.35998000125873], [-6.239524900339783, 53.35990300056459], [-6.239564299632028, 53.359872100931916], [-6.239611400021581, 53.35985120093697], [-6.23965049999703, 53.3598339012849], [-6.239726900413287, 53.35979280125077], [-6.23979339941165, 53.359744300795434], [-6.239928900401443, 53.35963610064151], [-6.240017500331156, 53.359556100905124], [-6.240544900151579, 53.3590747008728], [-6.240845400436446, 53.3587756006694], [-6.240990699662508, 53.358661001327185], [-6.241086599409688, 53.358588101180885], [-6.2414528001758, 53.358308500535344], [-6.241501099267295, 53.35827280055105], [-6.241603500415378, 53.35819700096589], [-6.2418094999743206, 53.35804640068067], [-6.241814599301411, 53.35801910068994], [-6.241826399803239, 53.35801000061939], [-6.241925300124066, 53.35794600091925], [-6.24193870011926, 53.357936001323935], [-6.241998999973851, 53.35791500096474], [-6.2420914995039345, 53.35785560132223], [-6.242655099331198, 53.357497100526196], [-6.242714900510596, 53.35745380102209], [-6.242751699352019, 53.35742680065328], [-6.242897599530423, 53.357327700705916], [-6.243191899864911, 53.357132700911556], [-6.243666299992014, 53.35681950077354], [-6.243730000155197, 53.356782501309006], [-6.24378640070286, 53.35674600107173], [-6.243888699782424, 53.35667980096541], [-6.2439261001759006, 53.35665940098258], [-6.24427580065999, 53.35641840103729], [-6.244284300706997, 53.35641150099221], [-6.2443258222811036, 53.356386041891206], [-6.244429542010877, 53.35632244541801], [-6.244466919171276, 53.35629952645459]]}, "properties": {"FID": 4340, "BIKE": "SEPARATE_TRAIL", "Shape_Leng": 623.048335409, "DIR": "Forward"}}, {"type": "Feature", "id": 4341, "geometry": {"type": "LineString", "coordinates": [[-6.244466919171276, 53.35629952645459], [-6.244487999657554, 53.35628660069361], [-6.2446164993321025, 53.3562061006516], [-6.244828000524741, 53.35606710074696], [-6.244856499280765, 53.35602610088661], [-6.244967099574499, 53.35593830128069], [-6.245034199845838, 53.35588500084861], [-6.245074400095164, 53.35585800126706], [-6.245255500572155, 53.355736900944805], [-6.245488599359693, 53.355556500933574], [-6.246051900284878, 53.355100700614784], [-6.246182499283564, 53.354992000779674], [-6.246236200682364, 53.35496800085585], [-6.246269699549125, 53.35495200091354], [-6.246321799836687, 53.35491050091564], [-6.24647090016908, 53.35478390050445], [-6.246515699302085, 53.35473390091595], [-6.24652379969438, 53.35471220129179], [-6.246524899771622, 53.3547093008127], [-6.246536715855576, 53.354697139158965]]}, "properties": {"FID": 4341, "BIKE": "SEPARATE_TRAIL", "Shape_Leng": 226.405304258, "DIR": "Forward"}}, {"type": "Feature", "id": 4342, "geometry": {"type": "LineString", "coordinates": [[-6.246608817167168, 53.354621897642396], [-6.246593499323722, 53.35463790060004], [-6.246555999822435, 53.35467700063471], [-6.246542000356308, 53.35469170080722], [-6.246536715855576, 53.354697139158965]]}, "properties": {"FID": 4342, "BIKE": "BIKE_LANE", "Shape_Leng": 9.65236780192, "DIR": "Forward"}}, {"type": "Feature", "id": 4343, "geometry": {"type": "LineString", "coordinates": [[-6.250143300463491, 53.351461000974446], [-6.249806600461644, 53.35191880066421], [-6.249687199599552, 53.35203960129764], [-6.249625799602542, 53.3521023005163], [-6.249606699302517, 53.35214940119152], [-6.2495119004013056, 53.35225070061608], [-6.249298600555887, 53.35245510053203], [-6.249050799584467, 53.35265680068133], [-6.249013300642243, 53.35268730074969], [-6.248870400551263, 53.352821400591516], [-6.2487523996363725, 53.352932000460044], [-6.248703899417344, 53.35297360107963], [-6.248599500271855, 53.3530642005377], [-6.248465899546222, 53.353180201304305], [-6.248383099736199, 53.35327440100425], [-6.248358399845968, 53.35330180090859], [-6.248337699308859, 53.35332930086636], [-6.24819179984909, 53.35345610066616], [-6.247349400349803, 53.354241900971644], [-6.247117900511818, 53.35445780056514], [-6.2471036001082325, 53.354471201193135], [-6.247018400650778, 53.35450920063867], [-6.247017500272866, 53.354510201270806], [-6.246899100383548, 53.354650600783486], [-6.246850099296271, 53.35469710081804], [-6.246843400461464, 53.354709400606694], [-6.246831899892114, 53.35473020091515], [-6.246829999399992, 53.354731301000314], [-6.246814700263549, 53.35474070068817]]}, "properties": {"FID": 4343, "BIKE": "SEPARATE_TRAIL", "Shape_Leng": 428.796596935, "DIR": "Bi-Directional"}}, {"type": "Feature", "id": 4344, "geometry": {"type": "LineString", "coordinates": [[-6.246814700263549, 53.35474070068817], [-6.246812399463595, 53.35474200071923], [-6.246769900365779, 53.35477100111062], [-6.246768485551855, 53.35477198069982], [-6.2467224994912955, 53.354803800644476], [-6.246717900059324, 53.35480620119861], [-6.246706199856111, 53.35481360086856], [-6.24669371131168, 53.35482110130487]]}, "properties": {"FID": 4344, "BIKE": "SEPARATE_TRAIL", "Shape_Leng": 12.046943382, "DIR": "Bi-Directional"}}, {"type": "Feature", "id": 4345, "geometry": {"type": "LineString", "coordinates": [[-6.258624187858821, 53.34709284572807], [-6.258442403655184, 53.347132163292585], [-6.258267899910888, 53.34717250095594], [-6.257684799372639, 53.347298600469266], [-6.257642844242627, 53.3473050910919], [-6.2575387001078715, 53.347321201263576], [-6.257332900169928, 53.347357000796016], [-6.257279600636482, 53.34736760124042], [-6.257224200170604, 53.34737830130048], [-6.257165499751747, 53.347388300593586], [-6.2570795994162784, 53.3474030005781], [-6.257031000334434, 53.347411301208496], [-6.256996499663191, 53.34741720122882], [-6.2569673544843525, 53.347421058283054], [-6.256598299440314, 53.34746990132111], [-6.256346100251516, 53.347498700708314], [-6.2562399999656035, 53.34750880047009], [-6.256144345920123, 53.34751467830411], [-6.256103307372123, 53.34751934641096], [-6.256062890536718, 53.34751875565507], [-6.255960500745013, 53.34752380055777], [-6.255193700277404, 53.347518600557954], [-6.255167900348058, 53.34751840122076], [-6.255087400252815, 53.34751740100561], [-6.254995299459754, 53.347516301175645], [-6.25488890009208, 53.34751540109538], [-6.254806499681729, 53.347514700961774], [-6.254754699990851, 53.34751320084287], [-6.254716398499901, 53.34751208420856], [-6.254343000207979, 53.347501200802085], [-6.253034799979396, 53.34746140110717], [-6.252641599409549, 53.347452100936316], [-6.252321034261366, 53.34745804672298], [-6.252152396564022, 53.34745457599689], [-6.252041015729047, 53.347448667715874], [-6.2519475837111695, 53.34747757445113], [-6.251880070828605, 53.347549061919096]]}, "properties": {"FID": 4345, "BIKE": "SEPARATE_TRAIL", "Shape_Leng": 461.851208897, "DIR": "Bi-Directional"}}, {"type": "Feature", "id": 4391, "geometry": {"type": "LineString", "coordinates": [[-6.142952599683489, 53.384719500592404], [-6.143046000493891, 53.38469020058469], [-6.143261500521558, 53.38462550068233], [-6.1438575006112535, 53.38441480122222], [-6.145601700063658, 53.383770000873014], [-6.147468899589573, 53.38304150049344], [-6.149000700730615, 53.382445901037656], [-6.149533999497962, 53.382258001020126], [-6.149600199934843, 53.382225901317035], [-6.1496767724903725, 53.38218206107658]]}, "properties": {"FID": 4391, "BIKE": "SEPARATE_TRAIL", "Shape_Leng": 529.455051828, "DIR": "Bi-Directional"}}, {"type": "Feature", "id": 4393, "geometry": {"type": "LineString", "coordinates": [[-6.296961704902078, 53.34825414192476], [-6.2969405985857865, 53.348305898614235], [-6.296957414559247, 53.348346167872855], [-6.297491468847787, 53.34853942270503]]}, "properties": {"FID": 4393, "BIKE": "BIKE_FRIENDLY_PEDESTRIAN_PATH", "Shape_Leng": 52.1106883616, "DIR": "Forward"}}, {"type": "Feature", "id": 4394, "geometry": {"type": "LineString", "coordinates": [[-6.296867353432762, 53.348485363944086], [-6.2965592500221215, 53.348362963085165], [-6.296137752416047, 53.3482367868014]]}, "properties": {"FID": 4394, "BIKE": "BIKE_LANE", "Shape_Leng": 56.0138831574, "DIR": "Forward"}}, {"type": "Feature", "id": 4395, "geometry": {"type": "LineString", "coordinates": [[-6.296137752416047, 53.3482367868014], [-6.295435999962628, 53.34822200054746]]}, "properties": {"FID": 4395, "BIKE": "BIKE_LANE", "Shape_Leng": 46.7617024894, "DIR": "Forward"}}, {"type": "Feature", "id": 4396, "geometry": {"type": "LineString", "coordinates": [[-6.172445226595258, 53.367145454033626], [-6.172571958520905, 53.36719550513442], [-6.1726343122516, 53.367208283978776]]}, "properties": {"FID": 4396, "BIKE": "BIKE_LANE", "Shape_Leng": 14.4967762858, "DIR": "Bi-Directional"}}, {"type": "Feature", "id": 4401, "geometry": {"type": "LineString", "coordinates": [[-6.242003084750175, 53.31846722318324], [-6.242152546495239, 53.31857111108043], [-6.2424324496195265, 53.31878261025232], [-6.243057785836839, 53.319280851914634], [-6.2433133494312765, 53.31944400164637], [-6.243435743695571, 53.31951377727825], [-6.24350928411514, 53.31957783143223]]}, "properties": {"FID": 4401, "BIKE": "SEPARATE_TRAIL", "Shape_Leng": 159.463590774, "DIR": "Forward"}}]}