{"type":"FeatureCollection","features":[{"type":"Feature","geometry":{"type":"LineString","coordinates":[[-6.291729999622017,53.34780500125726],[-6.290490181884161,53.34749321054605],[-6.289779941335767,53.347332617586915],[-6.2894799842112405,53.34728075543458],[-6.289314000713456,53.347249000869574]]},"properties":{"Route":"1-1","Infrastructure type":"SegregatedCycleLane","Length (m)":172.5,"Source":"NTA BikeLife Survey (2013-2021, published Feb 2021)"}},{"type":"Feature","geometry":{"type":"LineString","coordinates":[[-6.289314000713456,53.347249000869574],[-6.288954586578479,53.34720187905941],[-6.288562518266226,53.347167718645636],[-6.2873007648814845,53.34711750856027],[-6.285397999847137,53.34707900102679]]},"properties":{"Route":"1-2","Infrastructure type":"SegregatedCycleLane","Length (m)":261.9,"Source":"NTA BikeLife Survey (2013-2021, published Feb 2021)"}},{"type":"Feature","geometry":{"type":"LineString","coordinates":[[-6.285397999847137,53.34707900102679],[-6.284239786561897,53.34704142490405],[-6.283777000670396,53.3470340013241]]},"properties":{"Route":"1-3","Infrastructure type":"CycleLane","Length (m)":108.1,"Source":"NTA BikeLife Survey (2013-2021, published Feb 2021)"}},{"type":"Feature","geometry":{"type":"LineString","coordinates":[[-6.283777000670396,53.3470340013241],[-6.283216065247186,53.34700172907786],[-6.282607000090972,53.34694300066324]]},"properties":{"Route":"1-4","Infrastructure type":"SegregatedCycleLane","Length (m)":78.6,"Source":"NTA BikeLife Survey (2013-2021, published Feb 2021)"}},{"type":"Feature","geometry":{"type":"LineString","coordinates":[[-6.282258000000416,53.3468670012672],[-6.281762107435886,53.34681980089889],[-6.280950570956625,53.34674152450049],[-6.280558992103251,53.34669545442008],[-6.28032164350369,53.34666825207168],[-6.280175000517758,53.34664200084625]]},"properties":{"Route":"1-5","Infrastructure type":"BusLane","Length (m)":141.0,"Source":"NTA BikeLife Survey (2013-2021, published Feb 2021)"}},{"type":"Feature","geometry":{"type":"LineString","coordinates":[[-6.280175000517758,53.34664200084625],[-6.278871402103258,53.34638479822798],[-6.277534758732309,53.34612294180391],[-6.276588165803031,53.34594518288032],[-6.276268472889841,53.34589062489267],[-6.275776000282589,53.34583500101384]]},"properties":{"Route":"1-6","Infrastructure type":"SegregatedCycleLane","Length (m)":306.7,"Source":"NTA BikeLife Survey (2013-2021, published Feb 2021)"}},{"type":"Feature","geometry":{"type":"LineString","coordinates":[[-6.275496999899128,53.345824001092254],[-6.27523967464264,53.34578063224829],[-6.274943238912209,53.34574067549689],[-6.273101316509002,53.34559274590971],[-6.272362302474937,53.34558918087305],[-6.271633473678527,53.345628565528216],[-6.270315614767321,53.3457878252246],[-6.268661237510545,53.3460135306325],[-6.2679422894566565,53.34610297588323],[-6.2660289382373735,53.34624640718868],[-6.264365504066178,53.34640057851785],[-6.2632112192911125,53.34664061735121],[-6.261388999621116,53.34708200129259]]},"properties":{"Route":"1-7","Infrastructure type":"BusLane","Length (m)":964.0,"Source":"NTA BikeLife Survey (2013-2021, published Feb 2021)"}},{"type":"Feature","geometry":{"type":"LineString","coordinates":[[-6.261388999621116,53.34708200129259],[-6.2600816301496875,53.347372660737314],[-6.259522999307875,53.34751800109525]]},"properties":{"Route":"1-8","Infrastructure type":"CycleLane","Length (m)":133.4,"Source":"NTA BikeLife Survey (2013-2021, published Feb 2021)"}},{"type":"Feature","geometry":{"type":"LineString","coordinates":[[-6.259479999515761,53.34753100069709],[-6.258395171102405,53.34779751833316],[-6.25763899996144,53.34795500066753]]},"properties":{"Route":"1-9","Infrastructure type":"CycleLane","Length (m)":131.4,"Source":"NTA BikeLife Survey (2013-2021, published Feb 2021)"}},{"type":"Feature","geometry":{"type":"LineString","coordinates":[[-6.248252999235047,53.34813500125404],[-6.247367498778735,53.34807123016009],[-6.245919000454914,53.34797500047442]]},"properties":{"Route":"1-14","Infrastructure type":"BusLane","Length (m)":156.5,"Source":"NTA BikeLife Survey (2013-2021, published Feb 2021)"}},{"type":"Feature","geometry":{"type":"LineString","coordinates":[[-6.237120999693987,53.34740200124802],[-6.235416965703027,53.347302931024416],[-6.232254613604139,53.347084893807505],[-6.229485492559642,53.3468726086189],[-6.228546275913709,53.346808726281566],[-6.228081295863579,53.34680895542085],[-6.227752000380751,53.346847000854375]]},"properties":{"Route":"1-16","Infrastructure type":"BusLane","Length (m)":628.2,"Source":"NTA BikeLife Survey (2013-2021, published Feb 2021)"}},{"type":"Feature","geometry":{"type":"LineString","coordinates":[[-6.2358560001021965,53.34723100102981],[-6.2378469995237396,53.347356001068114]]},"properties":{"Route":"1-19","Infrastructure type":"SegregatedCycleLane","Length (m)":133.3,"Source":"NTA BikeLife Survey (2013-2021, published Feb 2021)"}},{"type":"Feature","geometry":{"type":"LineString","coordinates":[[-6.2378469995237396,53.347356001068114],[-6.238422999300642,53.3473970008654]]},"properties":{"Route":"1-20","Infrastructure type":"CycleLane","Length (m)":38.6,"Source":"NTA BikeLife Survey (2013-2021, published Feb 2021)"}},{"type":"Feature","geometry":{"type":"LineString","coordinates":[[-6.238422999300642,53.3473970008654],[-6.239346999874627,53.34745300099412]]},"properties":{"Route":"1-21","Infrastructure type":"SegregatedCycleLane","Length (m)":61.8,"Source":"NTA BikeLife Survey (2013-2021, published Feb 2021)"}},{"type":"Feature","geometry":{"type":"LineString","coordinates":[[-6.242858000687015,53.347683001089635],[-6.24412000032116,53.34777100122429]]},"properties":{"Route":"1-27","Infrastructure type":"BusLane","Length (m)":84.6,"Source":"NTA BikeLife Survey (2013-2021, published Feb 2021)"}},{"type":"Feature","geometry":{"type":"LineString","coordinates":[[-6.24412000032116,53.34777100122429],[-6.2451106564751155,53.34781689202072],[-6.245736000280811,53.3478650006044]]},"properties":{"Route":"1-28","Infrastructure type":"SegregatedCycleLane","Length (m)":108.2,"Source":"NTA BikeLife Survey (2013-2021, published Feb 2021)"}},{"type":"Feature","geometry":{"type":"LineString","coordinates":[[-6.245736000280811,53.3478650006044],[-6.246894160344696,53.34793585816367],[-6.248019999426551,53.348015000465566]]},"properties":{"Route":"1-29","Infrastructure type":"BusLane","Length (m)":153.0,"Source":"NTA BikeLife Survey (2013-2021, published Feb 2021)"}},{"type":"Feature","geometry":{"type":"LineString","coordinates":[[-6.248019999426551,53.348015000465566],[-6.248582645030706,53.34804626800688],[-6.249035431840494,53.34805291378635],[-6.249904385615631,53.348087066464174],[-6.251028000568514,53.34814800066055]]},"properties":{"Route":"1-30","Infrastructure type":"SegregatedCycleLane","Length (m)":200.9,"Source":"NTA BikeLife Survey (2013-2021, published Feb 2021)"}},{"type":"Feature","geometry":{"type":"LineString","coordinates":[[-6.27553499933855,53.34577400128988],[-6.275203508586348,53.34569211956854],[-6.274217445793567,53.34560651745671],[-6.273231387130978,53.3455209072257],[-6.2724333757300785,53.345502220127024],[-6.27166851465194,53.345548217097296],[-6.269751447233868,53.34578440048525],[-6.268097067269231,53.34601009894558],[-6.267475462248953,53.34605101377965],[-6.265453430062769,53.34622852961625],[-6.264124484374124,53.34636615659181],[-6.2628010695856045,53.34666080511943],[-6.260896999637406,53.347111000741705]]},"properties":{"Route":"1-34","Infrastructure type":"SegregatedCycleLane","Length (m)":1002.3,"Source":"NTA BikeLife Survey (2013-2021, published Feb 2021)"}},{"type":"Feature","geometry":{"type":"LineString","coordinates":[[-6.260896999637406,53.347111000741705],[-6.259852524703113,53.34733840394249],[-6.259177130913356,53.34752831314894],[-6.258070160000394,53.347776126767606],[-6.2572049766063556,53.34794185043889],[-6.256628668487117,53.3480404451688],[-6.2560299820030085,53.34810303978603],[-6.255526328376676,53.34817415390683],[-6.255030000077021,53.34820500111362]]},"properties":{"Route":"1-35","Infrastructure type":"BusLane","Length (m)":411.0,"Source":"NTA BikeLife Survey (2013-2021, published Feb 2021)"}},{"type":"Feature","geometry":{"type":"LineString","coordinates":[[-6.254795000735438,53.348260001099284],[-6.253830824147019,53.3482349634779],[-6.252351838470786,53.34824898087859],[-6.251886840741475,53.348249303568906],[-6.251664999844634,53.34822700090041]]},"properties":{"Route":"1-36","Infrastructure type":"BusLane","Length (m)":208.7,"Source":"NTA BikeLife Survey (2013-2021, published Feb 2021)"}},{"type":"Feature","geometry":{"type":"LineString","coordinates":[[-6.222501129450721,53.3631842332115],[-6.2230769094252825,53.36331698777254],[-6.223405425677846,53.36338555661254]]},"properties":{"Route":"11-4","Infrastructure type":"CycleLane","Length (m)":64.2,"Source":"NTA BikeLife Survey (2013-2021, published Feb 2021)"}},{"type":"Feature","geometry":{"type":"LineString","coordinates":[[-6.223405425677846,53.36338555661254],[-6.2238986042334075,53.363470685069636],[-6.224410851998705,53.36354972802045]]},"properties":{"Route":"11-5","Infrastructure type":"CycleLane","Length (m)":69.4,"Source":"NTA BikeLife Survey (2013-2021, published Feb 2021)"}},{"type":"Feature","geometry":{"type":"LineString","coordinates":[[-6.224410851998705,53.36354972802045],[-6.225469110421595,53.363712742317446]]},"properties":{"Route":"11-6","Infrastructure type":"SegregatedCycleLane","Length (m)":72.7,"Source":"NTA BikeLife Survey (2013-2021, published Feb 2021)"}},{"type":"Feature","geometry":{"type":"LineString","coordinates":[[-6.225469110421595,53.363712742317446],[-6.2262358393880985,53.36385376233321]]},"properties":{"Route":"11-7","Infrastructure type":"CycleLane","Length (m)":53.4,"Source":"NTA BikeLife Survey (2013-2021, published Feb 2021)"}},{"type":"Feature","geometry":{"type":"LineString","coordinates":[[-6.2262358393880985,53.36385376233321],[-6.227133905429255,53.363994143714244]]},"properties":{"Route":"11-8","Infrastructure type":"BusLane","Length (m)":61.8,"Source":"NTA BikeLife Survey (2013-2021, published Feb 2021)"}},{"type":"Feature","geometry":{"type":"LineString","coordinates":[[-6.227133905429255,53.363994143714244],[-6.229596780238848,53.36427147644477]]},"properties":{"Route":"11-9","Infrastructure type":"SharedUse","Length (m)":166.8,"Source":"NTA BikeLife Survey (2013-2021, published Feb 2021)"}},{"type":"Feature","geometry":{"type":"LineString","coordinates":[[-6.282736199832205,53.35109886412967],[-6.282743179734909,53.351114200277095],[-6.282790080474185,53.35115739068559],[-6.2828710351701895,53.35123193891413],[-6.282910964332091,53.35126870852662],[-6.283042179246085,53.351394863216626],[-6.2831491773975845,53.351515061642274],[-6.2833478344352605,53.35173439505028]]},"properties":{"Route":"15-1","Infrastructure type":"SegregatedCycleLane","Length (m)":81.7,"Source":"NTA BikeLife Survey (2013-2021, published Feb 2021)"}},{"type":"Feature","geometry":{"type":"LineString","coordinates":[[-6.2833478344352605,53.35173439505028],[-6.28335561801192,53.35174237519566],[-6.283361003802038,53.35174789586044],[-6.283518989361711,53.35190985355678],[-6.2837324886102826,53.35211109558957],[-6.283971467308866,53.35232437558079],[-6.284174733386467,53.35251749628937],[-6.284406682532967,53.35272140308325],[-6.284623276227678,53.35285922226103],[-6.284926356321624,53.35303407291042],[-6.2851564735636725,53.35317042717771],[-6.285427479310392,53.35337682296176],[-6.285651386534467,53.353551956815906],[-6.286031617325299,53.35381943853532],[-6.286407290614336,53.35409170890409],[-6.286725319731829,53.35435272152008],[-6.28711451839133,53.35472324178876],[-6.287438310321634,53.35510320950014],[-6.2876411206277645,53.35545357356819],[-6.287834809430819,53.3558514098482],[-6.288031892285485,53.35625899707565],[-6.288210644304658,53.356491007011144],[-6.288446114241525,53.35673728714601],[-6.288599693736734,53.35691621051871],[-6.288732378366787,53.35709977475953]]},"properties":{"Route":"15-2","Infrastructure type":"CycleLane","Length (m)":704.7,"Source":"NTA BikeLife Survey (2013-2021, published Feb 2021)"}},{"type":"Feature","geometry":{"type":"LineString","coordinates":[[-6.2576210483379064,53.342900755163534],[-6.257336344568735,53.34281422075092],[-6.25644499631355,53.342591399574246],[-6.256357799762803,53.3425696017415],[-6.255938265728917,53.34248208921231],[-6.255108002878464,53.34229965282555],[-6.25448323977683,53.34218066257638]]},"properties":{"Route":"17-1","Infrastructure type":"SegregatedCycleLane","Length (m)":224.1,"Source":"NTA BikeLife Survey (2013-2021, published Feb 2021)"}},{"type":"Feature","geometry":{"type":"LineString","coordinates":[[-6.261730905566829,53.3443677293032],[-6.261586367108558,53.34438637958769],[-6.260767116142508,53.34449643074651]]},"properties":{"Route":"18-1","Infrastructure type":"BusLane","Length (m)":65.8,"Source":"NTA BikeLife Survey (2013-2021, published Feb 2021)"}},{"type":"Feature","geometry":{"type":"LineString","coordinates":[[-6.260767116142508,53.34449643074651],[-6.260637405611546,53.3444974402517],[-6.260148396242161,53.344497976019134]]},"properties":{"Route":"18-2","Infrastructure type":"CycleLane","Length (m)":41.2,"Source":"NTA BikeLife Survey (2013-2021, published Feb 2021)"}},{"type":"Feature","geometry":{"type":"LineString","coordinates":[[-6.260148396242161,53.344497976019134],[-6.2600884816359255,53.344505818948036],[-6.25990882965506,53.344524581597106]]},"properties":{"Route":"18-3","Infrastructure type":"SegregatedCycleLane","Length (m)":16.2,"Source":"NTA BikeLife Survey (2013-2021, published Feb 2021)"}},{"type":"Feature","geometry":{"type":"LineString","coordinates":[[-6.25990882965506,53.344524581597106],[-6.259863333735883,53.344538762806685],[-6.2597239280488415,53.344582215611574],[-6.2596600857206335,53.34460211521921],[-6.259465663246071,53.34468244606561]]},"properties":{"Route":"18-4","Infrastructure type":"SegregatedCycleLane","Length (m)":34.4,"Source":"NTA BikeLife Survey (2013-2021, published Feb 2021)"}},{"type":"Feature","geometry":{"type":"LineString","coordinates":[[-6.295435999962632,53.34822200054746],[-6.294878544102038,53.348178734559816],[-6.293059000458416,53.3480790008208]]},"properties":{"Route":"2-2","Infrastructure type":"SegregatedCycleLane","Length (m)":159.1,"Source":"NTA BikeLife Survey (2013-2021, published Feb 2021)"}},{"type":"Feature","geometry":{"type":"LineString","coordinates":[[-6.293059000458416,53.3480790008208],[-6.291729999622017,53.34780500125726]]},"properties":{"Route":"2-3","Infrastructure type":"CycleLane","Length (m)":93.6,"Source":"NTA BikeLife Survey (2013-2021, published Feb 2021)"}},{"type":"Feature","geometry":{"type":"LineString","coordinates":[[-6.27538004858998,53.330523887534554],[-6.275376110008844,53.330551361190345],[-6.275346685692901,53.33075654881095],[-6.2752798334980096,53.33122274223622]]},"properties":{"Route":"21-9","Infrastructure type":"BusLane","Length (m)":78.1,"Source":"NTA BikeLife Survey (2013-2021, published Feb 2021)"}},{"type":"Feature","geometry":{"type":"LineString","coordinates":[[-6.275054535801499,53.333777847672906],[-6.275046099143929,53.333797888712205],[-6.275029940191625,53.333836267984495],[-6.275008931573473,53.33388617179226],[-6.274972589260384,53.333972493903524],[-6.27485847612245,53.33424353854349],[-6.27431793130365,53.3347447926631],[-6.2739370885334855,53.335163359097066],[-6.27344046060634,53.335786781058964],[-6.273167896565831,53.33631550467834],[-6.272858566803525,53.336911403735805],[-6.272641357950091,53.337487614478476],[-6.272568322958884,53.337844742108345],[-6.272634364660323,53.33837797595014],[-6.2727056476427245,53.338753442734635]]},"properties":{"Route":"21-13","Infrastructure type":"BusLane","Length (m)":588.1,"Source":"NTA BikeLife Survey (2013-2021, published Feb 2021)"}},{"type":"Feature","geometry":{"type":"LineString","coordinates":[[-6.265516202760103,53.34061700776206],[-6.265567420617733,53.34054635709107],[-6.265576835474158,53.340502877339915],[-6.265584597474564,53.34046704131954],[-6.265823325885376,53.33936457714306],[-6.265963745674496,53.33872303493539],[-6.265996401791396,53.33838142994563],[-6.265829816439687,53.33807159334054]]},"properties":{"Route":"22-4","Infrastructure type":"BusLane","Length (m)":287.5,"Source":"NTA BikeLife Survey (2013-2021, published Feb 2021)"}},{"type":"Feature","geometry":{"type":"LineString","coordinates":[[-6.265829816439687,53.33807159334054],[-6.265811281939895,53.33800199227064],[-6.265756439711123,53.337796049336916],[-6.265629226461704,53.33731558624132]]},"properties":{"Route":"22-5","Infrastructure type":"CycleLane","Length (m)":85.2,"Source":"NTA BikeLife Survey (2013-2021, published Feb 2021)"}},{"type":"Feature","geometry":{"type":"LineString","coordinates":[[-6.265111270436976,53.33557635147896],[-6.265096273075747,53.33550741198978],[-6.265105289314505,53.33533800285218],[-6.265167396784169,53.334171172658735],[-6.265051047986446,53.33384883914935],[-6.264932541322676,53.33338898006223],[-6.264803340312637,53.33278105214882],[-6.264545184405895,53.33155365848411],[-6.264521212832871,53.331486249313414]]},"properties":{"Route":"22-7","Infrastructure type":"BusLane","Length (m)":458.6,"Source":"NTA BikeLife Survey (2013-2021, published Feb 2021)"}},{"type":"Feature","geometry":{"type":"LineString","coordinates":[[-6.264382278463151,53.331023136046724],[-6.264376887971384,53.33100664888817],[-6.2643629839864765,53.33096413317249],[-6.264224458309206,53.330315945618274]]},"properties":{"Route":"22-9","Infrastructure type":"SegregatedCycleLane","Length (m)":79.4,"Source":"NTA BikeLife Survey (2013-2021, published Feb 2021)"}},{"type":"Feature","geometry":{"type":"LineString","coordinates":[[-6.26563860856571,53.323042151292725],[-6.265624025359555,53.32310904918773],[-6.265584069850376,53.32329232598583],[-6.265516809793714,53.32360085181584],[-6.265445024425109,53.32409444046836],[-6.265370299343277,53.324427908476224],[-6.265283888437565,53.32492283205837],[-6.265063929264977,53.32610195492579],[-6.264910367187184,53.32688505065156],[-6.264831224411024,53.32740056346257],[-6.264751637591637,53.32784270229666],[-6.264693219196341,53.328164825766386],[-6.264590611456044,53.32862283966287],[-6.264378137946261,53.3297183578844],[-6.264352316369661,53.32991136722159],[-6.2643357840952385,53.32999757182553]]},"properties":{"Route":"22-17","Infrastructure type":"BusLane","Length (m)":779.0,"Source":"NTA BikeLife Survey (2013-2021, published Feb 2021)"}},{"type":"Feature","geometry":{"type":"LineString","coordinates":[[-6.264340110440446,53.3302315652614],[-6.264346487480405,53.330258808493504],[-6.264347122666709,53.33026150608531],[-6.264416386318782,53.330556557835045],[-6.264523497992892,53.330978279793555],[-6.264568035383644,53.33111964408474]]},"properties":{"Route":"22-19","Infrastructure type":"BusLane","Length (m)":100.0,"Source":"NTA BikeLife Survey (2013-2021, published Feb 2021)"}},{"type":"Feature","geometry":{"type":"LineString","coordinates":[[-6.26536601756718,53.33432740820392],[-6.265359542304373,53.33443616292205],[-6.265318404168249,53.335127214290736],[-6.265314785523043,53.335187997779755],[-6.265272799271958,53.33558719960315],[-6.265459292369055,53.33623540314112],[-6.265560432494324,53.33648972655368]]},"properties":{"Route":"22-23","Infrastructure type":"BusLane","Length (m)":242.6,"Source":"NTA BikeLife Survey (2013-2021, published Feb 2021)"}},{"type":"Feature","geometry":{"type":"LineString","coordinates":[[-6.2653160645751065,53.34163124413662],[-6.265246244408616,53.34169790762623],[-6.265109795467644,53.341828185387115],[-6.264765651567835,53.34215676170126],[-6.264759570433732,53.342159206103965],[-6.264508756301562,53.34268530647563],[-6.264463050294172,53.34299675292889],[-6.264474710079609,53.343588439218465],[-6.264485596946432,53.34413223004457]]},"properties":{"Route":"22-28","Infrastructure type":"BusLane","Length (m)":291.6,"Source":"NTA BikeLife Survey (2013-2021, published Feb 2021)"}},{"type":"Feature","geometry":{"type":"LineString","coordinates":[[-6.26991648938207,53.3404847275697],[-6.26990395915533,53.340450471938716],[-6.26988948060292,53.340410887763774],[-6.269698671576581,53.339889237842534],[-6.2694514605466285,53.33961696605973],[-6.269298291207679,53.33943015619584],[-6.269218817472862,53.33918215015266]]},"properties":{"Route":"24-4","Infrastructure type":"BusLane","Length (m)":153.6,"Source":"NTA BikeLife Survey (2013-2021, published Feb 2021)"}},{"type":"Feature","geometry":{"type":"LineString","coordinates":[[-6.338064891274925,53.34677332734871],[-6.338127420785956,53.346777229971835],[-6.338194143195938,53.34678937544253],[-6.339747778063449,53.34707216719474],[-6.340931257258115,53.347483863487206],[-6.3425269063087875,53.34821521529501]]},"properties":{"Route":"25-5","Infrastructure type":"BusLane","Length (m)":342.0,"Source":"NTA BikeLife Survey (2013-2021, published Feb 2021)"}},{"type":"Feature","geometry":{"type":"LineString","coordinates":[[-6.249289000195645,53.34399500059299],[-6.2493253595990215,53.343957514329354],[-6.2493980415977095,53.34385359584778],[-6.249497576156318,53.34371128752547],[-6.249713212322681,53.34333625218936],[-6.250055226734114,53.34276325414867],[-6.250384636133862,53.34225612227661],[-6.250436943740283,53.34216795628154],[-6.250477105426634,53.34210026418531]]},"properties":{"Route":"26-1","Infrastructure type":"SegregatedCycleLane","Length (m)":225.3,"Source":"NTA BikeLife Survey (2013-2021, published Feb 2021)"}},{"type":"Feature","geometry":{"type":"LineString","coordinates":[[-6.243232228907843,53.338465579018916],[-6.243271245091416,53.338478953577635],[-6.243338918913578,53.3385021517097],[-6.24529486516395,53.339173590866956]]},"properties":{"Route":"29-3","Infrastructure type":"BusLane","Length (m)":158.4,"Source":"NTA BikeLife Survey (2013-2021, published Feb 2021)"}},{"type":"Feature","geometry":{"type":"LineString","coordinates":[[-6.25919062141309,53.34686930279868],[-6.259265498779635,53.346850752656245],[-6.2598465305488284,53.34670680625369],[-6.260834084940004,53.34646213870743],[-6.262394687283717,53.3461350221932],[-6.264140064593113,53.34583433035399],[-6.2656002635551555,53.345596537063],[-6.266796786395606,53.34541492381203],[-6.268812071310364,53.345250776007305]]},"properties":{"Route":"3-6","Infrastructure type":"BusLane","Length (m)":668.0,"Source":"NTA BikeLife Survey (2013-2021, published Feb 2021)"}},{"type":"Feature","geometry":{"type":"LineString","coordinates":[[-6.268898397713891,53.34522501573993],[-6.269992432757471,53.34510526668883],[-6.271060611460575,53.34498833810581],[-6.2711691454,53.344976456571914],[-6.272253035752596,53.34494267911191],[-6.274431007509576,53.34509145432946],[-6.275350913581897,53.345203901331],[-6.276754373329468,53.34543381794466],[-6.279159471973465,53.3458991790363],[-6.28053416892224,53.346167241642924]]},"properties":{"Route":"3-7","Infrastructure type":"SegregatedCycleLane","Length (m)":796.1,"Source":"NTA BikeLife Survey (2013-2021, published Feb 2021)"}},{"type":"Feature","geometry":{"type":"LineString","coordinates":[[-6.28053416892224,53.346167241642924],[-6.280673152233493,53.34618000958256],[-6.28119312653237,53.34622777358578],[-6.283071731629362,53.34640032321271],[-6.284937129698978,53.34650049789098],[-6.286432175432877,53.34655135156465],[-6.2889492955028015,53.34665629267621],[-6.290024729380921,53.3467568367479],[-6.290792345790007,53.34686918169378],[-6.290941748394271,53.34695597603429]]},"properties":{"Route":"3-8","Infrastructure type":"BusLane","Length (m)":702.5,"Source":"NTA BikeLife Survey (2013-2021, published Feb 2021)"}},{"type":"Feature","geometry":{"type":"LineString","coordinates":[[-6.209095000214444,53.284092000660436],[-6.209142999343095,53.28457100095326]]},"properties":{"Route":"40-3","Infrastructure type":"SegregatedCycleLane","Length (m)":53.4,"Source":"NTA BikeLife Survey (2013-2021, published Feb 2021)"}},{"type":"Feature","geometry":{"type":"LineString","coordinates":[[-6.273274301622793,53.35841877488227],[-6.273280929905412,53.358381663743224],[-6.273305531527913,53.35824392868189],[-6.273323918392537,53.35814099001795],[-6.273479020379681,53.35722067704578],[-6.273494735730613,53.35694978165794],[-6.273473583287974,53.3560340583094],[-6.273441702697975,53.35538722619499],[-6.2734188210997335,53.35512689859531]]},"properties":{"Route":"5-2","Infrastructure type":"CycleLane","Length (m)":367.2,"Source":"NTA BikeLife Survey (2013-2021, published Feb 2021)"}},{"type":"Feature","geometry":{"type":"LineString","coordinates":[[-6.2734188210997335,53.35512689859531],[-6.273411236923007,53.35509461780235],[-6.273400827568117,53.355050317708034],[-6.273303833604735,53.354637487270104],[-6.273153390286931,53.35441137914587],[-6.272973862158425,53.35417124907488],[-6.272880215298412,53.35400194402038],[-6.272832016539587,53.353740331181086],[-6.272880690397184,53.35348741978383],[-6.2728982429399665,53.353391448290076]]},"properties":{"Route":"5-3","Infrastructure type":"CycleLane","Length (m)":199.6,"Source":"NTA BikeLife Survey (2013-2021, published Feb 2021)"}},{"type":"Feature","geometry":{"type":"LineString","coordinates":[[-6.273402960255848,53.35169118874751],[-6.2734284264705575,53.35165384593409],[-6.273505773145719,53.35154043173402],[-6.27370327550881,53.35125082417906],[-6.27392065527842,53.35089707453903],[-6.274187357460313,53.35046077676411],[-6.274319556183785,53.350252435869024]]},"properties":{"Route":"5-5","Infrastructure type":"BusLane","Length (m)":171.4,"Source":"NTA BikeLife Survey (2013-2021, published Feb 2021)"}},{"type":"Feature","geometry":{"type":"LineString","coordinates":[[-6.27465773354446,53.347954901256166],[-6.274665780722918,53.347920108772335],[-6.274706710474288,53.34774316783612],[-6.274767376611457,53.34748090158606],[-6.274869701215899,53.347165614686205]]},"properties":{"Route":"5-7","Infrastructure type":"BusLane","Length (m)":89.0,"Source":"NTA BikeLife Survey (2013-2021, published Feb 2021)"}},{"type":"Feature","geometry":{"type":"LineString","coordinates":[[-6.1668430002649774,53.27688700128829],[-6.16672293778395,53.276950201907866],[-6.1658452483618715,53.27742043205716],[-6.164842197718063,53.27795223872488],[-6.164697999931661,53.27803200074907]]},"properties":{"Route":"54-2","Infrastructure type":"BusLane","Length (m)":191.6,"Source":"NTA BikeLife Survey (2013-2021, published Feb 2021)"}},{"type":"Feature","geometry":{"type":"LineString","coordinates":[[-6.161104000558375,53.280183001057544],[-6.161615219805704,53.27988299926462],[-6.1617876465110655,53.27973261971294],[-6.16208416014393,53.27944259189422],[-6.162142999441942,53.27938700091888]]},"properties":{"Route":"54-7","Infrastructure type":"BusLane","Length (m)":113.2,"Source":"NTA BikeLife Survey (2013-2021, published Feb 2021)"}},{"type":"Feature","geometry":{"type":"LineString","coordinates":[[-6.226770107492528,53.260999360453646],[-6.226827845262765,53.26106819139355],[-6.226872333294259,53.26111782219793],[-6.226910251259678,53.26116629284237],[-6.227043940491629,53.261337194450256],[-6.227184509370726,53.261718176923985],[-6.22730745519192,53.26213241888924],[-6.2274570907475715,53.262531811652984],[-6.227814943597873,53.2630142919479],[-6.2283001874052415,53.263479837690596],[-6.228416554261906,53.26358719014058],[-6.228639275948504,53.26377486917835],[-6.228871897019464,53.26397639658511],[-6.228954999399311,53.2640510007314]]},"properties":{"Route":"55-6","Infrastructure type":"CycleLane","Length (m)":374.6,"Source":"NTA BikeLife Survey (2013-2021, published Feb 2021)"}},{"type":"Feature","geometry":{"type":"LineString","coordinates":[[-6.23899618264891,53.36077556593327],[-6.238729698686649,53.36098375173738],[-6.238672583769034,53.36102814773077]]},"properties":{"Route":"7-2","Infrastructure type":"SegregatedCycleLane","Length (m)":35.4,"Source":"NTA BikeLife Survey (2013-2021, published Feb 2021)"}},{"type":"Feature","geometry":{"type":"LineString","coordinates":[[-6.238664236512163,53.36103421284404],[-6.238408213392798,53.36125342168801]]},"properties":{"Route":"7-3","Infrastructure type":"CycleLane","Length (m)":29.8,"Source":"NTA BikeLife Survey (2013-2021, published Feb 2021)"}},{"type":"Feature","geometry":{"type":"LineString","coordinates":[[-6.36963999987003,53.384640000648176],[-6.369929999998132,53.38456000076242],[-6.370249999924587,53.38454000057048],[-6.370629999622437,53.38459000124778],[-6.371870000788348,53.38505000050348]]},"properties":{"Route":"","Infrastructure type":"Bus lane (unclassified)","Length (m)":165.6,"Source":"NTA BikeLife Survey (2013-2021, published Feb 2021)"}},{"type":"Feature","geometry":{"type":"LineString","coordinates":[[-6.264710000307126,53.376140001156564],[-6.2647099997880495,53.37632000067034],[-6.264739999658644,53.37645000073752],[-6.264830000334563,53.376820000642454],[-6.264899999375669,53.37711000080508]]},"properties":{"Route":"","Infrastructure type":"Bus lane (unclassified)","Length (m)":108.9,"Source":"NTA BikeLife Survey (2013-2021, published Feb 2021)"}},{"type":"Feature","geometry":{"type":"LineString","coordinates":[[-6.170969999935165,53.40163000118806],[-6.171089999448337,53.40174000058091],[-6.171329999946398,53.401860000301554],[-6.1718700001260585,53.402010000045564],[-6.1723699996369,53.402100001038114],[-6.172919999407415,53.402150000290725],[-6.173289999839404,53.402180000783346],[-6.176849999923187,53.4023400015296]]},"properties":{"Route":"","Infrastructure type":"Bus lane (unclassified)","Length (m)":409.1,"Source":"NTA BikeLife Survey (2013-2021, published Feb 2021)"}},{"type":"Feature","geometry":{"type":"LineString","coordinates":[[-6.406100000788873,53.357760000556176],[-6.4071700003786765,53.35802000099761],[-6.408309999995058,53.35828000061332]]},"properties":{"Route":"","Infrastructure type":"Bus lane (unclassified)","Length (m)":158.1,"Source":"NTA BikeLife Survey (2013-2021, published Feb 2021)"}},{"type":"Feature","geometry":{"type":"LineString","coordinates":[[-6.215860000966324,53.308410001178565],[-6.216720000161047,53.30884000102508]]},"properties":{"Route":"","Infrastructure type":"Bus lane (unclassified)","Length (m)":74.7,"Source":"NTA BikeLife Survey (2013-2021, published Feb 2021)"}},{"type":"Feature","geometry":{"type":"LineString","coordinates":[[-6.265199999852944,53.37837000160564],[-6.265280000073758,53.37863000085102]]},"properties":{"Route":"","Infrastructure type":"Bus lane (unclassified)","Length (m)":29.4,"Source":"NTA BikeLife Survey (2013-2021, published Feb 2021)"}},{"type":"Feature","geometry":{"type":"LineString","coordinates":[[-6.26549000002941,53.37437000092263],[-6.265239999434042,53.37493000094003]]},"properties":{"Route":"","Infrastructure type":"Bus lane (unclassified)","Length (m)":64.5,"Source":"NTA BikeLife Survey (2013-2021, published Feb 2021)"}},{"type":"Feature","geometry":{"type":"LineString","coordinates":[[-6.10291999991796,53.185700000267765],[-6.102639999747162,53.185740001038]]},"properties":{"Route":"","Infrastructure type":"Bus lane (unclassified)","Length (m)":19.2,"Source":"NTA BikeLife Survey (2013-2021, published Feb 2021)"}},{"type":"Feature","geometry":{"type":"LineString","coordinates":[[-6.1023299991005056,53.18577000067826],[-6.100919999819466,53.186020001288234]]},"properties":{"Route":"","Infrastructure type":"Bus lane (unclassified)","Length (m)":98.3,"Source":"NTA BikeLife Survey (2013-2021, published Feb 2021)"}},{"type":"Feature","geometry":{"type":"LineString","coordinates":[[-6.218006798442647,53.30900214809189],[-6.218270304827121,53.309123243904686]]},"properties":{"Route":"","Infrastructure type":"Bus lane (unclassified)","Length (m)":22.1,"Source":"NTA BikeLife Survey (2013-2021, published Feb 2021)"}},{"type":"Feature","geometry":{"type":"LineString","coordinates":[[-6.289120000248513,53.33241000055442],[-6.289230000160145,53.33243000099745],[-6.289360000868655,53.33248000098774],[-6.289530000544377,53.33255000032636]]},"properties":{"Route":"","Infrastructure type":"Bus lane (unclassified)","Length (m)":31.7,"Source":"NTA BikeLife Survey (2013-2021, published Feb 2021)"}},{"type":"Feature","geometry":{"type":"LineString","coordinates":[[-6.281739999042742,53.34973000061016],[-6.281719998957811,53.349880001375816],[-6.281739999177837,53.3500400003917]]},"properties":{"Route":"","Infrastructure type":"Bus lane (unclassified)","Length (m)":34.6,"Source":"NTA BikeLife Survey (2013-2021, published Feb 2021)"}},{"type":"Feature","geometry":{"type":"LineString","coordinates":[[-6.201830000075875,53.31284000085837],[-6.202499999677277,53.313730000751]]},"properties":{"Route":"","Infrastructure type":"Bus lane (unclassified)","Length (m)":108.7,"Source":"NTA BikeLife Survey (2013-2021, published Feb 2021)"}},{"type":"Feature","geometry":{"type":"LineString","coordinates":[[-6.170799999804429,53.40184000062528],[-6.171040000026759,53.40187000154485],[-6.171680000153439,53.40204000128732],[-6.172039999871979,53.40212000105148],[-6.172799999910211,53.40222000148874],[-6.176839999071473,53.40242000066176]]},"properties":{"Route":"","Infrastructure type":"Bus lane (unclassified)","Length (m)":409.8,"Source":"NTA BikeLife Survey (2013-2021, published Feb 2021)"}},{"type":"Feature","geometry":{"type":"LineString","coordinates":[[-6.162010000323488,53.39882000042253],[-6.162460000665181,53.398980000616085],[-6.163039999808019,53.39914000157122],[-6.164769999365304,53.399630000137975],[-6.1665699996500924,53.40020000056355],[-6.167740000490171,53.40060000134907],[-6.1698999990433725,53.401360001142905],[-6.1701600000547305,53.401420001087466],[-6.170370000030382,53.40144000078013]]},"properties":{"Route":"","Infrastructure type":"Bus lane (unclassified)","Length (m)":629.2,"Source":"NTA BikeLife Survey (2013-2021, published Feb 2021)"}},{"type":"Feature","geometry":{"type":"LineString","coordinates":[[-6.161979999567298,53.39898000088692],[-6.162739999565357,53.3991400009678],[-6.163949999006957,53.39947000077347],[-6.165669999698365,53.39999000111873],[-6.1665599995885705,53.40028000079867],[-6.169469999830629,53.40129000028668],[-6.169879999999569,53.40145000044341],[-6.17001999911768,53.40153000124932],[-6.170169998991651,53.40166000084916]]},"properties":{"Route":"","Infrastructure type":"Bus lane (unclassified)","Length (m)":624.6,"Source":"NTA BikeLife Survey (2013-2021, published Feb 2021)"}},{"type":"Feature","geometry":{"type":"LineString","coordinates":[[-6.28263000019969,53.372230000957245],[-6.283039999565481,53.37239000028617],[-6.2834800004893205,53.37258000126996]]},"properties":{"Route":"","Infrastructure type":"Bus lane (unclassified)","Length (m)":68.7,"Source":"NTA BikeLife Survey (2013-2021, published Feb 2021)"}},{"type":"Feature","geometry":{"type":"LineString","coordinates":[[-6.185840000421219,53.27884000028738],[-6.186489999718266,53.27912000063622],[-6.186789999308397,53.2792300009669]]},"properties":{"Route":"","Infrastructure type":"Bus lane (unclassified)","Length (m)":76.9,"Source":"NTA BikeLife Survey (2013-2021, published Feb 2021)"}},{"type":"Feature","geometry":{"type":"LineString","coordinates":[[-6.140789999929895,53.250180000697526],[-6.141110000845012,53.25048000082876]]},"properties":{"Route":"","Infrastructure type":"Bus lane (unclassified)","Length (m)":39.6,"Source":"NTA BikeLife Survey (2013-2021, published Feb 2021)"}},{"type":"Feature","geometry":{"type":"LineString","coordinates":[[-6.139680000537111,53.24908000019663],[-6.140079999596127,53.24937000021787]]},"properties":{"Route":"","Infrastructure type":"Bus lane (unclassified)","Length (m)":41.9,"Source":"NTA BikeLife Survey (2013-2021, published Feb 2021)"}},{"type":"Feature","geometry":{"type":"LineString","coordinates":[[-6.146570000567644,53.25958000056892],[-6.146889999488617,53.260010001039944],[-6.147179999451653,53.26036000050049],[-6.147469998855084,53.260640001212245],[-6.1477099999055245,53.26084000057167],[-6.148080000464251,53.26112000069967],[-6.148409999454485,53.26135000056124],[-6.148729999804282,53.261540000467726],[-6.149080000720534,53.26172000106489]]},"properties":{"Route":"","Infrastructure type":"Bus lane (unclassified)","Length (m)":294.3,"Source":"NTA BikeLife Survey (2013-2021, published Feb 2021)"}},{"type":"Feature","geometry":{"type":"LineString","coordinates":[[-6.1440700004065905,53.253570000378325],[-6.144799999112732,53.25437000052011]]},"properties":{"Route":"","Infrastructure type":"Bus lane (unclassified)","Length (m)":101.5,"Source":"NTA BikeLife Survey (2013-2021, published Feb 2021)"}},{"type":"Feature","geometry":{"type":"LineString","coordinates":[[-6.14458000017626,53.254400001166914],[-6.144839999368426,53.25474000059549],[-6.145079999449725,53.25512000114919],[-6.145259999659067,53.25551000100729],[-6.1453900003219255,53.25588000087536],[-6.145579999486825,53.25661000078749],[-6.145649999539457,53.256900000314516]]},"properties":{"Route":"","Infrastructure type":"Bus lane (unclassified)","Length (m)":288.8,"Source":"NTA BikeLife Survey (2013-2021, published Feb 2021)"}},{"type":"Feature","geometry":{"type":"LineString","coordinates":[[-6.141110000845012,53.25048000082876],[-6.141369999130565,53.2507100009947],[-6.141930000577371,53.251340000823355]]},"properties":{"Route":"","Infrastructure type":"Bus lane (unclassified)","Length (m)":110.4,"Source":"NTA BikeLife Survey (2013-2021, published Feb 2021)"}},{"type":"Feature","geometry":{"type":"LineString","coordinates":[[-6.1412699992223025,53.250390000923474],[-6.141610000738908,53.25072000030782],[-6.141909999988613,53.25105000063491],[-6.142069999448926,53.251230000740584],[-6.1429900004198945,53.25232000040335],[-6.1440700004065905,53.253570000378325]]},"properties":{"Route":"","Infrastructure type":"Bus lane (unclassified)","Length (m)":400.4,"Source":"NTA BikeLife Survey (2013-2021, published Feb 2021)"}},{"type":"Feature","geometry":{"type":"LineString","coordinates":[[-6.142599999343674,53.252130000667634],[-6.142919999586783,53.252510000565906],[-6.143290000742718,53.25295000128403],[-6.14389000010547,53.25362000155903]]},"properties":{"Route":"","Infrastructure type":"Bus lane (unclassified)","Length (m)":186.9,"Source":"NTA BikeLife Survey (2013-2021, published Feb 2021)"}},{"type":"Feature","geometry":{"type":"LineString","coordinates":[[-6.141930000577371,53.251340000823355],[-6.142599999343674,53.252130000667634]]},"properties":{"Route":"","Infrastructure type":"Bus lane (unclassified)","Length (m)":98.6,"Source":"NTA BikeLife Survey (2013-2021, published Feb 2021)"}},{"type":"Feature","geometry":{"type":"LineString","coordinates":[[-6.141059999992192,53.2501900008023],[-6.1412699992223025,53.250390000923474]]},"properties":{"Route":"","Infrastructure type":"Bus lane (unclassified)","Length (m)":26.3,"Source":"NTA BikeLife Survey (2013-2021, published Feb 2021)"}},{"type":"Feature","geometry":{"type":"LineString","coordinates":[[-6.145649999539457,53.256900000314516],[-6.145870000701125,53.25776000081385],[-6.146020000870457,53.25834000115584]]},"properties":{"Route":"","Infrastructure type":"Bus lane (unclassified)","Length (m)":162.2,"Source":"NTA BikeLife Survey (2013-2021, published Feb 2021)"}},{"type":"Feature","geometry":{"type":"LineString","coordinates":[[-6.144799999112732,53.25437000052011],[-6.1451100000030765,53.2548100014805],[-6.1452899995203705,53.25511000045581],[-6.145420000765578,53.25542000096344],[-6.145480000943887,53.25557000085367],[-6.145519999968566,53.25573000010562],[-6.145660000039187,53.25622000023781],[-6.145829999826934,53.25688000058742]]},"properties":{"Route":"","Infrastructure type":"Bus lane (unclassified)","Length (m)":289.0,"Source":"NTA BikeLife Survey (2013-2021, published Feb 2021)"}},{"type":"Feature","geometry":{"type":"LineString","coordinates":[[-6.194740000315881,53.28813000090778],[-6.194899999317667,53.288480001127866],[-6.195099999947213,53.28880000151941],[-6.195239999475618,53.28899000095167]]},"properties":{"Route":"","Infrastructure type":"Bus lane (unclassified)","Length (m)":101.5,"Source":"NTA BikeLife Survey (2013-2021, published Feb 2021)"}},{"type":"Feature","geometry":{"type":"LineString","coordinates":[[-6.191200000607414,53.28101000064688],[-6.191400000166509,53.28108000027423],[-6.1917199989641105,53.281210000905844],[-6.192010000565565,53.281340000580926],[-6.192360000488515,53.28152000060317],[-6.192730000336873,53.28176000120938]]},"properties":{"Route":"","Infrastructure type":"Bus lane (unclassified)","Length (m)":132.5,"Source":"NTA BikeLife Survey (2013-2021, published Feb 2021)"}},{"type":"Feature","geometry":{"type":"LineString","coordinates":[[-6.187449999478903,53.279380000990336],[-6.188639999852174,53.279870001536715],[-6.189049998973343,53.280050000849684]]},"properties":{"Route":"","Infrastructure type":"Bus lane (unclassified)","Length (m)":130.2,"Source":"NTA BikeLife Survey (2013-2021, published Feb 2021)"}},{"type":"Feature","geometry":{"type":"LineString","coordinates":[[-6.149820000608414,53.261890000581],[-6.150889999218949,53.2623800006302]]},"properties":{"Route":"","Infrastructure type":"Bus lane (unclassified)","Length (m)":89.8,"Source":"NTA BikeLife Survey (2013-2021, published Feb 2021)"}},{"type":"Feature","geometry":{"type":"LineString","coordinates":[[-6.189049998973343,53.280050000849684],[-6.189249999803579,53.28014000134608],[-6.189909999356255,53.28039000130243]]},"properties":{"Route":"","Infrastructure type":"Bus lane (unclassified)","Length (m)":68.8,"Source":"NTA BikeLife Survey (2013-2021, published Feb 2021)"}},{"type":"Feature","geometry":{"type":"LineString","coordinates":[[-6.177899999499729,53.274850001328595],[-6.178179999813216,53.274960000318984],[-6.178570000809538,53.27513000096727],[-6.179419999252099,53.27561000072357]]},"properties":{"Route":"","Infrastructure type":"Bus lane (unclassified)","Length (m)":132.4,"Source":"NTA BikeLife Survey (2013-2021, published Feb 2021)"}},{"type":"Feature","geometry":{"type":"LineString","coordinates":[[-6.167559999111005,53.27111000144476],[-6.16804999986861,53.27130000124312]]},"properties":{"Route":"","Infrastructure type":"Bus lane (unclassified)","Length (m)":38.9,"Source":"NTA BikeLife Survey (2013-2021, published Feb 2021)"}},{"type":"Feature","geometry":{"type":"LineString","coordinates":[[-6.175220000001149,53.27404000081209],[-6.176179999560138,53.27427000135058]]},"properties":{"Route":"","Infrastructure type":"Bus lane (unclassified)","Length (m)":69.0,"Source":"NTA BikeLife Survey (2013-2021, published Feb 2021)"}},{"type":"Feature","geometry":{"type":"LineString","coordinates":[[-6.171269999381053,53.27243000053646],[-6.171930000216639,53.272810001357215],[-6.172419999208751,53.27309000104242],[-6.172620000215064,53.273190000763286]]},"properties":{"Route":"","Infrastructure type":"Bus lane (unclassified)","Length (m)":123.6,"Source":"NTA BikeLife Survey (2013-2021, published Feb 2021)"}},{"type":"Feature","geometry":{"type":"LineString","coordinates":[[-6.172260000367086,53.27282000125652],[-6.1728199997958795,53.273130000542416]]},"properties":{"Route":"","Infrastructure type":"Bus lane (unclassified)","Length (m)":50.9,"Source":"NTA BikeLife Survey (2013-2021, published Feb 2021)"}},{"type":"Feature","geometry":{"type":"LineString","coordinates":[[-6.159500000343986,53.266810000899035],[-6.160070000134041,53.26724000116372],[-6.160629999751353,53.2676000011298],[-6.161040000650407,53.26785000124654],[-6.161740000746969,53.26822000054009],[-6.16243999969881,53.268540001457865],[-6.163309999298859,53.26894000102204],[-6.163929999255632,53.26923000035393],[-6.164460000345383,53.26949000072271]]},"properties":{"Route":"","Infrastructure type":"Bus lane (unclassified)","Length (m)":447.2,"Source":"NTA BikeLife Survey (2013-2021, published Feb 2021)"}},{"type":"Feature","geometry":{"type":"LineString","coordinates":[[-6.171359999795032,53.2723100007779],[-6.172260000367086,53.27282000125652]]},"properties":{"Route":"","Infrastructure type":"Bus lane (unclassified)","Length (m)":82.6,"Source":"NTA BikeLife Survey (2013-2021, published Feb 2021)"}},{"type":"Feature","geometry":{"type":"LineString","coordinates":[[-6.166970001106604,53.27069000071069],[-6.167679999896179,53.27101000080653],[-6.167940000234721,53.27112000089238],[-6.168710000127749,53.27139000054786],[-6.16894999928152,53.271460001305435],[-6.169879999240071,53.27174000094284]]},"properties":{"Route":"","Infrastructure type":"Bus lane (unclassified)","Length (m)":227.2,"Source":"NTA BikeLife Survey (2013-2021, published Feb 2021)"}},{"type":"Feature","geometry":{"type":"LineString","coordinates":[[-6.1728199997958795,53.273130000542416],[-6.173600000932755,53.27349000110479]]},"properties":{"Route":"","Infrastructure type":"Bus lane (unclassified)","Length (m)":65.7,"Source":"NTA BikeLife Survey (2013-2021, published Feb 2021)"}},{"type":"Feature","geometry":{"type":"LineString","coordinates":[[-6.205340000301465,53.2995300006897],[-6.205680000932854,53.300190001283674],[-6.206189999701291,53.301120000796224],[-6.206280000555577,53.301270000484],[-6.206469999999071,53.30157000079388],[-6.206659999991776,53.30185000012526],[-6.206839999778287,53.30207000050044],[-6.207009998930032,53.30226000024917]]},"properties":{"Route":"","Infrastructure type":"Bus lane (unclassified)","Length (m)":324.2,"Source":"NTA BikeLife Survey (2013-2021, published Feb 2021)"}},{"type":"Feature","geometry":{"type":"LineString","coordinates":[[-6.194359999892595,53.28682000070799],[-6.19435000057398,53.28710000070256],[-6.194360000513611,53.287290000934675],[-6.194379999191828,53.287480000675764],[-6.194419999877111,53.28767000129837],[-6.194529999071337,53.288030001180225],[-6.194669999809192,53.2883800009142],[-6.194840000279453,53.28868000070328],[-6.195109999791666,53.289080000393064]]},"properties":{"Route":"","Infrastructure type":"Bus lane (unclassified)","Length (m)":258.9,"Source":"NTA BikeLife Survey (2013-2021, published Feb 2021)"}},{"type":"Feature","geometry":{"type":"LineString","coordinates":[[-6.1908800007919735,53.28089000075949],[-6.191200000607414,53.28101000064688]]},"properties":{"Route":"","Infrastructure type":"Bus lane (unclassified)","Length (m)":25.2,"Source":"NTA BikeLife Survey (2013-2021, published Feb 2021)"}},{"type":"Feature","geometry":{"type":"LineString","coordinates":[[-6.196589999932728,53.29037000072864],[-6.196929998965526,53.29058000076027],[-6.197720000666815,53.29105000044134],[-6.198550000426411,53.29155000147948],[-6.199539999759033,53.29213000117954],[-6.20082999996656,53.292900000466055]]},"properties":{"Route":"","Infrastructure type":"Bus lane (unclassified)","Length (m)":399.0,"Source":"NTA BikeLife Survey (2013-2021, published Feb 2021)"}},{"type":"Feature","geometry":{"type":"LineString","coordinates":[[-6.185529999640511,53.27858000118331],[-6.186439999448095,53.27896000048217],[-6.187449999478903,53.279380000990336]]},"properties":{"Route":"","Infrastructure type":"Bus lane (unclassified)","Length (m)":156.0,"Source":"NTA BikeLife Survey (2013-2021, published Feb 2021)"}},{"type":"Feature","geometry":{"type":"LineString","coordinates":[[-6.196389999589032,53.29007000016705],[-6.1965799994576685,53.29021000101608],[-6.19684999908828,53.29038000082935],[-6.197109999200834,53.29053000090131],[-6.19773999976657,53.29091000022133],[-6.198330000051562,53.29125000060323],[-6.199049999887483,53.29168000078964],[-6.199710000197758,53.292090001339346],[-6.200450000338853,53.29252000087561],[-6.200939999553613,53.29281000048496]]},"properties":{"Route":"","Infrastructure type":"Bus lane (unclassified)","Length (m)":430.3,"Source":"NTA BikeLife Survey (2013-2021, published Feb 2021)"}},{"type":"Feature","geometry":{"type":"LineString","coordinates":[[-6.2040999998325095,53.296440000623384],[-6.20414000101099,53.29668000087563]]},"properties":{"Route":"","Infrastructure type":"Bus lane (unclassified)","Length (m)":26.8,"Source":"NTA BikeLife Survey (2013-2021, published Feb 2021)"}},{"type":"Feature","geometry":{"type":"LineString","coordinates":[[-6.214099999508638,53.30745000053291],[-6.214630000408207,53.307760000886915],[-6.215170000311749,53.30804000104515],[-6.215860000966324,53.308410001178565]]},"properties":{"Route":"","Infrastructure type":"Bus lane (unclassified)","Length (m)":158.7,"Source":"NTA BikeLife Survey (2013-2021, published Feb 2021)"}},{"type":"Feature","geometry":{"type":"LineString","coordinates":[[-6.216720000161047,53.30884000102508],[-6.217440000896416,53.30922000114811],[-6.21762999997752,53.30934000055885]]},"properties":{"Route":"","Infrastructure type":"Bus lane (unclassified)","Length (m)":82.4,"Source":"NTA BikeLife Survey (2013-2021, published Feb 2021)"}},{"type":"Feature","geometry":{"type":"LineString","coordinates":[[-6.217759999456148,53.30940000097563],[-6.2186600001264924,53.30985000063277],[-6.219259999307944,53.31018000040178],[-6.2194500001141835,53.310300000453296],[-6.2197900004611535,53.3105500005455],[-6.2199499993725045,53.31068000074177],[-6.220210000369292,53.31096000094249],[-6.220299999547732,53.31111000101599]]},"properties":{"Route":"","Infrastructure type":"Bus lane (unclassified)","Length (m)":258.1,"Source":"NTA BikeLife Survey (2013-2021, published Feb 2021)"}},{"type":"Feature","geometry":{"type":"LineString","coordinates":[[-6.207399998994908,53.302640000989584],[-6.208060000197673,53.303190001524186]]},"properties":{"Route":"","Infrastructure type":"Bus lane (unclassified)","Length (m)":75.4,"Source":"NTA BikeLife Survey (2013-2021, published Feb 2021)"}},{"type":"Feature","geometry":{"type":"LineString","coordinates":[[-6.205369999120223,53.299990000916836],[-6.205770000441606,53.3007200004263],[-6.205979999625926,53.30111000075019],[-6.206220000100988,53.30154000024283],[-6.206599999187608,53.30203000069708],[-6.206859999296792,53.30233000139052],[-6.206960000385557,53.302420000618]]},"properties":{"Route":"","Infrastructure type":"Bus lane (unclassified)","Length (m)":291.4,"Source":"NTA BikeLife Survey (2013-2021, published Feb 2021)"}},{"type":"Feature","geometry":{"type":"LineString","coordinates":[[-6.223620000633754,53.31404000041636],[-6.2243700001493005,53.31431000114783]]},"properties":{"Route":"","Infrastructure type":"Bus lane (unclassified)","Length (m)":58.3,"Source":"NTA BikeLife Survey (2013-2021, published Feb 2021)"}},{"type":"Feature","geometry":{"type":"LineString","coordinates":[[-6.230229999737544,53.31786000000163],[-6.230630000229699,53.318140000766434],[-6.230930000259841,53.318350000873245],[-6.23195000104964,53.319070000774424],[-6.232040000060845,53.31918000115693]]},"properties":{"Route":"","Infrastructure type":"Bus lane (unclassified)","Length (m)":190.5,"Source":"NTA BikeLife Survey (2013-2021, published Feb 2021)"}},{"type":"Feature","geometry":{"type":"LineString","coordinates":[[-6.405320000895429,53.32458000060709],[-6.405250000589827,53.324660001331765],[-6.405189999277095,53.324700000884384]]},"properties":{"Route":"","Infrastructure type":"Bus lane (unclassified)","Length (m)":16.0,"Source":"NTA BikeLife Survey (2013-2021, published Feb 2021)"}},{"type":"Feature","geometry":{"type":"LineString","coordinates":[[-6.459619999569301,53.354350000897774],[-6.4600200004490125,53.354570001137986],[-6.4613499991119605,53.3553200015089]]},"properties":{"Route":"","Infrastructure type":"Bus lane (unclassified)","Length (m)":157.9,"Source":"NTA BikeLife Survey (2013-2021, published Feb 2021)"}},{"type":"Feature","geometry":{"type":"LineString","coordinates":[[-6.15656999944895,53.26507000079073],[-6.157279999423852,53.26541000051208]]},"properties":{"Route":"","Infrastructure type":"Bus lane (unclassified)","Length (m)":60.6,"Source":"NTA BikeLife Survey (2013-2021, published Feb 2021)"}},{"type":"Feature","geometry":{"type":"LineString","coordinates":[[-6.164460000345383,53.26949000072271],[-6.164689999844912,53.269600000908376],[-6.165070000259032,53.269780000905875],[-6.16545999993628,53.26996000074407],[-6.166060000478419,53.27025000095853]]},"properties":{"Route":"","Infrastructure type":"Bus lane (unclassified)","Length (m)":136.2,"Source":"NTA BikeLife Survey (2013-2021, published Feb 2021)"}},{"type":"Feature","geometry":{"type":"LineString","coordinates":[[-6.209770000308839,53.30438000148617],[-6.211220000471495,53.30539000140105]]},"properties":{"Route":"","Infrastructure type":"Bus lane (unclassified)","Length (m)":148.3,"Source":"NTA BikeLife Survey (2013-2021, published Feb 2021)"}},{"type":"Feature","geometry":{"type":"LineString","coordinates":[[-6.232620000330404,53.32999000083609],[-6.232870000240569,53.330120001029194]]},"properties":{"Route":"","Infrastructure type":"Bus lane (unclassified)","Length (m)":22.1,"Source":"NTA BikeLife Survey (2013-2021, published Feb 2021)"}},{"type":"Feature","geometry":{"type":"LineString","coordinates":[[-6.431470000967876,53.33272000021281],[-6.431379999556411,53.33284000085456],[-6.431309999909785,53.33297000104092]]},"properties":{"Route":"","Infrastructure type":"Bus lane (unclassified)","Length (m)":29.8,"Source":"NTA BikeLife Survey (2013-2021, published Feb 2021)"}},{"type":"Feature","geometry":{"type":"LineString","coordinates":[[-6.406200000058912,53.32256000010452],[-6.40626000012393,53.3227100009369],[-6.406360000415465,53.32285000135339]]},"properties":{"Route":"","Infrastructure type":"Bus lane (unclassified)","Length (m)":34.1,"Source":"NTA BikeLife Survey (2013-2021, published Feb 2021)"}},{"type":"Feature","geometry":{"type":"LineString","coordinates":[[-6.211590000948227,53.3182900007394],[-6.211949999681534,53.31845000091355],[-6.2124599993807434,53.31870000011463]]},"properties":{"Route":"","Infrastructure type":"Bus lane (unclassified)","Length (m)":73.8,"Source":"NTA BikeLife Survey (2013-2021, published Feb 2021)"}},{"type":"Feature","geometry":{"type":"LineString","coordinates":[[-6.20414000101099,53.29668000087563],[-6.204219999644291,53.29718000102398]]},"properties":{"Route":"","Infrastructure type":"Bus lane (unclassified)","Length (m)":55.9,"Source":"NTA BikeLife Survey (2013-2021, published Feb 2021)"}},{"type":"Feature","geometry":{"type":"LineString","coordinates":[[-6.176179999560138,53.27427000135058],[-6.177190000720799,53.274490000483155],[-6.17781000017142,53.274680001134094],[-6.178169999436017,53.274820000822835]]},"properties":{"Route":"","Infrastructure type":"Bus lane (unclassified)","Length (m)":146.8,"Source":"NTA BikeLife Survey (2013-2021, published Feb 2021)"}},{"type":"Feature","geometry":{"type":"LineString","coordinates":[[-6.159009999913186,53.26663000071917],[-6.1592899996944865,53.266850000479145],[-6.159519999698074,53.26703000057466]]},"properties":{"Route":"","Infrastructure type":"Bus lane (unclassified)","Length (m)":56.0,"Source":"NTA BikeLife Survey (2013-2021, published Feb 2021)"}},{"type":"Feature","geometry":{"type":"LineString","coordinates":[[-6.166550000477908,53.27064000140748],[-6.167559999111005,53.27111000144476]]},"properties":{"Route":"","Infrastructure type":"Bus lane (unclassified)","Length (m)":85.3,"Source":"NTA BikeLife Survey (2013-2021, published Feb 2021)"}},{"type":"Feature","geometry":{"type":"LineString","coordinates":[[-6.431309999909785,53.33297000104092],[-6.431259999831817,53.33305000108124],[-6.431210000317803,53.3331900008034],[-6.431130000360089,53.333470000736014],[-6.431040001012451,53.333790001020375],[-6.430869999689037,53.33437000104466],[-6.430749999946589,53.33477000064861],[-6.430650000347533,53.33511000108316],[-6.430570000926689,53.33544000123749],[-6.430469999843499,53.335760001591304],[-6.430379998895603,53.336050001461864],[-6.430310000524772,53.336330000245866],[-6.430239999706087,53.336540001130764],[-6.430130000372744,53.336890001577636]]},"properties":{"Route":"","Infrastructure type":"Bus lane (unclassified)","Length (m)":443.5,"Source":"NTA BikeLife Survey (2013-2021, published Feb 2021)"}},{"type":"Feature","geometry":{"type":"LineString","coordinates":[[-6.150769999628578,53.262530001364155],[-6.154699999515332,53.264380001136644],[-6.156750000164646,53.26536000137347],[-6.15725999961786,53.26559000072005],[-6.157679999504197,53.26580000099079]]},"properties":{"Route":"","Infrastructure type":"Bus lane (unclassified)","Length (m)":587.4,"Source":"NTA BikeLife Survey (2013-2021, published Feb 2021)"}},{"type":"Feature","geometry":{"type":"LineString","coordinates":[[-6.362709999904586,53.32010000126988],[-6.3613600007985,53.320580000444544],[-6.360849999672878,53.32076000141801]]},"properties":{"Route":"","Infrastructure type":"Bus lane (unclassified)","Length (m)":144.1,"Source":"NTA BikeLife Survey (2013-2021, published Feb 2021)"}},{"type":"Feature","geometry":{"type":"LineString","coordinates":[[-6.140079999596127,53.24937000021787],[-6.140509999969269,53.249720001693376],[-6.140660000818689,53.24984000024763],[-6.140839999642449,53.25001000080074]]},"properties":{"Route":"","Infrastructure type":"Bus lane (unclassified)","Length (m)":87.5,"Source":"NTA BikeLife Survey (2013-2021, published Feb 2021)"}},{"type":"Feature","geometry":{"type":"LineString","coordinates":[[-6.146020000870457,53.25834000115584],[-6.146199999933616,53.25891000081253],[-6.146279999511277,53.259110000847556],[-6.146570000567644,53.25958000056892]]},"properties":{"Route":"","Infrastructure type":"Bus lane (unclassified)","Length (m)":143.2,"Source":"NTA BikeLife Survey (2013-2021, published Feb 2021)"}},{"type":"Feature","geometry":{"type":"LineString","coordinates":[[-6.148230000634446,53.26098000086288],[-6.148540000694132,53.26121000067899],[-6.148850000422684,53.261400001332]]},"properties":{"Route":"","Infrastructure type":"Bus lane (unclassified)","Length (m)":62.5,"Source":"NTA BikeLife Survey (2013-2021, published Feb 2021)"}},{"type":"Feature","geometry":{"type":"LineString","coordinates":[[-6.169799999820835,53.27185000082164],[-6.170330000076725,53.27202000120642]]},"properties":{"Route":"","Infrastructure type":"Bus lane (unclassified)","Length (m)":40.1,"Source":"NTA BikeLife Survey (2013-2021, published Feb 2021)"}},{"type":"Feature","geometry":{"type":"LineString","coordinates":[[-6.176109999651595,53.27438000102694],[-6.1766600008976145,53.27450000079034],[-6.177099999974323,53.27461000092502],[-6.177540000185085,53.27473000074734],[-6.177899999499729,53.274850001328595]]},"properties":{"Route":"","Infrastructure type":"Bus lane (unclassified)","Length (m)":130.6,"Source":"NTA BikeLife Survey (2013-2021, published Feb 2021)"}},{"type":"Feature","geometry":{"type":"LineString","coordinates":[[-6.432219999806386,53.32845000067872],[-6.432170000003827,53.32879000084665],[-6.432080000319007,53.32909000123445],[-6.431999999950111,53.329390000855525],[-6.431829999137466,53.329900001003296],[-6.431709999774351,53.33029000087943]]},"properties":{"Route":"","Infrastructure type":"Bus lane (unclassified)","Length (m)":207.7,"Source":"NTA BikeLife Survey (2013-2021, published Feb 2021)"}},{"type":"Feature","geometry":{"type":"LineString","coordinates":[[-6.288130000940139,53.33237000043322],[-6.28773999983624,53.33238000117628],[-6.287519999842207,53.33238000074683]]},"properties":{"Route":"","Infrastructure type":"Bus lane (unclassified)","Length (m)":40.7,"Source":"NTA BikeLife Survey (2013-2021, published Feb 2021)"}},{"type":"Feature","geometry":{"type":"LineString","coordinates":[[-6.103259999614101,53.18566000068455],[-6.10291999991796,53.185700000267765]]},"properties":{"Route":"","Infrastructure type":"Bus lane (unclassified)","Length (m)":23.2,"Source":"NTA BikeLife Survey (2013-2021, published Feb 2021)"}},{"type":"Feature","geometry":{"type":"LineString","coordinates":[[-6.1586000007309085,53.266140001367205],[-6.159099999168427,53.26650000050283],[-6.159500000343986,53.266810000899035]]},"properties":{"Route":"","Infrastructure type":"Bus lane (unclassified)","Length (m)":95.8,"Source":"NTA BikeLife Survey (2013-2021, published Feb 2021)"}},{"type":"Feature","geometry":{"type":"LineString","coordinates":[[-6.286070000239699,53.37519000150989],[-6.286330000238261,53.37578000054009]]},"properties":{"Route":"","Infrastructure type":"Bus lane (unclassified)","Length (m)":67.9,"Source":"NTA BikeLife Survey (2013-2021, published Feb 2021)"}},{"type":"Feature","geometry":{"type":"LineString","coordinates":[[-6.169879999240071,53.27174000094284],[-6.170309999304678,53.2718800010237],[-6.170710000413815,53.27202000120731],[-6.171019999802637,53.272150000319485],[-6.171359999795032,53.2723100007779]]},"properties":{"Route":"","Infrastructure type":"Bus lane (unclassified)","Length (m)":117.6,"Source":"NTA BikeLife Survey (2013-2021, published Feb 2021)"}},{"type":"Feature","geometry":{"type":"LineString","coordinates":[[-6.179559999431499,53.275530000603894],[-6.180219999680564,53.27592000074992],[-6.1808500006292135,53.27628000106263],[-6.18178999973892,53.27681000066548],[-6.18245999976385,53.277190000845],[-6.182789999893267,53.277370001519984],[-6.183429999683599,53.277690000213894]]},"properties":{"Route":"","Infrastructure type":"Bus lane (unclassified)","Length (m)":352.9,"Source":"NTA BikeLife Survey (2013-2021, published Feb 2021)"}},{"type":"Feature","geometry":{"type":"LineString","coordinates":[[-6.291990000835665,53.382400001166175],[-6.292360000737606,53.382680001614666],[-6.293279999867409,53.38343000096871],[-6.294100000743353,53.38408000119888]]},"properties":{"Route":"","Infrastructure type":"Bus lane (unclassified)","Length (m)":233.8,"Source":"NTA BikeLife Survey (2013-2021, published Feb 2021)"}},{"type":"Feature","geometry":{"type":"LineString","coordinates":[[-6.168550000051017,53.27148000117686],[-6.169229999682277,53.271690000795225],[-6.169799999820835,53.27185000082164]]},"properties":{"Route":"","Infrastructure type":"Bus lane (unclassified)","Length (m)":93.0,"Source":"NTA BikeLife Survey (2013-2021, published Feb 2021)"}},{"type":"Feature","geometry":{"type":"LineString","coordinates":[[-6.432040000271848,53.32820000078978],[-6.432170000625308,53.32830000035817],[-6.432210000515034,53.32838000080276],[-6.432219999806386,53.32845000067872]]},"properties":{"Route":"","Infrastructure type":"Bus lane (unclassified)","Length (m)":31.2,"Source":"NTA BikeLife Survey (2013-2021, published Feb 2021)"}},{"type":"Feature","geometry":{"type":"LineString","coordinates":[[-6.160090000225732,53.26745000026749],[-6.160349999970608,53.26762000107632],[-6.161019999646802,53.26801000100144],[-6.161980000081241,53.26849000114993],[-6.162570000341715,53.268760000842846],[-6.163699999432098,53.26929000080963],[-6.166550000477908,53.27064000140748]]},"properties":{"Route":"","Infrastructure type":"Bus lane (unclassified)","Length (m)":559.0,"Source":"NTA BikeLife Survey (2013-2021, published Feb 2021)"}},{"type":"Feature","geometry":{"type":"LineString","coordinates":[[-6.192479999112607,53.28145000161762],[-6.19269999913198,53.2815900001966],[-6.19289999930041,53.28174000120125]]},"properties":{"Route":"","Infrastructure type":"Bus lane (unclassified)","Length (m)":42.8,"Source":"NTA BikeLife Survey (2013-2021, published Feb 2021)"}},{"type":"Feature","geometry":{"type":"LineString","coordinates":[[-6.26413999931749,53.36015000109076],[-6.2641899996702195,53.36016000055191],[-6.264430000392433,53.36018000083761],[-6.265190000642079,53.360230001317056]]},"properties":{"Route":"","Infrastructure type":"Bus lane (unclassified)","Length (m)":70.5,"Source":"NTA BikeLife Survey (2013-2021, published Feb 2021)"}},{"type":"Feature","geometry":{"type":"LineString","coordinates":[[-6.202500000124262,53.29408000113485],[-6.202679998931577,53.294270001074615],[-6.203010000106705,53.29464000071028],[-6.2033099993833725,53.29500000088824],[-6.203550000785777,53.295360000596766],[-6.2037799994471365,53.29579000068503],[-6.203840000010571,53.29604000066907],[-6.203909999988851,53.296280000780236],[-6.203939999419083,53.29649000045123],[-6.2039600002483,53.2967100008505]]},"properties":{"Route":"","Infrastructure type":"Bus lane (unclassified)","Length (m)":312.4,"Source":"NTA BikeLife Survey (2013-2021, published Feb 2021)"}},{"type":"Feature","geometry":{"type":"LineString","coordinates":[[-6.20895999895099,53.303810000898245],[-6.209770000308839,53.30438000148617]]},"properties":{"Route":"","Infrastructure type":"Bus lane (unclassified)","Length (m)":83.3,"Source":"NTA BikeLife Survey (2013-2021, published Feb 2021)"}},{"type":"Feature","geometry":{"type":"LineString","coordinates":[[-6.211220000471495,53.30539000140105],[-6.21226999962057,53.30612000002561],[-6.213050000779312,53.30665000026435],[-6.213379999999162,53.30686000115465],[-6.2139899992088115,53.3072300012169]]},"properties":{"Route":"","Infrastructure type":"Bus lane (unclassified)","Length (m)":275.8,"Source":"NTA BikeLife Survey (2013-2021, published Feb 2021)"}},{"type":"Feature","geometry":{"type":"LineString","coordinates":[[-6.2243700001493005,53.31431000114783],[-6.225359999916754,53.31465000112199]]},"properties":{"Route":"","Infrastructure type":"Bus lane (unclassified)","Length (m)":76.1,"Source":"NTA BikeLife Survey (2013-2021, published Feb 2021)"}},{"type":"Feature","geometry":{"type":"LineString","coordinates":[[-6.220819999827189,53.3115000014328],[-6.221250000309785,53.31209000045179],[-6.221439999166793,53.31236000148517],[-6.221750000515871,53.31277000054963],[-6.221869999774774,53.31290000114404],[-6.222140000837726,53.31316000067801],[-6.222430000414358,53.313390001067184]]},"properties":{"Route":"","Infrastructure type":"Bus lane (unclassified)","Length (m)":237.0,"Source":"NTA BikeLife Survey (2013-2021, published Feb 2021)"}},{"type":"Feature","geometry":{"type":"LineString","coordinates":[[-6.228409999723543,53.31664000070499],[-6.228989999081704,53.31707000080094]]},"properties":{"Route":"","Infrastructure type":"Bus lane (unclassified)","Length (m)":61.5,"Source":"NTA BikeLife Survey (2013-2021, published Feb 2021)"}},{"type":"Feature","geometry":{"type":"LineString","coordinates":[[-6.226000000672432,53.31503000164943],[-6.226180000247164,53.3151200010236],[-6.226330000317613,53.31521000070907],[-6.2265999996728665,53.31537000048612],[-6.226770000577746,53.315480000929156],[-6.226929999941654,53.3156000001191],[-6.227099999569388,53.31571000095592],[-6.227269999887449,53.31583000092711],[-6.227939999308571,53.31630000043142],[-6.228409999723543,53.31664000070499]]},"properties":{"Route":"","Infrastructure type":"Bus lane (unclassified)","Length (m)":241.0,"Source":"NTA BikeLife Survey (2013-2021, published Feb 2021)"}},{"type":"Feature","geometry":{"type":"LineString","coordinates":[[-6.40602000055571,53.32302000103645],[-6.4060400007145235,53.32311000044601],[-6.406130000566554,53.32318000133991]]},"properties":{"Route":"","Infrastructure type":"Bus lane (unclassified)","Length (m)":19.9,"Source":"NTA BikeLife Survey (2013-2021, published Feb 2021)"}},{"type":"Feature","geometry":{"type":"LineString","coordinates":[[-6.28938999944011,53.380850000750904],[-6.28999999987894,53.38118000084023],[-6.290899999757968,53.38170000057563],[-6.291370000546511,53.38198000162644]]},"properties":{"Route":"","Infrastructure type":"Bus lane (unclassified)","Length (m)":182.2,"Source":"NTA BikeLife Survey (2013-2021, published Feb 2021)"}},{"type":"Feature","geometry":{"type":"LineString","coordinates":[[-6.308699999647925,53.34202000160148],[-6.309070000233858,53.34205000110518]]},"properties":{"Route":"","Infrastructure type":"Bus lane (unclassified)","Length (m)":24.9,"Source":"NTA BikeLife Survey (2013-2021, published Feb 2021)"}},{"type":"Feature","geometry":{"type":"LineString","coordinates":[[-6.290719999317937,53.288840001243685],[-6.290299999184725,53.28978000081417]]},"properties":{"Route":"","Infrastructure type":"Bus lane (unclassified)","Length (m)":108.3,"Source":"NTA BikeLife Survey (2013-2021, published Feb 2021)"}},{"type":"Feature","geometry":{"type":"LineString","coordinates":[[-6.170030000454753,53.287060001197894],[-6.170540000410836,53.28729000093695]]},"properties":{"Route":"","Infrastructure type":"Bus lane (unclassified)","Length (m)":42.6,"Source":"NTA BikeLife Survey (2013-2021, published Feb 2021)"}},{"type":"Feature","geometry":{"type":"LineString","coordinates":[[-6.135610000542314,53.246440001289656],[-6.1364900009977825,53.247110000313775],[-6.136649999462802,53.247260001095555]]},"properties":{"Route":"","Infrastructure type":"Bus lane (unclassified)","Length (m)":114.7,"Source":"NTA BikeLife Survey (2013-2021, published Feb 2021)"}},{"type":"Feature","geometry":{"type":"LineString","coordinates":[[-6.261690000543133,53.35247000103626],[-6.261710000916279,53.35267000088633]]},"properties":{"Route":"","Infrastructure type":"Bus lane (unclassified)","Length (m)":22.3,"Source":"NTA BikeLife Survey (2013-2021, published Feb 2021)"}},{"type":"Feature","geometry":{"type":"LineString","coordinates":[[-6.263009999987794,53.35405000104261],[-6.263199999246912,53.35420000085741]]},"properties":{"Route":"","Infrastructure type":"Bus lane (unclassified)","Length (m)":20.9,"Source":"NTA BikeLife Survey (2013-2021, published Feb 2021)"}},{"type":"Feature","geometry":{"type":"LineString","coordinates":[[-6.253769999887063,53.37073000021356],[-6.253699999116189,53.370840001290425]]},"properties":{"Route":"","Infrastructure type":"Bus lane (unclassified)","Length (m)":13.1,"Source":"NTA BikeLife Survey (2013-2021, published Feb 2021)"}},{"type":"Feature","geometry":{"type":"LineString","coordinates":[[-6.431839999738877,53.3302900012096],[-6.431800000312459,53.33040000068048],[-6.431720000800287,53.3306800010835],[-6.431659999762304,53.33086000057278],[-6.431520000190002,53.33130000039485],[-6.43138999955253,53.331700001382664],[-6.431320000200604,53.33196000005556],[-6.4313300002188605,53.332030000878994]]},"properties":{"Route":"","Infrastructure type":"Bus lane (unclassified)","Length (m)":196.9,"Source":"NTA BikeLife Survey (2013-2021, published Feb 2021)"}},{"type":"Feature","geometry":{"type":"LineString","coordinates":[[-6.18978999969993,53.28047000078584],[-6.1908800007919735,53.28089000075949]]},"properties":{"Route":"","Infrastructure type":"Bus lane (unclassified)","Length (m)":86.4,"Source":"NTA BikeLife Survey (2013-2021, published Feb 2021)"}},{"type":"Feature","geometry":{"type":"LineString","coordinates":[[-6.195239999475618,53.28899000095167],[-6.1954600001021864,53.289260000480844],[-6.1955599999651145,53.28936000117172]]},"properties":{"Route":"","Infrastructure type":"Bus lane (unclassified)","Length (m)":46.4,"Source":"NTA BikeLife Survey (2013-2021, published Feb 2021)"}},{"type":"Feature","geometry":{"type":"LineString","coordinates":[[-6.406360000415465,53.32285000135339],[-6.406490000019642,53.322870001581855],[-6.4065899996185065,53.32293000089494]]},"properties":{"Route":"","Infrastructure type":"Bus lane (unclassified)","Length (m)":18.4,"Source":"NTA BikeLife Survey (2013-2021, published Feb 2021)"}},{"type":"Feature","geometry":{"type":"LineString","coordinates":[[-6.229080000021569,53.31704000160074],[-6.2296700001769905,53.317460000895714],[-6.230229999737544,53.31786000000163]]},"properties":{"Route":"","Infrastructure type":"Bus lane (unclassified)","Length (m)":119.2,"Source":"NTA BikeLife Survey (2013-2021, published Feb 2021)"}},{"type":"Feature","geometry":{"type":"LineString","coordinates":[[-6.2215399999537,53.37304000061919],[-6.221510000828666,53.3731300002244]]},"properties":{"Route":"","Infrastructure type":"Bus lane (unclassified)","Length (m)":10.2,"Source":"NTA BikeLife Survey (2013-2021, published Feb 2021)"}},{"type":"Feature","geometry":{"type":"LineString","coordinates":[[-6.282180000552399,53.350770001321465],[-6.282440001128692,53.350940000393344]]},"properties":{"Route":"","Infrastructure type":"Bus lane (unclassified)","Length (m)":25.6,"Source":"NTA BikeLife Survey (2013-2021, published Feb 2021)"}},{"type":"Feature","geometry":{"type":"LineString","coordinates":[[-6.1873799992913145,53.27948000127442],[-6.188500001049394,53.27994000109867],[-6.188969999941199,53.2801400007778]]},"properties":{"Route":"","Infrastructure type":"Bus lane (unclassified)","Length (m)":129.0,"Source":"NTA BikeLife Survey (2013-2021, published Feb 2021)"}},{"type":"Feature","geometry":{"type":"LineString","coordinates":[[-6.221699999722658,53.373070000900974],[-6.221510000828666,53.3731300002244]]},"properties":{"Route":"","Infrastructure type":"Bus lane (unclassified)","Length (m)":14.3,"Source":"NTA BikeLife Survey (2013-2021, published Feb 2021)"}},{"type":"Feature","geometry":{"type":"LineString","coordinates":[[-6.280259999490281,53.370770000882885],[-6.280949999776816,53.371330000865115],[-6.2814599995173275,53.37168000106097],[-6.281809999403364,53.371880000356114],[-6.28232999952776,53.3721100010422]]},"properties":{"Route":"","Infrastructure type":"Bus lane (unclassified)","Length (m)":204.4,"Source":"NTA BikeLife Survey (2013-2021, published Feb 2021)"}},{"type":"Feature","geometry":{"type":"LineString","coordinates":[[-6.32862000024176,53.32398000137575],[-6.328550000368457,53.323990000341155],[-6.328100000067048,53.32403000039386]]},"properties":{"Route":"","Infrastructure type":"Bus lane (unclassified)","Length (m)":35.1,"Source":"NTA BikeLife Survey (2013-2021, published Feb 2021)"}},{"type":"Feature","geometry":{"type":"LineString","coordinates":[[-6.1945399999901305,53.286810000864925],[-6.194519999652855,53.287120001532806],[-6.194529999688281,53.287270001175834],[-6.194569999332524,53.28754000107572],[-6.194620000414193,53.28777000081566],[-6.1946799999338635,53.28796000124057],[-6.194740000315881,53.28813000090778]]},"properties":{"Route":"","Infrastructure type":"Bus lane (unclassified)","Length (m)":148.1,"Source":"NTA BikeLife Survey (2013-2021, published Feb 2021)"}},{"type":"Feature","geometry":{"type":"LineString","coordinates":[[-6.208660000532356,53.303610000620786],[-6.20895999895099,53.303810000898245]]},"properties":{"Route":"","Infrastructure type":"Bus lane (unclassified)","Length (m)":29.9,"Source":"NTA BikeLife Survey (2013-2021, published Feb 2021)"}},{"type":"Feature","geometry":{"type":"LineString","coordinates":[[-6.280159998904909,53.370820001131406],[-6.280730000171542,53.371320000781154],[-6.2810499995086415,53.37156000111022]]},"properties":{"Route":"","Infrastructure type":"Bus lane (unclassified)","Length (m)":101.5,"Source":"NTA BikeLife Survey (2013-2021, published Feb 2021)"}},{"type":"Feature","geometry":{"type":"LineString","coordinates":[[-6.261710000916279,53.35267000088633],[-6.2617000006916115,53.35278000080803],[-6.26169000080397,53.352920001222884]]},"properties":{"Route":"","Infrastructure type":"Bus lane (unclassified)","Length (m)":27.9,"Source":"NTA BikeLife Survey (2013-2021, published Feb 2021)"}},{"type":"Feature","geometry":{"type":"LineString","coordinates":[[-6.22923999900036,53.31726000025317],[-6.230149999484496,53.31790000043014]]},"properties":{"Route":"","Infrastructure type":"Bus lane (unclassified)","Length (m)":93.5,"Source":"NTA BikeLife Survey (2013-2021, published Feb 2021)"}},{"type":"Feature","geometry":{"type":"LineString","coordinates":[[-6.406130000566554,53.32318000133991],[-6.40604999967158,53.32331000102303],[-6.405429999357588,53.32395000070747],[-6.405150000261523,53.324180000963544],[-6.404860000152237,53.32439000075884]]},"properties":{"Route":"","Infrastructure type":"Bus lane (unclassified)","Length (m)":159.8,"Source":"NTA BikeLife Survey (2013-2021, published Feb 2021)"}},{"type":"Feature","geometry":{"type":"LineString","coordinates":[[-6.2822400007479615,53.372180000681695],[-6.28288999906825,53.37243000061429],[-6.283309999839565,53.37261000108109]]},"properties":{"Route":"","Infrastructure type":"Bus lane (unclassified)","Length (m)":85.8,"Source":"NTA BikeLife Survey (2013-2021, published Feb 2021)"}},{"type":"Feature","geometry":{"type":"LineString","coordinates":[[-6.208339999229893,53.30355000104904],[-6.208519999786347,53.30368000124538]]},"properties":{"Route":"","Infrastructure type":"Bus lane (unclassified)","Length (m)":18.8,"Source":"NTA BikeLife Survey (2013-2021, published Feb 2021)"}},{"type":"Feature","geometry":{"type":"LineString","coordinates":[[-6.406410000482706,53.32321000060278],[-6.406219999546898,53.323350001243284],[-6.406049999929639,53.32350000100956],[-6.405289999986365,53.32429000134492],[-6.405250000501466,53.32434000047925],[-6.405240000307599,53.324420000697124]]},"properties":{"Route":"","Infrastructure type":"Bus lane (unclassified)","Length (m)":156.8,"Source":"NTA BikeLife Survey (2013-2021, published Feb 2021)"}},{"type":"Feature","geometry":{"type":"LineString","coordinates":[[-6.431109999907186,53.332040000124735],[-6.430999999948661,53.33222000054023],[-6.430899999917903,53.33232000065151]]},"properties":{"Route":"","Infrastructure type":"Bus lane (unclassified)","Length (m)":34.3,"Source":"NTA BikeLife Survey (2013-2021, published Feb 2021)"}},{"type":"Feature","geometry":{"type":"LineString","coordinates":[[-6.4313300002188605,53.332030000878994],[-6.431339999711195,53.3321100007456],[-6.431390000657464,53.3322000007378],[-6.43146000040081,53.33228000125517]]},"properties":{"Route":"","Infrastructure type":"Bus lane (unclassified)","Length (m)":29.5,"Source":"NTA BikeLife Survey (2013-2021, published Feb 2021)"}},{"type":"Feature","geometry":{"type":"LineString","coordinates":[[-6.185479999285676,53.27869000045844],[-6.185840000421219,53.27884000028738]]},"properties":{"Route":"","Infrastructure type":"Bus lane (unclassified)","Length (m)":29.2,"Source":"NTA BikeLife Survey (2013-2021, published Feb 2021)"}},{"type":"Feature","geometry":{"type":"LineString","coordinates":[[-6.415099999653159,53.359050000648296],[-6.416930000523942,53.35906000091737]]},"properties":{"Route":"","Infrastructure type":"Bus lane (unclassified)","Length (m)":121.8,"Source":"NTA BikeLife Survey (2013-2021, published Feb 2021)"}},{"type":"Feature","geometry":{"type":"LineString","coordinates":[[-6.345830000504729,53.32606000051296],[-6.345439999362177,53.32617000068154]]},"properties":{"Route":"","Infrastructure type":"Bus lane (unclassified)","Length (m)":28.7,"Source":"NTA BikeLife Survey (2013-2021, published Feb 2021)"}},{"type":"Feature","geometry":{"type":"LineString","coordinates":[[-6.264899999375669,53.37711000080508],[-6.265060000178133,53.377800000935856],[-6.265199999852944,53.37837000160564]]},"properties":{"Route":"","Infrastructure type":"Bus lane (unclassified)","Length (m)":141.6,"Source":"NTA BikeLife Survey (2013-2021, published Feb 2021)"}},{"type":"Feature","geometry":{"type":"LineString","coordinates":[[-6.228989999081704,53.31707000080094],[-6.22923999900036,53.31726000025317]]},"properties":{"Route":"","Infrastructure type":"Bus lane (unclassified)","Length (m)":26.9,"Source":"NTA BikeLife Survey (2013-2021, published Feb 2021)"}},{"type":"Feature","geometry":{"type":"LineString","coordinates":[[-6.137620000062022,53.24802000101044],[-6.138119999826304,53.24838000107519]]},"properties":{"Route":"","Infrastructure type":"Bus lane (unclassified)","Length (m)":52.1,"Source":"NTA BikeLife Survey (2013-2021, published Feb 2021)"}},{"type":"Feature","geometry":{"type":"LineString","coordinates":[[-6.188969999941199,53.2801400007778],[-6.189470000278455,53.280350000650316],[-6.18978999969993,53.28047000078584]]},"properties":{"Route":"","Infrastructure type":"Bus lane (unclassified)","Length (m)":65.9,"Source":"NTA BikeLife Survey (2013-2021, published Feb 2021)"}},{"type":"Feature","geometry":{"type":"LineString","coordinates":[[-6.204219999644291,53.29718000102398],[-6.2043100006602545,53.29753000103621],[-6.204429999953794,53.29782000123224],[-6.204649999152649,53.29827000043742],[-6.20497999894131,53.29888000115995],[-6.205340000301465,53.2995300006897]]},"properties":{"Route":"","Infrastructure type":"Bus lane (unclassified)","Length (m)":272.4,"Source":"NTA BikeLife Survey (2013-2021, published Feb 2021)"}},{"type":"Feature","geometry":{"type":"LineString","coordinates":[[-6.189909999356255,53.28039000130243],[-6.190250000715455,53.28052000044505],[-6.190869999448503,53.28077000079927],[-6.191299999276136,53.28091000027262]]},"properties":{"Route":"","Infrastructure type":"Bus lane (unclassified)","Length (m)":109.4,"Source":"NTA BikeLife Survey (2013-2021, published Feb 2021)"}},{"type":"Feature","geometry":{"type":"LineString","coordinates":[[-6.317519999945156,53.325260001013035],[-6.317260000110133,53.32536000098118],[-6.317089999902985,53.32543000067489],[-6.316840000533489,53.32554000073526]]},"properties":{"Route":"","Infrastructure type":"Bus lane (unclassified)","Length (m)":55.0,"Source":"NTA BikeLife Survey (2013-2021, published Feb 2021)"}},{"type":"Feature","geometry":{"type":"LineString","coordinates":[[-6.178169999436017,53.274820000822835],[-6.178519999889483,53.27497000074764],[-6.178909999181961,53.2751800009898],[-6.179559999431499,53.275530000603894]]},"properties":{"Route":"","Infrastructure type":"Bus lane (unclassified)","Length (m)":122.0,"Source":"NTA BikeLife Survey (2013-2021, published Feb 2021)"}},{"type":"Feature","geometry":{"type":"LineString","coordinates":[[-6.286019999701527,53.37467000035257],[-6.286150000316603,53.37498000063866]]},"properties":{"Route":"","Infrastructure type":"Bus lane (unclassified)","Length (m)":35.6,"Source":"NTA BikeLife Survey (2013-2021, published Feb 2021)"}},{"type":"Feature","geometry":{"type":"LineString","coordinates":[[-6.288369999843574,53.34343000092364],[-6.288189999857569,53.34343000070682],[-6.287929999354602,53.34345000028333]]},"properties":{"Route":"","Infrastructure type":"Bus lane (unclassified)","Length (m)":29.4,"Source":"NTA BikeLife Survey (2013-2021, published Feb 2021)"}},{"type":"Feature","geometry":{"type":"LineString","coordinates":[[-6.345439999362177,53.32617000068154],[-6.3447599999234106,53.326380001567145],[-6.343630000520866,53.326720000554005]]},"properties":{"Route":"","Infrastructure type":"Bus lane (unclassified)","Length (m)":135.2,"Source":"NTA BikeLife Survey (2013-2021, published Feb 2021)"}},{"type":"Feature","geometry":{"type":"LineString","coordinates":[[-6.235990000275084,53.3421000009631],[-6.236789999666869,53.342230001450126]]},"properties":{"Route":"","Infrastructure type":"Bus lane (unclassified)","Length (m)":55.2,"Source":"NTA BikeLife Survey (2013-2021, published Feb 2021)"}},{"type":"Feature","geometry":{"type":"LineString","coordinates":[[-6.406629999955354,53.32309000040802],[-6.406549999458143,53.32317000042998],[-6.406410000482706,53.32321000060278]]},"properties":{"Route":"","Infrastructure type":"Bus lane (unclassified)","Length (m)":20.7,"Source":"NTA BikeLife Survey (2013-2021, published Feb 2021)"}},{"type":"Feature","geometry":{"type":"LineString","coordinates":[[-6.208810000107651,53.30388000090829],[-6.209709999648702,53.30449000037185]]},"properties":{"Route":"","Infrastructure type":"Bus lane (unclassified)","Length (m)":90.6,"Source":"NTA BikeLife Survey (2013-2021, published Feb 2021)"}},{"type":"Feature","geometry":{"type":"LineString","coordinates":[[-6.343630000520866,53.326720000554005],[-6.342859999957964,53.32693000018289]]},"properties":{"Route":"","Infrastructure type":"Bus lane (unclassified)","Length (m)":56.4,"Source":"NTA BikeLife Survey (2013-2021, published Feb 2021)"}},{"type":"Feature","geometry":{"type":"LineString","coordinates":[[-6.285939999789679,53.37453000147419],[-6.286019999701527,53.37467000035257]]},"properties":{"Route":"","Infrastructure type":"Bus lane (unclassified)","Length (m)":16.5,"Source":"NTA BikeLife Survey (2013-2021, published Feb 2021)"}},{"type":"Feature","geometry":{"type":"LineString","coordinates":[[-6.431709999774351,53.33029000087943],[-6.431679999838551,53.33039000059018],[-6.4315700002291685,53.33072000083323],[-6.43142000048986,53.33119000105367],[-6.431270000058548,53.33164000115818],[-6.431169999710817,53.33192000151216],[-6.431109999907186,53.332040000124735]]},"properties":{"Route":"","Infrastructure type":"Bus lane (unclassified)","Length (m)":198.9,"Source":"NTA BikeLife Survey (2013-2021, published Feb 2021)"}},{"type":"Feature","geometry":{"type":"LineString","coordinates":[[-6.228489999290979,53.316610000801994],[-6.229080000021569,53.31704000160074]]},"properties":{"Route":"","Infrastructure type":"Bus lane (unclassified)","Length (m)":61.9,"Source":"NTA BikeLife Survey (2013-2021, published Feb 2021)"}},{"type":"Feature","geometry":{"type":"LineString","coordinates":[[-6.179419999252099,53.27561000072357],[-6.180229999942055,53.276080000815625],[-6.180579999596791,53.27627000064946],[-6.1812600003045315,53.27667000117496],[-6.18198000003613,53.277070000966475],[-6.182909999218796,53.277600000757396],[-6.183939999819373,53.27806000091491],[-6.184600000660686,53.278320000637656]]},"properties":{"Route":"","Infrastructure type":"Bus lane (unclassified)","Length (m)":459.7,"Source":"NTA BikeLife Survey (2013-2021, published Feb 2021)"}},{"type":"Feature","geometry":{"type":"LineString","coordinates":[[-6.207350000542032,53.30278000085986],[-6.207740000299643,53.30311000058611],[-6.207979999689984,53.30330000105585],[-6.208339999229893,53.30355000104904]]},"properties":{"Route":"","Infrastructure type":"Bus lane (unclassified)","Length (m)":108.3,"Source":"NTA BikeLife Survey (2013-2021, published Feb 2021)"}},{"type":"Feature","geometry":{"type":"LineString","coordinates":[[-6.279419999699062,53.36092000015875],[-6.279329999515841,53.36092000030566]]},"properties":{"Route":"","Infrastructure type":"Bus lane (unclassified)","Length (m)":6.0,"Source":"NTA BikeLife Survey (2013-2021, published Feb 2021)"}},{"type":"Feature","geometry":{"type":"LineString","coordinates":[[-6.193769999869867,53.28312000123357],[-6.193949999836616,53.283480000947854]]},"properties":{"Route":"","Infrastructure type":"Bus lane (unclassified)","Length (m)":41.8,"Source":"NTA BikeLife Survey (2013-2021, published Feb 2021)"}},{"type":"Feature","geometry":{"type":"LineString","coordinates":[[-6.1751200006466,53.2741600004531],[-6.176109999651595,53.27438000102694]]},"properties":{"Route":"","Infrastructure type":"Bus lane (unclassified)","Length (m)":70.4,"Source":"NTA BikeLife Survey (2013-2021, published Feb 2021)"}},{"type":"Feature","geometry":{"type":"LineString","coordinates":[[-6.138119999826304,53.24838000107519],[-6.139040000500722,53.248980000483556],[-6.139530000798282,53.24928000059667],[-6.139810000365995,53.24936000056322]]},"properties":{"Route":"","Infrastructure type":"Bus lane (unclassified)","Length (m)":158.2,"Source":"NTA BikeLife Survey (2013-2021, published Feb 2021)"}},{"type":"Feature","geometry":{"type":"LineString","coordinates":[[-6.364739999573824,53.319140001166986],[-6.364490000014519,53.31922000118565],[-6.363809999427398,53.3194700011663],[-6.362529999893257,53.31994000104289],[-6.361760000365869,53.32022000075529]]},"properties":{"Route":"","Infrastructure type":"Bus lane (unclassified)","Length (m)":232.2,"Source":"NTA BikeLife Survey (2013-2021, published Feb 2021)"}},{"type":"Feature","geometry":{"type":"LineString","coordinates":[[-6.326449999796798,53.324300000666014],[-6.326120000906464,53.324340000551665],[-6.325480000379632,53.32442000058659],[-6.324889999781013,53.324480000759635]]},"properties":{"Route":"","Infrastructure type":"Bus lane (unclassified)","Length (m)":105.9,"Source":"NTA BikeLife Survey (2013-2021, published Feb 2021)"}},{"type":"Feature","geometry":{"type":"LineString","coordinates":[[-6.263819999133499,53.3575000009024],[-6.263440000806841,53.35784000056638],[-6.2631700007187545,53.358030001586386]]},"properties":{"Route":"","Infrastructure type":"Bus lane (unclassified)","Length (m)":73.3,"Source":"NTA BikeLife Survey (2013-2021, published Feb 2021)"}},{"type":"Feature","geometry":{"type":"LineString","coordinates":[[-6.14389000010547,53.25362000155903],[-6.14458000017626,53.254400001166914]]},"properties":{"Route":"","Infrastructure type":"Bus lane (unclassified)","Length (m)":98.3,"Source":"NTA BikeLife Survey (2013-2021, published Feb 2021)"}},{"type":"Feature","geometry":{"type":"LineString","coordinates":[[-6.170330000076725,53.27202000120642],[-6.170500000470174,53.27208000080833],[-6.17083000068394,53.272220001281845],[-6.171269999381053,53.27243000053646]]},"properties":{"Route":"","Infrastructure type":"Bus lane (unclassified)","Length (m)":77.7,"Source":"NTA BikeLife Survey (2013-2021, published Feb 2021)"}},{"type":"Feature","geometry":{"type":"LineString","coordinates":[[-6.265700000440862,53.37383000088372],[-6.26553999954669,53.37427000099682],[-6.26549000002941,53.37437000092263]]},"properties":{"Route":"","Infrastructure type":"Bus lane (unclassified)","Length (m)":61.7,"Source":"NTA BikeLife Survey (2013-2021, published Feb 2021)"}},{"type":"Feature","geometry":{"type":"LineString","coordinates":[[-6.265870000074516,53.372810000995734],[-6.265820000038411,53.37321000035578],[-6.265770000024513,53.37356000084613],[-6.265700000440862,53.37383000088372]]},"properties":{"Route":"","Infrastructure type":"Bus lane (unclassified)","Length (m)":114.1,"Source":"NTA BikeLife Survey (2013-2021, published Feb 2021)"}},{"type":"Feature","geometry":{"type":"LineString","coordinates":[[-6.411830000928297,53.358860001182805],[-6.412329999730188,53.35891000139746],[-6.413039999934684,53.358970000739504],[-6.413669999354431,53.35901000028068],[-6.415099999653159,53.359050000648296]]},"properties":{"Route":"","Infrastructure type":"Bus lane (unclassified)","Length (m)":219.0,"Source":"NTA BikeLife Survey (2013-2021, published Feb 2021)"}},{"type":"Feature","geometry":{"type":"LineString","coordinates":[[-6.18773999976021,53.30100000048134],[-6.1870800002627515,53.301190000819375]]},"properties":{"Route":"","Infrastructure type":"Bus lane (unclassified)","Length (m)":48.8,"Source":"NTA BikeLife Survey (2013-2021, published Feb 2021)"}},{"type":"Feature","geometry":{"type":"LineString","coordinates":[[-6.281600000476966,53.3311400017051],[-6.281680000186349,53.33115000107274],[-6.28236000028127,53.331270000878156],[-6.282559999268513,53.3313100013038],[-6.2826999994114825,53.331340000367284]]},"properties":{"Route":"","Infrastructure type":"Bus lane (unclassified)","Length (m)":76.6,"Source":"NTA BikeLife Survey (2013-2021, published Feb 2021)"}},{"type":"Feature","geometry":{"type":"LineString","coordinates":[[-6.283670000033887,53.33152000119247],[-6.28421000021077,53.33164000103788],[-6.285030000410455,53.33183000033783],[-6.285869999958511,53.33203000105232]]},"properties":{"Route":"","Infrastructure type":"Bus lane (unclassified)","Length (m)":157.2,"Source":"NTA BikeLife Survey (2013-2021, published Feb 2021)"}},{"type":"Feature","geometry":{"type":"LineString","coordinates":[[-6.2507699993712915,53.34200000089739],[-6.250970000226271,53.34204000109945],[-6.251100000184357,53.34208000127054]]},"properties":{"Route":"","Infrastructure type":"Bus lane (unclassified)","Length (m)":23.8,"Source":"NTA BikeLife Survey (2013-2021, published Feb 2021)"}},{"type":"Feature","geometry":{"type":"LineString","coordinates":[[-6.422850000366136,53.35889000100979],[-6.422979999515474,53.35900000061023],[-6.423140000310932,53.35905000062462],[-6.42367999993663,53.35915000048516],[-6.42445999928573,53.35929000096779],[-6.425279999675407,53.35943000108492],[-6.425770000832927,53.35947000083449]]},"properties":{"Route":"","Infrastructure type":"Bus lane (unclassified)","Length (m)":208.6,"Source":"NTA BikeLife Survey (2013-2021, published Feb 2021)"}},{"type":"Feature","geometry":{"type":"LineString","coordinates":[[-6.430130000372744,53.336890001577636],[-6.430049999187487,53.33714000085624],[-6.430029999247044,53.33725000040786]]},"properties":{"Route":"","Infrastructure type":"Bus lane (unclassified)","Length (m)":40.6,"Source":"NTA BikeLife Survey (2013-2021, published Feb 2021)"}},{"type":"Feature","geometry":{"type":"LineString","coordinates":[[-6.226809999329628,53.364670000784784],[-6.225160000025966,53.36539000101767]]},"properties":{"Route":"","Infrastructure type":"Bus lane (unclassified)","Length (m)":136.0,"Source":"NTA BikeLife Survey (2013-2021, published Feb 2021)"}},{"type":"Feature","geometry":{"type":"LineString","coordinates":[[-6.2717799994574035,53.36451000084769],[-6.271759999464136,53.36464000141147]]},"properties":{"Route":"","Infrastructure type":"Bus lane (unclassified)","Length (m)":14.5,"Source":"NTA BikeLife Survey (2013-2021, published Feb 2021)"}},{"type":"Feature","geometry":{"type":"LineString","coordinates":[[-6.277870000794673,53.331780001087736],[-6.277239999498153,53.331880001350655]]},"properties":{"Route":"","Infrastructure type":"Bus lane (unclassified)","Length (m)":43.4,"Source":"NTA BikeLife Survey (2013-2021, published Feb 2021)"}},{"type":"Feature","geometry":{"type":"LineString","coordinates":[[-6.279649999795896,53.33137000107071],[-6.2792699995522705,53.33146000101142],[-6.278810000141613,53.3315700008288]]},"properties":{"Route":"","Infrastructure type":"Bus lane (unclassified)","Length (m)":60.2,"Source":"NTA BikeLife Survey (2013-2021, published Feb 2021)"}},{"type":"Feature","geometry":{"type":"LineString","coordinates":[[-6.433360000705357,53.35980000067382],[-6.434809999919956,53.35996000072694]]},"properties":{"Route":"","Infrastructure type":"Bus lane (unclassified)","Length (m)":98.2,"Source":"NTA BikeLife Survey (2013-2021, published Feb 2021)"}},{"type":"Feature","geometry":{"type":"LineString","coordinates":[[-6.374879999851399,53.378180000569365],[-6.373939999699189,53.37846000095357],[-6.372889999612526,53.3786800010873],[-6.372129999657512,53.37883000044148],[-6.371720000077136,53.37901000119249]]},"properties":{"Route":"","Infrastructure type":"Bus lane (unclassified)","Length (m)":231.0,"Source":"NTA BikeLife Survey (2013-2021, published Feb 2021)"}},{"type":"Feature","geometry":{"type":"LineString","coordinates":[[-6.318519999489315,53.32497000107297],[-6.318200000833539,53.32501000143905],[-6.31791000068306,53.3250700008821],[-6.3176899995116536,53.32513000086767],[-6.317449999305985,53.32521000083168]]},"properties":{"Route":"","Infrastructure type":"Bus lane (unclassified)","Length (m)":76.6,"Source":"NTA BikeLife Survey (2013-2021, published Feb 2021)"}},{"type":"Feature","geometry":{"type":"LineString","coordinates":[[-6.281790000002239,53.35020000090018],[-6.281840000439986,53.35038000075092]]},"properties":{"Route":"","Infrastructure type":"Bus lane (unclassified)","Length (m)":20.3,"Source":"NTA BikeLife Survey (2013-2021, published Feb 2021)"}},{"type":"Feature","geometry":{"type":"LineString","coordinates":[[-6.282320000180847,53.34749000044714],[-6.282190000293283,53.34794000107591]]},"properties":{"Route":"","Infrastructure type":"Bus lane (unclassified)","Length (m)":50.8,"Source":"NTA BikeLife Survey (2013-2021, published Feb 2021)"}},{"type":"Feature","geometry":{"type":"LineString","coordinates":[[-6.281840000439986,53.35038000075092],[-6.28183999929705,53.35039000087141],[-6.281859999070538,53.35044000103605],[-6.2818799996565025,53.350470000934905]]},"properties":{"Route":"","Infrastructure type":"Bus lane (unclassified)","Length (m)":10.4,"Source":"NTA BikeLife Survey (2013-2021, published Feb 2021)"}},{"type":"Feature","geometry":{"type":"LineString","coordinates":[[-6.286150000316603,53.37498000063866],[-6.286220000687773,53.37512000047483]]},"properties":{"Route":"","Infrastructure type":"Bus lane (unclassified)","Length (m)":16.3,"Source":"NTA BikeLife Survey (2013-2021, published Feb 2021)"}},{"type":"Feature","geometry":{"type":"LineString","coordinates":[[-6.209709999648702,53.30449000037185],[-6.210059999889583,53.30474000037533],[-6.210690000688521,53.30518000116506],[-6.211079999639263,53.30546000052862]]},"properties":{"Route":"","Infrastructure type":"Bus lane (unclassified)","Length (m)":141.4,"Source":"NTA BikeLife Survey (2013-2021, published Feb 2021)"}},{"type":"Feature","geometry":{"type":"LineString","coordinates":[[-6.277000000078999,53.33193000092927],[-6.276550000027309,53.332040000796006]]},"properties":{"Route":"","Infrastructure type":"Bus lane (unclassified)","Length (m)":32.4,"Source":"NTA BikeLife Survey (2013-2021, published Feb 2021)"}},{"type":"Feature","geometry":{"type":"LineString","coordinates":[[-6.2139899992088115,53.3072300012169],[-6.214837842899375,53.30755779407899],[-6.215432992118607,53.30783477520017],[-6.216083812474059,53.30812847183754]]},"properties":{"Route":"","Infrastructure type":"Bus lane (unclassified)","Length (m)":171.8,"Source":"NTA BikeLife Survey (2013-2021, published Feb 2021)"}},{"type":"Feature","geometry":{"type":"LineString","coordinates":[[-6.20293999980501,53.29432000170076],[-6.203149999258896,53.29456000083815],[-6.2033299993361055,53.2947800007955],[-6.203480000163402,53.29496000103407],[-6.203589999808792,53.2951200008832],[-6.2037200000573325,53.295290001147],[-6.203829999051123,53.295500000649284],[-6.2039299994310975,53.29573000021893],[-6.204000000910467,53.29597000121001],[-6.20406999964563,53.296230000984686],[-6.2040999998325095,53.296440000623384]]},"properties":{"Route":"","Infrastructure type":"Bus lane (unclassified)","Length (m)":250.7,"Source":"NTA BikeLife Survey (2013-2021, published Feb 2021)"}},{"type":"Feature","geometry":{"type":"LineString","coordinates":[[-6.318519999489315,53.32497000107297],[-6.318160000333703,53.325080000972555],[-6.317789999703311,53.32517000141609],[-6.317519999945156,53.325260001013035]]},"properties":{"Route":"","Infrastructure type":"Bus lane (unclassified)","Length (m)":74.1,"Source":"NTA BikeLife Survey (2013-2021, published Feb 2021)"}},{"type":"Feature","geometry":{"type":"LineString","coordinates":[[-6.283309999839565,53.37261000108109],[-6.283520000577674,53.37272000095498],[-6.283890000490647,53.37295000152077],[-6.284330000795128,53.3732900007553]]},"properties":{"Route":"","Infrastructure type":"Bus lane (unclassified)","Length (m)":101.9,"Source":"NTA BikeLife Survey (2013-2021, published Feb 2021)"}},{"type":"Feature","geometry":{"type":"LineString","coordinates":[[-6.219557187639444,53.30995530793312],[-6.21976673139295,53.31011853506344],[-6.219884443882101,53.31021784125176],[-6.220094896248212,53.31041905836636],[-6.22026999970753,53.310810001207294]]},"properties":{"Route":"","Infrastructure type":"Bus lane (unclassified)","Length (m)":107.9,"Source":"NTA BikeLife Survey (2013-2021, published Feb 2021)"}},{"type":"Feature","geometry":{"type":"LineString","coordinates":[[-6.430480000104516,53.359670001166606],[-6.431770000283788,53.35967000158509],[-6.4321900005742405,53.359690001578976],[-6.433360000705357,53.35980000067382]]},"properties":{"Route":"","Infrastructure type":"Bus lane (unclassified)","Length (m)":192.8,"Source":"NTA BikeLife Survey (2013-2021, published Feb 2021)"}},{"type":"Feature","geometry":{"type":"LineString","coordinates":[[-6.4311100003989745,53.332960000959375],[-6.431109999516432,53.33302000064551],[-6.431080000709707,53.33321000064026],[-6.431000000354568,53.33346000153652],[-6.430960000369632,53.33361000138827],[-6.430819999900891,53.334100000923236],[-6.430739999311369,53.33437000062313],[-6.43067000021623,53.33463000155466],[-6.4305599991571425,53.334980001531555],[-6.430450000366792,53.33539000110923],[-6.430340000409777,53.33577000071728],[-6.430229999265367,53.336140001150035],[-6.430139999781131,53.33647000063801],[-6.430050000160036,53.33672000048587],[-6.429950000444947,53.337030000453204],[-6.429880000466589,53.3372000013532],[-6.4298599998492625,53.33725000030247]]},"properties":{"Route":"","Infrastructure type":"Bus lane (unclassified)","Length (m)":484.9,"Source":"NTA BikeLife Survey (2013-2021, published Feb 2021)"}},{"type":"Feature","geometry":{"type":"LineString","coordinates":[[-6.271859999892186,53.364260000284496],[-6.27182527354796,53.364355498997114],[-6.271819999848241,53.36437000127869],[-6.2717799994574035,53.36451000084769]]},"properties":{"Route":"","Infrastructure type":"Bus lane (unclassified)","Length (m)":28.3,"Source":"NTA BikeLife Survey (2013-2021, published Feb 2021)"}},{"type":"Feature","geometry":{"type":"LineString","coordinates":[[-6.201470000282754,53.31232000109625],[-6.201830000075875,53.31284000085837]]},"properties":{"Route":"","Infrastructure type":"Bus lane (unclassified)","Length (m)":62.6,"Source":"NTA BikeLife Survey (2013-2021, published Feb 2021)"}},{"type":"Feature","geometry":{"type":"LineString","coordinates":[[-6.4070799990919465,53.32304000110248],[-6.4067999999694525,53.32306000071558],[-6.406629999955354,53.32309000040802]]},"properties":{"Route":"","Infrastructure type":"Bus lane (unclassified)","Length (m)":30.6,"Source":"NTA BikeLife Survey (2013-2021, published Feb 2021)"}},{"type":"Feature","geometry":{"type":"LineString","coordinates":[[-6.20613999968876,53.31664000119559],[-6.206699999668817,53.31685000058677],[-6.2071300004670995,53.3169900005471]]},"properties":{"Route":"","Infrastructure type":"Bus lane (unclassified)","Length (m)":76.7,"Source":"NTA BikeLife Survey (2013-2021, published Feb 2021)"}},{"type":"Feature","geometry":{"type":"LineString","coordinates":[[-6.245299999487308,53.396240000719395],[-6.245230000787401,53.396480001130556],[-6.245200000125607,53.39669000039825],[-6.245159999687602,53.39697000090717],[-6.245129999509199,53.39709000085972],[-6.245019999347232,53.3973100006544]]},"properties":{"Route":"","Infrastructure type":"Bus lane (unclassified)","Length (m)":120.9,"Source":"NTA BikeLife Survey (2013-2021, published Feb 2021)"}},{"type":"Feature","geometry":{"type":"LineString","coordinates":[[-6.282050000466547,53.350670000466195],[-6.282180000552399,53.350770001321465]]},"properties":{"Route":"","Infrastructure type":"Bus lane (unclassified)","Length (m)":14.1,"Source":"NTA BikeLife Survey (2013-2021, published Feb 2021)"}},{"type":"Feature","geometry":{"type":"LineString","coordinates":[[-6.2455399998353744,53.39501000068847],[-6.245299999487308,53.396240000719395]]},"properties":{"Route":"","Infrastructure type":"Bus lane (unclassified)","Length (m)":137.8,"Source":"NTA BikeLife Survey (2013-2021, published Feb 2021)"}},{"type":"Feature","geometry":{"type":"LineString","coordinates":[[-6.245620000119152,53.39466000098842],[-6.2455399998353744,53.39501000068847]]},"properties":{"Route":"","Infrastructure type":"Bus lane (unclassified)","Length (m)":39.3,"Source":"NTA BikeLife Survey (2013-2021, published Feb 2021)"}},{"type":"Feature","geometry":{"type":"LineString","coordinates":[[-6.361760000365869,53.32022000075529],[-6.3606800004752255,53.320610000167264]]},"properties":{"Route":"","Infrastructure type":"Bus lane (unclassified)","Length (m)":84.0,"Source":"NTA BikeLife Survey (2013-2021, published Feb 2021)"}},{"type":"Feature","geometry":{"type":"LineString","coordinates":[[-6.183429999683599,53.277690000213894],[-6.18471000001114,53.278240000571564]]},"properties":{"Route":"","Infrastructure type":"Bus lane (unclassified)","Length (m)":105.1,"Source":"NTA BikeLife Survey (2013-2021, published Feb 2021)"}},{"type":"Feature","geometry":{"type":"LineString","coordinates":[[-6.1292399992274875,53.18586000063356],[-6.128929999825437,53.18622000106567]]},"properties":{"Route":"","Infrastructure type":"Bus lane (unclassified)","Length (m)":45.1,"Source":"NTA BikeLife Survey (2013-2021, published Feb 2021)"}},{"type":"Feature","geometry":{"type":"LineString","coordinates":[[-6.244290000211888,53.382790001238135],[-6.244100000340054,53.38309000132815],[-6.243970000125407,53.383280000567325],[-6.243849998985036,53.38348000132652],[-6.2437799998750565,53.38362000072485],[-6.2436399999298615,53.38389000102686],[-6.243520000269308,53.38417000082977],[-6.2434300000328875,53.3843900007378]]},"properties":{"Route":"","Infrastructure type":"Bus lane (unclassified)","Length (m)":187.3,"Source":"NTA BikeLife Survey (2013-2021, published Feb 2021)"}},{"type":"Feature","geometry":{"type":"LineString","coordinates":[[-6.277070000560207,53.36082000080765],[-6.278089999602846,53.36087000101422],[-6.27887000020134,53.36090000026827],[-6.279329999515841,53.36092000030566]]},"properties":{"Route":"","Infrastructure type":"Bus lane (unclassified)","Length (m)":150.9,"Source":"NTA BikeLife Survey (2013-2021, published Feb 2021)"}},{"type":"Feature","geometry":{"type":"LineString","coordinates":[[-6.288680000786059,53.33237000017832],[-6.288869999802244,53.33238000062202],[-6.289120000248513,53.33241000055442]]},"properties":{"Route":"","Infrastructure type":"Bus lane (unclassified)","Length (m)":29.7,"Source":"NTA BikeLife Survey (2013-2021, published Feb 2021)"}},{"type":"Feature","geometry":{"type":"LineString","coordinates":[[-6.272540000469055,53.332150001077714],[-6.271880000653655,53.332280001252535]]},"properties":{"Route":"","Infrastructure type":"Bus lane (unclassified)","Length (m)":46.3,"Source":"NTA BikeLife Survey (2013-2021, published Feb 2021)"}},{"type":"Feature","geometry":{"type":"LineString","coordinates":[[-6.2919099998818275,53.38251000038818],[-6.292239999560024,53.38275000101143],[-6.292550000567276,53.38303000070482],[-6.293470000234038,53.383740000915104],[-6.293989999953322,53.38412000126575]]},"properties":{"Route":"","Infrastructure type":"Bus lane (unclassified)","Length (m)":226.5,"Source":"NTA BikeLife Survey (2013-2021, published Feb 2021)"}},{"type":"Feature","geometry":{"type":"LineString","coordinates":[[-6.289560000304212,53.38109000054295],[-6.291250000657216,53.38206000012546]]},"properties":{"Route":"","Infrastructure type":"Bus lane (unclassified)","Length (m)":155.9,"Source":"NTA BikeLife Survey (2013-2021, published Feb 2021)"}},{"type":"Feature","geometry":{"type":"LineString","coordinates":[[-6.327209999983236,53.32412000005353],[-6.326839999625589,53.32417000101712],[-6.326440000252478,53.32423000070761]]},"properties":{"Route":"","Infrastructure type":"Bus lane (unclassified)","Length (m)":52.8,"Source":"NTA BikeLife Survey (2013-2021, published Feb 2021)"}},{"type":"Feature","geometry":{"type":"LineString","coordinates":[[-6.420550000422338,53.35895000084587],[-6.4200600005123825,53.35900000139379],[-6.419549999833837,53.35904000116081],[-6.419149999903622,53.35906000104705],[-6.418019999370738,53.359070000674436]]},"properties":{"Route":"","Infrastructure type":"Bus lane (unclassified)","Length (m)":169.3,"Source":"NTA BikeLife Survey (2013-2021, published Feb 2021)"}},{"type":"Feature","geometry":{"type":"LineString","coordinates":[[-6.100919999819466,53.186020001288234],[-6.100589998919803,53.186080001316846]]},"properties":{"Route":"","Infrastructure type":"Bus lane (unclassified)","Length (m)":23.0,"Source":"NTA BikeLife Survey (2013-2021, published Feb 2021)"}},{"type":"Feature","geometry":{"type":"LineString","coordinates":[[-6.404892155714115,53.357657410944576],[-6.4053853409457515,53.35772691780248],[-6.406105112036632,53.35776349771406]]},"properties":{"Route":"","Infrastructure type":"Bus lane (unclassified)","Length (m)":81.8,"Source":"NTA BikeLife Survey (2013-2021, published Feb 2021)"}},{"type":"Feature","geometry":{"type":"LineString","coordinates":[[-6.405189999277095,53.324700000884384],[-6.4050900001089754,53.32482000130217],[-6.405009999639167,53.325150001155805]]},"properties":{"Route":"","Infrastructure type":"Bus lane (unclassified)","Length (m)":52.0,"Source":"NTA BikeLife Survey (2013-2021, published Feb 2021)"}},{"type":"Feature","geometry":{"type":"LineString","coordinates":[[-6.276550000027309,53.332040000796006],[-6.276319999478392,53.33210000073431]]},"properties":{"Route":"","Infrastructure type":"Bus lane (unclassified)","Length (m)":16.7,"Source":"NTA BikeLife Survey (2013-2021, published Feb 2021)"}},{"type":"Feature","geometry":{"type":"LineString","coordinates":[[-6.243310000485739,53.38467000122691],[-6.243259999863735,53.38482000088549],[-6.243050000348562,53.38553000111287]]},"properties":{"Route":"","Infrastructure type":"Bus lane (unclassified)","Length (m)":97.3,"Source":"NTA BikeLife Survey (2013-2021, published Feb 2021)"}},{"type":"Feature","geometry":{"type":"LineString","coordinates":[[-6.2868899998602785,53.33228000113452],[-6.287159998998266,53.33234000073595],[-6.28727999935166,53.3323600009662],[-6.287429999816168,53.332380001230014],[-6.287519999842207,53.33238000074683]]},"properties":{"Route":"","Infrastructure type":"Bus lane (unclassified)","Length (m)":43.7,"Source":"NTA BikeLife Survey (2013-2021, published Feb 2021)"}},{"type":"Feature","geometry":{"type":"LineString","coordinates":[[-6.37119000074578,53.37933000007113],[-6.369530000602296,53.380370000525495]]},"properties":{"Route":"","Infrastructure type":"Bus lane (unclassified)","Length (m)":160.0,"Source":"NTA BikeLife Survey (2013-2021, published Feb 2021)"}},{"type":"Feature","geometry":{"type":"LineString","coordinates":[[-6.317449999305985,53.32521000083168],[-6.317289999804369,53.325280000755804],[-6.3170999998031725,53.32537000080346]]},"properties":{"Route":"","Infrastructure type":"Bus lane (unclassified)","Length (m)":29.3,"Source":"NTA BikeLife Survey (2013-2021, published Feb 2021)"}},{"type":"Feature","geometry":{"type":"LineString","coordinates":[[-6.432529999887763,53.32818000044172],[-6.43242000053284,53.328380001201566],[-6.432389999836185,53.32846000118333]]},"properties":{"Route":"","Infrastructure type":"Bus lane (unclassified)","Length (m)":32.6,"Source":"NTA BikeLife Survey (2013-2021, published Feb 2021)"}},{"type":"Feature","geometry":{"type":"LineString","coordinates":[[-6.409379999550975,53.35850000106758],[-6.4099200001240915,53.358600000550744],[-6.410539999968159,53.35870000079857],[-6.411469999411857,53.35882000112196],[-6.411830000928297,53.358860001182805]]},"properties":{"Route":"","Infrastructure type":"Bus lane (unclassified)","Length (m)":168.1,"Source":"NTA BikeLife Survey (2013-2021, published Feb 2021)"}},{"type":"Feature","geometry":{"type":"LineString","coordinates":[[-6.209010000422052,53.31760000062317],[-6.209250000290547,53.31766000086054]]},"properties":{"Route":"","Infrastructure type":"Bus lane (unclassified)","Length (m)":17.3,"Source":"NTA BikeLife Survey (2013-2021, published Feb 2021)"}},{"type":"Feature","geometry":{"type":"LineString","coordinates":[[-6.216750506382137,53.308439280293044],[-6.218006798442647,53.30900214809189]]},"properties":{"Route":"","Infrastructure type":"Bus lane (unclassified)","Length (m)":104.6,"Source":"NTA BikeLife Survey (2013-2021, published Feb 2021)"}},{"type":"Feature","geometry":{"type":"LineString","coordinates":[[-6.100589998919803,53.186080001316846],[-6.09910000013767,53.18630000149871]]},"properties":{"Route":"","Infrastructure type":"Bus lane (unclassified)","Length (m)":102.6,"Source":"NTA BikeLife Survey (2013-2021, published Feb 2021)"}},{"type":"Feature","geometry":{"type":"LineString","coordinates":[[-6.139810000365995,53.24936000056322],[-6.140310000899551,53.2497400011503],[-6.140789999929895,53.250180000697526]]},"properties":{"Route":"","Infrastructure type":"Bus lane (unclassified)","Length (m)":112.4,"Source":"NTA BikeLife Survey (2013-2021, published Feb 2021)"}},{"type":"Feature","geometry":{"type":"LineString","coordinates":[[-6.138640000282634,53.24837000105968],[-6.139150000153052,53.24872000135548],[-6.139680000537111,53.24908000019663]]},"properties":{"Route":"","Infrastructure type":"Bus lane (unclassified)","Length (m)":105.2,"Source":"NTA BikeLife Survey (2013-2021, published Feb 2021)"}},{"type":"Feature","geometry":{"type":"LineString","coordinates":[[-6.242910000029732,53.38584000111345],[-6.242789999751464,53.38598000086884],[-6.242639999789837,53.38627000135825],[-6.242469999607365,53.38648000084182],[-6.242399999757831,53.386630000457984],[-6.242120000094135,53.38732000157213]]},"properties":{"Route":"","Infrastructure type":"Bus lane (unclassified)","Length (m)":173.6,"Source":"NTA BikeLife Survey (2013-2021, published Feb 2021)"}},{"type":"Feature","geometry":{"type":"LineString","coordinates":[[-6.281110000442954,53.33108000136285],[-6.281189999611578,53.331080000885436],[-6.281309999768753,53.33110000087306],[-6.281600000476966,53.3311400017051]]},"properties":{"Route":"","Infrastructure type":"Bus lane (unclassified)","Length (m)":33.5,"Source":"NTA BikeLife Survey (2013-2021, published Feb 2021)"}},{"type":"Feature","geometry":{"type":"LineString","coordinates":[[-6.205260000205083,53.31617000119761],[-6.205560000650606,53.31635000139474],[-6.205880000160034,53.31652000114176],[-6.20613999968876,53.31664000119559]]},"properties":{"Route":"","Infrastructure type":"Bus lane (unclassified)","Length (m)":78.7,"Source":"NTA BikeLife Survey (2013-2021, published Feb 2021)"}},{"type":"Feature","geometry":{"type":"LineString","coordinates":[[-6.2445000006328995,53.382440001289794],[-6.244290000211888,53.382790001238135]]},"properties":{"Route":"","Infrastructure type":"Bus lane (unclassified)","Length (m)":41.4,"Source":"NTA BikeLife Survey (2013-2021, published Feb 2021)"}},{"type":"Feature","geometry":{"type":"LineString","coordinates":[[-6.408309999995058,53.35828000061332],[-6.409379999550975,53.35850000106758]]},"properties":{"Route":"","Infrastructure type":"Bus lane (unclassified)","Length (m)":75.3,"Source":"NTA BikeLife Survey (2013-2021, published Feb 2021)"}},{"type":"Feature","geometry":{"type":"LineString","coordinates":[[-6.284579999813276,53.29672000024764],[-6.284660000407173,53.29681000070788]]},"properties":{"Route":"","Infrastructure type":"Bus lane (unclassified)","Length (m)":11.3,"Source":"NTA BikeLife Survey (2013-2021, published Feb 2021)"}},{"type":"Feature","geometry":{"type":"LineString","coordinates":[[-6.145829999826934,53.25688000058742],[-6.14618000094752,53.25812000089696],[-6.146240000220166,53.25832000092663]]},"properties":{"Route":"","Infrastructure type":"Bus lane (unclassified)","Length (m)":162.6,"Source":"NTA BikeLife Survey (2013-2021, published Feb 2021)"}},{"type":"Feature","geometry":{"type":"LineString","coordinates":[[-6.405240000307599,53.324420000697124],[-6.405309999592353,53.324490001739996],[-6.405320000895429,53.32458000060709]]},"properties":{"Route":"","Infrastructure type":"Bus lane (unclassified)","Length (m)":19.1,"Source":"NTA BikeLife Survey (2013-2021, published Feb 2021)"}},{"type":"Feature","geometry":{"type":"LineString","coordinates":[[-6.418019999370738,53.359070000674436],[-6.417760000981701,53.35907000045836]]},"properties":{"Route":"","Infrastructure type":"Bus lane (unclassified)","Length (m)":17.3,"Source":"NTA BikeLife Survey (2013-2021, published Feb 2021)"}},{"type":"Feature","geometry":{"type":"LineString","coordinates":[[-6.186910000240511,53.30124000125463],[-6.185629999802833,53.30159000078183]]},"properties":{"Route":"","Infrastructure type":"Bus lane (unclassified)","Length (m)":93.8,"Source":"NTA BikeLife Survey (2013-2021, published Feb 2021)"}},{"type":"Feature","geometry":{"type":"LineString","coordinates":[[-6.104432929797133,53.18539285617318],[-6.103259999614101,53.18566000068455]]},"properties":{"Route":"","Infrastructure type":"Bus lane (unclassified)","Length (m)":83.9,"Source":"NTA BikeLife Survey (2013-2021, published Feb 2021)"}},{"type":"Feature","geometry":{"type":"LineString","coordinates":[[-6.281739999177837,53.3500400003917],[-6.281790000002239,53.35020000090018]]},"properties":{"Route":"","Infrastructure type":"Bus lane (unclassified)","Length (m)":18.1,"Source":"NTA BikeLife Survey (2013-2021, published Feb 2021)"}},{"type":"Feature","geometry":{"type":"LineString","coordinates":[[-6.282190000293283,53.34794000107591],[-6.282100000111178,53.3483100011275]]},"properties":{"Route":"","Infrastructure type":"Bus lane (unclassified)","Length (m)":41.6,"Source":"NTA BikeLife Survey (2013-2021, published Feb 2021)"}},{"type":"Feature","geometry":{"type":"LineString","coordinates":[[-6.282349999822895,53.3473900003985],[-6.282320000180847,53.34749000044714]]},"properties":{"Route":"","Infrastructure type":"Bus lane (unclassified)","Length (m)":11.3,"Source":"NTA BikeLife Survey (2013-2021, published Feb 2021)"}},{"type":"Feature","geometry":{"type":"LineString","coordinates":[[-6.26169000080397,53.352920001222884],[-6.261929999056745,53.35318000081997]]},"properties":{"Route":"","Infrastructure type":"Bus lane (unclassified)","Length (m)":33.1,"Source":"NTA BikeLife Survey (2013-2021, published Feb 2021)"}},{"type":"Feature","geometry":{"type":"LineString","coordinates":[[-6.371720000077136,53.37901000119249],[-6.37119000074578,53.37933000007113]]},"properties":{"Route":"","Infrastructure type":"Bus lane (unclassified)","Length (m)":50.1,"Source":"NTA BikeLife Survey (2013-2021, published Feb 2021)"}},{"type":"Feature","geometry":{"type":"LineString","coordinates":[[-6.146240000220166,53.25832000092663],[-6.146359999166956,53.2586600006458],[-6.146520000459235,53.2590100007455],[-6.146760000114554,53.25955000066661]]},"properties":{"Route":"","Infrastructure type":"Bus lane (unclassified)","Length (m)":141.3,"Source":"NTA BikeLife Survey (2013-2021, published Feb 2021)"}},{"type":"Feature","geometry":{"type":"LineString","coordinates":[[-6.40411000036784,53.324580000711066],[-6.404559999134953,53.324600000919666],[-6.404780000330294,53.32466000140025]]},"properties":{"Route":"","Infrastructure type":"Bus lane (unclassified)","Length (m)":46.2,"Source":"NTA BikeLife Survey (2013-2021, published Feb 2021)"}},{"type":"Feature","geometry":{"type":"LineString","coordinates":[[-6.286129999167472,53.332100000588525],[-6.286580000017426,53.33220000041136],[-6.2868899998602785,53.33228000113452]]},"properties":{"Route":"","Infrastructure type":"Bus lane (unclassified)","Length (m)":54.5,"Source":"NTA BikeLife Survey (2013-2021, published Feb 2021)"}},{"type":"Feature","geometry":{"type":"LineString","coordinates":[[-6.421009999383461,53.358880000541404],[-6.420550000422338,53.35895000084587]]},"properties":{"Route":"","Infrastructure type":"Bus lane (unclassified)","Length (m)":31.6,"Source":"NTA BikeLife Survey (2013-2021, published Feb 2021)"}},{"type":"Feature","geometry":{"type":"LineString","coordinates":[[-6.245870000081676,53.393470000180066],[-6.245620000119152,53.39466000098842]]},"properties":{"Route":"","Infrastructure type":"Bus lane (unclassified)","Length (m)":133.5,"Source":"NTA BikeLife Survey (2013-2021, published Feb 2021)"}},{"type":"Feature","geometry":{"type":"LineString","coordinates":[[-6.281929999796357,53.34900000138585],[-6.281859999913794,53.349210001179735],[-6.281860000319028,53.34922000042546]]},"properties":{"Route":"","Infrastructure type":"Bus lane (unclassified)","Length (m)":24.9,"Source":"NTA BikeLife Survey (2013-2021, published Feb 2021)"}},{"type":"Feature","geometry":{"type":"LineString","coordinates":[[-6.282440001128692,53.350940000393344],[-6.2825999991396255,53.35106000053494],[-6.28277000001878,53.35119000074287]]},"properties":{"Route":"","Infrastructure type":"Bus lane (unclassified)","Length (m)":35.5,"Source":"NTA BikeLife Survey (2013-2021, published Feb 2021)"}},{"type":"Feature","geometry":{"type":"LineString","coordinates":[[-6.425770000832927,53.35947000083449],[-6.427710000260339,53.35965000081167]]},"properties":{"Route":"","Infrastructure type":"Bus lane (unclassified)","Length (m)":130.7,"Source":"NTA BikeLife Survey (2013-2021, published Feb 2021)"}},{"type":"Feature","geometry":{"type":"LineString","coordinates":[[-6.225160000025966,53.36539000101767],[-6.223579999893596,53.3660800009026]]},"properties":{"Route":"","Infrastructure type":"Bus lane (unclassified)","Length (m)":130.2,"Source":"NTA BikeLife Survey (2013-2021, published Feb 2021)"}},{"type":"Feature","geometry":{"type":"LineString","coordinates":[[-6.150889999218949,53.2623800006302],[-6.15154000024314,53.262700000641594],[-6.152399999689205,53.26311000082407],[-6.1542900006579355,53.26400000042775],[-6.155070000260137,53.26436000091183],[-6.15656999944895,53.26507000079073]]},"properties":{"Route":"","Infrastructure type":"Bus lane (unclassified)","Length (m)":483.0,"Source":"NTA BikeLife Survey (2013-2021, published Feb 2021)"}},{"type":"Feature","geometry":{"type":"LineString","coordinates":[[-6.281020000080197,53.331080001480025],[-6.28072999981188,53.33109000097755],[-6.280569998936031,53.33112000173049],[-6.279950000416798,53.331290000691105],[-6.279649999795896,53.33137000107071]]},"properties":{"Route":"","Infrastructure type":"Bus lane (unclassified)","Length (m)":97.8,"Source":"NTA BikeLife Survey (2013-2021, published Feb 2021)"}},{"type":"Feature","geometry":{"type":"LineString","coordinates":[[-6.185629999802833,53.30159000078183],[-6.18549000025164,53.30163000139156]]},"properties":{"Route":"","Infrastructure type":"Bus lane (unclassified)","Length (m)":10.3,"Source":"NTA BikeLife Survey (2013-2021, published Feb 2021)"}},{"type":"Feature","geometry":{"type":"LineString","coordinates":[[-6.281860000319028,53.34922000042546],[-6.281739999042742,53.34973000061016]]},"properties":{"Route":"","Infrastructure type":"Bus lane (unclassified)","Length (m)":57.3,"Source":"NTA BikeLife Survey (2013-2021, published Feb 2021)"}},{"type":"Feature","geometry":{"type":"LineString","coordinates":[[-6.291370000546511,53.38198000162644],[-6.29169000011042,53.382180000600194],[-6.291990000835665,53.382400001166175]]},"properties":{"Route":"","Infrastructure type":"Bus lane (unclassified)","Length (m)":62.4,"Source":"NTA BikeLife Survey (2013-2021, published Feb 2021)"}},{"type":"Feature","geometry":{"type":"LineString","coordinates":[[-6.174029999936404,53.27382000088496],[-6.1743400002929825,53.273930001130296],[-6.174639999780398,53.27402000029166],[-6.1749100002580795,53.274110001430834],[-6.1751200006466,53.2741600004531]]},"properties":{"Route":"","Infrastructure type":"Bus lane (unclassified)","Length (m)":82.1,"Source":"NTA BikeLife Survey (2013-2021, published Feb 2021)"}},{"type":"Feature","geometry":{"type":"LineString","coordinates":[[-6.465300000827056,53.357060000831275],[-6.466470000095355,53.357470000928856],[-6.467540000193838,53.35781000137151]]},"properties":{"Route":"","Infrastructure type":"Bus lane (unclassified)","Length (m)":170.9,"Source":"NTA BikeLife Survey (2013-2021, published Feb 2021)"}},{"type":"Feature","geometry":{"type":"LineString","coordinates":[[-6.243050000348562,53.38553000111287],[-6.242910000029732,53.38584000111345]]},"properties":{"Route":"","Infrastructure type":"Bus lane (unclassified)","Length (m)":35.7,"Source":"NTA BikeLife Survey (2013-2021, published Feb 2021)"}},{"type":"Feature","geometry":{"type":"LineString","coordinates":[[-6.467540000193838,53.35781000137151],[-6.468050000507889,53.357960000856096]]},"properties":{"Route":"","Infrastructure type":"Bus lane (unclassified)","Length (m)":37.8,"Source":"NTA BikeLife Survey (2013-2021, published Feb 2021)"}},{"type":"Feature","geometry":{"type":"LineString","coordinates":[[-6.416930000523942,53.35906000091737],[-6.417760000981701,53.35907000045836]]},"properties":{"Route":"","Infrastructure type":"Bus lane (unclassified)","Length (m)":55.3,"Source":"NTA BikeLife Survey (2013-2021, published Feb 2021)"}},{"type":"Feature","geometry":{"type":"LineString","coordinates":[[-6.274822922621082,53.2934538146187],[-6.2753600000884,53.293640000564174],[-6.275840000747549,53.29379000114558],[-6.276139999854748,53.29387000085063],[-6.2764299997064965,53.29393000130634],[-6.276803556903797,53.294000043030245]]},"properties":{"Route":"","Infrastructure type":"Bus lane (unclassified)","Length (m)":145.9,"Source":"NTA BikeLife Survey (2013-2021, published Feb 2021)"}},{"type":"Feature","geometry":{"type":"LineString","coordinates":[[-6.443719999696311,53.35093000097189],[-6.442979999362324,53.3509800005363],[-6.44234999964255,53.351040000565106],[-6.441900000333955,53.351080001284025]]},"properties":{"Route":"","Infrastructure type":"Bus lane (unclassified)","Length (m)":122.4,"Source":"NTA BikeLife Survey (2013-2021, published Feb 2021)"}},{"type":"Feature","geometry":{"type":"LineString","coordinates":[[-6.468050000507889,53.357960000856096],[-6.468379999533426,53.35804000062915],[-6.468789999887797,53.35813000128654],[-6.469370000378033,53.35825000028905],[-6.469790000024343,53.35832000109311]]},"properties":{"Route":"","Infrastructure type":"Bus lane (unclassified)","Length (m)":122.7,"Source":"NTA BikeLife Survey (2013-2021, published Feb 2021)"}},{"type":"Feature","geometry":{"type":"LineString","coordinates":[[-6.406200000058912,53.32256000010452],[-6.406109999659415,53.322900001045305]]},"properties":{"Route":"","Infrastructure type":"Bus lane (unclassified)","Length (m)":38.3,"Source":"NTA BikeLife Survey (2013-2021, published Feb 2021)"}},{"type":"Feature","geometry":{"type":"LineString","coordinates":[[-6.387703400145072,53.295667399649226],[-6.388358100521595,53.29552040001814],[-6.389420699602246,53.295227599573224],[-6.390750400229523,53.294801599611006],[-6.3923638273647745,53.29436435176296],[-6.393603399544947,53.294028400004805],[-6.394991999338171,53.29372290009807],[-6.398731799381576,53.292925399923206],[-6.4047871994704835,53.29162459928915],[-6.40542779948705,53.29148699978629],[-6.4056025993651176,53.29145259954099]]},"properties":{"Route":"","Infrastructure type":"Bus lane (unclassified)","Length (m)":1283.8,"Source":"NTA BikeLife Survey (2013-2021, published Feb 2021)"}},{"type":"Feature","geometry":{"type":"LineString","coordinates":[[-6.469790000024343,53.35832000109311],[-6.4702299998303605,53.35838000079004],[-6.470660000007859,53.35843000117179],[-6.471070000427026,53.35847000095307],[-6.472019999247625,53.358520001263514]]},"properties":{"Route":"","Infrastructure type":"Bus lane (unclassified)","Length (m)":150.4,"Source":"NTA BikeLife Survey (2013-2021, published Feb 2021)"}},{"type":"Feature","geometry":{"type":"LineString","coordinates":[[-6.428879999035137,53.35570000058894],[-6.427219999962176,53.356510000998696],[-6.426220000833356,53.357010000517015],[-6.424800000627375,53.35771000124598]]},"properties":{"Route":"","Infrastructure type":"Bus lane (unclassified)","Length (m)":351.9,"Source":"NTA BikeLife Survey (2013-2021, published Feb 2021)"}},{"type":"Feature","geometry":{"type":"LineString","coordinates":[[-6.200660000227021,53.297560000725234],[-6.199810000966448,53.2977900014055],[-6.198910000435559,53.29802000127774]]},"properties":{"Route":"","Infrastructure type":"Bus lane (unclassified)","Length (m)":127.4,"Source":"NTA BikeLife Survey (2013-2021, published Feb 2021)"}},{"type":"Feature","geometry":{"type":"LineString","coordinates":[[-6.46440999930628,53.35673000084162],[-6.465300000827056,53.357060000831275]]},"properties":{"Route":"","Infrastructure type":"Bus lane (unclassified)","Length (m)":69.7,"Source":"NTA BikeLife Survey (2013-2021, published Feb 2021)"}},{"type":"Feature","geometry":{"type":"LineString","coordinates":[[-6.436249999402941,53.35231000069998],[-6.435469998884019,53.352580001163396],[-6.434859999806212,53.35282000140188],[-6.433810000759397,53.35328000060827],[-6.433000000160738,53.353660001118506],[-6.431939999804859,53.35418000049755],[-6.430739999950313,53.354780000359064],[-6.429829999949735,53.35523000037737]]},"properties":{"Route":"","Infrastructure type":"Bus lane (unclassified)","Length (m)":537.8,"Source":"NTA BikeLife Survey (2013-2021, published Feb 2021)"}},{"type":"Feature","geometry":{"type":"LineString","coordinates":[[-6.429829999949735,53.35523000037737],[-6.428879999035137,53.35570000058894]]},"properties":{"Route":"","Infrastructure type":"Bus lane (unclassified)","Length (m)":82.1,"Source":"NTA BikeLife Survey (2013-2021, published Feb 2021)"}},{"type":"Feature","geometry":{"type":"LineString","coordinates":[[-6.282430000040103,53.347170001203395],[-6.282349999822895,53.3473900003985]]},"properties":{"Route":"","Infrastructure type":"Bus lane (unclassified)","Length (m)":25.1,"Source":"NTA BikeLife Survey (2013-2021, published Feb 2021)"}},{"type":"Feature","geometry":{"type":"LineString","coordinates":[[-6.4065899996185065,53.32293000089494],[-6.4070799990919465,53.32304000110248]]},"properties":{"Route":"","Infrastructure type":"Bus lane (unclassified)","Length (m)":34.9,"Source":"NTA BikeLife Survey (2013-2021, published Feb 2021)"}},{"type":"Feature","geometry":{"type":"LineString","coordinates":[[-6.288680000786059,53.33237000017832],[-6.288379999365756,53.33237000052852],[-6.288130000940139,53.33237000043322]]},"properties":{"Route":"","Infrastructure type":"Bus lane (unclassified)","Length (m)":36.6,"Source":"NTA BikeLife Survey (2013-2021, published Feb 2021)"}},{"type":"Feature","geometry":{"type":"LineString","coordinates":[[-6.272540000469055,53.332150001077714],[-6.272849999511002,53.332150001078915],[-6.27352999889935,53.33217000095481]]},"properties":{"Route":"","Infrastructure type":"Bus lane (unclassified)","Length (m)":66.0,"Source":"NTA BikeLife Survey (2013-2021, published Feb 2021)"}},{"type":"Feature","geometry":{"type":"LineString","coordinates":[[-6.277239999498153,53.331880001350655],[-6.277000000078999,53.33193000092927]]},"properties":{"Route":"","Infrastructure type":"Bus lane (unclassified)","Length (m)":16.9,"Source":"NTA BikeLife Survey (2013-2021, published Feb 2021)"}},{"type":"Feature","geometry":{"type":"LineString","coordinates":[[-6.278810000141613,53.3315700008288],[-6.277870000794673,53.331780001087736]]},"properties":{"Route":"","Infrastructure type":"Bus lane (unclassified)","Length (m)":66.8,"Source":"NTA BikeLife Survey (2013-2021, published Feb 2021)"}},{"type":"Feature","geometry":{"type":"LineString","coordinates":[[-6.285869999958511,53.33203000105232],[-6.286129999167472,53.332100000588525]]},"properties":{"Route":"","Infrastructure type":"Bus lane (unclassified)","Length (m)":19.0,"Source":"NTA BikeLife Survey (2013-2021, published Feb 2021)"}},{"type":"Feature","geometry":{"type":"LineString","coordinates":[[-6.1955599999651145,53.28936000117172],[-6.195910000142893,53.289700000293784]]},"properties":{"Route":"","Infrastructure type":"Bus lane (unclassified)","Length (m)":44.5,"Source":"NTA BikeLife Survey (2013-2021, published Feb 2021)"}},{"type":"Feature","geometry":{"type":"LineString","coordinates":[[-6.195910000142893,53.289700000293784],[-6.196149999616905,53.289890001557104],[-6.196389999589032,53.29007000016705]]},"properties":{"Route":"","Infrastructure type":"Bus lane (unclassified)","Length (m)":52.2,"Source":"NTA BikeLife Survey (2013-2021, published Feb 2021)"}},{"type":"Feature","geometry":{"type":"LineString","coordinates":[[-6.18549000025164,53.30163000139156],[-6.18501000060626,53.301760000814305],[-6.184350000245246,53.30193000072081]]},"properties":{"Route":"","Infrastructure type":"Bus lane (unclassified)","Length (m)":83.0,"Source":"NTA BikeLife Survey (2013-2021, published Feb 2021)"}},{"type":"Feature","geometry":{"type":"LineString","coordinates":[[-6.184350000245246,53.30193000072081],[-6.1838500002184595,53.3020700005538],[-6.183399999442915,53.30217000081931]]},"properties":{"Route":"","Infrastructure type":"Bus lane (unclassified)","Length (m)":68.8,"Source":"NTA BikeLife Survey (2013-2021, published Feb 2021)"}},{"type":"Feature","geometry":{"type":"LineString","coordinates":[[-6.201149999459867,53.31195000154534],[-6.201470000282754,53.31232000109625]]},"properties":{"Route":"","Infrastructure type":"Bus lane (unclassified)","Length (m)":46.4,"Source":"NTA BikeLife Survey (2013-2021, published Feb 2021)"}},{"type":"Feature","geometry":{"type":"LineString","coordinates":[[-6.211159999994615,53.31824000084817],[-6.211489999954812,53.31837000013358]]},"properties":{"Route":"","Infrastructure type":"Bus lane (unclassified)","Length (m)":26.3,"Source":"NTA BikeLife Survey (2013-2021, published Feb 2021)"}},{"type":"Feature","geometry":{"type":"LineString","coordinates":[[-6.299750000522506,53.34549000134038],[-6.299549999686276,53.34552000059545]]},"properties":{"Route":"","Infrastructure type":"Bus lane (unclassified)","Length (m)":13.7,"Source":"NTA BikeLife Survey (2013-2021, published Feb 2021)"}},{"type":"Feature","geometry":{"type":"LineString","coordinates":[[-6.424529999050831,53.35784000039141],[-6.423719999747973,53.35818000096449],[-6.423259999996649,53.35834000104682],[-6.4226799998031066,53.35852000127187],[-6.422130000087123,53.358660000232945],[-6.421619999567115,53.358770001085425],[-6.421009999383461,53.358880000541404]]},"properties":{"Route":"","Infrastructure type":"Bus lane (unclassified)","Length (m)":263.1,"Source":"NTA BikeLife Survey (2013-2021, published Feb 2021)"}},{"type":"Feature","geometry":{"type":"LineString","coordinates":[[-6.454190000127977,53.35206000071881],[-6.454549999402096,53.352170000613384],[-6.455099999598735,53.352340000646954],[-6.4556500001081245,53.35252000070115],[-6.456510000278076,53.35284000096974],[-6.457039999589227,53.35306000138356],[-6.457409999575346,53.35322000082853],[-6.458159999569448,53.35356000115749],[-6.458799999211469,53.35390000057009]]},"properties":{"Route":"","Infrastructure type":"Bus lane (unclassified)","Length (m)":370.3,"Source":"NTA BikeLife Survey (2013-2021, published Feb 2021)"}},{"type":"Feature","geometry":{"type":"LineString","coordinates":[[-6.445599999336743,53.35088000043038],[-6.445359999907535,53.35088000062988],[-6.444490000357077,53.35090000034925],[-6.443719999696311,53.35093000097189]]},"properties":{"Route":"","Infrastructure type":"Bus lane (unclassified)","Length (m)":125.3,"Source":"NTA BikeLife Survey (2013-2021, published Feb 2021)"}},{"type":"Feature","geometry":{"type":"LineString","coordinates":[[-6.299549999686276,53.34552000059545],[-6.298929999677931,53.34561000155939]]},"properties":{"Route":"","Infrastructure type":"Bus lane (unclassified)","Length (m)":42.5,"Source":"NTA BikeLife Survey (2013-2021, published Feb 2021)"}},{"type":"Feature","geometry":{"type":"LineString","coordinates":[[-6.383800000605317,53.306990001149764],[-6.385440000415419,53.30802000111493],[-6.3865300000036225,53.308730000744525]]},"properties":{"Route":"","Infrastructure type":"Bus lane (unclassified)","Length (m)":265.7,"Source":"NTA BikeLife Survey (2013-2021, published Feb 2021)"}},{"type":"Feature","geometry":{"type":"LineString","coordinates":[[-6.315839999387949,53.34297000079919],[-6.314990000286652,53.34303000141545],[-6.313949999882857,53.3430900011738],[-6.312950000523824,53.343160000358594],[-6.311419999365309,53.343270001095796],[-6.310290000088002,53.34338000079777]]},"properties":{"Route":"","Infrastructure type":"Bus lane (unclassified)","Length (m)":372.5,"Source":"NTA BikeLife Survey (2013-2021, published Feb 2021)"}},{"type":"Feature","geometry":{"type":"LineString","coordinates":[[-6.146760000114554,53.25955000066661],[-6.147059999821733,53.25993000100041],[-6.147559999976895,53.26044000069949],[-6.1477300000762325,53.260590000905914],[-6.147949999514836,53.260780000375405],[-6.148070000111366,53.26087000138943],[-6.148230000634446,53.26098000086288]]},"properties":{"Route":"","Infrastructure type":"Bus lane (unclassified)","Length (m)":187.6,"Source":"NTA BikeLife Survey (2013-2021, published Feb 2021)"}},{"type":"Feature","geometry":{"type":"LineString","coordinates":[[-6.140839999642449,53.25001000080074],[-6.141059999992192,53.2501900008023]]},"properties":{"Route":"","Infrastructure type":"Bus lane (unclassified)","Length (m)":24.8,"Source":"NTA BikeLife Survey (2013-2021, published Feb 2021)"}},{"type":"Feature","geometry":{"type":"LineString","coordinates":[[-6.1945500002069025,53.28467000037516],[-6.194589999424134,53.28477000036948],[-6.194629999630598,53.28491000094715],[-6.194649999640313,53.28504000030568],[-6.194650000538735,53.28526000037908],[-6.1946199997911675,53.28554000139433],[-6.19455000017844,53.28587000077962]]},"properties":{"Route":"","Infrastructure type":"Bus lane (unclassified)","Length (m)":134.5,"Source":"NTA BikeLife Survey (2013-2021, published Feb 2021)"}},{"type":"Feature","geometry":{"type":"LineString","coordinates":[[-6.204039999935498,53.2971800010335],[-6.204080000544403,53.2973700004815],[-6.204190000324195,53.29770000089093],[-6.204290000025619,53.29796000103173],[-6.204430000975262,53.29822000118716],[-6.204709999517669,53.29875000032443],[-6.205009999933702,53.29930000025416]]},"properties":{"Route":"","Infrastructure type":"Bus lane (unclassified)","Length (m)":245.1,"Source":"NTA BikeLife Survey (2013-2021, published Feb 2021)"}},{"type":"Feature","geometry":{"type":"LineString","coordinates":[[-6.211079999639263,53.30546000052862],[-6.211610000729369,53.30583000041166],[-6.212680000111155,53.3065700006783],[-6.213200000067222,53.30690000031836],[-6.214099999508638,53.30745000053291]]},"properties":{"Route":"","Infrastructure type":"Bus lane (unclassified)","Length (m)":299.4,"Source":"NTA BikeLife Survey (2013-2021, published Feb 2021)"}},{"type":"Feature","geometry":{"type":"LineString","coordinates":[[-6.194330000560394,53.284170001020414],[-6.194429999110687,53.28437000114165],[-6.19451000022216,53.28454000103603],[-6.1945500002069025,53.28467000037516]]},"properties":{"Route":"","Infrastructure type":"Bus lane (unclassified)","Length (m)":57.6,"Source":"NTA BikeLife Survey (2013-2021, published Feb 2021)"}},{"type":"Feature","geometry":{"type":"LineString","coordinates":[[-6.195690000484832,53.28970000065232],[-6.195939999936928,53.289910001588694],[-6.196300000936691,53.29018000087126],[-6.196589999932728,53.29037000072864]]},"properties":{"Route":"","Infrastructure type":"Bus lane (unclassified)","Length (m)":95.8,"Source":"NTA BikeLife Survey (2013-2021, published Feb 2021)"}},{"type":"Feature","geometry":{"type":"LineString","coordinates":[[-6.191299999276136,53.28091000027262],[-6.19193000003423,53.28117000062544],[-6.192210000260547,53.281300000939915],[-6.192479999112607,53.28145000161762]]},"properties":{"Route":"","Infrastructure type":"Bus lane (unclassified)","Length (m)":99.2,"Source":"NTA BikeLife Survey (2013-2021, published Feb 2021)"}},{"type":"Feature","geometry":{"type":"LineString","coordinates":[[-6.2834800004893205,53.37258000126996],[-6.2840900006374385,53.37296000117958],[-6.285119999265913,53.37369000153597],[-6.285449999917942,53.37395000057967],[-6.285619999031423,53.37414000156534],[-6.285890001051725,53.374450000771944],[-6.285939999789679,53.37453000147419]]},"properties":{"Route":"","Infrastructure type":"Bus lane (unclassified)","Length (m)":273.6,"Source":"NTA BikeLife Survey (2013-2021, published Feb 2021)"}},{"type":"Feature","geometry":{"type":"LineString","coordinates":[[-6.287639999902844,53.37768000064689],[-6.287689999739531,53.37795000038243],[-6.287720000565823,53.378480001199705],[-6.287730000290943,53.378580000802245],[-6.287810000370924,53.378910000810244],[-6.288000000267785,53.379310000023324],[-6.288330000198581,53.37974000086142]]},"properties":{"Route":"","Infrastructure type":"Bus lane (unclassified)","Length (m)":236.4,"Source":"NTA BikeLife Survey (2013-2021, published Feb 2021)"}},{"type":"Feature","geometry":{"type":"LineString","coordinates":[[-6.22026999970753,53.310810001207294],[-6.220412218231358,53.310974099183106]]},"properties":{"Route":"","Infrastructure type":"Bus lane (unclassified)","Length (m)":20.6,"Source":"NTA BikeLife Survey (2013-2021, published Feb 2021)"}},{"type":"Feature","geometry":{"type":"LineString","coordinates":[[-6.159519999698074,53.26703000057466],[-6.160090000225732,53.26745000026749]]},"properties":{"Route":"","Infrastructure type":"Bus lane (unclassified)","Length (m)":60.3,"Source":"NTA BikeLife Survey (2013-2021, published Feb 2021)"}},{"type":"Feature","geometry":{"type":"LineString","coordinates":[[-6.2810499995086415,53.37156000111022],[-6.281339999845333,53.371770000546164],[-6.28171999917018,53.371970000694056],[-6.2822400007479615,53.372180000681695]]},"properties":{"Route":"","Infrastructure type":"Bus lane (unclassified)","Length (m)":105.8,"Source":"NTA BikeLife Survey (2013-2021, published Feb 2021)"}},{"type":"Feature","geometry":{"type":"LineString","coordinates":[[-6.3170999998031725,53.32537000080346],[-6.316840000533489,53.32554000073526]]},"properties":{"Route":"","Infrastructure type":"Bus lane (unclassified)","Length (m)":25.7,"Source":"NTA BikeLife Survey (2013-2021, published Feb 2021)"}},{"type":"Feature","geometry":{"type":"LineString","coordinates":[[-6.4309599998471985,53.332720000478474],[-6.431030000277488,53.33279000130046],[-6.431069999587975,53.33284000040442],[-6.431100000074782,53.33292000087091],[-6.4311100003989745,53.332960000959375]]},"properties":{"Route":"","Infrastructure type":"Bus lane (unclassified)","Length (m)":28.9,"Source":"NTA BikeLife Survey (2013-2021, published Feb 2021)"}},{"type":"Feature","geometry":{"type":"LineString","coordinates":[[-6.350309999460007,53.32455000047942],[-6.349850000683504,53.32471000088545]]},"properties":{"Route":"","Infrastructure type":"Bus lane (unclassified)","Length (m)":35.4,"Source":"NTA BikeLife Survey (2013-2021, published Feb 2021)"}},{"type":"Feature","geometry":{"type":"LineString","coordinates":[[-6.288190000062979,53.37976000019545],[-6.288349999150807,53.3799700010377],[-6.288529999951747,53.38019000092887],[-6.288860000281551,53.38059000082968],[-6.289109999981439,53.38081000115425],[-6.289430000386687,53.381020001046934],[-6.289560000304212,53.38109000054295]]},"properties":{"Route":"","Infrastructure type":"Bus lane (unclassified)","Length (m)":175.4,"Source":"NTA BikeLife Survey (2013-2021, published Feb 2021)"}},{"type":"Feature","geometry":{"type":"LineString","coordinates":[[-6.329810000270865,53.32400000128288],[-6.329289999126062,53.32403000076072],[-6.328890000116955,53.32406000113237],[-6.328429999894974,53.324100001653484],[-6.32809999921868,53.32413000057304]]},"properties":{"Route":"","Infrastructure type":"Bus lane (unclassified)","Length (m)":114.9,"Source":"NTA BikeLife Survey (2013-2021, published Feb 2021)"}},{"type":"Feature","geometry":{"type":"LineString","coordinates":[[-6.208519999786347,53.30368000124538],[-6.208810000107651,53.30388000090829]]},"properties":{"Route":"","Infrastructure type":"Bus lane (unclassified)","Length (m)":29.5,"Source":"NTA BikeLife Survey (2013-2021, published Feb 2021)"}},{"type":"Feature","geometry":{"type":"LineString","coordinates":[[-6.26128999919629,53.35261000122333],[-6.261379999240441,53.352700000998794],[-6.26169000080397,53.352920001222884]]},"properties":{"Route":"","Infrastructure type":"Bus lane (unclassified)","Length (m)":43.7,"Source":"NTA BikeLife Survey (2013-2021, published Feb 2021)"}},{"type":"Feature","geometry":{"type":"LineString","coordinates":[[-6.432389999836185,53.32846000118333],[-6.432339999554432,53.32859000056281],[-6.432279999869705,53.328850000943284],[-6.43216000020649,53.32928000110698],[-6.432059998991903,53.329610001101976],[-6.431949999969165,53.329940000815746],[-6.431839999738877,53.3302900012096]]},"properties":{"Route":"","Infrastructure type":"Bus lane (unclassified)","Length (m)":207.0,"Source":"NTA BikeLife Survey (2013-2021, published Feb 2021)"}},{"type":"Feature","geometry":{"type":"LineString","coordinates":[[-6.293989999953322,53.38412000126575],[-6.295119999306436,53.38504000160488]]},"properties":{"Route":"","Infrastructure type":"Bus lane (unclassified)","Length (m)":127.0,"Source":"NTA BikeLife Survey (2013-2021, published Feb 2021)"}},{"type":"Feature","geometry":{"type":"LineString","coordinates":[[-6.287510000278827,53.37771000160271],[-6.287530001150425,53.377840001188495],[-6.287549998943388,53.377940001364124],[-6.287539999289968,53.37804000165776],[-6.287529999746033,53.37816000032484],[-6.287540000433437,53.37826000086416],[-6.287559999980082,53.378650000828905],[-6.287649999274383,53.37898000060609],[-6.287790000345451,53.3792700009368],[-6.288190000062979,53.37976000019545]]},"properties":{"Route":"","Infrastructure type":"Bus lane (unclassified)","Length (m)":236.3,"Source":"NTA BikeLife Survey (2013-2021, published Feb 2021)"}},{"type":"Feature","geometry":{"type":"LineString","coordinates":[[-6.295769999961225,53.38539000079893],[-6.297180000264264,53.38645000030717],[-6.29772000047619,53.38688000069126]]},"properties":{"Route":"","Infrastructure type":"Bus lane (unclassified)","Length (m)":210.6,"Source":"NTA BikeLife Survey (2013-2021, published Feb 2021)"}},{"type":"Feature","geometry":{"type":"LineString","coordinates":[[-6.342859999957964,53.32693000018289],[-6.340889999299389,53.32744000063067],[-6.336879999961913,53.32836000104426]]},"properties":{"Route":"","Infrastructure type":"Bus lane (unclassified)","Length (m)":429.1,"Source":"NTA BikeLife Survey (2013-2021, published Feb 2021)"}},{"type":"Feature","geometry":{"type":"LineString","coordinates":[[-6.193949999836616,53.283480000947854],[-6.194110000104719,53.283770001313925],[-6.194330000560394,53.284170001020414]]},"properties":{"Route":"","Infrastructure type":"Bus lane (unclassified)","Length (m)":80.9,"Source":"NTA BikeLife Survey (2013-2021, published Feb 2021)"}},{"type":"Feature","geometry":{"type":"LineString","coordinates":[[-6.194449999796884,53.28634000128794],[-6.194399999610211,53.28657000131931],[-6.194359999892595,53.28682000070799]]},"properties":{"Route":"","Infrastructure type":"Bus lane (unclassified)","Length (m)":53.8,"Source":"NTA BikeLife Survey (2013-2021, published Feb 2021)"}},{"type":"Feature","geometry":{"type":"LineString","coordinates":[[-6.360849999672878,53.32076000141801],[-6.359599999782365,53.32119000106486],[-6.358680000222397,53.32155000033207],[-6.357560000771058,53.32195000118293],[-6.355960000191944,53.32252000137818]]},"properties":{"Route":"","Infrastructure type":"Bus lane (unclassified)","Length (m)":380.3,"Source":"NTA BikeLife Survey (2013-2021, published Feb 2021)"}},{"type":"Feature","geometry":{"type":"LineString","coordinates":[[-6.378299999880209,53.38728000121817],[-6.379219999503163,53.38776000051747],[-6.379550000668825,53.388040001303956],[-6.380240000801818,53.38895000030948],[-6.38045000020456,53.38912000029301]]},"properties":{"Route":"","Infrastructure type":"Bus lane (unclassified)","Length (m)":254.1,"Source":"NTA BikeLife Survey (2013-2021, published Feb 2021)"}},{"type":"Feature","geometry":{"type":"LineString","coordinates":[[-6.3649897641824404,53.31906007560407],[-6.364739999573824,53.319140001166986],[-6.364490000014519,53.31922000118565],[-6.363809999427398,53.3194700011663],[-6.362529999893257,53.31994000104289],[-6.361760000365869,53.32022000075529]]},"properties":{"Route":"","Infrastructure type":"Bus lane (unclassified)","Length (m)":251.0,"Source":"NTA BikeLife Survey (2013-2021, published Feb 2021)"}},{"type":"Feature","geometry":{"type":"LineString","coordinates":[[-6.284330000795128,53.3732900007553],[-6.284760000631992,53.37359000069454],[-6.28526000021758,53.373970000701284],[-6.285639999512573,53.3743700007285],[-6.285870000891527,53.374730000164185],[-6.286070000239699,53.37519000150989]]},"properties":{"Route":"","Infrastructure type":"Bus lane (unclassified)","Length (m)":244.8,"Source":"NTA BikeLife Survey (2013-2021, published Feb 2021)"}},{"type":"Feature","geometry":{"type":"LineString","coordinates":[[-6.286479999163603,53.37612000107602],[-6.286590000338733,53.37633000034346],[-6.286650000332015,53.376440001642884],[-6.286730000750335,53.37652000123459],[-6.287080000137288,53.37691000146113],[-6.287269999849266,53.37718000091986],[-6.28739000000046,53.37739000085186]]},"properties":{"Route":"","Infrastructure type":"Bus lane (unclassified)","Length (m)":154.3,"Source":"NTA BikeLife Survey (2013-2021, published Feb 2021)"}},{"type":"Feature","geometry":{"type":"LineString","coordinates":[[-6.3606800004752255,53.320610000167264],[-6.358680000175501,53.32133000151146],[-6.357080000558795,53.321890001219025],[-6.355800000513684,53.32233000035574]]},"properties":{"Route":"","Infrastructure type":"Bus lane (unclassified)","Length (m)":377.3,"Source":"NTA BikeLife Survey (2013-2021, published Feb 2021)"}},{"type":"Feature","geometry":{"type":"LineString","coordinates":[[-6.340799999644502,53.327300000588316],[-6.336810001061933,53.32827000130352]]},"properties":{"Route":"","Infrastructure type":"Bus lane (unclassified)","Length (m)":286.9,"Source":"NTA BikeLife Survey (2013-2021, published Feb 2021)"}},{"type":"Feature","geometry":{"type":"LineString","coordinates":[[-6.406109999659415,53.322900001045305],[-6.406060000779926,53.322940000757946],[-6.40602000055571,53.32302000103645]]},"properties":{"Route":"","Infrastructure type":"Bus lane (unclassified)","Length (m)":14.9,"Source":"NTA BikeLife Survey (2013-2021, published Feb 2021)"}},{"type":"Feature","geometry":{"type":"LineString","coordinates":[[-6.174169999142228,53.27372000079924],[-6.174659999106814,53.273880001333374],[-6.175220000001149,53.27404000081209]]},"properties":{"Route":"","Infrastructure type":"Bus lane (unclassified)","Length (m)":78.6,"Source":"NTA BikeLife Survey (2013-2021, published Feb 2021)"}},{"type":"Feature","geometry":{"type":"LineString","coordinates":[[-6.300279999642219,53.38906000153091],[-6.3010299991578735,53.389650000413106]]},"properties":{"Route":"","Infrastructure type":"Bus lane (unclassified)","Length (m)":82.5,"Source":"NTA BikeLife Survey (2013-2021, published Feb 2021)"}},{"type":"Feature","geometry":{"type":"LineString","coordinates":[[-6.301169999619544,53.34516000097091],[-6.300320000519887,53.345290000707315],[-6.299759999612768,53.345370001307764]]},"properties":{"Route":"","Infrastructure type":"Bus lane (unclassified)","Length (m)":96.8,"Source":"NTA BikeLife Survey (2013-2021, published Feb 2021)"}},{"type":"Feature","geometry":{"type":"LineString","coordinates":[[-6.3048299997809645,53.344350000905976],[-6.30465000044484,53.344420001182996],[-6.304330000027769,53.344540000240386],[-6.303729999631616,53.34477000085188],[-6.303480000857325,53.344860001152995],[-6.303259999571772,53.34492000116913],[-6.303020000007684,53.34497000025144],[-6.302409999785478,53.34507000067392],[-6.302170000672191,53.34511000064444],[-6.301919999630122,53.34515000069248],[-6.301620000229984,53.34520000136976],[-6.301209999229531,53.34526000003032]]},"properties":{"Route":"","Infrastructure type":"Bus lane (unclassified)","Length (m)":264.2,"Source":"NTA BikeLife Survey (2013-2021, published Feb 2021)"}},{"type":"Feature","geometry":{"type":"LineString","coordinates":[[-6.172620000215064,53.273190000763286],[-6.172850000362244,53.27331000057304],[-6.1730400002460115,53.27339000094173]]},"properties":{"Route":"","Infrastructure type":"Bus lane (unclassified)","Length (m)":35.8,"Source":"NTA BikeLife Survey (2013-2021, published Feb 2021)"}},{"type":"Feature","geometry":{"type":"LineString","coordinates":[[-6.379320000656039,53.30413000150653],[-6.381700000642329,53.30565000165404],[-6.383800000605317,53.306990001149764]]},"properties":{"Route":"","Infrastructure type":"Bus lane (unclassified)","Length (m)":436.4,"Source":"NTA BikeLife Survey (2013-2021, published Feb 2021)"}},{"type":"Feature","geometry":{"type":"LineString","coordinates":[[-6.3865300000036225,53.308730000744525],[-6.3872200006319595,53.30918000131511],[-6.388020000368436,53.30979000043532],[-6.388799999649593,53.31054000124717]]},"properties":{"Route":"","Infrastructure type":"Bus lane (unclassified)","Length (m)":252.7,"Source":"NTA BikeLife Survey (2013-2021, published Feb 2021)"}},{"type":"Feature","geometry":{"type":"LineString","coordinates":[[-6.248409999387488,53.32932000067382],[-6.248549999571036,53.32934000116862],[-6.248710000107379,53.32936000121705],[-6.24891999909991,53.32938000067891]]},"properties":{"Route":"","Infrastructure type":"Bus lane (unclassified)","Length (m)":34.6,"Source":"NTA BikeLife Survey (2013-2021, published Feb 2021)"}},{"type":"Feature","geometry":{"type":"LineString","coordinates":[[-6.2515200000626345,53.33119000135464],[-6.251649999598145,53.33120000056228],[-6.251780000661467,53.331210000548985],[-6.251929999851666,53.331220000432914],[-6.251999999824909,53.331220000639895]]},"properties":{"Route":"","Infrastructure type":"Bus lane (unclassified)","Length (m)":32.2,"Source":"NTA BikeLife Survey (2013-2021, published Feb 2021)"}},{"type":"Feature","geometry":{"type":"LineString","coordinates":[[-6.367410000296221,53.35378000148029],[-6.367799999951792,53.35387000074238]]},"properties":{"Route":"","Infrastructure type":"Bus lane (unclassified)","Length (m)":27.8,"Source":"NTA BikeLife Survey (2013-2021, published Feb 2021)"}},{"type":"Feature","geometry":{"type":"LineString","coordinates":[[-6.373310000105495,53.355360001263],[-6.374339999331256,53.355610001503514],[-6.375030000587852,53.355780001046604]]},"properties":{"Route":"","Infrastructure type":"Bus lane (unclassified)","Length (m)":123.7,"Source":"NTA BikeLife Survey (2013-2021, published Feb 2021)"}},{"type":"Feature","geometry":{"type":"LineString","coordinates":[[-6.339550000184758,53.344560000597276],[-6.340000000407456,53.34456000047125],[-6.340360001156562,53.344560000594065],[-6.341050000257998,53.344600000390614],[-6.342380000537575,53.34467000155744],[-6.343570000167837,53.344740000965885],[-6.344170000374805,53.344820000683754],[-6.344969999939601,53.34502000145964],[-6.34546999959441,53.34519000099539],[-6.346010000481052,53.34545000152685],[-6.346239999652704,53.3455800005246],[-6.346419999513886,53.34570000084821],[-6.346620000617505,53.34585000047821],[-6.346830000080612,53.34605000101925],[-6.347159999764487,53.346400000618196],[-6.347459999381147,53.346770000878],[-6.347699999452118,53.34707000142629],[-6.34810000036742,53.34754000106972],[-6.348530000398821,53.348080001360145],[-6.348839999985169,53.348450000598994],[-6.349230000738944,53.348810000276586],[-6.349700000385588,53.34914000128733],[-6.350160000087508,53.34939000112349],[-6.350650000599298,53.34960000115799],[-6.351120000666773,53.349770000339035],[-6.351830000391362,53.34995000102329],[-6.352470000082837,53.350050001343014],[-6.353110000704437,53.3501400008856]]},"properties":{"Route":"","Infrastructure type":"Bus lane (unclassified)","Length (m)":1190.6,"Source":"NTA BikeLife Survey (2013-2021, published Feb 2021)"}},{"type":"Feature","geometry":{"type":"LineString","coordinates":[[-6.321859999255946,53.343080000591605],[-6.3223600000598275,53.34318000100069]]},"properties":{"Route":"","Infrastructure type":"Bus lane (unclassified)","Length (m)":35.1,"Source":"NTA BikeLife Survey (2013-2021, published Feb 2021)"}},{"type":"Feature","geometry":{"type":"LineString","coordinates":[[-6.360409999322452,53.37222000071193],[-6.361850000785446,53.37278000056953]]},"properties":{"Route":"","Infrastructure type":"Bus lane (unclassified)","Length (m)":114.3,"Source":"NTA BikeLife Survey (2013-2021, published Feb 2021)"}},{"type":"Feature","geometry":{"type":"LineString","coordinates":[[-6.373399999356015,53.35522000133977],[-6.37413000062804,53.35540000134936],[-6.374649999075268,53.355540000152736],[-6.375190000142464,53.35566000030978]]},"properties":{"Route":"","Infrastructure type":"Bus lane (unclassified)","Length (m)":128.9,"Source":"NTA BikeLife Survey (2013-2021, published Feb 2021)"}},{"type":"Feature","geometry":{"type":"LineString","coordinates":[[-6.287929999354602,53.34345000028333],[-6.287649999122543,53.343460000629506],[-6.28690999967186,53.3435000010944],[-6.28667999993192,53.34353000102666]]},"properties":{"Route":"","Infrastructure type":"Bus lane (unclassified)","Length (m)":83.8,"Source":"NTA BikeLife Survey (2013-2021, published Feb 2021)"}},{"type":"Feature","geometry":{"type":"LineString","coordinates":[[-6.339299999586124,53.344460000613815],[-6.3398800005488045,53.344440000968426],[-6.340530000690506,53.344470000827265],[-6.341450000393722,53.344510000998845],[-6.342460000241125,53.344570000609124],[-6.343619999329162,53.34464000068858],[-6.344200000117655,53.344710001188034],[-6.344749999249258,53.34482000078683],[-6.3452900009122795,53.34498000144653],[-6.3458099995379955,53.345190001184534],[-6.346260000353785,53.34543000107368],[-6.346679999302064,53.345710000728175],[-6.34704999948069,53.346050001246454],[-6.347350000383669,53.34640000084988],[-6.347840000125874,53.34700000109353],[-6.348199999584612,53.347430000875235],[-6.348589999618843,53.347930001580686],[-6.349009999934748,53.348400000669386],[-6.349379999638738,53.348730001603],[-6.349790000246833,53.34902000076009],[-6.350289999372392,53.34929000062285],[-6.350830000918777,53.34952000103634],[-6.351450000519586,53.349720001347166],[-6.35203000043817,53.349870001226186],[-6.352690000386919,53.34998000070699],[-6.353150000499017,53.350030000756405]]},"properties":{"Route":"","Infrastructure type":"Bus lane (unclassified)","Length (m)":1209.5,"Source":"NTA BikeLife Survey (2013-2021, published Feb 2021)"}},{"type":"Feature","geometry":{"type":"LineString","coordinates":[[-6.379230000341085,53.30424000063236],[-6.381430000254737,53.30567000131151],[-6.3836799993387325,53.30705000117822]]},"properties":{"Route":"","Infrastructure type":"Bus lane (unclassified)","Length (m)":431.1,"Source":"NTA BikeLife Survey (2013-2021, published Feb 2021)"}},{"type":"Feature","geometry":{"type":"LineString","coordinates":[[-6.359660000188693,53.352820000902824],[-6.359810000290313,53.35288000115949],[-6.36031000087651,53.35299000107377],[-6.3606699997529175,53.353050000655976],[-6.361019999117931,53.35309000107511],[-6.361310000322486,53.35311000066949],[-6.361889999415904,53.35314000037359],[-6.362609999755162,53.353170001354464]]},"properties":{"Route":"","Infrastructure type":"Bus lane (unclassified)","Length (m)":202.4,"Source":"NTA BikeLife Survey (2013-2021, published Feb 2021)"}},{"type":"Feature","geometry":{"type":"LineString","coordinates":[[-6.209750000685174,53.3177400013811],[-6.2100500008827115,53.3178100011528]]},"properties":{"Route":"","Infrastructure type":"Bus lane (unclassified)","Length (m)":21.5,"Source":"NTA BikeLife Survey (2013-2021, published Feb 2021)"}},{"type":"Feature","geometry":{"type":"LineString","coordinates":[[-6.339550000184758,53.344560000597276],[-6.339009999493179,53.344580000961315],[-6.338310000546374,53.344630000739464],[-6.337689999689896,53.34470000113564],[-6.336860000259218,53.3448400008602],[-6.33611000025273,53.344980001403364],[-6.335480000944485,53.345080001222065],[-6.334859999957795,53.34516000141745],[-6.334410000326774,53.345200001342064],[-6.333750000039046,53.34522000142988],[-6.333079999909979,53.34522000093132],[-6.332380000539513,53.34518000132535]]},"properties":{"Route":"","Infrastructure type":"Bus lane (unclassified)","Length (m)":486.2,"Source":"NTA BikeLife Survey (2013-2021, published Feb 2021)"}},{"type":"Feature","geometry":{"type":"LineString","coordinates":[[-6.37250000003344,53.355010001698],[-6.372960000384696,53.35512000122093],[-6.373399999356015,53.35522000133977]]},"properties":{"Route":"","Infrastructure type":"Bus lane (unclassified)","Length (m)":64.3,"Source":"NTA BikeLife Survey (2013-2021, published Feb 2021)"}},{"type":"Feature","geometry":{"type":"LineString","coordinates":[[-6.265020000453951,53.38851000154431],[-6.264699999333701,53.38911000106202]]},"properties":{"Route":"","Infrastructure type":"Bus lane (unclassified)","Length (m)":70.1,"Source":"NTA BikeLife Survey (2013-2021, published Feb 2021)"}},{"type":"Feature","geometry":{"type":"LineString","coordinates":[[-6.3836799993387325,53.30705000117822],[-6.385290001021074,53.308080001116984],[-6.386409999717418,53.3088100009261]]},"properties":{"Route":"","Infrastructure type":"Bus lane (unclassified)","Length (m)":267.4,"Source":"NTA BikeLife Survey (2013-2021, published Feb 2021)"}},{"type":"Feature","geometry":{"type":"LineString","coordinates":[[-6.35600000036625,53.35052000075625],[-6.356249999750498,53.35061000109143],[-6.356760000636426,53.350850001454134],[-6.357189999959919,53.35112000104549],[-6.357549999987745,53.351430000921226],[-6.357979999931269,53.35182000055466]]},"properties":{"Route":"","Infrastructure type":"Bus lane (unclassified)","Length (m)":198.1,"Source":"NTA BikeLife Survey (2013-2021, published Feb 2021)"}},{"type":"Feature","geometry":{"type":"LineString","coordinates":[[-6.324090000594661,53.324580000833095],[-6.323479999451608,53.32464000066991],[-6.322770000002363,53.32470000071913],[-6.32174999989872,53.32478000121319]]},"properties":{"Route":"","Infrastructure type":"Bus lane (unclassified)","Length (m)":157.5,"Source":"NTA BikeLife Survey (2013-2021, published Feb 2021)"}},{"type":"Feature","geometry":{"type":"LineString","coordinates":[[-6.321509999391386,53.3430200002262],[-6.321859999255946,53.343080000591605]]},"properties":{"Route":"","Infrastructure type":"Bus lane (unclassified)","Length (m)":24.2,"Source":"NTA BikeLife Survey (2013-2021, published Feb 2021)"}},{"type":"Feature","geometry":{"type":"LineString","coordinates":[[-6.281110000442954,53.33108000136285],[-6.281079999821667,53.33108000140224],[-6.281020000080197,53.331080001480025]]},"properties":{"Route":"","Infrastructure type":"Bus lane (unclassified)","Length (m)":6.0,"Source":"NTA BikeLife Survey (2013-2021, published Feb 2021)"}},{"type":"Feature","geometry":{"type":"LineString","coordinates":[[-6.367999999983015,53.354060000495444],[-6.368660000131185,53.35422000079614],[-6.36947000054009,53.354410000664004]]},"properties":{"Route":"","Infrastructure type":"Bus lane (unclassified)","Length (m)":105.3,"Source":"NTA BikeLife Survey (2013-2021, published Feb 2021)"}},{"type":"Feature","geometry":{"type":"LineString","coordinates":[[-6.2100500008827115,53.3178100011528],[-6.210539999109963,53.317940000711175],[-6.2109400003389075,53.31806000075794],[-6.2112700001509475,53.31817000097778]]},"properties":{"Route":"","Infrastructure type":"Bus lane (unclassified)","Length (m)":90.7,"Source":"NTA BikeLife Survey (2013-2021, published Feb 2021)"}},{"type":"Feature","geometry":{"type":"LineString","coordinates":[[-6.3669600008424805,53.35382000138964],[-6.367319999351681,53.35390000057599],[-6.36772000029734,53.353990001219366]]},"properties":{"Route":"","Infrastructure type":"Bus lane (unclassified)","Length (m)":54.0,"Source":"NTA BikeLife Survey (2013-2021, published Feb 2021)"}},{"type":"Feature","geometry":{"type":"LineString","coordinates":[[-6.324889999781013,53.324480000759635],[-6.324090000594661,53.324580000833095]]},"properties":{"Route":"","Infrastructure type":"Bus lane (unclassified)","Length (m)":54.5,"Source":"NTA BikeLife Survey (2013-2021, published Feb 2021)"}},{"type":"Feature","geometry":{"type":"LineString","coordinates":[[-6.1117299991979595,53.20653000045349],[-6.1121999997023195,53.20667000119992],[-6.112869999570326,53.20681000089571]]},"properties":{"Route":"","Infrastructure type":"Bus lane (unclassified)","Length (m)":82.5,"Source":"NTA BikeLife Survey (2013-2021, published Feb 2021)"}},{"type":"Feature","geometry":{"type":"LineString","coordinates":[[-6.111390000517254,53.206430000320715],[-6.1117299991979595,53.20653000045349]]},"properties":{"Route":"","Infrastructure type":"Bus lane (unclassified)","Length (m)":25.3,"Source":"NTA BikeLife Survey (2013-2021, published Feb 2021)"}},{"type":"Feature","geometry":{"type":"LineString","coordinates":[[-6.119759999309511,53.218410000409364],[-6.120019999872584,53.21903000065565],[-6.120340000966586,53.21984000071818],[-6.120670000596149,53.22056000116808],[-6.120980000580691,53.221080000631645],[-6.1214100001460885,53.22157000105333]]},"properties":{"Route":"","Infrastructure type":"Bus lane (unclassified)","Length (m)":370.0,"Source":"NTA BikeLife Survey (2013-2021, published Feb 2021)"}},{"type":"Feature","geometry":{"type":"LineString","coordinates":[[-6.392500000495986,53.39377000111265],[-6.392030000607291,53.39403000077865],[-6.39139999904599,53.39438000075604]]},"properties":{"Route":"","Infrastructure type":"Bus lane (unclassified)","Length (m)":99.8,"Source":"NTA BikeLife Survey (2013-2021, published Feb 2021)"}},{"type":"Feature","geometry":{"type":"LineString","coordinates":[[-6.30848000047745,53.34200000129509],[-6.30808999958287,53.34203000101445]]},"properties":{"Route":"","Infrastructure type":"Bus lane (unclassified)","Length (m)":26.2,"Source":"NTA BikeLife Survey (2013-2021, published Feb 2021)"}},{"type":"Feature","geometry":{"type":"LineString","coordinates":[[-6.39139999904599,53.39438000075604],[-6.390820000186776,53.394690001359535]]},"properties":{"Route":"","Infrastructure type":"Bus lane (unclassified)","Length (m)":51.8,"Source":"NTA BikeLife Survey (2013-2021, published Feb 2021)"}},{"type":"Feature","geometry":{"type":"LineString","coordinates":[[-6.110440000085925,53.20603000144416],[-6.110759999784546,53.206150001219896],[-6.111390000517254,53.206430000320715]]},"properties":{"Route":"","Infrastructure type":"Bus lane (unclassified)","Length (m)":77.6,"Source":"NTA BikeLife Survey (2013-2021, published Feb 2021)"}},{"type":"Feature","geometry":{"type":"LineString","coordinates":[[-6.254919999614138,53.36887000103066],[-6.254530000607535,53.369500000803164],[-6.254399999492125,53.36970000057673]]},"properties":{"Route":"","Infrastructure type":"Bus lane (unclassified)","Length (m)":98.6,"Source":"NTA BikeLife Survey (2013-2021, published Feb 2021)"}},{"type":"Feature","geometry":{"type":"LineString","coordinates":[[-6.249849999579588,53.376280000593034],[-6.249650000614059,53.37646000120747],[-6.249429999735139,53.37661000068316]]},"properties":{"Route":"","Infrastructure type":"Bus lane (unclassified)","Length (m)":46.3,"Source":"NTA BikeLife Survey (2013-2021, published Feb 2021)"}},{"type":"Feature","geometry":{"type":"LineString","coordinates":[[-6.2691400007600295,53.33242000071586],[-6.268330000361503,53.33246000075559]]},"properties":{"Route":"","Infrastructure type":"Bus lane (unclassified)","Length (m)":54.1,"Source":"NTA BikeLife Survey (2013-2021, published Feb 2021)"}},{"type":"Feature","geometry":{"type":"LineString","coordinates":[[-6.265899999747889,53.37263000049961],[-6.265870000074516,53.372810000995734]]},"properties":{"Route":"","Infrastructure type":"Bus lane (unclassified)","Length (m)":20.1,"Source":"NTA BikeLife Survey (2013-2021, published Feb 2021)"}},{"type":"Feature","geometry":{"type":"LineString","coordinates":[[-6.265929999692911,53.37247000025085],[-6.265899999747889,53.37263000049961]]},"properties":{"Route":"","Infrastructure type":"Bus lane (unclassified)","Length (m)":17.9,"Source":"NTA BikeLife Survey (2013-2021, published Feb 2021)"}},{"type":"Feature","geometry":{"type":"LineString","coordinates":[[-6.10980000047112,53.205630000933304],[-6.109889998975606,53.20571000025353],[-6.110109999796233,53.20587000053366],[-6.1103199994293,53.205970000690385]]},"properties":{"Route":"","Infrastructure type":"Bus lane (unclassified)","Length (m)":51.7,"Source":"NTA BikeLife Survey (2013-2021, published Feb 2021)"}},{"type":"Feature","geometry":{"type":"LineString","coordinates":[[-6.250699999375465,53.34116000145974],[-6.250559999238349,53.34135000075991]]},"properties":{"Route":"","Infrastructure type":"Bus lane (unclassified)","Length (m)":23.1,"Source":"NTA BikeLife Survey (2013-2021, published Feb 2021)"}},{"type":"Feature","geometry":{"type":"LineString","coordinates":[[-6.271450000202046,53.31582000059692],[-6.27048999919942,53.3171900014622]]},"properties":{"Route":"","Infrastructure type":"Bus lane (unclassified)","Length (m)":165.3,"Source":"NTA BikeLife Survey (2013-2021, published Feb 2021)"}},{"type":"Feature","geometry":{"type":"LineString","coordinates":[[-6.304039999652396,53.34831000119448],[-6.305550000047075,53.348340001026784]]},"properties":{"Route":"","Infrastructure type":"Bus lane (unclassified)","Length (m)":100.6,"Source":"NTA BikeLife Survey (2013-2021, published Feb 2021)"}},{"type":"Feature","geometry":{"type":"LineString","coordinates":[[-6.25545000070291,53.36755000056636],[-6.255439999222582,53.36763000026933],[-6.255410000810276,53.36774000109832]]},"properties":{"Route":"","Infrastructure type":"Bus lane (unclassified)","Length (m)":21.3,"Source":"NTA BikeLife Survey (2013-2021, published Feb 2021)"}},{"type":"Feature","geometry":{"type":"LineString","coordinates":[[-6.219879999259561,53.37455000097388],[-6.219690000049303,53.37476000126472]]},"properties":{"Route":"","Infrastructure type":"Bus lane (unclassified)","Length (m)":26.6,"Source":"NTA BikeLife Survey (2013-2021, published Feb 2021)"}},{"type":"Feature","geometry":{"type":"LineString","coordinates":[[-6.206620000030025,53.37091000102551],[-6.2064400003462685,53.37093000088808]]},"properties":{"Route":"","Infrastructure type":"Bus lane (unclassified)","Length (m)":12.2,"Source":"NTA BikeLife Survey (2013-2021, published Feb 2021)"}},{"type":"Feature","geometry":{"type":"LineString","coordinates":[[-6.240270000076339,53.40403000091223],[-6.239410000254313,53.40512000092938]]},"properties":{"Route":"","Infrastructure type":"Bus lane (unclassified)","Length (m)":134.1,"Source":"NTA BikeLife Survey (2013-2021, published Feb 2021)"}},{"type":"Feature","geometry":{"type":"LineString","coordinates":[[-6.301809999585057,53.29883000057462],[-6.301629999407039,53.29890000098405]]},"properties":{"Route":"","Infrastructure type":"Bus lane (unclassified)","Length (m)":14.3,"Source":"NTA BikeLife Survey (2013-2021, published Feb 2021)"}},{"type":"Feature","geometry":{"type":"LineString","coordinates":[[-6.23786000015738,53.335850001150185],[-6.237999999488627,53.33603000132295],[-6.238150000372468,53.33616000049816]]},"properties":{"Route":"","Infrastructure type":"Bus lane (unclassified)","Length (m)":39.7,"Source":"NTA BikeLife Survey (2013-2021, published Feb 2021)"}},{"type":"Feature","geometry":{"type":"LineString","coordinates":[[-6.33123999975195,53.274920000795476],[-6.331270001013111,53.27496000079619],[-6.331280000205105,53.27503000089955]]},"properties":{"Route":"","Infrastructure type":"Bus lane (unclassified)","Length (m)":12.7,"Source":"NTA BikeLife Survey (2013-2021, published Feb 2021)"}},{"type":"Feature","geometry":{"type":"LineString","coordinates":[[-6.2933500002758915,53.28630000103796],[-6.2921099999199175,53.287040001384845],[-6.291870000138984,53.287220000909365],[-6.291649999747772,53.28741000089474],[-6.291440000300862,53.28762000041358],[-6.291299999322304,53.287830000505636],[-6.290719999317937,53.288840001243685]]},"properties":{"Route":"","Infrastructure type":"Bus lane (unclassified)","Length (m)":339.4,"Source":"NTA BikeLife Survey (2013-2021, published Feb 2021)"}},{"type":"Feature","geometry":{"type":"LineString","coordinates":[[-6.29061999992654,53.33392000092568],[-6.290470000750988,53.334030000390094]]},"properties":{"Route":"","Infrastructure type":"Bus lane (unclassified)","Length (m)":15.8,"Source":"NTA BikeLife Survey (2013-2021, published Feb 2021)"}},{"type":"Feature","geometry":{"type":"LineString","coordinates":[[-6.396759999969832,53.32757000137152],[-6.396299999309113,53.32771000022339]]},"properties":{"Route":"","Infrastructure type":"Bus lane (unclassified)","Length (m)":34.4,"Source":"NTA BikeLife Survey (2013-2021, published Feb 2021)"}},{"type":"Feature","geometry":{"type":"LineString","coordinates":[[-6.279740000507748,53.31085000068911],[-6.277850000594478,53.31132000076349]]},"properties":{"Route":"","Infrastructure type":"Bus lane (unclassified)","Length (m)":136.4,"Source":"NTA BikeLife Survey (2013-2021, published Feb 2021)"}},{"type":"Feature","geometry":{"type":"LineString","coordinates":[[-6.259549999359523,53.361630000970266],[-6.2594600006092564,53.36173000117317]]},"properties":{"Route":"","Infrastructure type":"Bus lane (unclassified)","Length (m)":12.6,"Source":"NTA BikeLife Survey (2013-2021, published Feb 2021)"}},{"type":"Feature","geometry":{"type":"LineString","coordinates":[[-6.265709999556681,53.355500000313846],[-6.265460000182279,53.35580000130652]]},"properties":{"Route":"","Infrastructure type":"Bus lane (unclassified)","Length (m)":37.3,"Source":"NTA BikeLife Survey (2013-2021, published Feb 2021)"}},{"type":"Feature","geometry":{"type":"LineString","coordinates":[[-6.27415000023424,53.312090000765245],[-6.274030000557516,53.31218000083084]]},"properties":{"Route":"","Infrastructure type":"Bus lane (unclassified)","Length (m)":12.8,"Source":"NTA BikeLife Survey (2013-2021, published Feb 2021)"}},{"type":"Feature","geometry":{"type":"LineString","coordinates":[[-6.2064400003462685,53.37093000088808],[-6.20605000093976,53.37096000161194]]},"properties":{"Route":"","Infrastructure type":"Bus lane (unclassified)","Length (m)":26.2,"Source":"NTA BikeLife Survey (2013-2021, published Feb 2021)"}},{"type":"Feature","geometry":{"type":"LineString","coordinates":[[-6.200040000389155,53.373760000937935],[-6.199179999676955,53.37421000084701],[-6.198729999641633,53.37444000101508]]},"properties":{"Route":"","Infrastructure type":"Bus lane (unclassified)","Length (m)":115.5,"Source":"NTA BikeLife Survey (2013-2021, published Feb 2021)"}},{"type":"Feature","geometry":{"type":"LineString","coordinates":[[-6.266589999235593,53.37182000150446],[-6.26616999945949,53.37217000145535],[-6.2660599988415395,53.37227000084922],[-6.2659900001541855,53.37235000048118],[-6.265929999692911,53.37247000025085]]},"properties":{"Route":"","Infrastructure type":"Bus lane (unclassified)","Length (m)":85.3,"Source":"NTA BikeLife Survey (2013-2021, published Feb 2021)"}},{"type":"Feature","geometry":{"type":"LineString","coordinates":[[-6.227469999492509,53.36770000100967],[-6.2274299992382804,53.36773000066139]]},"properties":{"Route":"","Infrastructure type":"Bus lane (unclassified)","Length (m)":4.3,"Source":"NTA BikeLife Survey (2013-2021, published Feb 2021)"}},{"type":"Feature","geometry":{"type":"LineString","coordinates":[[-6.221650000174103,53.324570000701584],[-6.2227599994370255,53.3252300012981],[-6.223180000462714,53.32548000113561],[-6.22343999991481,53.32565000078546]]},"properties":{"Route":"","Infrastructure type":"Bus lane (unclassified)","Length (m)":169.4,"Source":"NTA BikeLife Survey (2013-2021, published Feb 2021)"}},{"type":"Feature","geometry":{"type":"LineString","coordinates":[[-6.2401000001994635,53.33744000038906],[-6.2401999992161,53.337490000797466]]},"properties":{"Route":"","Infrastructure type":"Bus lane (unclassified)","Length (m)":8.7,"Source":"NTA BikeLife Survey (2013-2021, published Feb 2021)"}},{"type":"Feature","geometry":{"type":"LineString","coordinates":[[-6.2438000001263205,53.33217000116142],[-6.243550000083708,53.33274000025397]]},"properties":{"Route":"","Infrastructure type":"Bus lane (unclassified)","Length (m)":65.6,"Source":"NTA BikeLife Survey (2013-2021, published Feb 2021)"}},{"type":"Feature","geometry":{"type":"LineString","coordinates":[[-6.247540000522655,53.29364000073016],[-6.247649999434059,53.29366000086008],[-6.248020000147011,53.29373000084944]]},"properties":{"Route":"","Infrastructure type":"Bus lane (unclassified)","Length (m)":33.5,"Source":"NTA BikeLife Survey (2013-2021, published Feb 2021)"}},{"type":"Feature","geometry":{"type":"LineString","coordinates":[[-6.237060000599516,53.33473000052969],[-6.237319999123515,53.335070000669404]]},"properties":{"Route":"","Infrastructure type":"Bus lane (unclassified)","Length (m)":41.6,"Source":"NTA BikeLife Survey (2013-2021, published Feb 2021)"}},{"type":"Feature","geometry":{"type":"LineString","coordinates":[[-6.251410000853435,53.3404500010782],[-6.251179998861278,53.3407000007646],[-6.251020000679739,53.34086000076418]]},"properties":{"Route":"","Infrastructure type":"Bus lane (unclassified)","Length (m)":52.5,"Source":"NTA BikeLife Survey (2013-2021, published Feb 2021)"}},{"type":"Feature","geometry":{"type":"LineString","coordinates":[[-6.251009999712532,53.34128000087886],[-6.252039999753239,53.34162000112159],[-6.252119999362264,53.341650000836076]]},"properties":{"Route":"","Infrastructure type":"Bus lane (unclassified)","Length (m)":84.6,"Source":"NTA BikeLife Survey (2013-2021, published Feb 2021)"}},{"type":"Feature","geometry":{"type":"LineString","coordinates":[[-6.330929999834104,53.274870000785036],[-6.330829999813824,53.274940000601056]]},"properties":{"Route":"","Infrastructure type":"Bus lane (unclassified)","Length (m)":10.3,"Source":"NTA BikeLife Survey (2013-2021, published Feb 2021)"}},{"type":"Feature","geometry":{"type":"LineString","coordinates":[[-6.282759999195303,53.311640000905406],[-6.282599999206088,53.31203000024309],[-6.28256999983999,53.31211000034974]]},"properties":{"Route":"","Infrastructure type":"Bus lane (unclassified)","Length (m)":53.8,"Source":"NTA BikeLife Survey (2013-2021, published Feb 2021)"}},{"type":"Feature","geometry":{"type":"LineString","coordinates":[[-6.281289999319065,53.31598000115021],[-6.280839999964191,53.316450000738]]},"properties":{"Route":"","Infrastructure type":"Bus lane (unclassified)","Length (m)":60.3,"Source":"NTA BikeLife Survey (2013-2021, published Feb 2021)"}},{"type":"Feature","geometry":{"type":"LineString","coordinates":[[-6.280839999964191,53.316450000738],[-6.28060999922855,53.316720000834195]]},"properties":{"Route":"","Infrastructure type":"Bus lane (unclassified)","Length (m)":33.7,"Source":"NTA BikeLife Survey (2013-2021, published Feb 2021)"}},{"type":"Feature","geometry":{"type":"LineString","coordinates":[[-6.28060999922855,53.316720000834195],[-6.280259999790576,53.317090000679165]]},"properties":{"Route":"","Infrastructure type":"Bus lane (unclassified)","Length (m)":47.3,"Source":"NTA BikeLife Survey (2013-2021, published Feb 2021)"}},{"type":"Feature","geometry":{"type":"LineString","coordinates":[[-6.244159999261758,53.33132000105095],[-6.2438000001263205,53.33217000116142]]},"properties":{"Route":"","Infrastructure type":"Bus lane (unclassified)","Length (m)":97.6,"Source":"NTA BikeLife Survey (2013-2021, published Feb 2021)"}},{"type":"Feature","geometry":{"type":"LineString","coordinates":[[-6.331039999199747,53.275140000497245],[-6.3311900002124375,53.27530000077078]]},"properties":{"Route":"","Infrastructure type":"Bus lane (unclassified)","Length (m)":20.4,"Source":"NTA BikeLife Survey (2013-2021, published Feb 2021)"}},{"type":"Feature","geometry":{"type":"LineString","coordinates":[[-6.2717599992354405,53.31539000075174],[-6.271549999388334,53.3156900009345]]},"properties":{"Route":"","Infrastructure type":"Bus lane (unclassified)","Length (m)":36.2,"Source":"NTA BikeLife Survey (2013-2021, published Feb 2021)"}},{"type":"Feature","geometry":{"type":"LineString","coordinates":[[-6.272329999497882,53.31459000103279],[-6.272160000469657,53.314820000516214]]},"properties":{"Route":"","Infrastructure type":"Bus lane (unclassified)","Length (m)":28.0,"Source":"NTA BikeLife Survey (2013-2021, published Feb 2021)"}},{"type":"Feature","geometry":{"type":"LineString","coordinates":[[-6.271549999388334,53.3156900009345],[-6.271450000202046,53.31582000059692]]},"properties":{"Route":"","Infrastructure type":"Bus lane (unclassified)","Length (m)":15.9,"Source":"NTA BikeLife Survey (2013-2021, published Feb 2021)"}},{"type":"Feature","geometry":{"type":"LineString","coordinates":[[-6.279390000564465,53.32223000034102],[-6.279369999723264,53.322390000590104],[-6.279280000443616,53.322640000286384],[-6.279140000200806,53.32292000085585],[-6.279060000213991,53.32310000134719]]},"properties":{"Route":"","Infrastructure type":"Bus lane (unclassified)","Length (m)":99.6,"Source":"NTA BikeLife Survey (2013-2021, published Feb 2021)"}},{"type":"Feature","geometry":{"type":"LineString","coordinates":[[-6.266140000119534,53.36031000072555],[-6.266489999747134,53.3603300015294]]},"properties":{"Route":"","Infrastructure type":"Bus lane (unclassified)","Length (m)":23.4,"Source":"NTA BikeLife Survey (2013-2021, published Feb 2021)"}},{"type":"Feature","geometry":{"type":"LineString","coordinates":[[-6.271160000629226,53.350500001520395],[-6.2708999990978675,53.350590000389424],[-6.2708600000402805,53.35061000076093]]},"properties":{"Route":"","Infrastructure type":"Bus lane (unclassified)","Length (m)":23.5,"Source":"NTA BikeLife Survey (2013-2021, published Feb 2021)"}},{"type":"Feature","geometry":{"type":"LineString","coordinates":[[-6.228900000647193,53.36589000120322],[-6.228800000431018,53.366050000441476],[-6.228599999829989,53.3663300005884],[-6.228399999766897,53.366600001118506],[-6.228069999422532,53.367060000920326],[-6.227889999579816,53.36730000039122],[-6.227730000426322,53.36747000136585]]},"properties":{"Route":"","Infrastructure type":"Bus lane (unclassified)","Length (m)":192.5,"Source":"NTA BikeLife Survey (2013-2021, published Feb 2021)"}},{"type":"Feature","geometry":{"type":"LineString","coordinates":[[-6.194249999619242,53.37556000069153],[-6.193119999746569,53.37574000100536]]},"properties":{"Route":"","Infrastructure type":"Bus lane (unclassified)","Length (m)":77.8,"Source":"NTA BikeLife Survey (2013-2021, published Feb 2021)"}},{"type":"Feature","geometry":{"type":"LineString","coordinates":[[-6.193119999746569,53.37574000100536],[-6.192859999907619,53.375790000491335]]},"properties":{"Route":"","Infrastructure type":"Bus lane (unclassified)","Length (m)":18.2,"Source":"NTA BikeLife Survey (2013-2021, published Feb 2021)"}},{"type":"Feature","geometry":{"type":"LineString","coordinates":[[-6.2376399995676035,53.36174000064762],[-6.236820000125427,53.36245000126038]]},"properties":{"Route":"","Infrastructure type":"Bus lane (unclassified)","Length (m)":96.0,"Source":"NTA BikeLife Survey (2013-2021, published Feb 2021)"}},{"type":"Feature","geometry":{"type":"LineString","coordinates":[[-6.27300999964925,53.3135900009148],[-6.2726299997120565,53.3141600006279]]},"properties":{"Route":"","Infrastructure type":"Bus lane (unclassified)","Length (m)":68.3,"Source":"NTA BikeLife Survey (2013-2021, published Feb 2021)"}},{"type":"Feature","geometry":{"type":"LineString","coordinates":[[-6.235430000063804,53.332360000536184],[-6.235660000449239,53.3326500010064],[-6.235819999780036,53.332880000721985]]},"properties":{"Route":"","Infrastructure type":"Bus lane (unclassified)","Length (m)":63.5,"Source":"NTA BikeLife Survey (2013-2021, published Feb 2021)"}},{"type":"Feature","geometry":{"type":"LineString","coordinates":[[-6.251750000012957,53.340100001154546],[-6.251740000527076,53.340110001325826],[-6.251580000050955,53.34028000132887],[-6.251410000853435,53.3404500010782]]},"properties":{"Route":"","Infrastructure type":"Bus lane (unclassified)","Length (m)":45.1,"Source":"NTA BikeLife Survey (2013-2021, published Feb 2021)"}},{"type":"Feature","geometry":{"type":"LineString","coordinates":[[-6.2103400005133835,53.37993000105377],[-6.209809999973585,53.38027000037713],[-6.209490000397854,53.38049000064864],[-6.209039999234352,53.380840000623444]]},"properties":{"Route":"","Infrastructure type":"Bus lane (unclassified)","Length (m)":133.3,"Source":"NTA BikeLife Survey (2013-2021, published Feb 2021)"}},{"type":"Feature","geometry":{"type":"LineString","coordinates":[[-6.2085499990084285,53.36993000037096],[-6.207370000152316,53.37063000111655]]},"properties":{"Route":"","Infrastructure type":"Bus lane (unclassified)","Length (m)":110.6,"Source":"NTA BikeLife Survey (2013-2021, published Feb 2021)"}},{"type":"Feature","geometry":{"type":"LineString","coordinates":[[-6.26031000040554,53.400570000674264],[-6.261180000265648,53.40073000066946],[-6.261819999474931,53.40078000168116],[-6.262109999476375,53.40084000085422]]},"properties":{"Route":"","Infrastructure type":"Bus lane (unclassified)","Length (m)":123.9,"Source":"NTA BikeLife Survey (2013-2021, published Feb 2021)"}},{"type":"Feature","geometry":{"type":"LineString","coordinates":[[-6.237319999123515,53.335070000669404],[-6.23786000015738,53.335850001150185]]},"properties":{"Route":"","Infrastructure type":"Bus lane (unclassified)","Length (m)":94.0,"Source":"NTA BikeLife Survey (2013-2021, published Feb 2021)"}},{"type":"Feature","geometry":{"type":"LineString","coordinates":[[-6.250699999375465,53.34116000145974],[-6.251009999712532,53.34128000087886]]},"properties":{"Route":"","Infrastructure type":"Bus lane (unclassified)","Length (m)":24.6,"Source":"NTA BikeLife Survey (2013-2021, published Feb 2021)"}},{"type":"Feature","geometry":{"type":"LineString","coordinates":[[-6.269310000799148,53.338130000595555],[-6.26933000008845,53.33830000067876],[-6.269309999753591,53.33838000044709]]},"properties":{"Route":"","Infrastructure type":"Bus lane (unclassified)","Length (m)":28.0,"Source":"NTA BikeLife Survey (2013-2021, published Feb 2021)"}},{"type":"Feature","geometry":{"type":"LineString","coordinates":[[-6.245369999352643,53.32843000045279],[-6.24513999922261,53.328960000495655]]},"properties":{"Route":"","Infrastructure type":"Bus lane (unclassified)","Length (m)":60.9,"Source":"NTA BikeLife Survey (2013-2021, published Feb 2021)"}},{"type":"Feature","geometry":{"type":"LineString","coordinates":[[-6.331280000205105,53.27503000089955],[-6.331210000515922,53.275100001185976]]},"properties":{"Route":"","Infrastructure type":"Bus lane (unclassified)","Length (m)":9.1,"Source":"NTA BikeLife Survey (2013-2021, published Feb 2021)"}},{"type":"Feature","geometry":{"type":"LineString","coordinates":[[-6.289380000976149,53.29154000113751],[-6.289189999997545,53.29185000088555]]},"properties":{"Route":"","Infrastructure type":"Bus lane (unclassified)","Length (m)":36.8,"Source":"NTA BikeLife Survey (2013-2021, published Feb 2021)"}},{"type":"Feature","geometry":{"type":"LineString","coordinates":[[-6.313300000294315,53.29121000052512],[-6.312550000584372,53.29152000094922],[-6.312089999853357,53.29174000093063],[-6.311710000970552,53.29196000117558]]},"properties":{"Route":"","Infrastructure type":"Bus lane (unclassified)","Length (m)":135.2,"Source":"NTA BikeLife Survey (2013-2021, published Feb 2021)"}},{"type":"Feature","geometry":{"type":"LineString","coordinates":[[-6.347900000552487,53.3423900015719],[-6.347300000237331,53.34243000127979],[-6.346629999323046,53.34247000133123],[-6.34616000032755,53.34250000094316],[-6.3458399997322825,53.34251000033067],[-6.345309999666755,53.34249000119965],[-6.3450600006192115,53.342460001096555]]},"properties":{"Route":"","Infrastructure type":"Bus lane (unclassified)","Length (m)":190.2,"Source":"NTA BikeLife Survey (2013-2021, published Feb 2021)"}},{"type":"Feature","geometry":{"type":"LineString","coordinates":[[-6.2594600006092564,53.36173000117317],[-6.259140000412511,53.36208000070227],[-6.258749999058781,53.36251000113157]]},"properties":{"Route":"","Infrastructure type":"Bus lane (unclassified)","Length (m)":98.8,"Source":"NTA BikeLife Survey (2013-2021, published Feb 2021)"}},{"type":"Feature","geometry":{"type":"LineString","coordinates":[[-6.254399999492125,53.36970000057673],[-6.254279998978567,53.36987000134724],[-6.254160000352987,53.370050000377645],[-6.254050000290132,53.370240001009876],[-6.253829999915392,53.37063000121864]]},"properties":{"Route":"","Infrastructure type":"Bus lane (unclassified)","Length (m)":110.3,"Source":"NTA BikeLife Survey (2013-2021, published Feb 2021)"}},{"type":"Feature","geometry":{"type":"LineString","coordinates":[[-6.25153000056981,53.374330000813856],[-6.251420000120491,53.37450000054503],[-6.25127000066476,53.37469000040377]]},"properties":{"Route":"","Infrastructure type":"Bus lane (unclassified)","Length (m)":43.7,"Source":"NTA BikeLife Survey (2013-2021, published Feb 2021)"}},{"type":"Feature","geometry":{"type":"LineString","coordinates":[[-6.23937000030854,53.415670000625646],[-6.239320000526162,53.416050001500096],[-6.239229999459535,53.416330001046745],[-6.239099999587068,53.41662000033523],[-6.239000000057983,53.4167800011355],[-6.238830000443584,53.417010000978685],[-6.238480000528828,53.41737000060492]]},"properties":{"Route":"","Infrastructure type":"Bus lane (unclassified)","Length (m)":200.9,"Source":"NTA BikeLife Survey (2013-2021, published Feb 2021)"}},{"type":"Feature","geometry":{"type":"LineString","coordinates":[[-6.201079999980865,53.37324000129682],[-6.200040000389155,53.373760000937935]]},"properties":{"Route":"","Infrastructure type":"Bus lane (unclassified)","Length (m)":90.2,"Source":"NTA BikeLife Survey (2013-2021, published Feb 2021)"}},{"type":"Feature","geometry":{"type":"LineString","coordinates":[[-6.283810000113634,53.303560001402815],[-6.283780000457145,53.30374000122251],[-6.283530000362606,53.304330000722146]]},"properties":{"Route":"","Infrastructure type":"Bus lane (unclassified)","Length (m)":87.9,"Source":"NTA BikeLife Survey (2013-2021, published Feb 2021)"}},{"type":"Feature","geometry":{"type":"LineString","coordinates":[[-6.283539999415793,53.30986000135869],[-6.283500000236944,53.309930000501865],[-6.283440000154366,53.310040000169764],[-6.283320000025928,53.310320000593634]]},"properties":{"Route":"","Infrastructure type":"Bus lane (unclassified)","Length (m)":53.3,"Source":"NTA BikeLife Survey (2013-2021, published Feb 2021)"}},{"type":"Feature","geometry":{"type":"LineString","coordinates":[[-6.291559999402606,53.33330000121339],[-6.291320000428718,53.333480000925945]]},"properties":{"Route":"","Infrastructure type":"Bus lane (unclassified)","Length (m)":25.6,"Source":"NTA BikeLife Survey (2013-2021, published Feb 2021)"}},{"type":"Feature","geometry":{"type":"LineString","coordinates":[[-6.26962999968354,53.36058000092833],[-6.270179999263513,53.36063000075224]]},"properties":{"Route":"","Infrastructure type":"Bus lane (unclassified)","Length (m)":37.0,"Source":"NTA BikeLife Survey (2013-2021, published Feb 2021)"}},{"type":"Feature","geometry":{"type":"LineString","coordinates":[[-6.26752999994327,53.36041000118946],[-6.269360000104951,53.360560001196276],[-6.26962999968354,53.36058000092833]]},"properties":{"Route":"","Infrastructure type":"Bus lane (unclassified)","Length (m)":141.1,"Source":"NTA BikeLife Survey (2013-2021, published Feb 2021)"}},{"type":"Feature","geometry":{"type":"LineString","coordinates":[[-6.266489999747134,53.3603300015294],[-6.267330000324045,53.36040000121473]]},"properties":{"Route":"","Infrastructure type":"Bus lane (unclassified)","Length (m)":56.5,"Source":"NTA BikeLife Survey (2013-2021, published Feb 2021)"}},{"type":"Feature","geometry":{"type":"LineString","coordinates":[[-6.265919999627418,53.355270001010275],[-6.265709999556681,53.355500000313846]]},"properties":{"Route":"","Infrastructure type":"Bus lane (unclassified)","Length (m)":29.2,"Source":"NTA BikeLife Survey (2013-2021, published Feb 2021)"}},{"type":"Feature","geometry":{"type":"LineString","coordinates":[[-6.258749999058781,53.36251000113157],[-6.258430000536809,53.36286000061226]]},"properties":{"Route":"","Infrastructure type":"Bus lane (unclassified)","Length (m)":44.4,"Source":"NTA BikeLife Survey (2013-2021, published Feb 2021)"}},{"type":"Feature","geometry":{"type":"LineString","coordinates":[[-6.202249999178443,53.37236000064755],[-6.202089999974648,53.37263000072746],[-6.201920000188284,53.372820000912824]]},"properties":{"Route":"","Infrastructure type":"Bus lane (unclassified)","Length (m)":55.9,"Source":"NTA BikeLife Survey (2013-2021, published Feb 2021)"}},{"type":"Feature","geometry":{"type":"LineString","coordinates":[[-6.192859999907619,53.375790000491335],[-6.192069999769289,53.375940000468056]]},"properties":{"Route":"","Infrastructure type":"Bus lane (unclassified)","Length (m)":55.2,"Source":"NTA BikeLife Survey (2013-2021, published Feb 2021)"}},{"type":"Feature","geometry":{"type":"LineString","coordinates":[[-6.203209999493432,53.371250001047386],[-6.20293999983301,53.37131000136801],[-6.20271999939448,53.371420001123354]]},"properties":{"Route":"","Infrastructure type":"Bus lane (unclassified)","Length (m)":38.3,"Source":"NTA BikeLife Survey (2013-2021, published Feb 2021)"}},{"type":"Feature","geometry":{"type":"LineString","coordinates":[[-6.236159881793847,53.36281959306552],[-6.2360098814471305,53.36295959307538]]},"properties":{"Route":"","Infrastructure type":"Bus lane (unclassified)","Length (m)":18.5,"Source":"NTA BikeLife Survey (2013-2021, published Feb 2021)"}},{"type":"Feature","geometry":{"type":"LineString","coordinates":[[-6.406820000460483,53.3333600010648],[-6.407019999322115,53.33418000085669],[-6.40799000105329,53.33789000049908]]},"properties":{"Route":"","Infrastructure type":"Bus lane (unclassified)","Length (m)":510.1,"Source":"NTA BikeLife Survey (2013-2021, published Feb 2021)"}},{"type":"Feature","geometry":{"type":"LineString","coordinates":[[-6.244329999570108,53.387610001307735],[-6.2451399998924195,53.388080000936974],[-6.2453499994736745,53.388210000719894],[-6.245540000864281,53.38836000035595],[-6.245670000278917,53.38848000093929],[-6.245830000230261,53.38869000035649],[-6.245920000164808,53.388880001554035],[-6.246270000115432,53.389780001582196]]},"properties":{"Route":"","Infrastructure type":"Bus lane (unclassified)","Length (m)":282.6,"Source":"NTA BikeLife Survey (2013-2021, published Feb 2021)"}},{"type":"Feature","geometry":{"type":"LineString","coordinates":[[-6.154310000027342,53.40273000107171],[-6.155960000392664,53.40286000069626],[-6.156570000761146,53.40287000079928],[-6.156709999644323,53.402860000687376]]},"properties":{"Route":"","Infrastructure type":"Bus lane (unclassified)","Length (m)":160.7,"Source":"NTA BikeLife Survey (2013-2021, published Feb 2021)"}},{"type":"Feature","geometry":{"type":"LineString","coordinates":[[-6.20695999944119,53.37082000089229],[-6.206620000030025,53.37091000102551]]},"properties":{"Route":"","Infrastructure type":"Bus lane (unclassified)","Length (m)":24.7,"Source":"NTA BikeLife Survey (2013-2021, published Feb 2021)"}},{"type":"Feature","geometry":{"type":"LineString","coordinates":[[-6.1876799998512055,53.37737000093546],[-6.185400000495344,53.37769000094613],[-6.183970000070642,53.377940001144765],[-6.183519999867955,53.378030000494924],[-6.182849999341785,53.378210000796095],[-6.181670000764969,53.37863000095012],[-6.180270000395428,53.37905000140199]]},"properties":{"Route":"","Infrastructure type":"Bus lane (unclassified)","Length (m)":531.1,"Source":"NTA BikeLife Survey (2013-2021, published Feb 2021)"}},{"type":"Feature","geometry":{"type":"LineString","coordinates":[[-6.2243299993790115,53.32645000101813],[-6.224440000476988,53.32656000099234]]},"properties":{"Route":"","Infrastructure type":"Bus lane (unclassified)","Length (m)":14.3,"Source":"NTA BikeLife Survey (2013-2021, published Feb 2021)"}},{"type":"Feature","geometry":{"type":"LineString","coordinates":[[-6.235979999755702,53.33313000067925],[-6.236329999685808,53.33361000073873],[-6.236810000292846,53.33431000100584],[-6.237060000599516,53.33473000052969]]},"properties":{"Route":"","Infrastructure type":"Bus lane (unclassified)","Length (m)":192.1,"Source":"NTA BikeLife Survey (2013-2021, published Feb 2021)"}},{"type":"Feature","geometry":{"type":"LineString","coordinates":[[-6.40658999972134,53.332000000866834],[-6.406720000162557,53.33284000025888],[-6.406820000460483,53.3333600010648]]},"properties":{"Route":"","Infrastructure type":"Bus lane (unclassified)","Length (m)":152.1,"Source":"NTA BikeLife Survey (2013-2021, published Feb 2021)"}},{"type":"Feature","geometry":{"type":"LineString","coordinates":[[-6.289189999997545,53.29185000088555],[-6.289109999475283,53.29199000117637],[-6.288870000578844,53.292260000330224],[-6.288609999192465,53.292490000488066],[-6.288210000339947,53.292790000808736]]},"properties":{"Route":"","Infrastructure type":"Bus lane (unclassified)","Length (m)":124.2,"Source":"NTA BikeLife Survey (2013-2021, published Feb 2021)"}},{"type":"Feature","geometry":{"type":"LineString","coordinates":[[-6.2896599995167,53.29105000100681],[-6.289380000976149,53.29154000113751]]},"properties":{"Route":"","Infrastructure type":"Bus lane (unclassified)","Length (m)":57.6,"Source":"NTA BikeLife Survey (2013-2021, published Feb 2021)"}},{"type":"Feature","geometry":{"type":"LineString","coordinates":[[-6.283320000025928,53.310320000593634],[-6.2831400000543605,53.31070000111759],[-6.283029999581403,53.31101000107039]]},"properties":{"Route":"","Infrastructure type":"Bus lane (unclassified)","Length (m)":79.2,"Source":"NTA BikeLife Survey (2013-2021, published Feb 2021)"}},{"type":"Feature","geometry":{"type":"LineString","coordinates":[[-6.283920001059369,53.30221000058266],[-6.283909999728516,53.30313000065362],[-6.283810000113634,53.303560001402815]]},"properties":{"Route":"","Infrastructure type":"Bus lane (unclassified)","Length (m)":150.7,"Source":"NTA BikeLife Survey (2013-2021, published Feb 2021)"}},{"type":"Feature","geometry":{"type":"LineString","coordinates":[[-6.24402000014311,53.39987000060332],[-6.24388999939644,53.400270001189284],[-6.2436500005927,53.400630000702904],[-6.243349999673139,53.400960000895]]},"properties":{"Route":"","Infrastructure type":"Bus lane (unclassified)","Length (m)":130.3,"Source":"NTA BikeLife Survey (2013-2021, published Feb 2021)"}},{"type":"Feature","geometry":{"type":"LineString","coordinates":[[-6.238099999465199,53.36135000020908],[-6.2376399995676035,53.36174000064762]]},"properties":{"Route":"","Infrastructure type":"Bus lane (unclassified)","Length (m)":53.1,"Source":"NTA BikeLife Survey (2013-2021, published Feb 2021)"}},{"type":"Feature","geometry":{"type":"LineString","coordinates":[[-6.408009999686135,53.340950000672116],[-6.407639999842789,53.342610000223736],[-6.407019999336869,53.344310000576264],[-6.406330000872028,53.346150001345826]]},"properties":{"Route":"","Infrastructure type":"Bus lane (unclassified)","Length (m)":589.9,"Source":"NTA BikeLife Survey (2013-2021, published Feb 2021)"}},{"type":"Feature","geometry":{"type":"LineString","coordinates":[[-6.228469999715029,53.32829000140011],[-6.230040000203149,53.32874000150349]]},"properties":{"Route":"","Infrastructure type":"Bus lane (unclassified)","Length (m)":116.0,"Source":"NTA BikeLife Survey (2013-2021, published Feb 2021)"}},{"type":"Feature","geometry":{"type":"LineString","coordinates":[[-6.223979999297931,53.326090000339704],[-6.2243299993790115,53.32645000101813]]},"properties":{"Route":"","Infrastructure type":"Bus lane (unclassified)","Length (m)":46.4,"Source":"NTA BikeLife Survey (2013-2021, published Feb 2021)"}},{"type":"Feature","geometry":{"type":"LineString","coordinates":[[-6.2255999998304015,53.327460000315256],[-6.226239999457459,53.32767000034603],[-6.2269199991174276,53.32786000133541]]},"properties":{"Route":"","Infrastructure type":"Bus lane (unclassified)","Length (m)":98.6,"Source":"NTA BikeLife Survey (2013-2021, published Feb 2021)"}},{"type":"Feature","geometry":{"type":"LineString","coordinates":[[-6.330050000107135,53.27287000071753],[-6.330669999431107,53.273540000813384],[-6.330920001034745,53.27388000101262],[-6.3309799998291725,53.274010001152405],[-6.331039999566817,53.27422000092697],[-6.331040000202462,53.27471000083347]]},"properties":{"Route":"","Infrastructure type":"Bus lane (unclassified)","Length (m)":219.9,"Source":"NTA BikeLife Survey (2013-2021, published Feb 2021)"}},{"type":"Feature","geometry":{"type":"LineString","coordinates":[[-6.431510000649206,53.3931200002648],[-6.431410000821975,53.39375000108051]]},"properties":{"Route":"","Infrastructure type":"Bus lane (unclassified)","Length (m)":70.4,"Source":"NTA BikeLife Survey (2013-2021, published Feb 2021)"}},{"type":"Feature","geometry":{"type":"LineString","coordinates":[[-6.26929999969186,53.3188500008349],[-6.268450000240343,53.3200500007056]]},"properties":{"Route":"","Infrastructure type":"Bus lane (unclassified)","Length (m)":145.1,"Source":"NTA BikeLife Survey (2013-2021, published Feb 2021)"}},{"type":"Feature","geometry":{"type":"LineString","coordinates":[[-6.301480000448917,53.34826000153253],[-6.302199999944906,53.34827000101985]]},"properties":{"Route":"","Infrastructure type":"Bus lane (unclassified)","Length (m)":48.0,"Source":"NTA BikeLife Survey (2013-2021, published Feb 2021)"}},{"type":"Feature","geometry":{"type":"LineString","coordinates":[[-6.302199999944906,53.34827000101985],[-6.304039999652396,53.34831000119448]]},"properties":{"Route":"","Infrastructure type":"Bus lane (unclassified)","Length (m)":122.6,"Source":"NTA BikeLife Survey (2013-2021, published Feb 2021)"}},{"type":"Feature","geometry":{"type":"LineString","coordinates":[[-6.306889999475707,53.34832000112703],[-6.305550000047075,53.348340001026784]]},"properties":{"Route":"","Infrastructure type":"Bus lane (unclassified)","Length (m)":89.3,"Source":"NTA BikeLife Survey (2013-2021, published Feb 2021)"}},{"type":"Feature","geometry":{"type":"LineString","coordinates":[[-6.2274299992382804,53.36773000066139],[-6.227390000392187,53.367760001219686]]},"properties":{"Route":"","Infrastructure type":"Bus lane (unclassified)","Length (m)":4.3,"Source":"NTA BikeLife Survey (2013-2021, published Feb 2021)"}},{"type":"Feature","geometry":{"type":"LineString","coordinates":[[-6.239300001017718,53.36034000060536],[-6.23903000005322,53.360610000427826]]},"properties":{"Route":"","Infrastructure type":"Bus lane (unclassified)","Length (m)":35.0,"Source":"NTA BikeLife Survey (2013-2021, published Feb 2021)"}},{"type":"Feature","geometry":{"type":"LineString","coordinates":[[-6.273899999394399,53.312360001707155],[-6.27300999964925,53.3135900009148]]},"properties":{"Route":"","Infrastructure type":"Bus lane (unclassified)","Length (m)":149.2,"Source":"NTA BikeLife Survey (2013-2021, published Feb 2021)"}},{"type":"Feature","geometry":{"type":"LineString","coordinates":[[-6.272359999281264,53.34299000098859],[-6.272400000007067,53.343000000652914],[-6.273099999443369,53.343140000367406],[-6.273469999972131,53.34320000123266]]},"properties":{"Route":"","Infrastructure type":"Bus lane (unclassified)","Length (m)":77.6,"Source":"NTA BikeLife Survey (2013-2021, published Feb 2021)"}},{"type":"Feature","geometry":{"type":"LineString","coordinates":[[-6.289990000033697,53.34325000169704],[-6.289250000177373,53.34340000106474]]},"properties":{"Route":"","Infrastructure type":"Bus lane (unclassified)","Length (m)":52.0,"Source":"NTA BikeLife Survey (2013-2021, published Feb 2021)"}},{"type":"Feature","geometry":{"type":"LineString","coordinates":[[-6.404790000750884,53.318780000962654],[-6.404979999517069,53.31892000098547]]},"properties":{"Route":"","Infrastructure type":"Bus lane (unclassified)","Length (m)":20.1,"Source":"NTA BikeLife Survey (2013-2021, published Feb 2021)"}},{"type":"Feature","geometry":{"type":"LineString","coordinates":[[-6.267330000324045,53.36040000121473],[-6.2673500000223,53.36040000040023],[-6.26752999994327,53.36041000118946]]},"properties":{"Route":"","Infrastructure type":"Bus lane (unclassified)","Length (m)":13.4,"Source":"NTA BikeLife Survey (2013-2021, published Feb 2021)"}},{"type":"Feature","geometry":{"type":"LineString","coordinates":[[-6.2708600000402805,53.35061000076093],[-6.270560000035515,53.350750000622526]]},"properties":{"Route":"","Infrastructure type":"Bus lane (unclassified)","Length (m)":25.3,"Source":"NTA BikeLife Survey (2013-2021, published Feb 2021)"}},{"type":"Feature","geometry":{"type":"LineString","coordinates":[[-6.270560000035515,53.350750000622526],[-6.270360000414658,53.35088000038527]]},"properties":{"Route":"","Infrastructure type":"Bus lane (unclassified)","Length (m)":19.7,"Source":"NTA BikeLife Survey (2013-2021, published Feb 2021)"}},{"type":"Feature","geometry":{"type":"LineString","coordinates":[[-6.255509999478998,53.36679000062297],[-6.255469999139728,53.366980001184196],[-6.2554500009373335,53.36713000052191],[-6.255440000453071,53.36730000070489],[-6.25545000070291,53.36755000056636]]},"properties":{"Route":"","Infrastructure type":"Bus lane (unclassified)","Length (m)":84.8,"Source":"NTA BikeLife Survey (2013-2021, published Feb 2021)"}},{"type":"Feature","geometry":{"type":"LineString","coordinates":[[-6.192069999769289,53.375940000468056],[-6.191429999656669,53.37611000123635],[-6.190930000706554,53.37629000080474],[-6.19033000036253,53.376580000909286]]},"properties":{"Route":"","Infrastructure type":"Bus lane (unclassified)","Length (m)":136.8,"Source":"NTA BikeLife Survey (2013-2021, published Feb 2021)"}},{"type":"Feature","geometry":{"type":"LineString","coordinates":[[-6.19033000036253,53.376580000909286],[-6.189809999408891,53.37683000160752],[-6.189369999453861,53.37700000120084],[-6.188539999958779,53.377220001113635],[-6.1876799998512055,53.37737000093546]]},"properties":{"Route":"","Infrastructure type":"Bus lane (unclassified)","Length (m)":199.3,"Source":"NTA BikeLife Survey (2013-2021, published Feb 2021)"}},{"type":"Feature","geometry":{"type":"LineString","coordinates":[[-6.27891999948766,53.319050000161795],[-6.2788700004624545,53.31920000148542],[-6.2788299997791235,53.31934000126764]]},"properties":{"Route":"","Infrastructure type":"Bus lane (unclassified)","Length (m)":32.8,"Source":"NTA BikeLife Survey (2013-2021, published Feb 2021)"}},{"type":"Feature","geometry":{"type":"LineString","coordinates":[[-6.278630000420467,53.32412000008305],[-6.2783500004720265,53.32515000085807]]},"properties":{"Route":"","Infrastructure type":"Bus lane (unclassified)","Length (m)":116.1,"Source":"NTA BikeLife Survey (2013-2021, published Feb 2021)"}},{"type":"Feature","geometry":{"type":"LineString","coordinates":[[-6.292039999442527,53.33299000113513],[-6.291869999427729,53.33310000089664]]},"properties":{"Route":"","Infrastructure type":"Bus lane (unclassified)","Length (m)":16.7,"Source":"NTA BikeLife Survey (2013-2021, published Feb 2021)"}},{"type":"Feature","geometry":{"type":"LineString","coordinates":[[-6.2995400007558535,53.34823000094466],[-6.301480000448917,53.34826000153253]]},"properties":{"Route":"","Infrastructure type":"Bus lane (unclassified)","Length (m)":129.2,"Source":"NTA BikeLife Survey (2013-2021, published Feb 2021)"}},{"type":"Feature","geometry":{"type":"LineString","coordinates":[[-6.431599999872938,53.39207000068632],[-6.431510000649206,53.3931200002648]]},"properties":{"Route":"","Infrastructure type":"Bus lane (unclassified)","Length (m)":117.0,"Source":"NTA BikeLife Survey (2013-2021, published Feb 2021)"}},{"type":"Feature","geometry":{"type":"LineString","coordinates":[[-6.284210000749942,53.29641000040264],[-6.284429999448998,53.296570000769634],[-6.284579999813276,53.29672000024764]]},"properties":{"Route":"","Infrastructure type":"Bus lane (unclassified)","Length (m)":42.5,"Source":"NTA BikeLife Survey (2013-2021, published Feb 2021)"}},{"type":"Feature","geometry":{"type":"LineString","coordinates":[[-6.283210000215043,53.29577000089053],[-6.283299999724582,53.295830000894675],[-6.2837099990147145,53.296090001256374],[-6.284210000749942,53.29641000040264]]},"properties":{"Route":"","Infrastructure type":"Bus lane (unclassified)","Length (m)":97.6,"Source":"NTA BikeLife Survey (2013-2021, published Feb 2021)"}},{"type":"Feature","geometry":{"type":"LineString","coordinates":[[-6.330829999271749,53.27506000096566],[-6.330900000659953,53.27511000129237],[-6.331039999199747,53.275140000497245]]},"properties":{"Route":"","Infrastructure type":"Bus lane (unclassified)","Length (m)":17.2,"Source":"NTA BikeLife Survey (2013-2021, published Feb 2021)"}},{"type":"Feature","geometry":{"type":"LineString","coordinates":[[-6.283999999780877,53.30854000021968],[-6.28389999985676,53.3089900002536]]},"properties":{"Route":"","Infrastructure type":"Bus lane (unclassified)","Length (m)":50.5,"Source":"NTA BikeLife Survey (2013-2021, published Feb 2021)"}},{"type":"Feature","geometry":{"type":"LineString","coordinates":[[-6.28389999985676,53.3089900002536],[-6.283759999467149,53.30938000043217],[-6.283539999415793,53.30986000135869]]},"properties":{"Route":"","Infrastructure type":"Bus lane (unclassified)","Length (m)":99.8,"Source":"NTA BikeLife Survey (2013-2021, published Feb 2021)"}},{"type":"Feature","geometry":{"type":"LineString","coordinates":[[-6.290849999754424,53.333770000901254],[-6.29061999992654,53.33392000092568]]},"properties":{"Route":"","Infrastructure type":"Bus lane (unclassified)","Length (m)":22.7,"Source":"NTA BikeLife Survey (2013-2021, published Feb 2021)"}},{"type":"Feature","geometry":{"type":"LineString","coordinates":[[-6.292679999563386,53.33256000082158],[-6.292039999442527,53.33299000113513]]},"properties":{"Route":"","Infrastructure type":"Bus lane (unclassified)","Length (m)":64.1,"Source":"NTA BikeLife Survey (2013-2021, published Feb 2021)"}},{"type":"Feature","geometry":{"type":"LineString","coordinates":[[-6.329320000877782,53.37126000052319],[-6.330319998973387,53.37160000108934],[-6.330978253704287,53.37181628450796]]},"properties":{"Route":"","Infrastructure type":"Bus lane (unclassified)","Length (m)":126.5,"Source":"NTA BikeLife Survey (2013-2021, published Feb 2021)"}},{"type":"Feature","geometry":{"type":"LineString","coordinates":[[-6.253829999915392,53.37063000121864],[-6.253769999887063,53.37073000021356]]},"properties":{"Route":"","Infrastructure type":"Bus lane (unclassified)","Length (m)":11.8,"Source":"NTA BikeLife Survey (2013-2021, published Feb 2021)"}},{"type":"Feature","geometry":{"type":"LineString","coordinates":[[-6.25127000066476,53.37469000040377],[-6.251169999924902,53.37482000113793]]},"properties":{"Route":"","Infrastructure type":"Bus lane (unclassified)","Length (m)":15.9,"Source":"NTA BikeLife Survey (2013-2021, published Feb 2021)"}},{"type":"Feature","geometry":{"type":"LineString","coordinates":[[-6.228439999862896,53.44484000043687],[-6.228389999380489,53.4454000017279],[-6.2283500003300505,53.4458900007068],[-6.228280000056798,53.44637000123582]]},"properties":{"Route":"","Infrastructure type":"Bus lane (unclassified)","Length (m)":170.6,"Source":"NTA BikeLife Survey (2013-2021, published Feb 2021)"}},{"type":"Feature","geometry":{"type":"LineString","coordinates":[[-6.162880000000812,53.40351000117432],[-6.163370000506464,53.405520000204525],[-6.163340000926105,53.40575000072815],[-6.16296000045182,53.406880001381694],[-6.162920000208606,53.40706000130149],[-6.162950000603175,53.407200000665284]]},"properties":{"Route":"","Infrastructure type":"Bus lane (unclassified)","Length (m)":415.9,"Source":"NTA BikeLife Survey (2013-2021, published Feb 2021)"}},{"type":"Feature","geometry":{"type":"LineString","coordinates":[[-6.271690000851529,53.36573000123131],[-6.271719999617511,53.36587000157479],[-6.271780000531004,53.36597000176779]]},"properties":{"Route":"","Infrastructure type":"Bus lane (unclassified)","Length (m)":27.5,"Source":"NTA BikeLife Survey (2013-2021, published Feb 2021)"}},{"type":"Feature","geometry":{"type":"LineString","coordinates":[[-6.190960000000889,53.30016000036465],[-6.190250000387284,53.30035000020073]]},"properties":{"Route":"","Infrastructure type":"Bus lane (unclassified)","Length (m)":51.8,"Source":"NTA BikeLife Survey (2013-2021, published Feb 2021)"}},{"type":"Feature","geometry":{"type":"LineString","coordinates":[[-6.217070000088034,53.321480000592935],[-6.217940000419625,53.32215000041173]]},"properties":{"Route":"","Infrastructure type":"Bus lane (unclassified)","Length (m)":94.5,"Source":"NTA BikeLife Survey (2013-2021, published Feb 2021)"}},{"type":"Feature","geometry":{"type":"LineString","coordinates":[[-6.198910000435559,53.29802000127774],[-6.1987600002684555,53.29806000110693]]},"properties":{"Route":"","Infrastructure type":"Bus lane (unclassified)","Length (m)":10.9,"Source":"NTA BikeLife Survey (2013-2021, published Feb 2021)"}},{"type":"Feature","geometry":{"type":"LineString","coordinates":[[-6.279150000004469,53.318600001654545],[-6.279009999404958,53.31887000107218],[-6.27891999948766,53.319050000161795]]},"properties":{"Route":"","Infrastructure type":"Bus lane (unclassified)","Length (m)":52.4,"Source":"NTA BikeLife Survey (2013-2021, published Feb 2021)"}},{"type":"Feature","geometry":{"type":"LineString","coordinates":[[-6.284019999135783,53.30817000021205],[-6.283999999780877,53.30854000021968]]},"properties":{"Route":"","Infrastructure type":"Bus lane (unclassified)","Length (m)":41.2,"Source":"NTA BikeLife Survey (2013-2021, published Feb 2021)"}},{"type":"Feature","geometry":{"type":"LineString","coordinates":[[-6.258430000536809,53.36286000061226],[-6.258340000197612,53.36295000070764]]},"properties":{"Route":"","Infrastructure type":"Bus lane (unclassified)","Length (m)":11.7,"Source":"NTA BikeLife Survey (2013-2021, published Feb 2021)"}},{"type":"Feature","geometry":{"type":"LineString","coordinates":[[-6.198729999641633,53.37444000101508],[-6.198290000415993,53.37460000058719],[-6.197609999784511,53.374810001116685]]},"properties":{"Route":"","Infrastructure type":"Bus lane (unclassified)","Length (m)":85.2,"Source":"NTA BikeLife Survey (2013-2021, published Feb 2021)"}},{"type":"Feature","geometry":{"type":"LineString","coordinates":[[-6.20271999939448,53.371420001123354],[-6.20260999983977,53.37157000076643]]},"properties":{"Route":"","Infrastructure type":"Bus lane (unclassified)","Length (m)":18.2,"Source":"NTA BikeLife Survey (2013-2021, published Feb 2021)"}},{"type":"Feature","geometry":{"type":"LineString","coordinates":[[-6.272410000215134,53.27991000065653],[-6.276649999960065,53.28118000088342]]},"properties":{"Route":"","Infrastructure type":"Bus lane (unclassified)","Length (m)":316.2,"Source":"NTA BikeLife Survey (2013-2021, published Feb 2021)"}},{"type":"Feature","geometry":{"type":"LineString","coordinates":[[-6.239410000254313,53.40512000092938],[-6.239240000003632,53.40533000030024]]},"properties":{"Route":"","Infrastructure type":"Bus lane (unclassified)","Length (m)":26.0,"Source":"NTA BikeLife Survey (2013-2021, published Feb 2021)"}},{"type":"Feature","geometry":{"type":"LineString","coordinates":[[-6.227620000578365,53.448190000049195],[-6.2274400007278805,53.44847000114571],[-6.227179999505786,53.44876000103215],[-6.226820000142777,53.4490900009411],[-6.2265099988468515,53.44930000163104],[-6.226120000120637,53.44958000037046],[-6.225800000184722,53.44979000085095]]},"properties":{"Route":"","Infrastructure type":"Bus lane (unclassified)","Length (m)":217.1,"Source":"NTA BikeLife Survey (2013-2021, published Feb 2021)"}},{"type":"Feature","geometry":{"type":"LineString","coordinates":[[-6.416859999882833,53.32111000132076],[-6.413919999703129,53.32143000040589]]},"properties":{"Route":"","Infrastructure type":"Bus lane (unclassified)","Length (m)":199.1,"Source":"NTA BikeLife Survey (2013-2021, published Feb 2021)"}},{"type":"Feature","geometry":{"type":"LineString","coordinates":[[-6.383369999368697,53.32826000040233],[-6.379430000505525,53.32815000102897],[-6.378659999829596,53.32815000102619],[-6.377749999963714,53.32823000067783],[-6.377409999649143,53.328270000960934]]},"properties":{"Route":"","Infrastructure type":"Bus lane (unclassified)","Length (m)":398.5,"Source":"NTA BikeLife Survey (2013-2021, published Feb 2021)"}},{"type":"Feature","geometry":{"type":"LineString","coordinates":[[-6.252010000670954,53.3419900011434],[-6.251759999896343,53.342090000789845],[-6.251670000364811,53.34213000127198],[-6.251579999730561,53.342140000185914]]},"properties":{"Route":"","Infrastructure type":"Bus lane (unclassified)","Length (m)":33.6,"Source":"NTA BikeLife Survey (2013-2021, published Feb 2021)"}},{"type":"Feature","geometry":{"type":"LineString","coordinates":[[-6.276339998973874,53.32854000145013],[-6.276210000197125,53.32868000127355]]},"properties":{"Route":"","Infrastructure type":"Bus lane (unclassified)","Length (m)":17.8,"Source":"NTA BikeLife Survey (2013-2021, published Feb 2021)"}},{"type":"Feature","geometry":{"type":"LineString","coordinates":[[-6.230580000522999,53.39749000045579],[-6.22961999936693,53.39756000142145],[-6.227950000043094,53.39772000059031]]},"properties":{"Route":"","Infrastructure type":"Bus lane (unclassified)","Length (m)":176.8,"Source":"NTA BikeLife Survey (2013-2021, published Feb 2021)"}},{"type":"Feature","geometry":{"type":"LineString","coordinates":[[-6.229170000349136,53.27412000043843],[-6.229289999291221,53.274750000752]]},"properties":{"Route":"","Infrastructure type":"Bus lane (unclassified)","Length (m)":70.6,"Source":"NTA BikeLife Survey (2013-2021, published Feb 2021)"}},{"type":"Feature","geometry":{"type":"LineString","coordinates":[[-6.276769999722192,53.34295000123817],[-6.2761399997739264,53.34307000142083]]},"properties":{"Route":"","Infrastructure type":"Bus lane (unclassified)","Length (m)":44.0,"Source":"NTA BikeLife Survey (2013-2021, published Feb 2021)"}},{"type":"Feature","geometry":{"type":"LineString","coordinates":[[-6.224440000476988,53.32656000099234],[-6.224670000222162,53.3268300015136],[-6.224839999416426,53.326990001026715]]},"properties":{"Route":"","Infrastructure type":"Bus lane (unclassified)","Length (m)":54.8,"Source":"NTA BikeLife Survey (2013-2021, published Feb 2021)"}},{"type":"Feature","geometry":{"type":"LineString","coordinates":[[-6.237210000011182,53.342280000954716],[-6.237300000019946,53.34230000092005]]},"properties":{"Route":"","Infrastructure type":"Bus lane (unclassified)","Length (m)":6.4,"Source":"NTA BikeLife Survey (2013-2021, published Feb 2021)"}},{"type":"Feature","geometry":{"type":"LineString","coordinates":[[-6.420390000549852,53.3207200006127],[-6.419029999203417,53.3208700009997]]},"properties":{"Route":"","Infrastructure type":"Bus lane (unclassified)","Length (m)":92.1,"Source":"NTA BikeLife Survey (2013-2021, published Feb 2021)"}},{"type":"Feature","geometry":{"type":"LineString","coordinates":[[-6.282100000111178,53.3483100011275],[-6.282080000593089,53.34839000100486],[-6.281999999797164,53.34870000119609]]},"properties":{"Route":"","Infrastructure type":"Bus lane (unclassified)","Length (m)":43.9,"Source":"NTA BikeLife Survey (2013-2021, published Feb 2021)"}},{"type":"Feature","geometry":{"type":"LineString","coordinates":[[-6.383369999368697,53.32826000040233],[-6.383919999437151,53.32828000079132]]},"properties":{"Route":"","Infrastructure type":"Bus lane (unclassified)","Length (m)":36.7,"Source":"NTA BikeLife Survey (2013-2021, published Feb 2021)"}},{"type":"Feature","geometry":{"type":"LineString","coordinates":[[-6.2491400002058475,53.34060000075404],[-6.249659999186498,53.34078000104986],[-6.250259999631991,53.340990000053786],[-6.250699999375465,53.34116000145974]]},"properties":{"Route":"","Infrastructure type":"Bus lane (unclassified)","Length (m)":121.2,"Source":"NTA BikeLife Survey (2013-2021, published Feb 2021)"}},{"type":"Feature","geometry":{"type":"LineString","coordinates":[[-6.259389998928782,53.34430000152801],[-6.259530000458496,53.34446000025954]]},"properties":{"Route":"","Infrastructure type":"Bus lane (unclassified)","Length (m)":20.1,"Source":"NTA BikeLife Survey (2013-2021, published Feb 2021)"}},{"type":"Feature","geometry":{"type":"LineString","coordinates":[[-6.413919999703129,53.32143000040589],[-6.412349999847709,53.32170000127809],[-6.411429999438623,53.32188000052046],[-6.410210000459371,53.32216000068896],[-6.4092900000383475,53.32243000056329]]},"properties":{"Route":"","Infrastructure type":"Bus lane (unclassified)","Length (m)":328.7,"Source":"NTA BikeLife Survey (2013-2021, published Feb 2021)"}},{"type":"Feature","geometry":{"type":"LineString","coordinates":[[-6.3736400006944,53.328210001429966],[-6.374300000278089,53.328280000991526],[-6.375020000002279,53.328350001704564]]},"properties":{"Route":"","Infrastructure type":"Bus lane (unclassified)","Length (m)":93.3,"Source":"NTA BikeLife Survey (2013-2021, published Feb 2021)"}},{"type":"Feature","geometry":{"type":"LineString","coordinates":[[-6.281999999797164,53.34870000119609],[-6.281929999796357,53.34900000138585]]},"properties":{"Route":"","Infrastructure type":"Bus lane (unclassified)","Length (m)":33.7,"Source":"NTA BikeLife Survey (2013-2021, published Feb 2021)"}},{"type":"Feature","geometry":{"type":"LineString","coordinates":[[-6.283900000243262,53.30012000065644],[-6.283949999878095,53.30052000145102]]},"properties":{"Route":"","Infrastructure type":"Bus lane (unclassified)","Length (m)":44.6,"Source":"NTA BikeLife Survey (2013-2021, published Feb 2021)"}},{"type":"Feature","geometry":{"type":"LineString","coordinates":[[-6.35506999940699,53.32479000091433],[-6.355400000213637,53.32495000065176],[-6.356559999678512,53.32549000087944],[-6.357010000231688,53.325650000868116]]},"properties":{"Route":"","Infrastructure type":"Bus lane (unclassified)","Length (m)":161.1,"Source":"NTA BikeLife Survey (2013-2021, published Feb 2021)"}},{"type":"Feature","geometry":{"type":"LineString","coordinates":[[-6.369970000293021,53.32756000083908],[-6.373140000797133,53.328090000561915]]},"properties":{"Route":"","Infrastructure type":"Bus lane (unclassified)","Length (m)":219.3,"Source":"NTA BikeLife Survey (2013-2021, published Feb 2021)"}},{"type":"Feature","geometry":{"type":"LineString","coordinates":[[-6.220280000591287,53.397350000098655],[-6.221229999188159,53.397530001005784],[-6.222189999942496,53.397670000617],[-6.223200000246853,53.39777000084133],[-6.223950000023655,53.39782000024803]]},"properties":{"Route":"","Infrastructure type":"Bus lane (unclassified)","Length (m)":250.3,"Source":"NTA BikeLife Survey (2013-2021, published Feb 2021)"}},{"type":"Feature","geometry":{"type":"LineString","coordinates":[[-6.2406199993610025,53.35909000044091],[-6.240550000726127,53.359160001469604]]},"properties":{"Route":"","Infrastructure type":"Bus lane (unclassified)","Length (m)":9.1,"Source":"NTA BikeLife Survey (2013-2021, published Feb 2021)"}},{"type":"Feature","geometry":{"type":"LineString","coordinates":[[-6.2343299989343555,53.36347000118924],[-6.234149999822128,53.36352000092432]]},"properties":{"Route":"","Infrastructure type":"Bus lane (unclassified)","Length (m)":13.2,"Source":"NTA BikeLife Survey (2013-2021, published Feb 2021)"}},{"type":"Feature","geometry":{"type":"LineString","coordinates":[[-6.208289999520499,53.31737000085541],[-6.209010000422052,53.31760000062317]]},"properties":{"Route":"","Infrastructure type":"Bus lane (unclassified)","Length (m)":54.4,"Source":"NTA BikeLife Survey (2013-2021, published Feb 2021)"}},{"type":"Feature","geometry":{"type":"LineString","coordinates":[[-6.291179999587385,53.343020000194144],[-6.290800000677385,53.34309000101724]]},"properties":{"Route":"","Infrastructure type":"Bus lane (unclassified)","Length (m)":26.5,"Source":"NTA BikeLife Survey (2013-2021, published Feb 2021)"}},{"type":"Feature","geometry":{"type":"LineString","coordinates":[[-6.237300000019946,53.34230000092005],[-6.238610000027583,53.3424100015487]]},"properties":{"Route":"","Infrastructure type":"Bus lane (unclassified)","Length (m)":88.1,"Source":"NTA BikeLife Survey (2013-2021, published Feb 2021)"}},{"type":"Feature","geometry":{"type":"LineString","coordinates":[[-6.243820000131467,53.343080000783615],[-6.2445800004952075,53.34317000085803]]},"properties":{"Route":"","Infrastructure type":"Bus lane (unclassified)","Length (m)":51.6,"Source":"NTA BikeLife Survey (2013-2021, published Feb 2021)"}},{"type":"Feature","geometry":{"type":"LineString","coordinates":[[-6.284489999091071,53.298570000757394],[-6.284090000324206,53.299180000398074],[-6.283949999752496,53.29945000132232],[-6.283900000501819,53.299650000610505]]},"properties":{"Route":"","Infrastructure type":"Bus lane (unclassified)","Length (m)":126.9,"Source":"NTA BikeLife Survey (2013-2021, published Feb 2021)"}},{"type":"Feature","geometry":{"type":"LineString","coordinates":[[-6.286330000238261,53.37578000054009],[-6.286479999163603,53.37612000107602]]},"properties":{"Route":"","Infrastructure type":"Bus lane (unclassified)","Length (m)":39.1,"Source":"NTA BikeLife Survey (2013-2021, published Feb 2021)"}},{"type":"Feature","geometry":{"type":"LineString","coordinates":[[-6.188559999665865,53.30078000099147],[-6.188229999115557,53.300870000975586]]},"properties":{"Route":"","Infrastructure type":"Bus lane (unclassified)","Length (m)":24.2,"Source":"NTA BikeLife Survey (2013-2021, published Feb 2021)"}},{"type":"Feature","geometry":{"type":"LineString","coordinates":[[-6.247639999630254,53.34008000038941],[-6.2478199998805755,53.34014000111013]]},"properties":{"Route":"","Infrastructure type":"Bus lane (unclassified)","Length (m)":13.7,"Source":"NTA BikeLife Survey (2013-2021, published Feb 2021)"}},{"type":"Feature","geometry":{"type":"LineString","coordinates":[[-6.25970000019596,53.361440000767566],[-6.259651277618426,53.36150090356808],[-6.259620000054014,53.361540001302174]]},"properties":{"Route":"","Infrastructure type":"Bus lane (unclassified)","Length (m)":12.3,"Source":"NTA BikeLife Survey (2013-2021, published Feb 2021)"}},{"type":"Feature","geometry":{"type":"LineString","coordinates":[[-6.428190000912076,53.31981000045785],[-6.427290000097177,53.31994000135547],[-6.422110000660151,53.32055000090063]]},"properties":{"Route":"","Infrastructure type":"Bus lane (unclassified)","Length (m)":413.5,"Source":"NTA BikeLife Survey (2013-2021, published Feb 2021)"}},{"type":"Feature","geometry":{"type":"LineString","coordinates":[[-6.181629999887105,53.254260001263184],[-6.181980000236563,53.25437000068254],[-6.182460000128376,53.25447000092104],[-6.1830600007632945,53.25453000127778],[-6.183580000157405,53.254660000405046],[-6.185229999744073,53.25507000070743]]},"properties":{"Route":"","Infrastructure type":"Bus lane (unclassified)","Length (m)":257.7,"Source":"NTA BikeLife Survey (2013-2021, published Feb 2021)"}},{"type":"Feature","geometry":{"type":"LineString","coordinates":[[-6.271730000424789,53.3651400003774],[-6.271699999770849,53.365320001439905],[-6.271649999856366,53.36550000135572]]},"properties":{"Route":"","Infrastructure type":"Bus lane (unclassified)","Length (m)":40.4,"Source":"NTA BikeLife Survey (2013-2021, published Feb 2021)"}},{"type":"Feature","geometry":{"type":"LineString","coordinates":[[-6.266969999555822,53.33252000080653],[-6.2656800000422646,53.332570000733405]]},"properties":{"Route":"","Infrastructure type":"Bus lane (unclassified)","Length (m)":86.1,"Source":"NTA BikeLife Survey (2013-2021, published Feb 2021)"}},{"type":"Feature","geometry":{"type":"LineString","coordinates":[[-6.2411600003257535,53.358610000526404],[-6.241069999742896,53.358690001122014]]},"properties":{"Route":"","Infrastructure type":"Bus lane (unclassified)","Length (m)":10.7,"Source":"NTA BikeLife Survey (2013-2021, published Feb 2021)"}},{"type":"Feature","geometry":{"type":"LineString","coordinates":[[-6.228544712077696,53.27554026785058],[-6.227014716923123,53.275660267540935]]},"properties":{"Route":"","Infrastructure type":"Bus lane (unclassified)","Length (m)":102.9,"Source":"NTA BikeLife Survey (2013-2021, published Feb 2021)"}},{"type":"Feature","geometry":{"type":"LineString","coordinates":[[-6.244320000277082,53.35650000111587],[-6.24421999943589,53.35657000142766]]},"properties":{"Route":"","Infrastructure type":"Bus lane (unclassified)","Length (m)":10.2,"Source":"NTA BikeLife Survey (2013-2021, published Feb 2021)"}},{"type":"Feature","geometry":{"type":"LineString","coordinates":[[-6.262579999447445,53.358480001110806],[-6.2625200001185375,53.35853000099375],[-6.262209999830274,53.358790000936146]]},"properties":{"Route":"","Infrastructure type":"Bus lane (unclassified)","Length (m)":42.4,"Source":"NTA BikeLife Survey (2013-2021, published Feb 2021)"}},{"type":"Feature","geometry":{"type":"LineString","coordinates":[[-6.259530000458496,53.34446000025954],[-6.259449999941326,53.34455000055075]]},"properties":{"Route":"","Infrastructure type":"Bus lane (unclassified)","Length (m)":11.3,"Source":"NTA BikeLife Survey (2013-2021, published Feb 2021)"}},{"type":"Feature","geometry":{"type":"LineString","coordinates":[[-6.1987600002684555,53.29806000110693],[-6.196869999016599,53.29858000110657]]},"properties":{"Route":"","Infrastructure type":"Bus lane (unclassified)","Length (m)":138.7,"Source":"NTA BikeLife Survey (2013-2021, published Feb 2021)"}},{"type":"Feature","geometry":{"type":"LineString","coordinates":[[-6.33446000007693,53.285370000626685],[-6.3327499995760395,53.28621000086314],[-6.332379999900537,53.28637000104053],[-6.331939999679631,53.28650000095442],[-6.331500000020112,53.28659000131467]]},"properties":{"Route":"","Infrastructure type":"Bus lane (unclassified)","Length (m)":241.6,"Source":"NTA BikeLife Survey (2013-2021, published Feb 2021)"}},{"type":"Feature","geometry":{"type":"LineString","coordinates":[[-6.406109999481985,53.32061000067764],[-6.406250000495937,53.32121000109278],[-6.406270000689176,53.3217800005737]]},"properties":{"Route":"","Infrastructure type":"Bus lane (unclassified)","Length (m)":130.9,"Source":"NTA BikeLife Survey (2013-2021, published Feb 2021)"}},{"type":"Feature","geometry":{"type":"LineString","coordinates":[[-6.4510399995041565,53.34738000078322],[-6.450839999278421,53.34833000120582]]},"properties":{"Route":"","Infrastructure type":"Bus lane (unclassified)","Length (m)":106.6,"Source":"NTA BikeLife Survey (2013-2021, published Feb 2021)"}},{"type":"Feature","geometry":{"type":"LineString","coordinates":[[-6.451170000228271,53.34695000112191],[-6.4510399995041565,53.34738000078322]]},"properties":{"Route":"","Infrastructure type":"Bus lane (unclassified)","Length (m)":48.6,"Source":"NTA BikeLife Survey (2013-2021, published Feb 2021)"}},{"type":"Feature","geometry":{"type":"LineString","coordinates":[[-6.264459999976188,53.35686000153894],[-6.264380000378088,53.35694000131411],[-6.264160000229754,53.357170000783896],[-6.263850000616193,53.35748000119585],[-6.263819999133499,53.3575000009024]]},"properties":{"Route":"","Infrastructure type":"Bus lane (unclassified)","Length (m)":83.1,"Source":"NTA BikeLife Survey (2013-2021, published Feb 2021)"}},{"type":"Feature","geometry":{"type":"LineString","coordinates":[[-6.210550000307136,53.28004000115399],[-6.209590000461464,53.28144000042648],[-6.209440000521978,53.28169000098034],[-6.209240000633959,53.2821300012923],[-6.209160000444221,53.28243000029104]]},"properties":{"Route":"","Infrastructure type":"Bus lane (unclassified)","Length (m)":282.6,"Source":"NTA BikeLife Survey (2013-2021, published Feb 2021)"}},{"type":"Feature","geometry":{"type":"LineString","coordinates":[[-6.350609999864216,53.27646000011239],[-6.349700000010056,53.276860001378985],[-6.349320000195988,53.27700000104852]]},"properties":{"Route":"","Infrastructure type":"Bus lane (unclassified)","Length (m)":105.0,"Source":"NTA BikeLife Survey (2013-2021, published Feb 2021)"}},{"type":"Feature","geometry":{"type":"LineString","coordinates":[[-6.36772000029734,53.353990001219366],[-6.367999999983015,53.354060000495444]]},"properties":{"Route":"","Infrastructure type":"Bus lane (unclassified)","Length (m)":20.2,"Source":"NTA BikeLife Survey (2013-2021, published Feb 2021)"}},{"type":"Feature","geometry":{"type":"LineString","coordinates":[[-6.392940000312429,53.347800001102165],[-6.394069999281073,53.34783000158655]]},"properties":{"Route":"","Infrastructure type":"Bus lane (unclassified)","Length (m)":75.3,"Source":"NTA BikeLife Survey (2013-2021, published Feb 2021)"}},{"type":"Feature","geometry":{"type":"LineString","coordinates":[[-6.260279999542527,53.3607900011609],[-6.260059999187553,53.36101000113817]]},"properties":{"Route":"","Infrastructure type":"Bus lane (unclassified)","Length (m)":28.5,"Source":"NTA BikeLife Survey (2013-2021, published Feb 2021)"}},{"type":"Feature","geometry":{"type":"LineString","coordinates":[[-6.244450000774858,53.3564200006017],[-6.244320000277082,53.35650000111587]]},"properties":{"Route":"","Infrastructure type":"Bus lane (unclassified)","Length (m)":12.4,"Source":"NTA BikeLife Survey (2013-2021, published Feb 2021)"}},{"type":"Feature","geometry":{"type":"LineString","coordinates":[[-6.265649999726242,53.381750000685784],[-6.265579999850026,53.38234000041549],[-6.265500000266291,53.38287000058118]]},"properties":{"Route":"","Infrastructure type":"Bus lane (unclassified)","Length (m)":125.1,"Source":"NTA BikeLife Survey (2013-2021, published Feb 2021)"}},{"type":"Feature","geometry":{"type":"LineString","coordinates":[[-6.27149000022365,53.27963000109625],[-6.272410000215134,53.27991000065653]]},"properties":{"Route":"","Infrastructure type":"Bus lane (unclassified)","Length (m)":68.8,"Source":"NTA BikeLife Survey (2013-2021, published Feb 2021)"}},{"type":"Feature","geometry":{"type":"LineString","coordinates":[[-6.371870000788348,53.38505000050348],[-6.372369999276873,53.38528000014006]]},"properties":{"Route":"","Infrastructure type":"Bus lane (unclassified)","Length (m)":42.0,"Source":"NTA BikeLife Survey (2013-2021, published Feb 2021)"}},{"type":"Feature","geometry":{"type":"LineString","coordinates":[[-6.249429999735139,53.37661000068316],[-6.2491099999404645,53.37684000079177]]},"properties":{"Route":"","Infrastructure type":"Bus lane (unclassified)","Length (m)":33.3,"Source":"NTA BikeLife Survey (2013-2021, published Feb 2021)"}},{"type":"Feature","geometry":{"type":"LineString","coordinates":[[-6.271380000903377,53.3659400006861],[-6.271299999612561,53.36620000101767]]},"properties":{"Route":"","Infrastructure type":"Bus lane (unclassified)","Length (m)":29.4,"Source":"NTA BikeLife Survey (2013-2021, published Feb 2021)"}},{"type":"Feature","geometry":{"type":"LineString","coordinates":[[-6.2637899997791155,53.34422000074736],[-6.263340000676542,53.34424000129385]]},"properties":{"Route":"","Infrastructure type":"Bus lane (unclassified)","Length (m)":30.1,"Source":"NTA BikeLife Survey (2013-2021, published Feb 2021)"}},{"type":"Feature","geometry":{"type":"LineString","coordinates":[[-6.359850000498555,53.32630000115359],[-6.36124999959856,53.32647000070475],[-6.363559999854013,53.32674000055637],[-6.363770000124489,53.32676000066333]]},"properties":{"Route":"","Infrastructure type":"Bus lane (unclassified)","Length (m)":266.2,"Source":"NTA BikeLife Survey (2013-2021, published Feb 2021)"}},{"type":"Feature","geometry":{"type":"LineString","coordinates":[[-6.378779999311035,53.34496000115613],[-6.379129999646248,53.345140000974375],[-6.379460000526172,53.34541000136125],[-6.379530000541546,53.34550000029042]]},"properties":{"Route":"","Infrastructure type":"Bus lane (unclassified)","Length (m)":79.0,"Source":"NTA BikeLife Survey (2013-2021, published Feb 2021)"}},{"type":"Feature","geometry":{"type":"LineString","coordinates":[[-6.258769999679907,53.33274000074626],[-6.259529999363134,53.33278000006083]]},"properties":{"Route":"","Infrastructure type":"Bus lane (unclassified)","Length (m)":50.8,"Source":"NTA BikeLife Survey (2013-2021, published Feb 2021)"}},{"type":"Feature","geometry":{"type":"LineString","coordinates":[[-6.244049999708951,53.281920000794855],[-6.243799999451303,53.28216000107662],[-6.243060000333691,53.282860000906965],[-6.2427098264516365,53.28310718740772]]},"properties":{"Route":"","Infrastructure type":"Bus lane (unclassified)","Length (m)":159.8,"Source":"NTA BikeLife Survey (2013-2021, published Feb 2021)"}},{"type":"Feature","geometry":{"type":"LineString","coordinates":[[-6.272420000112915,53.3630900005641],[-6.272370000401722,53.363190000656424]]},"properties":{"Route":"","Infrastructure type":"Bus lane (unclassified)","Length (m)":11.6,"Source":"NTA BikeLife Survey (2013-2021, published Feb 2021)"}},{"type":"Feature","geometry":{"type":"LineString","coordinates":[[-6.113380000281694,53.20712000110017],[-6.113750000094872,53.207390001008505]]},"properties":{"Route":"","Infrastructure type":"Bus lane (unclassified)","Length (m)":38.9,"Source":"NTA BikeLife Survey (2013-2021, published Feb 2021)"}},{"type":"Feature","geometry":{"type":"LineString","coordinates":[[-6.272370000401722,53.363190000656424],[-6.272149999597551,53.363620001011675]]},"properties":{"Route":"","Infrastructure type":"Bus lane (unclassified)","Length (m)":50.0,"Source":"NTA BikeLife Survey (2013-2021, published Feb 2021)"}},{"type":"Feature","geometry":{"type":"LineString","coordinates":[[-6.446760001129921,53.33532000047739],[-6.4484899995239084,53.33539000144063]]},"properties":{"Route":"","Infrastructure type":"Bus lane (unclassified)","Length (m)":115.5,"Source":"NTA BikeLife Survey (2013-2021, published Feb 2021)"}},{"type":"Feature","geometry":{"type":"LineString","coordinates":[[-6.238819999417786,53.342440000611234],[-6.2394199998496855,53.34252000118676]]},"properties":{"Route":"","Infrastructure type":"Bus lane (unclassified)","Length (m)":40.9,"Source":"NTA BikeLife Survey (2013-2021, published Feb 2021)"}},{"type":"Feature","geometry":{"type":"LineString","coordinates":[[-6.243550000083708,53.33274000025397],[-6.243260000487186,53.3331600005669]]},"properties":{"Route":"","Infrastructure type":"Bus lane (unclassified)","Length (m)":50.6,"Source":"NTA BikeLife Survey (2013-2021, published Feb 2021)"}},{"type":"Feature","geometry":{"type":"LineString","coordinates":[[-6.259830000731558,53.36126000098263],[-6.259759999082659,53.36136000091157],[-6.259730000039957,53.3613900006956]]},"properties":{"Route":"","Infrastructure type":"Bus lane (unclassified)","Length (m)":16.0,"Source":"NTA BikeLife Survey (2013-2021, published Feb 2021)"}},{"type":"Feature","geometry":{"type":"LineString","coordinates":[[-6.228280000056798,53.44637000123582],[-6.228180000534314,53.44680000121541],[-6.228109999999193,53.44711000128379],[-6.228010000650715,53.44747000060125],[-6.22779999986898,53.447830000807215],[-6.227620000578365,53.448190000049195]]},"properties":{"Route":"","Infrastructure type":"Bus lane (unclassified)","Length (m)":208.0,"Source":"NTA BikeLife Survey (2013-2021, published Feb 2021)"}},{"type":"Feature","geometry":{"type":"LineString","coordinates":[[-6.394299999580947,53.39304000087087],[-6.394989999507003,53.39306000078783],[-6.395109999938278,53.39306000083422]]},"properties":{"Route":"","Infrastructure type":"Bus lane (unclassified)","Length (m)":53.9,"Source":"NTA BikeLife Survey (2013-2021, published Feb 2021)"}},{"type":"Feature","geometry":{"type":"LineString","coordinates":[[-6.2491099999404645,53.37684000079177],[-6.248829999701398,53.37706000079975],[-6.248479999890362,53.37737000064578],[-6.248199999126113,53.37767000126307]]},"properties":{"Route":"","Infrastructure type":"Bus lane (unclassified)","Length (m)":110.6,"Source":"NTA BikeLife Survey (2013-2021, published Feb 2021)"}},{"type":"Feature","geometry":{"type":"LineString","coordinates":[[-6.276830000505773,53.32798000161954],[-6.2767700001855555,53.3280500007749]]},"properties":{"Route":"","Infrastructure type":"Bus lane (unclassified)","Length (m)":8.8,"Source":"NTA BikeLife Survey (2013-2021, published Feb 2021)"}},{"type":"Feature","geometry":{"type":"LineString","coordinates":[[-6.30808999958287,53.34203000101445],[-6.307859999867255,53.342040000985435]]},"properties":{"Route":"","Infrastructure type":"Bus lane (unclassified)","Length (m)":15.4,"Source":"NTA BikeLife Survey (2013-2021, published Feb 2021)"}},{"type":"Feature","geometry":{"type":"LineString","coordinates":[[-6.36817999949026,53.37980000012029],[-6.368790000529795,53.380180000717665],[-6.369039999493977,53.38037000099367]]},"properties":{"Route":"","Infrastructure type":"Bus lane (unclassified)","Length (m)":85.5,"Source":"NTA BikeLife Survey (2013-2021, published Feb 2021)"}},{"type":"Feature","geometry":{"type":"LineString","coordinates":[[-6.240550000726127,53.359160001469604],[-6.240359999516846,53.35934000020448]]},"properties":{"Route":"","Infrastructure type":"Bus lane (unclassified)","Length (m)":23.7,"Source":"NTA BikeLife Survey (2013-2021, published Feb 2021)"}},{"type":"Feature","geometry":{"type":"LineString","coordinates":[[-6.432079999487202,53.318640000826974],[-6.431530000705687,53.318780000379775],[-6.43114000032477,53.31889000151279],[-6.430019999379326,53.319290000912105]]},"properties":{"Route":"","Infrastructure type":"Bus lane (unclassified)","Length (m)":155.5,"Source":"NTA BikeLife Survey (2013-2021, published Feb 2021)"}},{"type":"Feature","geometry":{"type":"LineString","coordinates":[[-6.27352999889935,53.33217000095481],[-6.274490000147503,53.3322100012821]]},"properties":{"Route":"","Infrastructure type":"Bus lane (unclassified)","Length (m)":64.1,"Source":"NTA BikeLife Survey (2013-2021, published Feb 2021)"}},{"type":"Feature","geometry":{"type":"LineString","coordinates":[[-6.203720000175877,53.31523000061881],[-6.203819999860641,53.315310000916],[-6.204289999658987,53.31559000053304]]},"properties":{"Route":"","Infrastructure type":"Bus lane (unclassified)","Length (m)":55.3,"Source":"NTA BikeLife Survey (2013-2021, published Feb 2021)"}},{"type":"Feature","geometry":{"type":"LineString","coordinates":[[-6.243300000316685,53.34301000074197],[-6.243820000131467,53.343080000783615]]},"properties":{"Route":"","Infrastructure type":"Bus lane (unclassified)","Length (m)":35.5,"Source":"NTA BikeLife Survey (2013-2021, published Feb 2021)"}},{"type":"Feature","geometry":{"type":"LineString","coordinates":[[-6.259949999673712,53.36112000053765],[-6.259830000731558,53.36126000098263]]},"properties":{"Route":"","Infrastructure type":"Bus lane (unclassified)","Length (m)":17.5,"Source":"NTA BikeLife Survey (2013-2021, published Feb 2021)"}},{"type":"Feature","geometry":{"type":"LineString","coordinates":[[-6.332186626649506,53.37196984590314],[-6.35167955066163,53.37792424134064]]},"properties":{"Route":"","Infrastructure type":"Bus lane (unclassified)","Length (m)":1456.7,"Source":"NTA BikeLife Survey (2013-2021, published Feb 2021)"}},{"type":"Feature","geometry":{"type":"LineString","coordinates":[[-6.176429999587323,53.28934000088954],[-6.176830000207505,53.289350000780644]]},"properties":{"Route":"","Infrastructure type":"Bus lane (unclassified)","Length (m)":26.7,"Source":"NTA BikeLife Survey (2013-2021, published Feb 2021)"}},{"type":"Feature","geometry":{"type":"LineString","coordinates":[[-6.309999998973701,53.34214000016398],[-6.310170000697486,53.34215000126077],[-6.310339999575157,53.3421600002768]]},"properties":{"Route":"","Infrastructure type":"Bus lane (unclassified)","Length (m)":22.8,"Source":"NTA BikeLife Survey (2013-2021, published Feb 2021)"}},{"type":"Feature","geometry":{"type":"LineString","coordinates":[[-6.2767700001855555,53.3280500007749],[-6.276510000881367,53.328340000458525],[-6.276339998973874,53.32854000145013]]},"properties":{"Route":"","Infrastructure type":"Bus lane (unclassified)","Length (m)":61.6,"Source":"NTA BikeLife Survey (2013-2021, published Feb 2021)"}},{"type":"Feature","geometry":{"type":"LineString","coordinates":[[-6.296300000422336,53.33090000109799],[-6.294979999018993,53.33142000103193],[-6.294789999914435,53.331500000836535]]},"properties":{"Route":"","Infrastructure type":"Bus lane (unclassified)","Length (m)":120.7,"Source":"NTA BikeLife Survey (2013-2021, published Feb 2021)"}},{"type":"Feature","geometry":{"type":"LineString","coordinates":[[-6.3159200001111095,53.32601000118533],[-6.315509999528837,53.326180000734496]]},"properties":{"Route":"","Infrastructure type":"Bus lane (unclassified)","Length (m)":33.2,"Source":"NTA BikeLife Survey (2013-2021, published Feb 2021)"}},{"type":"Feature","geometry":{"type":"LineString","coordinates":[[-6.358390000545372,53.32605000107361],[-6.358690000607667,53.32604000096164],[-6.358969999249711,53.32606000105659],[-6.359179999282398,53.32609000035186],[-6.359460000105026,53.326160001423005],[-6.359850000498555,53.32630000115359]]},"properties":{"Route":"","Infrastructure type":"Bus lane (unclassified)","Length (m)":103.7,"Source":"NTA BikeLife Survey (2013-2021, published Feb 2021)"}},{"type":"Feature","geometry":{"type":"LineString","coordinates":[[-6.369039999493977,53.38037000099367],[-6.369220000556549,53.38052000083117]]},"properties":{"Route":"","Infrastructure type":"Bus lane (unclassified)","Length (m)":20.5,"Source":"NTA BikeLife Survey (2013-2021, published Feb 2021)"}},{"type":"Feature","geometry":{"type":"LineString","coordinates":[[-6.271649999856366,53.36550000135572],[-6.271690000851529,53.36573000123131]]},"properties":{"Route":"","Infrastructure type":"Bus lane (unclassified)","Length (m)":25.7,"Source":"NTA BikeLife Survey (2013-2021, published Feb 2021)"}},{"type":"Feature","geometry":{"type":"LineString","coordinates":[[-6.235079999540721,53.34199000050124],[-6.235229999955014,53.34201000071792]]},"properties":{"Route":"","Infrastructure type":"Bus lane (unclassified)","Length (m)":10.2,"Source":"NTA BikeLife Survey (2013-2021, published Feb 2021)"}},{"type":"Feature","geometry":{"type":"LineString","coordinates":[[-6.188229999115557,53.300870000975586],[-6.18773999976021,53.30100000048134]]},"properties":{"Route":"","Infrastructure type":"Bus lane (unclassified)","Length (m)":35.7,"Source":"NTA BikeLife Survey (2013-2021, published Feb 2021)"}},{"type":"Feature","geometry":{"type":"LineString","coordinates":[[-6.259449999941326,53.34455000055075],[-6.259320000319967,53.34470000043493]]},"properties":{"Route":"","Infrastructure type":"Bus lane (unclassified)","Length (m)":18.8,"Source":"NTA BikeLife Survey (2013-2021, published Feb 2021)"}},{"type":"Feature","geometry":{"type":"LineString","coordinates":[[-6.251049999252252,53.3750000006458],[-6.2508999998093975,53.37520000109197],[-6.250610000885596,53.37553000048263],[-6.250449999988018,53.37571000088287],[-6.250360000451695,53.375810000618166]]},"properties":{"Route":"","Infrastructure type":"Bus lane (unclassified)","Length (m)":101.2,"Source":"NTA BikeLife Survey (2013-2021, published Feb 2021)"}},{"type":"Feature","geometry":{"type":"LineString","coordinates":[[-6.277689999937253,53.32694000134394],[-6.277140000315677,53.32762000131929]]},"properties":{"Route":"","Infrastructure type":"Bus lane (unclassified)","Length (m)":84.1,"Source":"NTA BikeLife Survey (2013-2021, published Feb 2021)"}},{"type":"Feature","geometry":{"type":"LineString","coordinates":[[-6.298729999150971,53.387790001261344],[-6.2992599992022615,53.38821000099757]]},"properties":{"Route":"","Infrastructure type":"Bus lane (unclassified)","Length (m)":58.6,"Source":"NTA BikeLife Survey (2013-2021, published Feb 2021)"}},{"type":"Feature","geometry":{"type":"LineString","coordinates":[[-6.388810000340543,53.34758000092865],[-6.389930000475001,53.34765000087481]]},"properties":{"Route":"","Infrastructure type":"Bus lane (unclassified)","Length (m)":75.0,"Source":"NTA BikeLife Survey (2013-2021, published Feb 2021)"}},{"type":"Feature","geometry":{"type":"LineString","coordinates":[[-6.2702199995299495,53.332370000543335],[-6.269629999859433,53.33240000112625],[-6.269339999994885,53.33242000104998]]},"properties":{"Route":"","Infrastructure type":"Bus lane (unclassified)","Length (m)":58.9,"Source":"NTA BikeLife Survey (2013-2021, published Feb 2021)"}},{"type":"Feature","geometry":{"type":"LineString","coordinates":[[-6.250399999174155,53.34159000150019],[-6.250319999996116,53.34171000090463]]},"properties":{"Route":"","Infrastructure type":"Bus lane (unclassified)","Length (m)":14.4,"Source":"NTA BikeLife Survey (2013-2021, published Feb 2021)"}},{"type":"Feature","geometry":{"type":"LineString","coordinates":[[-6.40411000036784,53.324580000711066],[-6.403890000831085,53.324640000808856],[-6.403749999950111,53.324700001463434],[-6.39985000004762,53.32650000043048],[-6.39935999942694,53.326710001356524],[-6.39868999988432,53.3269700001772],[-6.398040000225011,53.32719000048734],[-6.397689999540745,53.32731000057216],[-6.396759999969832,53.32757000137152]]},"properties":{"Route":"","Infrastructure type":"Bus lane (unclassified)","Length (m)":594.0,"Source":"NTA BikeLife Survey (2013-2021, published Feb 2021)"}},{"type":"Feature","geometry":{"type":"LineString","coordinates":[[-6.245849999655602,53.35540000133301],[-6.245570000090865,53.35561000151392]]},"properties":{"Route":"","Infrastructure type":"Bus lane (unclassified)","Length (m)":29.9,"Source":"NTA BikeLife Survey (2013-2021, published Feb 2021)"}},{"type":"Feature","geometry":{"type":"LineString","coordinates":[[-6.3263100000997525,53.28793000048659],[-6.325779999531179,53.28808000106121],[-6.325280000771894,53.28825000127169],[-6.325000000413204,53.28837000084979],[-6.323989999465095,53.288830000649725]]},"properties":{"Route":"","Infrastructure type":"Bus lane (unclassified)","Length (m)":185.0,"Source":"NTA BikeLife Survey (2013-2021, published Feb 2021)"}},{"type":"Feature","geometry":{"type":"LineString","coordinates":[[-6.366809999208821,53.378500000440646],[-6.367099999024041,53.37881000094619]]},"properties":{"Route":"","Infrastructure type":"Bus lane (unclassified)","Length (m)":39.5,"Source":"NTA BikeLife Survey (2013-2021, published Feb 2021)"}},{"type":"Feature","geometry":{"type":"LineString","coordinates":[[-6.1870800002627515,53.301190000819375],[-6.186910000240511,53.30124000125463]]},"properties":{"Route":"","Infrastructure type":"Bus lane (unclassified)","Length (m)":12.6,"Source":"NTA BikeLife Survey (2013-2021, published Feb 2021)"}},{"type":"Feature","geometry":{"type":"LineString","coordinates":[[-6.2394199998496855,53.34252000118676],[-6.239960000134152,53.34259000050442]]},"properties":{"Route":"","Infrastructure type":"Bus lane (unclassified)","Length (m)":36.8,"Source":"NTA BikeLife Survey (2013-2021, published Feb 2021)"}},{"type":"Feature","geometry":{"type":"LineString","coordinates":[[-6.2423199999125645,53.342880001653086],[-6.242729999969097,53.342940000785006]]},"properties":{"Route":"","Infrastructure type":"Bus lane (unclassified)","Length (m)":28.1,"Source":"NTA BikeLife Survey (2013-2021, published Feb 2021)"}},{"type":"Feature","geometry":{"type":"LineString","coordinates":[[-6.285119999152183,53.29765000141779],[-6.28511000051562,53.297730001347375]]},"properties":{"Route":"","Infrastructure type":"Bus lane (unclassified)","Length (m)":8.9,"Source":"NTA BikeLife Survey (2013-2021, published Feb 2021)"}},{"type":"Feature","geometry":{"type":"LineString","coordinates":[[-6.404979999517069,53.31892000098547],[-6.405180000322189,53.31909000052601],[-6.40536999960614,53.31929000084969],[-6.405670000133611,53.319660000856814],[-6.405889999184452,53.32002000139142],[-6.406049999987421,53.320420000591646],[-6.406109999481985,53.32061000067764]]},"properties":{"Route":"","Infrastructure type":"Bus lane (unclassified)","Length (m)":204.5,"Source":"NTA BikeLife Survey (2013-2021, published Feb 2021)"}},{"type":"Feature","geometry":{"type":"LineString","coordinates":[[-6.24626999961698,53.39162000109903],[-6.2461499999102905,53.39214000091147]]},"properties":{"Route":"","Infrastructure type":"Bus lane (unclassified)","Length (m)":58.4,"Source":"NTA BikeLife Survey (2013-2021, published Feb 2021)"}},{"type":"Feature","geometry":{"type":"LineString","coordinates":[[-6.232720000619591,53.32995000108465],[-6.232870000240569,53.330120001029194]]},"properties":{"Route":"","Infrastructure type":"Bus lane (unclassified)","Length (m)":21.4,"Source":"NTA BikeLife Survey (2013-2021, published Feb 2021)"}},{"type":"Feature","geometry":{"type":"LineString","coordinates":[[-6.3010299991578735,53.389650000413106],[-6.301389999787811,53.3899400002656]]},"properties":{"Route":"","Infrastructure type":"Bus lane (unclassified)","Length (m)":40.2,"Source":"NTA BikeLife Survey (2013-2021, published Feb 2021)"}},{"type":"Feature","geometry":{"type":"LineString","coordinates":[[-6.218140000513699,53.37586000097811],[-6.2173899994526005,53.376260000748644],[-6.216380000627186,53.37677000093861],[-6.216059999494062,53.376950000657914],[-6.215490000037921,53.37732000095985]]},"properties":{"Route":"","Infrastructure type":"Bus lane (unclassified)","Length (m)":240.1,"Source":"NTA BikeLife Survey (2013-2021, published Feb 2021)"}},{"type":"Feature","geometry":{"type":"LineString","coordinates":[[-6.272709999906266,53.36253000097894],[-6.272560000024604,53.36278000088734]]},"properties":{"Route":"","Infrastructure type":"Bus lane (unclassified)","Length (m)":29.6,"Source":"NTA BikeLife Survey (2013-2021, published Feb 2021)"}},{"type":"Feature","geometry":{"type":"LineString","coordinates":[[-6.215889999648356,53.32072000108973],[-6.216409999557888,53.321030001222255],[-6.217070000088034,53.321480000592935]]},"properties":{"Route":"","Infrastructure type":"Bus lane (unclassified)","Length (m)":115.5,"Source":"NTA BikeLife Survey (2013-2021, published Feb 2021)"}},{"type":"Feature","geometry":{"type":"LineString","coordinates":[[-6.289530000544377,53.33255000032636],[-6.29000999976355,53.33278000036978],[-6.290439999887496,53.332990001576],[-6.290850000254949,53.33318000108004],[-6.2910499999965275,53.333280000638446]]},"properties":{"Route":"","Infrastructure type":"Bus lane (unclassified)","Length (m)":129.8,"Source":"NTA BikeLife Survey (2013-2021, published Feb 2021)"}},{"type":"Feature","geometry":{"type":"LineString","coordinates":[[-6.384550000242814,53.328300000783436],[-6.387359999296746,53.32840000080785],[-6.3906500006344125,53.32851000091703],[-6.391120000628666,53.32851000055539],[-6.391830000174737,53.32848000098959],[-6.392440000218741,53.32843000054216],[-6.393080000033028,53.32835000110372]]},"properties":{"Route":"","Infrastructure type":"Bus lane (unclassified)","Length (m)":570.4,"Source":"NTA BikeLife Survey (2013-2021, published Feb 2021)"}},{"type":"Feature","geometry":{"type":"LineString","coordinates":[[-6.406270000689176,53.3217800005737],[-6.406249999647652,53.32212000122167]]},"properties":{"Route":"","Infrastructure type":"Bus lane (unclassified)","Length (m)":37.9,"Source":"NTA BikeLife Survey (2013-2021, published Feb 2021)"}},{"type":"Feature","geometry":{"type":"LineString","coordinates":[[-6.406270000689176,53.3217800005737],[-6.406359999667608,53.32185000131122],[-6.406419999648778,53.321870001170836],[-6.406609998940119,53.32188000021274]]},"properties":{"Route":"","Infrastructure type":"Bus lane (unclassified)","Length (m)":27.1,"Source":"NTA BikeLife Survey (2013-2021, published Feb 2021)"}},{"type":"Feature","geometry":{"type":"LineString","coordinates":[[-6.2629199999230485,53.35822000103541],[-6.262640000173304,53.35843000031975],[-6.262579999447445,53.358480001110806]]},"properties":{"Route":"","Infrastructure type":"Bus lane (unclassified)","Length (m)":36.7,"Source":"NTA BikeLife Survey (2013-2021, published Feb 2021)"}},{"type":"Feature","geometry":{"type":"LineString","coordinates":[[-6.329100000562397,53.28716000156405],[-6.328790000390725,53.28724000145373],[-6.328329999713567,53.287370000837306]]},"properties":{"Route":"","Infrastructure type":"Bus lane (unclassified)","Length (m)":56.4,"Source":"NTA BikeLife Survey (2013-2021, published Feb 2021)"}},{"type":"Feature","geometry":{"type":"LineString","coordinates":[[-6.264869999991963,53.37573000073761],[-6.264710000307126,53.376140001156564]]},"properties":{"Route":"","Infrastructure type":"Bus lane (unclassified)","Length (m)":46.9,"Source":"NTA BikeLife Survey (2013-2021, published Feb 2021)"}},{"type":"Feature","geometry":{"type":"LineString","coordinates":[[-6.369220000556549,53.38052000083117],[-6.369409999844043,53.38074000099077],[-6.369740000648098,53.38110000085403]]},"properties":{"Route":"","Infrastructure type":"Bus lane (unclassified)","Length (m)":73.2,"Source":"NTA BikeLife Survey (2013-2021, published Feb 2021)"}},{"type":"Feature","geometry":{"type":"LineString","coordinates":[[-6.289250000177373,53.34340000106474],[-6.289040000592912,53.3434600015128],[-6.288770000726864,53.34348000153144],[-6.288360000216269,53.343500001339365]]},"properties":{"Route":"","Infrastructure type":"Bus lane (unclassified)","Length (m)":61.0,"Source":"NTA BikeLife Survey (2013-2021, published Feb 2021)"}},{"type":"Feature","geometry":{"type":"LineString","coordinates":[[-6.277780000209794,53.34279000043119],[-6.277600000494648,53.34280000145051],[-6.2773899996203495,53.34283000076659],[-6.277099999068852,53.34289000079955]]},"properties":{"Route":"","Infrastructure type":"Bus lane (unclassified)","Length (m)":46.9,"Source":"NTA BikeLife Survey (2013-2021, published Feb 2021)"}},{"type":"Feature","geometry":{"type":"LineString","coordinates":[[-6.419029999203417,53.3208700009997],[-6.416859999882833,53.32111000132076]]},"properties":{"Route":"","Infrastructure type":"Bus lane (unclassified)","Length (m)":147.0,"Source":"NTA BikeLife Survey (2013-2021, published Feb 2021)"}},{"type":"Feature","geometry":{"type":"LineString","coordinates":[[-6.251169999924902,53.37482000113793],[-6.251049999252252,53.3750000006458]]},"properties":{"Route":"","Infrastructure type":"Bus lane (unclassified)","Length (m)":21.6,"Source":"NTA BikeLife Survey (2013-2021, published Feb 2021)"}},{"type":"Feature","geometry":{"type":"LineString","coordinates":[[-6.240290000040086,53.35941000107101],[-6.239999999955899,53.359680001129064]]},"properties":{"Route":"","Infrastructure type":"Bus lane (unclassified)","Length (m)":35.7,"Source":"NTA BikeLife Survey (2013-2021, published Feb 2021)"}},{"type":"Feature","geometry":{"type":"LineString","coordinates":[[-6.271299999612561,53.36620000101767],[-6.270899999270575,53.36679000001989]]},"properties":{"Route":"","Infrastructure type":"Bus lane (unclassified)","Length (m)":70.9,"Source":"NTA BikeLife Survey (2013-2021, published Feb 2021)"}},{"type":"Feature","geometry":{"type":"LineString","coordinates":[[-6.209160000444221,53.28243000029104],[-6.209100000507562,53.28295000088329],[-6.209079999888733,53.283800000804206]]},"properties":{"Route":"","Infrastructure type":"Bus lane (unclassified)","Length (m)":152.6,"Source":"NTA BikeLife Survey (2013-2021, published Feb 2021)"}},{"type":"Feature","geometry":{"type":"LineString","coordinates":[[-6.253699999116189,53.370840001290425],[-6.253519998830628,53.371110001139535]]},"properties":{"Route":"","Infrastructure type":"Bus lane (unclassified)","Length (m)":32.3,"Source":"NTA BikeLife Survey (2013-2021, published Feb 2021)"}},{"type":"Feature","geometry":{"type":"LineString","coordinates":[[-6.151540000380443,53.402480000721546],[-6.1517799988311985,53.40247000072275],[-6.152990000217389,53.4026000011255]]},"properties":{"Route":"","Infrastructure type":"Bus lane (unclassified)","Length (m)":97.8,"Source":"NTA BikeLife Survey (2013-2021, published Feb 2021)"}},{"type":"Feature","geometry":{"type":"LineString","coordinates":[[-6.252039999427486,53.37341000064953],[-6.25153000056981,53.374330000813856]]},"properties":{"Route":"","Infrastructure type":"Bus lane (unclassified)","Length (m)":107.9,"Source":"NTA BikeLife Survey (2013-2021, published Feb 2021)"}},{"type":"Feature","geometry":{"type":"LineString","coordinates":[[-6.406330000872028,53.346150001345826],[-6.405939999899694,53.34721000061992],[-6.4055600001309205,53.348340001607674],[-6.405530000547877,53.34846000021466]]},"properties":{"Route":"","Infrastructure type":"Bus lane (unclassified)","Length (m)":262.6,"Source":"NTA BikeLife Survey (2013-2021, published Feb 2021)"}},{"type":"Feature","geometry":{"type":"LineString","coordinates":[[-6.24494999949171,53.38170000131133],[-6.244869999908753,53.38184000079677],[-6.244689999180462,53.38211000101531]]},"properties":{"Route":"","Infrastructure type":"Bus lane (unclassified)","Length (m)":48.8,"Source":"NTA BikeLife Survey (2013-2021, published Feb 2021)"}},{"type":"Feature","geometry":{"type":"LineString","coordinates":[[-6.257090000155648,53.33900000014832],[-6.257449999421455,53.33911000124691],[-6.258080000669246,53.33928000102962]]},"properties":{"Route":"","Infrastructure type":"Bus lane (unclassified)","Length (m)":73.0,"Source":"NTA BikeLife Survey (2013-2021, published Feb 2021)"}},{"type":"Feature","geometry":{"type":"LineString","coordinates":[[-6.454239999308025,53.335640000830956],[-6.455080000205358,53.33568000116999],[-6.455759999299266,53.33576000141453],[-6.4563999993600065,53.33589000110206],[-6.456669999884318,53.33598000066298],[-6.45716999976609,53.33622000049838]]},"properties":{"Route":"","Infrastructure type":"Bus lane (unclassified)","Length (m)":210.6,"Source":"NTA BikeLife Survey (2013-2021, published Feb 2021)"}},{"type":"Feature","geometry":{"type":"LineString","coordinates":[[-6.20260999983977,53.37157000076643],[-6.202469999507607,53.3718300012283],[-6.202380000063016,53.37212000037662],[-6.202249999178443,53.37236000064755]]},"properties":{"Route":"","Infrastructure type":"Bus lane (unclassified)","Length (m)":91.3,"Source":"NTA BikeLife Survey (2013-2021, published Feb 2021)"}},{"type":"Feature","geometry":{"type":"LineString","coordinates":[[-6.24421999943589,53.35657000142766],[-6.244089999588352,53.35665000080588]]},"properties":{"Route":"","Infrastructure type":"Bus lane (unclassified)","Length (m)":12.4,"Source":"NTA BikeLife Survey (2013-2021, published Feb 2021)"}},{"type":"Feature","geometry":{"type":"LineString","coordinates":[[-6.262239999878104,53.29293000125043],[-6.261520000082464,53.29316000047031]]},"properties":{"Route":"","Infrastructure type":"Bus lane (unclassified)","Length (m)":54.4,"Source":"NTA BikeLife Survey (2013-2021, published Feb 2021)"}},{"type":"Feature","geometry":{"type":"LineString","coordinates":[[-6.40799000105329,53.33789000049908],[-6.408149999049397,53.33902000039729],[-6.4081300001241415,53.340000000369606],[-6.408009999686135,53.340950000672116]]},"properties":{"Route":"","Infrastructure type":"Bus lane (unclassified)","Length (m)":341.3,"Source":"NTA BikeLife Survey (2013-2021, published Feb 2021)"}},{"type":"Feature","geometry":{"type":"LineString","coordinates":[[-6.202499999677277,53.313730000751],[-6.202679999910505,53.3139800005766]]},"properties":{"Route":"","Infrastructure type":"Bus lane (unclassified)","Length (m)":30.3,"Source":"NTA BikeLife Survey (2013-2021, published Feb 2021)"}},{"type":"Feature","geometry":{"type":"LineString","coordinates":[[-6.245820000289759,53.34343000057056],[-6.2463899994683425,53.34355000104798]]},"properties":{"Route":"","Infrastructure type":"Bus lane (unclassified)","Length (m)":40.2,"Source":"NTA BikeLife Survey (2013-2021, published Feb 2021)"}},{"type":"Feature","geometry":{"type":"LineString","coordinates":[[-6.25777000015014,53.342930000848035],[-6.258179999989927,53.343020000299596],[-6.258849999477336,53.34316000098899]]},"properties":{"Route":"","Infrastructure type":"Bus lane (unclassified)","Length (m)":76.4,"Source":"NTA BikeLife Survey (2013-2021, published Feb 2021)"}},{"type":"Feature","geometry":{"type":"LineString","coordinates":[[-6.263340000676542,53.34424000129385],[-6.2632800003424025,53.344240000646245],[-6.262630000350984,53.34427000111283]]},"properties":{"Route":"","Infrastructure type":"Bus lane (unclassified)","Length (m)":47.4,"Source":"NTA BikeLife Survey (2013-2021, published Feb 2021)"}},{"type":"Feature","geometry":{"type":"LineString","coordinates":[[-6.261260000780845,53.359770000704884],[-6.260440000151111,53.360630000687166]]},"properties":{"Route":"","Infrastructure type":"Bus lane (unclassified)","Length (m)":110.2,"Source":"NTA BikeLife Survey (2013-2021, published Feb 2021)"}},{"type":"Feature","geometry":{"type":"LineString","coordinates":[[-6.250280000762016,53.35102000100035],[-6.250000000309314,53.351460001223046]]},"properties":{"Route":"","Infrastructure type":"Bus lane (unclassified)","Length (m)":52.4,"Source":"NTA BikeLife Survey (2013-2021, published Feb 2021)"}},{"type":"Feature","geometry":{"type":"LineString","coordinates":[[-6.245439999900915,53.35571000090497],[-6.245389999518203,53.3557500016254],[-6.245109999886648,53.355960000744126]]},"properties":{"Route":"","Infrastructure type":"Bus lane (unclassified)","Length (m)":35.5,"Source":"NTA BikeLife Survey (2013-2021, published Feb 2021)"}},{"type":"Feature","geometry":{"type":"LineString","coordinates":[[-6.245570000090865,53.35561000151392],[-6.245439999900915,53.35571000090497]]},"properties":{"Route":"","Infrastructure type":"Bus lane (unclassified)","Length (m)":14.1,"Source":"NTA BikeLife Survey (2013-2021, published Feb 2021)"}},{"type":"Feature","geometry":{"type":"LineString","coordinates":[[-6.247210000242964,53.33993000092854],[-6.247639999630254,53.34008000038941]]},"properties":{"Route":"","Infrastructure type":"Bus lane (unclassified)","Length (m)":33.2,"Source":"NTA BikeLife Survey (2013-2021, published Feb 2021)"}},{"type":"Feature","geometry":{"type":"LineString","coordinates":[[-6.238610000027583,53.3424100015487],[-6.238819999417786,53.342440000611234]]},"properties":{"Route":"","Infrastructure type":"Bus lane (unclassified)","Length (m)":14.4,"Source":"NTA BikeLife Survey (2013-2021, published Feb 2021)"}},{"type":"Feature","geometry":{"type":"LineString","coordinates":[[-6.273220000396791,53.29288000071128],[-6.274110000671714,53.29320000060045],[-6.274609999382078,53.29338000064319],[-6.274822922621082,53.2934538146187]]},"properties":{"Route":"","Infrastructure type":"Bus lane (unclassified)","Length (m)":124.5,"Source":"NTA BikeLife Survey (2013-2021, published Feb 2021)"}},{"type":"Feature","geometry":{"type":"LineString","coordinates":[[-6.366880000781268,53.32711000083904],[-6.367200000434685,53.3271500007641],[-6.367570000014069,53.327190000976714],[-6.368710000869582,53.327360000750005],[-6.369970000293021,53.32756000083908]]},"properties":{"Route":"","Infrastructure type":"Bus lane (unclassified)","Length (m)":212.0,"Source":"NTA BikeLife Survey (2013-2021, published Feb 2021)"}},{"type":"Feature","geometry":{"type":"LineString","coordinates":[[-6.393109999809579,53.39343000019558],[-6.392500000495986,53.39377000111265]]},"properties":{"Route":"","Infrastructure type":"Bus lane (unclassified)","Length (m)":55.5,"Source":"NTA BikeLife Survey (2013-2021, published Feb 2021)"}},{"type":"Feature","geometry":{"type":"LineString","coordinates":[[-6.406609998940119,53.32188000021274],[-6.406439999715084,53.32193000142265],[-6.406350000728551,53.321970000759194],[-6.406249999647652,53.32212000122167]]},"properties":{"Route":"","Infrastructure type":"Bus lane (unclassified)","Length (m)":38.1,"Source":"NTA BikeLife Survey (2013-2021, published Feb 2021)"}},{"type":"Feature","geometry":{"type":"LineString","coordinates":[[-6.377629999589703,53.38698000061126],[-6.378299999880209,53.38728000121817]]},"properties":{"Route":"","Infrastructure type":"Bus lane (unclassified)","Length (m)":55.7,"Source":"NTA BikeLife Survey (2013-2021, published Feb 2021)"}},{"type":"Feature","geometry":{"type":"LineString","coordinates":[[-6.289250000177373,53.34340000106474],[-6.289019999793506,53.34338000120713],[-6.288369999843574,53.34343000092364]]},"properties":{"Route":"","Infrastructure type":"Bus lane (unclassified)","Length (m)":59.1,"Source":"NTA BikeLife Survey (2013-2021, published Feb 2021)"}},{"type":"Feature","geometry":{"type":"LineString","coordinates":[[-6.270360000414658,53.35088000038527],[-6.270139999494983,53.35103000135915],[-6.26993000021783,53.35121000091192]]},"properties":{"Route":"","Infrastructure type":"Bus lane (unclassified)","Length (m)":46.6,"Source":"NTA BikeLife Survey (2013-2021, published Feb 2021)"}},{"type":"Feature","geometry":{"type":"LineString","coordinates":[[-6.2652700000969705,53.35603000026498],[-6.264710000390713,53.35661000069034]]},"properties":{"Route":"","Infrastructure type":"Bus lane (unclassified)","Length (m)":74.5,"Source":"NTA BikeLife Survey (2013-2021, published Feb 2021)"}},{"type":"Feature","geometry":{"type":"LineString","coordinates":[[-6.283900000501819,53.299650000610505],[-6.283889999339251,53.29999000139853],[-6.283900000243262,53.30012000065644]]},"properties":{"Route":"","Infrastructure type":"Bus lane (unclassified)","Length (m)":52.3,"Source":"NTA BikeLife Survey (2013-2021, published Feb 2021)"}},{"type":"Feature","geometry":{"type":"LineString","coordinates":[[-6.245379999502179,53.38104000072499],[-6.245140000489873,53.38140000079933],[-6.24494999949171,53.38170000131133]]},"properties":{"Route":"","Infrastructure type":"Bus lane (unclassified)","Length (m)":78.8,"Source":"NTA BikeLife Survey (2013-2021, published Feb 2021)"}},{"type":"Feature","geometry":{"type":"LineString","coordinates":[[-6.257189999499565,53.364200000738535],[-6.2571100001766045,53.3643000005303]]},"properties":{"Route":"","Infrastructure type":"Bus lane (unclassified)","Length (m)":12.3,"Source":"NTA BikeLife Survey (2013-2021, published Feb 2021)"}},{"type":"Feature","geometry":{"type":"LineString","coordinates":[[-6.258199999516309,53.32718000143049],[-6.258310000002526,53.32730000032212],[-6.258379999515111,53.32742000020995],[-6.258510000836529,53.327880001351446]]},"properties":{"Route":"","Infrastructure type":"Bus lane (unclassified)","Length (m)":81.3,"Source":"NTA BikeLife Survey (2013-2021, published Feb 2021)"}},{"type":"Feature","geometry":{"type":"LineString","coordinates":[[-6.302160000277718,53.2987100007619],[-6.301809999585057,53.29883000057462]]},"properties":{"Route":"","Infrastructure type":"Bus lane (unclassified)","Length (m)":26.9,"Source":"NTA BikeLife Survey (2013-2021, published Feb 2021)"}},{"type":"Feature","geometry":{"type":"LineString","coordinates":[[-6.262209999830274,53.358790000936146],[-6.261990000330762,53.35900000067224]]},"properties":{"Route":"","Infrastructure type":"Bus lane (unclassified)","Length (m)":27.6,"Source":"NTA BikeLife Survey (2013-2021, published Feb 2021)"}},{"type":"Feature","geometry":{"type":"LineString","coordinates":[[-6.221089999772596,53.37342000001729],[-6.220819999238731,53.37361000098599],[-6.220580000778611,53.37379000089045],[-6.220380000580574,53.37397000086166]]},"properties":{"Route":"","Infrastructure type":"Bus lane (unclassified)","Length (m)":77.4,"Source":"NTA BikeLife Survey (2013-2021, published Feb 2021)"}},{"type":"Feature","geometry":{"type":"LineString","coordinates":[[-6.242729999969097,53.342940000785006],[-6.2429000002282145,53.34296000006508]]},"properties":{"Route":"","Infrastructure type":"Bus lane (unclassified)","Length (m)":11.5,"Source":"NTA BikeLife Survey (2013-2021, published Feb 2021)"}},{"type":"Feature","geometry":{"type":"LineString","coordinates":[[-6.414170000358157,53.387800000907504],[-6.415830000856864,53.38815000053566],[-6.417820000915346,53.38854000073239],[-6.4181500009519725,53.38860000095494]]},"properties":{"Route":"","Infrastructure type":"Bus lane (unclassified)","Length (m)":279.4,"Source":"NTA BikeLife Survey (2013-2021, published Feb 2021)"}},{"type":"Feature","geometry":{"type":"LineString","coordinates":[[-6.149770000610898,53.26205000061393],[-6.150270000364679,53.26229000071723],[-6.150769999628578,53.262530001364155]]},"properties":{"Route":"","Infrastructure type":"Bus lane (unclassified)","Length (m)":85.5,"Source":"NTA BikeLife Survey (2013-2021, published Feb 2021)"}},{"type":"Feature","geometry":{"type":"LineString","coordinates":[[-6.395109999938278,53.39306000083422],[-6.39617999999113,53.393080000539705]]},"properties":{"Route":"","Infrastructure type":"Bus lane (unclassified)","Length (m)":71.2,"Source":"NTA BikeLife Survey (2013-2021, published Feb 2021)"}},{"type":"Feature","geometry":{"type":"LineString","coordinates":[[-6.3519200007130445,53.27586000030266],[-6.350609999864216,53.27646000011239]]},"properties":{"Route":"","Infrastructure type":"Bus lane (unclassified)","Length (m)":110.0,"Source":"NTA BikeLife Survey (2013-2021, published Feb 2021)"}},{"type":"Feature","geometry":{"type":"LineString","coordinates":[[-6.242209999736822,53.35788000071095],[-6.241700000404496,53.35822000077204],[-6.241690000251864,53.358230000106374]]},"properties":{"Route":"","Infrastructure type":"Bus lane (unclassified)","Length (m)":52.1,"Source":"NTA BikeLife Survey (2013-2021, published Feb 2021)"}},{"type":"Feature","geometry":{"type":"LineString","coordinates":[[-6.271159999968071,53.29228000032442],[-6.271800000215092,53.29245000061006]]},"properties":{"Route":"","Infrastructure type":"Bus lane (unclassified)","Length (m)":46.7,"Source":"NTA BikeLife Survey (2013-2021, published Feb 2021)"}},{"type":"Feature","geometry":{"type":"LineString","coordinates":[[-6.209669999951991,53.31782000106058],[-6.210000000268363,53.31791000065287]]},"properties":{"Route":"","Infrastructure type":"Bus lane (unclassified)","Length (m)":24.2,"Source":"NTA BikeLife Survey (2013-2021, published Feb 2021)"}},{"type":"Feature","geometry":{"type":"LineString","coordinates":[[-6.451489999933243,53.3458100008225],[-6.451170000228271,53.34695000112191]]},"properties":{"Route":"","Infrastructure type":"Bus lane (unclassified)","Length (m)":128.6,"Source":"NTA BikeLife Survey (2013-2021, published Feb 2021)"}},{"type":"Feature","geometry":{"type":"LineString","coordinates":[[-6.245109999886648,53.355960000744126],[-6.244710000451552,53.356240000564505]]},"properties":{"Route":"","Infrastructure type":"Bus lane (unclassified)","Length (m)":41.0,"Source":"NTA BikeLife Survey (2013-2021, published Feb 2021)"}},{"type":"Feature","geometry":{"type":"LineString","coordinates":[[-6.240359999516846,53.35934000020448],[-6.240290000040086,53.35941000107101]]},"properties":{"Route":"","Infrastructure type":"Bus lane (unclassified)","Length (m)":9.1,"Source":"NTA BikeLife Survey (2013-2021, published Feb 2021)"}},{"type":"Feature","geometry":{"type":"LineString","coordinates":[[-6.277949999837003,53.34279000056232],[-6.278039999366295,53.342790000794054],[-6.27835999971436,53.34279000089742],[-6.278750000368141,53.342800000861715],[-6.2791800005065745,53.34281000035577]]},"properties":{"Route":"","Infrastructure type":"Bus lane (unclassified)","Length (m)":82.0,"Source":"NTA BikeLife Survey (2013-2021, published Feb 2021)"}},{"type":"Feature","geometry":{"type":"LineString","coordinates":[[-6.293869999579525,53.33186000133829],[-6.29361999921753,53.331970000848],[-6.293439999819939,53.33207000074572]]},"properties":{"Route":"","Infrastructure type":"Bus lane (unclassified)","Length (m)":37.0,"Source":"NTA BikeLife Survey (2013-2021, published Feb 2021)"}},{"type":"Feature","geometry":{"type":"LineString","coordinates":[[-6.260440000151111,53.360630000687166],[-6.260279999542527,53.3607900011609]]},"properties":{"Route":"","Infrastructure type":"Bus lane (unclassified)","Length (m)":20.7,"Source":"NTA BikeLife Survey (2013-2021, published Feb 2021)"}},{"type":"Feature","geometry":{"type":"LineString","coordinates":[[-6.237599999968719,53.39689000042685],[-6.2374700002694405,53.396930000547385],[-6.237209999430271,53.39697000071046],[-6.236559999510329,53.39700000088827]]},"properties":{"Route":"","Infrastructure type":"Bus lane (unclassified)","Length (m)":71.0,"Source":"NTA BikeLife Survey (2013-2021, published Feb 2021)"}},{"type":"Feature","geometry":{"type":"LineString","coordinates":[[-6.29819999982783,53.33009000083467],[-6.2978999995402765,53.3302100007119],[-6.29764000037194,53.330320001601805],[-6.297309999797431,53.33044000061537],[-6.297109999113722,53.330560000311124]]},"properties":{"Route":"","Infrastructure type":"Bus lane (unclassified)","Length (m)":89.8,"Source":"NTA BikeLife Survey (2013-2021, published Feb 2021)"}},{"type":"Feature","geometry":{"type":"LineString","coordinates":[[-6.45181999984622,53.34458000076408],[-6.451489999933243,53.3458100008225]]},"properties":{"Route":"","Infrastructure type":"Bus lane (unclassified)","Length (m)":138.6,"Source":"NTA BikeLife Survey (2013-2021, published Feb 2021)"}},{"type":"Feature","geometry":{"type":"LineString","coordinates":[[-6.283949999878095,53.30052000145102],[-6.283950000096505,53.300830000777665]]},"properties":{"Route":"","Infrastructure type":"Bus lane (unclassified)","Length (m)":34.5,"Source":"NTA BikeLife Survey (2013-2021, published Feb 2021)"}},{"type":"Feature","geometry":{"type":"LineString","coordinates":[[-6.256190000642654,53.365500001292936],[-6.256100000224184,53.36564000049078],[-6.255930000206089,53.36589000147994],[-6.255839999783999,53.36604000063648],[-6.255789999178554,53.3661200008816]]},"properties":{"Route":"","Infrastructure type":"Bus lane (unclassified)","Length (m)":74.0,"Source":"NTA BikeLife Survey (2013-2021, published Feb 2021)"}},{"type":"Feature","geometry":{"type":"LineString","coordinates":[[-6.271389999326886,53.3673200004669],[-6.271580000146862,53.36735000074152],[-6.27179000056583,53.36739000105379],[-6.271989999702708,53.36742000075654],[-6.272180000362561,53.36744000084062],[-6.272420000326191,53.36746000090727]]},"properties":{"Route":"","Infrastructure type":"Bus lane (unclassified)","Length (m)":70.4,"Source":"NTA BikeLife Survey (2013-2021, published Feb 2021)"}},{"type":"Feature","geometry":{"type":"LineString","coordinates":[[-6.258719999722518,53.33957000092666],[-6.25866999914268,53.33977000113148]]},"properties":{"Route":"","Infrastructure type":"Bus lane (unclassified)","Length (m)":22.5,"Source":"NTA BikeLife Survey (2013-2021, published Feb 2021)"}},{"type":"Feature","geometry":{"type":"LineString","coordinates":[[-6.410000000328529,53.387030001028315],[-6.414170000358157,53.387800000907504]]},"properties":{"Route":"","Infrastructure type":"Bus lane (unclassified)","Length (m)":290.4,"Source":"NTA BikeLife Survey (2013-2021, published Feb 2021)"}},{"type":"Feature","geometry":{"type":"LineString","coordinates":[[-6.315650000032537,53.294760001180514],[-6.315229999377304,53.294920001101524],[-6.314859999736166,53.295080001488685]]},"properties":{"Route":"","Infrastructure type":"Bus lane (unclassified)","Length (m)":63.6,"Source":"NTA BikeLife Survey (2013-2021, published Feb 2021)"}},{"type":"Feature","geometry":{"type":"LineString","coordinates":[[-6.252090000071255,53.33974000099284],[-6.251750000012957,53.340100001154546]]},"properties":{"Route":"","Infrastructure type":"Bus lane (unclassified)","Length (m)":46.0,"Source":"NTA BikeLife Survey (2013-2021, published Feb 2021)"}},{"type":"Feature","geometry":{"type":"LineString","coordinates":[[-6.331210000515922,53.275100001185976],[-6.3311900002124375,53.27530000077078]]},"properties":{"Route":"","Infrastructure type":"Bus lane (unclassified)","Length (m)":22.3,"Source":"NTA BikeLife Survey (2013-2021, published Feb 2021)"}},{"type":"Feature","geometry":{"type":"LineString","coordinates":[[-6.271739999164448,53.36493000134892],[-6.271730000424789,53.3651400003774]]},"properties":{"Route":"","Infrastructure type":"Bus lane (unclassified)","Length (m)":23.4,"Source":"NTA BikeLife Survey (2013-2021, published Feb 2021)"}},{"type":"Feature","geometry":{"type":"LineString","coordinates":[[-6.326620000385691,53.29214000085189],[-6.324529999892938,53.292610000605606]]},"properties":{"Route":"","Infrastructure type":"Bus lane (unclassified)","Length (m)":148.9,"Source":"NTA BikeLife Survey (2013-2021, published Feb 2021)"}},{"type":"Feature","geometry":{"type":"LineString","coordinates":[[-6.277850000594478,53.31132000076349],[-6.276760000073443,53.31156000159926],[-6.275340000772423,53.31179000072569]]},"properties":{"Route":"","Infrastructure type":"Bus lane (unclassified)","Length (m)":175.5,"Source":"NTA BikeLife Survey (2013-2021, published Feb 2021)"}},{"type":"Feature","geometry":{"type":"LineString","coordinates":[[-6.270250000160931,53.317520000923395],[-6.26929999969186,53.3188500008349]]},"properties":{"Route":"","Infrastructure type":"Bus lane (unclassified)","Length (m)":161.0,"Source":"NTA BikeLife Survey (2013-2021, published Feb 2021)"}},{"type":"Feature","geometry":{"type":"LineString","coordinates":[[-6.366610000239776,53.327080000743805],[-6.366880000781268,53.32711000083904]]},"properties":{"Route":"","Infrastructure type":"Bus lane (unclassified)","Length (m)":18.3,"Source":"NTA BikeLife Survey (2013-2021, published Feb 2021)"}},{"type":"Feature","geometry":{"type":"LineString","coordinates":[[-6.233069999983229,53.36383000098613],[-6.232459999867827,53.36400000166542],[-6.231910000967274,53.36412000019964],[-6.231259999490524,53.36423000134854],[-6.230549999118546,53.36430000106851]]},"properties":{"Route":"","Infrastructure type":"Bus lane (unclassified)","Length (m)":176.6,"Source":"NTA BikeLife Survey (2013-2021, published Feb 2021)"}},{"type":"Feature","geometry":{"type":"LineString","coordinates":[[-6.27799999974804,53.32647000046802],[-6.2779300007844,53.32660000074295],[-6.277839999052993,53.32674000089074],[-6.277689999937253,53.32694000134394]]},"properties":{"Route":"","Infrastructure type":"Bus lane (unclassified)","Length (m)":56.3,"Source":"NTA BikeLife Survey (2013-2021, published Feb 2021)"}},{"type":"Feature","geometry":{"type":"LineString","coordinates":[[-6.2562600004856295,53.3387800011424],[-6.256600000152574,53.33886000135159]]},"properties":{"Route":"","Infrastructure type":"Bus lane (unclassified)","Length (m)":24.3,"Source":"NTA BikeLife Survey (2013-2021, published Feb 2021)"}},{"type":"Feature","geometry":{"type":"LineString","coordinates":[[-6.319620000566342,53.29387000095375],[-6.319259999253389,53.293870001164066],[-6.319029999207185,53.29388000043489],[-6.318819999215663,53.29390000097348],[-6.3185299998014095,53.29394000055846],[-6.3181499989261205,53.2940100006219],[-6.317779999957235,53.29411000087589],[-6.317150000779366,53.29427000102485],[-6.316670000047624,53.294410001052235],[-6.316290000863439,53.29453000150256]]},"properties":{"Route":"","Infrastructure type":"Bus lane (unclassified)","Length (m)":236.8,"Source":"NTA BikeLife Survey (2013-2021, published Feb 2021)"}},{"type":"Feature","geometry":{"type":"LineString","coordinates":[[-6.290409999508604,53.34316000112052],[-6.289990000033697,53.34325000169704]]},"properties":{"Route":"","Infrastructure type":"Bus lane (unclassified)","Length (m)":29.7,"Source":"NTA BikeLife Survey (2013-2021, published Feb 2021)"}},{"type":"Feature","geometry":{"type":"LineString","coordinates":[[-6.25759999945644,53.363750000412686],[-6.25741999971004,53.363950000525776],[-6.257189999499565,53.364200000738535]]},"properties":{"Route":"","Infrastructure type":"Bus lane (unclassified)","Length (m)":57.0,"Source":"NTA BikeLife Survey (2013-2021, published Feb 2021)"}},{"type":"Feature","geometry":{"type":"LineString","coordinates":[[-6.272049999887042,53.36380000068256],[-6.271949999193884,53.364040000142744]]},"properties":{"Route":"","Infrastructure type":"Bus lane (unclassified)","Length (m)":27.5,"Source":"NTA BikeLife Survey (2013-2021, published Feb 2021)"}},{"type":"Feature","geometry":{"type":"LineString","coordinates":[[-6.327829999329967,53.270790000772216],[-6.328610000557368,53.27144000079935]]},"properties":{"Route":"","Infrastructure type":"Bus lane (unclassified)","Length (m)":89.1,"Source":"NTA BikeLife Survey (2013-2021, published Feb 2021)"}},{"type":"Feature","geometry":{"type":"LineString","coordinates":[[-6.234149999822128,53.36352000092432],[-6.233069999983229,53.36383000098613]]},"properties":{"Route":"","Infrastructure type":"Bus lane (unclassified)","Length (m)":79.7,"Source":"NTA BikeLife Survey (2013-2021, published Feb 2021)"}},{"type":"Feature","geometry":{"type":"LineString","coordinates":[[-6.1956500005767285,53.29891000088467],[-6.195380000494172,53.29898000096635]]},"properties":{"Route":"","Infrastructure type":"Bus lane (unclassified)","Length (m)":19.6,"Source":"NTA BikeLife Survey (2013-2021, published Feb 2021)"}},{"type":"Feature","geometry":{"type":"LineString","coordinates":[[-6.331119999771281,53.27487000097198],[-6.33123999975195,53.274920000795476]]},"properties":{"Route":"","Infrastructure type":"Bus lane (unclassified)","Length (m)":9.7,"Source":"NTA BikeLife Survey (2013-2021, published Feb 2021)"}},{"type":"Feature","geometry":{"type":"LineString","coordinates":[[-6.320109999680441,53.293720000391914],[-6.320079999893796,53.29377000104114]]},"properties":{"Route":"","Infrastructure type":"Bus lane (unclassified)","Length (m)":5.9,"Source":"NTA BikeLife Survey (2013-2021, published Feb 2021)"}},{"type":"Feature","geometry":{"type":"LineString","coordinates":[[-6.283319999844643,53.30534000072094],[-6.283379999422583,53.30573000046099]]},"properties":{"Route":"","Infrastructure type":"Bus lane (unclassified)","Length (m)":43.6,"Source":"NTA BikeLife Survey (2013-2021, published Feb 2021)"}},{"type":"Feature","geometry":{"type":"LineString","coordinates":[[-6.152990000217389,53.4026000011255],[-6.154310000027342,53.40273000107171]]},"properties":{"Route":"","Infrastructure type":"Bus lane (unclassified)","Length (m)":89.0,"Source":"NTA BikeLife Survey (2013-2021, published Feb 2021)"}},{"type":"Feature","geometry":{"type":"LineString","coordinates":[[-6.258079999702806,53.34178000127011],[-6.2578800001297985,53.34251000038885]]},"properties":{"Route":"","Infrastructure type":"Bus lane (unclassified)","Length (m)":82.3,"Source":"NTA BikeLife Survey (2013-2021, published Feb 2021)"}},{"type":"Feature","geometry":{"type":"LineString","coordinates":[[-6.232490000399353,53.32978000022039],[-6.232720000619591,53.32995000108465]]},"properties":{"Route":"","Infrastructure type":"Bus lane (unclassified)","Length (m)":24.3,"Source":"NTA BikeLife Survey (2013-2021, published Feb 2021)"}},{"type":"Feature","geometry":{"type":"LineString","coordinates":[[-6.422110000660151,53.32055000090063],[-6.420390000549852,53.3207200006127]]},"properties":{"Route":"","Infrastructure type":"Bus lane (unclassified)","Length (m)":116.2,"Source":"NTA BikeLife Survey (2013-2021, published Feb 2021)"}},{"type":"Feature","geometry":{"type":"LineString","coordinates":[[-6.314859999736166,53.295080001488685],[-6.314660000020907,53.295160000482696]]},"properties":{"Route":"","Infrastructure type":"Bus lane (unclassified)","Length (m)":16.0,"Source":"NTA BikeLife Survey (2013-2021, published Feb 2021)"}},{"type":"Feature","geometry":{"type":"LineString","coordinates":[[-6.314660000020907,53.295160000482696],[-6.314280000331666,53.295320000668866],[-6.313889999781513,53.29547000098745],[-6.313489999501146,53.29560000118169],[-6.3130400003532365,53.29572000082941],[-6.31264999931516,53.29583000091876],[-6.312139999914256,53.29594000008068],[-6.311739999585301,53.2960200007634]]},"properties":{"Route":"","Infrastructure type":"Bus lane (unclassified)","Length (m)":218.1,"Source":"NTA BikeLife Survey (2013-2021, published Feb 2021)"}},{"type":"Feature","geometry":{"type":"LineString","coordinates":[[-6.259529999363134,53.33278000006083],[-6.260280000426013,53.3327900009153]]},"properties":{"Route":"","Infrastructure type":"Bus lane (unclassified)","Length (m)":50.0,"Source":"NTA BikeLife Survey (2013-2021, published Feb 2021)"}},{"type":"Feature","geometry":{"type":"LineString","coordinates":[[-6.269339999994885,53.33242000104998],[-6.2691400007600295,53.33242000071586]]},"properties":{"Route":"","Infrastructure type":"Bus lane (unclassified)","Length (m)":13.3,"Source":"NTA BikeLife Survey (2013-2021, published Feb 2021)"}},{"type":"Feature","geometry":{"type":"LineString","coordinates":[[-6.377070000184463,53.32831000118865],[-6.376610000915726,53.328350001499615],[-6.375349999105078,53.32836000071167],[-6.375020000002279,53.328350001704564]]},"properties":{"Route":"","Infrastructure type":"Bus lane (unclassified)","Length (m)":136.9,"Source":"NTA BikeLife Survey (2013-2021, published Feb 2021)"}},{"type":"Feature","geometry":{"type":"LineString","coordinates":[[-6.353150000499017,53.350030000756405],[-6.354089999218113,53.350140000871704],[-6.35473999949353,53.35023000104739],[-6.355419999531204,53.35036000052133],[-6.355689999777466,53.35043000083124],[-6.35600000036625,53.35052000075625]]},"properties":{"Route":"","Infrastructure type":"Bus lane (unclassified)","Length (m)":198.3,"Source":"NTA BikeLife Survey (2013-2021, published Feb 2021)"}},{"type":"Feature","geometry":{"type":"LineString","coordinates":[[-6.369530000602296,53.380370000525495],[-6.369220000556549,53.38052000083117]]},"properties":{"Route":"","Infrastructure type":"Bus lane (unclassified)","Length (m)":26.5,"Source":"NTA BikeLife Survey (2013-2021, published Feb 2021)"}},{"type":"Feature","geometry":{"type":"LineString","coordinates":[[-6.427710000260339,53.35965000081167],[-6.42882999982102,53.3597000009138],[-6.429620000234468,53.35968000084099],[-6.430480000104516,53.359670001166606]]},"properties":{"Route":"","Infrastructure type":"Bus lane (unclassified)","Length (m)":184.7,"Source":"NTA BikeLife Survey (2013-2021, published Feb 2021)"}},{"type":"Feature","geometry":{"type":"LineString","coordinates":[[-6.209250000290547,53.31766000086054],[-6.209519999641819,53.31770000095402],[-6.209750000685174,53.3177400013811]]},"properties":{"Route":"","Infrastructure type":"Bus lane (unclassified)","Length (m)":34.5,"Source":"NTA BikeLife Survey (2013-2021, published Feb 2021)"}},{"type":"Feature","geometry":{"type":"LineString","coordinates":[[-6.208060000197673,53.303190001524186],[-6.208660000532356,53.303610000620786]]},"properties":{"Route":"","Infrastructure type":"Bus lane (unclassified)","Length (m)":61.5,"Source":"NTA BikeLife Survey (2013-2021, published Feb 2021)"}},{"type":"Feature","geometry":{"type":"LineString","coordinates":[[-6.326440000252478,53.32423000070761],[-6.325949999212289,53.32429000152312],[-6.3254099993272686,53.324370001520094],[-6.324889999781013,53.324480000759635]]},"properties":{"Route":"","Infrastructure type":"Bus lane (unclassified)","Length (m)":107.1,"Source":"NTA BikeLife Survey (2013-2021, published Feb 2021)"}},{"type":"Feature","geometry":{"type":"LineString","coordinates":[[-6.2622199991700755,53.35337000078001],[-6.263009999987794,53.35405000104261]]},"properties":{"Route":"","Infrastructure type":"Bus lane (unclassified)","Length (m)":92.2,"Source":"NTA BikeLife Survey (2013-2021, published Feb 2021)"}},{"type":"Feature","geometry":{"type":"LineString","coordinates":[[-6.258540000390575,53.34019000079314],[-6.258459999625291,53.34045000093064],[-6.258310000707379,53.340960001265685]]},"properties":{"Route":"","Infrastructure type":"Bus lane (unclassified)","Length (m)":87.1,"Source":"NTA BikeLife Survey (2013-2021, published Feb 2021)"}},{"type":"Feature","geometry":{"type":"LineString","coordinates":[[-6.210000000268363,53.31791000065287],[-6.210719999550305,53.31810000043303],[-6.211159999994615,53.31824000084817]]},"properties":{"Route":"","Infrastructure type":"Bus lane (unclassified)","Length (m)":85.6,"Source":"NTA BikeLife Survey (2013-2021, published Feb 2021)"}},{"type":"Feature","geometry":{"type":"LineString","coordinates":[[-6.252159999407015,53.33106000116698],[-6.252310000796991,53.33142000080174]]},"properties":{"Route":"","Infrastructure type":"Bus lane (unclassified)","Length (m)":41.3,"Source":"NTA BikeLife Survey (2013-2021, published Feb 2021)"}},{"type":"Feature","geometry":{"type":"LineString","coordinates":[[-6.24891999909991,53.32938000067891],[-6.2492600000543215,53.32943000029945],[-6.249690000057264,53.32950000140787],[-6.2498600005789955,53.32954000146125],[-6.250020000002679,53.32957000084198],[-6.250340000400837,53.32967000074183],[-6.250639999561583,53.32978000058386],[-6.250860000695606,53.329880001201595],[-6.25109999969173,53.32999000000079],[-6.251320000143421,53.33011000017104],[-6.2514799997331805,53.33021000086679],[-6.251579999387101,53.33029000055062],[-6.251679999377072,53.33037000105088],[-6.251760000537198,53.33045000138673],[-6.251839999976746,53.330540000954706],[-6.251920000285856,53.330620000265796],[-6.2519699993252065,53.330720000738914]]},"properties":{"Route":"","Infrastructure type":"Bus lane (unclassified)","Length (m)":263.6,"Source":"NTA BikeLife Survey (2013-2021, published Feb 2021)"}},{"type":"Feature","geometry":{"type":"LineString","coordinates":[[-6.264959999405064,53.375530000722485],[-6.264869999991963,53.37573000073761]]},"properties":{"Route":"","Infrastructure type":"Bus lane (unclassified)","Length (m)":23.1,"Source":"NTA BikeLife Survey (2013-2021, published Feb 2021)"}},{"type":"Feature","geometry":{"type":"LineString","coordinates":[[-6.271800000215092,53.29245000061006],[-6.271960000725098,53.29249000053453],[-6.272530000020448,53.29266000075371],[-6.273220000396791,53.29288000071128]]},"properties":{"Route":"","Infrastructure type":"Bus lane (unclassified)","Length (m)":106.1,"Source":"NTA BikeLife Survey (2013-2021, published Feb 2021)"}},{"type":"Feature","geometry":{"type":"LineString","coordinates":[[-6.396560000790163,53.31624000114169],[-6.396940000296647,53.31645000147039],[-6.397309999764909,53.316630000946915],[-6.397490000661184,53.31670000090231],[-6.397879999684366,53.316830000224186],[-6.3982900002034375,53.31693000073878],[-6.40167999920732,53.31756000096803],[-6.40211000051195,53.3176500009756]]},"properties":{"Route":"","Infrastructure type":"Bus lane (unclassified)","Length (m)":406.7,"Source":"NTA BikeLife Survey (2013-2021, published Feb 2021)"}},{"type":"Feature","geometry":{"type":"LineString","coordinates":[[-6.29773999986151,53.33037000113149],[-6.297419999083123,53.33048000098781],[-6.297109999113722,53.330560000311124]]},"properties":{"Route":"","Infrastructure type":"Bus lane (unclassified)","Length (m)":47.1,"Source":"NTA BikeLife Survey (2013-2021, published Feb 2021)"}},{"type":"Feature","geometry":{"type":"LineString","coordinates":[[-6.209250000290547,53.31766000086054],[-6.209669999951991,53.31782000106058]]},"properties":{"Route":"","Infrastructure type":"Bus lane (unclassified)","Length (m)":33.2,"Source":"NTA BikeLife Survey (2013-2021, published Feb 2021)"}},{"type":"Feature","geometry":{"type":"LineString","coordinates":[[-6.301149999815924,53.29916000064745],[-6.3006599995211,53.2994300016902]]},"properties":{"Route":"","Infrastructure type":"Bus lane (unclassified)","Length (m)":44.4,"Source":"NTA BikeLife Survey (2013-2021, published Feb 2021)"}},{"type":"Feature","geometry":{"type":"LineString","coordinates":[[-6.299389999695383,53.38819000068351],[-6.299489999197808,53.388280000332244]]},"properties":{"Route":"","Infrastructure type":"Bus lane (unclassified)","Length (m)":12.0,"Source":"NTA BikeLife Survey (2013-2021, published Feb 2021)"}},{"type":"Feature","geometry":{"type":"LineString","coordinates":[[-6.299489999197808,53.388280000332244],[-6.300019999259956,53.388680000967135],[-6.3004399999202425,53.38903000116377]]},"properties":{"Route":"","Infrastructure type":"Bus lane (unclassified)","Length (m)":104.7,"Source":"NTA BikeLife Survey (2013-2021, published Feb 2021)"}},{"type":"Feature","geometry":{"type":"LineString","coordinates":[[-6.311739999585301,53.2960200007634],[-6.31128999978853,53.2960900010524]]},"properties":{"Route":"","Infrastructure type":"Bus lane (unclassified)","Length (m)":31.0,"Source":"NTA BikeLife Survey (2013-2021, published Feb 2021)"}},{"type":"Feature","geometry":{"type":"LineString","coordinates":[[-6.371839999254418,53.35485000124525],[-6.37250000003344,53.355010001698]]},"properties":{"Route":"","Infrastructure type":"Bus lane (unclassified)","Length (m)":47.4,"Source":"NTA BikeLife Survey (2013-2021, published Feb 2021)"}},{"type":"Feature","geometry":{"type":"LineString","coordinates":[[-6.290800000677385,53.34309000101724],[-6.290409999508604,53.34316000112052]]},"properties":{"Route":"","Infrastructure type":"Bus lane (unclassified)","Length (m)":27.1,"Source":"NTA BikeLife Survey (2013-2021, published Feb 2021)"}},{"type":"Feature","geometry":{"type":"LineString","coordinates":[[-6.301629999407039,53.29890000098405],[-6.3014299998610355,53.29902000122247],[-6.301149999815924,53.29916000064745]]},"properties":{"Route":"","Infrastructure type":"Bus lane (unclassified)","Length (m)":43.2,"Source":"NTA BikeLife Survey (2013-2021, published Feb 2021)"}},{"type":"Feature","geometry":{"type":"LineString","coordinates":[[-6.234510000148187,53.341910000408376],[-6.235079999540721,53.34199000050124]]},"properties":{"Route":"","Infrastructure type":"Bus lane (unclassified)","Length (m)":39.0,"Source":"NTA BikeLife Survey (2013-2021, published Feb 2021)"}},{"type":"Feature","geometry":{"type":"LineString","coordinates":[[-6.277099999068852,53.34289000079955],[-6.2769299997812205,53.342920000830524],[-6.276769999722192,53.34295000123817]]},"properties":{"Route":"","Infrastructure type":"Bus lane (unclassified)","Length (m)":23.0,"Source":"NTA BikeLife Survey (2013-2021, published Feb 2021)"}},{"type":"Feature","geometry":{"type":"LineString","coordinates":[[-6.390619999474303,53.34779000075074],[-6.391240000003367,53.34781000127679],[-6.392399999749734,53.34784000055262],[-6.392940000312429,53.347800001102165]]},"properties":{"Route":"","Infrastructure type":"Bus lane (unclassified)","Length (m)":154.9,"Source":"NTA BikeLife Survey (2013-2021, published Feb 2021)"}},{"type":"Feature","geometry":{"type":"LineString","coordinates":[[-6.322989999440041,53.343410000501954],[-6.323910000612939,53.34359000081391],[-6.324959999773237,53.34380000022679],[-6.325980000812248,53.344000000771224]]},"properties":{"Route":"","Infrastructure type":"Bus lane (unclassified)","Length (m)":209.7,"Source":"NTA BikeLife Survey (2013-2021, published Feb 2021)"}},{"type":"Feature","geometry":{"type":"LineString","coordinates":[[-6.372309999838093,53.35511000039643],[-6.372679999125881,53.35520000103717],[-6.373310000105495,53.355360001263]]},"properties":{"Route":"","Infrastructure type":"Bus lane (unclassified)","Length (m)":72.2,"Source":"NTA BikeLife Survey (2013-2021, published Feb 2021)"}},{"type":"Feature","geometry":{"type":"LineString","coordinates":[[-6.367799999951792,53.35387000074238],[-6.368090000389301,53.35395000089702]]},"properties":{"Route":"","Infrastructure type":"Bus lane (unclassified)","Length (m)":21.3,"Source":"NTA BikeLife Survey (2013-2021, published Feb 2021)"}},{"type":"Feature","geometry":{"type":"LineString","coordinates":[[-6.102639999747162,53.185740001038],[-6.1023299991005056,53.18577000067826]]},"properties":{"Route":"","Infrastructure type":"Bus lane (unclassified)","Length (m)":21.0,"Source":"NTA BikeLife Survey (2013-2021, published Feb 2021)"}},{"type":"Feature","geometry":{"type":"LineString","coordinates":[[-6.188869999737734,53.30070000050003],[-6.188559999665865,53.30078000099147]]},"properties":{"Route":"","Infrastructure type":"Bus lane (unclassified)","Length (m)":22.5,"Source":"NTA BikeLife Survey (2013-2021, published Feb 2021)"}},{"type":"Feature","geometry":{"type":"LineString","coordinates":[[-6.339299999586124,53.344460000613815],[-6.338449998926215,53.34450000016466],[-6.3378900003723375,53.34456000033433],[-6.337299998874505,53.3446500014992],[-6.336770000070925,53.344730001180814],[-6.336249999780569,53.344830001457474],[-6.335660000472744,53.34494000100436],[-6.335049999615968,53.345030000626394],[-6.334430000940592,53.34508000111438],[-6.333809999696061,53.345110000912285],[-6.333230000474657,53.345110000659076],[-6.332569999633917,53.34508000104498],[-6.332179999900834,53.34505000098914]]},"properties":{"Route":"","Infrastructure type":"Bus lane (unclassified)","Length (m)":483.0,"Source":"NTA BikeLife Survey (2013-2021, published Feb 2021)"}},{"type":"Feature","geometry":{"type":"LineString","coordinates":[[-6.244089999588352,53.35665000080588],[-6.244000000314423,53.356710000526384]]},"properties":{"Route":"","Infrastructure type":"Bus lane (unclassified)","Length (m)":9.0,"Source":"NTA BikeLife Survey (2013-2021, published Feb 2021)"}},{"type":"Feature","geometry":{"type":"LineString","coordinates":[[-6.309879998958169,53.34350000096308],[-6.309509998923837,53.34354000121849],[-6.309069999592032,53.34360000165813],[-6.308749998904333,53.343640001724346]]},"properties":{"Route":"","Infrastructure type":"Bus lane (unclassified)","Length (m)":76.9,"Source":"NTA BikeLife Survey (2013-2021, published Feb 2021)"}},{"type":"Feature","geometry":{"type":"LineString","coordinates":[[-6.227390000392187,53.367760001219686],[-6.227180000580882,53.367870000905036],[-6.226810000259604,53.36815000086894],[-6.226730000013416,53.368200000433056],[-6.226520000089232,53.368320000964786],[-6.2263299995485895,53.36844000087422]]},"properties":{"Route":"","Infrastructure type":"Bus lane (unclassified)","Length (m)":103.7,"Source":"NTA BikeLife Survey (2013-2021, published Feb 2021)"}},{"type":"Feature","geometry":{"type":"LineString","coordinates":[[-6.288360000216269,53.343500001339365],[-6.288140000424581,53.34351000076266],[-6.287920000466914,53.34352000157601]]},"properties":{"Route":"","Infrastructure type":"Bus lane (unclassified)","Length (m)":29.4,"Source":"NTA BikeLife Survey (2013-2021, published Feb 2021)"}},{"type":"Feature","geometry":{"type":"LineString","coordinates":[[-6.316290000125792,53.34304000104077],[-6.315350000672632,53.343100000494346],[-6.313930000513518,53.34319000087146],[-6.313029999616095,53.343250000863726],[-6.31226999983555,53.34330000074037],[-6.31141999921787,53.343360001128914],[-6.310829999697185,53.34341000065257]]},"properties":{"Route":"","Infrastructure type":"Bus lane (unclassified)","Length (m)":366.0,"Source":"NTA BikeLife Survey (2013-2021, published Feb 2021)"}},{"type":"Feature","geometry":{"type":"LineString","coordinates":[[-6.2112700001509475,53.31817000097778],[-6.211590000948227,53.3182900007394]]},"properties":{"Route":"","Infrastructure type":"Bus lane (unclassified)","Length (m)":25.2,"Source":"NTA BikeLife Survey (2013-2021, published Feb 2021)"}},{"type":"Feature","geometry":{"type":"LineString","coordinates":[[-6.316869999449282,53.34301000086997],[-6.316290000125792,53.34304000104077]]},"properties":{"Route":"","Infrastructure type":"Bus lane (unclassified)","Length (m)":38.8,"Source":"NTA BikeLife Survey (2013-2021, published Feb 2021)"}},{"type":"Feature","geometry":{"type":"LineString","coordinates":[[-6.224739999365046,53.45005000119265],[-6.224539999793716,53.45012000033686],[-6.224169999105364,53.45026000054104],[-6.2238300000934785,53.450380000710574],[-6.223379999357789,53.450520000615334],[-6.222840000715043,53.45069000102906],[-6.222399999255086,53.45082000127428],[-6.221909999199064,53.45096000078854],[-6.2210599993117865,53.45121000105588],[-6.220539999890852,53.45136000126301],[-6.220109999944784,53.45148000096383],[-6.219109999975366,53.45177000123258]]},"properties":{"Route":"","Infrastructure type":"Bus lane (unclassified)","Length (m)":420.4,"Source":"NTA BikeLife Survey (2013-2021, published Feb 2021)"}},{"type":"Feature","geometry":{"type":"LineString","coordinates":[[-6.301209999229531,53.34526000003032],[-6.299750000522506,53.34549000134038]]},"properties":{"Route":"","Infrastructure type":"Bus lane (unclassified)","Length (m)":100.5,"Source":"NTA BikeLife Survey (2013-2021, published Feb 2021)"}},{"type":"Feature","geometry":{"type":"LineString","coordinates":[[-6.357979999931269,53.35182000055466],[-6.358279999670787,53.35208000100186],[-6.358640000101445,53.352330000917874],[-6.35900999952383,53.35256000056752],[-6.359429999729206,53.35274000063525],[-6.359660000188693,53.352820000902824]]},"properties":{"Route":"","Infrastructure type":"Bus lane (unclassified)","Length (m)":159.5,"Source":"NTA BikeLife Survey (2013-2021, published Feb 2021)"}},{"type":"Feature","geometry":{"type":"LineString","coordinates":[[-6.3578800003668645,53.35192000066507],[-6.358250000427472,53.35225000116382],[-6.3584800001152075,53.35242000032837],[-6.358710000579101,53.35256000078],[-6.358949999311805,53.35269000074796],[-6.359219999588057,53.352810000205366],[-6.359480000105803,53.3529100008325],[-6.359700000240367,53.35297000100175]]},"properties":{"Route":"","Infrastructure type":"Bus lane (unclassified)","Length (m)":171.0,"Source":"NTA BikeLife Survey (2013-2021, published Feb 2021)"}},{"type":"Feature","geometry":{"type":"LineString","coordinates":[[-6.2434300000328875,53.3843900007378],[-6.243379999424175,53.38450000077434],[-6.243310000485739,53.38467000122691]]},"properties":{"Route":"","Infrastructure type":"Bus lane (unclassified)","Length (m)":32.2,"Source":"NTA BikeLife Survey (2013-2021, published Feb 2021)"}},{"type":"Feature","geometry":{"type":"LineString","coordinates":[[-6.317550000263851,53.34296000040581],[-6.316869999449282,53.34301000086997]]},"properties":{"Route":"","Infrastructure type":"Bus lane (unclassified)","Length (m)":45.6,"Source":"NTA BikeLife Survey (2013-2021, published Feb 2021)"}},{"type":"Feature","geometry":{"type":"LineString","coordinates":[[-6.24966999993853,53.34419000041091],[-6.24981000009822,53.3442200010512],[-6.250200000266251,53.3443000013096],[-6.2504299994334644,53.34435000117677]]},"properties":{"Route":"","Infrastructure type":"Bus lane (unclassified)","Length (m)":53.7,"Source":"NTA BikeLife Survey (2013-2021, published Feb 2021)"}},{"type":"Feature","geometry":{"type":"LineString","coordinates":[[-6.305189999456651,53.39654000076505],[-6.305329999771657,53.39668000150488],[-6.305399999177938,53.39678000144107],[-6.305659999466827,53.39719000096164],[-6.306219999798459,53.39791000095516],[-6.306749999518496,53.398590001221415]]},"properties":{"Route":"","Infrastructure type":"Bus lane (unclassified)","Length (m)":250.9,"Source":"NTA BikeLife Survey (2013-2021, published Feb 2021)"}},{"type":"Feature","geometry":{"type":"LineString","coordinates":[[-6.326060000230476,53.34390000069094],[-6.326689999932955,53.34402000112558],[-6.32754999895798,53.34419000068568],[-6.328419999907042,53.34436000110624],[-6.329290000150601,53.34453000141484],[-6.330169999551902,53.344700000454864],[-6.330760000261525,53.34482000093698],[-6.3313799993566615,53.34494000097958],[-6.331980000256106,53.3450300002043],[-6.332179999900834,53.34505000098914]]},"properties":{"Route":"","Infrastructure type":"Bus lane (unclassified)","Length (m)":427.4,"Source":"NTA BikeLife Survey (2013-2021, published Feb 2021)"}},{"type":"Feature","geometry":{"type":"LineString","coordinates":[[-6.36947000054009,53.354410000664004],[-6.369620000482062,53.3544500010284],[-6.370359999243794,53.35463000092124],[-6.371020000079989,53.35478000063563],[-6.371680000138225,53.35495000114692]]},"properties":{"Route":"","Infrastructure type":"Bus lane (unclassified)","Length (m)":159.0,"Source":"NTA BikeLife Survey (2013-2021, published Feb 2021)"}},{"type":"Feature","geometry":{"type":"LineString","coordinates":[[-6.32141999981783,53.34311000124778],[-6.3217500006451885,53.343160000895345],[-6.322239999670209,53.34326000042606],[-6.322989999440041,53.343410000501954]]},"properties":{"Route":"","Infrastructure type":"Bus lane (unclassified)","Length (m)":109.8,"Source":"NTA BikeLife Survey (2013-2021, published Feb 2021)"}},{"type":"Feature","geometry":{"type":"LineString","coordinates":[[-6.196869999016599,53.29858000110657],[-6.1956500005767285,53.29891000088467]]},"properties":{"Route":"","Infrastructure type":"Bus lane (unclassified)","Length (m)":89.2,"Source":"NTA BikeLife Survey (2013-2021, published Feb 2021)"}},{"type":"Feature","geometry":{"type":"LineString","coordinates":[[-6.21516000005462,53.453320000115646],[-6.214949999805813,53.45347000086849],[-6.214759999835892,53.45360000072284],[-6.214519999920504,53.4537800010969]]},"properties":{"Route":"","Infrastructure type":"Bus lane (unclassified)","Length (m)":66.6,"Source":"NTA BikeLife Survey (2013-2021, published Feb 2021)"}},{"type":"Feature","geometry":{"type":"LineString","coordinates":[[-6.3223600000598275,53.34318000100069],[-6.323129999808216,53.343320000916584],[-6.323929999577228,53.3434800013011],[-6.324759999438628,53.34365000055847],[-6.325589999604844,53.34381000110662],[-6.326060000230476,53.34390000069094]]},"properties":{"Route":"","Infrastructure type":"Bus lane (unclassified)","Length (m)":259.1,"Source":"NTA BikeLife Survey (2013-2021, published Feb 2021)"}},{"type":"Feature","geometry":{"type":"LineString","coordinates":[[-6.368090000389301,53.35395000089702],[-6.368469999884443,53.354030001389894],[-6.3694299995384105,53.35426000048436],[-6.370060000394124,53.35441000097589],[-6.370950000556999,53.354630001326555],[-6.371839999254418,53.35485000124525]]},"properties":{"Route":"","Infrastructure type":"Bus lane (unclassified)","Length (m)":269.1,"Source":"NTA BikeLife Survey (2013-2021, published Feb 2021)"}},{"type":"Feature","geometry":{"type":"LineString","coordinates":[[-6.2992599992022615,53.38821000099757],[-6.299380000363029,53.38831000086056]]},"properties":{"Route":"","Infrastructure type":"Bus lane (unclassified)","Length (m)":13.7,"Source":"NTA BikeLife Survey (2013-2021, published Feb 2021)"}},{"type":"Feature","geometry":{"type":"LineString","coordinates":[[-6.191309999804369,53.30007000141203],[-6.190960000000889,53.30016000036465]]},"properties":{"Route":"","Infrastructure type":"Bus lane (unclassified)","Length (m)":25.4,"Source":"NTA BikeLife Survey (2013-2021, published Feb 2021)"}},{"type":"Feature","geometry":{"type":"LineString","coordinates":[[-6.202679999910505,53.3139800005766],[-6.202859999301088,53.314240000407494],[-6.20312999909254,53.31461000033173],[-6.203230000303349,53.31475000124583],[-6.203720000175877,53.31523000061881]]},"properties":{"Route":"","Infrastructure type":"Bus lane (unclassified)","Length (m)":155.8,"Source":"NTA BikeLife Survey (2013-2021, published Feb 2021)"}},{"type":"Feature","geometry":{"type":"LineString","coordinates":[[-6.218399999335388,53.32251000072368],[-6.218880000242625,53.32289000091172],[-6.2193200000281035,53.323190001048545],[-6.219879999800847,53.32353000108781],[-6.2208799999258675,53.32413000053211]]},"properties":{"Route":"","Infrastructure type":"Bus lane (unclassified)","Length (m)":244.9,"Source":"NTA BikeLife Survey (2013-2021, published Feb 2021)"}},{"type":"Feature","geometry":{"type":"LineString","coordinates":[[-6.218150000515219,53.32232000106584],[-6.218399999335388,53.32251000072368]]},"properties":{"Route":"","Infrastructure type":"Bus lane (unclassified)","Length (m)":26.9,"Source":"NTA BikeLife Survey (2013-2021, published Feb 2021)"}},{"type":"Feature","geometry":{"type":"LineString","coordinates":[[-6.2214999998740215,53.32449000106713],[-6.221650000174103,53.324570000701584]]},"properties":{"Route":"","Infrastructure type":"Bus lane (unclassified)","Length (m)":13.4,"Source":"NTA BikeLife Survey (2013-2021, published Feb 2021)"}},{"type":"Feature","geometry":{"type":"LineString","coordinates":[[-6.22343999991481,53.32565000078546],[-6.223690000632854,53.325840000683336],[-6.223979999297931,53.326090000339704]]},"properties":{"Route":"","Infrastructure type":"Bus lane (unclassified)","Length (m)":60.8,"Source":"NTA BikeLife Survey (2013-2021, published Feb 2021)"}},{"type":"Feature","geometry":{"type":"LineString","coordinates":[[-6.232870000240569,53.330120001029194],[-6.233210000161368,53.33042000038769],[-6.233540000348657,53.33068000069216],[-6.234250000201123,53.33126000027156],[-6.234689999218373,53.33160000048998]]},"properties":{"Route":"","Infrastructure type":"Bus lane (unclassified)","Length (m)":204.6,"Source":"NTA BikeLife Survey (2013-2021, published Feb 2021)"}},{"type":"Feature","geometry":{"type":"LineString","coordinates":[[-6.238150000372468,53.33616000049816],[-6.238479999523406,53.33641000055631],[-6.23903999991617,53.33677000081268],[-6.239780000617415,53.33725000103834],[-6.2401000001994635,53.33744000038906]]},"properties":{"Route":"","Infrastructure type":"Bus lane (unclassified)","Length (m)":192.9,"Source":"NTA BikeLife Survey (2013-2021, published Feb 2021)"}},{"type":"Feature","geometry":{"type":"LineString","coordinates":[[-6.2401999992161,53.337490000797466],[-6.240300000258107,53.337530000930265]]},"properties":{"Route":"","Infrastructure type":"Bus lane (unclassified)","Length (m)":8.0,"Source":"NTA BikeLife Survey (2013-2021, published Feb 2021)"}},{"type":"Feature","geometry":{"type":"LineString","coordinates":[[-6.250360000255667,53.341880001275406],[-6.250459999837224,53.34192000080027]]},"properties":{"Route":"","Infrastructure type":"Bus lane (unclassified)","Length (m)":8.0,"Source":"NTA BikeLife Survey (2013-2021, published Feb 2021)"}},{"type":"Feature","geometry":{"type":"LineString","coordinates":[[-6.25259000020154,53.34186000134313],[-6.252409999950659,53.341890000691926],[-6.252189999712456,53.34194000108812],[-6.252010000670954,53.3419900011434]]},"properties":{"Route":"","Infrastructure type":"Bus lane (unclassified)","Length (m)":41.3,"Source":"NTA BikeLife Survey (2013-2021, published Feb 2021)"}},{"type":"Feature","geometry":{"type":"LineString","coordinates":[[-6.310290000088002,53.34338000079777],[-6.309519999669134,53.343450000850616],[-6.308940000542189,53.34350000151592],[-6.308590000462104,53.343520000857104],[-6.308240000369473,53.34352000075433],[-6.307979999882908,53.343500001305195]]},"properties":{"Route":"","Infrastructure type":"Bus lane (unclassified)","Length (m)":155.1,"Source":"NTA BikeLife Survey (2013-2021, published Feb 2021)"}},{"type":"Feature","geometry":{"type":"LineString","coordinates":[[-6.390230000064581,53.34767000142206],[-6.39093999962449,53.34769000074812],[-6.392419999340047,53.347740000572486],[-6.392940000312429,53.347800001102165]]},"properties":{"Route":"","Infrastructure type":"Bus lane (unclassified)","Length (m)":181.3,"Source":"NTA BikeLife Survey (2013-2021, published Feb 2021)"}},{"type":"Feature","geometry":{"type":"LineString","coordinates":[[-6.255969999929933,53.33872000144842],[-6.2562600004856295,53.3387800011424]]},"properties":{"Route":"","Infrastructure type":"Bus lane (unclassified)","Length (m)":20.4,"Source":"NTA BikeLife Survey (2013-2021, published Feb 2021)"}},{"type":"Feature","geometry":{"type":"LineString","coordinates":[[-6.258849999477336,53.34316000098899],[-6.259050000615062,53.34321000121801],[-6.259159999943127,53.343260001051206]]},"properties":{"Route":"","Infrastructure type":"Bus lane (unclassified)","Length (m)":23.6,"Source":"NTA BikeLife Survey (2013-2021, published Feb 2021)"}},{"type":"Feature","geometry":{"type":"LineString","coordinates":[[-6.388799999649593,53.31054000124717],[-6.389130000746434,53.31087000119217],[-6.389620000536618,53.31144000083727],[-6.390219999767877,53.312240000898775],[-6.390420000677491,53.312490001047756]]},"properties":{"Route":"","Infrastructure type":"Bus lane (unclassified)","Length (m)":242.6,"Source":"NTA BikeLife Survey (2013-2021, published Feb 2021)"}},{"type":"Feature","geometry":{"type":"LineString","coordinates":[[-6.371680000138225,53.35495000114692],[-6.372309999838093,53.35511000039643]]},"properties":{"Route":"","Infrastructure type":"Bus lane (unclassified)","Length (m)":45.6,"Source":"NTA BikeLife Survey (2013-2021, published Feb 2021)"}},{"type":"Feature","geometry":{"type":"LineString","coordinates":[[-6.323989999465095,53.288830000649725],[-6.323499999857222,53.28901000116395],[-6.323010000086545,53.28914000062847],[-6.32255999964379,53.289240001227775],[-6.3219300004285595,53.28931000038775],[-6.321610000576035,53.28933000088755],[-6.321070000584574,53.28933000004298],[-6.319860000308431,53.289260000674815],[-6.319039999833984,53.28927000173135]]},"properties":{"Route":"","Infrastructure type":"Bus lane (unclassified)","Length (m)":342.0,"Source":"NTA BikeLife Survey (2013-2021, published Feb 2021)"}},{"type":"Feature","geometry":{"type":"LineString","coordinates":[[-6.3311900002124375,53.27530000077078],[-6.331249999913314,53.2755200014579],[-6.331249999960297,53.27562000055543]]},"properties":{"Route":"","Infrastructure type":"Bus lane (unclassified)","Length (m)":35.9,"Source":"NTA BikeLife Survey (2013-2021, published Feb 2021)"}},{"type":"Feature","geometry":{"type":"LineString","coordinates":[[-6.289929999135059,53.29061000082009],[-6.2896599995167,53.29105000100681]]},"properties":{"Route":"","Infrastructure type":"Bus lane (unclassified)","Length (m)":52.2,"Source":"NTA BikeLife Survey (2013-2021, published Feb 2021)"}},{"type":"Feature","geometry":{"type":"LineString","coordinates":[[-6.258510000836529,53.327880001351446],[-6.25862000070452,53.32824000037152]]},"properties":{"Route":"","Infrastructure type":"Bus lane (unclassified)","Length (m)":40.7,"Source":"NTA BikeLife Survey (2013-2021, published Feb 2021)"}},{"type":"Feature","geometry":{"type":"LineString","coordinates":[[-6.362609999755162,53.353170001354464],[-6.363339999736366,53.353210001233734],[-6.3638499995978375,53.3532500010552],[-6.364550000207159,53.35332000103155],[-6.365300000742048,53.35341000151651],[-6.366170000040951,53.353540001038766],[-6.366550000806818,53.353610000516454],[-6.367020000069624,53.35370000093105]]},"properties":{"Route":"","Infrastructure type":"Bus lane (unclassified)","Length (m)":300.3,"Source":"NTA BikeLife Survey (2013-2021, published Feb 2021)"}},{"type":"Feature","geometry":{"type":"LineString","coordinates":[[-6.358794174356339,53.35260559512339],[-6.358949999311805,53.35269000074796],[-6.359219999588057,53.352810000205366],[-6.359480000105803,53.3529100008325],[-6.359700000240367,53.35297000100175]]},"properties":{"Route":"","Infrastructure type":"Bus lane (unclassified)","Length (m)":73.1,"Source":"NTA BikeLife Survey (2013-2021, published Feb 2021)"}},{"type":"Feature","geometry":{"type":"LineString","coordinates":[[-6.358828352499363,53.35244708502715],[-6.35900999952383,53.35256000056752],[-6.359429999729206,53.35274000063525],[-6.359660000188693,53.352820000902824]]},"properties":{"Route":"","Infrastructure type":"Bus lane (unclassified)","Length (m)":69.6,"Source":"NTA BikeLife Survey (2013-2021, published Feb 2021)"}},{"type":"Feature","geometry":{"type":"LineString","coordinates":[[-6.4181500009519725,53.38860000095494],[-6.419700000034644,53.388900000940325],[-6.421469999086803,53.389230001022554],[-6.423209999788762,53.38953000033646],[-6.424849999395292,53.38982000111882],[-6.425970001064661,53.39004000030088]]},"properties":{"Route":"","Infrastructure type":"Bus lane (unclassified)","Length (m)":544.4,"Source":"NTA BikeLife Survey (2013-2021, published Feb 2021)"}},{"type":"Feature","geometry":{"type":"LineString","coordinates":[[-6.367249999554025,53.378960000585366],[-6.367329999943834,53.37904000085249],[-6.3677400001857976,53.3794700004571],[-6.367910000027667,53.379620001287876],[-6.36817999949026,53.37980000012029]]},"properties":{"Route":"","Infrastructure type":"Bus lane (unclassified)","Length (m)":112.5,"Source":"NTA BikeLife Survey (2013-2021, published Feb 2021)"}},{"type":"Feature","geometry":{"type":"LineString","coordinates":[[-6.367099999024041,53.37881000094619],[-6.367249999554025,53.378960000585366]]},"properties":{"Route":"","Infrastructure type":"Bus lane (unclassified)","Length (m)":19.5,"Source":"NTA BikeLife Survey (2013-2021, published Feb 2021)"}},{"type":"Feature","geometry":{"type":"LineString","coordinates":[[-6.3004399999202425,53.38903000116377],[-6.3015600000132395,53.38993000056624]]},"properties":{"Route":"","Infrastructure type":"Bus lane (unclassified)","Length (m)":124.8,"Source":"NTA BikeLife Survey (2013-2021, published Feb 2021)"}},{"type":"Feature","geometry":{"type":"LineString","coordinates":[[-6.355830000428127,53.35061000085821],[-6.356339999862259,53.35081000110648],[-6.356620000243608,53.35094000057442],[-6.356850000320036,53.35108000113033],[-6.357080000388915,53.35123000035664],[-6.357499999985791,53.35158000059759],[-6.3578800003668645,53.35192000066507]]},"properties":{"Route":"","Infrastructure type":"Bus lane (unclassified)","Length (m)":202.2,"Source":"NTA BikeLife Survey (2013-2021, published Feb 2021)"}},{"type":"Feature","geometry":{"type":"LineString","coordinates":[[-6.390619999474303,53.34779000075074],[-6.390400001019833,53.3478300008918],[-6.390249999707725,53.347880000359574],[-6.3901699992292516,53.34797000121381]]},"properties":{"Route":"","Infrastructure type":"Bus lane (unclassified)","Length (m)":38.1,"Source":"NTA BikeLife Survey (2013-2021, published Feb 2021)"}},{"type":"Feature","geometry":{"type":"LineString","coordinates":[[-6.219109999975366,53.45177000123258],[-6.21837000027075,53.45200000099783],[-6.217549999331032,53.45225000064755],[-6.2170999997242875,53.45239000050025],[-6.216640000121277,53.452570000691196],[-6.216179999977295,53.45277000108383],[-6.215790000270564,53.45297000098583],[-6.215349999728284,53.45320000151128],[-6.21516000005462,53.453320000115646]]},"properties":{"Route":"","Infrastructure type":"Bus lane (unclassified)","Length (m)":316.0,"Source":"NTA BikeLife Survey (2013-2021, published Feb 2021)"}},{"type":"Feature","geometry":{"type":"LineString","coordinates":[[-6.359700000240367,53.35297000100175],[-6.360070000242031,53.35306000152369],[-6.360640000121775,53.353160000333546],[-6.3612199997782675,53.35321000063744],[-6.361800000155562,53.3532400007884],[-6.362570000259966,53.35328000088004]]},"properties":{"Route":"","Infrastructure type":"Bus lane (unclassified)","Length (m)":195.4,"Source":"NTA BikeLife Survey (2013-2021, published Feb 2021)"}},{"type":"Feature","geometry":{"type":"LineString","coordinates":[[-6.3168600000118476,53.342900000754305],[-6.316259999774126,53.342940000926276],[-6.315839999387949,53.34297000079919]]},"properties":{"Route":"","Infrastructure type":"Bus lane (unclassified)","Length (m)":68.4,"Source":"NTA BikeLife Survey (2013-2021, published Feb 2021)"}},{"type":"Feature","geometry":{"type":"LineString","coordinates":[[-6.310829999697185,53.34341000065257],[-6.309879998958169,53.34350000096308]]},"properties":{"Route":"","Infrastructure type":"Bus lane (unclassified)","Length (m)":64.1,"Source":"NTA BikeLife Survey (2013-2021, published Feb 2021)"}},{"type":"Feature","geometry":{"type":"LineString","coordinates":[[-6.317550000263851,53.34296000040581],[-6.318199999560576,53.342920000193104],[-6.3191800009270525,53.34291000126951],[-6.320050000571247,53.34294000073039],[-6.320790000283181,53.34301000082907],[-6.32141999981783,53.34311000124778]]},"properties":{"Route":"","Infrastructure type":"Bus lane (unclassified)","Length (m)":260.1,"Source":"NTA BikeLife Survey (2013-2021, published Feb 2021)"}},{"type":"Feature","geometry":{"type":"LineString","coordinates":[[-6.243310000260629,53.357170001175085],[-6.242839999325899,53.3574700009322]]},"properties":{"Route":"","Infrastructure type":"Bus lane (unclassified)","Length (m)":45.8,"Source":"NTA BikeLife Survey (2013-2021, published Feb 2021)"}},{"type":"Feature","geometry":{"type":"LineString","coordinates":[[-6.243819999468377,53.35683000063202],[-6.243329999689316,53.35716000061347],[-6.243310000260629,53.357170001175085]]},"properties":{"Route":"","Infrastructure type":"Bus lane (unclassified)","Length (m)":50.9,"Source":"NTA BikeLife Survey (2013-2021, published Feb 2021)"}},{"type":"Feature","geometry":{"type":"LineString","coordinates":[[-6.197609999784511,53.374810001116685],[-6.196419998954181,53.375130001379176],[-6.195669999771408,53.37529000151094],[-6.194859999612743,53.37545000082756]]},"properties":{"Route":"","Infrastructure type":"Bus lane (unclassified)","Length (m)":196.6,"Source":"NTA BikeLife Survey (2013-2021, published Feb 2021)"}},{"type":"Feature","geometry":{"type":"LineString","coordinates":[[-6.367020000069624,53.35370000093105],[-6.367410000296221,53.35378000148029]]},"properties":{"Route":"","Infrastructure type":"Bus lane (unclassified)","Length (m)":27.5,"Source":"NTA BikeLife Survey (2013-2021, published Feb 2021)"}},{"type":"Feature","geometry":{"type":"LineString","coordinates":[[-6.265500000266291,53.38287000058118],[-6.265069999946189,53.38476000068535]]},"properties":{"Route":"","Infrastructure type":"Bus lane (unclassified)","Length (m)":212.3,"Source":"NTA BikeLife Survey (2013-2021, published Feb 2021)"}},{"type":"Feature","geometry":{"type":"LineString","coordinates":[[-6.458799999211469,53.35390000057009],[-6.459619999569301,53.354350000897774]]},"properties":{"Route":"","Infrastructure type":"Bus lane (unclassified)","Length (m)":74.1,"Source":"NTA BikeLife Survey (2013-2021, published Feb 2021)"}},{"type":"Feature","geometry":{"type":"LineString","coordinates":[[-6.4613499991119605,53.3553200015089],[-6.461690000603444,53.35551000108422]]},"properties":{"Route":"","Infrastructure type":"Bus lane (unclassified)","Length (m)":31.0,"Source":"NTA BikeLife Survey (2013-2021, published Feb 2021)"}},{"type":"Feature","geometry":{"type":"LineString","coordinates":[[-6.37898000038098,53.30391000081001],[-6.379320000656039,53.30413000150653]]},"properties":{"Route":"","Infrastructure type":"Bus lane (unclassified)","Length (m)":33.4,"Source":"NTA BikeLife Survey (2013-2021, published Feb 2021)"}},{"type":"Feature","geometry":{"type":"LineString","coordinates":[[-6.306749999518496,53.398590001221415],[-6.306970000297907,53.39886000065521]]},"properties":{"Route":"","Infrastructure type":"Bus lane (unclassified)","Length (m)":33.4,"Source":"NTA BikeLife Survey (2013-2021, published Feb 2021)"}},{"type":"Feature","geometry":{"type":"LineString","coordinates":[[-6.232320000623015,53.329650000983136],[-6.232490000399353,53.32978000022039]]},"properties":{"Route":"","Infrastructure type":"Bus lane (unclassified)","Length (m)":18.4,"Source":"NTA BikeLife Survey (2013-2021, published Feb 2021)"}},{"type":"Feature","geometry":{"type":"LineString","coordinates":[[-6.2478199998805755,53.34014000111013],[-6.248990000804059,53.34055000126963],[-6.2491400002058475,53.34060000075404]]},"properties":{"Route":"","Infrastructure type":"Bus lane (unclassified)","Length (m)":101.7,"Source":"NTA BikeLife Survey (2013-2021, published Feb 2021)"}},{"type":"Feature","geometry":{"type":"LineString","coordinates":[[-6.2071300004670995,53.3169900005471],[-6.207740000105405,53.31720000053843]]},"properties":{"Route":"","Infrastructure type":"Bus lane (unclassified)","Length (m)":46.9,"Source":"NTA BikeLife Survey (2013-2021, published Feb 2021)"}},{"type":"Feature","geometry":{"type":"LineString","coordinates":[[-6.441900000333955,53.351080001284025],[-6.441089999535806,53.35119000027104],[-6.4404599997304,53.351280000859006],[-6.439680000211788,53.3514200010632],[-6.438930000018511,53.35158000021321],[-6.43825999912465,53.3517300010502],[-6.437450000123138,53.351940000638955],[-6.43679999942163,53.35213000052301],[-6.436249999402941,53.35231000069998]]},"properties":{"Route":"","Infrastructure type":"Bus lane (unclassified)","Length (m)":402.0,"Source":"NTA BikeLife Survey (2013-2021, published Feb 2021)"}},{"type":"Feature","geometry":{"type":"LineString","coordinates":[[-6.317549999956558,53.342850001149834],[-6.318309999832618,53.34282000115972],[-6.319000000043086,53.342810000752664],[-6.319490000462565,53.34282000095168],[-6.320000000185931,53.34284000131684],[-6.3205099997454,53.342880001475635],[-6.321039999290644,53.342950000743],[-6.321509999391386,53.3430200002262]]},"properties":{"Route":"","Infrastructure type":"Bus lane (unclassified)","Length (m)":266.1,"Source":"NTA BikeLife Survey (2013-2021, published Feb 2021)"}},{"type":"Feature","geometry":{"type":"LineString","coordinates":[[-6.327640999901259,53.29200779950298],[-6.3268200004323445,53.292100000604094]]},"properties":{"Route":"","Infrastructure type":"Bus lane (unclassified)","Length (m)":55.7,"Source":"NTA BikeLife Survey (2013-2021, published Feb 2021)"}},{"type":"Feature","geometry":{"type":"LineString","coordinates":[[-6.305099999790191,53.34416000129805],[-6.304689999752043,53.34430000106429],[-6.304030000122837,53.34456000030212],[-6.303539999669961,53.34473000075142],[-6.303010000645882,53.34487000069829],[-6.302419999390255,53.34498000080952],[-6.301510000581012,53.345110001048454],[-6.301169999619544,53.34516000097091]]},"properties":{"Route":"","Infrastructure type":"Bus lane (unclassified)","Length (m)":287.2,"Source":"NTA BikeLife Survey (2013-2021, published Feb 2021)"}},{"type":"Feature","geometry":{"type":"LineString","coordinates":[[-6.260870000773206,53.3440800011074],[-6.260880000451114,53.344280001231695]]},"properties":{"Route":"","Infrastructure type":"Bus lane (unclassified)","Length (m)":22.3,"Source":"NTA BikeLife Survey (2013-2021, published Feb 2021)"}},{"type":"Feature","geometry":{"type":"LineString","coordinates":[[-6.45326000038878,53.35591000058601],[-6.451980000270851,53.35617000091053]]},"properties":{"Route":"","Infrastructure type":"Bus lane (unclassified)","Length (m)":90.0,"Source":"NTA BikeLife Survey (2013-2021, published Feb 2021)"}},{"type":"Feature","geometry":{"type":"LineString","coordinates":[[-6.304750000774681,53.39363000068487],[-6.304890000295244,53.39413000154277],[-6.304970000293308,53.394620000458715],[-6.305050000010422,53.39556000075957]]},"properties":{"Route":"","Infrastructure type":"Bus lane (unclassified)","Length (m)":216.0,"Source":"NTA BikeLife Survey (2013-2021, published Feb 2021)"}},{"type":"Feature","geometry":{"type":"LineString","coordinates":[[-6.2504299994334644,53.34435000117677],[-6.250719999540187,53.344420001695305],[-6.251490000080943,53.344570000977974]]},"properties":{"Route":"","Infrastructure type":"Bus lane (unclassified)","Length (m)":74.8,"Source":"NTA BikeLife Survey (2013-2021, published Feb 2021)"}},{"type":"Feature","geometry":{"type":"LineString","coordinates":[[-6.3268200004323445,53.292100000604094],[-6.326620000385691,53.29214000085189]]},"properties":{"Route":"","Infrastructure type":"Bus lane (unclassified)","Length (m)":14.1,"Source":"NTA BikeLife Survey (2013-2021, published Feb 2021)"}},{"type":"Feature","geometry":{"type":"LineString","coordinates":[[-6.461690000603444,53.35551000108422],[-6.462029999631279,53.355680000790116],[-6.4628499997481175,53.35606000087287],[-6.463430000213355,53.356320000258016],[-6.46440999930628,53.35673000084162]]},"properties":{"Route":"","Infrastructure type":"Bus lane (unclassified)","Length (m)":226.4,"Source":"NTA BikeLife Survey (2013-2021, published Feb 2021)"}},{"type":"Feature","geometry":{"type":"LineString","coordinates":[[-6.404090000631753,53.35727000144141],[-6.4049899995584,53.35749000047667],[-6.406100000788873,53.357760000556176]]},"properties":{"Route":"","Infrastructure type":"Bus lane (unclassified)","Length (m)":144.5,"Source":"NTA BikeLife Survey (2013-2021, published Feb 2021)"}},{"type":"Feature","geometry":{"type":"LineString","coordinates":[[-6.2559700000576335,53.34546000106694],[-6.256040000021774,53.34548000091513],[-6.256679999139128,53.345590001399515]]},"properties":{"Route":"","Infrastructure type":"Bus lane (unclassified)","Length (m)":49.5,"Source":"NTA BikeLife Survey (2013-2021, published Feb 2021)"}},{"type":"Feature","geometry":{"type":"LineString","coordinates":[[-6.4575999999896565,53.35517000059633],[-6.4567400003277005,53.35523000048398],[-6.456239999966087,53.35530000162139],[-6.454560001065446,53.35565000116798],[-6.45326000038878,53.35591000058601]]},"properties":{"Route":"","Infrastructure type":"Bus lane (unclassified)","Length (m)":301.5,"Source":"NTA BikeLife Survey (2013-2021, published Feb 2021)"}},{"type":"Feature","geometry":{"type":"LineString","coordinates":[[-6.259100000402165,53.34495000012113],[-6.258970000557011,53.3450500005266],[-6.258760000337598,53.34517000117076],[-6.25839000038527,53.345350001244846]]},"properties":{"Route":"","Infrastructure type":"Bus lane (unclassified)","Length (m)":65.2,"Source":"NTA BikeLife Survey (2013-2021, published Feb 2021)"}},{"type":"Feature","geometry":{"type":"LineString","coordinates":[[-6.352400000259833,53.370810000639146],[-6.353339999475988,53.371070000815905],[-6.353659999734054,53.37113000070724],[-6.3540699993800525,53.371170000648966],[-6.355090000500648,53.37118000095671]]},"properties":{"Route":"","Infrastructure type":"Bus lane (unclassified)","Length (m)":186.8,"Source":"NTA BikeLife Survey (2013-2021, published Feb 2021)"}},{"type":"Feature","geometry":{"type":"LineString","coordinates":[[-6.325980000812248,53.344000000771224],[-6.326700000458976,53.34412000107193],[-6.327540000573662,53.34429000063194],[-6.32839000027995,53.34447000048646],[-6.329299999830666,53.34465000123575],[-6.330190000054491,53.3448200008357],[-6.33109999937054,53.34500000122692],[-6.3317300003099515,53.3451000007702],[-6.332380000539513,53.34518000132535]]},"properties":{"Route":"","Infrastructure type":"Bus lane (unclassified)","Length (m)":446.4,"Source":"NTA BikeLife Survey (2013-2021, published Feb 2021)"}},{"type":"Feature","geometry":{"type":"LineString","coordinates":[[-6.259380000345975,53.34329000005937],[-6.259510000405867,53.34331000050497],[-6.259640000031699,53.34335000026546],[-6.260179999327416,53.34356000102566],[-6.260380000606541,53.34363000115817]]},"properties":{"Route":"","Infrastructure type":"Bus lane (unclassified)","Length (m)":77.0,"Source":"NTA BikeLife Survey (2013-2021, published Feb 2021)"}},{"type":"Feature","geometry":{"type":"LineString","coordinates":[[-6.28232999952776,53.3721100010422],[-6.28263000019969,53.372230000957245]]},"properties":{"Route":"","Infrastructure type":"Bus lane (unclassified)","Length (m)":24.0,"Source":"NTA BikeLife Survey (2013-2021, published Feb 2021)"}},{"type":"Feature","geometry":{"type":"LineString","coordinates":[[-6.261929999056745,53.35318000081997],[-6.2622199991700755,53.35337000078001]]},"properties":{"Route":"","Infrastructure type":"Bus lane (unclassified)","Length (m)":28.6,"Source":"NTA BikeLife Survey (2013-2021, published Feb 2021)"}},{"type":"Feature","geometry":{"type":"LineString","coordinates":[[-6.353110000704437,53.3501400008856],[-6.353610000439313,53.3502000003024],[-6.354500000007538,53.35031000111272],[-6.355100000616382,53.35041000096166],[-6.355429999570369,53.35049000031074],[-6.355830000428127,53.35061000085821]]},"properties":{"Route":"","Infrastructure type":"Bus lane (unclassified)","Length (m)":189.5,"Source":"NTA BikeLife Survey (2013-2021, published Feb 2021)"}},{"type":"Feature","geometry":{"type":"LineString","coordinates":[[-6.260880000451114,53.344280001231695],[-6.261269999527275,53.34428000146709],[-6.2616900001546245,53.3443100003642]]},"properties":{"Route":"","Infrastructure type":"Bus lane (unclassified)","Length (m)":54.1,"Source":"NTA BikeLife Survey (2013-2021, published Feb 2021)"}},{"type":"Feature","geometry":{"type":"LineString","coordinates":[[-6.451980000270851,53.35617000091053],[-6.451149999742333,53.356260000745706],[-6.4506400002644275,53.356340000519964]]},"properties":{"Route":"","Infrastructure type":"Bus lane (unclassified)","Length (m)":91.3,"Source":"NTA BikeLife Survey (2013-2021, published Feb 2021)"}},{"type":"Feature","geometry":{"type":"LineString","coordinates":[[-6.259089999451462,53.35677000103192],[-6.259820000068403,53.35748000092344],[-6.260769999718127,53.358430000644006]]},"properties":{"Route":"","Infrastructure type":"Bus lane (unclassified)","Length (m)":216.0,"Source":"NTA BikeLife Survey (2013-2021, published Feb 2021)"}},{"type":"Feature","geometry":{"type":"LineString","coordinates":[[-6.25996000035309,53.34434000102228],[-6.2598099995136804,53.3443500011196],[-6.259670000591313,53.3443900009596],[-6.259530000458496,53.34446000025954]]},"properties":{"Route":"","Infrastructure type":"Bus lane (unclassified)","Length (m)":32.5,"Source":"NTA BikeLife Survey (2013-2021, published Feb 2021)"}},{"type":"Feature","geometry":{"type":"LineString","coordinates":[[-6.358509999793041,53.371900000710646],[-6.359979999015976,53.37213000133873],[-6.360409999322452,53.37222000071193]]},"properties":{"Route":"","Infrastructure type":"Bus lane (unclassified)","Length (m)":131.5,"Source":"NTA BikeLife Survey (2013-2021, published Feb 2021)"}},{"type":"Feature","geometry":{"type":"LineString","coordinates":[[-6.2519699993252065,53.330720000738914],[-6.252159999407015,53.33106000116698]]},"properties":{"Route":"","Infrastructure type":"Bus lane (unclassified)","Length (m)":39.9,"Source":"NTA BikeLife Survey (2013-2021, published Feb 2021)"}},{"type":"Feature","geometry":{"type":"LineString","coordinates":[[-6.260849999959266,53.34385000115813],[-6.260859999642948,53.343920000769906],[-6.260870000773206,53.3440800011074]]},"properties":{"Route":"","Infrastructure type":"Bus lane (unclassified)","Length (m)":25.6,"Source":"NTA BikeLife Survey (2013-2021, published Feb 2021)"}},{"type":"Feature","geometry":{"type":"LineString","coordinates":[[-6.255769999453755,53.345410001135846],[-6.2559700000576335,53.34546000106694]]},"properties":{"Route":"","Infrastructure type":"Bus lane (unclassified)","Length (m)":14.4,"Source":"NTA BikeLife Survey (2013-2021, published Feb 2021)"}},{"type":"Feature","geometry":{"type":"LineString","coordinates":[[-6.306970000297907,53.39886000065521],[-6.307280000796951,53.39926000075131],[-6.308439999450777,53.40072000098561],[-6.309219999494043,53.40172000081133]]},"properties":{"Route":"","Infrastructure type":"Bus lane (unclassified)","Length (m)":351.7,"Source":"NTA BikeLife Survey (2013-2021, published Feb 2021)"}},{"type":"Feature","geometry":{"type":"LineString","coordinates":[[-6.259100000352516,53.34635000085362],[-6.259070000218826,53.34674000144663]]},"properties":{"Route":"","Infrastructure type":"Bus lane (unclassified)","Length (m)":43.4,"Source":"NTA BikeLife Survey (2013-2021, published Feb 2021)"}},{"type":"Feature","geometry":{"type":"LineString","coordinates":[[-6.259070000218826,53.34674000144663],[-6.259079999350555,53.34694000078428]]},"properties":{"Route":"","Infrastructure type":"Bus lane (unclassified)","Length (m)":22.3,"Source":"NTA BikeLife Survey (2013-2021, published Feb 2021)"}},{"type":"Feature","geometry":{"type":"LineString","coordinates":[[-6.259159999943127,53.343260001051206],[-6.259380000345975,53.34329000005937]]},"properties":{"Route":"","Infrastructure type":"Bus lane (unclassified)","Length (m)":15.0,"Source":"NTA BikeLife Survey (2013-2021, published Feb 2021)"}},{"type":"Feature","geometry":{"type":"LineString","coordinates":[[-6.252739999503147,53.34484000118229],[-6.2531799997565445,53.344930000501925]]},"properties":{"Route":"","Infrastructure type":"Bus lane (unclassified)","Length (m)":31.0,"Source":"NTA BikeLife Survey (2013-2021, published Feb 2021)"}},{"type":"Feature","geometry":{"type":"LineString","coordinates":[[-6.254410000465749,53.34516000138361],[-6.2551500007353384,53.345290001328685]]},"properties":{"Route":"","Infrastructure type":"Bus lane (unclassified)","Length (m)":51.4,"Source":"NTA BikeLife Survey (2013-2021, published Feb 2021)"}},{"type":"Feature","geometry":{"type":"LineString","coordinates":[[-6.252260000342783,53.344740001020234],[-6.2522999995981765,53.34475000112999],[-6.252739999503147,53.34484000118229]]},"properties":{"Route":"","Infrastructure type":"Bus lane (unclassified)","Length (m)":33.9,"Source":"NTA BikeLife Survey (2013-2021, published Feb 2021)"}},{"type":"Feature","geometry":{"type":"LineString","coordinates":[[-6.3498099995917965,53.37006000065464],[-6.350809999775187,53.370360000382796],[-6.352400000259833,53.370810000639146]]},"properties":{"Route":"","Infrastructure type":"Bus lane (unclassified)","Length (m)":191.5,"Source":"NTA BikeLife Survey (2013-2021, published Feb 2021)"}},{"type":"Feature","geometry":{"type":"LineString","coordinates":[[-6.2124599993807434,53.31870000011463],[-6.212599999787256,53.318790001192255],[-6.212689999793073,53.318900000355264]]},"properties":{"Route":"","Infrastructure type":"Bus lane (unclassified)","Length (m)":27.3,"Source":"NTA BikeLife Survey (2013-2021, published Feb 2021)"}},{"type":"Feature","geometry":{"type":"LineString","coordinates":[[-6.390420000677491,53.312490001047756],[-6.390660000436619,53.312780000517556]]},"properties":{"Route":"","Infrastructure type":"Bus lane (unclassified)","Length (m)":36.0,"Source":"NTA BikeLife Survey (2013-2021, published Feb 2021)"}},{"type":"Feature","geometry":{"type":"LineString","coordinates":[[-6.260319999460742,53.344310000410466],[-6.26000999953322,53.34434000129133],[-6.25996000035309,53.34434000102228]]},"properties":{"Route":"","Infrastructure type":"Bus lane (unclassified)","Length (m)":24.2,"Source":"NTA BikeLife Survey (2013-2021, published Feb 2021)"}},{"type":"Feature","geometry":{"type":"LineString","coordinates":[[-6.361850000785446,53.37278000056953],[-6.362560000086831,53.37304000049746]]},"properties":{"Route":"","Infrastructure type":"Bus lane (unclassified)","Length (m)":55.4,"Source":"NTA BikeLife Survey (2013-2021, published Feb 2021)"}},{"type":"Feature","geometry":{"type":"LineString","coordinates":[[-6.304660000091983,53.39342000073174],[-6.304750000774681,53.39363000068487]]},"properties":{"Route":"","Infrastructure type":"Bus lane (unclassified)","Length (m)":24.1,"Source":"NTA BikeLife Survey (2013-2021, published Feb 2021)"}},{"type":"Feature","geometry":{"type":"LineString","coordinates":[[-6.251490000080943,53.344570000977974],[-6.252260000342783,53.344740001020234]]},"properties":{"Route":"","Infrastructure type":"Bus lane (unclassified)","Length (m)":54.7,"Source":"NTA BikeLife Survey (2013-2021, published Feb 2021)"}},{"type":"Feature","geometry":{"type":"LineString","coordinates":[[-6.299380000363029,53.38831000086056],[-6.300279999642219,53.38906000153091]]},"properties":{"Route":"","Infrastructure type":"Bus lane (unclassified)","Length (m)":102.7,"Source":"NTA BikeLife Survey (2013-2021, published Feb 2021)"}},{"type":"Feature","geometry":{"type":"LineString","coordinates":[[-6.2551500007353384,53.345290001328685],[-6.255769999453755,53.345410001135846]]},"properties":{"Route":"","Infrastructure type":"Bus lane (unclassified)","Length (m)":43.4,"Source":"NTA BikeLife Survey (2013-2021, published Feb 2021)"}},{"type":"Feature","geometry":{"type":"LineString","coordinates":[[-6.259100000402165,53.34495000012113],[-6.259070000544285,53.3451900008036],[-6.259090000613751,53.34540000069356]]},"properties":{"Route":"","Infrastructure type":"Bus lane (unclassified)","Length (m)":50.2,"Source":"NTA BikeLife Survey (2013-2021, published Feb 2021)"}},{"type":"Feature","geometry":{"type":"LineString","coordinates":[[-6.25839000038527,53.345350001244846],[-6.258020000004204,53.34549000125602],[-6.257519999747323,53.34565000023078]]},"properties":{"Route":"","Infrastructure type":"Bus lane (unclassified)","Length (m)":66.9,"Source":"NTA BikeLife Survey (2013-2021, published Feb 2021)"}},{"type":"Feature","geometry":{"type":"LineString","coordinates":[[-6.2531799997565445,53.344930000501925],[-6.2532800005397755,53.34495000081564],[-6.25437000035552,53.345150001076554],[-6.254410000465749,53.34516000138361]]},"properties":{"Route":"","Infrastructure type":"Bus lane (unclassified)","Length (m)":85.8,"Source":"NTA BikeLife Survey (2013-2021, published Feb 2021)"}},{"type":"Feature","geometry":{"type":"LineString","coordinates":[[-6.259140000199123,53.345850000372124],[-6.259120000291796,53.3461200009745],[-6.259100000352516,53.34635000085362]]},"properties":{"Route":"","Infrastructure type":"Bus lane (unclassified)","Length (m)":55.7,"Source":"NTA BikeLife Survey (2013-2021, published Feb 2021)"}},{"type":"Feature","geometry":{"type":"LineString","coordinates":[[-6.249289999072816,53.34413000081881],[-6.24966999993853,53.34419000041091]]},"properties":{"Route":"","Infrastructure type":"Bus lane (unclassified)","Length (m)":26.2,"Source":"NTA BikeLife Survey (2013-2021, published Feb 2021)"}},{"type":"Feature","geometry":{"type":"LineString","coordinates":[[-6.260380000606541,53.34363000115817],[-6.260700000045381,53.34376000058688],[-6.260819999347094,53.343820001015494],[-6.260849999959266,53.34385000115813]]},"properties":{"Route":"","Infrastructure type":"Bus lane (unclassified)","Length (m)":40.1,"Source":"NTA BikeLife Survey (2013-2021, published Feb 2021)"}},{"type":"Feature","geometry":{"type":"LineString","coordinates":[[-6.260880000451114,53.344280001231695],[-6.260319999460742,53.344310000410466]]},"properties":{"Route":"","Infrastructure type":"Bus lane (unclassified)","Length (m)":37.4,"Source":"NTA BikeLife Survey (2013-2021, published Feb 2021)"}},{"type":"Feature","geometry":{"type":"LineString","coordinates":[[-6.203200000426844,53.29689000142289],[-6.202000000347128,53.29720000135834],[-6.201370000387188,53.29737000055291],[-6.200660000227021,53.297560000725234]]},"properties":{"Route":"","Infrastructure type":"Bus lane (unclassified)","Length (m)":185.0,"Source":"NTA BikeLife Survey (2013-2021, published Feb 2021)"}},{"type":"Feature","geometry":{"type":"LineString","coordinates":[[-6.225010000313435,53.450210001064754],[-6.2247000004215485,53.45028000064262],[-6.22430000055118,53.45036000072725],[-6.223890000249032,53.45049000123686],[-6.223449999662398,53.45062000083918],[-6.2229099995451636,53.45080000162558],[-6.222470000195169,53.45093000126536],[-6.222000000826163,53.45107000129985],[-6.22113000016059,53.451340001096675],[-6.220650000306537,53.451490000699906],[-6.220190000137556,53.45163000062813],[-6.219190000196906,53.4519200006819],[-6.218489999826102,53.45214000067458],[-6.217650000495693,53.452390001140024],[-6.217220000384054,53.45254000066371],[-6.216789999786669,53.45270000052681],[-6.216320000617717,53.452900001381394],[-6.2159299995024,53.45309000073901],[-6.215520000517708,53.453330000684616],[-6.215120000610845,53.45356000117796],[-6.2149199996937226,53.45372000128527],[-6.2148399999844095,53.4538200010023],[-6.214799999550568,53.45396000112107]]},"properties":{"Route":"","Infrastructure type":"Bus lane (unclassified)","Length (m)":810.3,"Source":"NTA BikeLife Survey (2013-2021, published Feb 2021)"}},{"type":"Feature","geometry":{"type":"LineString","coordinates":[[-6.218270304827121,53.309123243904686],[-6.219130952550679,53.309673734536624],[-6.219557187639444,53.30995530793312]]},"properties":{"Route":"","Infrastructure type":"Bus lane (unclassified)","Length (m)":126.2,"Source":"NTA BikeLife Survey (2013-2021, published Feb 2021)"}},{"type":"Feature","geometry":{"type":"LineString","coordinates":[[-6.216083812474059,53.30812847183754],[-6.216750506382137,53.308439280293044]]},"properties":{"Route":"","Infrastructure type":"Bus lane (unclassified)","Length (m)":56.3,"Source":"NTA BikeLife Survey (2013-2021, published Feb 2021)"}},{"type":"Feature","geometry":{"type":"LineString","coordinates":[[-6.235070001035158,53.32140000068027],[-6.2351499997307585,53.321460001256625]]},"properties":{"Route":"","Infrastructure type":"Bus lane (unclassified)","Length (m)":8.5,"Source":"NTA BikeLife Survey (2013-2021, published Feb 2021)"}},{"type":"Feature","geometry":{"type":"LineString","coordinates":[[-6.256600000152574,53.33886000135159],[-6.257090000155648,53.33900000014832]]},"properties":{"Route":"","Infrastructure type":"Bus lane (unclassified)","Length (m)":36.2,"Source":"NTA BikeLife Survey (2013-2021, published Feb 2021)"}},{"type":"Feature","geometry":{"type":"LineString","coordinates":[[-6.324529999892938,53.292610000605606],[-6.323539999353632,53.292840000061105],[-6.322780000572149,53.29301000070087],[-6.322190000074151,53.29313000139841],[-6.321650000234097,53.29327000041419],[-6.321189999797256,53.29339000036205],[-6.320839998956503,53.29350000144023]]},"properties":{"Route":"","Infrastructure type":"Bus lane (unclassified)","Length (m)":265.5,"Source":"NTA BikeLife Survey (2013-2021, published Feb 2021)"}},{"type":"Feature","geometry":{"type":"LineString","coordinates":[[-6.236199999619233,53.32207000105347],[-6.236379999302188,53.322100001077594],[-6.2366899990951525,53.32213000104245],[-6.236889999765032,53.322170000506404]]},"properties":{"Route":"","Infrastructure type":"Bus lane (unclassified)","Length (m)":47.4,"Source":"NTA BikeLife Survey (2013-2021, published Feb 2021)"}},{"type":"Feature","geometry":{"type":"LineString","coordinates":[[-6.236889999765032,53.322170000506404],[-6.2369899992423,53.32220000079657]]},"properties":{"Route":"","Infrastructure type":"Bus lane (unclassified)","Length (m)":7.5,"Source":"NTA BikeLife Survey (2013-2021, published Feb 2021)"}},{"type":"Feature","geometry":{"type":"LineString","coordinates":[[-6.21762999997752,53.30934000055885],[-6.217759999456148,53.30940000097563]]},"properties":{"Route":"","Infrastructure type":"Bus lane (unclassified)","Length (m)":10.9,"Source":"NTA BikeLife Survey (2013-2021, published Feb 2021)"}},{"type":"Feature","geometry":{"type":"LineString","coordinates":[[-6.2351499997307585,53.321460001256625],[-6.235519998810077,53.321730001062605],[-6.235770000982708,53.32189000087878],[-6.235979999385512,53.3220000005088],[-6.236199999619233,53.32207000105347]]},"properties":{"Route":"","Infrastructure type":"Bus lane (unclassified)","Length (m)":98.4,"Source":"NTA BikeLife Survey (2013-2021, published Feb 2021)"}},{"type":"Feature","geometry":{"type":"LineString","coordinates":[[-6.2347499993779865,53.32118000091909],[-6.235070001035158,53.32140000068027]]},"properties":{"Route":"","Infrastructure type":"Bus lane (unclassified)","Length (m)":32.5,"Source":"NTA BikeLife Survey (2013-2021, published Feb 2021)"}},{"type":"Feature","geometry":{"type":"LineString","coordinates":[[-6.251999999824909,53.331220000639895],[-6.252079999111846,53.33126000076267],[-6.252170000869993,53.33131000109058],[-6.252310000796991,53.33142000080174]]},"properties":{"Route":"","Infrastructure type":"Bus lane (unclassified)","Length (m)":30.5,"Source":"NTA BikeLife Survey (2013-2021, published Feb 2021)"}},{"type":"Feature","geometry":{"type":"LineString","coordinates":[[-6.248800000067026,53.329530000465276],[-6.249130000548703,53.32970000096531],[-6.249520000222937,53.32990000080843],[-6.249970000719925,53.3301300003151]]},"properties":{"Route":"","Infrastructure type":"Bus lane (unclassified)","Length (m)":102.6,"Source":"NTA BikeLife Survey (2013-2021, published Feb 2021)"}},{"type":"Feature","geometry":{"type":"LineString","coordinates":[[-6.246180000735512,53.32833000167226],[-6.246710000485026,53.328520000801355]]},"properties":{"Route":"","Infrastructure type":"Bus lane (unclassified)","Length (m)":41.2,"Source":"NTA BikeLife Survey (2013-2021, published Feb 2021)"}},{"type":"Feature","geometry":{"type":"LineString","coordinates":[[-6.245510000238251,53.32809000091946],[-6.246180000735512,53.32833000167226]]},"properties":{"Route":"","Infrastructure type":"Bus lane (unclassified)","Length (m)":52.0,"Source":"NTA BikeLife Survey (2013-2021, published Feb 2021)"}},{"type":"Feature","geometry":{"type":"LineString","coordinates":[[-6.2504199993419425,53.33035000053761],[-6.250909999495695,53.33061000128513],[-6.251030000584435,53.330680000570716],[-6.2511200007044545,53.33074000100226],[-6.251200000020954,53.33082000078572],[-6.251279999237009,53.33095000067749],[-6.2513899998522895,53.33110000119352],[-6.251439999937194,53.33115000083922],[-6.251480000108148,53.331180000868315],[-6.2515200000626345,53.33119000135464]]},"properties":{"Route":"","Infrastructure type":"Bus lane (unclassified)","Length (m)":121.4,"Source":"NTA BikeLife Survey (2013-2021, published Feb 2021)"}},{"type":"Feature","geometry":{"type":"LineString","coordinates":[[-6.249970000719925,53.3301300003151],[-6.2504199993419425,53.33035000053761]]},"properties":{"Route":"","Infrastructure type":"Bus lane (unclassified)","Length (m)":38.7,"Source":"NTA BikeLife Survey (2013-2021, published Feb 2021)"}},{"type":"Feature","geometry":{"type":"LineString","coordinates":[[-6.1103199994293,53.205970000690385],[-6.110440000085925,53.20603000144416]]},"properties":{"Route":"","Infrastructure type":"Bus lane (unclassified)","Length (m)":10.4,"Source":"NTA BikeLife Survey (2013-2021, published Feb 2021)"}},{"type":"Feature","geometry":{"type":"LineString","coordinates":[[-6.1214100001460885,53.22157000105333],[-6.122570000074684,53.222530000725385],[-6.123389999928539,53.223130000982465]]},"properties":{"Route":"","Infrastructure type":"Bus lane (unclassified)","Length (m)":218.3,"Source":"NTA BikeLife Survey (2013-2021, published Feb 2021)"}},{"type":"Feature","geometry":{"type":"LineString","coordinates":[[-6.329520000111957,53.28704000075906],[-6.329100000562397,53.28716000156405]]},"properties":{"Route":"","Infrastructure type":"Bus lane (unclassified)","Length (m)":31.0,"Source":"NTA BikeLife Survey (2013-2021, published Feb 2021)"}},{"type":"Feature","geometry":{"type":"LineString","coordinates":[[-6.162469999181503,53.402030000564],[-6.162620000867106,53.402600000762895]]},"properties":{"Route":"","Infrastructure type":"Bus lane (unclassified)","Length (m)":64.2,"Source":"NTA BikeLife Survey (2013-2021, published Feb 2021)"}},{"type":"Feature","geometry":{"type":"LineString","coordinates":[[-6.291320000428718,53.333480000925945],[-6.291069999903183,53.33364000040076],[-6.290849999754424,53.333770000901254]]},"properties":{"Route":"","Infrastructure type":"Bus lane (unclassified)","Length (m)":45.0,"Source":"NTA BikeLife Survey (2013-2021, published Feb 2021)"}},{"type":"Feature","geometry":{"type":"LineString","coordinates":[[-6.315509999528837,53.326180000734496],[-6.31511000012598,53.326310000341095],[-6.314789999824966,53.326390001095625]]},"properties":{"Route":"","Infrastructure type":"Bus lane (unclassified)","Length (m)":53.4,"Source":"NTA BikeLife Survey (2013-2021, published Feb 2021)"}},{"type":"Feature","geometry":{"type":"LineString","coordinates":[[-6.219690000049303,53.37476000126472],[-6.219489998927421,53.37494000155641],[-6.21927000054184,53.37513000084456],[-6.2190299993570575,53.375320000540455]]},"properties":{"Route":"","Infrastructure type":"Bus lane (unclassified)","Length (m)":76.3,"Source":"NTA BikeLife Survey (2013-2021, published Feb 2021)"}},{"type":"Feature","geometry":{"type":"LineString","coordinates":[[-6.328610000557368,53.27144000079935],[-6.32905999928571,53.27182000084812],[-6.329309999262672,53.272060000961076]]},"properties":{"Route":"","Infrastructure type":"Bus lane (unclassified)","Length (m)":83.4,"Source":"NTA BikeLife Survey (2013-2021, published Feb 2021)"}},{"type":"Feature","geometry":{"type":"LineString","coordinates":[[-6.302580000530589,53.29859000133944],[-6.302420000528193,53.29863000123035],[-6.302160000277718,53.2987100007619]]},"properties":{"Route":"","Infrastructure type":"Bus lane (unclassified)","Length (m)":31.0,"Source":"NTA BikeLife Survey (2013-2021, published Feb 2021)"}},{"type":"Feature","geometry":{"type":"LineString","coordinates":[[-6.2783500004720265,53.32515000085807],[-6.278239999521433,53.32558000102013],[-6.278110001096182,53.32604000056166]]},"properties":{"Route":"","Infrastructure type":"Bus lane (unclassified)","Length (m)":100.3,"Source":"NTA BikeLife Survey (2013-2021, published Feb 2021)"}},{"type":"Feature","geometry":{"type":"LineString","coordinates":[[-6.290470000750988,53.334030000390094],[-6.2904199990951,53.334080000940716]]},"properties":{"Route":"","Infrastructure type":"Bus lane (unclassified)","Length (m)":6.5,"Source":"NTA BikeLife Survey (2013-2021, published Feb 2021)"}},{"type":"Feature","geometry":{"type":"LineString","coordinates":[[-6.189710000401643,53.30049000067534],[-6.189280000871298,53.300590001214545],[-6.188869999737734,53.30070000050003]]},"properties":{"Route":"","Infrastructure type":"Bus lane (unclassified)","Length (m)":60.7,"Source":"NTA BikeLife Survey (2013-2021, published Feb 2021)"}},{"type":"Feature","geometry":{"type":"LineString","coordinates":[[-6.190250000387284,53.30035000020073],[-6.189710000401643,53.30049000067534]]},"properties":{"Route":"","Infrastructure type":"Bus lane (unclassified)","Length (m)":39.2,"Source":"NTA BikeLife Survey (2013-2021, published Feb 2021)"}},{"type":"Feature","geometry":{"type":"LineString","coordinates":[[-6.235819999780036,53.332880000721985],[-6.235849999696136,53.332920000401664],[-6.235979999755702,53.33313000067925]]},"properties":{"Route":"","Infrastructure type":"Bus lane (unclassified)","Length (m)":29.8,"Source":"NTA BikeLife Survey (2013-2021, published Feb 2021)"}},{"type":"Feature","geometry":{"type":"LineString","coordinates":[[-6.234979999410269,53.331830000803365],[-6.235129999423563,53.332010000692],[-6.235430000063804,53.332360000536184]]},"properties":{"Route":"","Infrastructure type":"Bus lane (unclassified)","Length (m)":66.2,"Source":"NTA BikeLife Survey (2013-2021, published Feb 2021)"}},{"type":"Feature","geometry":{"type":"LineString","coordinates":[[-6.252119999362264,53.341650000836076],[-6.252409999065848,53.34175000065046],[-6.25259000020154,53.34186000134313]]},"properties":{"Route":"","Infrastructure type":"Bus lane (unclassified)","Length (m)":39.4,"Source":"NTA BikeLife Survey (2013-2021, published Feb 2021)"}},{"type":"Feature","geometry":{"type":"LineString","coordinates":[[-6.272160000469657,53.314820000516214],[-6.2717599992354405,53.31539000075174]]},"properties":{"Route":"","Infrastructure type":"Bus lane (unclassified)","Length (m)":68.8,"Source":"NTA BikeLife Survey (2013-2021, published Feb 2021)"}},{"type":"Feature","geometry":{"type":"LineString","coordinates":[[-6.283379999422583,53.30573000046099],[-6.283689999457821,53.306760001514284]]},"properties":{"Route":"","Infrastructure type":"Bus lane (unclassified)","Length (m)":116.5,"Source":"NTA BikeLife Survey (2013-2021, published Feb 2021)"}},{"type":"Feature","geometry":{"type":"LineString","coordinates":[[-6.262109999476375,53.40084000085422],[-6.263130000817087,53.40101000141341],[-6.263830000606634,53.40109000105626]]},"properties":{"Route":"","Infrastructure type":"Bus lane (unclassified)","Length (m)":117.8,"Source":"NTA BikeLife Survey (2013-2021, published Feb 2021)"}},{"type":"Feature","geometry":{"type":"LineString","coordinates":[[-6.280259999790576,53.317090000679165],[-6.279929999228751,53.317460001201994]]},"properties":{"Route":"","Infrastructure type":"Bus lane (unclassified)","Length (m)":46.7,"Source":"NTA BikeLife Survey (2013-2021, published Feb 2021)"}},{"type":"Feature","geometry":{"type":"LineString","coordinates":[[-6.2788299997791235,53.31934000126764],[-6.278780000308535,53.31964000088329],[-6.278760000435524,53.31986000134654]]},"properties":{"Route":"","Infrastructure type":"Bus lane (unclassified)","Length (m)":58.1,"Source":"NTA BikeLife Survey (2013-2021, published Feb 2021)"}},{"type":"Feature","geometry":{"type":"LineString","coordinates":[[-6.236820000125427,53.36245000126038],[-6.236660000546293,53.362520000421405],[-6.236439999457696,53.362670001252255],[-6.23631000056267,53.36275000129714],[-6.236160000171533,53.36282000107851]]},"properties":{"Route":"","Infrastructure type":"Bus lane (unclassified)","Length (m)":60.5,"Source":"NTA BikeLife Survey (2013-2021, published Feb 2021)"}},{"type":"Feature","geometry":{"type":"LineString","coordinates":[[-6.296679999964875,53.34818000116779],[-6.298509999219827,53.34821000045264],[-6.2995400007558535,53.34823000094466]]},"properties":{"Route":"","Infrastructure type":"Bus lane (unclassified)","Length (m)":190.5,"Source":"NTA BikeLife Survey (2013-2021, published Feb 2021)"}},{"type":"Feature","geometry":{"type":"LineString","coordinates":[[-6.229330000608645,53.364800001175674],[-6.229229999602338,53.365240000821444],[-6.229130000364297,53.365470000810305],[-6.229009999267593,53.36570000048126],[-6.228900000647193,53.36589000120322]]},"properties":{"Route":"","Infrastructure type":"Bus lane (unclassified)","Length (m)":125.1,"Source":"NTA BikeLife Survey (2013-2021, published Feb 2021)"}},{"type":"Feature","geometry":{"type":"LineString","coordinates":[[-6.20605000093976,53.37096000161194],[-6.205250000523427,53.3710300006648]]},"properties":{"Route":"","Infrastructure type":"Bus lane (unclassified)","Length (m)":53.8,"Source":"NTA BikeLife Survey (2013-2021, published Feb 2021)"}},{"type":"Feature","geometry":{"type":"LineString","coordinates":[[-6.179330000336437,53.37940000118604],[-6.178940000365824,53.37954000115053]]},"properties":{"Route":"","Infrastructure type":"Bus lane (unclassified)","Length (m)":30.3,"Source":"NTA BikeLife Survey (2013-2021, published Feb 2021)"}},{"type":"Feature","geometry":{"type":"LineString","coordinates":[[-6.2208799999258675,53.32413000053211],[-6.2214999998740215,53.32449000106713]]},"properties":{"Route":"","Infrastructure type":"Bus lane (unclassified)","Length (m)":57.5,"Source":"NTA BikeLife Survey (2013-2021, published Feb 2021)"}},{"type":"Feature","geometry":{"type":"LineString","coordinates":[[-6.266519999997052,53.35460000131745],[-6.266279999387263,53.35484000093388],[-6.265919999627418,53.355270001010275]]},"properties":{"Route":"","Infrastructure type":"Bus lane (unclassified)","Length (m)":84.6,"Source":"NTA BikeLife Survey (2013-2021, published Feb 2021)"}},{"type":"Feature","geometry":{"type":"LineString","coordinates":[[-6.207370000152316,53.37063000111655],[-6.20695999944119,53.37082000089229]]},"properties":{"Route":"","Infrastructure type":"Bus lane (unclassified)","Length (m)":34.5,"Source":"NTA BikeLife Survey (2013-2021, published Feb 2021)"}},{"type":"Feature","geometry":{"type":"LineString","coordinates":[[-6.205250000523427,53.3710300006648],[-6.204900000265724,53.3710700007996]]},"properties":{"Route":"","Infrastructure type":"Bus lane (unclassified)","Length (m)":23.7,"Source":"NTA BikeLife Survey (2013-2021, published Feb 2021)"}},{"type":"Feature","geometry":{"type":"LineString","coordinates":[[-6.204900000265724,53.3710700007996],[-6.203590000594914,53.3712000006356],[-6.203209999493432,53.371250001047386]]},"properties":{"Route":"","Infrastructure type":"Bus lane (unclassified)","Length (m)":114.3,"Source":"NTA BikeLife Survey (2013-2021, published Feb 2021)"}},{"type":"Feature","geometry":{"type":"LineString","coordinates":[[-6.239999999955899,53.359680001129064],[-6.239630000666851,53.36001000068428],[-6.239300001017718,53.36034000060536]]},"properties":{"Route":"","Infrastructure type":"Bus lane (unclassified)","Length (m)":87.0,"Source":"NTA BikeLife Survey (2013-2021, published Feb 2021)"}},{"type":"Feature","geometry":{"type":"LineString","coordinates":[[-6.290299999184725,53.28978000081417],[-6.290180000806241,53.29009000005563],[-6.289929999135059,53.29061000082009]]},"properties":{"Route":"","Infrastructure type":"Bus lane (unclassified)","Length (m)":95.6,"Source":"NTA BikeLife Survey (2013-2021, published Feb 2021)"}},{"type":"Feature","geometry":{"type":"LineString","coordinates":[[-6.257770000207358,53.400120000965266],[-6.26031000040554,53.400570000674264]]},"properties":{"Route":"","Infrastructure type":"Bus lane (unclassified)","Length (m)":176.2,"Source":"NTA BikeLife Survey (2013-2021, published Feb 2021)"}},{"type":"Feature","geometry":{"type":"LineString","coordinates":[[-6.377920000266747,53.3026200006295],[-6.377390000789947,53.30289000109666]]},"properties":{"Route":"","Infrastructure type":"Bus lane (unclassified)","Length (m)":46.4,"Source":"NTA BikeLife Survey (2013-2021, published Feb 2021)"}},{"type":"Feature","geometry":{"type":"LineString","coordinates":[[-6.307790000098583,53.34827000104353],[-6.306889999475707,53.34832000112703]]},"properties":{"Route":"","Infrastructure type":"Bus lane (unclassified)","Length (m)":60.2,"Source":"NTA BikeLife Survey (2013-2021, published Feb 2021)"}},{"type":"Feature","geometry":{"type":"LineString","coordinates":[[-6.357830000567891,53.32593000144872],[-6.358390000545372,53.32605000107361]]},"properties":{"Route":"","Infrastructure type":"Bus lane (unclassified)","Length (m)":39.6,"Source":"NTA BikeLife Survey (2013-2021, published Feb 2021)"}},{"type":"Feature","geometry":{"type":"LineString","coordinates":[[-6.162200000107312,53.401060000797855],[-6.162469999181503,53.402030000564]]},"properties":{"Route":"","Infrastructure type":"Bus lane (unclassified)","Length (m)":109.4,"Source":"NTA BikeLife Survey (2013-2021, published Feb 2021)"}},{"type":"Feature","geometry":{"type":"LineString","coordinates":[[-6.1580900006825265,53.28082000070529],[-6.156840000111551,53.28096000097722]]},"properties":{"Route":"","Infrastructure type":"Bus lane (unclassified)","Length (m)":84.8,"Source":"NTA BikeLife Survey (2013-2021, published Feb 2021)"}},{"type":"Feature","geometry":{"type":"LineString","coordinates":[[-6.192550000641662,53.29973000064543],[-6.192030000516148,53.299880000439494],[-6.191309999804369,53.30007000141203]]},"properties":{"Route":"","Infrastructure type":"Bus lane (unclassified)","Length (m)":90.9,"Source":"NTA BikeLife Survey (2013-2021, published Feb 2021)"}},{"type":"Feature","geometry":{"type":"LineString","coordinates":[[-6.213600000091317,53.31938000123811],[-6.21451000003503,53.31991000092597]]},"properties":{"Route":"","Infrastructure type":"Bus lane (unclassified)","Length (m)":84.6,"Source":"NTA BikeLife Survey (2013-2021, published Feb 2021)"}},{"type":"Feature","geometry":{"type":"LineString","coordinates":[[-6.243260000487186,53.3331600005669],[-6.24395999957527,53.33343000079524],[-6.24445999940468,53.33363000126053],[-6.244829999240579,53.33380000078357],[-6.245199999779029,53.334030000450994]]},"properties":{"Route":"","Infrastructure type":"Bus lane (unclassified)","Length (m)":162.1,"Source":"NTA BikeLife Survey (2013-2021, published Feb 2021)"}},{"type":"Feature","geometry":{"type":"LineString","coordinates":[[-6.275340000772423,53.31179000072569],[-6.27460000036602,53.311920000700795]]},"properties":{"Route":"","Infrastructure type":"Bus lane (unclassified)","Length (m)":51.4,"Source":"NTA BikeLife Survey (2013-2021, published Feb 2021)"}},{"type":"Feature","geometry":{"type":"LineString","coordinates":[[-6.273469999972131,53.34320000123266],[-6.274099999623329,53.34330000062708]]},"properties":{"Route":"","Infrastructure type":"Bus lane (unclassified)","Length (m)":43.4,"Source":"NTA BikeLife Survey (2013-2021, published Feb 2021)"}},{"type":"Feature","geometry":{"type":"LineString","coordinates":[[-6.376860000192133,53.34446000014517],[-6.3785899993564765,53.344890000598895],[-6.378779999311035,53.34496000115613]]},"properties":{"Route":"","Infrastructure type":"Bus lane (unclassified)","Length (m)":139.6,"Source":"NTA BikeLife Survey (2013-2021, published Feb 2021)"}},{"type":"Feature","geometry":{"type":"LineString","coordinates":[[-6.265190000642079,53.360230001317056],[-6.266140000119534,53.36031000072555]]},"properties":{"Route":"","Infrastructure type":"Bus lane (unclassified)","Length (m)":63.9,"Source":"NTA BikeLife Survey (2013-2021, published Feb 2021)"}},{"type":"Feature","geometry":{"type":"LineString","coordinates":[[-6.266939999823065,53.354230000923174],[-6.266670000540997,53.35445000030752],[-6.266519999997052,53.35460000131745]]},"properties":{"Route":"","Infrastructure type":"Bus lane (unclassified)","Length (m)":49.8,"Source":"NTA BikeLife Survey (2013-2021, published Feb 2021)"}},{"type":"Feature","geometry":{"type":"LineString","coordinates":[[-6.285440000857062,53.34351000066572],[-6.285860000480176,53.3435300005197],[-6.28667999993192,53.34353000102666]]},"properties":{"Route":"","Infrastructure type":"Bus lane (unclassified)","Length (m)":82.7,"Source":"NTA BikeLife Survey (2013-2021, published Feb 2021)"}},{"type":"Feature","geometry":{"type":"LineString","coordinates":[[-6.241179999967629,53.34275000059489],[-6.241859999058335,53.34283000061068]]},"properties":{"Route":"","Infrastructure type":"Bus lane (unclassified)","Length (m)":46.2,"Source":"NTA BikeLife Survey (2013-2021, published Feb 2021)"}},{"type":"Feature","geometry":{"type":"LineString","coordinates":[[-6.279060000213991,53.32310000134719],[-6.278939999532841,53.32334000007559],[-6.278799999435416,53.32368000044334],[-6.278669999840579,53.32401000096619]]},"properties":{"Route":"","Infrastructure type":"Bus lane (unclassified)","Length (m)":104.6,"Source":"NTA BikeLife Survey (2013-2021, published Feb 2021)"}},{"type":"Feature","geometry":{"type":"LineString","coordinates":[[-6.240589999573642,53.40362000100687],[-6.240399999569955,53.403840001276286],[-6.240270000076339,53.40403000091223]]},"properties":{"Route":"","Infrastructure type":"Bus lane (unclassified)","Length (m)":50.4,"Source":"NTA BikeLife Survey (2013-2021, published Feb 2021)"}},{"type":"Feature","geometry":{"type":"LineString","coordinates":[[-6.195380000494172,53.29898000096635],[-6.194650000218173,53.299180000389526]]},"properties":{"Route":"","Infrastructure type":"Bus lane (unclassified)","Length (m)":53.5,"Source":"NTA BikeLife Survey (2013-2021, published Feb 2021)"}},{"type":"Feature","geometry":{"type":"LineString","coordinates":[[-6.24513999922261,53.328960000495655],[-6.244159999261758,53.33132000105095]]},"properties":{"Route":"","Infrastructure type":"Bus lane (unclassified)","Length (m)":270.6,"Source":"NTA BikeLife Survey (2013-2021, published Feb 2021)"}},{"type":"Feature","geometry":{"type":"LineString","coordinates":[[-6.217940000419625,53.32215000041173],[-6.218150000515219,53.32232000106584]]},"properties":{"Route":"","Infrastructure type":"Bus lane (unclassified)","Length (m)":23.5,"Source":"NTA BikeLife Survey (2013-2021, published Feb 2021)"}},{"type":"Feature","geometry":{"type":"LineString","coordinates":[[-6.330829999813824,53.274940000601056],[-6.330809999895046,53.275020000670686],[-6.330829999271749,53.27506000096566]]},"properties":{"Route":"","Infrastructure type":"Bus lane (unclassified)","Length (m)":13.6,"Source":"NTA BikeLife Survey (2013-2021, published Feb 2021)"}},{"type":"Feature","geometry":{"type":"LineString","coordinates":[[-6.274030000557516,53.31218000083084],[-6.273899999394399,53.312360001707155]]},"properties":{"Route":"","Infrastructure type":"Bus lane (unclassified)","Length (m)":21.8,"Source":"NTA BikeLife Survey (2013-2021, published Feb 2021)"}},{"type":"Feature","geometry":{"type":"LineString","coordinates":[[-6.278669999840579,53.32401000096619],[-6.278630000420467,53.32412000008305]]},"properties":{"Route":"","Infrastructure type":"Bus lane (unclassified)","Length (m)":12.5,"Source":"NTA BikeLife Survey (2013-2021, published Feb 2021)"}},{"type":"Feature","geometry":{"type":"LineString","coordinates":[[-6.283029999581403,53.31101000107039],[-6.282949999624901,53.31118000046319]]},"properties":{"Route":"","Infrastructure type":"Bus lane (unclassified)","Length (m)":19.7,"Source":"NTA BikeLife Survey (2013-2021, published Feb 2021)"}},{"type":"Feature","geometry":{"type":"LineString","coordinates":[[-6.282949999624901,53.31118000046319],[-6.282759999195303,53.311640000905406]]},"properties":{"Route":"","Infrastructure type":"Bus lane (unclassified)","Length (m)":52.7,"Source":"NTA BikeLife Survey (2013-2021, published Feb 2021)"}},{"type":"Feature","geometry":{"type":"LineString","coordinates":[[-6.278110001096182,53.32604000056166],[-6.27805999939062,53.3262700010566],[-6.27799999974804,53.32647000046802]]},"properties":{"Route":"","Infrastructure type":"Bus lane (unclassified)","Length (m)":48.4,"Source":"NTA BikeLife Survey (2013-2021, published Feb 2021)"}},{"type":"Feature","geometry":{"type":"LineString","coordinates":[[-6.280830000133744,53.2947900001416],[-6.281260000447725,53.29487000045775],[-6.281540000831893,53.29494000087277],[-6.2819400005122805,53.2950700007093],[-6.2822699995839795,53.29521000134332],[-6.282540000221287,53.29535000068904]]},"properties":{"Route":"","Infrastructure type":"Bus lane (unclassified)","Length (m)":131.4,"Source":"NTA BikeLife Survey (2013-2021, published Feb 2021)"}},{"type":"Feature","geometry":{"type":"LineString","coordinates":[[-6.405429999761302,53.348760000967616],[-6.405370000410106,53.3489400010319],[-6.4050299991693,53.34981000103271],[-6.404719999632969,53.35069000114159],[-6.4045200010760395,53.35137000082422]]},"properties":{"Route":"","Infrastructure type":"Bus lane (unclassified)","Length (m)":296.8,"Source":"NTA BikeLife Survey (2013-2021, published Feb 2021)"}},{"type":"Feature","geometry":{"type":"LineString","coordinates":[[-6.218789999546057,53.375490000291315],[-6.218140000513699,53.37586000097811]]},"properties":{"Route":"","Infrastructure type":"Bus lane (unclassified)","Length (m)":59.7,"Source":"NTA BikeLife Survey (2013-2021, published Feb 2021)"}},{"type":"Feature","geometry":{"type":"LineString","coordinates":[[-6.265460000182279,53.35580000130652],[-6.2652700000969705,53.35603000026498]]},"properties":{"Route":"","Infrastructure type":"Bus lane (unclassified)","Length (m)":28.6,"Source":"NTA BikeLife Survey (2013-2021, published Feb 2021)"}},{"type":"Feature","geometry":{"type":"LineString","coordinates":[[-6.272560000024604,53.36278000088734],[-6.272420000112915,53.3630900005641]]},"properties":{"Route":"","Infrastructure type":"Bus lane (unclassified)","Length (m)":35.7,"Source":"NTA BikeLife Survey (2013-2021, published Feb 2021)"}},{"type":"Feature","geometry":{"type":"LineString","coordinates":[[-6.215490000037921,53.37732000095985],[-6.214940000448699,53.3776800009142],[-6.21471000092202,53.377820001356966],[-6.214499999566372,53.37792000134917],[-6.213810000134529,53.378190001262716],[-6.213200000701021,53.3784100012428]]},"properties":{"Route":"","Infrastructure type":"Bus lane (unclassified)","Length (m)":196.3,"Source":"NTA BikeLife Survey (2013-2021, published Feb 2021)"}},{"type":"Feature","geometry":{"type":"LineString","coordinates":[[-6.224839999416426,53.326990001026715],[-6.224979999619323,53.3271200016177],[-6.225180000839806,53.32726000073695],[-6.225369999750786,53.327360000670396],[-6.2255999998304015,53.327460000315256]]},"properties":{"Route":"","Infrastructure type":"Bus lane (unclassified)","Length (m)":73.5,"Source":"NTA BikeLife Survey (2013-2021, published Feb 2021)"}},{"type":"Feature","geometry":{"type":"LineString","coordinates":[[-6.321119999871066,53.32483000053589],[-6.320359999668778,53.32486000121511],[-6.319830000118419,53.32488000109379]]},"properties":{"Route":"","Infrastructure type":"Bus lane (unclassified)","Length (m)":86.1,"Source":"NTA BikeLife Survey (2013-2021, published Feb 2021)"}},{"type":"Feature","geometry":{"type":"LineString","coordinates":[[-6.294789999914435,53.331500000836535],[-6.293869999579525,53.33186000133829]]},"properties":{"Route":"","Infrastructure type":"Bus lane (unclassified)","Length (m)":73.2,"Source":"NTA BikeLife Survey (2013-2021, published Feb 2021)"}},{"type":"Feature","geometry":{"type":"LineString","coordinates":[[-6.363770000124489,53.32676000066333],[-6.364950000853863,53.326890000778256],[-6.366140000394328,53.327030000338404],[-6.366610000239776,53.327080000743805]]},"properties":{"Route":"","Infrastructure type":"Bus lane (unclassified)","Length (m)":192.5,"Source":"NTA BikeLife Survey (2013-2021, published Feb 2021)"}},{"type":"Feature","geometry":{"type":"LineString","coordinates":[[-6.264249999006168,53.34421000035704],[-6.264219999587179,53.34421000072607],[-6.2637899997791155,53.34422000074736]]},"properties":{"Route":"","Infrastructure type":"Bus lane (unclassified)","Length (m)":30.7,"Source":"NTA BikeLife Survey (2013-2021, published Feb 2021)"}},{"type":"Feature","geometry":{"type":"LineString","coordinates":[[-6.319830000118419,53.32488000109379],[-6.319129999486749,53.324920000578366],[-6.318519999489315,53.32497000107297]]},"properties":{"Route":"","Infrastructure type":"Bus lane (unclassified)","Length (m)":87.9,"Source":"NTA BikeLife Survey (2013-2021, published Feb 2021)"}},{"type":"Feature","geometry":{"type":"LineString","coordinates":[[-6.40211000051195,53.3176500009756],[-6.402660000637675,53.31778000125582],[-6.40299000009179,53.31788000075277],[-6.4035900000547255,53.31810000112017],[-6.40409999942023,53.31834000140444],[-6.404300000672718,53.318450000626335],[-6.404790000750884,53.318780000962654]]},"properties":{"Route":"","Infrastructure type":"Bus lane (unclassified)","Length (m)":221.4,"Source":"NTA BikeLife Survey (2013-2021, published Feb 2021)"}},{"type":"Feature","geometry":{"type":"LineString","coordinates":[[-6.248199999126113,53.37767000126307],[-6.2479899992615415,53.37788000109375],[-6.247780000575091,53.378140000411165],[-6.247470000583258,53.378490000956695],[-6.247089999670007,53.378920000228206],[-6.246929998856687,53.379110001535224]]},"properties":{"Route":"","Infrastructure type":"Bus lane (unclassified)","Length (m)":181.2,"Source":"NTA BikeLife Survey (2013-2021, published Feb 2021)"}},{"type":"Feature","geometry":{"type":"LineString","coordinates":[[-6.266780001129691,53.291630000212876],[-6.2666100004749605,53.2916300008083],[-6.266449999410714,53.29164000117946]]},"properties":{"Route":"","Infrastructure type":"Bus lane (unclassified)","Length (m)":22.1,"Source":"NTA BikeLife Survey (2013-2021, published Feb 2021)"}},{"type":"Feature","geometry":{"type":"LineString","coordinates":[[-6.16804999986861,53.27130000124312],[-6.1683399997357,53.271410000336765],[-6.168550000051017,53.27148000117686]]},"properties":{"Route":"","Infrastructure type":"Bus lane (unclassified)","Length (m)":38.9,"Source":"NTA BikeLife Survey (2013-2021, published Feb 2021)"}},{"type":"Feature","geometry":{"type":"LineString","coordinates":[[-6.241069999742896,53.358690001122014],[-6.240989999341807,53.35876000057783]]},"properties":{"Route":"","Infrastructure type":"Bus lane (unclassified)","Length (m)":9.4,"Source":"NTA BikeLife Survey (2013-2021, published Feb 2021)"}},{"type":"Feature","geometry":{"type":"LineString","coordinates":[[-6.230549999118546,53.36430000106851],[-6.230199999245664,53.36432000086302]]},"properties":{"Route":"","Infrastructure type":"Bus lane (unclassified)","Length (m)":23.4,"Source":"NTA BikeLife Survey (2013-2021, published Feb 2021)"}},{"type":"Feature","geometry":{"type":"LineString","coordinates":[[-6.212689999793073,53.318900000355264],[-6.213600000091317,53.31938000123811]]},"properties":{"Route":"","Infrastructure type":"Bus lane (unclassified)","Length (m)":80.8,"Source":"NTA BikeLife Survey (2013-2021, published Feb 2021)"}},{"type":"Feature","geometry":{"type":"LineString","coordinates":[[-6.264710000390713,53.35661000069034],[-6.264459999976188,53.35686000153894]]},"properties":{"Route":"","Infrastructure type":"Bus lane (unclassified)","Length (m)":32.4,"Source":"NTA BikeLife Survey (2013-2021, published Feb 2021)"}},{"type":"Feature","geometry":{"type":"LineString","coordinates":[[-6.258310000707379,53.340960001265685],[-6.258209999583447,53.341280001574084]]},"properties":{"Route":"","Infrastructure type":"Bus lane (unclassified)","Length (m)":36.2,"Source":"NTA BikeLife Survey (2013-2021, published Feb 2021)"}},{"type":"Feature","geometry":{"type":"LineString","coordinates":[[-6.251010000359775,53.349870000501014],[-6.250280000762016,53.35102000100035]]},"properties":{"Route":"","Infrastructure type":"Bus lane (unclassified)","Length (m)":136.9,"Source":"NTA BikeLife Survey (2013-2021, published Feb 2021)"}},{"type":"Feature","geometry":{"type":"LineString","coordinates":[[-6.277140000315677,53.32762000131929],[-6.276830000505773,53.32798000161954]]},"properties":{"Route":"","Infrastructure type":"Bus lane (unclassified)","Length (m)":45.1,"Source":"NTA BikeLife Survey (2013-2021, published Feb 2021)"}},{"type":"Feature","geometry":{"type":"LineString","coordinates":[[-6.272149999597551,53.363620001011675],[-6.272049999887042,53.36380000068256]]},"properties":{"Route":"","Infrastructure type":"Bus lane (unclassified)","Length (m)":21.1,"Source":"NTA BikeLife Survey (2013-2021, published Feb 2021)"}},{"type":"Feature","geometry":{"type":"LineString","coordinates":[[-6.246929998856687,53.379110001535224],[-6.246849999227703,53.379210000845895],[-6.246529999390853,53.37959000084562],[-6.2462500002499635,53.37991000088095],[-6.246009999714719,53.380210000882236],[-6.245699999000871,53.38055000124976],[-6.245520000947647,53.38081000169842],[-6.245379999502179,53.38104000072499]]},"properties":{"Route":"","Infrastructure type":"Bus lane (unclassified)","Length (m)":238.5,"Source":"NTA BikeLife Survey (2013-2021, published Feb 2021)"}},{"type":"Feature","geometry":{"type":"LineString","coordinates":[[-6.271649999856366,53.36550000135572],[-6.271550000490429,53.36564000008654],[-6.2714799996663375,53.365760000672736]]},"properties":{"Route":"","Infrastructure type":"Bus lane (unclassified)","Length (m)":31.1,"Source":"NTA BikeLife Survey (2013-2021, published Feb 2021)"}},{"type":"Feature","geometry":{"type":"LineString","coordinates":[[-6.170540000410836,53.28729000093695],[-6.17078000004172,53.28744000045898],[-6.17128000055007,53.28779000029416]]},"properties":{"Route":"","Infrastructure type":"Bus lane (unclassified)","Length (m)":74.4,"Source":"NTA BikeLife Survey (2013-2021, published Feb 2021)"}},{"type":"Feature","geometry":{"type":"LineString","coordinates":[[-6.226800001081319,53.39781000066755],[-6.226660000716498,53.39782000097938]]},"properties":{"Route":"","Infrastructure type":"Bus lane (unclassified)","Length (m)":9.4,"Source":"NTA BikeLife Survey (2013-2021, published Feb 2021)"}},{"type":"Feature","geometry":{"type":"LineString","coordinates":[[-6.271949999193884,53.364040000142744],[-6.271870000517704,53.36422000077806],[-6.271859999892186,53.364260000284496]]},"properties":{"Route":"","Infrastructure type":"Bus lane (unclassified)","Length (m)":25.2,"Source":"NTA BikeLife Survey (2013-2021, published Feb 2021)"}},{"type":"Feature","geometry":{"type":"LineString","coordinates":[[-6.2507699993712915,53.34200000089739],[-6.2506900004304216,53.34200000087788],[-6.250620000490355,53.34202000131057],[-6.2505599991734915,53.34208000170331]]},"properties":{"Route":"","Infrastructure type":"Bus lane (unclassified)","Length (m)":18.3,"Source":"NTA BikeLife Survey (2013-2021, published Feb 2021)"}},{"type":"Feature","geometry":{"type":"LineString","coordinates":[[-6.357010000231688,53.325650000868116],[-6.357830000567891,53.32593000144872]]},"properties":{"Route":"","Infrastructure type":"Bus lane (unclassified)","Length (m)":62.9,"Source":"NTA BikeLife Survey (2013-2021, published Feb 2021)"}},{"type":"Feature","geometry":{"type":"LineString","coordinates":[[-6.379530000541546,53.34550000029042],[-6.379619999222826,53.345630000245364]]},"properties":{"Route":"","Infrastructure type":"Bus lane (unclassified)","Length (m)":15.7,"Source":"NTA BikeLife Survey (2013-2021, published Feb 2021)"}},{"type":"Feature","geometry":{"type":"LineString","coordinates":[[-6.2825299995011,53.346880000334565],[-6.282430000040103,53.347170001203395]]},"properties":{"Route":"","Infrastructure type":"Bus lane (unclassified)","Length (m)":33.0,"Source":"NTA BikeLife Survey (2013-2021, published Feb 2021)"}},{"type":"Feature","geometry":{"type":"LineString","coordinates":[[-6.113750000094872,53.207390001008505],[-6.11410000106287,53.20771000080935]]},"properties":{"Route":"","Infrastructure type":"Bus lane (unclassified)","Length (m)":42.6,"Source":"NTA BikeLife Survey (2013-2021, published Feb 2021)"}},{"type":"Feature","geometry":{"type":"LineString","coordinates":[[-6.244710000451552,53.356240000564505],[-6.244450000774858,53.3564200006017]]},"properties":{"Route":"","Infrastructure type":"Bus lane (unclassified)","Length (m)":26.5,"Source":"NTA BikeLife Survey (2013-2021, published Feb 2021)"}},{"type":"Feature","geometry":{"type":"LineString","coordinates":[[-6.252540000215956,53.37260000095024],[-6.25232999937357,53.37290000060296],[-6.252159999289324,53.37318000120938],[-6.252039999427486,53.37341000064953]]},"properties":{"Route":"","Infrastructure type":"Bus lane (unclassified)","Length (m)":96.2,"Source":"NTA BikeLife Survey (2013-2021, published Feb 2021)"}},{"type":"Feature","geometry":{"type":"LineString","coordinates":[[-6.234689999218373,53.33160000048998],[-6.234979999410269,53.331830000803365]]},"properties":{"Route":"","Infrastructure type":"Bus lane (unclassified)","Length (m)":32.1,"Source":"NTA BikeLife Survey (2013-2021, published Feb 2021)"}},{"type":"Feature","geometry":{"type":"LineString","coordinates":[[-6.262390000578233,53.3442800007073],[-6.261869999825743,53.344300000823196],[-6.261820000674831,53.344300001334055]]},"properties":{"Route":"","Infrastructure type":"Bus lane (unclassified)","Length (m)":38.0,"Source":"NTA BikeLife Survey (2013-2021, published Feb 2021)"}},{"type":"Feature","geometry":{"type":"LineString","coordinates":[[-6.236789999666869,53.342230001450126],[-6.237210000011182,53.342280000954716]]},"properties":{"Route":"","Infrastructure type":"Bus lane (unclassified)","Length (m)":28.5,"Source":"NTA BikeLife Survey (2013-2021, published Feb 2021)"}},{"type":"Feature","geometry":{"type":"LineString","coordinates":[[-6.276210000197125,53.32868000127355],[-6.2760099995305,53.32893000062016]]},"properties":{"Route":"","Infrastructure type":"Bus lane (unclassified)","Length (m)":30.8,"Source":"NTA BikeLife Survey (2013-2021, published Feb 2021)"}},{"type":"Feature","geometry":{"type":"LineString","coordinates":[[-6.404780000330294,53.32466000140025],[-6.404899999999359,53.32471000082043]]},"properties":{"Route":"","Infrastructure type":"Bus lane (unclassified)","Length (m)":9.7,"Source":"NTA BikeLife Survey (2013-2021, published Feb 2021)"}},{"type":"Feature","geometry":{"type":"LineString","coordinates":[[-6.33646000027028,53.28472000065567],[-6.335779998975476,53.28488000098432],[-6.335360000002097,53.28499000102577],[-6.334949999316943,53.28515000069948],[-6.33446000007693,53.285370000626685]]},"properties":{"Route":"","Infrastructure type":"Bus lane (unclassified)","Length (m)":152.8,"Source":"NTA BikeLife Survey (2013-2021, published Feb 2021)"}},{"type":"Feature","geometry":{"type":"LineString","coordinates":[[-6.259730000039957,53.3613900006956],[-6.25970000019596,53.361440000767566]]},"properties":{"Route":"","Infrastructure type":"Bus lane (unclassified)","Length (m)":5.9,"Source":"NTA BikeLife Survey (2013-2021, published Feb 2021)"}},{"type":"Feature","geometry":{"type":"LineString","coordinates":[[-6.446760001129921,53.33532000047739],[-6.444550000006013,53.33522000081688],[-6.439899999478393,53.33503000055072],[-6.437549999662056,53.33495000030945],[-6.436569999442366,53.334980001581954],[-6.4360700001448645,53.335060001650454],[-6.43500999965717,53.335300000708656],[-6.4344100006052765,53.33551000069472],[-6.433739999940499,53.33586000004298],[-6.433219999954886,53.33621000092473],[-6.432660000258194,53.336710000803784],[-6.4320100007771055,53.33716000107954],[-6.431379999809592,53.33749000084741],[-6.430879999455373,53.33764000051166],[-6.430260000656207,53.33774000055732]]},"properties":{"Route":"","Infrastructure type":"Bus lane (unclassified)","Length (m)":1216.9,"Source":"NTA BikeLife Survey (2013-2021, published Feb 2021)"}},{"type":"Feature","geometry":{"type":"LineString","coordinates":[[-6.349850000683504,53.32471000088545],[-6.348409999816487,53.32523000147008],[-6.347280000030206,53.32562000097275]]},"properties":{"Route":"","Infrastructure type":"Bus lane (unclassified)","Length (m)":199.0,"Source":"NTA BikeLife Survey (2013-2021, published Feb 2021)"}},{"type":"Feature","geometry":{"type":"LineString","coordinates":[[-6.4092900000383475,53.32243000056329],[-6.408270000504102,53.32275000095416],[-6.40776000007974,53.3229300010379],[-6.407420000298133,53.32302000110506],[-6.4070799990919465,53.32304000110248]]},"properties":{"Route":"","Infrastructure type":"Bus lane (unclassified)","Length (m)":163.7,"Source":"NTA BikeLife Survey (2013-2021, published Feb 2021)"}},{"type":"Feature","geometry":{"type":"LineString","coordinates":[[-6.258080000669246,53.33928000102962],[-6.258650000141662,53.33944000140737]]},"properties":{"Route":"","Infrastructure type":"Bus lane (unclassified)","Length (m)":41.9,"Source":"NTA BikeLife Survey (2013-2021, published Feb 2021)"}},{"type":"Feature","geometry":{"type":"LineString","coordinates":[[-6.162629999920685,53.40265000128193],[-6.162880000000812,53.40351000117432]]},"properties":{"Route":"","Infrastructure type":"Bus lane (unclassified)","Length (m)":97.1,"Source":"NTA BikeLife Survey (2013-2021, published Feb 2021)"}},{"type":"Feature","geometry":{"type":"LineString","coordinates":[[-6.362570000259966,53.35328000088004],[-6.363040000970565,53.353300000802804],[-6.363479999663022,53.353330000853596],[-6.364039999624975,53.353380000725984],[-6.3648500006257285,53.353470000658874],[-6.365639999140665,53.353580000642374],[-6.3663899998935385,53.35371000055483],[-6.3669600008424805,53.35382000138964]]},"properties":{"Route":"","Infrastructure type":"Bus lane (unclassified)","Length (m)":299.3,"Source":"NTA BikeLife Survey (2013-2021, published Feb 2021)"}},{"type":"Feature","geometry":{"type":"LineString","coordinates":[[-6.25862000070452,53.32824000037152],[-6.258720000345051,53.32849000022578]]},"properties":{"Route":"","Infrastructure type":"Bus lane (unclassified)","Length (m)":28.6,"Source":"NTA BikeLife Survey (2013-2021, published Feb 2021)"}},{"type":"Feature","geometry":{"type":"LineString","coordinates":[[-6.25866999914268,53.33977000113148],[-6.258589999676387,53.33995000077625],[-6.258540000390575,53.34019000079314]]},"properties":{"Route":"","Infrastructure type":"Bus lane (unclassified)","Length (m)":47.6,"Source":"NTA BikeLife Survey (2013-2021, published Feb 2021)"}},{"type":"Feature","geometry":{"type":"LineString","coordinates":[[-6.263820000238577,53.292390001341246],[-6.26285000043109,53.29272000107581],[-6.262239999878104,53.29293000125043]]},"properties":{"Route":"","Infrastructure type":"Bus lane (unclassified)","Length (m)":121.3,"Source":"NTA BikeLife Survey (2013-2021, published Feb 2021)"}},{"type":"Feature","geometry":{"type":"LineString","coordinates":[[-6.2190299993570575,53.375320000540455],[-6.218789999546057,53.375490000291315]]},"properties":{"Route":"","Infrastructure type":"Bus lane (unclassified)","Length (m)":24.8,"Source":"NTA BikeLife Survey (2013-2021, published Feb 2021)"}},{"type":"Feature","geometry":{"type":"LineString","coordinates":[[-6.30848000047745,53.34200000129509],[-6.308699999647925,53.34202000160148]]},"properties":{"Route":"","Infrastructure type":"Bus lane (unclassified)","Length (m)":14.8,"Source":"NTA BikeLife Survey (2013-2021, published Feb 2021)"}},{"type":"Feature","geometry":{"type":"LineString","coordinates":[[-6.230199999245664,53.36432000086302],[-6.229790000025384,53.36433000101804]]},"properties":{"Route":"","Infrastructure type":"Bus lane (unclassified)","Length (m)":27.3,"Source":"NTA BikeLife Survey (2013-2021, published Feb 2021)"}},{"type":"Feature","geometry":{"type":"LineString","coordinates":[[-6.239240000003632,53.40533000030024],[-6.2382699988504395,53.40647000083805],[-6.238050000529209,53.406770000602684],[-6.237890000067082,53.406990001076345],[-6.237749999374432,53.40724000030242],[-6.237660000353079,53.407520000814685]]},"properties":{"Route":"","Infrastructure type":"Bus lane (unclassified)","Length (m)":266.6,"Source":"NTA BikeLife Survey (2013-2021, published Feb 2021)"}},{"type":"Feature","geometry":{"type":"LineString","coordinates":[[-6.234439999704748,53.363440000449614],[-6.2343299989343555,53.36347000118924]]},"properties":{"Route":"","Infrastructure type":"Bus lane (unclassified)","Length (m)":8.0,"Source":"NTA BikeLife Survey (2013-2021, published Feb 2021)"}},{"type":"Feature","geometry":{"type":"LineString","coordinates":[[-6.2714799996663375,53.365760000672736],[-6.271380000903377,53.3659400006861]]},"properties":{"Route":"","Infrastructure type":"Bus lane (unclassified)","Length (m)":21.1,"Source":"NTA BikeLife Survey (2013-2021, published Feb 2021)"}},{"type":"Feature","geometry":{"type":"LineString","coordinates":[[-6.228719999518386,53.27323000068365],[-6.228900000481399,53.27347000089672],[-6.229170000349136,53.27412000043843]]},"properties":{"Route":"","Infrastructure type":"Bus lane (unclassified)","Length (m)":103.8,"Source":"NTA BikeLife Survey (2013-2021, published Feb 2021)"}},{"type":"Feature","geometry":{"type":"LineString","coordinates":[[-6.2429000002282145,53.34296000006508],[-6.243080000129662,53.34298000075232]]},"properties":{"Route":"","Infrastructure type":"Bus lane (unclassified)","Length (m)":12.2,"Source":"NTA BikeLife Survey (2013-2021, published Feb 2021)"}},{"type":"Feature","geometry":{"type":"LineString","coordinates":[[-6.246969999045164,53.3286400011295],[-6.247279999225475,53.328800001237866],[-6.247819999955267,53.329060000933424],[-6.248130000093226,53.32920000103597],[-6.248409999387488,53.32932000067382]]},"properties":{"Route":"","Infrastructure type":"Bus lane (unclassified)","Length (m)":122.3,"Source":"NTA BikeLife Survey (2013-2021, published Feb 2021)"}},{"type":"Feature","geometry":{"type":"LineString","coordinates":[[-6.298410000143722,53.330000001290934],[-6.29819999982783,53.33009000083467]]},"properties":{"Route":"","Infrastructure type":"Bus lane (unclassified)","Length (m)":17.2,"Source":"NTA BikeLife Survey (2013-2021, published Feb 2021)"}},{"type":"Feature","geometry":{"type":"LineString","coordinates":[[-6.251100000184357,53.34208000127054],[-6.251310000323117,53.34213000116793],[-6.251419999836973,53.34214000025502],[-6.251579999730561,53.342140000185914]]},"properties":{"Route":"","Infrastructure type":"Bus lane (unclassified)","Length (m)":33.1,"Source":"NTA BikeLife Survey (2013-2021, published Feb 2021)"}},{"type":"Feature","geometry":{"type":"LineString","coordinates":[[-6.2578800001297985,53.34251000038885],[-6.25777000015014,53.342930000848035]]},"properties":{"Route":"","Infrastructure type":"Bus lane (unclassified)","Length (m)":47.3,"Source":"NTA BikeLife Survey (2013-2021, published Feb 2021)"}},{"type":"Feature","geometry":{"type":"LineString","coordinates":[[-6.40557999963824,53.32650000064247],[-6.405920000486219,53.32734000063473],[-6.40615000010709,53.32808000032169],[-6.406309999822935,53.32881000084905],[-6.406379999110019,53.32935000068179]]},"properties":{"Route":"","Infrastructure type":"Bus lane (unclassified)","Length (m)":322.2,"Source":"NTA BikeLife Survey (2013-2021, published Feb 2021)"}},{"type":"Feature","geometry":{"type":"LineString","coordinates":[[-6.403790000624251,53.38586000089024],[-6.406410000095743,53.38635000077233],[-6.410000000328529,53.387030001028315]]},"properties":{"Route":"","Infrastructure type":"Bus lane (unclassified)","Length (m)":433.2,"Source":"NTA BikeLife Survey (2013-2021, published Feb 2021)"}},{"type":"Feature","geometry":{"type":"LineString","coordinates":[[-6.261590000593927,53.35941000090279],[-6.261260000780845,53.359770000704884]]},"properties":{"Route":"","Infrastructure type":"Bus lane (unclassified)","Length (m)":45.7,"Source":"NTA BikeLife Survey (2013-2021, published Feb 2021)"}},{"type":"Feature","geometry":{"type":"LineString","coordinates":[[-6.22809999956641,53.32819000143046],[-6.228469999715029,53.32829000140011]]},"properties":{"Route":"","Infrastructure type":"Bus lane (unclassified)","Length (m)":27.0,"Source":"NTA BikeLife Survey (2013-2021, published Feb 2021)"}},{"type":"Feature","geometry":{"type":"LineString","coordinates":[[-6.279034972363238,53.294439939730914],[-6.279930000210687,53.29462000095996]]},"properties":{"Route":"","Infrastructure type":"Bus lane (unclassified)","Length (m)":63.0,"Source":"NTA BikeLife Survey (2013-2021, published Feb 2021)"}},{"type":"Feature","geometry":{"type":"LineString","coordinates":[[-6.259239999988434,53.34333000025902],[-6.25927000064668,53.34340000063985],[-6.259270000604056,53.3435200010217],[-6.2592299999670375,53.34365000127833],[-6.259210000909755,53.343720000162094],[-6.259199999833774,53.343830000939576],[-6.259189999548745,53.343920000465246],[-6.259210000735277,53.343990001455666],[-6.259239999528456,53.344080001269816],[-6.259299999380897,53.344170000176945],[-6.259389998928782,53.34430000152801]]},"properties":{"Route":"","Infrastructure type":"Bus lane (unclassified)","Length (m)":110.9,"Source":"NTA BikeLife Survey (2013-2021, published Feb 2021)"}},{"type":"Feature","geometry":{"type":"LineString","coordinates":[[-6.29921999963203,53.300370000779424],[-6.298690000477203,53.30075000068436],[-6.2975500008146055,53.30161000115453],[-6.297290000058876,53.30180000125629]]},"properties":{"Route":"","Infrastructure type":"Bus lane (unclassified)","Length (m)":204.7,"Source":"NTA BikeLife Survey (2013-2021, published Feb 2021)"}},{"type":"Feature","geometry":{"type":"LineString","coordinates":[[-6.268330000361503,53.33246000075559],[-6.267710000824839,53.33249000038152]]},"properties":{"Route":"","Infrastructure type":"Bus lane (unclassified)","Length (m)":41.4,"Source":"NTA BikeLife Survey (2013-2021, published Feb 2021)"}},{"type":"Feature","geometry":{"type":"LineString","coordinates":[[-6.23600999982375,53.362960001088524],[-6.235380000449333,53.363160001017995],[-6.234529999080473,53.36341000120045],[-6.234439999704748,53.363440000449614]]},"properties":{"Route":"","Infrastructure type":"Bus lane (unclassified)","Length (m)":117.4,"Source":"NTA BikeLife Survey (2013-2021, published Feb 2021)"}},{"type":"Feature","geometry":{"type":"LineString","coordinates":[[-6.1581600002357995,53.40281000034597],[-6.157840000154147,53.40282000105384],[-6.157100000128883,53.40285000059488],[-6.156709999644323,53.402860000687376]]},"properties":{"Route":"","Infrastructure type":"Bus lane (unclassified)","Length (m)":96.6,"Source":"NTA BikeLife Survey (2013-2021, published Feb 2021)"}},{"type":"Feature","geometry":{"type":"LineString","coordinates":[[-6.236559999510329,53.39700000088827],[-6.236149999188348,53.39699000126076],[-6.235649999609974,53.397020000831546],[-6.23174999998627,53.39738000118142],[-6.231260000777571,53.39743000049732],[-6.230580000522999,53.39749000045579]]},"properties":{"Route":"","Infrastructure type":"Bus lane (unclassified)","Length (m)":402.0,"Source":"NTA BikeLife Survey (2013-2021, published Feb 2021)"}},{"type":"Feature","geometry":{"type":"LineString","coordinates":[[-6.213200000701021,53.3784100012428],[-6.2126999996677155,53.378630000640136],[-6.212410000239243,53.3787800007794],[-6.212009999981486,53.37899000105587],[-6.21108000062991,53.37951000070851],[-6.2103400005133835,53.37993000105377]]},"properties":{"Route":"","Infrastructure type":"Bus lane (unclassified)","Length (m)":254.9,"Source":"NTA BikeLife Survey (2013-2021, published Feb 2021)"}},{"type":"Feature","geometry":{"type":"LineString","coordinates":[[-6.242839999325899,53.3574700009322],[-6.242759999267738,53.35752000118836]]},"properties":{"Route":"","Infrastructure type":"Bus lane (unclassified)","Length (m)":7.7,"Source":"NTA BikeLife Survey (2013-2021, published Feb 2021)"}},{"type":"Feature","geometry":{"type":"LineString","coordinates":[[-6.240989999341807,53.35876000057783],[-6.240890000599974,53.358850001244214]]},"properties":{"Route":"","Infrastructure type":"Bus lane (unclassified)","Length (m)":12.0,"Source":"NTA BikeLife Survey (2013-2021, published Feb 2021)"}},{"type":"Feature","geometry":{"type":"LineString","coordinates":[[-6.240890000599974,53.358850001244214],[-6.2406199993610025,53.35909000044091]]},"properties":{"Route":"","Infrastructure type":"Bus lane (unclassified)","Length (m)":32.2,"Source":"NTA BikeLife Survey (2013-2021, published Feb 2021)"}},{"type":"Feature","geometry":{"type":"LineString","coordinates":[[-6.241690000251864,53.358230000106374],[-6.2411600003257535,53.358610000526404]]},"properties":{"Route":"","Infrastructure type":"Bus lane (unclassified)","Length (m)":55.1,"Source":"NTA BikeLife Survey (2013-2021, published Feb 2021)"}},{"type":"Feature","geometry":{"type":"LineString","coordinates":[[-6.242759999267738,53.35752000118836],[-6.242340000881915,53.35779000048606],[-6.2423099994802635,53.35781000114154]]},"properties":{"Route":"","Infrastructure type":"Bus lane (unclassified)","Length (m)":44.0,"Source":"NTA BikeLife Survey (2013-2021, published Feb 2021)"}},{"type":"Feature","geometry":{"type":"LineString","coordinates":[[-6.258650000141662,53.33944000140737],[-6.258709998912696,53.339520001420155],[-6.258719999722518,53.33957000092666]]},"properties":{"Route":"","Infrastructure type":"Bus lane (unclassified)","Length (m)":15.4,"Source":"NTA BikeLife Survey (2013-2021, published Feb 2021)"}},{"type":"Feature","geometry":{"type":"LineString","coordinates":[[-6.309070000233858,53.34205000110518],[-6.309999998973701,53.34214000016398]]},"properties":{"Route":"","Infrastructure type":"Bus lane (unclassified)","Length (m)":62.7,"Source":"NTA BikeLife Survey (2013-2021, published Feb 2021)"}},{"type":"Feature","geometry":{"type":"LineString","coordinates":[[-6.383480000239135,53.34667000097399],[-6.383979999949688,53.34690000062532],[-6.384599999941771,53.34710000056812],[-6.38529999957924,53.34725000050012],[-6.386189998862247,53.34734000118621]]},"properties":{"Route":"","Infrastructure type":"Bus lane (unclassified)","Length (m)":198.5,"Source":"NTA BikeLife Survey (2013-2021, published Feb 2021)"}},{"type":"Feature","geometry":{"type":"LineString","coordinates":[[-6.235229999955014,53.34201000071792],[-6.235990000275084,53.3421000009631]]},"properties":{"Route":"","Infrastructure type":"Bus lane (unclassified)","Length (m)":51.6,"Source":"NTA BikeLife Survey (2013-2021, published Feb 2021)"}},{"type":"Feature","geometry":{"type":"LineString","coordinates":[[-6.2445800004952075,53.34317000085803],[-6.245820000289759,53.34343000057056]]},"properties":{"Route":"","Infrastructure type":"Bus lane (unclassified)","Length (m)":87.5,"Source":"NTA BikeLife Survey (2013-2021, published Feb 2021)"}},{"type":"Feature","geometry":{"type":"LineString","coordinates":[[-6.239960000134152,53.34259000050442],[-6.241179999967629,53.34275000059489]]},"properties":{"Route":"","Infrastructure type":"Bus lane (unclassified)","Length (m)":83.2,"Source":"NTA BikeLife Survey (2013-2021, published Feb 2021)"}},{"type":"Feature","geometry":{"type":"LineString","coordinates":[[-6.220380000580574,53.37397000086166],[-6.220219999830901,53.37414000092014],[-6.219879999259561,53.37455000097388]]},"properties":{"Route":"","Infrastructure type":"Bus lane (unclassified)","Length (m)":72.6,"Source":"NTA BikeLife Survey (2013-2021, published Feb 2021)"}},{"type":"Feature","geometry":{"type":"LineString","coordinates":[[-6.39617999999113,53.393080000539705],[-6.396719999155155,53.39313000063439],[-6.3971099991280065,53.39323000156255]]},"properties":{"Route":"","Infrastructure type":"Bus lane (unclassified)","Length (m)":64.6,"Source":"NTA BikeLife Survey (2013-2021, published Feb 2021)"}},{"type":"Feature","geometry":{"type":"LineString","coordinates":[[-6.226660000716498,53.39782000097938],[-6.226049999975786,53.39784000059931],[-6.224890000934882,53.39784000042334],[-6.223950000023655,53.39782000024803]]},"properties":{"Route":"","Infrastructure type":"Bus lane (unclassified)","Length (m)":180.4,"Source":"NTA BikeLife Survey (2013-2021, published Feb 2021)"}},{"type":"Feature","geometry":{"type":"LineString","coordinates":[[-6.236559999510329,53.39700000088827],[-6.236789999741293,53.39704000050265],[-6.237029999362723,53.39710000021123],[-6.2372300005729855,53.39718000046797],[-6.23744999967183,53.39731000061179]]},"properties":{"Route":"","Infrastructure type":"Bus lane (unclassified)","Length (m)":69.8,"Source":"NTA BikeLife Survey (2013-2021, published Feb 2021)"}},{"type":"Feature","geometry":{"type":"LineString","coordinates":[[-6.433019999675443,53.318490000585584],[-6.432359999734376,53.3185900006075],[-6.432079999487202,53.318640000826974]]},"properties":{"Route":"","Infrastructure type":"Bus lane (unclassified)","Length (m)":64.8,"Source":"NTA BikeLife Survey (2013-2021, published Feb 2021)"}},{"type":"Feature","geometry":{"type":"LineString","coordinates":[[-6.2461499999102905,53.39214000091147],[-6.24601000041837,53.39282000084326]]},"properties":{"Route":"","Infrastructure type":"Bus lane (unclassified)","Length (m)":76.2,"Source":"NTA BikeLife Survey (2013-2021, published Feb 2021)"}},{"type":"Feature","geometry":{"type":"LineString","coordinates":[[-6.221510000828666,53.3731300002244],[-6.221429999820451,53.373180000782284]]},"properties":{"Route":"","Infrastructure type":"Bus lane (unclassified)","Length (m)":7.7,"Source":"NTA BikeLife Survey (2013-2021, published Feb 2021)"}},{"type":"Feature","geometry":{"type":"LineString","coordinates":[[-6.161800000698998,53.399620000983006],[-6.162200000107312,53.401060000797855]]},"properties":{"Route":"","Infrastructure type":"Bus lane (unclassified)","Length (m)":162.5,"Source":"NTA BikeLife Survey (2013-2021, published Feb 2021)"}},{"type":"Feature","geometry":{"type":"LineString","coordinates":[[-6.265239999434042,53.37493000094003],[-6.264959999405064,53.375530000722485]]},"properties":{"Route":"","Infrastructure type":"Bus lane (unclassified)","Length (m)":69.3,"Source":"NTA BikeLife Survey (2013-2021, published Feb 2021)"}},{"type":"Feature","geometry":{"type":"LineString","coordinates":[[-6.204289999658987,53.31559000053304],[-6.205260000205083,53.31617000119761]]},"properties":{"Route":"","Infrastructure type":"Bus lane (unclassified)","Length (m)":91.4,"Source":"NTA BikeLife Survey (2013-2021, published Feb 2021)"}},{"type":"Feature","geometry":{"type":"LineString","coordinates":[[-6.390820000186776,53.394690001359535],[-6.390639999409167,53.394790001551335],[-6.390159999680336,53.39507000096396]]},"properties":{"Route":"","Infrastructure type":"Bus lane (unclassified)","Length (m)":61.0,"Source":"NTA BikeLife Survey (2013-2021, published Feb 2021)"}},{"type":"Feature","geometry":{"type":"LineString","coordinates":[[-6.2631700007187545,53.358030001586386],[-6.2629199999230485,53.35822000103541]]},"properties":{"Route":"","Infrastructure type":"Bus lane (unclassified)","Length (m)":26.9,"Source":"NTA BikeLife Survey (2013-2021, published Feb 2021)"}},{"type":"Feature","geometry":{"type":"LineString","coordinates":[[-6.259620000054014,53.361540001302174],[-6.259549999359523,53.361630000970266]]},"properties":{"Route":"","Infrastructure type":"Bus lane (unclassified)","Length (m)":11.0,"Source":"NTA BikeLife Survey (2013-2021, published Feb 2021)"}},{"type":"Feature","geometry":{"type":"LineString","coordinates":[[-6.221429999820451,53.373180000782284],[-6.221089999772596,53.37342000001729]]},"properties":{"Route":"","Infrastructure type":"Bus lane (unclassified)","Length (m)":35.0,"Source":"NTA BikeLife Survey (2013-2021, published Feb 2021)"}},{"type":"Feature","geometry":{"type":"LineString","coordinates":[[-6.259150000504431,53.29397000168451],[-6.258250000121694,53.29428000155179],[-6.2581500002201,53.294320001567215],[-6.257980000414459,53.294400000096246],[-6.25773999969115,53.294520000423944]]},"properties":{"Route":"","Infrastructure type":"Bus lane (unclassified)","Length (m)":112.5,"Source":"NTA BikeLife Survey (2013-2021, published Feb 2021)"}},{"type":"Feature","geometry":{"type":"LineString","coordinates":[[-6.207740000105405,53.31720000053843],[-6.208289999520499,53.31737000085541]]},"properties":{"Route":"","Infrastructure type":"Bus lane (unclassified)","Length (m)":41.2,"Source":"NTA BikeLife Survey (2013-2021, published Feb 2021)"}},{"type":"Feature","geometry":{"type":"LineString","coordinates":[[-6.261520000082464,53.29316000047031],[-6.2611599996284175,53.29328000083188],[-6.260709999967083,53.29343000045748]]},"properties":{"Route":"","Infrastructure type":"Bus lane (unclassified)","Length (m)":61.8,"Source":"NTA BikeLife Survey (2013-2021, published Feb 2021)"}},{"type":"Feature","geometry":{"type":"LineString","coordinates":[[-6.261990000330762,53.35900000067224],[-6.261790000337759,53.359180001464786],[-6.261609999649652,53.3593900007369],[-6.261590000593927,53.35941000090279]]},"properties":{"Route":"","Infrastructure type":"Bus lane (unclassified)","Length (m)":52.9,"Source":"NTA BikeLife Survey (2013-2021, published Feb 2021)"}},{"type":"Feature","geometry":{"type":"LineString","coordinates":[[-6.112869999570326,53.20681000089571],[-6.113380000281694,53.20712000110017]]},"properties":{"Route":"","Infrastructure type":"Bus lane (unclassified)","Length (m)":48.5,"Source":"NTA BikeLife Survey (2013-2021, published Feb 2021)"}},{"type":"Feature","geometry":{"type":"LineString","coordinates":[[-6.259320000319967,53.34470000043493],[-6.259180000504836,53.344870000234174],[-6.259100000402165,53.34495000012113]]},"properties":{"Route":"","Infrastructure type":"Bus lane (unclassified)","Length (m)":31.5,"Source":"NTA BikeLife Survey (2013-2021, published Feb 2021)"}},{"type":"Feature","geometry":{"type":"LineString","coordinates":[[-6.4484899995239084,53.33539000144063],[-6.448890000028248,53.335410001232276],[-6.451099999795978,53.33549000049401],[-6.454239999308025,53.335640000830956]]},"properties":{"Route":"","Infrastructure type":"Bus lane (unclassified)","Length (m)":384.0,"Source":"NTA BikeLife Survey (2013-2021, published Feb 2021)"}},{"type":"Feature","geometry":{"type":"LineString","coordinates":[[-6.336659999503184,53.28467000013372],[-6.33646000027028,53.28472000065567]]},"properties":{"Route":"","Infrastructure type":"Bus lane (unclassified)","Length (m)":14.5,"Source":"NTA BikeLife Survey (2013-2021, published Feb 2021)"}},{"type":"Feature","geometry":{"type":"LineString","coordinates":[[-6.406249999647652,53.32212000122167],[-6.406200000058912,53.32256000010452]]},"properties":{"Route":"","Infrastructure type":"Bus lane (unclassified)","Length (m)":49.1,"Source":"NTA BikeLife Survey (2013-2021, published Feb 2021)"}},{"type":"Feature","geometry":{"type":"LineString","coordinates":[[-6.405009999639167,53.325150001155805],[-6.405109999993371,53.32555000069026]]},"properties":{"Route":"","Infrastructure type":"Bus lane (unclassified)","Length (m)":45.0,"Source":"NTA BikeLife Survey (2013-2021, published Feb 2021)"}},{"type":"Feature","geometry":{"type":"LineString","coordinates":[[-6.383919999437151,53.32828000079132],[-6.384550000242814,53.328300000783436]]},"properties":{"Route":"","Infrastructure type":"Bus lane (unclassified)","Length (m)":42.0,"Source":"NTA BikeLife Survey (2013-2021, published Feb 2021)"}},{"type":"Feature","geometry":{"type":"LineString","coordinates":[[-6.282540000221287,53.29535000068904],[-6.2828499989596285,53.295550000565704],[-6.283210000215043,53.29577000089053]]},"properties":{"Route":"","Infrastructure type":"Bus lane (unclassified)","Length (m)":64.7,"Source":"NTA BikeLife Survey (2013-2021, published Feb 2021)"}},{"type":"Feature","geometry":{"type":"LineString","coordinates":[[-6.260709999967083,53.29343000045748],[-6.259569999432136,53.293820000547704],[-6.259150000504431,53.29397000168451]]},"properties":{"Route":"","Infrastructure type":"Bus lane (unclassified)","Length (m)":120.1,"Source":"NTA BikeLife Survey (2013-2021, published Feb 2021)"}},{"type":"Feature","geometry":{"type":"LineString","coordinates":[[-6.260059999187553,53.36101000113817],[-6.259949999673712,53.36112000053765]]},"properties":{"Route":"","Infrastructure type":"Bus lane (unclassified)","Length (m)":14.3,"Source":"NTA BikeLife Survey (2013-2021, published Feb 2021)"}},{"type":"Feature","geometry":{"type":"LineString","coordinates":[[-6.2697399995622725,53.29196000144214],[-6.26988000085553,53.291990000462945],[-6.270700001143502,53.292170001154496],[-6.271159999968071,53.29228000032442]]},"properties":{"Route":"","Infrastructure type":"Bus lane (unclassified)","Length (m)":101.2,"Source":"NTA BikeLife Survey (2013-2021, published Feb 2021)"}},{"type":"Feature","geometry":{"type":"LineString","coordinates":[[-6.297010000048553,53.33060000066276],[-6.296699999538232,53.33074000069012],[-6.296300000422336,53.33090000109799]]},"properties":{"Route":"","Infrastructure type":"Bus lane (unclassified)","Length (m)":57.9,"Source":"NTA BikeLife Survey (2013-2021, published Feb 2021)"}},{"type":"Feature","geometry":{"type":"LineString","coordinates":[[-6.267710000824839,53.33249000038152],[-6.266969999555822,53.33252000080653]]},"properties":{"Route":"","Infrastructure type":"Bus lane (unclassified)","Length (m)":49.4,"Source":"NTA BikeLife Survey (2013-2021, published Feb 2021)"}},{"type":"Feature","geometry":{"type":"LineString","coordinates":[[-6.2423099994802635,53.35781000114154],[-6.242209999736822,53.35788000071095]]},"properties":{"Route":"","Infrastructure type":"Bus lane (unclassified)","Length (m)":10.2,"Source":"NTA BikeLife Survey (2013-2021, published Feb 2021)"}},{"type":"Feature","geometry":{"type":"LineString","coordinates":[[-6.161689999312371,53.402740001051754],[-6.161559999261228,53.4027500009917],[-6.160189999244745,53.402790000814676],[-6.158770000577347,53.40280000128898],[-6.158270000658527,53.402810000502285]]},"properties":{"Route":"","Infrastructure type":"Bus lane (unclassified)","Length (m)":227.7,"Source":"NTA BikeLife Survey (2013-2021, published Feb 2021)"}},{"type":"Feature","geometry":{"type":"LineString","coordinates":[[-6.256470000009452,53.36512000078499],[-6.256190000642654,53.365500001292936]]},"properties":{"Route":"","Infrastructure type":"Bus lane (unclassified)","Length (m)":46.2,"Source":"NTA BikeLife Survey (2013-2021, published Feb 2021)"}},{"type":"Feature","geometry":{"type":"LineString","coordinates":[[-6.266780001129691,53.291630000212876],[-6.266929999718315,53.291630000779044],[-6.267209999651101,53.291640001317624],[-6.267429999992186,53.2916600006235]]},"properties":{"Route":"","Infrastructure type":"Bus lane (unclassified)","Length (m)":43.5,"Source":"NTA BikeLife Survey (2013-2021, published Feb 2021)"}},{"type":"Feature","geometry":{"type":"LineString","coordinates":[[-6.425970001064661,53.39004000030088],[-6.426980000082772,53.3902400010795],[-6.428110000688993,53.39046000124283],[-6.429170000767604,53.39064000030079],[-6.4302699996677095,53.390800000247246],[-6.431299999673118,53.39092000095971]]},"properties":{"Route":"","Infrastructure type":"Bus lane (unclassified)","Length (m)":368.3,"Source":"NTA BikeLife Survey (2013-2021, published Feb 2021)"}},{"type":"Feature","geometry":{"type":"LineString","coordinates":[[-6.28511000051562,53.297730001347375],[-6.284489999091071,53.298570000757394]]},"properties":{"Route":"","Infrastructure type":"Bus lane (unclassified)","Length (m)":102.2,"Source":"NTA BikeLife Survey (2013-2021, published Feb 2021)"}},{"type":"Feature","geometry":{"type":"LineString","coordinates":[[-6.3936000001513875,53.393140000609364],[-6.393319999769918,53.39331000121611],[-6.393109999809579,53.39343000019558]]},"properties":{"Route":"","Infrastructure type":"Bus lane (unclassified)","Length (m)":45.9,"Source":"NTA BikeLife Survey (2013-2021, published Feb 2021)"}},{"type":"Feature","geometry":{"type":"LineString","coordinates":[[-6.2571100001766045,53.3643000005303],[-6.257020000422543,53.364400000708244],[-6.256710000772743,53.36480000135367],[-6.256470000009452,53.36512000078499]]},"properties":{"Route":"","Infrastructure type":"Bus lane (unclassified)","Length (m)":100.7,"Source":"NTA BikeLife Survey (2013-2021, published Feb 2021)"}},{"type":"Feature","geometry":{"type":"LineString","coordinates":[[-6.255789999178554,53.3661200008816],[-6.255709999355606,53.36625000109815],[-6.255609999224425,53.36646000043851],[-6.255549999529571,53.36661000109163],[-6.255509999478998,53.36679000062297]]},"properties":{"Route":"","Infrastructure type":"Bus lane (unclassified)","Length (m)":77.1,"Source":"NTA BikeLife Survey (2013-2021, published Feb 2021)"}},{"type":"Feature","geometry":{"type":"LineString","coordinates":[[-6.243080000129662,53.34298000075232],[-6.243300000316685,53.34301000074197]]},"properties":{"Route":"","Infrastructure type":"Bus lane (unclassified)","Length (m)":15.0,"Source":"NTA BikeLife Survey (2013-2021, published Feb 2021)"}},{"type":"Feature","geometry":{"type":"LineString","coordinates":[[-6.244689999180462,53.38211000101531],[-6.2445000006328995,53.382440001289794]]},"properties":{"Route":"","Infrastructure type":"Bus lane (unclassified)","Length (m)":38.8,"Source":"NTA BikeLife Survey (2013-2021, published Feb 2021)"}},{"type":"Feature","geometry":{"type":"LineString","coordinates":[[-6.258209999583447,53.341280001574084],[-6.2581500001325745,53.34157000104343],[-6.258079999702806,53.34178000127011]]},"properties":{"Route":"","Infrastructure type":"Bus lane (unclassified)","Length (m)":56.4,"Source":"NTA BikeLife Survey (2013-2021, published Feb 2021)"}},{"type":"Feature","geometry":{"type":"LineString","coordinates":[[-6.404899999999359,53.32471000082043],[-6.404949999406194,53.3247900006776],[-6.404969999225101,53.32503000111751],[-6.405009999639167,53.325150001155805]]},"properties":{"Route":"","Infrastructure type":"Bus lane (unclassified)","Length (m)":49.9,"Source":"NTA BikeLife Survey (2013-2021, published Feb 2021)"}},{"type":"Feature","geometry":{"type":"LineString","coordinates":[[-6.331040000202462,53.27471000083347],[-6.331119999771281,53.27487000097198]]},"properties":{"Route":"","Infrastructure type":"Bus lane (unclassified)","Length (m)":18.6,"Source":"NTA BikeLife Survey (2013-2021, published Feb 2021)"}},{"type":"Feature","geometry":{"type":"LineString","coordinates":[[-6.331040000202462,53.27471000083347],[-6.330929999834104,53.274870000785036]]},"properties":{"Route":"","Infrastructure type":"Bus lane (unclassified)","Length (m)":19.3,"Source":"NTA BikeLife Survey (2013-2021, published Feb 2021)"}},{"type":"Feature","geometry":{"type":"LineString","coordinates":[[-6.156840000111551,53.28096000097722],[-6.1557699999365605,53.28115000109208]]},"properties":{"Route":"","Infrastructure type":"Bus lane (unclassified)","Length (m)":74.4,"Source":"NTA BikeLife Survey (2013-2021, published Feb 2021)"}},{"type":"Feature","geometry":{"type":"LineString","coordinates":[[-6.355090000500648,53.37118000095671],[-6.355429999651558,53.371180000303475],[-6.355750000418079,53.37121000087535],[-6.356259999375319,53.37130000026448],[-6.356889999474053,53.37145000123449],[-6.358019999766228,53.371790000370886],[-6.358509999793041,53.371900000710646]]},"properties":{"Route":"","Infrastructure type":"Bus lane (unclassified)","Length (m)":243.7,"Source":"NTA BikeLife Survey (2013-2021, published Feb 2021)"}},{"type":"Feature","geometry":{"type":"LineString","coordinates":[[-6.241859999058335,53.34283000061068],[-6.2423199999125645,53.342880001653086]]},"properties":{"Route":"","Infrastructure type":"Bus lane (unclassified)","Length (m)":31.1,"Source":"NTA BikeLife Survey (2013-2021, published Feb 2021)"}},{"type":"Feature","geometry":{"type":"LineString","coordinates":[[-6.260880000451114,53.344280001231695],[-6.260870000532573,53.34442000086532]]},"properties":{"Route":"","Infrastructure type":"Bus lane (unclassified)","Length (m)":15.6,"Source":"NTA BikeLife Survey (2013-2021, published Feb 2021)"}},{"type":"Feature","geometry":{"type":"LineString","coordinates":[[-6.2726299997120565,53.3141600006279],[-6.272329999497882,53.31459000103279]]},"properties":{"Route":"","Infrastructure type":"Bus lane (unclassified)","Length (m)":51.9,"Source":"NTA BikeLife Survey (2013-2021, published Feb 2021)"}},{"type":"Feature","geometry":{"type":"LineString","coordinates":[[-6.316290000863439,53.29453000150256],[-6.315650000032537,53.294760001180514]]},"properties":{"Route":"","Infrastructure type":"Bus lane (unclassified)","Length (m)":49.8,"Source":"NTA BikeLife Survey (2013-2021, published Feb 2021)"}},{"type":"Feature","geometry":{"type":"LineString","coordinates":[[-6.31128999978853,53.2960900010524],[-6.3106999989900965,53.29616000102555]]},"properties":{"Route":"","Infrastructure type":"Bus lane (unclassified)","Length (m)":40.1,"Source":"NTA BikeLife Survey (2013-2021, published Feb 2021)"}},{"type":"Feature","geometry":{"type":"LineString","coordinates":[[-6.3106999989900965,53.29616000102555],[-6.310149999764386,53.296230001396715],[-6.309719999810835,53.29628000110902],[-6.3092399991268735,53.29633000041578]]},"properties":{"Route":"","Infrastructure type":"Bus lane (unclassified)","Length (m)":99.2,"Source":"NTA BikeLife Survey (2013-2021, published Feb 2021)"}},{"type":"Feature","geometry":{"type":"LineString","coordinates":[[-6.356180000002716,53.34242000053657],[-6.359549999584175,53.342690001017566]]},"properties":{"Route":"","Infrastructure type":"Bus lane (unclassified)","Length (m)":226.5,"Source":"NTA BikeLife Survey (2013-2021, published Feb 2021)"}},{"type":"Feature","geometry":{"type":"LineString","coordinates":[[-6.401979999664764,53.35676000065133],[-6.404090000631753,53.35727000144141]]},"properties":{"Route":"","Infrastructure type":"Bus lane (unclassified)","Length (m)":151.5,"Source":"NTA BikeLife Survey (2013-2021, published Feb 2021)"}},{"type":"Feature","geometry":{"type":"LineString","coordinates":[[-6.276803556903797,53.294000043030245],[-6.2770700007177105,53.29405000058195],[-6.2782400001747005,53.294280001051014],[-6.279005608480845,53.29443403226621]]},"properties":{"Route":"","Infrastructure type":"Bus lane (unclassified)","Length (m)":154.6,"Source":"NTA BikeLife Survey (2013-2021, published Feb 2021)"}},{"type":"Feature","geometry":{"type":"LineString","coordinates":[[-6.256679999139128,53.345590001399515],[-6.257519999747323,53.34565000023078]]},"properties":{"Route":"","Infrastructure type":"Bus lane (unclassified)","Length (m)":56.3,"Source":"NTA BikeLife Survey (2013-2021, published Feb 2021)"}},{"type":"Feature","geometry":{"type":"LineString","coordinates":[[-6.259090000613751,53.34540000069356],[-6.259140000199123,53.345850000372124]]},"properties":{"Route":"","Infrastructure type":"Bus lane (unclassified)","Length (m)":50.2,"Source":"NTA BikeLife Survey (2013-2021, published Feb 2021)"}},{"type":"Feature","geometry":{"type":"LineString","coordinates":[[-6.320839998956503,53.29350000144023],[-6.320760000056473,53.29352000145037],[-6.320469999564681,53.29361000115768],[-6.320109999680441,53.293720000391914]]},"properties":{"Route":"","Infrastructure type":"Bus lane (unclassified)","Length (m)":54.5,"Source":"NTA BikeLife Survey (2013-2021, published Feb 2021)"}},{"type":"Feature","geometry":{"type":"LineString","coordinates":[[-6.319620000566342,53.29387000095375],[-6.31972000060664,53.293880000915564]]},"properties":{"Route":"","Infrastructure type":"Bus lane (unclassified)","Length (m)":6.8,"Source":"NTA BikeLife Survey (2013-2021, published Feb 2021)"}},{"type":"Feature","geometry":{"type":"LineString","coordinates":[[-6.130150000193099,53.24234000125263],[-6.130620000129657,53.242900000971666],[-6.130810000788436,53.24310000055552],[-6.131269999902464,53.24353000091178]]},"properties":{"Route":"","Infrastructure type":"Bus lane (unclassified)","Length (m)":152.3,"Source":"NTA BikeLife Survey (2013-2021, published Feb 2021)"}},{"type":"Feature","geometry":{"type":"LineString","coordinates":[[-6.131269999902464,53.24353000091178],[-6.1315599999007455,53.243740001088405],[-6.131759999355275,53.24388000073473],[-6.1322699994994165,53.244180000960036]]},"properties":{"Route":"","Infrastructure type":"Bus lane (unclassified)","Length (m)":98.6,"Source":"NTA BikeLife Survey (2013-2021, published Feb 2021)"}},{"type":"Feature","geometry":{"type":"LineString","coordinates":[[-6.1340599991146725,53.24519000134611],[-6.13409000063108,53.2452600010715],[-6.134460000299467,53.245560000894],[-6.134869999769622,53.24587000044944],[-6.135610000542314,53.246440001289656]]},"properties":{"Route":"","Infrastructure type":"Bus lane (unclassified)","Length (m)":174.0,"Source":"NTA BikeLife Survey (2013-2021, published Feb 2021)"}},{"type":"Feature","geometry":{"type":"LineString","coordinates":[[-6.192730000336873,53.28176000120938],[-6.192810000921233,53.28182000091773],[-6.1932199996822,53.28222000107394]]},"properties":{"Route":"","Infrastructure type":"Bus lane (unclassified)","Length (m)":60.8,"Source":"NTA BikeLife Survey (2013-2021, published Feb 2021)"}},{"type":"Feature","geometry":{"type":"LineString","coordinates":[[-6.1557699999365605,53.28115000109208],[-6.151270000488653,53.28202000074739]]},"properties":{"Route":"","Infrastructure type":"Bus lane (unclassified)","Length (m)":315.4,"Source":"NTA BikeLife Survey (2013-2021, published Feb 2021)"}},{"type":"Feature","geometry":{"type":"LineString","coordinates":[[-6.329309999262672,53.272060000961076],[-6.329489999473401,53.27222000060902],[-6.3297500004516944,53.27249000113169],[-6.330050000107135,53.27287000071753]]},"properties":{"Route":"","Infrastructure type":"Bus lane (unclassified)","Length (m)":103.0,"Source":"NTA BikeLife Survey (2013-2021, published Feb 2021)"}},{"type":"Feature","geometry":{"type":"LineString","coordinates":[[-6.227730000426322,53.36747000136585],[-6.227469999492509,53.36770000100967]]},"properties":{"Route":"","Infrastructure type":"Bus lane (unclassified)","Length (m)":30.9,"Source":"NTA BikeLife Survey (2013-2021, published Feb 2021)"}},{"type":"Feature","geometry":{"type":"LineString","coordinates":[[-6.201920000188284,53.372820000912824],[-6.201689999574254,53.37295000139299],[-6.201079999980865,53.37324000129682]]},"properties":{"Route":"","Infrastructure type":"Bus lane (unclassified)","Length (m)":72.9,"Source":"NTA BikeLife Survey (2013-2021, published Feb 2021)"}},{"type":"Feature","geometry":{"type":"LineString","coordinates":[[-6.180270000395428,53.37905000140199],[-6.179829999924586,53.379210000961834],[-6.179330000336437,53.37940000118604]]},"properties":{"Route":"","Infrastructure type":"Bus lane (unclassified)","Length (m)":73.7,"Source":"NTA BikeLife Survey (2013-2021, published Feb 2021)"}},{"type":"Feature","geometry":{"type":"LineString","coordinates":[[-6.178940000365824,53.37954000115053],[-6.178480000395149,53.37975000108201],[-6.178349999701585,53.379840000180046]]},"properties":{"Route":"","Infrastructure type":"Bus lane (unclassified)","Length (m)":51.7,"Source":"NTA BikeLife Survey (2013-2021, published Feb 2021)"}},{"type":"Feature","geometry":{"type":"LineString","coordinates":[[-6.320079999893796,53.29377000104114],[-6.320019999646211,53.293810001302994],[-6.319930000396536,53.29384000115315],[-6.31981999960093,53.29387000134193],[-6.31972000060664,53.293880000915564]]},"properties":{"Route":"","Infrastructure type":"Bus lane (unclassified)","Length (m)":27.7,"Source":"NTA BikeLife Survey (2013-2021, published Feb 2021)"}},{"type":"Feature","geometry":{"type":"LineString","coordinates":[[-6.167340000555776,53.28637000059188],[-6.16766999972555,53.286340000930544],[-6.167960000541687,53.28634000090212],[-6.168230000476788,53.2863700006227],[-6.168519999258482,53.28645000067935],[-6.170030000454753,53.287060001197894]]},"properties":{"Route":"","Infrastructure type":"Bus lane (unclassified)","Length (m)":202.7,"Source":"NTA BikeLife Survey (2013-2021, published Feb 2021)"}}]}