{"type": "FeatureCollection", "features": [{"type": "Feature", "geometry": {"type": "Point", "coordinates": [-6.33167, 53.36469]}, "properties": {"stop_id": "822008203", "stop_name": "Visitor Centre", "stop_code": "8203"}}, {"type": "Feature", "geometry": {"type": "Point", "coordinates": [-6.32384, 53.35938]}, "properties": {"stop_id": "822008204", "stop_name": "\u00c1ras an Uachtar\u00e1in", "stop_code": "8204"}}, {"type": "Feature", "geometry": {"type": "Point", "coordinates": [-6.30548, 53.35173]}, "properties": {"stop_id": "822008205", "stop_name": "Dublin Zoo", "stop_code": "8205"}}, {"type": "Feature", "geometry": {"type": "Point", "coordinates": [-6.29777, 53.34884]}, "properties": {"stop_id": "822008206", "stop_name": "Park Gates", "stop_code": "8206"}}, {"type": "Feature", "geometry": {"type": "Point", "coordinates": [-6.298737, 53.348995]}, "properties": {"stop_id": "822008208", "stop_name": "Park Gates", "stop_code": "8208"}}, {"type": "Feature", "geometry": {"type": "Point", "coordinates": [-6.3057, 53.35169]}, "properties": {"stop_id": "822008209", "stop_name": "Dublin Zoo", "stop_code": "8209"}}, {"type": "Feature", "geometry": {"type": "Point", "coordinates": [-6.32316, 53.358951]}, "properties": {"stop_id": "822008210", "stop_name": "\u00c1ras an Uachtar\u00e1in", "stop_code": "8210"}}, {"type": "Feature", "geometry": {"type": "Point", "coordinates": [-6.278198, 53.385027]}, "properties": {"stop_id": "82202B008257", "stop_name": "St Kevin's College", "stop_code": "8257"}}, {"type": "Feature", "geometry": {"type": "Point", "coordinates": [-6.299488, 53.372326]}, "properties": {"stop_id": "8220B008367", "stop_name": "Broombridge", "stop_code": "8367"}}, {"type": "Feature", "geometry": {"type": "Point", "coordinates": [-6.30834665852557, 53.4001982314926]}, "properties": {"stop_id": "8220B1009001", "stop_name": "North Road", "stop_code": "100901"}}, {"type": "Feature", "geometry": {"type": "Point", "coordinates": [-6.26372321891887, 53.3522443611383]}, "properties": {"stop_id": "8220DB000002", "stop_name": "Parnell Square West", "stop_code": "2"}}, {"type": "Feature", "geometry": {"type": "Point", "coordinates": [-6.263811, 53.352309]}, "properties": {"stop_id": "8220DB000003", "stop_name": "Parnell Sq West", "stop_code": "3"}}, {"type": "Feature", "geometry": {"type": "Point", "coordinates": [-6.26411543286632, 53.3525736395204]}, "properties": {"stop_id": "8220DB000005", "stop_name": "Parnell Square West", "stop_code": "5"}}, {"type": "Feature", "geometry": {"type": "Point", "coordinates": [-6.26445380396434, 53.3527493357046]}, "properties": {"stop_id": "8220DB000006", "stop_name": "Parnell Square West", "stop_code": "6"}}, {"type": "Feature", "geometry": {"type": "Point", "coordinates": [-6.26457, 53.352841]}, "properties": {"stop_id": "8220DB000007", "stop_name": "Parnell Sq West", "stop_code": "7"}}, {"type": "Feature", "geometry": {"type": "Point", "coordinates": [-6.265184, 53.353272]}, "properties": {"stop_id": "8220DB000008", "stop_name": "Parnell Sq West", "stop_code": "8"}}, {"type": "Feature", "geometry": {"type": "Point", "coordinates": [-6.26538912389954, 53.3533921036473]}, "properties": {"stop_id": "8220DB000010", "stop_name": "Parnell Square West", "stop_code": "10"}}, {"type": "Feature", "geometry": {"type": "Point", "coordinates": [-6.26467919507526, 53.3568152335295]}, "properties": {"stop_id": "8220DB000011", "stop_name": "St Joseph's Parade", "stop_code": "11"}}, {"type": "Feature", "geometry": {"type": "Point", "coordinates": [-6.264382, 53.357107]}, "properties": {"stop_id": "8220DB000012", "stop_name": "Dorset Street Upr", "stop_code": "12"}}, {"type": "Feature", "geometry": {"type": "Point", "coordinates": [-6.262777, 53.358531]}, "properties": {"stop_id": "8220DB000014", "stop_name": "Eccles Place", "stop_code": "14"}}, {"type": "Feature", "geometry": {"type": "Point", "coordinates": [-6.260978, 53.360267]}, "properties": {"stop_id": "8220DB000015", "stop_name": "Dorset Street Lwr", "stop_code": "15"}}, {"type": "Feature", "geometry": {"type": "Point", "coordinates": [-6.30565, 53.36644]}, "properties": {"stop_id": "8220DB000016", "stop_name": "John Paul Park", "stop_code": "16"}}, {"type": "Feature", "geometry": {"type": "Point", "coordinates": [-6.258399, 53.363078]}, "properties": {"stop_id": "8220DB000017", "stop_name": "Drumcondra Stn", "stop_code": "17"}}, {"type": "Feature", "geometry": {"type": "Point", "coordinates": [-6.255957, 53.365856]}, "properties": {"stop_id": "8220DB000018", "stop_name": "Archbishop's House", "stop_code": "18"}}, {"type": "Feature", "geometry": {"type": "Point", "coordinates": [-6.2556, 53.367235]}, "properties": {"stop_id": "8220DB000019", "stop_name": "Botanic Ave", "stop_code": "19"}}, {"type": "Feature", "geometry": {"type": "Point", "coordinates": [-6.254311, 53.370101]}, "properties": {"stop_id": "8220DB000021", "stop_name": "Drumcondra Village", "stop_code": "21"}}, {"type": "Feature", "geometry": {"type": "Point", "coordinates": [-6.25280375269006, 53.3735036097406]}, "properties": {"stop_id": "8220DB000022", "stop_name": "Home Farm Road", "stop_code": "22"}}, {"type": "Feature", "geometry": {"type": "Point", "coordinates": [-6.256261004167, 53.3742282800791]}, "properties": {"stop_id": "8220DB000023", "stop_name": "Ferguson Road", "stop_code": "23"}}, {"type": "Feature", "geometry": {"type": "Point", "coordinates": [-6.26037234812319, 53.3751331588841]}, "properties": {"stop_id": "8220DB000024", "stop_name": "Walsh Road", "stop_code": "24"}}, {"type": "Feature", "geometry": {"type": "Point", "coordinates": [-6.26361773641709, 53.3758994661474]}, "properties": {"stop_id": "8220DB000025", "stop_name": "Rathlin Road", "stop_code": "25"}}, {"type": "Feature", "geometry": {"type": "Point", "coordinates": [-6.26658526126003, 53.3794389600107]}, "properties": {"stop_id": "8220DB000027", "stop_name": "Ballymun Road", "stop_code": "27"}}, {"type": "Feature", "geometry": {"type": "Point", "coordinates": [-6.26600227077738, 53.381578637628]}, "properties": {"stop_id": "8220DB000028", "stop_name": "Hampstead Avenue", "stop_code": "28"}}, {"type": "Feature", "geometry": {"type": "Point", "coordinates": [-6.26566910125417, 53.3834882529457]}, "properties": {"stop_id": "8220DB000029", "stop_name": "Albert College Park", "stop_code": "29"}}, {"type": "Feature", "geometry": {"type": "Point", "coordinates": [-6.30460116922913, 53.370331900193]}, "properties": {"stop_id": "8220DB000030", "stop_name": "Ventry Park", "stop_code": "30"}}, {"type": "Feature", "geometry": {"type": "Point", "coordinates": [-6.268858077275, 53.3860332259144]}, "properties": {"stop_id": "8220DB000031", "stop_name": "St Pappin's Road", "stop_code": "31"}}, {"type": "Feature", "geometry": {"type": "Point", "coordinates": [-6.2713772010414, 53.3861955680738]}, "properties": {"stop_id": "8220DB000032", "stop_name": "Stormanstown Road", "stop_code": "32"}}, {"type": "Feature", "geometry": {"type": "Point", "coordinates": [-6.27177114122451, 53.3887179243058]}, "properties": {"stop_id": "8220DB000033", "stop_name": "Glasnevin Drive", "stop_code": "33"}}, {"type": "Feature", "geometry": {"type": "Point", "coordinates": [-6.270910692541, 53.3862067871013]}, "properties": {"stop_id": "8220DB000035", "stop_name": "Dean Swift Road", "stop_code": "35"}}, {"type": "Feature", "geometry": {"type": "Point", "coordinates": [-6.26787706978339, 53.386126850411]}, "properties": {"stop_id": "8220DB000036", "stop_name": "Maolbuille Road", "stop_code": "36"}}, {"type": "Feature", "geometry": {"type": "Point", "coordinates": [-6.26488698131794, 53.385346401194]}, "properties": {"stop_id": "8220DB000037", "stop_name": "DCU Ballymun Road", "stop_code": "37"}}, {"type": "Feature", "geometry": {"type": "Point", "coordinates": [-6.26550952120506, 53.3822365941636]}, "properties": {"stop_id": "8220DB000038", "stop_name": "Hampstead Avenue", "stop_code": "38"}}, {"type": "Feature", "geometry": {"type": "Point", "coordinates": [-6.26565875906589, 53.3804141869323]}, "properties": {"stop_id": "8220DB000039", "stop_name": "The Rise", "stop_code": "39"}}, {"type": "Feature", "geometry": {"type": "Point", "coordinates": [-6.26466896852794, 53.3766607654507]}, "properties": {"stop_id": "8220DB000040", "stop_name": "Stella Avenue", "stop_code": "40"}}, {"type": "Feature", "geometry": {"type": "Point", "coordinates": [-6.26185800624669, 53.3755592683258]}, "properties": {"stop_id": "8220DB000041", "stop_name": "Home Farm Road", "stop_code": "41"}}, {"type": "Feature", "geometry": {"type": "Point", "coordinates": [-6.25746118972134, 53.3746502734575]}, "properties": {"stop_id": "8220DB000042", "stop_name": "Corpus Christi NS", "stop_code": "42"}}, {"type": "Feature", "geometry": {"type": "Point", "coordinates": [-6.25390131043392, 53.3738612202267]}, "properties": {"stop_id": "8220DB000043", "stop_name": "Achill Road", "stop_code": "43"}}, {"type": "Feature", "geometry": {"type": "Point", "coordinates": [-6.252132, 53.373017]}, "properties": {"stop_id": "8220DB000044", "stop_name": "Home Farm Rd East", "stop_code": "44"}}, {"type": "Feature", "geometry": {"type": "Point", "coordinates": [-6.254107, 53.369936]}, "properties": {"stop_id": "8220DB000045", "stop_name": "Drumcondra Village", "stop_code": "45"}}, {"type": "Feature", "geometry": {"type": "Point", "coordinates": [-6.255259, 53.367131]}, "properties": {"stop_id": "8220DB000046", "stop_name": "Botanic Ave", "stop_code": "46"}}, {"type": "Feature", "geometry": {"type": "Point", "coordinates": [-6.257298, 53.363916]}, "properties": {"stop_id": "8220DB000047", "stop_name": "Archbishop's House", "stop_code": "47"}}, {"type": "Feature", "geometry": {"type": "Point", "coordinates": [-6.258808, 53.362257]}, "properties": {"stop_id": "8220DB000048", "stop_name": "Drumcondra Stn", "stop_code": "48"}}, {"type": "Feature", "geometry": {"type": "Point", "coordinates": [-6.260853, 53.360004]}, "properties": {"stop_id": "8220DB000049", "stop_name": "Dorset Street Lwr", "stop_code": "49"}}, {"type": "Feature", "geometry": {"type": "Point", "coordinates": [-6.263272, 53.35781]}, "properties": {"stop_id": "8220DB000051", "stop_name": "Eccles Place", "stop_code": "51"}}, {"type": "Feature", "geometry": {"type": "Point", "coordinates": [-6.264565, 53.356661]}, "properties": {"stop_id": "8220DB000052", "stop_name": "Dorset Street Upr", "stop_code": "52"}}, {"type": "Feature", "geometry": {"type": "Point", "coordinates": [-6.262817, 53.359943]}, "properties": {"stop_id": "8220DB000053", "stop_name": "Synnott Row", "stop_code": "53"}}, {"type": "Feature", "geometry": {"type": "Point", "coordinates": [-6.265908, 53.360222]}, "properties": {"stop_id": "8220DB000054", "stop_name": "The Mater Hospital", "stop_code": "54"}}, {"type": "Feature", "geometry": {"type": "Point", "coordinates": [-6.26847, 53.360412]}, "properties": {"stop_id": "8220DB000055", "stop_name": "Mountjoy Prison", "stop_code": "55"}}, {"type": "Feature", "geometry": {"type": "Point", "coordinates": [-6.276374, 53.36076]}, "properties": {"stop_id": "8220DB000056", "stop_name": "Phibsborough Church", "stop_code": "56"}}, {"type": "Feature", "geometry": {"type": "Point", "coordinates": [-6.2766, 53.36076]}, "properties": {"stop_id": "8220DB000057", "stop_name": "Dalymount", "stop_code": "57"}}, {"type": "Feature", "geometry": {"type": "Point", "coordinates": [-6.281204, 53.360946]}, "properties": {"stop_id": "8220DB000058", "stop_name": "Phibsborough Luas", "stop_code": "58"}}, {"type": "Feature", "geometry": {"type": "Point", "coordinates": [-6.284943, 53.361018]}, "properties": {"stop_id": "8220DB000059", "stop_name": "Cabra Road", "stop_code": "59"}}, {"type": "Feature", "geometry": {"type": "Point", "coordinates": [-6.289364, 53.361279]}, "properties": {"stop_id": "8220DB000060", "stop_name": "Quarry Road", "stop_code": "60"}}, {"type": "Feature", "geometry": {"type": "Point", "coordinates": [-6.29275, 53.366792]}, "properties": {"stop_id": "8220DB000063", "stop_name": "Fassaugh Avenue", "stop_code": "63"}}, {"type": "Feature", "geometry": {"type": "Point", "coordinates": [-6.295233, 53.367089]}, "properties": {"stop_id": "8220DB000064", "stop_name": "Cabra West Ch", "stop_code": "64"}}, {"type": "Feature", "geometry": {"type": "Point", "coordinates": [-6.298051, 53.367255]}, "properties": {"stop_id": "8220DB000065", "stop_name": "Dingle Road", "stop_code": "65"}}, {"type": "Feature", "geometry": {"type": "Point", "coordinates": [-6.30074, 53.367275]}, "properties": {"stop_id": "8220DB000066", "stop_name": "Killala Road", "stop_code": "66"}}, {"type": "Feature", "geometry": {"type": "Point", "coordinates": [-6.304245, 53.369078]}, "properties": {"stop_id": "8220DB000068", "stop_name": "Ventry Drive", "stop_code": "68"}}, {"type": "Feature", "geometry": {"type": "Point", "coordinates": [-6.30327, 53.37137]}, "properties": {"stop_id": "8220DB000069", "stop_name": "Carnlough Road", "stop_code": "69"}}, {"type": "Feature", "geometry": {"type": "Point", "coordinates": [-6.304439, 53.370258]}, "properties": {"stop_id": "8220DB000071", "stop_name": "Ventry Park", "stop_code": "71"}}, {"type": "Feature", "geometry": {"type": "Point", "coordinates": [-6.304265, 53.36897]}, "properties": {"stop_id": "8220DB000072", "stop_name": "Ventry Drive", "stop_code": "72"}}, {"type": "Feature", "geometry": {"type": "Point", "coordinates": [-6.300721, 53.367392]}, "properties": {"stop_id": "8220DB000073", "stop_name": "Killala Road", "stop_code": "73"}}, {"type": "Feature", "geometry": {"type": "Point", "coordinates": [-6.295499, 53.3672]}, "properties": {"stop_id": "8220DB000074", "stop_name": "Cabra West Ch", "stop_code": "74"}}, {"type": "Feature", "geometry": {"type": "Point", "coordinates": [-6.291317, 53.366547]}, "properties": {"stop_id": "8220DB000075", "stop_name": "Fionnbarra GAA", "stop_code": "75"}}, {"type": "Feature", "geometry": {"type": "Point", "coordinates": [-6.289574, 53.361309]}, "properties": {"stop_id": "8220DB000077", "stop_name": "Quarry Road", "stop_code": "77"}}, {"type": "Feature", "geometry": {"type": "Point", "coordinates": [-6.284066, 53.361149]}, "properties": {"stop_id": "8220DB000078", "stop_name": "Cabra Road", "stop_code": "78"}}, {"type": "Feature", "geometry": {"type": "Point", "coordinates": [-6.280796, 53.361021]}, "properties": {"stop_id": "8220DB000079", "stop_name": "Phibsborough Luas", "stop_code": "79"}}, {"type": "Feature", "geometry": {"type": "Point", "coordinates": [-6.276054, 53.360863]}, "properties": {"stop_id": "8220DB000080", "stop_name": "Phibsborough Church", "stop_code": "80"}}, {"type": "Feature", "geometry": {"type": "Point", "coordinates": [-6.271967, 53.360876]}, "properties": {"stop_id": "8220DB000081", "stop_name": "Phibsborough", "stop_code": "81"}}, {"type": "Feature", "geometry": {"type": "Point", "coordinates": [-6.271549, 53.360798]}, "properties": {"stop_id": "8220DB000082", "stop_name": "Doyle's Corner", "stop_code": "82"}}, {"type": "Feature", "geometry": {"type": "Point", "coordinates": [-6.26529, 53.36029]}, "properties": {"stop_id": "8220DB000083", "stop_name": "The Mater Hospital", "stop_code": "83"}}, {"type": "Feature", "geometry": {"type": "Point", "coordinates": [-6.263702, 53.360163]}, "properties": {"stop_id": "8220DB000084", "stop_name": "Synnott Row", "stop_code": "84"}}, {"type": "Feature", "geometry": {"type": "Point", "coordinates": [-6.251913, 53.373958]}, "properties": {"stop_id": "8220DB000085", "stop_name": "Home Farm Rd East", "stop_code": "85"}}, {"type": "Feature", "geometry": {"type": "Point", "coordinates": [-6.2548802899246, 53.3767517255719]}, "properties": {"stop_id": "8220DB000087", "stop_name": "Clare Road", "stop_code": "87"}}, {"type": "Feature", "geometry": {"type": "Point", "coordinates": [-6.2576992286456, 53.3772872552991]}, "properties": {"stop_id": "8220DB000088", "stop_name": "Walnut Rise", "stop_code": "88"}}, {"type": "Feature", "geometry": {"type": "Point", "coordinates": [-6.26526567275522, 53.3863855316738]}, "properties": {"stop_id": "8220DB000090", "stop_name": "Albert College Ct", "stop_code": "90"}}, {"type": "Feature", "geometry": {"type": "Point", "coordinates": [-6.26540814207682, 53.3884278896483]}, "properties": {"stop_id": "8220DB000091", "stop_name": "Ballymun Road NS", "stop_code": "91"}}, {"type": "Feature", "geometry": {"type": "Point", "coordinates": [-6.264674, 53.389837]}, "properties": {"stop_id": "8220DB000092", "stop_name": "Ballymun Library", "stop_code": "92"}}, {"type": "Feature", "geometry": {"type": "Point", "coordinates": [-6.264153, 53.392302]}, "properties": {"stop_id": "8220DB000093", "stop_name": "Gateway Avenue", "stop_code": "93"}}, {"type": "Feature", "geometry": {"type": "Point", "coordinates": [-6.26437695995448, 53.3960347624115]}, "properties": {"stop_id": "8220DB000094", "stop_name": "Civic Centre", "stop_code": "94"}}, {"type": "Feature", "geometry": {"type": "Point", "coordinates": [-6.26771985697013, 53.397773070166]}, "properties": {"stop_id": "8220DB000102", "stop_name": "Balbutcher Lane", "stop_code": "102"}}, {"type": "Feature", "geometry": {"type": "Point", "coordinates": [-6.276819, 53.399771]}, "properties": {"stop_id": "8220DB000104", "stop_name": "Poppintree Parade", "stop_code": "104"}}, {"type": "Feature", "geometry": {"type": "Point", "coordinates": [-6.28169269646949, 53.4029363966818]}, "properties": {"stop_id": "8220DB000105", "stop_name": "Belclare Park", "stop_code": "105"}}, {"type": "Feature", "geometry": {"type": "Point", "coordinates": [-6.28049690990612, 53.4023798987989]}, "properties": {"stop_id": "8220DB000107", "stop_name": "Crannogue Road", "stop_code": "107"}}, {"type": "Feature", "geometry": {"type": "Point", "coordinates": [-6.26860038147331, 53.3979386409613]}, "properties": {"stop_id": "8220DB000110", "stop_name": "Ard na Meala", "stop_code": "110"}}, {"type": "Feature", "geometry": {"type": "Point", "coordinates": [-6.2639510403018, 53.3961544015462]}, "properties": {"stop_id": "8220DB000112", "stop_name": "Civic Centre", "stop_code": "112"}}, {"type": "Feature", "geometry": {"type": "Point", "coordinates": [-6.26370325464247, 53.3922679629262]}, "properties": {"stop_id": "8220DB000113", "stop_name": "Trinity Comp School", "stop_code": "113"}}, {"type": "Feature", "geometry": {"type": "Point", "coordinates": [-6.26371122925237, 53.3913333220544]}, "properties": {"stop_id": "8220DB000114", "stop_name": "Ballymun Road", "stop_code": "114"}}, {"type": "Feature", "geometry": {"type": "Point", "coordinates": [-6.26503610048148, 53.3879640919871]}, "properties": {"stop_id": "8220DB000115", "stop_name": "Ballymun Rd Ch", "stop_code": "115"}}, {"type": "Feature", "geometry": {"type": "Point", "coordinates": [-6.259667, 53.377693]}, "properties": {"stop_id": "8220DB000116", "stop_name": "Griffith Lawns", "stop_code": "116"}}, {"type": "Feature", "geometry": {"type": "Point", "coordinates": [-6.257546, 53.377366]}, "properties": {"stop_id": "8220DB000117", "stop_name": "Walnut Rise", "stop_code": "117"}}, {"type": "Feature", "geometry": {"type": "Point", "coordinates": [-6.253592, 53.376643]}, "properties": {"stop_id": "8220DB000118", "stop_name": "Clare Road", "stop_code": "118"}}, {"type": "Feature", "geometry": {"type": "Point", "coordinates": [-6.250766, 53.375191]}, "properties": {"stop_id": "8220DB000119", "stop_name": "Whitehall Village", "stop_code": "119"}}, {"type": "Feature", "geometry": {"type": "Point", "coordinates": [-6.264087, 53.399096]}, "properties": {"stop_id": "8220DB000126", "stop_name": "Nursing Home", "stop_code": "126"}}, {"type": "Feature", "geometry": {"type": "Point", "coordinates": [-6.26368042823971, 53.3991075304805]}, "properties": {"stop_id": "8220DB000127", "stop_name": "Nursing Home", "stop_code": "127"}}, {"type": "Feature", "geometry": {"type": "Point", "coordinates": [-6.26569, 53.389268]}, "properties": {"stop_id": "8220DB000128", "stop_name": "Glasnevin Avenue", "stop_code": "128"}}, {"type": "Feature", "geometry": {"type": "Point", "coordinates": [-6.271423, 53.38989]}, "properties": {"stop_id": "8220DB000129", "stop_name": "Glasnevin Drive", "stop_code": "129"}}, {"type": "Feature", "geometry": {"type": "Point", "coordinates": [-6.274181, 53.390092]}, "properties": {"stop_id": "8220DB000130", "stop_name": "Glasnevin Park", "stop_code": "130"}}, {"type": "Feature", "geometry": {"type": "Point", "coordinates": [-6.278349, 53.390386]}, "properties": {"stop_id": "8220DB000131", "stop_name": "Willow Park Road", "stop_code": "131"}}, {"type": "Feature", "geometry": {"type": "Point", "coordinates": [-6.282719, 53.390521]}, "properties": {"stop_id": "8220DB000132", "stop_name": "Glasnevin Avenue", "stop_code": "132"}}, {"type": "Feature", "geometry": {"type": "Point", "coordinates": [-6.286074, 53.393095]}, "properties": {"stop_id": "8220DB000134", "stop_name": "Grove Road", "stop_code": "134"}}, {"type": "Feature", "geometry": {"type": "Point", "coordinates": [-6.289857, 53.39438]}, "properties": {"stop_id": "8220DB000136", "stop_name": "McKee Rd N", "stop_code": "136"}}, {"type": "Feature", "geometry": {"type": "Point", "coordinates": [-6.292631, 53.392317]}, "properties": {"stop_id": "8220DB000137", "stop_name": "McKee Road", "stop_code": "137"}}, {"type": "Feature", "geometry": {"type": "Point", "coordinates": [-6.29180657264741, 53.3899950092672]}, "properties": {"stop_id": "8220DB000138", "stop_name": "St Canice's BNS", "stop_code": "138"}}, {"type": "Feature", "geometry": {"type": "Point", "coordinates": [-6.28646, 53.390602]}, "properties": {"stop_id": "8220DB000139", "stop_name": "Grove Park Road", "stop_code": "139"}}, {"type": "Feature", "geometry": {"type": "Point", "coordinates": [-6.282504, 53.390634]}, "properties": {"stop_id": "8220DB000140", "stop_name": "Glasnevin Avenue", "stop_code": "140"}}, {"type": "Feature", "geometry": {"type": "Point", "coordinates": [-6.27809124468715, 53.3904450850916]}, "properties": {"stop_id": "8220DB000141", "stop_name": "Willow Park Road", "stop_code": "141"}}, {"type": "Feature", "geometry": {"type": "Point", "coordinates": [-6.27407172195534, 53.3901982852621]}, "properties": {"stop_id": "8220DB000142", "stop_name": "Glasnevin Park", "stop_code": "142"}}, {"type": "Feature", "geometry": {"type": "Point", "coordinates": [-6.2692433699802, 53.389876708405]}, "properties": {"stop_id": "8220DB000143", "stop_name": "Willow Park Avenue", "stop_code": "143"}}, {"type": "Feature", "geometry": {"type": "Point", "coordinates": [-6.26509558567468, 53.3750401276319]}, "properties": {"stop_id": "8220DB000146", "stop_name": "Na Fianna GAA Club", "stop_code": "146"}}, {"type": "Feature", "geometry": {"type": "Point", "coordinates": [-6.265831, 53.37248]}, "properties": {"stop_id": "8220DB000147", "stop_name": "Tolka Br", "stop_code": "147"}}, {"type": "Feature", "geometry": {"type": "Point", "coordinates": [-6.26806850705825, 53.3706701663468]}, "properties": {"stop_id": "8220DB000148", "stop_name": "Mobhi Road", "stop_code": "148"}}, {"type": "Feature", "geometry": {"type": "Point", "coordinates": [-6.265985, 53.373139]}, "properties": {"stop_id": "8220DB000149", "stop_name": "Tolka Br", "stop_code": "149"}}, {"type": "Feature", "geometry": {"type": "Point", "coordinates": [-6.26499528302822, 53.3756588461862]}, "properties": {"stop_id": "8220DB000150", "stop_name": "Na Fianna GAA Club", "stop_code": "150"}}, {"type": "Feature", "geometry": {"type": "Point", "coordinates": [-6.269294, 53.371955]}, "properties": {"stop_id": "8220DB000151", "stop_name": "Botanic Gardens", "stop_code": "151"}}, {"type": "Feature", "geometry": {"type": "Point", "coordinates": [-6.270134, 53.375689]}, "properties": {"stop_id": "8220DB000153", "stop_name": "Met \u00c9ireann", "stop_code": "153"}}, {"type": "Feature", "geometry": {"type": "Point", "coordinates": [-6.275557, 53.377259]}, "properties": {"stop_id": "8220DB000154", "stop_name": "Cremore Ave", "stop_code": "154"}}, {"type": "Feature", "geometry": {"type": "Point", "coordinates": [-6.27951, 53.37792]}, "properties": {"stop_id": "8220DB000155", "stop_name": "Ol Finglas Rd", "stop_code": "155"}}, {"type": "Feature", "geometry": {"type": "Point", "coordinates": [-6.281665, 53.378623]}, "properties": {"stop_id": "8220DB000156", "stop_name": "Northland Gr", "stop_code": "156"}}, {"type": "Feature", "geometry": {"type": "Point", "coordinates": [-6.281638, 53.380412]}, "properties": {"stop_id": "8220DB000157", "stop_name": "Tolka Estate", "stop_code": "157"}}, {"type": "Feature", "geometry": {"type": "Point", "coordinates": [-6.283564, 53.381482]}, "properties": {"stop_id": "8220DB000158", "stop_name": "Griffith Road", "stop_code": "158"}}, {"type": "Feature", "geometry": {"type": "Point", "coordinates": [-6.28283511246108, 53.3827837191573]}, "properties": {"stop_id": "8220DB000159", "stop_name": "Griffith Parade", "stop_code": "159"}}, {"type": "Feature", "geometry": {"type": "Point", "coordinates": [-6.279637, 53.387151]}, "properties": {"stop_id": "8220DB000163", "stop_name": "Ferndale Ave", "stop_code": "163"}}, {"type": "Feature", "geometry": {"type": "Point", "coordinates": [-6.280488, 53.38843]}, "properties": {"stop_id": "8220DB000164", "stop_name": "Beneavin Ct", "stop_code": "164"}}, {"type": "Feature", "geometry": {"type": "Point", "coordinates": [-6.283771, 53.389035]}, "properties": {"stop_id": "8220DB000165", "stop_name": "Beneavin Pk", "stop_code": "165"}}, {"type": "Feature", "geometry": {"type": "Point", "coordinates": [-6.284424, 53.38926]}, "properties": {"stop_id": "8220DB000168", "stop_name": "Beneavin Pk", "stop_code": "168"}}, {"type": "Feature", "geometry": {"type": "Point", "coordinates": [-6.280112, 53.388434]}, "properties": {"stop_id": "8220DB000169", "stop_name": "Beneavin Ct", "stop_code": "169"}}, {"type": "Feature", "geometry": {"type": "Point", "coordinates": [-6.279269, 53.386966]}, "properties": {"stop_id": "8220DB000170", "stop_name": "Ferndale Ave", "stop_code": "170"}}, {"type": "Feature", "geometry": {"type": "Point", "coordinates": [-6.280547, 53.382122]}, "properties": {"stop_id": "8220DB000173", "stop_name": "Glasnamana Pl", "stop_code": "173"}}, {"type": "Feature", "geometry": {"type": "Point", "coordinates": [-6.28095056210771, 53.3806803549474]}, "properties": {"stop_id": "8220DB000174", "stop_name": "Tolka Estate", "stop_code": "174"}}, {"type": "Feature", "geometry": {"type": "Point", "coordinates": [-6.281568, 53.378424]}, "properties": {"stop_id": "8220DB000175", "stop_name": "Northland Gr", "stop_code": "175"}}, {"type": "Feature", "geometry": {"type": "Point", "coordinates": [-6.279299, 53.378032]}, "properties": {"stop_id": "8220DB000176", "stop_name": "Ol Finglas Rd", "stop_code": "176"}}, {"type": "Feature", "geometry": {"type": "Point", "coordinates": [-6.276224, 53.380468]}, "properties": {"stop_id": "8220DB000177", "stop_name": "Glasilawn Road", "stop_code": "177"}}, {"type": "Feature", "geometry": {"type": "Point", "coordinates": [-6.276347, 53.38189]}, "properties": {"stop_id": "8220DB000178", "stop_name": "Ballygall Rd E", "stop_code": "178"}}, {"type": "Feature", "geometry": {"type": "Point", "coordinates": [-6.276005, 53.380303]}, "properties": {"stop_id": "8220DB000179", "stop_name": "Glasilawn Road", "stop_code": "179"}}, {"type": "Feature", "geometry": {"type": "Point", "coordinates": [-6.276396, 53.37844]}, "properties": {"stop_id": "8220DB000180", "stop_name": "Cremore Crescent", "stop_code": "180"}}, {"type": "Feature", "geometry": {"type": "Point", "coordinates": [-6.274224, 53.37715]}, "properties": {"stop_id": "8220DB000181", "stop_name": "Cremore Ave", "stop_code": "181"}}, {"type": "Feature", "geometry": {"type": "Point", "coordinates": [-6.269805, 53.375657]}, "properties": {"stop_id": "8220DB000182", "stop_name": "Met \u00c9ireann", "stop_code": "182"}}, {"type": "Feature", "geometry": {"type": "Point", "coordinates": [-6.268753, 53.372316]}, "properties": {"stop_id": "8220DB000183", "stop_name": "Botanic Gardens", "stop_code": "183"}}, {"type": "Feature", "geometry": {"type": "Point", "coordinates": [-6.268979, 53.369704]}, "properties": {"stop_id": "8220DB000184", "stop_name": "Fairfield Rd", "stop_code": "184"}}, {"type": "Feature", "geometry": {"type": "Point", "coordinates": [-6.270021, 53.368101]}, "properties": {"stop_id": "8220DB000185", "stop_name": "Wayfinding Centre", "stop_code": "185"}}, {"type": "Feature", "geometry": {"type": "Point", "coordinates": [-6.27159, 53.365355]}, "properties": {"stop_id": "8220DB000186", "stop_name": "Hart's Corner", "stop_code": "186"}}, {"type": "Feature", "geometry": {"type": "Point", "coordinates": [-6.272447, 53.362734]}, "properties": {"stop_id": "8220DB000187", "stop_name": "Munster Street", "stop_code": "187"}}, {"type": "Feature", "geometry": {"type": "Point", "coordinates": [-6.272583, 53.360121]}, "properties": {"stop_id": "8220DB000188", "stop_name": "Doyle's Corner", "stop_code": "188"}}, {"type": "Feature", "geometry": {"type": "Point", "coordinates": [-6.273469, 53.357167]}, "properties": {"stop_id": "8220DB000189", "stop_name": "Phibsborough Road", "stop_code": "189"}}, {"type": "Feature", "geometry": {"type": "Point", "coordinates": [-6.27337107400574, 53.3551257304144]}, "properties": {"stop_id": "8220DB000190", "stop_name": "Broadstone", "stop_code": "190"}}, {"type": "Feature", "geometry": {"type": "Point", "coordinates": [-6.26981, 53.35514]}, "properties": {"stop_id": "8220DB000191", "stop_name": "Western Way", "stop_code": "191"}}, {"type": "Feature", "geometry": {"type": "Point", "coordinates": [-6.268077, 53.356397]}, "properties": {"stop_id": "8220DB000192", "stop_name": "Mountjoy Street", "stop_code": "192"}}, {"type": "Feature", "geometry": {"type": "Point", "coordinates": [-6.294104, 53.391196]}, "properties": {"stop_id": "8220DB000193", "stop_name": "Clune Road", "stop_code": "193"}}, {"type": "Feature", "geometry": {"type": "Point", "coordinates": [-6.26997931103774, 53.3550406495518]}, "properties": {"stop_id": "8220DB000194", "stop_name": "Western Way", "stop_code": "194"}}, {"type": "Feature", "geometry": {"type": "Point", "coordinates": [-6.27357097973096, 53.3550117778767]}, "properties": {"stop_id": "8220DB000195", "stop_name": "Broadstone", "stop_code": "195"}}, {"type": "Feature", "geometry": {"type": "Point", "coordinates": [-6.273751, 53.356884]}, "properties": {"stop_id": "8220DB000196", "stop_name": "Phibsborough Road", "stop_code": "196"}}, {"type": "Feature", "geometry": {"type": "Point", "coordinates": [-6.273231, 53.358953]}, "properties": {"stop_id": "8220DB000197", "stop_name": "Monck Place", "stop_code": "197"}}, {"type": "Feature", "geometry": {"type": "Point", "coordinates": [-6.272838, 53.361625]}, "properties": {"stop_id": "8220DB000198", "stop_name": "Doyle's Corner", "stop_code": "198"}}, {"type": "Feature", "geometry": {"type": "Point", "coordinates": [-6.272291, 53.363622]}, "properties": {"stop_id": "8220DB000199", "stop_name": "Munster Street", "stop_code": "199"}}, {"type": "Feature", "geometry": {"type": "Point", "coordinates": [-6.271596, 53.367423]}, "properties": {"stop_id": "8220DB000200", "stop_name": "Prospect Way", "stop_code": "200"}}, {"type": "Feature", "geometry": {"type": "Point", "coordinates": [-6.270119, 53.368291]}, "properties": {"stop_id": "8220DB000201", "stop_name": "Wayfinding Centre", "stop_code": "201"}}, {"type": "Feature", "geometry": {"type": "Point", "coordinates": [-6.268904, 53.37008]}, "properties": {"stop_id": "8220DB000202", "stop_name": "Fairfield Rd", "stop_code": "202"}}, {"type": "Feature", "geometry": {"type": "Point", "coordinates": [-6.25001, 53.376393]}, "properties": {"stop_id": "8220DB000203", "stop_name": "Whitehall Village", "stop_code": "203"}}, {"type": "Feature", "geometry": {"type": "Point", "coordinates": [-6.246662, 53.379588]}, "properties": {"stop_id": "8220DB000204", "stop_name": "Plunket College", "stop_code": "204"}}, {"type": "Feature", "geometry": {"type": "Point", "coordinates": [-6.245326, 53.381375]}, "properties": {"stop_id": "8220DB000205", "stop_name": "Iveragh Road", "stop_code": "205"}}, {"type": "Feature", "geometry": {"type": "Point", "coordinates": [-6.247477, 53.383546]}, "properties": {"stop_id": "8220DB000206", "stop_name": "Larkhill Rd", "stop_code": "206"}}, {"type": "Feature", "geometry": {"type": "Point", "coordinates": [-6.249875, 53.384822]}, "properties": {"stop_id": "8220DB000207", "stop_name": "Larkhill Road", "stop_code": "207"}}, {"type": "Feature", "geometry": {"type": "Point", "coordinates": [-6.24795040815756, 53.3866539303158]}, "properties": {"stop_id": "8220DB000208", "stop_name": "Glendun Road", "stop_code": "208"}}, {"type": "Feature", "geometry": {"type": "Point", "coordinates": [-6.24591, 53.387271]}, "properties": {"stop_id": "8220DB000209", "stop_name": "Larkhill Road", "stop_code": "209"}}, {"type": "Feature", "geometry": {"type": "Point", "coordinates": [-6.248318, 53.387594]}, "properties": {"stop_id": "8220DB000210", "stop_name": "Crestfield Road", "stop_code": "210"}}, {"type": "Feature", "geometry": {"type": "Point", "coordinates": [-6.24916, 53.384281]}, "properties": {"stop_id": "8220DB000211", "stop_name": "Falcarragh Rd", "stop_code": "211"}}, {"type": "Feature", "geometry": {"type": "Point", "coordinates": [-6.246258, 53.383196]}, "properties": {"stop_id": "8220DB000212", "stop_name": "Larkhill Rd", "stop_code": "212"}}, {"type": "Feature", "geometry": {"type": "Point", "coordinates": [-6.244872, 53.38145]}, "properties": {"stop_id": "8220DB000213", "stop_name": "Iveragh Road", "stop_code": "213"}}, {"type": "Feature", "geometry": {"type": "Point", "coordinates": [-6.246655, 53.379408]}, "properties": {"stop_id": "8220DB000214", "stop_name": "Plunket College", "stop_code": "214"}}, {"type": "Feature", "geometry": {"type": "Point", "coordinates": [-6.242449, 53.381872]}, "properties": {"stop_id": "8220DB000215", "stop_name": "Whitehall Cross", "stop_code": "215"}}, {"type": "Feature", "geometry": {"type": "Point", "coordinates": [-6.238191, 53.382331]}, "properties": {"stop_id": "8220DB000216", "stop_name": "Yellow Road", "stop_code": "216"}}, {"type": "Feature", "geometry": {"type": "Point", "coordinates": [-6.236801, 53.384324]}, "properties": {"stop_id": "8220DB000217", "stop_name": "Grace Park Ct", "stop_code": "217"}}, {"type": "Feature", "geometry": {"type": "Point", "coordinates": [-6.233788, 53.385924]}, "properties": {"stop_id": "8220DB000218", "stop_name": "Shantalla Road", "stop_code": "218"}}, {"type": "Feature", "geometry": {"type": "Point", "coordinates": [-6.244981, 53.38794]}, "properties": {"stop_id": "8220DB000220", "stop_name": "Shantalla Br", "stop_code": "220"}}, {"type": "Feature", "geometry": {"type": "Point", "coordinates": [-6.25972, 53.391877]}, "properties": {"stop_id": "8220DB000228", "stop_name": "Shanliss Road", "stop_code": "228"}}, {"type": "Feature", "geometry": {"type": "Point", "coordinates": [-6.233537, 53.385821]}, "properties": {"stop_id": "8220DB000233", "stop_name": "Shantalla Road", "stop_code": "233"}}, {"type": "Feature", "geometry": {"type": "Point", "coordinates": [-6.234821, 53.384951]}, "properties": {"stop_id": "8220DB000234", "stop_name": "Beaumont Grove", "stop_code": "234"}}, {"type": "Feature", "geometry": {"type": "Point", "coordinates": [-6.237249, 53.383297]}, "properties": {"stop_id": "8220DB000235", "stop_name": "Grace Park Ct", "stop_code": "235"}}, {"type": "Feature", "geometry": {"type": "Point", "coordinates": [-6.23819, 53.38208]}, "properties": {"stop_id": "8220DB000236", "stop_name": "Yellow Road", "stop_code": "236"}}, {"type": "Feature", "geometry": {"type": "Point", "coordinates": [-6.243525, 53.382032]}, "properties": {"stop_id": "8220DB000237", "stop_name": "Whitehall Cross", "stop_code": "237"}}, {"type": "Feature", "geometry": {"type": "Point", "coordinates": [-6.23201, 53.385655]}, "properties": {"stop_id": "8220DB000242", "stop_name": "Coolgreena Rd", "stop_code": "242"}}, {"type": "Feature", "geometry": {"type": "Point", "coordinates": [-6.22954, 53.38578]}, "properties": {"stop_id": "8220DB000243", "stop_name": "Beaumont Crescent", "stop_code": "243"}}, {"type": "Feature", "geometry": {"type": "Point", "coordinates": [-6.223498, 53.384998]}, "properties": {"stop_id": "8220DB000244", "stop_name": "Skelly's Lane", "stop_code": "244"}}, {"type": "Feature", "geometry": {"type": "Point", "coordinates": [-6.219567, 53.384472]}, "properties": {"stop_id": "8220DB000245", "stop_name": "Whitethorn Rise", "stop_code": "245"}}, {"type": "Feature", "geometry": {"type": "Point", "coordinates": [-6.216231, 53.385151]}, "properties": {"stop_id": "8220DB000246", "stop_name": "Artaine Castle", "stop_code": "246"}}, {"type": "Feature", "geometry": {"type": "Point", "coordinates": [-6.214501, 53.386976]}, "properties": {"stop_id": "8220DB000247", "stop_name": "Maryfield Drive", "stop_code": "247"}}, {"type": "Feature", "geometry": {"type": "Point", "coordinates": [-6.21446963135785, 53.3855645601725]}, "properties": {"stop_id": "8220DB000248", "stop_name": "Maryfield Drive", "stop_code": "248"}}, {"type": "Feature", "geometry": {"type": "Point", "coordinates": [-6.21615, 53.384934]}, "properties": {"stop_id": "8220DB000249", "stop_name": "Artaine Castle", "stop_code": "249"}}, {"type": "Feature", "geometry": {"type": "Point", "coordinates": [-6.220245, 53.384419]}, "properties": {"stop_id": "8220DB000250", "stop_name": "Whitethorn Rise", "stop_code": "250"}}, {"type": "Feature", "geometry": {"type": "Point", "coordinates": [-6.22322, 53.384832]}, "properties": {"stop_id": "8220DB000251", "stop_name": "Skelly's Lane", "stop_code": "251"}}, {"type": "Feature", "geometry": {"type": "Point", "coordinates": [-6.22797, 53.385568]}, "properties": {"stop_id": "8220DB000252", "stop_name": "Beaumont Crescent", "stop_code": "252"}}, {"type": "Feature", "geometry": {"type": "Point", "coordinates": [-6.224299, 53.389963]}, "properties": {"stop_id": "8220DB000253", "stop_name": "Beaumont Hospital", "stop_code": "253"}}, {"type": "Feature", "geometry": {"type": "Point", "coordinates": [-6.224106, 53.390265]}, "properties": {"stop_id": "8220DB000254", "stop_name": "Beaumont Hospital", "stop_code": "254"}}, {"type": "Feature", "geometry": {"type": "Point", "coordinates": [-6.231532, 53.385594]}, "properties": {"stop_id": "8220DB000255", "stop_name": "Coolgreena Rd", "stop_code": "255"}}, {"type": "Feature", "geometry": {"type": "Point", "coordinates": [-6.243885, 53.374011]}, "properties": {"stop_id": "8220DB000259", "stop_name": "Grace Park Rd", "stop_code": "259"}}, {"type": "Feature", "geometry": {"type": "Point", "coordinates": [-6.262853, 53.354056]}, "properties": {"stop_id": "8220DB000261", "stop_name": "Parnell Sq East", "stop_code": "261"}}, {"type": "Feature", "geometry": {"type": "Point", "coordinates": [-6.262753, 53.353947]}, "properties": {"stop_id": "8220DB000262", "stop_name": "Parnell Sq East", "stop_code": "262"}}, {"type": "Feature", "geometry": {"type": "Point", "coordinates": [-6.262505, 53.353746]}, "properties": {"stop_id": "8220DB000263", "stop_name": "Parnell Sq East", "stop_code": "263"}}, {"type": "Feature", "geometry": {"type": "Point", "coordinates": [-6.26197, 53.353316]}, "properties": {"stop_id": "8220DB000264", "stop_name": "Parnell Square East", "stop_code": "264"}}, {"type": "Feature", "geometry": {"type": "Point", "coordinates": [-6.261658, 53.353122]}, "properties": {"stop_id": "8220DB000265", "stop_name": "Parnell Square East", "stop_code": "265"}}, {"type": "Feature", "geometry": {"type": "Point", "coordinates": [-6.260424, 53.350623]}, "properties": {"stop_id": "8220DB000270", "stop_name": "O'Connell St Upr", "stop_code": "270"}}, {"type": "Feature", "geometry": {"type": "Point", "coordinates": [-6.259485, 53.348596]}, "properties": {"stop_id": "8220DB000271", "stop_name": "O'Connell St Lwr", "stop_code": "271"}}, {"type": "Feature", "geometry": {"type": "Point", "coordinates": [-6.258819, 53.347247]}, "properties": {"stop_id": "8220DB000273", "stop_name": "O'Connell Br", "stop_code": "273"}}, {"type": "Feature", "geometry": {"type": "Point", "coordinates": [-6.26072086862175, 53.3503490838222]}, "properties": {"stop_id": "8220DB000274", "stop_name": "O'Connell St Upper", "stop_code": "274"}}, {"type": "Feature", "geometry": {"type": "Point", "coordinates": [-6.331797, 53.377402]}, "properties": {"stop_id": "8220DB000276", "stop_name": "River Road", "stop_code": "276"}}, {"type": "Feature", "geometry": {"type": "Point", "coordinates": [-6.26050631978692, 53.350822325818]}, "properties": {"stop_id": "8220DB000277", "stop_name": "O'Connell St Upper", "stop_code": "277"}}, {"type": "Feature", "geometry": {"type": "Point", "coordinates": [-6.261227, 53.351561]}, "properties": {"stop_id": "8220DB000278", "stop_name": "O'Connell St Upr", "stop_code": "278"}}, {"type": "Feature", "geometry": {"type": "Point", "coordinates": [-6.26061, 53.350132]}, "properties": {"stop_id": "8220DB000279", "stop_name": "O'Connell St Upr", "stop_code": "279"}}, {"type": "Feature", "geometry": {"type": "Point", "coordinates": [-6.261116, 53.351343]}, "properties": {"stop_id": "8220DB000281", "stop_name": "O'Connell St Upper", "stop_code": "281"}}, {"type": "Feature", "geometry": {"type": "Point", "coordinates": [-6.328389, 53.377283]}, "properties": {"stop_id": "8220DB000284", "stop_name": "Rathbourne Avenue", "stop_code": "284"}}, {"type": "Feature", "geometry": {"type": "Point", "coordinates": [-6.259911, 53.352171]}, "properties": {"stop_id": "8220DB000286", "stop_name": "Cathal Brugha St", "stop_code": "286"}}, {"type": "Feature", "geometry": {"type": "Point", "coordinates": [-6.255602, 53.349169]}, "properties": {"stop_id": "8220DB000288", "stop_name": "Irish Life", "stop_code": "288"}}, {"type": "Feature", "geometry": {"type": "Point", "coordinates": [-6.256298, 53.349035]}, "properties": {"stop_id": "8220DB000289", "stop_name": "Abbey St", "stop_code": "289"}}, {"type": "Feature", "geometry": {"type": "Point", "coordinates": [-6.255255, 53.3492]}, "properties": {"stop_id": "8220DB000292", "stop_name": "Abbey St Lower", "stop_code": "292"}}, {"type": "Feature", "geometry": {"type": "Point", "coordinates": [-6.25677012601713, 53.3481432679358]}, "properties": {"stop_id": "8220DB000297", "stop_name": "Eden Quay", "stop_code": "297"}}, {"type": "Feature", "geometry": {"type": "Point", "coordinates": [-6.256392, 53.348201]}, "properties": {"stop_id": "8220DB000298", "stop_name": "Eden Quay", "stop_code": "298"}}, {"type": "Feature", "geometry": {"type": "Point", "coordinates": [-6.256135, 53.348242]}, "properties": {"stop_id": "8220DB000299", "stop_name": "Eden Quay", "stop_code": "299"}}, {"type": "Feature", "geometry": {"type": "Point", "coordinates": [-6.255757, 53.348299]}, "properties": {"stop_id": "8220DB000300", "stop_name": "Eden Quay", "stop_code": "300"}}, {"type": "Feature", "geometry": {"type": "Point", "coordinates": [-6.256626, 53.347988]}, "properties": {"stop_id": "8220DB000301", "stop_name": "Eden Quay", "stop_code": "301"}}, {"type": "Feature", "geometry": {"type": "Point", "coordinates": [-6.256339, 53.348038]}, "properties": {"stop_id": "8220DB000302", "stop_name": "Eden Quay", "stop_code": "302"}}, {"type": "Feature", "geometry": {"type": "Point", "coordinates": [-6.255992, 53.34806]}, "properties": {"stop_id": "8220DB000303", "stop_name": "Eden Quay", "stop_code": "303"}}, {"type": "Feature", "geometry": {"type": "Point", "coordinates": [-6.280087, 53.334577]}, "properties": {"stop_id": "8220DB000307", "stop_name": "O'Donovan Rd", "stop_code": "307"}}, {"type": "Feature", "geometry": {"type": "Point", "coordinates": [-6.279534, 53.336771]}, "properties": {"stop_id": "8220DB000308", "stop_name": "Oscar Square", "stop_code": "308"}}, {"type": "Feature", "geometry": {"type": "Point", "coordinates": [-6.27895, 53.33784]}, "properties": {"stop_id": "8220DB000309", "stop_name": "Ardee St", "stop_code": "309"}}, {"type": "Feature", "geometry": {"type": "Point", "coordinates": [-6.2662061554843, 53.3454764728264]}, "properties": {"stop_id": "8220DB000312", "stop_name": "Wellington Quay", "stop_code": "312"}}, {"type": "Feature", "geometry": {"type": "Point", "coordinates": [-6.261667, 53.347028]}, "properties": {"stop_id": "8220DB000315", "stop_name": "Bachelors Walk", "stop_code": "315"}}, {"type": "Feature", "geometry": {"type": "Point", "coordinates": [-6.259269, 53.346526]}, "properties": {"stop_id": "8220DB000317", "stop_name": "Westmoreland Street", "stop_code": "317"}}, {"type": "Feature", "geometry": {"type": "Point", "coordinates": [-6.25929, 53.34622]}, "properties": {"stop_id": "8220DB000319", "stop_name": "Westmoreland Street", "stop_code": "319"}}, {"type": "Feature", "geometry": {"type": "Point", "coordinates": [-6.25930523253448, 53.3456456323889]}, "properties": {"stop_id": "8220DB000320", "stop_name": "Westmoreland Street", "stop_code": "320"}}, {"type": "Feature", "geometry": {"type": "Point", "coordinates": [-6.2599082595371, 53.3466970502533]}, "properties": {"stop_id": "8220DB000325", "stop_name": "Aston Quay", "stop_code": "325"}}, {"type": "Feature", "geometry": {"type": "Point", "coordinates": [-6.26144, 53.346333]}, "properties": {"stop_id": "8220DB000328", "stop_name": "Aston Quay", "stop_code": "328"}}, {"type": "Feature", "geometry": {"type": "Point", "coordinates": [-6.261683, 53.346274]}, "properties": {"stop_id": "8220DB000329", "stop_name": "Aston Quay", "stop_code": "329"}}, {"type": "Feature", "geometry": {"type": "Point", "coordinates": [-6.258346, 53.346692]}, "properties": {"stop_id": "8220DB000333", "stop_name": "D'Olier Street", "stop_code": "333"}}, {"type": "Feature", "geometry": {"type": "Point", "coordinates": [-6.258126, 53.346581]}, "properties": {"stop_id": "8220DB000334", "stop_name": "D'Olier Street", "stop_code": "334"}}, {"type": "Feature", "geometry": {"type": "Point", "coordinates": [-6.257849, 53.346361]}, "properties": {"stop_id": "8220DB000335", "stop_name": "D'Olier Street", "stop_code": "335"}}, {"type": "Feature", "geometry": {"type": "Point", "coordinates": [-6.257719, 53.346252]}, "properties": {"stop_id": "8220DB000336", "stop_name": "D'Olier Street", "stop_code": "336"}}, {"type": "Feature", "geometry": {"type": "Point", "coordinates": [-6.256017, 53.345975]}, "properties": {"stop_id": "8220DB000340", "stop_name": "Townsend Street", "stop_code": "340"}}, {"type": "Feature", "geometry": {"type": "Point", "coordinates": [-6.256293, 53.345476]}, "properties": {"stop_id": "8220DB000345", "stop_name": "Pearse St Garda Stn", "stop_code": "345"}}, {"type": "Feature", "geometry": {"type": "Point", "coordinates": [-6.249768, 53.345632]}, "properties": {"stop_id": "8220DB000350", "stop_name": "Lombard Street East", "stop_code": "350"}}, {"type": "Feature", "geometry": {"type": "Point", "coordinates": [-6.24530817378361, 53.3434182647907]}, "properties": {"stop_id": "8220DB000351", "stop_name": "Erne Street", "stop_code": "351"}}, {"type": "Feature", "geometry": {"type": "Point", "coordinates": [-6.242412, 53.342989]}, "properties": {"stop_id": "8220DB000352", "stop_name": "Pearse Sq", "stop_code": "352"}}, {"type": "Feature", "geometry": {"type": "Point", "coordinates": [-6.2396, 53.34263]}, "properties": {"stop_id": "8220DB000353", "stop_name": "Grnd Canal Quay", "stop_code": "353"}}, {"type": "Feature", "geometry": {"type": "Point", "coordinates": [-6.2364356898267, 53.3422358280174]}, "properties": {"stop_id": "8220DB000354", "stop_name": "Ringsend Road", "stop_code": "354"}}, {"type": "Feature", "geometry": {"type": "Point", "coordinates": [-6.233059, 53.341817]}, "properties": {"stop_id": "8220DB000355", "stop_name": "Ringsend Depot", "stop_code": "355"}}, {"type": "Feature", "geometry": {"type": "Point", "coordinates": [-6.226717, 53.341903]}, "properties": {"stop_id": "8220DB000356", "stop_name": "Ringsend Village", "stop_code": "356"}}, {"type": "Feature", "geometry": {"type": "Point", "coordinates": [-6.223122, 53.339171]}, "properties": {"stop_id": "8220DB000357", "stop_name": "Irishtown Rd", "stop_code": "357"}}, {"type": "Feature", "geometry": {"type": "Point", "coordinates": [-6.21709, 53.339027]}, "properties": {"stop_id": "8220DB000358", "stop_name": "Sean Moore Rd", "stop_code": "358"}}, {"type": "Feature", "geometry": {"type": "Point", "coordinates": [-6.212528, 53.340791]}, "properties": {"stop_id": "8220DB000369", "stop_name": "Sean Moore Rd", "stop_code": "369"}}, {"type": "Feature", "geometry": {"type": "Point", "coordinates": [-6.223055, 53.338613]}, "properties": {"stop_id": "8220DB000371", "stop_name": "Irishtown Rd", "stop_code": "371"}}, {"type": "Feature", "geometry": {"type": "Point", "coordinates": [-6.21965567144901, 53.3354881469499]}, "properties": {"stop_id": "8220DB000372", "stop_name": "Star of the Sea", "stop_code": "372"}}, {"type": "Feature", "geometry": {"type": "Point", "coordinates": [-6.21788927259654, 53.3342753312713]}, "properties": {"stop_id": "8220DB000373", "stop_name": "Farney Park", "stop_code": "373"}}, {"type": "Feature", "geometry": {"type": "Point", "coordinates": [-6.21640134211922, 53.3332284399006]}, "properties": {"stop_id": "8220DB000374", "stop_name": "Sandymount", "stop_code": "374"}}, {"type": "Feature", "geometry": {"type": "Point", "coordinates": [-6.2143845130625, 53.3340611346518]}, "properties": {"stop_id": "8220DB000375", "stop_name": "Dromard Terrace", "stop_code": "375"}}, {"type": "Feature", "geometry": {"type": "Point", "coordinates": [-6.21237419337667, 53.3243237661065]}, "properties": {"stop_id": "8220DB000381", "stop_name": "St John's Church", "stop_code": "381"}}, {"type": "Feature", "geometry": {"type": "Point", "coordinates": [-6.211228, 53.332351]}, "properties": {"stop_id": "8220DB000385", "stop_name": "Newgrove Avenue", "stop_code": "385"}}, {"type": "Feature", "geometry": {"type": "Point", "coordinates": [-6.215741, 53.332499]}, "properties": {"stop_id": "8220DB000387", "stop_name": "Sandymount", "stop_code": "387"}}, {"type": "Feature", "geometry": {"type": "Point", "coordinates": [-6.21848, 53.334509]}, "properties": {"stop_id": "8220DB000388", "stop_name": "Farney Park", "stop_code": "388"}}, {"type": "Feature", "geometry": {"type": "Point", "coordinates": [-6.219634, 53.33529]}, "properties": {"stop_id": "8220DB000389", "stop_name": "Star of the Sea", "stop_code": "389"}}, {"type": "Feature", "geometry": {"type": "Point", "coordinates": [-6.2222394793377, 53.3376299137845]}, "properties": {"stop_id": "8220DB000390", "stop_name": "Tritonville Road", "stop_code": "390"}}, {"type": "Feature", "geometry": {"type": "Point", "coordinates": [-6.223925, 53.340064]}, "properties": {"stop_id": "8220DB000391", "stop_name": "St Brendan's Ctgs", "stop_code": "391"}}, {"type": "Feature", "geometry": {"type": "Point", "coordinates": [-6.227415, 53.341734]}, "properties": {"stop_id": "8220DB000392", "stop_name": "Ringsend Village", "stop_code": "392"}}, {"type": "Feature", "geometry": {"type": "Point", "coordinates": [-6.222375, 53.336904]}, "properties": {"stop_id": "8220DB000393", "stop_name": "Tritonville Road", "stop_code": "393"}}, {"type": "Feature", "geometry": {"type": "Point", "coordinates": [-6.235277, 53.34194]}, "properties": {"stop_id": "8220DB000395", "stop_name": "Ringsend Road", "stop_code": "395"}}, {"type": "Feature", "geometry": {"type": "Point", "coordinates": [-6.23968, 53.34247]}, "properties": {"stop_id": "8220DB000396", "stop_name": "Grnd Canal Quay", "stop_code": "396"}}, {"type": "Feature", "geometry": {"type": "Point", "coordinates": [-6.242015, 53.342786]}, "properties": {"stop_id": "8220DB000397", "stop_name": "Pearse Sq", "stop_code": "397"}}, {"type": "Feature", "geometry": {"type": "Point", "coordinates": [-6.24547844686789, 53.3432949350358]}, "properties": {"stop_id": "8220DB000398", "stop_name": "Erne Street", "stop_code": "398"}}, {"type": "Feature", "geometry": {"type": "Point", "coordinates": [-6.248309, 53.343867]}, "properties": {"stop_id": "8220DB000399", "stop_name": "Pearse Street", "stop_code": "399"}}, {"type": "Feature", "geometry": {"type": "Point", "coordinates": [-6.25339, 53.344849]}, "properties": {"stop_id": "8220DB000400", "stop_name": "Shaw Street", "stop_code": "400"}}, {"type": "Feature", "geometry": {"type": "Point", "coordinates": [-6.256706, 53.342714]}, "properties": {"stop_id": "8220DB000403", "stop_name": "Nassau Street", "stop_code": "403"}}, {"type": "Feature", "geometry": {"type": "Point", "coordinates": [-6.256348, 53.342663]}, "properties": {"stop_id": "8220DB000404", "stop_name": "Nassau Street", "stop_code": "404"}}, {"type": "Feature", "geometry": {"type": "Point", "coordinates": [-6.2556043726643, 53.3424816891816]}, "properties": {"stop_id": "8220DB000405", "stop_name": "Nassau Street", "stop_code": "405"}}, {"type": "Feature", "geometry": {"type": "Point", "coordinates": [-6.256125, 53.342606]}, "properties": {"stop_id": "8220DB000406", "stop_name": "Nassau Street", "stop_code": "406"}}, {"type": "Feature", "geometry": {"type": "Point", "coordinates": [-6.253893, 53.348335]}, "properties": {"stop_id": "8220DB000407", "stop_name": "Custom House", "stop_code": "407"}}, {"type": "Feature", "geometry": {"type": "Point", "coordinates": [-6.25001923957642, 53.3409707826238]}, "properties": {"stop_id": "8220DB000408", "stop_name": "Merrion Sq North", "stop_code": "408"}}, {"type": "Feature", "geometry": {"type": "Point", "coordinates": [-6.24769559556976, 53.3401367313169]}, "properties": {"stop_id": "8220DB000409", "stop_name": "Holles Street", "stop_code": "409"}}, {"type": "Feature", "geometry": {"type": "Point", "coordinates": [-6.24389, 53.338814]}, "properties": {"stop_id": "8220DB000410", "stop_name": "Mount Street Lower", "stop_code": "410"}}, {"type": "Feature", "geometry": {"type": "Point", "coordinates": [-6.241772, 53.338117]}, "properties": {"stop_id": "8220DB000411", "stop_name": "Mount Street Br", "stop_code": "411"}}, {"type": "Feature", "geometry": {"type": "Point", "coordinates": [-6.237279, 53.335256]}, "properties": {"stop_id": "8220DB000412", "stop_name": "Haddington Road", "stop_code": "412"}}, {"type": "Feature", "geometry": {"type": "Point", "coordinates": [-6.236546, 53.334094]}, "properties": {"stop_id": "8220DB000413", "stop_name": "Lansdowne Park", "stop_code": "413"}}, {"type": "Feature", "geometry": {"type": "Point", "coordinates": [-6.234473, 53.331574]}, "properties": {"stop_id": "8220DB000414", "stop_name": "Lansdowne Road", "stop_code": "414"}}, {"type": "Feature", "geometry": {"type": "Point", "coordinates": [-6.232948, 53.330338]}, "properties": {"stop_id": "8220DB000415", "stop_name": "American Embassy", "stop_code": "415"}}, {"type": "Feature", "geometry": {"type": "Point", "coordinates": [-6.22936956914703, 53.3286399201175]}, "properties": {"stop_id": "8220DB000416", "stop_name": "RDS Ballsbridge", "stop_code": "416"}}, {"type": "Feature", "geometry": {"type": "Point", "coordinates": [-6.22597, 53.3277]}, "properties": {"stop_id": "8220DB000417", "stop_name": "Merrion Road", "stop_code": "417"}}, {"type": "Feature", "geometry": {"type": "Point", "coordinates": [-6.223395, 53.32572]}, "properties": {"stop_id": "8220DB000418", "stop_name": "British Embassy", "stop_code": "418"}}, {"type": "Feature", "geometry": {"type": "Point", "coordinates": [-6.22045, 53.323995]}, "properties": {"stop_id": "8220DB000419", "stop_name": "Shrewsbury Park", "stop_code": "419"}}, {"type": "Feature", "geometry": {"type": "Point", "coordinates": [-6.217504, 53.321911]}, "properties": {"stop_id": "8220DB000420", "stop_name": "Merlyn Road", "stop_code": "420"}}, {"type": "Feature", "geometry": {"type": "Point", "coordinates": [-6.21449112042242, 53.3200051794214]}, "properties": {"stop_id": "8220DB000421", "stop_name": "Merrion View Avenue", "stop_code": "421"}}, {"type": "Feature", "geometry": {"type": "Point", "coordinates": [-6.21032428070782, 53.318064191863]}, "properties": {"stop_id": "8220DB000422", "stop_name": "St Vincent's Hosp", "stop_code": "422"}}, {"type": "Feature", "geometry": {"type": "Point", "coordinates": [-6.207406, 53.317149]}, "properties": {"stop_id": "8220DB000423", "stop_name": "Herbert Avenue", "stop_code": "423"}}, {"type": "Feature", "geometry": {"type": "Point", "coordinates": [-6.203727, 53.315394]}, "properties": {"stop_id": "8220DB000424", "stop_name": "Merrion Gates", "stop_code": "424"}}, {"type": "Feature", "geometry": {"type": "Point", "coordinates": [-6.204763, 53.315751]}, "properties": {"stop_id": "8220DB000476", "stop_name": "Merrion Gates", "stop_code": "476"}}, {"type": "Feature", "geometry": {"type": "Point", "coordinates": [-6.206952, 53.316863]}, "properties": {"stop_id": "8220DB000477", "stop_name": "Herbert Avenue", "stop_code": "477"}}, {"type": "Feature", "geometry": {"type": "Point", "coordinates": [-6.21126782530888, 53.3181142989155]}, "properties": {"stop_id": "8220DB000478", "stop_name": "St Vincent's Hosp", "stop_code": "478"}}, {"type": "Feature", "geometry": {"type": "Point", "coordinates": [-6.213401, 53.319144]}, "properties": {"stop_id": "8220DB000479", "stop_name": "Merrion Centre", "stop_code": "479"}}, {"type": "Feature", "geometry": {"type": "Point", "coordinates": [-6.216287, 53.32085]}, "properties": {"stop_id": "8220DB000480", "stop_name": "Netherlands Embassy", "stop_code": "480"}}, {"type": "Feature", "geometry": {"type": "Point", "coordinates": [-6.21883, 53.322761]}, "properties": {"stop_id": "8220DB000481", "stop_name": "Wanderers FC", "stop_code": "481"}}, {"type": "Feature", "geometry": {"type": "Point", "coordinates": [-6.221965, 53.324728]}, "properties": {"stop_id": "8220DB000482", "stop_name": "Shrewsbury Road", "stop_code": "482"}}, {"type": "Feature", "geometry": {"type": "Point", "coordinates": [-6.223972, 53.325944]}, "properties": {"stop_id": "8220DB000483", "stop_name": "British Embassy", "stop_code": "483"}}, {"type": "Feature", "geometry": {"type": "Point", "coordinates": [-6.228635, 53.328252]}, "properties": {"stop_id": "8220DB000485", "stop_name": "RDS Ballsbridge", "stop_code": "485"}}, {"type": "Feature", "geometry": {"type": "Point", "coordinates": [-6.228992, 53.328329]}, "properties": {"stop_id": "8220DB000486", "stop_name": "RDS Ballsbridge", "stop_code": "486"}}, {"type": "Feature", "geometry": {"type": "Point", "coordinates": [-6.233902, 53.330855]}, "properties": {"stop_id": "8220DB000487", "stop_name": "American Embassy", "stop_code": "487"}}, {"type": "Feature", "geometry": {"type": "Point", "coordinates": [-6.236077, 53.333099]}, "properties": {"stop_id": "8220DB000488", "stop_name": "Lansdowne Park", "stop_code": "488"}}, {"type": "Feature", "geometry": {"type": "Point", "coordinates": [-6.237352, 53.334942]}, "properties": {"stop_id": "8220DB000489", "stop_name": "St Mary's Rd South", "stop_code": "489"}}, {"type": "Feature", "geometry": {"type": "Point", "coordinates": [-6.238907, 53.336574]}, "properties": {"stop_id": "8220DB000490", "stop_name": "Haddington Road", "stop_code": "490"}}, {"type": "Feature", "geometry": {"type": "Point", "coordinates": [-6.241333, 53.337814]}, "properties": {"stop_id": "8220DB000491", "stop_name": "Mount Street Bridge", "stop_code": "491"}}, {"type": "Feature", "geometry": {"type": "Point", "coordinates": [-6.243614, 53.338585]}, "properties": {"stop_id": "8220DB000492", "stop_name": "Mount Street Lower", "stop_code": "492"}}, {"type": "Feature", "geometry": {"type": "Point", "coordinates": [-6.24737682273898, 53.3398534163774]}, "properties": {"stop_id": "8220DB000493", "stop_name": "Holles Street", "stop_code": "493"}}, {"type": "Feature", "geometry": {"type": "Point", "coordinates": [-6.251682, 53.341436]}, "properties": {"stop_id": "8220DB000494", "stop_name": "Clare Street", "stop_code": "494"}}, {"type": "Feature", "geometry": {"type": "Point", "coordinates": [-6.249747, 53.343591]}, "properties": {"stop_id": "8220DB000495", "stop_name": "Pearse Stn", "stop_code": "495"}}, {"type": "Feature", "geometry": {"type": "Point", "coordinates": [-6.25222357868164, 53.3494968761341]}, "properties": {"stop_id": "8220DB000496", "stop_name": "Bus\u00e1ras", "stop_code": "496"}}, {"type": "Feature", "geometry": {"type": "Point", "coordinates": [-6.250694, 53.350526]}, "properties": {"stop_id": "8220DB000497", "stop_name": "Connolly Stn", "stop_code": "497"}}, {"type": "Feature", "geometry": {"type": "Point", "coordinates": [-6.249089, 53.35745]}, "properties": {"stop_id": "8220DB000499", "stop_name": "Summerhill Pd", "stop_code": "499"}}, {"type": "Feature", "geometry": {"type": "Point", "coordinates": [-6.246289, 53.359036]}, "properties": {"stop_id": "8220DB000500", "stop_name": "Ballybough Road", "stop_code": "500"}}, {"type": "Feature", "geometry": {"type": "Point", "coordinates": [-6.243696, 53.360706]}, "properties": {"stop_id": "8220DB000501", "stop_name": "Clonliffe Ave", "stop_code": "501"}}, {"type": "Feature", "geometry": {"type": "Point", "coordinates": [-6.243325, 53.360601]}, "properties": {"stop_id": "8220DB000509", "stop_name": "Clonliffe Ave", "stop_code": "509"}}, {"type": "Feature", "geometry": {"type": "Point", "coordinates": [-6.245712, 53.359189]}, "properties": {"stop_id": "8220DB000510", "stop_name": "Ballybough Road", "stop_code": "510"}}, {"type": "Feature", "geometry": {"type": "Point", "coordinates": [-6.248635, 53.357516]}, "properties": {"stop_id": "8220DB000511", "stop_name": "Summerhill Pd", "stop_code": "511"}}, {"type": "Feature", "geometry": {"type": "Point", "coordinates": [-6.253973, 53.355212]}, "properties": {"stop_id": "8220DB000513", "stop_name": "Summerhill", "stop_code": "513"}}, {"type": "Feature", "geometry": {"type": "Point", "coordinates": [-6.2472, 53.35439]}, "properties": {"stop_id": "8220DB000515", "stop_name": "Five Lamps", "stop_code": "515"}}, {"type": "Feature", "geometry": {"type": "Point", "coordinates": [-6.244942, 53.35621]}, "properties": {"stop_id": "8220DB000516", "stop_name": "Newcomen Bridge", "stop_code": "516"}}, {"type": "Feature", "geometry": {"type": "Point", "coordinates": [-6.2409909439451, 53.3589041624283]}, "properties": {"stop_id": "8220DB000518", "stop_name": "Nottingham Street", "stop_code": "518"}}, {"type": "Feature", "geometry": {"type": "Point", "coordinates": [-6.239535, 53.360339]}, "properties": {"stop_id": "8220DB000519", "stop_name": "North Strand FS", "stop_code": "519"}}, {"type": "Feature", "geometry": {"type": "Point", "coordinates": [-6.237978, 53.361637]}, "properties": {"stop_id": "8220DB000521", "stop_name": "Annesley Br Road", "stop_code": "521"}}, {"type": "Feature", "geometry": {"type": "Point", "coordinates": [-6.2356, 53.363207]}, "properties": {"stop_id": "8220DB000522", "stop_name": "Fairview", "stop_code": "522"}}, {"type": "Feature", "geometry": {"type": "Point", "coordinates": [-6.231308, 53.364355]}, "properties": {"stop_id": "8220DB000523", "stop_name": "Marino Mart", "stop_code": "523"}}, {"type": "Feature", "geometry": {"type": "Point", "coordinates": [-6.22633091116316, 53.3649608735109]}, "properties": {"stop_id": "8220DB000525", "stop_name": "Howth Road", "stop_code": "525"}}, {"type": "Feature", "geometry": {"type": "Point", "coordinates": [-6.22111227858031, 53.3668695721479]}, "properties": {"stop_id": "8220DB000526", "stop_name": "Copeland Grove", "stop_code": "526"}}, {"type": "Feature", "geometry": {"type": "Point", "coordinates": [-6.21267888054445, 53.3680198762275]}, "properties": {"stop_id": "8220DB000527", "stop_name": "Ashbrook", "stop_code": "527"}}, {"type": "Feature", "geometry": {"type": "Point", "coordinates": [-6.20993674463178, 53.369264080697]}, "properties": {"stop_id": "8220DB000528", "stop_name": "Castle Grove", "stop_code": "528"}}, {"type": "Feature", "geometry": {"type": "Point", "coordinates": [-6.20761234516729, 53.3705774149451]}, "properties": {"stop_id": "8220DB000529", "stop_name": "Collins Avenue", "stop_code": "529"}}, {"type": "Feature", "geometry": {"type": "Point", "coordinates": [-6.204023, 53.371224]}, "properties": {"stop_id": "8220DB000530", "stop_name": "Killester Village", "stop_code": "530"}}, {"type": "Feature", "geometry": {"type": "Point", "coordinates": [-6.20130788472614, 53.3732509125103]}, "properties": {"stop_id": "8220DB000531", "stop_name": "The Demesne", "stop_code": "531"}}, {"type": "Feature", "geometry": {"type": "Point", "coordinates": [-6.19347468575652, 53.375802080403]}, "properties": {"stop_id": "8220DB000532", "stop_name": "The Meadows", "stop_code": "532"}}, {"type": "Feature", "geometry": {"type": "Point", "coordinates": [-6.18705613952442, 53.3775832778026]}, "properties": {"stop_id": "8220DB000533", "stop_name": "Ennafort Park", "stop_code": "533"}}, {"type": "Feature", "geometry": {"type": "Point", "coordinates": [-6.18164, 53.37875]}, "properties": {"stop_id": "8220DB000534", "stop_name": "Cill Eanna", "stop_code": "534"}}, {"type": "Feature", "geometry": {"type": "Point", "coordinates": [-6.17730695711373, 53.380257073034]}, "properties": {"stop_id": "8220DB000535", "stop_name": "Raheny", "stop_code": "535"}}, {"type": "Feature", "geometry": {"type": "Point", "coordinates": [-6.17351172677606, 53.3804237567076]}, "properties": {"stop_id": "8220DB000536", "stop_name": "Raheny Library", "stop_code": "536"}}, {"type": "Feature", "geometry": {"type": "Point", "coordinates": [-6.16815263497725, 53.3799012003047]}, "properties": {"stop_id": "8220DB000537", "stop_name": "Avondale Park", "stop_code": "537"}}, {"type": "Feature", "geometry": {"type": "Point", "coordinates": [-6.16426418318854, 53.3801380645862]}, "properties": {"stop_id": "8220DB000538", "stop_name": "Maywood", "stop_code": "538"}}, {"type": "Feature", "geometry": {"type": "Point", "coordinates": [-6.15935564153758, 53.3806736618095]}, "properties": {"stop_id": "8220DB000539", "stop_name": "Foxfield", "stop_code": "539"}}, {"type": "Feature", "geometry": {"type": "Point", "coordinates": [-6.1551179435333, 53.3813362763679]}, "properties": {"stop_id": "8220DB000540", "stop_name": "Lonsdale", "stop_code": "540"}}, {"type": "Feature", "geometry": {"type": "Point", "coordinates": [-6.15202806844666, 53.3818727077496]}, "properties": {"stop_id": "8220DB000541", "stop_name": "James Larkin Road", "stop_code": "541"}}, {"type": "Feature", "geometry": {"type": "Point", "coordinates": [-6.14626794992908, 53.3836619200447]}, "properties": {"stop_id": "8220DB000542", "stop_name": "Strand View", "stop_code": "542"}}, {"type": "Feature", "geometry": {"type": "Point", "coordinates": [-6.144683, 53.384168]}, "properties": {"stop_id": "8220DB000591", "stop_name": "Kilbarrack Road", "stop_code": "591"}}, {"type": "Feature", "geometry": {"type": "Point", "coordinates": [-6.148383, 53.382733]}, "properties": {"stop_id": "8220DB000592", "stop_name": "James Larkin Road", "stop_code": "592"}}, {"type": "Feature", "geometry": {"type": "Point", "coordinates": [-6.151638, 53.381849]}, "properties": {"stop_id": "8220DB000593", "stop_name": "Howth Road", "stop_code": "593"}}, {"type": "Feature", "geometry": {"type": "Point", "coordinates": [-6.155561, 53.381163]}, "properties": {"stop_id": "8220DB000594", "stop_name": "Lonsdale", "stop_code": "594"}}, {"type": "Feature", "geometry": {"type": "Point", "coordinates": [-6.159239, 53.3806]}, "properties": {"stop_id": "8220DB000595", "stop_name": "Foxfield", "stop_code": "595"}}, {"type": "Feature", "geometry": {"type": "Point", "coordinates": [-6.161794, 53.380253]}, "properties": {"stop_id": "8220DB000596", "stop_name": "Shieling Square", "stop_code": "596"}}, {"type": "Feature", "geometry": {"type": "Point", "coordinates": [-6.165612, 53.379898]}, "properties": {"stop_id": "8220DB000597", "stop_name": "Maywood", "stop_code": "597"}}, {"type": "Feature", "geometry": {"type": "Point", "coordinates": [-6.169282, 53.379847]}, "properties": {"stop_id": "8220DB000598", "stop_name": "Avondale Park", "stop_code": "598"}}, {"type": "Feature", "geometry": {"type": "Point", "coordinates": [-6.173081, 53.3803]}, "properties": {"stop_id": "8220DB000599", "stop_name": "Raheny Library", "stop_code": "599"}}, {"type": "Feature", "geometry": {"type": "Point", "coordinates": [-6.17612, 53.380248]}, "properties": {"stop_id": "8220DB000600", "stop_name": "Raheny", "stop_code": "600"}}, {"type": "Feature", "geometry": {"type": "Point", "coordinates": [-6.17966599663793, 53.3792234833174]}, "properties": {"stop_id": "8220DB000601", "stop_name": "Cill Eanna", "stop_code": "601"}}, {"type": "Feature", "geometry": {"type": "Point", "coordinates": [-6.183049, 53.378143]}, "properties": {"stop_id": "8220DB000602", "stop_name": "Wade's Avenue", "stop_code": "602"}}, {"type": "Feature", "geometry": {"type": "Point", "coordinates": [-6.187425, 53.377382]}, "properties": {"stop_id": "8220DB000603", "stop_name": "Ennafort Park", "stop_code": "603"}}, {"type": "Feature", "geometry": {"type": "Point", "coordinates": [-6.190791, 53.376355]}, "properties": {"stop_id": "8220DB000604", "stop_name": "All Saints Road", "stop_code": "604"}}, {"type": "Feature", "geometry": {"type": "Point", "coordinates": [-6.193435, 53.375667]}, "properties": {"stop_id": "8220DB000605", "stop_name": "The Meadows", "stop_code": "605"}}, {"type": "Feature", "geometry": {"type": "Point", "coordinates": [-6.197865, 53.374709]}, "properties": {"stop_id": "8220DB000606", "stop_name": "St Brigid's Church", "stop_code": "606"}}, {"type": "Feature", "geometry": {"type": "Point", "coordinates": [-6.20203, 53.372516]}, "properties": {"stop_id": "8220DB000607", "stop_name": "The Demesne", "stop_code": "607"}}, {"type": "Feature", "geometry": {"type": "Point", "coordinates": [-6.204465, 53.371078]}, "properties": {"stop_id": "8220DB000608", "stop_name": "Killester Village", "stop_code": "608"}}, {"type": "Feature", "geometry": {"type": "Point", "coordinates": [-6.20862025648968, 53.3698375440776]}, "properties": {"stop_id": "8220DB000609", "stop_name": "Castle Grove", "stop_code": "609"}}, {"type": "Feature", "geometry": {"type": "Point", "coordinates": [-6.211538, 53.368362]}, "properties": {"stop_id": "8220DB000610", "stop_name": "Ashbrook", "stop_code": "610"}}, {"type": "Feature", "geometry": {"type": "Point", "coordinates": [-6.21883292211135, 53.366754679119]}, "properties": {"stop_id": "8220DB000611", "stop_name": "Hollybrook Park", "stop_code": "611"}}, {"type": "Feature", "geometry": {"type": "Point", "coordinates": [-6.2242091299833, 53.3657562265179]}, "properties": {"stop_id": "8220DB000612", "stop_name": "Copeland Avenue", "stop_code": "612"}}, {"type": "Feature", "geometry": {"type": "Point", "coordinates": [-6.226811, 53.364618]}, "properties": {"stop_id": "8220DB000613", "stop_name": "Marino Crescent Pk", "stop_code": "613"}}, {"type": "Feature", "geometry": {"type": "Point", "coordinates": [-6.234544, 53.363284]}, "properties": {"stop_id": "8220DB000614", "stop_name": "Fairview", "stop_code": "614"}}, {"type": "Feature", "geometry": {"type": "Point", "coordinates": [-6.239555, 53.359845]}, "properties": {"stop_id": "8220DB000616", "stop_name": "North Strand FS", "stop_code": "616"}}, {"type": "Feature", "geometry": {"type": "Point", "coordinates": [-6.242009, 53.357895]}, "properties": {"stop_id": "8220DB000617", "stop_name": "North Strand Rd", "stop_code": "617"}}, {"type": "Feature", "geometry": {"type": "Point", "coordinates": [-6.245148, 53.355807]}, "properties": {"stop_id": "8220DB000618", "stop_name": "Newcomen Bridge", "stop_code": "618"}}, {"type": "Feature", "geometry": {"type": "Point", "coordinates": [-6.247095, 53.354198]}, "properties": {"stop_id": "8220DB000619", "stop_name": "Five Lamps", "stop_code": "619"}}, {"type": "Feature", "geometry": {"type": "Point", "coordinates": [-6.25278, 53.350961]}, "properties": {"stop_id": "8220DB000620", "stop_name": "Talbot St East", "stop_code": "620"}}, {"type": "Feature", "geometry": {"type": "Point", "coordinates": [-6.256268, 53.350518]}, "properties": {"stop_id": "8220DB000621", "stop_name": "Talbot St West", "stop_code": "621"}}, {"type": "Feature", "geometry": {"type": "Point", "coordinates": [-6.189125, 53.380185]}, "properties": {"stop_id": "8220DB000624", "stop_name": "Harmonstown Rd", "stop_code": "624"}}, {"type": "Feature", "geometry": {"type": "Point", "coordinates": [-6.186321, 53.381788]}, "properties": {"stop_id": "8220DB000625", "stop_name": "Lein Park", "stop_code": "625"}}, {"type": "Feature", "geometry": {"type": "Point", "coordinates": [-6.184056, 53.384495]}, "properties": {"stop_id": "8220DB000626", "stop_name": "Edenmore Green", "stop_code": "626"}}, {"type": "Feature", "geometry": {"type": "Point", "coordinates": [-6.182003, 53.385407]}, "properties": {"stop_id": "8220DB000627", "stop_name": "Edenmore Gr South", "stop_code": "627"}}, {"type": "Feature", "geometry": {"type": "Point", "coordinates": [-6.183907, 53.386955]}, "properties": {"stop_id": "8220DB000628", "stop_name": "Edenmore Gr N", "stop_code": "628"}}, {"type": "Feature", "geometry": {"type": "Point", "coordinates": [-6.185969, 53.386528]}, "properties": {"stop_id": "8220DB000629", "stop_name": "Edenmore Park", "stop_code": "629"}}, {"type": "Feature", "geometry": {"type": "Point", "coordinates": [-6.189322, 53.387244]}, "properties": {"stop_id": "8220DB000630", "stop_name": "Springdale Rd", "stop_code": "630"}}, {"type": "Feature", "geometry": {"type": "Point", "coordinates": [-6.189355, 53.389644]}, "properties": {"stop_id": "8220DB000633", "stop_name": "Tonlegee Dr", "stop_code": "633"}}, {"type": "Feature", "geometry": {"type": "Point", "coordinates": [-6.184141, 53.390275]}, "properties": {"stop_id": "8220DB000634", "stop_name": "Tonlegee Ave", "stop_code": "634"}}, {"type": "Feature", "geometry": {"type": "Point", "coordinates": [-6.183924, 53.389023]}, "properties": {"stop_id": "8220DB000635", "stop_name": "Edenmore Shop Cntr", "stop_code": "635"}}, {"type": "Feature", "geometry": {"type": "Point", "coordinates": [-6.186742, 53.388859]}, "properties": {"stop_id": "8220DB000636", "stop_name": "Glenwood Rd", "stop_code": "636"}}, {"type": "Feature", "geometry": {"type": "Point", "coordinates": [-6.189885, 53.387792]}, "properties": {"stop_id": "8220DB000637", "stop_name": "Glenfarne Rd", "stop_code": "637"}}, {"type": "Feature", "geometry": {"type": "Point", "coordinates": [-6.18838, 53.386762]}, "properties": {"stop_id": "8220DB000638", "stop_name": "Springdale Rd", "stop_code": "638"}}, {"type": "Feature", "geometry": {"type": "Point", "coordinates": [-6.186744, 53.386333]}, "properties": {"stop_id": "8220DB000639", "stop_name": "Edenmore Park", "stop_code": "639"}}, {"type": "Feature", "geometry": {"type": "Point", "coordinates": [-6.183451, 53.386705]}, "properties": {"stop_id": "8220DB000640", "stop_name": "Edenmore Gr N", "stop_code": "640"}}, {"type": "Feature", "geometry": {"type": "Point", "coordinates": [-6.182391, 53.385826]}, "properties": {"stop_id": "8220DB000641", "stop_name": "Edenmore Gr South", "stop_code": "641"}}, {"type": "Feature", "geometry": {"type": "Point", "coordinates": [-6.183114, 53.384732]}, "properties": {"stop_id": "8220DB000642", "stop_name": "Edenmore Green", "stop_code": "642"}}, {"type": "Feature", "geometry": {"type": "Point", "coordinates": [-6.183885, 53.383566]}, "properties": {"stop_id": "8220DB000643", "stop_name": "St Josephs Hospital", "stop_code": "643"}}, {"type": "Feature", "geometry": {"type": "Point", "coordinates": [-6.185711, 53.382362]}, "properties": {"stop_id": "8220DB000644", "stop_name": "Lein Park", "stop_code": "644"}}, {"type": "Feature", "geometry": {"type": "Point", "coordinates": [-6.18863, 53.380169]}, "properties": {"stop_id": "8220DB000645", "stop_name": "Harmonstown Rd", "stop_code": "645"}}, {"type": "Feature", "geometry": {"type": "Point", "coordinates": [-6.18966656708744, 53.3762836659106]}, "properties": {"stop_id": "8220DB000649", "stop_name": "All Saints Road", "stop_code": "649"}}, {"type": "Feature", "geometry": {"type": "Point", "coordinates": [-6.18552548323385, 53.3754028537338]}, "properties": {"stop_id": "8220DB000650", "stop_name": "Sybil Hill Avenue", "stop_code": "650"}}, {"type": "Feature", "geometry": {"type": "Point", "coordinates": [-6.1799309090613, 53.3754794507715]}, "properties": {"stop_id": "8220DB000651", "stop_name": "All Saints Park", "stop_code": "651"}}, {"type": "Feature", "geometry": {"type": "Point", "coordinates": [-6.17534163896221, 53.3794630466244]}, "properties": {"stop_id": "8220DB000653", "stop_name": "Raheny", "stop_code": "653"}}, {"type": "Feature", "geometry": {"type": "Point", "coordinates": [-6.177021, 53.37921]}, "properties": {"stop_id": "8220DB000654", "stop_name": "Watermill Road", "stop_code": "654"}}, {"type": "Feature", "geometry": {"type": "Point", "coordinates": [-6.17543040232881, 53.3777386713847]}, "properties": {"stop_id": "8220DB000655", "stop_name": "Watermill Drive", "stop_code": "655"}}, {"type": "Feature", "geometry": {"type": "Point", "coordinates": [-6.17770919175966, 53.3764702007961]}, "properties": {"stop_id": "8220DB000656", "stop_name": "St Anne's Avenue", "stop_code": "656"}}, {"type": "Feature", "geometry": {"type": "Point", "coordinates": [-6.17895111704479, 53.3755453978778]}, "properties": {"stop_id": "8220DB000657", "stop_name": "All Saints Park", "stop_code": "657"}}, {"type": "Feature", "geometry": {"type": "Point", "coordinates": [-6.183139, 53.37498]}, "properties": {"stop_id": "8220DB000658", "stop_name": "Waterfall Road", "stop_code": "658"}}, {"type": "Feature", "geometry": {"type": "Point", "coordinates": [-6.185878, 53.375237]}, "properties": {"stop_id": "8220DB000659", "stop_name": "Sybil Hill Avenue", "stop_code": "659"}}, {"type": "Feature", "geometry": {"type": "Point", "coordinates": [-6.212629, 53.37387]}, "properties": {"stop_id": "8220DB000662", "stop_name": "Clanmoyle Rd", "stop_code": "662"}}, {"type": "Feature", "geometry": {"type": "Point", "coordinates": [-6.219508, 53.374719]}, "properties": {"stop_id": "8220DB000664", "stop_name": "Donnycarney", "stop_code": "664"}}, {"type": "Feature", "geometry": {"type": "Point", "coordinates": [-6.22202, 53.37251]}, "properties": {"stop_id": "8220DB000665", "stop_name": "Donnycarney Rd", "stop_code": "665"}}, {"type": "Feature", "geometry": {"type": "Point", "coordinates": [-6.224263, 53.370233]}, "properties": {"stop_id": "8220DB000666", "stop_name": "Mt Temple School", "stop_code": "666"}}, {"type": "Feature", "geometry": {"type": "Point", "coordinates": [-6.226987, 53.367982]}, "properties": {"stop_id": "8220DB000667", "stop_name": "Copeland Avenue", "stop_code": "667"}}, {"type": "Feature", "geometry": {"type": "Point", "coordinates": [-6.229263, 53.364633]}, "properties": {"stop_id": "8220DB000668", "stop_name": "Marino Mart", "stop_code": "668"}}, {"type": "Feature", "geometry": {"type": "Point", "coordinates": [-6.228679, 53.366317]}, "properties": {"stop_id": "8220DB000669", "stop_name": "Crescent Place", "stop_code": "669"}}, {"type": "Feature", "geometry": {"type": "Point", "coordinates": [-6.22603, 53.368956]}, "properties": {"stop_id": "8220DB000670", "stop_name": "Copeland Avenue", "stop_code": "670"}}, {"type": "Feature", "geometry": {"type": "Point", "coordinates": [-6.224153, 53.370717]}, "properties": {"stop_id": "8220DB000671", "stop_name": "Mt Temple School", "stop_code": "671"}}, {"type": "Feature", "geometry": {"type": "Point", "coordinates": [-6.22109, 53.37354]}, "properties": {"stop_id": "8220DB000672", "stop_name": "Donnycarney Rd", "stop_code": "672"}}, {"type": "Feature", "geometry": {"type": "Point", "coordinates": [-6.21608209235965, 53.3746860705057]}, "properties": {"stop_id": "8220DB000674", "stop_name": "Parnell Park", "stop_code": "674"}}, {"type": "Feature", "geometry": {"type": "Point", "coordinates": [-6.197039, 53.375038]}, "properties": {"stop_id": "8220DB000709", "stop_name": "St Brigid's Church", "stop_code": "709"}}, {"type": "Feature", "geometry": {"type": "Point", "coordinates": [-6.175722, 53.381114]}, "properties": {"stop_id": "8220DB000722", "stop_name": "Raheny Station", "stop_code": "722"}}, {"type": "Feature", "geometry": {"type": "Point", "coordinates": [-6.175727, 53.384152]}, "properties": {"stop_id": "8220DB000723", "stop_name": "Raheny Road", "stop_code": "723"}}, {"type": "Feature", "geometry": {"type": "Point", "coordinates": [-6.17451, 53.386955]}, "properties": {"stop_id": "8220DB000724", "stop_name": "Grange Park Road", "stop_code": "724"}}, {"type": "Feature", "geometry": {"type": "Point", "coordinates": [-6.170489, 53.389572]}, "properties": {"stop_id": "8220DB000725", "stop_name": "Ardscoil La Salle", "stop_code": "725"}}, {"type": "Feature", "geometry": {"type": "Point", "coordinates": [-6.167614, 53.391748]}, "properties": {"stop_id": "8220DB000726", "stop_name": "Grange Road", "stop_code": "726"}}, {"type": "Feature", "geometry": {"type": "Point", "coordinates": [-6.166838, 53.393705]}, "properties": {"stop_id": "8220DB000727", "stop_name": "Ardara Avenue", "stop_code": "727"}}, {"type": "Feature", "geometry": {"type": "Point", "coordinates": [-6.163491, 53.395316]}, "properties": {"stop_id": "8220DB000728", "stop_name": "Holy Trinity Church", "stop_code": "728"}}, {"type": "Feature", "geometry": {"type": "Point", "coordinates": [-6.162445, 53.396558]}, "properties": {"stop_id": "8220DB000729", "stop_name": "Holy Trinity NS", "stop_code": "729"}}, {"type": "Feature", "geometry": {"type": "Point", "coordinates": [-6.161819, 53.398167]}, "properties": {"stop_id": "8220DB000730", "stop_name": "Grangemore Road", "stop_code": "730"}}, {"type": "Feature", "geometry": {"type": "Point", "coordinates": [-6.16181320548643, 53.3976003550304]}, "properties": {"stop_id": "8220DB000738", "stop_name": "Grange Road", "stop_code": "738"}}, {"type": "Feature", "geometry": {"type": "Point", "coordinates": [-6.16346788917263, 53.3951450858597]}, "properties": {"stop_id": "8220DB000739", "stop_name": "Holy Trinity Church", "stop_code": "739"}}, {"type": "Feature", "geometry": {"type": "Point", "coordinates": [-6.16701261526443, 53.3931412776214]}, "properties": {"stop_id": "8220DB000740", "stop_name": "Ardara Avenue", "stop_code": "740"}}, {"type": "Feature", "geometry": {"type": "Point", "coordinates": [-6.16745657119052, 53.3919077252208]}, "properties": {"stop_id": "8220DB000741", "stop_name": "St Donagh's Road", "stop_code": "741"}}, {"type": "Feature", "geometry": {"type": "Point", "coordinates": [-6.16986158795113, 53.3898234138452]}, "properties": {"stop_id": "8220DB000742", "stop_name": "Raheny Road", "stop_code": "742"}}, {"type": "Feature", "geometry": {"type": "Point", "coordinates": [-6.17273523820562, 53.3880248638023]}, "properties": {"stop_id": "8220DB000743", "stop_name": "Woodbine Park", "stop_code": "743"}}, {"type": "Feature", "geometry": {"type": "Point", "coordinates": [-6.17492048437068, 53.3850921988006]}, "properties": {"stop_id": "8220DB000744", "stop_name": "Belmont Park", "stop_code": "744"}}, {"type": "Feature", "geometry": {"type": "Point", "coordinates": [-6.17547167673029, 53.381343565605]}, "properties": {"stop_id": "8220DB000745", "stop_name": "Raheny Station", "stop_code": "745"}}, {"type": "Feature", "geometry": {"type": "Point", "coordinates": [-6.255724, 53.339931]}, "properties": {"stop_id": "8220DB000747", "stop_name": "Kildare Street", "stop_code": "747"}}, {"type": "Feature", "geometry": {"type": "Point", "coordinates": [-6.255031, 53.33851]}, "properties": {"stop_id": "8220DB000748", "stop_name": "Merrion Row", "stop_code": "748"}}, {"type": "Feature", "geometry": {"type": "Point", "coordinates": [-6.250802, 53.337621]}, "properties": {"stop_id": "8220DB000749", "stop_name": "Baggot St Lower", "stop_code": "749"}}, {"type": "Feature", "geometry": {"type": "Point", "coordinates": [-6.248488, 53.336571]}, "properties": {"stop_id": "8220DB000750", "stop_name": "Fitzwilliam Street", "stop_code": "750"}}, {"type": "Feature", "geometry": {"type": "Point", "coordinates": [-6.246572, 53.335321]}, "properties": {"stop_id": "8220DB000751", "stop_name": "Herbert Street", "stop_code": "751"}}, {"type": "Feature", "geometry": {"type": "Point", "coordinates": [-6.244496, 53.333745]}, "properties": {"stop_id": "8220DB000752", "stop_name": "Baggot St Upper", "stop_code": "752"}}, {"type": "Feature", "geometry": {"type": "Point", "coordinates": [-6.243521, 53.332453]}, "properties": {"stop_id": "8220DB000753", "stop_name": "Waterloo Road", "stop_code": "753"}}, {"type": "Feature", "geometry": {"type": "Point", "coordinates": [-6.24428, 53.330784]}, "properties": {"stop_id": "8220DB000754", "stop_name": "Burlington Road", "stop_code": "754"}}, {"type": "Feature", "geometry": {"type": "Point", "coordinates": [-6.245141, 53.328828]}, "properties": {"stop_id": "8220DB000755", "stop_name": "Wellington Lane", "stop_code": "755"}}, {"type": "Feature", "geometry": {"type": "Point", "coordinates": [-6.2425987467031, 53.3263997617783]}, "properties": {"stop_id": "8220DB000756", "stop_name": "Royal Hospital", "stop_code": "756"}}, {"type": "Feature", "geometry": {"type": "Point", "coordinates": [-6.239586, 53.324081]}, "properties": {"stop_id": "8220DB000757", "stop_name": "Donnybrook Village", "stop_code": "757"}}, {"type": "Feature", "geometry": {"type": "Point", "coordinates": [-6.23767738043155, 53.3226869429527]}, "properties": {"stop_id": "8220DB000758", "stop_name": "Victoria Avenue", "stop_code": "758"}}, {"type": "Feature", "geometry": {"type": "Point", "coordinates": [-6.233346, 53.320349]}, "properties": {"stop_id": "8220DB000759", "stop_name": "Donnybrook Stdm", "stop_code": "759"}}, {"type": "Feature", "geometry": {"type": "Point", "coordinates": [-6.230562, 53.31833]}, "properties": {"stop_id": "8220DB000760", "stop_name": "Donnybrook Dpot", "stop_code": "760"}}, {"type": "Feature", "geometry": {"type": "Point", "coordinates": [-6.227487, 53.3161]}, "properties": {"stop_id": "8220DB000761", "stop_name": "Teresian School", "stop_code": "761"}}, {"type": "Feature", "geometry": {"type": "Point", "coordinates": [-6.224371, 53.314517]}, "properties": {"stop_id": "8220DB000762", "stop_name": "RT\u00c9 Studios", "stop_code": "762"}}, {"type": "Feature", "geometry": {"type": "Point", "coordinates": [-6.22110031908025, 53.3123201447816]}, "properties": {"stop_id": "8220DB000763", "stop_name": "Belfield Court", "stop_code": "763"}}, {"type": "Feature", "geometry": {"type": "Point", "coordinates": [-6.221328, 53.311901]}, "properties": {"stop_id": "8220DB000769", "stop_name": "Belfield Court", "stop_code": "769"}}, {"type": "Feature", "geometry": {"type": "Point", "coordinates": [-6.225732, 53.314636]}, "properties": {"stop_id": "8220DB000770", "stop_name": "RT\u00c9 Studios", "stop_code": "770"}}, {"type": "Feature", "geometry": {"type": "Point", "coordinates": [-6.227781, 53.31588]}, "properties": {"stop_id": "8220DB000771", "stop_name": "Teresian School", "stop_code": "771"}}, {"type": "Feature", "geometry": {"type": "Point", "coordinates": [-6.231321, 53.318485]}, "properties": {"stop_id": "8220DB000772", "stop_name": "Donnybrook Dpot", "stop_code": "772"}}, {"type": "Feature", "geometry": {"type": "Point", "coordinates": [-6.233273, 53.319916]}, "properties": {"stop_id": "8220DB000773", "stop_name": "Donnybrook Stdm", "stop_code": "773"}}, {"type": "Feature", "geometry": {"type": "Point", "coordinates": [-6.2355, 53.321612]}, "properties": {"stop_id": "8220DB000774", "stop_name": "Donnybrook", "stop_code": "774"}}, {"type": "Feature", "geometry": {"type": "Point", "coordinates": [-6.23908544721613, 53.3234897098036]}, "properties": {"stop_id": "8220DB000775", "stop_name": "Donnybrook Village", "stop_code": "775"}}, {"type": "Feature", "geometry": {"type": "Point", "coordinates": [-6.241736, 53.325479]}, "properties": {"stop_id": "8220DB000776", "stop_name": "Morehampton Terrace", "stop_code": "776"}}, {"type": "Feature", "geometry": {"type": "Point", "coordinates": [-6.24369, 53.32695]}, "properties": {"stop_id": "8220DB000777", "stop_name": "Royal Hospital", "stop_code": "777"}}, {"type": "Feature", "geometry": {"type": "Point", "coordinates": [-6.245447, 53.328689]}, "properties": {"stop_id": "8220DB000779", "stop_name": "Waterloo Road", "stop_code": "779"}}, {"type": "Feature", "geometry": {"type": "Point", "coordinates": [-6.244344, 53.331063]}, "properties": {"stop_id": "8220DB000780", "stop_name": "Burlington Road", "stop_code": "780"}}, {"type": "Feature", "geometry": {"type": "Point", "coordinates": [-6.243664, 53.332626]}, "properties": {"stop_id": "8220DB000781", "stop_name": "Baggot Street", "stop_code": "781"}}, {"type": "Feature", "geometry": {"type": "Point", "coordinates": [-6.244601, 53.333584]}, "properties": {"stop_id": "8220DB000782", "stop_name": "Baggot St Upper", "stop_code": "782"}}, {"type": "Feature", "geometry": {"type": "Point", "coordinates": [-6.246978, 53.335308]}, "properties": {"stop_id": "8220DB000783", "stop_name": "Baggot St Lower", "stop_code": "783"}}, {"type": "Feature", "geometry": {"type": "Point", "coordinates": [-6.248657, 53.336457]}, "properties": {"stop_id": "8220DB000784", "stop_name": "Fitzwilliam Street", "stop_code": "784"}}, {"type": "Feature", "geometry": {"type": "Point", "coordinates": [-6.251859, 53.337106]}, "properties": {"stop_id": "8220DB000785", "stop_name": "Pembroke St Lwr", "stop_code": "785"}}, {"type": "Feature", "geometry": {"type": "Point", "coordinates": [-6.25612, 53.33513]}, "properties": {"stop_id": "8220DB000786", "stop_name": "Leeson Street Lwr", "stop_code": "786"}}, {"type": "Feature", "geometry": {"type": "Point", "coordinates": [-6.258367, 53.339316]}, "properties": {"stop_id": "8220DB000790", "stop_name": "Stephen's Green Nth", "stop_code": "790"}}, {"type": "Feature", "geometry": {"type": "Point", "coordinates": [-6.256983, 53.33888]}, "properties": {"stop_id": "8220DB000791", "stop_name": "St Stephen's Grn N", "stop_code": "791"}}, {"type": "Feature", "geometry": {"type": "Point", "coordinates": [-6.25858580845119, 53.3404489881504]}, "properties": {"stop_id": "8220DB000792", "stop_name": "Dawson Street", "stop_code": "792"}}, {"type": "Feature", "geometry": {"type": "Point", "coordinates": [-6.25840386924731, 53.3408597860288]}, "properties": {"stop_id": "8220DB000793", "stop_name": "Dawson Street", "stop_code": "793"}}, {"type": "Feature", "geometry": {"type": "Point", "coordinates": [-6.269724, 53.35874]}, "properties": {"stop_id": "8220DB000795", "stop_name": "Berkeley Road", "stop_code": "795"}}, {"type": "Feature", "geometry": {"type": "Point", "coordinates": [-6.269853, 53.360018]}, "properties": {"stop_id": "8220DB000796", "stop_name": "Berkeley Road", "stop_code": "796"}}, {"type": "Feature", "geometry": {"type": "Point", "coordinates": [-6.274662, 53.360726]}, "properties": {"stop_id": "8220DB000797", "stop_name": "Phibsborough PO", "stop_code": "797"}}, {"type": "Feature", "geometry": {"type": "Point", "coordinates": [-6.279641, 53.359477]}, "properties": {"stop_id": "8220DB000798", "stop_name": "Rathdown Road", "stop_code": "798"}}, {"type": "Feature", "geometry": {"type": "Point", "coordinates": [-6.281739, 53.358869]}, "properties": {"stop_id": "8220DB000799", "stop_name": "Charleville Road", "stop_code": "799"}}, {"type": "Feature", "geometry": {"type": "Point", "coordinates": [-6.28461, 53.358065]}, "properties": {"stop_id": "8220DB000800", "stop_name": "Annamore Parade", "stop_code": "800"}}, {"type": "Feature", "geometry": {"type": "Point", "coordinates": [-6.287639, 53.35747]}, "properties": {"stop_id": "8220DB000801", "stop_name": "Annamore Road", "stop_code": "801"}}, {"type": "Feature", "geometry": {"type": "Point", "coordinates": [-6.29129872279033, 53.3564983224928]}, "properties": {"stop_id": "8220DB000802", "stop_name": "Drumalee", "stop_code": "802"}}, {"type": "Feature", "geometry": {"type": "Point", "coordinates": [-6.294044, 53.354713]}, "properties": {"stop_id": "8220DB000803", "stop_name": "Oxmantown Road", "stop_code": "803"}}, {"type": "Feature", "geometry": {"type": "Point", "coordinates": [-6.295693, 53.353685]}, "properties": {"stop_id": "8220DB000804", "stop_name": "O'Devaney Gardens", "stop_code": "804"}}, {"type": "Feature", "geometry": {"type": "Point", "coordinates": [-6.2977, 53.351557]}, "properties": {"stop_id": "8220DB000807", "stop_name": "Phoenix Park", "stop_code": "807"}}, {"type": "Feature", "geometry": {"type": "Point", "coordinates": [-6.29535, 53.353995]}, "properties": {"stop_id": "8220DB000808", "stop_name": "North Circular Road", "stop_code": "808"}}, {"type": "Feature", "geometry": {"type": "Point", "coordinates": [-6.293376, 53.355261]}, "properties": {"stop_id": "8220DB000809", "stop_name": "Marlborough Road", "stop_code": "809"}}, {"type": "Feature", "geometry": {"type": "Point", "coordinates": [-6.289998, 53.3571]}, "properties": {"stop_id": "8220DB000810", "stop_name": "Ellesmere Avenue", "stop_code": "810"}}, {"type": "Feature", "geometry": {"type": "Point", "coordinates": [-6.287485, 53.357567]}, "properties": {"stop_id": "8220DB000811", "stop_name": "Annamore Road", "stop_code": "811"}}, {"type": "Feature", "geometry": {"type": "Point", "coordinates": [-6.284227, 53.358266]}, "properties": {"stop_id": "8220DB000812", "stop_name": "Annamore Parade", "stop_code": "812"}}, {"type": "Feature", "geometry": {"type": "Point", "coordinates": [-6.280959, 53.35919]}, "properties": {"stop_id": "8220DB000813", "stop_name": "Charleville Road", "stop_code": "813"}}, {"type": "Feature", "geometry": {"type": "Point", "coordinates": [-6.276097, 53.36054]}, "properties": {"stop_id": "8220DB000814", "stop_name": "St Peter's Church", "stop_code": "814"}}, {"type": "Feature", "geometry": {"type": "Point", "coordinates": [-6.269612, 53.359646]}, "properties": {"stop_id": "8220DB000817", "stop_name": "Mater Hospital", "stop_code": "817"}}, {"type": "Feature", "geometry": {"type": "Point", "coordinates": [-6.269224, 53.358481]}, "properties": {"stop_id": "8220DB000818", "stop_name": "O'Connell Avenue", "stop_code": "818"}}, {"type": "Feature", "geometry": {"type": "Point", "coordinates": [-6.265992, 53.356304]}, "properties": {"stop_id": "8220DB000819", "stop_name": "Blessington Street", "stop_code": "819"}}, {"type": "Feature", "geometry": {"type": "Point", "coordinates": [-6.293514, 53.361968]}, "properties": {"stop_id": "8220DB000820", "stop_name": "Carnlough Rd South", "stop_code": "820"}}, {"type": "Feature", "geometry": {"type": "Point", "coordinates": [-6.293831, 53.364552]}, "properties": {"stop_id": "8220DB000821", "stop_name": "Drumcliffe Rd", "stop_code": "821"}}, {"type": "Feature", "geometry": {"type": "Point", "coordinates": [-6.29182, 53.367121]}, "properties": {"stop_id": "8220DB000822", "stop_name": "Mulroy Road", "stop_code": "822"}}, {"type": "Feature", "geometry": {"type": "Point", "coordinates": [-6.29119, 53.368235]}, "properties": {"stop_id": "8220DB000823", "stop_name": "Kilkieran Road", "stop_code": "823"}}, {"type": "Feature", "geometry": {"type": "Point", "coordinates": [-6.293263, 53.369748]}, "properties": {"stop_id": "8220DB000824", "stop_name": "Bannow Road", "stop_code": "824"}}, {"type": "Feature", "geometry": {"type": "Point", "coordinates": [-6.29688, 53.37044]}, "properties": {"stop_id": "8220DB000825", "stop_name": "St Finbar's Road", "stop_code": "825"}}, {"type": "Feature", "geometry": {"type": "Point", "coordinates": [-6.30117, 53.371218]}, "properties": {"stop_id": "8220DB000826", "stop_name": "Carnlough Road", "stop_code": "826"}}, {"type": "Feature", "geometry": {"type": "Point", "coordinates": [-6.303992, 53.371294]}, "properties": {"stop_id": "8220DB000827", "stop_name": "Ventry Park", "stop_code": "827"}}, {"type": "Feature", "geometry": {"type": "Point", "coordinates": [-6.29974, 53.37108]}, "properties": {"stop_id": "8220DB000828", "stop_name": "Broombridge Station", "stop_code": "828"}}, {"type": "Feature", "geometry": {"type": "Point", "coordinates": [-6.295912, 53.370397]}, "properties": {"stop_id": "8220DB000829", "stop_name": "St Finbar's Road", "stop_code": "829"}}, {"type": "Feature", "geometry": {"type": "Point", "coordinates": [-6.292171, 53.369624]}, "properties": {"stop_id": "8220DB000830", "stop_name": "Bannow Road", "stop_code": "830"}}, {"type": "Feature", "geometry": {"type": "Point", "coordinates": [-6.291333, 53.367662]}, "properties": {"stop_id": "8220DB000831", "stop_name": "Mulroy Road", "stop_code": "831"}}, {"type": "Feature", "geometry": {"type": "Point", "coordinates": [-6.294064, 53.36363]}, "properties": {"stop_id": "8220DB000832", "stop_name": "Drumcliffe Rd", "stop_code": "832"}}, {"type": "Feature", "geometry": {"type": "Point", "coordinates": [-6.293311, 53.361776]}, "properties": {"stop_id": "8220DB000833", "stop_name": "Carnlough Rd South", "stop_code": "833"}}, {"type": "Feature", "geometry": {"type": "Point", "coordinates": [-6.260428, 53.361975]}, "properties": {"stop_id": "8220DB000834", "stop_name": "St Patrick's Road", "stop_code": "834"}}, {"type": "Feature", "geometry": {"type": "Point", "coordinates": [-6.263271, 53.362628]}, "properties": {"stop_id": "8220DB000835", "stop_name": "St Brigids Road Lwr", "stop_code": "835"}}, {"type": "Feature", "geometry": {"type": "Point", "coordinates": [-6.266249, 53.363292]}, "properties": {"stop_id": "8220DB000836", "stop_name": "Claude Road", "stop_code": "836"}}, {"type": "Feature", "geometry": {"type": "Point", "coordinates": [-6.268213, 53.363778]}, "properties": {"stop_id": "8220DB000837", "stop_name": "David Road", "stop_code": "837"}}, {"type": "Feature", "geometry": {"type": "Point", "coordinates": [-6.270189, 53.364319]}, "properties": {"stop_id": "8220DB000838", "stop_name": "Charleville Lawn", "stop_code": "838"}}, {"type": "Feature", "geometry": {"type": "Point", "coordinates": [-6.26776341254, 53.3637449204179]}, "properties": {"stop_id": "8220DB000839", "stop_name": "David Road", "stop_code": "839"}}, {"type": "Feature", "geometry": {"type": "Point", "coordinates": [-6.26541, 53.363243]}, "properties": {"stop_id": "8220DB000840", "stop_name": "Claude Road", "stop_code": "840"}}, {"type": "Feature", "geometry": {"type": "Point", "coordinates": [-6.260632, 53.362122]}, "properties": {"stop_id": "8220DB000841", "stop_name": "St Patrick's Road", "stop_code": "841"}}, {"type": "Feature", "geometry": {"type": "Point", "coordinates": [-6.256313, 53.337252]}, "properties": {"stop_id": "8220DB000842", "stop_name": "Stephen's Grn E", "stop_code": "842"}}, {"type": "Feature", "geometry": {"type": "Point", "coordinates": [-6.256459, 53.337002]}, "properties": {"stop_id": "8220DB000843", "stop_name": "St Stephen's Grn E", "stop_code": "843"}}, {"type": "Feature", "geometry": {"type": "Point", "coordinates": [-6.255862, 53.337632]}, "properties": {"stop_id": "8220DB000844", "stop_name": "St Stephen's Grn E", "stop_code": "844"}}, {"type": "Feature", "geometry": {"type": "Point", "coordinates": [-6.256252, 53.335453]}, "properties": {"stop_id": "8220DB000845", "stop_name": "Leeson Street Lwr", "stop_code": "845"}}, {"type": "Feature", "geometry": {"type": "Point", "coordinates": [-6.254111, 53.333454]}, "properties": {"stop_id": "8220DB000846", "stop_name": "Adelaide Road", "stop_code": "846"}}, {"type": "Feature", "geometry": {"type": "Point", "coordinates": [-6.25221961965177, 53.3316014451627]}, "properties": {"stop_id": "8220DB000847", "stop_name": "Leeson Street Upr", "stop_code": "847"}}, {"type": "Feature", "geometry": {"type": "Point", "coordinates": [-6.24888799835488, 53.3297279908157]}, "properties": {"stop_id": "8220DB000848", "stop_name": "Sussex Road", "stop_code": "848"}}, {"type": "Feature", "geometry": {"type": "Point", "coordinates": [-6.247927, 53.327898]}, "properties": {"stop_id": "8220DB000849", "stop_name": "Appian Way", "stop_code": "849"}}, {"type": "Feature", "geometry": {"type": "Point", "coordinates": [-6.251199, 53.326086]}, "properties": {"stop_id": "8220DB000850", "stop_name": "Chelmsford Road", "stop_code": "850"}}, {"type": "Feature", "geometry": {"type": "Point", "coordinates": [-6.253221, 53.3251]}, "properties": {"stop_id": "8220DB000851", "stop_name": "Ranelagh", "stop_code": "851"}}, {"type": "Feature", "geometry": {"type": "Point", "coordinates": [-6.252858, 53.324429]}, "properties": {"stop_id": "8220DB000852", "stop_name": "Ranelagh", "stop_code": "852"}}, {"type": "Feature", "geometry": {"type": "Point", "coordinates": [-6.24837, 53.322593]}, "properties": {"stop_id": "8220DB000853", "stop_name": "Sandford Road", "stop_code": "853"}}, {"type": "Feature", "geometry": {"type": "Point", "coordinates": [-6.246578, 53.321632]}, "properties": {"stop_id": "8220DB000854", "stop_name": "Larch Grove", "stop_code": "854"}}, {"type": "Feature", "geometry": {"type": "Point", "coordinates": [-6.242815, 53.319302]}, "properties": {"stop_id": "8220DB000855", "stop_name": "Sandford Road", "stop_code": "855"}}, {"type": "Feature", "geometry": {"type": "Point", "coordinates": [-6.240827, 53.317655]}, "properties": {"stop_id": "8220DB000856", "stop_name": "Clonskeagh Road", "stop_code": "856"}}, {"type": "Feature", "geometry": {"type": "Point", "coordinates": [-6.23838, 53.316567]}, "properties": {"stop_id": "8220DB000857", "stop_name": "Clonskeagh Hospital", "stop_code": "857"}}, {"type": "Feature", "geometry": {"type": "Point", "coordinates": [-6.238302, 53.314095]}, "properties": {"stop_id": "8220DB000858", "stop_name": "Clonskeagh", "stop_code": "858"}}, {"type": "Feature", "geometry": {"type": "Point", "coordinates": [-6.238417, 53.314564]}, "properties": {"stop_id": "8220DB000881", "stop_name": "Clonskeagh", "stop_code": "881"}}, {"type": "Feature", "geometry": {"type": "Point", "coordinates": [-6.239155, 53.316705]}, "properties": {"stop_id": "8220DB000882", "stop_name": "Clonskeagh Hospital", "stop_code": "882"}}, {"type": "Feature", "geometry": {"type": "Point", "coordinates": [-6.241036, 53.317685]}, "properties": {"stop_id": "8220DB000883", "stop_name": "Eglinton Road", "stop_code": "883"}}, {"type": "Feature", "geometry": {"type": "Point", "coordinates": [-6.244213, 53.319997]}, "properties": {"stop_id": "8220DB000884", "stop_name": "Norwood Park", "stop_code": "884"}}, {"type": "Feature", "geometry": {"type": "Point", "coordinates": [-6.246293, 53.321259]}, "properties": {"stop_id": "8220DB000885", "stop_name": "Hollybank Ave Lower", "stop_code": "885"}}, {"type": "Feature", "geometry": {"type": "Point", "coordinates": [-6.252462, 53.324208]}, "properties": {"stop_id": "8220DB000887", "stop_name": "Ranelagh", "stop_code": "887"}}, {"type": "Feature", "geometry": {"type": "Point", "coordinates": [-6.261644, 53.377939]}, "properties": {"stop_id": "8220DB00089", "stop_name": "Lambay Road", "stop_code": "89"}}, {"type": "Feature", "geometry": {"type": "Point", "coordinates": [-6.259158, 53.316072]}, "properties": {"stop_id": "8220DB000893", "stop_name": "Cowper Road", "stop_code": "893"}}, {"type": "Feature", "geometry": {"type": "Point", "coordinates": [-6.264192, 53.315193]}, "properties": {"stop_id": "8220DB000894", "stop_name": "Cowper Road West", "stop_code": "894"}}, {"type": "Feature", "geometry": {"type": "Point", "coordinates": [-6.264018, 53.313932]}, "properties": {"stop_id": "8220DB000895", "stop_name": "Palmerston Vil", "stop_code": "895"}}, {"type": "Feature", "geometry": {"type": "Point", "coordinates": [-6.261354, 53.313372]}, "properties": {"stop_id": "8220DB000896", "stop_name": "Palmerston Park", "stop_code": "896"}}, {"type": "Feature", "geometry": {"type": "Point", "coordinates": [-6.25839, 53.3143]}, "properties": {"stop_id": "8220DB000897", "stop_name": "Palmerston Rd", "stop_code": "897"}}, {"type": "Feature", "geometry": {"type": "Point", "coordinates": [-6.252496, 53.325583]}, "properties": {"stop_id": "8220DB000903", "stop_name": "Chelmsford Road", "stop_code": "903"}}, {"type": "Feature", "geometry": {"type": "Point", "coordinates": [-6.248848, 53.327417]}, "properties": {"stop_id": "8220DB000904", "stop_name": "Appian Way", "stop_code": "904"}}, {"type": "Feature", "geometry": {"type": "Point", "coordinates": [-6.24763437727541, 53.3288107659722]}, "properties": {"stop_id": "8220DB000906", "stop_name": "Leeson Street Upr", "stop_code": "906"}}, {"type": "Feature", "geometry": {"type": "Point", "coordinates": [-6.25075010860467, 53.3297193588566]}, "properties": {"stop_id": "8220DB000907", "stop_name": "Dartmouth Road", "stop_code": "907"}}, {"type": "Feature", "geometry": {"type": "Point", "coordinates": [-6.25237303421842, 53.3311542855348]}, "properties": {"stop_id": "8220DB000908", "stop_name": "Grand Parade", "stop_code": "908"}}, {"type": "Feature", "geometry": {"type": "Point", "coordinates": [-6.254078, 53.333148]}, "properties": {"stop_id": "8220DB000909", "stop_name": "Adelaide Road", "stop_code": "909"}}, {"type": "Feature", "geometry": {"type": "Point", "coordinates": [-6.163785, 53.390917]}, "properties": {"stop_id": "8220DB000958", "stop_name": "St. Donagh's", "stop_code": "958"}}, {"type": "Feature", "geometry": {"type": "Point", "coordinates": [-6.166908, 53.391019]}, "properties": {"stop_id": "8220DB000959", "stop_name": "Grange Road", "stop_code": "959"}}, {"type": "Feature", "geometry": {"type": "Point", "coordinates": [-6.171879, 53.391158]}, "properties": {"stop_id": "8220DB000960", "stop_name": "Tonlegee Road", "stop_code": "960"}}, {"type": "Feature", "geometry": {"type": "Point", "coordinates": [-6.176455, 53.391057]}, "properties": {"stop_id": "8220DB000961", "stop_name": "Millwood Villas", "stop_code": "961"}}, {"type": "Feature", "geometry": {"type": "Point", "coordinates": [-6.182856, 53.390795]}, "properties": {"stop_id": "8220DB000962", "stop_name": "Limewood Pk", "stop_code": "962"}}, {"type": "Feature", "geometry": {"type": "Point", "coordinates": [-6.186597, 53.39051]}, "properties": {"stop_id": "8220DB000963", "stop_name": "Rathvale", "stop_code": "963"}}, {"type": "Feature", "geometry": {"type": "Point", "coordinates": [-6.192164, 53.390073]}, "properties": {"stop_id": "8220DB000964", "stop_name": "St John's Church", "stop_code": "964"}}, {"type": "Feature", "geometry": {"type": "Point", "coordinates": [-6.196529, 53.38889]}, "properties": {"stop_id": "8220DB000965", "stop_name": "Malahide Road", "stop_code": "965"}}, {"type": "Feature", "geometry": {"type": "Point", "coordinates": [-6.202911, 53.391215]}, "properties": {"stop_id": "8220DB000966", "stop_name": "Oscar Traynor Road", "stop_code": "966"}}, {"type": "Feature", "geometry": {"type": "Point", "coordinates": [-6.206369, 53.392292]}, "properties": {"stop_id": "8220DB000967", "stop_name": "Coolock Drive", "stop_code": "967"}}, {"type": "Feature", "geometry": {"type": "Point", "coordinates": [-6.210683, 53.393759]}, "properties": {"stop_id": "8220DB000968", "stop_name": "Armstrong Walk", "stop_code": "968"}}, {"type": "Feature", "geometry": {"type": "Point", "coordinates": [-6.21549, 53.395682]}, "properties": {"stop_id": "8220DB000969", "stop_name": "Northside SC", "stop_code": "969"}}, {"type": "Feature", "geometry": {"type": "Point", "coordinates": [-6.23492379932213, 53.3969960428841]}, "properties": {"stop_id": "8220DB000972", "stop_name": "Aulden Grange", "stop_code": "972"}}, {"type": "Feature", "geometry": {"type": "Point", "coordinates": [-6.297101, 53.389954]}, "properties": {"stop_id": "8220DB000979", "stop_name": "St Canice's GNS", "stop_code": "979"}}, {"type": "Feature", "geometry": {"type": "Point", "coordinates": [-6.303031, 53.389805]}, "properties": {"stop_id": "8220DB000980", "stop_name": "Mellowes Cres", "stop_code": "980"}}, {"type": "Feature", "geometry": {"type": "Point", "coordinates": [-6.307061, 53.389781]}, "properties": {"stop_id": "8220DB000981", "stop_name": "Cardiff Cstl Rd", "stop_code": "981"}}, {"type": "Feature", "geometry": {"type": "Point", "coordinates": [-6.310956, 53.390142]}, "properties": {"stop_id": "8220DB000983", "stop_name": "Mellowes Rd", "stop_code": "983"}}, {"type": "Feature", "geometry": {"type": "Point", "coordinates": [-6.306755, 53.389911]}, "properties": {"stop_id": "8220DB000984", "stop_name": "Cardiff Cstl Rd", "stop_code": "984"}}, {"type": "Feature", "geometry": {"type": "Point", "coordinates": [-6.303898, 53.389925]}, "properties": {"stop_id": "8220DB000985", "stop_name": "Mellowes Cres", "stop_code": "985"}}, {"type": "Feature", "geometry": {"type": "Point", "coordinates": [-6.299375, 53.39022]}, "properties": {"stop_id": "8220DB000987", "stop_name": "Finglas Village", "stop_code": "987"}}, {"type": "Feature", "geometry": {"type": "Point", "coordinates": [-6.29579510810412, 53.3898902365416]}, "properties": {"stop_id": "8220DB000988", "stop_name": "St Canice's GNS", "stop_code": "988"}}, {"type": "Feature", "geometry": {"type": "Point", "coordinates": [-6.229225, 53.397703]}, "properties": {"stop_id": "8220DB000993", "stop_name": "Larch Hill", "stop_code": "993"}}, {"type": "Feature", "geometry": {"type": "Point", "coordinates": [-6.211493, 53.394167]}, "properties": {"stop_id": "8220DB000997", "stop_name": "Northside SC", "stop_code": "997"}}, {"type": "Feature", "geometry": {"type": "Point", "coordinates": [-6.209789, 53.393575]}, "properties": {"stop_id": "8220DB000998", "stop_name": "Armstrong Walk", "stop_code": "998"}}, {"type": "Feature", "geometry": {"type": "Point", "coordinates": [-6.205965, 53.392241]}, "properties": {"stop_id": "8220DB000999", "stop_name": "Coolock Drive", "stop_code": "999"}}, {"type": "Feature", "geometry": {"type": "Point", "coordinates": [-6.201808, 53.390983]}, "properties": {"stop_id": "8220DB001000", "stop_name": "Beechpark Avenue", "stop_code": "1000"}}, {"type": "Feature", "geometry": {"type": "Point", "coordinates": [-6.199215, 53.390081]}, "properties": {"stop_id": "8220DB001001", "stop_name": "Brookville Crescent", "stop_code": "1001"}}, {"type": "Feature", "geometry": {"type": "Point", "coordinates": [-6.195194, 53.389176]}, "properties": {"stop_id": "8220DB001002", "stop_name": "Tonlegee Road", "stop_code": "1002"}}, {"type": "Feature", "geometry": {"type": "Point", "coordinates": [-6.191071, 53.390299]}, "properties": {"stop_id": "8220DB001003", "stop_name": "St John's Church", "stop_code": "1003"}}, {"type": "Feature", "geometry": {"type": "Point", "coordinates": [-6.18614, 53.390638]}, "properties": {"stop_id": "8220DB001004", "stop_name": "Rathvale", "stop_code": "1004"}}, {"type": "Feature", "geometry": {"type": "Point", "coordinates": [-6.181917, 53.390951]}, "properties": {"stop_id": "8220DB001005", "stop_name": "Limewood Pk", "stop_code": "1005"}}, {"type": "Feature", "geometry": {"type": "Point", "coordinates": [-6.176826, 53.39117]}, "properties": {"stop_id": "8220DB001006", "stop_name": "Millwood Villas", "stop_code": "1006"}}, {"type": "Feature", "geometry": {"type": "Point", "coordinates": [-6.172387, 53.391246]}, "properties": {"stop_id": "8220DB001007", "stop_name": "Millbrook Drive", "stop_code": "1007"}}, {"type": "Feature", "geometry": {"type": "Point", "coordinates": [-6.166934, 53.391127]}, "properties": {"stop_id": "8220DB001008", "stop_name": "Kilbarrack Road", "stop_code": "1008"}}, {"type": "Feature", "geometry": {"type": "Point", "coordinates": [-6.164485, 53.391089]}, "properties": {"stop_id": "8220DB001009", "stop_name": "St. Donagh's Road", "stop_code": "1009"}}, {"type": "Feature", "geometry": {"type": "Point", "coordinates": [-6.258346, 53.334181]}, "properties": {"stop_id": "8220DB001013", "stop_name": "Earlsfort Trce", "stop_code": "1013"}}, {"type": "Feature", "geometry": {"type": "Point", "coordinates": [-6.259966, 53.33273]}, "properties": {"stop_id": "8220DB001015", "stop_name": "Harcourt Street", "stop_code": "1015"}}, {"type": "Feature", "geometry": {"type": "Point", "coordinates": [-6.26433, 53.33084]}, "properties": {"stop_id": "8220DB001016", "stop_name": "Richmond St South", "stop_code": "1016"}}, {"type": "Feature", "geometry": {"type": "Point", "coordinates": [-6.264322, 53.329369]}, "properties": {"stop_id": "8220DB001017", "stop_name": "Grove Park", "stop_code": "1017"}}, {"type": "Feature", "geometry": {"type": "Point", "coordinates": [-6.26465, 53.327585]}, "properties": {"stop_id": "8220DB001018", "stop_name": "Cathal Brugha Brrks", "stop_code": "1018"}}, {"type": "Feature", "geometry": {"type": "Point", "coordinates": [-6.26483, 53.32643]}, "properties": {"stop_id": "8220DB001019", "stop_name": "Military Road", "stop_code": "1019"}}, {"type": "Feature", "geometry": {"type": "Point", "coordinates": [-6.26508, 53.32508]}, "properties": {"stop_id": "8220DB001020", "stop_name": "Rathmines", "stop_code": "1020"}}, {"type": "Feature", "geometry": {"type": "Point", "coordinates": [-6.265652, 53.32138]}, "properties": {"stop_id": "8220DB001021", "stop_name": "Rathmines Rd Upr", "stop_code": "1021"}}, {"type": "Feature", "geometry": {"type": "Point", "coordinates": [-6.264557, 53.319522]}, "properties": {"stop_id": "8220DB001022", "stop_name": "Summerville Park", "stop_code": "1022"}}, {"type": "Feature", "geometry": {"type": "Point", "coordinates": [-6.264912, 53.317046]}, "properties": {"stop_id": "8220DB001023", "stop_name": "Rathmines Close", "stop_code": "1023"}}, {"type": "Feature", "geometry": {"type": "Point", "coordinates": [-6.265021, 53.315852]}, "properties": {"stop_id": "8220DB001024", "stop_name": "Frankfort Avenue", "stop_code": "1024"}}, {"type": "Feature", "geometry": {"type": "Point", "coordinates": [-6.262477, 53.3116]}, "properties": {"stop_id": "8220DB001025", "stop_name": "Trinity Hall", "stop_code": "1025"}}, {"type": "Feature", "geometry": {"type": "Point", "coordinates": [-6.260327, 53.309106]}, "properties": {"stop_id": "8220DB001026", "stop_name": "Dartry Road", "stop_code": "1026"}}, {"type": "Feature", "geometry": {"type": "Point", "coordinates": [-6.257911, 53.308738]}, "properties": {"stop_id": "8220DB001027", "stop_name": "South Hill", "stop_code": "1027"}}, {"type": "Feature", "geometry": {"type": "Point", "coordinates": [-6.255715, 53.308499]}, "properties": {"stop_id": "8220DB001028", "stop_name": "Chuchtown Rd Lwr", "stop_code": "1028"}}, {"type": "Feature", "geometry": {"type": "Point", "coordinates": [-6.255319, 53.30826]}, "properties": {"stop_id": "8220DB001062", "stop_name": "Chuchtown Rd Lwr", "stop_code": "1062"}}, {"type": "Feature", "geometry": {"type": "Point", "coordinates": [-6.258863, 53.308572]}, "properties": {"stop_id": "8220DB001063", "stop_name": "South Hill", "stop_code": "1063"}}, {"type": "Feature", "geometry": {"type": "Point", "coordinates": [-6.260929, 53.309429]}, "properties": {"stop_id": "8220DB001064", "stop_name": "Dartry Road", "stop_code": "1064"}}, {"type": "Feature", "geometry": {"type": "Point", "coordinates": [-6.262783, 53.311829]}, "properties": {"stop_id": "8220DB001065", "stop_name": "Trinity Hall", "stop_code": "1065"}}, {"type": "Feature", "geometry": {"type": "Point", "coordinates": [-6.264085, 53.313753]}, "properties": {"stop_id": "8220DB001066", "stop_name": "Palmerston Vil", "stop_code": "1066"}}, {"type": "Feature", "geometry": {"type": "Point", "coordinates": [-6.265227, 53.317051]}, "properties": {"stop_id": "8220DB001067", "stop_name": "Rathmines Close", "stop_code": "1067"}}, {"type": "Feature", "geometry": {"type": "Point", "coordinates": [-6.265385, 53.320558]}, "properties": {"stop_id": "8220DB001068", "stop_name": "Rathmines Rd Upr", "stop_code": "1068"}}, {"type": "Feature", "geometry": {"type": "Point", "coordinates": [-6.26562, 53.323285]}, "properties": {"stop_id": "8220DB001069", "stop_name": "Swan Shop Cntr", "stop_code": "1069"}}, {"type": "Feature", "geometry": {"type": "Point", "coordinates": [-6.265356, 53.32498]}, "properties": {"stop_id": "8220DB001070", "stop_name": "Rathmines", "stop_code": "1070"}}, {"type": "Feature", "geometry": {"type": "Point", "coordinates": [-6.26485, 53.32729]}, "properties": {"stop_id": "8220DB001071", "stop_name": "Cathal Brugha Brrks", "stop_code": "1071"}}, {"type": "Feature", "geometry": {"type": "Point", "coordinates": [-6.264585, 53.331027]}, "properties": {"stop_id": "8220DB001072", "stop_name": "Richmond St South", "stop_code": "1072"}}, {"type": "Feature", "geometry": {"type": "Point", "coordinates": [-6.261742, 53.334001]}, "properties": {"stop_id": "8220DB001074", "stop_name": "Harcourt Street", "stop_code": "1074"}}, {"type": "Feature", "geometry": {"type": "Point", "coordinates": [-6.265491, 53.323131]}, "properties": {"stop_id": "8220DB001076", "stop_name": "Swan Shop Cntr", "stop_code": "1076"}}, {"type": "Feature", "geometry": {"type": "Point", "coordinates": [-6.266545, 53.321573]}, "properties": {"stop_id": "8220DB001077", "stop_name": "Rathmines Garda", "stop_code": "1077"}}, {"type": "Feature", "geometry": {"type": "Point", "coordinates": [-6.268809, 53.319413]}, "properties": {"stop_id": "8220DB001078", "stop_name": "Rathmines Park", "stop_code": "1078"}}, {"type": "Feature", "geometry": {"type": "Point", "coordinates": [-6.270752, 53.316655]}, "properties": {"stop_id": "8220DB001079", "stop_name": "Leicester Avenue", "stop_code": "1079"}}, {"type": "Feature", "geometry": {"type": "Point", "coordinates": [-6.271873, 53.314909]}, "properties": {"stop_id": "8220DB001080", "stop_name": "Garville Avenue", "stop_code": "1080"}}, {"type": "Feature", "geometry": {"type": "Point", "coordinates": [-6.273495, 53.31265]}, "properties": {"stop_id": "8220DB001081", "stop_name": "Rathgar East", "stop_code": "1081"}}, {"type": "Feature", "geometry": {"type": "Point", "coordinates": [-6.275771, 53.311676]}, "properties": {"stop_id": "8220DB001082", "stop_name": "Rathgar West", "stop_code": "1082"}}, {"type": "Feature", "geometry": {"type": "Point", "coordinates": [-6.278253, 53.311146]}, "properties": {"stop_id": "8220DB001083", "stop_name": "Brighton Road", "stop_code": "1083"}}, {"type": "Feature", "geometry": {"type": "Point", "coordinates": [-6.282377, 53.3101]}, "properties": {"stop_id": "8220DB001085", "stop_name": "Terenure Rd E", "stop_code": "1085"}}, {"type": "Feature", "geometry": {"type": "Point", "coordinates": [-6.285606, 53.30967]}, "properties": {"stop_id": "8220DB001086", "stop_name": "Terenure Road West", "stop_code": "1086"}}, {"type": "Feature", "geometry": {"type": "Point", "coordinates": [-6.289391, 53.310335]}, "properties": {"stop_id": "8220DB001087", "stop_name": "Greenlea Rd", "stop_code": "1087"}}, {"type": "Feature", "geometry": {"type": "Point", "coordinates": [-6.293178, 53.310974]}, "properties": {"stop_id": "8220DB001088", "stop_name": "Parkmore Drive", "stop_code": "1088"}}, {"type": "Feature", "geometry": {"type": "Point", "coordinates": [-6.297503, 53.311656]}, "properties": {"stop_id": "8220DB001089", "stop_name": "Lavarna Grove", "stop_code": "1089"}}, {"type": "Feature", "geometry": {"type": "Point", "coordinates": [-6.298229, 53.311891]}, "properties": {"stop_id": "8220DB001117", "stop_name": "Terenure Road West", "stop_code": "1117"}}, {"type": "Feature", "geometry": {"type": "Point", "coordinates": [-6.294918, 53.311367]}, "properties": {"stop_id": "8220DB001118", "stop_name": "Hazelbrook Road", "stop_code": "1118"}}, {"type": "Feature", "geometry": {"type": "Point", "coordinates": [-6.292414, 53.310936]}, "properties": {"stop_id": "8220DB001119", "stop_name": "Parkmore Drive", "stop_code": "1119"}}, {"type": "Feature", "geometry": {"type": "Point", "coordinates": [-6.287986, 53.310198]}, "properties": {"stop_id": "8220DB001120", "stop_name": "Terenure Garda Stn", "stop_code": "1120"}}, {"type": "Feature", "geometry": {"type": "Point", "coordinates": [-6.285408, 53.309002]}, "properties": {"stop_id": "8220DB001121", "stop_name": "Terenure Lbry", "stop_code": "1121"}}, {"type": "Feature", "geometry": {"type": "Point", "coordinates": [-6.288375, 53.30722]}, "properties": {"stop_id": "8220DB001122", "stop_name": "Rathdown Park", "stop_code": "1122"}}, {"type": "Feature", "geometry": {"type": "Point", "coordinates": [-6.291037, 53.305577]}, "properties": {"stop_id": "8220DB001123", "stop_name": "Lakelands Pk", "stop_code": "1123"}}, {"type": "Feature", "geometry": {"type": "Point", "coordinates": [-6.293404, 53.304173]}, "properties": {"stop_id": "8220DB001124", "stop_name": "Terenure Coll", "stop_code": "1124"}}, {"type": "Feature", "geometry": {"type": "Point", "coordinates": [-6.2963, 53.30249]}, "properties": {"stop_id": "8220DB001159", "stop_name": "Bushy Park Hse", "stop_code": "1159"}}, {"type": "Feature", "geometry": {"type": "Point", "coordinates": [-6.293125, 53.304394]}, "properties": {"stop_id": "8220DB001160", "stop_name": "Terenure Coll", "stop_code": "1160"}}, {"type": "Feature", "geometry": {"type": "Point", "coordinates": [-6.290462, 53.306063]}, "properties": {"stop_id": "8220DB001161", "stop_name": "Lakelands Pk", "stop_code": "1161"}}, {"type": "Feature", "geometry": {"type": "Point", "coordinates": [-6.28777, 53.307732]}, "properties": {"stop_id": "8220DB001162", "stop_name": "Rathdown Park", "stop_code": "1162"}}, {"type": "Feature", "geometry": {"type": "Point", "coordinates": [-6.285863, 53.308873]}, "properties": {"stop_id": "8220DB001163", "stop_name": "Terenure Lbry", "stop_code": "1163"}}, {"type": "Feature", "geometry": {"type": "Point", "coordinates": [-6.281584, 53.310412]}, "properties": {"stop_id": "8220DB001164", "stop_name": "Terenure Rd E", "stop_code": "1164"}}, {"type": "Feature", "geometry": {"type": "Point", "coordinates": [-6.276429, 53.311712]}, "properties": {"stop_id": "8220DB001165", "stop_name": "Rathgar West", "stop_code": "1165"}}, {"type": "Feature", "geometry": {"type": "Point", "coordinates": [-6.272905, 53.31389]}, "properties": {"stop_id": "8220DB001166", "stop_name": "Rathgar East", "stop_code": "1166"}}, {"type": "Feature", "geometry": {"type": "Point", "coordinates": [-6.271396, 53.315945]}, "properties": {"stop_id": "8220DB001167", "stop_name": "Garville Avenue", "stop_code": "1167"}}, {"type": "Feature", "geometry": {"type": "Point", "coordinates": [-6.27001, 53.317929]}, "properties": {"stop_id": "8220DB001168", "stop_name": "Leicester Avenue", "stop_code": "1168"}}, {"type": "Feature", "geometry": {"type": "Point", "coordinates": [-6.268558, 53.320056]}, "properties": {"stop_id": "8220DB001169", "stop_name": "Rathmines Park", "stop_code": "1169"}}, {"type": "Feature", "geometry": {"type": "Point", "coordinates": [-6.266525, 53.321689]}, "properties": {"stop_id": "8220DB001170", "stop_name": "Rathmines Garda", "stop_code": "1170"}}, {"type": "Feature", "geometry": {"type": "Point", "coordinates": [-6.254263, 53.350318]}, "properties": {"stop_id": "8220DB001171", "stop_name": "Gardiner St Lwr", "stop_code": "1171"}}, {"type": "Feature", "geometry": {"type": "Point", "coordinates": [-6.255256, 53.351743]}, "properties": {"stop_id": "8220DB001172", "stop_name": "Deverell Place", "stop_code": "1172"}}, {"type": "Feature", "geometry": {"type": "Point", "coordinates": [-6.256678, 53.353706]}, "properties": {"stop_id": "8220DB001173", "stop_name": "Parnell Street East", "stop_code": "1173"}}, {"type": "Feature", "geometry": {"type": "Point", "coordinates": [-6.258545, 53.356187]}, "properties": {"stop_id": "8220DB001174", "stop_name": "Mountjoy Sq West", "stop_code": "1174"}}, {"type": "Feature", "geometry": {"type": "Point", "coordinates": [-6.26084318209768, 53.358413194465]}, "properties": {"stop_id": "8220DB001175", "stop_name": "Gardiner St Upr", "stop_code": "1175"}}, {"type": "Feature", "geometry": {"type": "Point", "coordinates": [-6.221878, 53.399355]}, "properties": {"stop_id": "8220DB001176", "stop_name": "Coolock Lane Park", "stop_code": "1176"}}, {"type": "Feature", "geometry": {"type": "Point", "coordinates": [-6.225257, 53.400897]}, "properties": {"stop_id": "8220DB001177", "stop_name": "Clonshaugh West", "stop_code": "1177"}}, {"type": "Feature", "geometry": {"type": "Point", "coordinates": [-6.21884924282634, 53.4034534096905]}, "properties": {"stop_id": "8220DB001178", "stop_name": "Clonshaugh North", "stop_code": "1178"}}, {"type": "Feature", "geometry": {"type": "Point", "coordinates": [-6.218921, 53.399931]}, "properties": {"stop_id": "8220DB001179", "stop_name": "Clonshaugh East", "stop_code": "1179"}}, {"type": "Feature", "geometry": {"type": "Point", "coordinates": [-6.25385, 53.35086]}, "properties": {"stop_id": "8220DB001184", "stop_name": "Talbot St East", "stop_code": "1184"}}, {"type": "Feature", "geometry": {"type": "Point", "coordinates": [-6.22151304646931, 53.3763670141117]}, "properties": {"stop_id": "8220DB001185", "stop_name": "Oak Road", "stop_code": "1185"}}, {"type": "Feature", "geometry": {"type": "Point", "coordinates": [-6.22633, 53.377643]}, "properties": {"stop_id": "8220DB001186", "stop_name": "Belton Pk Rd", "stop_code": "1186"}}, {"type": "Feature", "geometry": {"type": "Point", "coordinates": [-6.231355, 53.378608]}, "properties": {"stop_id": "8220DB001187", "stop_name": "Celtic Pk Rd", "stop_code": "1187"}}, {"type": "Feature", "geometry": {"type": "Point", "coordinates": [-6.235596, 53.380018]}, "properties": {"stop_id": "8220DB001188", "stop_name": "Collinswood", "stop_code": "1188"}}, {"type": "Feature", "geometry": {"type": "Point", "coordinates": [-6.235786, 53.380156]}, "properties": {"stop_id": "8220DB001190", "stop_name": "Collinswood", "stop_code": "1190"}}, {"type": "Feature", "geometry": {"type": "Point", "coordinates": [-6.233074, 53.379217]}, "properties": {"stop_id": "8220DB001191", "stop_name": "Collins Court", "stop_code": "1191"}}, {"type": "Feature", "geometry": {"type": "Point", "coordinates": [-6.230663, 53.378633]}, "properties": {"stop_id": "8220DB001192", "stop_name": "Celtic Pk Rd", "stop_code": "1192"}}, {"type": "Feature", "geometry": {"type": "Point", "coordinates": [-6.22744276884898, 53.3779921991309]}, "properties": {"stop_id": "8220DB001193", "stop_name": "The Yard", "stop_code": "1193"}}, {"type": "Feature", "geometry": {"type": "Point", "coordinates": [-6.22521, 53.37748]}, "properties": {"stop_id": "8220DB001194", "stop_name": "Belton Pk Rd", "stop_code": "1194"}}, {"type": "Feature", "geometry": {"type": "Point", "coordinates": [-6.221241, 53.37639]}, "properties": {"stop_id": "8220DB001195", "stop_name": "Oak Road", "stop_code": "1195"}}, {"type": "Feature", "geometry": {"type": "Point", "coordinates": [-6.214915, 53.377787]}, "properties": {"stop_id": "8220DB001196", "stop_name": "Elm Mt Rd", "stop_code": "1196"}}, {"type": "Feature", "geometry": {"type": "Point", "coordinates": [-6.211758, 53.379232]}, "properties": {"stop_id": "8220DB001197", "stop_name": "Artane Cottages", "stop_code": "1197"}}, {"type": "Feature", "geometry": {"type": "Point", "coordinates": [-6.206916, 53.382512]}, "properties": {"stop_id": "8220DB001198", "stop_name": "Artane Rnbt", "stop_code": "1198"}}, {"type": "Feature", "geometry": {"type": "Point", "coordinates": [-6.202768, 53.384985]}, "properties": {"stop_id": "8220DB001199", "stop_name": "Mask Avenue", "stop_code": "1199"}}, {"type": "Feature", "geometry": {"type": "Point", "coordinates": [-6.20103, 53.386963]}, "properties": {"stop_id": "8220DB001200", "stop_name": "Coolock Village", "stop_code": "1200"}}, {"type": "Feature", "geometry": {"type": "Point", "coordinates": [-6.196148, 53.39079]}, "properties": {"stop_id": "8220DB001201", "stop_name": "Dunree Pk", "stop_code": "1201"}}, {"type": "Feature", "geometry": {"type": "Point", "coordinates": [-6.193429, 53.392501]}, "properties": {"stop_id": "8220DB001202", "stop_name": "Newtown Ctgs", "stop_code": "1202"}}, {"type": "Feature", "geometry": {"type": "Point", "coordinates": [-6.187536, 53.396726]}, "properties": {"stop_id": "8220DB001203", "stop_name": "Darndale Roundabout", "stop_code": "1203"}}, {"type": "Feature", "geometry": {"type": "Point", "coordinates": [-6.181858, 53.401503]}, "properties": {"stop_id": "8220DB001205", "stop_name": "Clarehall SC", "stop_code": "1205"}}, {"type": "Feature", "geometry": {"type": "Point", "coordinates": [-6.184281, 53.399706]}, "properties": {"stop_id": "8220DB001218", "stop_name": "Belcamp Lane", "stop_code": "1218"}}, {"type": "Feature", "geometry": {"type": "Point", "coordinates": [-6.208334, 53.381302]}, "properties": {"stop_id": "8220DB001219", "stop_name": "Danieli Road", "stop_code": "1219"}}, {"type": "Feature", "geometry": {"type": "Point", "coordinates": [-6.212199, 53.378763]}, "properties": {"stop_id": "8220DB001220", "stop_name": "Artane Cottages", "stop_code": "1220"}}, {"type": "Feature", "geometry": {"type": "Point", "coordinates": [-6.216098, 53.376816]}, "properties": {"stop_id": "8220DB001221", "stop_name": "Elm Mt Rd", "stop_code": "1221"}}, {"type": "Feature", "geometry": {"type": "Point", "coordinates": [-6.20685, 53.384066]}, "properties": {"stop_id": "8220DB001222", "stop_name": "Ardlea Road", "stop_code": "1222"}}, {"type": "Feature", "geometry": {"type": "Point", "coordinates": [-6.208514, 53.385251]}, "properties": {"stop_id": "8220DB001223", "stop_name": "Chanel Avenue", "stop_code": "1223"}}, {"type": "Feature", "geometry": {"type": "Point", "coordinates": [-6.210936, 53.386644]}, "properties": {"stop_id": "8220DB001224", "stop_name": "Maryfield Ave", "stop_code": "1224"}}, {"type": "Feature", "geometry": {"type": "Point", "coordinates": [-6.213904, 53.386859]}, "properties": {"stop_id": "8220DB001225", "stop_name": "Maryfield Drive", "stop_code": "1225"}}, {"type": "Feature", "geometry": {"type": "Point", "coordinates": [-6.21493, 53.388582]}, "properties": {"stop_id": "8220DB001226", "stop_name": "Ardmore Drive", "stop_code": "1226"}}, {"type": "Feature", "geometry": {"type": "Point", "coordinates": [-6.21516, 53.39114]}, "properties": {"stop_id": "8220DB001227", "stop_name": "Kilmore Ave", "stop_code": "1227"}}, {"type": "Feature", "geometry": {"type": "Point", "coordinates": [-6.218513, 53.392429]}, "properties": {"stop_id": "8220DB001228", "stop_name": "Cromcastle Ave", "stop_code": "1228"}}, {"type": "Feature", "geometry": {"type": "Point", "coordinates": [-6.225426, 53.394312]}, "properties": {"stop_id": "8220DB001229", "stop_name": "Castletimon Grn", "stop_code": "1229"}}, {"type": "Feature", "geometry": {"type": "Point", "coordinates": [-6.227843, 53.395489]}, "properties": {"stop_id": "8220DB001231", "stop_name": "Castletimon Road", "stop_code": "1231"}}, {"type": "Feature", "geometry": {"type": "Point", "coordinates": [-6.230483, 53.395286]}, "properties": {"stop_id": "8220DB001232", "stop_name": "Castletimon Park", "stop_code": "1232"}}, {"type": "Feature", "geometry": {"type": "Point", "coordinates": [-6.231243, 53.394362]}, "properties": {"stop_id": "8220DB001233", "stop_name": "Castletimon Drive", "stop_code": "1233"}}, {"type": "Feature", "geometry": {"type": "Point", "coordinates": [-6.232613, 53.394688]}, "properties": {"stop_id": "8220DB001234", "stop_name": "Ballyshannon Avenue", "stop_code": "1234"}}, {"type": "Feature", "geometry": {"type": "Point", "coordinates": [-6.225604, 53.394737]}, "properties": {"stop_id": "8220DB001235", "stop_name": "Castletimon Grn", "stop_code": "1235"}}, {"type": "Feature", "geometry": {"type": "Point", "coordinates": [-6.218984, 53.392679]}, "properties": {"stop_id": "8220DB001237", "stop_name": "Cromcastle Ave", "stop_code": "1237"}}, {"type": "Feature", "geometry": {"type": "Point", "coordinates": [-6.21491, 53.391566]}, "properties": {"stop_id": "8220DB001238", "stop_name": "Kilmore Ave", "stop_code": "1238"}}, {"type": "Feature", "geometry": {"type": "Point", "coordinates": [-6.214882, 53.389004]}, "properties": {"stop_id": "8220DB001239", "stop_name": "Ardmore Drive", "stop_code": "1239"}}, {"type": "Feature", "geometry": {"type": "Point", "coordinates": [-6.21117, 53.386818]}, "properties": {"stop_id": "8220DB001240", "stop_name": "Maryfield Ave", "stop_code": "1240"}}, {"type": "Feature", "geometry": {"type": "Point", "coordinates": [-6.209089, 53.385879]}, "properties": {"stop_id": "8220DB001241", "stop_name": "Chanel Avenue", "stop_code": "1241"}}, {"type": "Feature", "geometry": {"type": "Point", "coordinates": [-6.207073, 53.384492]}, "properties": {"stop_id": "8220DB001242", "stop_name": "Ardlea Road", "stop_code": "1242"}}, {"type": "Feature", "geometry": {"type": "Point", "coordinates": [-6.199914, 53.3949]}, "properties": {"stop_id": "8220DB001243", "stop_name": "Greencastle Ave", "stop_code": "1243"}}, {"type": "Feature", "geometry": {"type": "Point", "coordinates": [-6.220447, 53.392907]}, "properties": {"stop_id": "8220DB001244", "stop_name": "Cromcastle Grn", "stop_code": "1244"}}, {"type": "Feature", "geometry": {"type": "Point", "coordinates": [-6.206219, 53.397997]}, "properties": {"stop_id": "8220DB001245", "stop_name": "Glin Avenue", "stop_code": "1245"}}, {"type": "Feature", "geometry": {"type": "Point", "coordinates": [-6.222979, 53.393493]}, "properties": {"stop_id": "8220DB001246", "stop_name": "Kilbarron Pk", "stop_code": "1246"}}, {"type": "Feature", "geometry": {"type": "Point", "coordinates": [-6.199981, 53.395081]}, "properties": {"stop_id": "8220DB001247", "stop_name": "Greencastle Ave", "stop_code": "1247"}}, {"type": "Feature", "geometry": {"type": "Point", "coordinates": [-6.197167, 53.392989]}, "properties": {"stop_id": "8220DB001248", "stop_name": "Greencastle Prde", "stop_code": "1248"}}, {"type": "Feature", "geometry": {"type": "Point", "coordinates": [-6.20124, 53.395181]}, "properties": {"stop_id": "8220DB001249", "stop_name": "Adare Road", "stop_code": "1249"}}, {"type": "Feature", "geometry": {"type": "Point", "coordinates": [-6.207556, 53.393739]}, "properties": {"stop_id": "8220DB001250", "stop_name": "Bunratty Road", "stop_code": "1250"}}, {"type": "Feature", "geometry": {"type": "Point", "coordinates": [-6.222379, 53.393457]}, "properties": {"stop_id": "8220DB001251", "stop_name": "Kilbarron Pk", "stop_code": "1251"}}, {"type": "Feature", "geometry": {"type": "Point", "coordinates": [-6.214613, 53.393638]}, "properties": {"stop_id": "8220DB001252", "stop_name": "Kilmore Road", "stop_code": "1252"}}, {"type": "Feature", "geometry": {"type": "Point", "coordinates": [-6.214694, 53.393864]}, "properties": {"stop_id": "8220DB001253", "stop_name": "Tranquility Grove", "stop_code": "1253"}}, {"type": "Feature", "geometry": {"type": "Point", "coordinates": [-6.211363, 53.395117]}, "properties": {"stop_id": "8220DB001254", "stop_name": "Adare Avenue", "stop_code": "1254"}}, {"type": "Feature", "geometry": {"type": "Point", "coordinates": [-6.208974, 53.394354]}, "properties": {"stop_id": "8220DB001255", "stop_name": "Adare Park", "stop_code": "1255"}}, {"type": "Feature", "geometry": {"type": "Point", "coordinates": [-6.206944, 53.393631]}, "properties": {"stop_id": "8220DB001256", "stop_name": "Bunratty Road", "stop_code": "1256"}}, {"type": "Feature", "geometry": {"type": "Point", "coordinates": [-6.190827, 53.398187]}, "properties": {"stop_id": "8220DB001258", "stop_name": "Marigold Avenue", "stop_code": "1258"}}, {"type": "Feature", "geometry": {"type": "Point", "coordinates": [-6.194885, 53.39859]}, "properties": {"stop_id": "8220DB001259", "stop_name": "Marigold Road", "stop_code": "1259"}}, {"type": "Feature", "geometry": {"type": "Point", "coordinates": [-6.198819, 53.400178]}, "properties": {"stop_id": "8220DB001260", "stop_name": "Belcamp Avenue", "stop_code": "1260"}}, {"type": "Feature", "geometry": {"type": "Point", "coordinates": [-6.204908, 53.402004]}, "properties": {"stop_id": "8220DB001262", "stop_name": "Clonshaugh Drive", "stop_code": "1262"}}, {"type": "Feature", "geometry": {"type": "Point", "coordinates": [-6.190705, 53.398221]}, "properties": {"stop_id": "8220DB001265", "stop_name": "Marigold Avenue", "stop_code": "1265"}}, {"type": "Feature", "geometry": {"type": "Point", "coordinates": [-6.204725, 53.402055]}, "properties": {"stop_id": "8220DB001266", "stop_name": "Clonshaugh Drive", "stop_code": "1266"}}, {"type": "Feature", "geometry": {"type": "Point", "coordinates": [-6.200249, 53.400855]}, "properties": {"stop_id": "8220DB001267", "stop_name": "Ferrycarrig Pk", "stop_code": "1267"}}, {"type": "Feature", "geometry": {"type": "Point", "coordinates": [-6.197898, 53.399894]}, "properties": {"stop_id": "8220DB001268", "stop_name": "Belcamp Avenue", "stop_code": "1268"}}, {"type": "Feature", "geometry": {"type": "Point", "coordinates": [-6.19371931703884, 53.3984289595154]}, "properties": {"stop_id": "8220DB001269", "stop_name": "Marigold Road", "stop_code": "1269"}}, {"type": "Feature", "geometry": {"type": "Point", "coordinates": [-6.18723, 53.396497]}, "properties": {"stop_id": "8220DB001270", "stop_name": "Darndale Roundabout", "stop_code": "1270"}}, {"type": "Feature", "geometry": {"type": "Point", "coordinates": [-6.191879, 53.392882]}, "properties": {"stop_id": "8220DB001272", "stop_name": "Newtown Ctgs", "stop_code": "1272"}}, {"type": "Feature", "geometry": {"type": "Point", "coordinates": [-6.195277, 53.391109]}, "properties": {"stop_id": "8220DB001273", "stop_name": "Dunree Pk", "stop_code": "1273"}}, {"type": "Feature", "geometry": {"type": "Point", "coordinates": [-6.19797, 53.388939]}, "properties": {"stop_id": "8220DB001274", "stop_name": "Coolock Junction", "stop_code": "1274"}}, {"type": "Feature", "geometry": {"type": "Point", "coordinates": [-6.202111, 53.385586]}, "properties": {"stop_id": "8220DB001275", "stop_name": "Coolock Village", "stop_code": "1275"}}, {"type": "Feature", "geometry": {"type": "Point", "coordinates": [-6.202915, 53.384331]}, "properties": {"stop_id": "8220DB001276", "stop_name": "Mask Avenue", "stop_code": "1276"}}, {"type": "Feature", "geometry": {"type": "Point", "coordinates": [-6.206217, 53.382681]}, "properties": {"stop_id": "8220DB001277", "stop_name": "Artane Rnbt", "stop_code": "1277"}}, {"type": "Feature", "geometry": {"type": "Point", "coordinates": [-6.2613, 53.344237]}, "properties": {"stop_id": "8220DB001278", "stop_name": "College Green", "stop_code": "1278"}}, {"type": "Feature", "geometry": {"type": "Point", "coordinates": [-6.261705, 53.34426]}, "properties": {"stop_id": "8220DB001279", "stop_name": "College Green", "stop_code": "1279"}}, {"type": "Feature", "geometry": {"type": "Point", "coordinates": [-6.303143, 53.400196]}, "properties": {"stop_id": "8220DB001280", "stop_name": "McKelvey Ave", "stop_code": "1280"}}, {"type": "Feature", "geometry": {"type": "Point", "coordinates": [-6.264501, 53.342342]}, "properties": {"stop_id": "8220DB001282", "stop_name": "S Great George's St", "stop_code": "1282"}}, {"type": "Feature", "geometry": {"type": "Point", "coordinates": [-6.264928, 53.341809]}, "properties": {"stop_id": "8220DB001283", "stop_name": "S Great George's St", "stop_code": "1283"}}, {"type": "Feature", "geometry": {"type": "Point", "coordinates": [-6.26587355723325, 53.3381283509666]}, "properties": {"stop_id": "8220DB001284", "stop_name": "Redmond's Hill", "stop_code": "1284"}}, {"type": "Feature", "geometry": {"type": "Point", "coordinates": [-6.265125, 53.334378]}, "properties": {"stop_id": "8220DB001285", "stop_name": "Camden Street Lwr", "stop_code": "1285"}}, {"type": "Feature", "geometry": {"type": "Point", "coordinates": [-6.265727, 53.3325]}, "properties": {"stop_id": "8220DB001286", "stop_name": "Harrington Street", "stop_code": "1286"}}, {"type": "Feature", "geometry": {"type": "Point", "coordinates": [-6.266118, 53.332478]}, "properties": {"stop_id": "8220DB001287", "stop_name": "Harrington Street", "stop_code": "1287"}}, {"type": "Feature", "geometry": {"type": "Point", "coordinates": [-6.269638, 53.332323]}, "properties": {"stop_id": "8220DB001288", "stop_name": "Victoria Street", "stop_code": "1288"}}, {"type": "Feature", "geometry": {"type": "Point", "coordinates": [-6.273039, 53.332129]}, "properties": {"stop_id": "8220DB001289", "stop_name": "Spencer St South", "stop_code": "1289"}}, {"type": "Feature", "geometry": {"type": "Point", "coordinates": [-6.275167, 53.330731]}, "properties": {"stop_id": "8220DB001290", "stop_name": "Clanbrassil Upr", "stop_code": "1290"}}, {"type": "Feature", "geometry": {"type": "Point", "coordinates": [-6.27631, 53.328447]}, "properties": {"stop_id": "8220DB001291", "stop_name": "Mt Drummond Ave", "stop_code": "1291"}}, {"type": "Feature", "geometry": {"type": "Point", "coordinates": [-6.278124, 53.325634]}, "properties": {"stop_id": "8220DB001292", "stop_name": "Harold's Cross Park", "stop_code": "1292"}}, {"type": "Feature", "geometry": {"type": "Point", "coordinates": [-6.279103, 53.32286]}, "properties": {"stop_id": "8220DB001293", "stop_name": "Harold's Cross Vlge", "stop_code": "1293"}}, {"type": "Feature", "geometry": {"type": "Point", "coordinates": [-6.278803, 53.3206]}, "properties": {"stop_id": "8220DB001294", "stop_name": "Tivoli Avenue", "stop_code": "1294"}}, {"type": "Feature", "geometry": {"type": "Point", "coordinates": [-6.27951, 53.31791]}, "properties": {"stop_id": "8220DB001295", "stop_name": "Kenilworth Park", "stop_code": "1295"}}, {"type": "Feature", "geometry": {"type": "Point", "coordinates": [-6.281648, 53.315563]}, "properties": {"stop_id": "8220DB001296", "stop_name": "Mount Tallant Ave", "stop_code": "1296"}}, {"type": "Feature", "geometry": {"type": "Point", "coordinates": [-6.28239, 53.31241]}, "properties": {"stop_id": "8220DB001297", "stop_name": "Whitton Road", "stop_code": "1297"}}, {"type": "Feature", "geometry": {"type": "Point", "coordinates": [-6.283027, 53.310747]}, "properties": {"stop_id": "8220DB001298", "stop_name": "Terenure North", "stop_code": "1298"}}, {"type": "Feature", "geometry": {"type": "Point", "coordinates": [-6.283901, 53.308396]}, "properties": {"stop_id": "8220DB001299", "stop_name": "Terenure South", "stop_code": "1299"}}, {"type": "Feature", "geometry": {"type": "Point", "coordinates": [-6.283421, 53.306151]}, "properties": {"stop_id": "8220DB001300", "stop_name": "Westbourne Road", "stop_code": "1300"}}, {"type": "Feature", "geometry": {"type": "Point", "coordinates": [-6.284001, 53.307417]}, "properties": {"stop_id": "8220DB001335", "stop_name": "Bushy Park Rd", "stop_code": "1335"}}, {"type": "Feature", "geometry": {"type": "Point", "coordinates": [-6.284031, 53.308901]}, "properties": {"stop_id": "8220DB001336", "stop_name": "Terenure South", "stop_code": "1336"}}, {"type": "Feature", "geometry": {"type": "Point", "coordinates": [-6.283069, 53.311179]}, "properties": {"stop_id": "8220DB001337", "stop_name": "Terenure North", "stop_code": "1337"}}, {"type": "Feature", "geometry": {"type": "Point", "coordinates": [-6.282584, 53.31243]}, "properties": {"stop_id": "8220DB001338", "stop_name": "Whitton Road", "stop_code": "1338"}}, {"type": "Feature", "geometry": {"type": "Point", "coordinates": [-6.2823, 53.315024]}, "properties": {"stop_id": "8220DB001339", "stop_name": "Brighton Square", "stop_code": "1339"}}, {"type": "Feature", "geometry": {"type": "Point", "coordinates": [-6.280996, 53.31647]}, "properties": {"stop_id": "8220DB001340", "stop_name": "Mount Tallant Ave", "stop_code": "1340"}}, {"type": "Feature", "geometry": {"type": "Point", "coordinates": [-6.278994, 53.319228]}, "properties": {"stop_id": "8220DB001341", "stop_name": "Kenilworth Park", "stop_code": "1341"}}, {"type": "Feature", "geometry": {"type": "Point", "coordinates": [-6.27934, 53.32129]}, "properties": {"stop_id": "8220DB001342", "stop_name": "Tivoli Avenue", "stop_code": "1342"}}, {"type": "Feature", "geometry": {"type": "Point", "coordinates": [-6.279426, 53.322667]}, "properties": {"stop_id": "8220DB001343", "stop_name": "Harold's Cross Vlge", "stop_code": "1343"}}, {"type": "Feature", "geometry": {"type": "Point", "coordinates": [-6.277608, 53.327171]}, "properties": {"stop_id": "8220DB001344", "stop_name": "St Claire's School", "stop_code": "1344"}}, {"type": "Feature", "geometry": {"type": "Point", "coordinates": [-6.276236, 53.328796]}, "properties": {"stop_id": "8220DB001345", "stop_name": "Mt Drummond Ave", "stop_code": "1345"}}, {"type": "Feature", "geometry": {"type": "Point", "coordinates": [-6.275344, 53.331183]}, "properties": {"stop_id": "8220DB001347", "stop_name": "Clanbrassil Upr", "stop_code": "1347"}}, {"type": "Feature", "geometry": {"type": "Point", "coordinates": [-6.27389, 53.33225]}, "properties": {"stop_id": "8220DB001348", "stop_name": "Leonard's Corner", "stop_code": "1348"}}, {"type": "Feature", "geometry": {"type": "Point", "coordinates": [-6.270881, 53.332386]}, "properties": {"stop_id": "8220DB001349", "stop_name": "Victoria Street", "stop_code": "1349"}}, {"type": "Feature", "geometry": {"type": "Point", "coordinates": [-6.26748081181986, 53.3325610927811]}, "properties": {"stop_id": "8220DB001350", "stop_name": "Harrington Street", "stop_code": "1350"}}, {"type": "Feature", "geometry": {"type": "Point", "coordinates": [-6.265407, 53.334445]}, "properties": {"stop_id": "8220DB001352", "stop_name": "Camden Street Lwr", "stop_code": "1352"}}, {"type": "Feature", "geometry": {"type": "Point", "coordinates": [-6.265419, 53.33601]}, "properties": {"stop_id": "8220DB001353", "stop_name": "Wexford Street", "stop_code": "1353"}}, {"type": "Feature", "geometry": {"type": "Point", "coordinates": [-6.266076, 53.339048]}, "properties": {"stop_id": "8220DB001354", "stop_name": "Redmond's Hill", "stop_code": "1354"}}, {"type": "Feature", "geometry": {"type": "Point", "coordinates": [-6.265839, 53.340096]}, "properties": {"stop_id": "8220DB001355", "stop_name": "Aungier Street", "stop_code": "1355"}}, {"type": "Feature", "geometry": {"type": "Point", "coordinates": [-6.264597, 53.342568]}, "properties": {"stop_id": "8220DB001357", "stop_name": "S Great George's St", "stop_code": "1357"}}, {"type": "Feature", "geometry": {"type": "Point", "coordinates": [-6.262889, 53.344305]}, "properties": {"stop_id": "8220DB001358", "stop_name": "College Green", "stop_code": "1358"}}, {"type": "Feature", "geometry": {"type": "Point", "coordinates": [-6.261369, 53.344399]}, "properties": {"stop_id": "8220DB001359", "stop_name": "College Green", "stop_code": "1359"}}, {"type": "Feature", "geometry": {"type": "Point", "coordinates": [-6.276618, 53.331983]}, "properties": {"stop_id": "8220DB001360", "stop_name": "Leonard's Corner", "stop_code": "1360"}}, {"type": "Feature", "geometry": {"type": "Point", "coordinates": [-6.279908, 53.331204]}, "properties": {"stop_id": "8220DB001362", "stop_name": "National Stadium", "stop_code": "1362"}}, {"type": "Feature", "geometry": {"type": "Point", "coordinates": [-6.285167, 53.331846]}, "properties": {"stop_id": "8220DB001363", "stop_name": "Saint Anne's Rd S", "stop_code": "1363"}}, {"type": "Feature", "geometry": {"type": "Point", "coordinates": [-6.28806, 53.332346]}, "properties": {"stop_id": "8220DB001364", "stop_name": "Dolphin Avenue", "stop_code": "1364"}}, {"type": "Feature", "geometry": {"type": "Point", "coordinates": [-6.290455, 53.332901]}, "properties": {"stop_id": "8220DB001365", "stop_name": "Dolphin's Barn", "stop_code": "1365"}}, {"type": "Feature", "geometry": {"type": "Point", "coordinates": [-6.294315, 53.33515]}, "properties": {"stop_id": "8220DB001366", "stop_name": "St Andrews Centre", "stop_code": "1366"}}, {"type": "Feature", "geometry": {"type": "Point", "coordinates": [-6.296561, 53.335685]}, "properties": {"stop_id": "8220DB001367", "stop_name": "Rialto Church", "stop_code": "1367"}}, {"type": "Feature", "geometry": {"type": "Point", "coordinates": [-6.302245, 53.338867]}, "properties": {"stop_id": "8220DB001369", "stop_name": "Mayfield Rd", "stop_code": "1369"}}, {"type": "Feature", "geometry": {"type": "Point", "coordinates": [-6.305317, 53.339124]}, "properties": {"stop_id": "8220DB001370", "stop_name": "Hybreasal House", "stop_code": "1370"}}, {"type": "Feature", "geometry": {"type": "Point", "coordinates": [-6.30787, 53.338832]}, "properties": {"stop_id": "8220DB001371", "stop_name": "Suir Rd N", "stop_code": "1371"}}, {"type": "Feature", "geometry": {"type": "Point", "coordinates": [-6.309874, 53.338104]}, "properties": {"stop_id": "8220DB001372", "stop_name": "Goldenbridge Ave", "stop_code": "1372"}}, {"type": "Feature", "geometry": {"type": "Point", "coordinates": [-6.312035, 53.337775]}, "properties": {"stop_id": "8220DB001373", "stop_name": "Stephens Road", "stop_code": "1373"}}, {"type": "Feature", "geometry": {"type": "Point", "coordinates": [-6.313014, 53.339218]}, "properties": {"stop_id": "8220DB001374", "stop_name": "Southern X Ave", "stop_code": "1374"}}, {"type": "Feature", "geometry": {"type": "Point", "coordinates": [-6.31216, 53.339556]}, "properties": {"stop_id": "8220DB001375", "stop_name": "Bulfin Road", "stop_code": "1375"}}, {"type": "Feature", "geometry": {"type": "Point", "coordinates": [-6.308753, 53.339508]}, "properties": {"stop_id": "8220DB001376", "stop_name": "Bulfin Gardens", "stop_code": "1376"}}, {"type": "Feature", "geometry": {"type": "Point", "coordinates": [-6.304742, 53.339163]}, "properties": {"stop_id": "8220DB001377", "stop_name": "Hybreasal House", "stop_code": "1377"}}, {"type": "Feature", "geometry": {"type": "Point", "coordinates": [-6.301376, 53.338828]}, "properties": {"stop_id": "8220DB001378", "stop_name": "Mayfield Rd", "stop_code": "1378"}}, {"type": "Feature", "geometry": {"type": "Point", "coordinates": [-6.2991226532094, 53.3373397013518]}, "properties": {"stop_id": "8220DB001379", "stop_name": "Rialto Luas", "stop_code": "1379"}}, {"type": "Feature", "geometry": {"type": "Point", "coordinates": [-6.295977, 53.335641]}, "properties": {"stop_id": "8220DB001380", "stop_name": "Rialto Church", "stop_code": "1380"}}, {"type": "Feature", "geometry": {"type": "Point", "coordinates": [-6.293745, 53.335124]}, "properties": {"stop_id": "8220DB001381", "stop_name": "St Andrews Centre", "stop_code": "1381"}}, {"type": "Feature", "geometry": {"type": "Point", "coordinates": [-6.290595, 53.333173]}, "properties": {"stop_id": "8220DB001382", "stop_name": "Dolphin's Barn", "stop_code": "1382"}}, {"type": "Feature", "geometry": {"type": "Point", "coordinates": [-6.286607, 53.332271]}, "properties": {"stop_id": "8220DB001383", "stop_name": "Dolphin Avenue", "stop_code": "1383"}}, {"type": "Feature", "geometry": {"type": "Point", "coordinates": [-6.282364, 53.331356]}, "properties": {"stop_id": "8220DB001384", "stop_name": "National Stadium", "stop_code": "1384"}}, {"type": "Feature", "geometry": {"type": "Point", "coordinates": [-6.278262, 53.3318]}, "properties": {"stop_id": "8220DB001385", "stop_name": "Griffith College", "stop_code": "1385"}}, {"type": "Feature", "geometry": {"type": "Point", "coordinates": [-6.284448, 53.329553]}, "properties": {"stop_id": "8220DB001386", "stop_name": "Parnell Road", "stop_code": "1386"}}, {"type": "Feature", "geometry": {"type": "Point", "coordinates": [-6.28673, 53.32804]}, "properties": {"stop_id": "8220DB001387", "stop_name": "Aughavannagh Rd", "stop_code": "1387"}}, {"type": "Feature", "geometry": {"type": "Point", "coordinates": [-6.29118, 53.32673]}, "properties": {"stop_id": "8220DB001388", "stop_name": "Clogher Road", "stop_code": "1388"}}, {"type": "Feature", "geometry": {"type": "Point", "coordinates": [-6.295493, 53.325936]}, "properties": {"stop_id": "8220DB001389", "stop_name": "Sundrive Road", "stop_code": "1389"}}, {"type": "Feature", "geometry": {"type": "Point", "coordinates": [-6.298364, 53.322822]}, "properties": {"stop_id": "8220DB001391", "stop_name": "Clonmacnoise Road", "stop_code": "1391"}}, {"type": "Feature", "geometry": {"type": "Point", "coordinates": [-6.30162, 53.322491]}, "properties": {"stop_id": "8220DB001392", "stop_name": "Bangor Circle", "stop_code": "1392"}}, {"type": "Feature", "geometry": {"type": "Point", "coordinates": [-6.296766, 53.323743]}, "properties": {"stop_id": "8220DB001394", "stop_name": "Ferns Road", "stop_code": "1394"}}, {"type": "Feature", "geometry": {"type": "Point", "coordinates": [-6.31484, 53.32487]}, "properties": {"stop_id": "8220DB001396", "stop_name": "Kildare Park", "stop_code": "1396"}}, {"type": "Feature", "geometry": {"type": "Point", "coordinates": [-6.313857, 53.325091]}, "properties": {"stop_id": "8220DB001397", "stop_name": "Kildare Park", "stop_code": "1397"}}, {"type": "Feature", "geometry": {"type": "Point", "coordinates": [-6.310276, 53.325301]}, "properties": {"stop_id": "8220DB001398", "stop_name": "Windmill Rd", "stop_code": "1398"}}, {"type": "Feature", "geometry": {"type": "Point", "coordinates": [-6.305433, 53.325143]}, "properties": {"stop_id": "8220DB001399", "stop_name": "Clonard Rd", "stop_code": "1399"}}, {"type": "Feature", "geometry": {"type": "Point", "coordinates": [-6.299818, 53.323625]}, "properties": {"stop_id": "8220DB001400", "stop_name": "Bangor Circle", "stop_code": "1400"}}, {"type": "Feature", "geometry": {"type": "Point", "coordinates": [-6.298652, 53.325397]}, "properties": {"stop_id": "8220DB001401", "stop_name": "Slane Rd", "stop_code": "1401"}}, {"type": "Feature", "geometry": {"type": "Point", "coordinates": [-6.295986, 53.325988]}, "properties": {"stop_id": "8220DB001402", "stop_name": "Sundrive Road", "stop_code": "1402"}}, {"type": "Feature", "geometry": {"type": "Point", "coordinates": [-6.289544, 53.327154]}, "properties": {"stop_id": "8220DB001403", "stop_name": "Clogher Road", "stop_code": "1403"}}, {"type": "Feature", "geometry": {"type": "Point", "coordinates": [-6.28668, 53.328201]}, "properties": {"stop_id": "8220DB001404", "stop_name": "Aughavannagh Rd", "stop_code": "1404"}}, {"type": "Feature", "geometry": {"type": "Point", "coordinates": [-6.284408, 53.329822]}, "properties": {"stop_id": "8220DB001405", "stop_name": "Parnell Road", "stop_code": "1405"}}, {"type": "Feature", "geometry": {"type": "Point", "coordinates": [-6.291691, 53.333153]}, "properties": {"stop_id": "8220DB001406", "stop_name": "Dolphin's Barn", "stop_code": "1406"}}, {"type": "Feature", "geometry": {"type": "Point", "coordinates": [-6.294444, 53.331539]}, "properties": {"stop_id": "8220DB001407", "stop_name": "Rutland Avenue", "stop_code": "1407"}}, {"type": "Feature", "geometry": {"type": "Point", "coordinates": [-6.297358, 53.330367]}, "properties": {"stop_id": "8220DB001409", "stop_name": "Crumlin Road", "stop_code": "1409"}}, {"type": "Feature", "geometry": {"type": "Point", "coordinates": [-6.299779, 53.331417]}, "properties": {"stop_id": "8220DB001410", "stop_name": "Keeper Rd", "stop_code": "1410"}}, {"type": "Feature", "geometry": {"type": "Point", "coordinates": [-6.303282, 53.332051]}, "properties": {"stop_id": "8220DB001411", "stop_name": "Brickfield Dr", "stop_code": "1411"}}, {"type": "Feature", "geometry": {"type": "Point", "coordinates": [-6.305915, 53.332682]}, "properties": {"stop_id": "8220DB001412", "stop_name": "Brickfield Pk", "stop_code": "1412"}}, {"type": "Feature", "geometry": {"type": "Point", "coordinates": [-6.308783, 53.333441]}, "properties": {"stop_id": "8220DB001413", "stop_name": "Mourne Rd E", "stop_code": "1413"}}, {"type": "Feature", "geometry": {"type": "Point", "coordinates": [-6.312315, 53.333348]}, "properties": {"stop_id": "8220DB001414", "stop_name": "Benbulbin Rd", "stop_code": "1414"}}, {"type": "Feature", "geometry": {"type": "Point", "coordinates": [-6.316375, 53.332443]}, "properties": {"stop_id": "8220DB001415", "stop_name": "Sperrin Rd", "stop_code": "1415"}}, {"type": "Feature", "geometry": {"type": "Point", "coordinates": [-6.319568, 53.331032]}, "properties": {"stop_id": "8220DB001417", "stop_name": "Drimnagh School", "stop_code": "1417"}}, {"type": "Feature", "geometry": {"type": "Point", "coordinates": [-6.323061, 53.33003]}, "properties": {"stop_id": "8220DB001418", "stop_name": "Mourne Rd W", "stop_code": "1418"}}, {"type": "Feature", "geometry": {"type": "Point", "coordinates": [-6.3229112430655, 53.3277177272247]}, "properties": {"stop_id": "8220DB001419", "stop_name": "Brandon Road", "stop_code": "1419"}}, {"type": "Feature", "geometry": {"type": "Point", "coordinates": [-6.320453, 53.324951]}, "properties": {"stop_id": "8220DB001421", "stop_name": "Crumlin Hospital", "stop_code": "1421"}}, {"type": "Feature", "geometry": {"type": "Point", "coordinates": [-6.319445, 53.324999]}, "properties": {"stop_id": "8220DB001423", "stop_name": "Drimnagh Rd", "stop_code": "1423"}}, {"type": "Feature", "geometry": {"type": "Point", "coordinates": [-6.316747, 53.325663]}, "properties": {"stop_id": "8220DB001424", "stop_name": "Crumlin Hospl", "stop_code": "1424"}}, {"type": "Feature", "geometry": {"type": "Point", "coordinates": [-6.31804, 53.32706]}, "properties": {"stop_id": "8220DB001425", "stop_name": "Cooley Road", "stop_code": "1425"}}, {"type": "Feature", "geometry": {"type": "Point", "coordinates": [-6.32243, 53.329275]}, "properties": {"stop_id": "8220DB001426", "stop_name": "Curlew Rd", "stop_code": "1426"}}, {"type": "Feature", "geometry": {"type": "Point", "coordinates": [-6.322331, 53.330271]}, "properties": {"stop_id": "8220DB001427", "stop_name": "Mourne Rd W", "stop_code": "1427"}}, {"type": "Feature", "geometry": {"type": "Point", "coordinates": [-6.31915, 53.331359]}, "properties": {"stop_id": "8220DB001428", "stop_name": "Drimnagh School", "stop_code": "1428"}}, {"type": "Feature", "geometry": {"type": "Point", "coordinates": [-6.316173, 53.332593]}, "properties": {"stop_id": "8220DB001429", "stop_name": "Sperrin Rd", "stop_code": "1429"}}, {"type": "Feature", "geometry": {"type": "Point", "coordinates": [-6.31115, 53.333574]}, "properties": {"stop_id": "8220DB001430", "stop_name": "Benbulbin Rd", "stop_code": "1430"}}, {"type": "Feature", "geometry": {"type": "Point", "coordinates": [-6.30839, 53.333499]}, "properties": {"stop_id": "8220DB001432", "stop_name": "Mourne Rd E", "stop_code": "1432"}}, {"type": "Feature", "geometry": {"type": "Point", "coordinates": [-6.305799, 53.332572]}, "properties": {"stop_id": "8220DB001433", "stop_name": "Brickfield Pk", "stop_code": "1433"}}, {"type": "Feature", "geometry": {"type": "Point", "coordinates": [-6.302323, 53.331992]}, "properties": {"stop_id": "8220DB001434", "stop_name": "Brickfield Dr", "stop_code": "1434"}}, {"type": "Feature", "geometry": {"type": "Point", "coordinates": [-6.299014, 53.331388]}, "properties": {"stop_id": "8220DB001435", "stop_name": "Keeper Rd", "stop_code": "1435"}}, {"type": "Feature", "geometry": {"type": "Point", "coordinates": [-6.296512, 53.330885]}, "properties": {"stop_id": "8220DB001436", "stop_name": "Crumlin Road", "stop_code": "1436"}}, {"type": "Feature", "geometry": {"type": "Point", "coordinates": [-6.279414, 53.336383]}, "properties": {"stop_id": "8220DB001438", "stop_name": "Oscar Square", "stop_code": "1438"}}, {"type": "Feature", "geometry": {"type": "Point", "coordinates": [-6.28265, 53.33406]}, "properties": {"stop_id": "8220DB001439", "stop_name": "Rutledge Terrace", "stop_code": "1439"}}, {"type": "Feature", "geometry": {"type": "Point", "coordinates": [-6.283315, 53.33199]}, "properties": {"stop_id": "8220DB001440", "stop_name": "Donore Ave", "stop_code": "1440"}}, {"type": "Feature", "geometry": {"type": "Point", "coordinates": [-6.303026, 53.324875]}, "properties": {"stop_id": "8220DB001441", "stop_name": "Monasterboice Rd", "stop_code": "1441"}}, {"type": "Feature", "geometry": {"type": "Point", "coordinates": [-6.30711, 53.32513]}, "properties": {"stop_id": "8220DB001442", "stop_name": "Clonard Rd", "stop_code": "1442"}}, {"type": "Feature", "geometry": {"type": "Point", "coordinates": [-6.26954, 53.345129]}, "properties": {"stop_id": "8220DB001443", "stop_name": "Wood Quay", "stop_code": "1443"}}, {"type": "Feature", "geometry": {"type": "Point", "coordinates": [-6.27417, 53.34504]}, "properties": {"stop_id": "8220DB001444", "stop_name": "Merchant's Quay", "stop_code": "1444"}}, {"type": "Feature", "geometry": {"type": "Point", "coordinates": [-6.279466, 53.34592]}, "properties": {"stop_id": "8220DB001445", "stop_name": "Usher's Quay", "stop_code": "1445"}}, {"type": "Feature", "geometry": {"type": "Point", "coordinates": [-6.285585, 53.346503]}, "properties": {"stop_id": "8220DB001447", "stop_name": "Victoria Quay", "stop_code": "1447"}}, {"type": "Feature", "geometry": {"type": "Point", "coordinates": [-6.297896, 53.348153]}, "properties": {"stop_id": "8220DB001449", "stop_name": "Conyngham Road", "stop_code": "1449"}}, {"type": "Feature", "geometry": {"type": "Point", "coordinates": [-6.301861, 53.348155]}, "properties": {"stop_id": "8220DB001450", "stop_name": "Phoenix Hse", "stop_code": "1450"}}, {"type": "Feature", "geometry": {"type": "Point", "coordinates": [-6.305446, 53.348278]}, "properties": {"stop_id": "8220DB001451", "stop_name": "Br Water Quay", "stop_code": "1451"}}, {"type": "Feature", "geometry": {"type": "Point", "coordinates": [-6.308038, 53.345421]}, "properties": {"stop_id": "8220DB001452", "stop_name": "Islandbridge", "stop_code": "1452"}}, {"type": "Feature", "geometry": {"type": "Point", "coordinates": [-6.3067, 53.33448]}, "properties": {"stop_id": "8220DB001453", "stop_name": "Galtymore Dr", "stop_code": "1453"}}, {"type": "Feature", "geometry": {"type": "Point", "coordinates": [-6.305777, 53.335385]}, "properties": {"stop_id": "8220DB001455", "stop_name": "Slievenamon Rd", "stop_code": "1455"}}, {"type": "Feature", "geometry": {"type": "Point", "coordinates": [-6.308981, 53.334873]}, "properties": {"stop_id": "8220DB001456", "stop_name": "Good Counsel GAA", "stop_code": "1456"}}, {"type": "Feature", "geometry": {"type": "Point", "coordinates": [-6.3128, 53.33523]}, "properties": {"stop_id": "8220DB001457", "stop_name": "Goldenbridge", "stop_code": "1457"}}, {"type": "Feature", "geometry": {"type": "Point", "coordinates": [-6.316974, 53.334771]}, "properties": {"stop_id": "8220DB001458", "stop_name": "Davitt Hse", "stop_code": "1458"}}, {"type": "Feature", "geometry": {"type": "Point", "coordinates": [-6.31968, 53.33396]}, "properties": {"stop_id": "8220DB001459", "stop_name": "Galtymore Rd", "stop_code": "1459"}}, {"type": "Feature", "geometry": {"type": "Point", "coordinates": [-6.321033, 53.332356]}, "properties": {"stop_id": "8220DB001460", "stop_name": "Carrow Road", "stop_code": "1460"}}, {"type": "Feature", "geometry": {"type": "Point", "coordinates": [-6.323824, 53.330463]}, "properties": {"stop_id": "8220DB001462", "stop_name": "Galtymore Cl", "stop_code": "1462"}}, {"type": "Feature", "geometry": {"type": "Point", "coordinates": [-6.323773, 53.330624]}, "properties": {"stop_id": "8220DB001463", "stop_name": "Galtymore Cl", "stop_code": "1463"}}, {"type": "Feature", "geometry": {"type": "Point", "coordinates": [-6.316503, 53.334899]}, "properties": {"stop_id": "8220DB001464", "stop_name": "Davitt Hse", "stop_code": "1464"}}, {"type": "Feature", "geometry": {"type": "Point", "coordinates": [-6.30862, 53.33484]}, "properties": {"stop_id": "8220DB001465", "stop_name": "Good Counsel GAA", "stop_code": "1465"}}, {"type": "Feature", "geometry": {"type": "Point", "coordinates": [-6.306247, 53.334529]}, "properties": {"stop_id": "8220DB001466", "stop_name": "Galtymore Dr", "stop_code": "1466"}}, {"type": "Feature", "geometry": {"type": "Point", "coordinates": [-6.305962, 53.335657]}, "properties": {"stop_id": "8220DB001467", "stop_name": "Slievenamon Rd", "stop_code": "1467"}}, {"type": "Feature", "geometry": {"type": "Point", "coordinates": [-6.307569, 53.33755]}, "properties": {"stop_id": "8220DB001468", "stop_name": "Suir Road", "stop_code": "1468"}}, {"type": "Feature", "geometry": {"type": "Point", "coordinates": [-6.313381, 53.335259]}, "properties": {"stop_id": "8220DB001469", "stop_name": "Goldenbridge", "stop_code": "1469"}}, {"type": "Feature", "geometry": {"type": "Point", "coordinates": [-6.308289, 53.345532]}, "properties": {"stop_id": "8220DB001471", "stop_name": "Islandbridge", "stop_code": "1471"}}, {"type": "Feature", "geometry": {"type": "Point", "coordinates": [-6.305966, 53.34843]}, "properties": {"stop_id": "8220DB001472", "stop_name": "Br Water Quay", "stop_code": "1472"}}, {"type": "Feature", "geometry": {"type": "Point", "coordinates": [-6.298551, 53.348306]}, "properties": {"stop_id": "8220DB001473", "stop_name": "Conyngham Road", "stop_code": "1473"}}, {"type": "Feature", "geometry": {"type": "Point", "coordinates": [-6.292362, 53.347948]}, "properties": {"stop_id": "8220DB001474", "stop_name": "Parkgate St", "stop_code": "1474"}}, {"type": "Feature", "geometry": {"type": "Point", "coordinates": [-6.284676, 53.347074]}, "properties": {"stop_id": "8220DB001476", "stop_name": "Sarsfield Quay", "stop_code": "1476"}}, {"type": "Feature", "geometry": {"type": "Point", "coordinates": [-6.272809, 53.345608]}, "properties": {"stop_id": "8220DB001478", "stop_name": "Inns Quay", "stop_code": "1478"}}, {"type": "Feature", "geometry": {"type": "Point", "coordinates": [-6.26906, 53.34599]}, "properties": {"stop_id": "8220DB001479", "stop_name": "Ormond Quay Upr", "stop_code": "1479"}}, {"type": "Feature", "geometry": {"type": "Point", "coordinates": [-6.27067, 53.345766]}, "properties": {"stop_id": "8220DB001480", "stop_name": "Ormond Quay Upr", "stop_code": "1480"}}, {"type": "Feature", "geometry": {"type": "Point", "coordinates": [-6.239896, 53.365054]}, "properties": {"stop_id": "8220DB001481", "stop_name": "Melrose Avenue", "stop_code": "1481"}}, {"type": "Feature", "geometry": {"type": "Point", "coordinates": [-6.236528, 53.371664]}, "properties": {"stop_id": "8220DB001482", "stop_name": "Marino Institute", "stop_code": "1482"}}, {"type": "Feature", "geometry": {"type": "Point", "coordinates": [-6.239967, 53.363698]}, "properties": {"stop_id": "8220DB001484", "stop_name": "Philipsburgh Ave", "stop_code": "1484"}}, {"type": "Feature", "geometry": {"type": "Point", "coordinates": [-6.239802, 53.364046]}, "properties": {"stop_id": "8220DB001485", "stop_name": "Philipsburgh Ave", "stop_code": "1485"}}, {"type": "Feature", "geometry": {"type": "Point", "coordinates": [-6.238525, 53.370975]}, "properties": {"stop_id": "8220DB001486", "stop_name": "Morroch Terrace", "stop_code": "1486"}}, {"type": "Feature", "geometry": {"type": "Point", "coordinates": [-6.23667144996373, 53.3718192548925]}, "properties": {"stop_id": "8220DB001487", "stop_name": "Marino Institute", "stop_code": "1487"}}, {"type": "Feature", "geometry": {"type": "Point", "coordinates": [-6.234688, 53.371089]}, "properties": {"stop_id": "8220DB001488", "stop_name": "Torlogh Parade", "stop_code": "1488"}}, {"type": "Feature", "geometry": {"type": "Point", "coordinates": [-6.231961, 53.370159]}, "properties": {"stop_id": "8220DB001489", "stop_name": "Marino Church", "stop_code": "1489"}}, {"type": "Feature", "geometry": {"type": "Point", "coordinates": [-6.228558, 53.368877]}, "properties": {"stop_id": "8220DB001490", "stop_name": "Griffith Ave E", "stop_code": "1490"}}, {"type": "Feature", "geometry": {"type": "Point", "coordinates": [-6.227643, 53.368468]}, "properties": {"stop_id": "8220DB001491", "stop_name": "Griffith Ave E", "stop_code": "1491"}}, {"type": "Feature", "geometry": {"type": "Point", "coordinates": [-6.232558, 53.370257]}, "properties": {"stop_id": "8220DB001492", "stop_name": "Marino Church", "stop_code": "1492"}}, {"type": "Feature", "geometry": {"type": "Point", "coordinates": [-6.235742, 53.370673]}, "properties": {"stop_id": "8220DB001494", "stop_name": "Croydon Gardens", "stop_code": "1494"}}, {"type": "Feature", "geometry": {"type": "Point", "coordinates": [-6.235566, 53.368756]}, "properties": {"stop_id": "8220DB001495", "stop_name": "Croydon Park Ave", "stop_code": "1495"}}, {"type": "Feature", "geometry": {"type": "Point", "coordinates": [-6.233814, 53.367148]}, "properties": {"stop_id": "8220DB001496", "stop_name": "Marino Green", "stop_code": "1496"}}, {"type": "Feature", "geometry": {"type": "Point", "coordinates": [-6.237297, 53.36578]}, "properties": {"stop_id": "8220DB001499", "stop_name": "Brian Road", "stop_code": "1499"}}, {"type": "Feature", "geometry": {"type": "Point", "coordinates": [-6.250134, 53.350969]}, "properties": {"stop_id": "8220DB001500", "stop_name": "Connolly Stn", "stop_code": "1500"}}, {"type": "Feature", "geometry": {"type": "Point", "coordinates": [-6.254096, 53.347421]}, "properties": {"stop_id": "8220DB001502", "stop_name": "Tara Street", "stop_code": "1502"}}, {"type": "Feature", "geometry": {"type": "Point", "coordinates": [-6.272374, 53.366778]}, "properties": {"stop_id": "8220DB001506", "stop_name": "Hart's Corner", "stop_code": "1506"}}, {"type": "Feature", "geometry": {"type": "Point", "coordinates": [-6.274503, 53.36839]}, "properties": {"stop_id": "8220DB001507", "stop_name": "De Courcy Sq", "stop_code": "1507"}}, {"type": "Feature", "geometry": {"type": "Point", "coordinates": [-6.2783335511568, 53.3699109022633]}, "properties": {"stop_id": "8220DB001508", "stop_name": "Glasnevin Cemetery", "stop_code": "1508"}}, {"type": "Feature", "geometry": {"type": "Point", "coordinates": [-6.28422366048831, 53.3729258340421]}, "properties": {"stop_id": "8220DB001509", "stop_name": "Slaney Road", "stop_code": "1509"}}, {"type": "Feature", "geometry": {"type": "Point", "coordinates": [-6.28731, 53.376907]}, "properties": {"stop_id": "8220DB001510", "stop_name": "Ballyboggan Rd E", "stop_code": "1510"}}, {"type": "Feature", "geometry": {"type": "Point", "coordinates": [-6.287753, 53.378234]}, "properties": {"stop_id": "8220DB001511", "stop_name": "Tolka Vale", "stop_code": "1511"}}, {"type": "Feature", "geometry": {"type": "Point", "coordinates": [-6.291729, 53.382174]}, "properties": {"stop_id": "8220DB001512", "stop_name": "Prospect Hill N", "stop_code": "1512"}}, {"type": "Feature", "geometry": {"type": "Point", "coordinates": [-6.296777, 53.386767]}, "properties": {"stop_id": "8220DB001513", "stop_name": "Saint Martin's", "stop_code": "1513"}}, {"type": "Feature", "geometry": {"type": "Point", "coordinates": [-6.300022, 53.389465]}, "properties": {"stop_id": "8220DB001514", "stop_name": "Finglas", "stop_code": "1514"}}, {"type": "Feature", "geometry": {"type": "Point", "coordinates": [-6.23319541821689, 53.3661143161413]}, "properties": {"stop_id": "8220DB001515", "stop_name": "Marino Park", "stop_code": "1515"}}, {"type": "Feature", "geometry": {"type": "Point", "coordinates": [-6.31161412406028, 53.3906003885098]}, "properties": {"stop_id": "8220DB001518", "stop_name": "Kildonan Road", "stop_code": "1518"}}, {"type": "Feature", "geometry": {"type": "Point", "coordinates": [-6.31175161798526, 53.39244486956]}, "properties": {"stop_id": "8220DB001519", "stop_name": "Kildonan Park", "stop_code": "1519"}}, {"type": "Feature", "geometry": {"type": "Point", "coordinates": [-6.311844, 53.39392]}, "properties": {"stop_id": "8220DB001520", "stop_name": "Barry Road", "stop_code": "1520"}}, {"type": "Feature", "geometry": {"type": "Point", "coordinates": [-6.310751, 53.397221]}, "properties": {"stop_id": "8220DB001521", "stop_name": "Plunkett Green", "stop_code": "1521"}}, {"type": "Feature", "geometry": {"type": "Point", "coordinates": [-6.30958155709762, 53.3978788506134]}, "properties": {"stop_id": "8220DB001523", "stop_name": "Plunkett Avenue", "stop_code": "1523"}}, {"type": "Feature", "geometry": {"type": "Point", "coordinates": [-6.310591, 53.395556]}, "properties": {"stop_id": "8220DB001524", "stop_name": "Barry Ave", "stop_code": "1524"}}, {"type": "Feature", "geometry": {"type": "Point", "coordinates": [-6.311582, 53.394069]}, "properties": {"stop_id": "8220DB001525", "stop_name": "Barry Road", "stop_code": "1525"}}, {"type": "Feature", "geometry": {"type": "Point", "coordinates": [-6.31153153662508, 53.3923069370311]}, "properties": {"stop_id": "8220DB001526", "stop_name": "Kildonan Park", "stop_code": "1526"}}, {"type": "Feature", "geometry": {"type": "Point", "coordinates": [-6.294, 53.356195]}, "properties": {"stop_id": "8220DB001528", "stop_name": "St David's Terrace", "stop_code": "1528"}}, {"type": "Feature", "geometry": {"type": "Point", "coordinates": [-6.298153, 53.388459]}, "properties": {"stop_id": "8220DB001529", "stop_name": "Finglas Village", "stop_code": "1529"}}, {"type": "Feature", "geometry": {"type": "Point", "coordinates": [-6.296726, 53.386919]}, "properties": {"stop_id": "8220DB001530", "stop_name": "Finglas Road", "stop_code": "1530"}}, {"type": "Feature", "geometry": {"type": "Point", "coordinates": [-6.293365, 53.383744]}, "properties": {"stop_id": "8220DB001531", "stop_name": "Clearwater SC", "stop_code": "1531"}}, {"type": "Feature", "geometry": {"type": "Point", "coordinates": [-6.290559, 53.381744]}, "properties": {"stop_id": "8220DB001532", "stop_name": "Prospect Hill N", "stop_code": "1532"}}, {"type": "Feature", "geometry": {"type": "Point", "coordinates": [-6.2874980880021, 53.378967884758]}, "properties": {"stop_id": "8220DB001533", "stop_name": "Tolka Vale", "stop_code": "1533"}}, {"type": "Feature", "geometry": {"type": "Point", "coordinates": [-6.285976, 53.375333]}, "properties": {"stop_id": "8220DB001534", "stop_name": "Ballyboggan Rd E", "stop_code": "1534"}}, {"type": "Feature", "geometry": {"type": "Point", "coordinates": [-6.28237, 53.372306]}, "properties": {"stop_id": "8220DB001535", "stop_name": "Slaney Road", "stop_code": "1535"}}, {"type": "Feature", "geometry": {"type": "Point", "coordinates": [-6.27687723281359, 53.3695033971686]}, "properties": {"stop_id": "8220DB001536", "stop_name": "Glasnevin Cemetery", "stop_code": "1536"}}, {"type": "Feature", "geometry": {"type": "Point", "coordinates": [-6.273208, 53.368066]}, "properties": {"stop_id": "8220DB001537", "stop_name": "De Courcy Sq", "stop_code": "1537"}}, {"type": "Feature", "geometry": {"type": "Point", "coordinates": [-6.294794, 53.384474]}, "properties": {"stop_id": "8220DB001538", "stop_name": "Clearwater SC", "stop_code": "1538"}}, {"type": "Feature", "geometry": {"type": "Point", "coordinates": [-6.279198, 53.383136]}, "properties": {"stop_id": "8220DB001539", "stop_name": "Griffith Drive", "stop_code": "1539"}}, {"type": "Feature", "geometry": {"type": "Point", "coordinates": [-6.284201, 53.38434]}, "properties": {"stop_id": "8220DB001540", "stop_name": "Johnstown Park", "stop_code": "1540"}}, {"type": "Feature", "geometry": {"type": "Point", "coordinates": [-6.301686, 53.395241]}, "properties": {"stop_id": "8220DB001547", "stop_name": "McKee Avenue", "stop_code": "1547"}}, {"type": "Feature", "geometry": {"type": "Point", "coordinates": [-6.30275, 53.39611]}, "properties": {"stop_id": "8220DB001548", "stop_name": "McKee Ave N", "stop_code": "1548"}}, {"type": "Feature", "geometry": {"type": "Point", "coordinates": [-6.306637, 53.397433]}, "properties": {"stop_id": "8220DB001549", "stop_name": "Casement Rd", "stop_code": "1549"}}, {"type": "Feature", "geometry": {"type": "Point", "coordinates": [-6.303053, 53.399817]}, "properties": {"stop_id": "8220DB001558", "stop_name": "McKelvey Ave", "stop_code": "1558"}}, {"type": "Feature", "geometry": {"type": "Point", "coordinates": [-6.30652, 53.397341]}, "properties": {"stop_id": "8220DB001559", "stop_name": "Casement Rd", "stop_code": "1559"}}, {"type": "Feature", "geometry": {"type": "Point", "coordinates": [-6.304548, 53.397008]}, "properties": {"stop_id": "8220DB001560", "stop_name": "Finglas North", "stop_code": "1560"}}, {"type": "Feature", "geometry": {"type": "Point", "coordinates": [-6.28386719661231, 53.3844074206077]}, "properties": {"stop_id": "8220DB001566", "stop_name": "Johnstown Park", "stop_code": "1566"}}, {"type": "Feature", "geometry": {"type": "Point", "coordinates": [-6.28027, 53.38395]}, "properties": {"stop_id": "8220DB001567", "stop_name": "Griffith Drive", "stop_code": "1567"}}, {"type": "Feature", "geometry": {"type": "Point", "coordinates": [-6.312461, 53.384024]}, "properties": {"stop_id": "8220DB001573", "stop_name": "Wellmount Dr", "stop_code": "1573"}}, {"type": "Feature", "geometry": {"type": "Point", "coordinates": [-6.31288, 53.385594]}, "properties": {"stop_id": "8220DB001574", "stop_name": "Cardiffsbridge SC", "stop_code": "1574"}}, {"type": "Feature", "geometry": {"type": "Point", "coordinates": [-6.31274625802596, 53.3870661425713]}, "properties": {"stop_id": "8220DB001575", "stop_name": "Col\u00e1iste \u00cdde", "stop_code": "1575"}}, {"type": "Feature", "geometry": {"type": "Point", "coordinates": [-6.313048, 53.389317]}, "properties": {"stop_id": "8220DB001576", "stop_name": "Cappagh Road", "stop_code": "1576"}}, {"type": "Feature", "geometry": {"type": "Point", "coordinates": [-6.31574701686645, 53.3898858080548]}, "properties": {"stop_id": "8220DB001577", "stop_name": "Abbottstown Road", "stop_code": "1577"}}, {"type": "Feature", "geometry": {"type": "Point", "coordinates": [-6.31801267740452, 53.3903851294541]}, "properties": {"stop_id": "8220DB001578", "stop_name": "Ratoath Drive", "stop_code": "1578"}}, {"type": "Feature", "geometry": {"type": "Point", "coordinates": [-6.315086, 53.389885]}, "properties": {"stop_id": "8220DB001584", "stop_name": "Abbottstown Road", "stop_code": "1584"}}, {"type": "Feature", "geometry": {"type": "Point", "coordinates": [-6.312333, 53.388768]}, "properties": {"stop_id": "8220DB001585", "stop_name": "Finglas West", "stop_code": "1585"}}, {"type": "Feature", "geometry": {"type": "Point", "coordinates": [-6.31261731806413, 53.3865250406196]}, "properties": {"stop_id": "8220DB001586", "stop_name": "Col\u00e1iste \u00cdde", "stop_code": "1586"}}, {"type": "Feature", "geometry": {"type": "Point", "coordinates": [-6.311791, 53.383466]}, "properties": {"stop_id": "8220DB001587", "stop_name": "Wellmount Dr", "stop_code": "1587"}}, {"type": "Feature", "geometry": {"type": "Point", "coordinates": [-6.289242, 53.379721]}, "properties": {"stop_id": "8220DB001592", "stop_name": "Prospect Hill South", "stop_code": "1592"}}, {"type": "Feature", "geometry": {"type": "Point", "coordinates": [-6.29446, 53.378915]}, "properties": {"stop_id": "8220DB001593", "stop_name": "Tolka Vly Grn", "stop_code": "1593"}}, {"type": "Feature", "geometry": {"type": "Point", "coordinates": [-6.297619, 53.380739]}, "properties": {"stop_id": "8220DB001595", "stop_name": "Cloonlara Road", "stop_code": "1595"}}, {"type": "Feature", "geometry": {"type": "Point", "coordinates": [-6.300819, 53.383041]}, "properties": {"stop_id": "8220DB001596", "stop_name": "Farnham Drive", "stop_code": "1596"}}, {"type": "Feature", "geometry": {"type": "Point", "coordinates": [-6.309235, 53.380455]}, "properties": {"stop_id": "8220DB001597", "stop_name": "Valeview Gdns", "stop_code": "1597"}}, {"type": "Feature", "geometry": {"type": "Point", "coordinates": [-6.30562, 53.380242]}, "properties": {"stop_id": "8220DB001598", "stop_name": "Valeview Dr", "stop_code": "1598"}}, {"type": "Feature", "geometry": {"type": "Point", "coordinates": [-6.310795, 53.3809]}, "properties": {"stop_id": "8220DB001599", "stop_name": "Glenties Pk", "stop_code": "1599"}}, {"type": "Feature", "geometry": {"type": "Point", "coordinates": [-6.312763, 53.383597]}, "properties": {"stop_id": "8220DB001600", "stop_name": "Deanstown Avenue", "stop_code": "1600"}}, {"type": "Feature", "geometry": {"type": "Point", "coordinates": [-6.314721, 53.383894]}, "properties": {"stop_id": "8220DB001601", "stop_name": "Deanstown Drive", "stop_code": "1601"}}, {"type": "Feature", "geometry": {"type": "Point", "coordinates": [-6.318714, 53.384418]}, "properties": {"stop_id": "8220DB001602", "stop_name": "Patrician College", "stop_code": "1602"}}, {"type": "Feature", "geometry": {"type": "Point", "coordinates": [-6.318689, 53.383519]}, "properties": {"stop_id": "8220DB001603", "stop_name": "Ratoath Road", "stop_code": "1603"}}, {"type": "Feature", "geometry": {"type": "Point", "coordinates": [-6.316275, 53.383746]}, "properties": {"stop_id": "8220DB001604", "stop_name": "Rathvilly Road", "stop_code": "1604"}}, {"type": "Feature", "geometry": {"type": "Point", "coordinates": [-6.2608, 53.388253]}, "properties": {"stop_id": "8220DB001605", "stop_name": "Albert College Pk", "stop_code": "1605"}}, {"type": "Feature", "geometry": {"type": "Point", "coordinates": [-6.306442, 53.380371]}, "properties": {"stop_id": "8220DB001606", "stop_name": "Valeview Dr", "stop_code": "1606"}}, {"type": "Feature", "geometry": {"type": "Point", "coordinates": [-6.303425, 53.382161]}, "properties": {"stop_id": "8220DB001607", "stop_name": "Berryfield Rd", "stop_code": "1607"}}, {"type": "Feature", "geometry": {"type": "Point", "coordinates": [-6.299541, 53.38305]}, "properties": {"stop_id": "8220DB001608", "stop_name": "Farnham Drive", "stop_code": "1608"}}, {"type": "Feature", "geometry": {"type": "Point", "coordinates": [-6.297287, 53.380384]}, "properties": {"stop_id": "8220DB001609", "stop_name": "Cloonlara Road", "stop_code": "1609"}}, {"type": "Feature", "geometry": {"type": "Point", "coordinates": [-6.296403, 53.378808]}, "properties": {"stop_id": "8220DB001610", "stop_name": "Tolka Vly Pk", "stop_code": "1610"}}, {"type": "Feature", "geometry": {"type": "Point", "coordinates": [-6.273753, 53.351257]}, "properties": {"stop_id": "8220DB001614", "stop_name": "Church St Upr", "stop_code": "1614"}}, {"type": "Feature", "geometry": {"type": "Point", "coordinates": [-6.274597, 53.347827]}, "properties": {"stop_id": "8220DB001615", "stop_name": "Church Street", "stop_code": "1615"}}, {"type": "Feature", "geometry": {"type": "Point", "coordinates": [-6.275025, 53.347285]}, "properties": {"stop_id": "8220DB001616", "stop_name": "Church Street", "stop_code": "1616"}}, {"type": "Feature", "geometry": {"type": "Point", "coordinates": [-6.274807, 53.349331]}, "properties": {"stop_id": "8220DB001617", "stop_name": "Capuchin Friar", "stop_code": "1617"}}, {"type": "Feature", "geometry": {"type": "Point", "coordinates": [-6.274248, 53.350887]}, "properties": {"stop_id": "8220DB001618", "stop_name": "Church St Upr", "stop_code": "1618"}}, {"type": "Feature", "geometry": {"type": "Point", "coordinates": [-6.273235, 53.352913]}, "properties": {"stop_id": "8220DB001619", "stop_name": "Constitution Hill", "stop_code": "1619"}}, {"type": "Feature", "geometry": {"type": "Point", "coordinates": [-6.244106, 53.383263]}, "properties": {"stop_id": "8220DB001620", "stop_name": "Whitehall Church", "stop_code": "1620"}}, {"type": "Feature", "geometry": {"type": "Point", "coordinates": [-6.242393, 53.386527]}, "properties": {"stop_id": "8220DB001641", "stop_name": "Ellenfield Park", "stop_code": "1641"}}, {"type": "Feature", "geometry": {"type": "Point", "coordinates": [-6.24339, 53.38401]}, "properties": {"stop_id": "8220DB001642", "stop_name": "Whitehall Church", "stop_code": "1642"}}, {"type": "Feature", "geometry": {"type": "Point", "coordinates": [-6.251003, 53.384802]}, "properties": {"stop_id": "8220DB001643", "stop_name": "Falcarragh Rd", "stop_code": "1643"}}, {"type": "Feature", "geometry": {"type": "Point", "coordinates": [-6.25657120617442, 53.3868700413836]}, "properties": {"stop_id": "8220DB001644", "stop_name": "DCU Collins Avenue", "stop_code": "1644"}}, {"type": "Feature", "geometry": {"type": "Point", "coordinates": [-6.25698053714182, 53.3871546494696]}, "properties": {"stop_id": "8220DB001646", "stop_name": "DCU Collins Avenue", "stop_code": "1646"}}, {"type": "Feature", "geometry": {"type": "Point", "coordinates": [-6.28221, 53.34828]}, "properties": {"stop_id": "8220DB001647", "stop_name": "Blackhall Place", "stop_code": "1647"}}, {"type": "Feature", "geometry": {"type": "Point", "coordinates": [-6.28280248510502, 53.3510913675303]}, "properties": {"stop_id": "8220DB001648", "stop_name": "Stoneybatter", "stop_code": "1648"}}, {"type": "Feature", "geometry": {"type": "Point", "coordinates": [-6.28428, 53.35256]}, "properties": {"stop_id": "8220DB001649", "stop_name": "Manor Street", "stop_code": "1649"}}, {"type": "Feature", "geometry": {"type": "Point", "coordinates": [-6.209314, 53.361174]}, "properties": {"stop_id": "8220DB001650", "stop_name": "Castle Ave", "stop_code": "1650"}}, {"type": "Feature", "geometry": {"type": "Point", "coordinates": [-6.194859, 53.36794]}, "properties": {"stop_id": "8220DB001651", "stop_name": "Vernon Avenue", "stop_code": "1651"}}, {"type": "Feature", "geometry": {"type": "Point", "coordinates": [-6.206127, 53.363356]}, "properties": {"stop_id": "8220DB001652", "stop_name": "Clontarf Cstl", "stop_code": "1652"}}, {"type": "Feature", "geometry": {"type": "Point", "coordinates": [-6.29427, 53.35611]}, "properties": {"stop_id": "8220DB001654", "stop_name": "St David's Terrace", "stop_code": "1654"}}, {"type": "Feature", "geometry": {"type": "Point", "coordinates": [-6.296968, 53.356732]}, "properties": {"stop_id": "8220DB001655", "stop_name": "Blackhorse Avenue", "stop_code": "1655"}}, {"type": "Feature", "geometry": {"type": "Point", "coordinates": [-6.29883, 53.3573]}, "properties": {"stop_id": "8220DB001656", "stop_name": "McKee Park", "stop_code": "1656"}}, {"type": "Feature", "geometry": {"type": "Point", "coordinates": [-6.303077, 53.358392]}, "properties": {"stop_id": "8220DB001657", "stop_name": "Dunard Walk", "stop_code": "1657"}}, {"type": "Feature", "geometry": {"type": "Point", "coordinates": [-6.309515, 53.361989]}, "properties": {"stop_id": "8220DB001658", "stop_name": "Skreen Road", "stop_code": "1658"}}, {"type": "Feature", "geometry": {"type": "Point", "coordinates": [-6.304717, 53.36326]}, "properties": {"stop_id": "8220DB001659", "stop_name": "Croaghpatrick Road", "stop_code": "1659"}}, {"type": "Feature", "geometry": {"type": "Point", "coordinates": [-6.309374, 53.365187]}, "properties": {"stop_id": "8220DB001660", "stop_name": "Nephin Road", "stop_code": "1660"}}, {"type": "Feature", "geometry": {"type": "Point", "coordinates": [-6.313096, 53.366444]}, "properties": {"stop_id": "8220DB001661", "stop_name": "St Mary's Convent", "stop_code": "1661"}}, {"type": "Feature", "geometry": {"type": "Point", "coordinates": [-6.317543, 53.367603]}, "properties": {"stop_id": "8220DB001662", "stop_name": "Baggot Road", "stop_code": "1662"}}, {"type": "Feature", "geometry": {"type": "Point", "coordinates": [-6.323859, 53.369408]}, "properties": {"stop_id": "8220DB001664", "stop_name": "Ashtown Grove", "stop_code": "1664"}}, {"type": "Feature", "geometry": {"type": "Point", "coordinates": [-6.327702, 53.370658]}, "properties": {"stop_id": "8220DB001665", "stop_name": "Kempton", "stop_code": "1665"}}, {"type": "Feature", "geometry": {"type": "Point", "coordinates": [-6.330596, 53.371597]}, "properties": {"stop_id": "8220DB001666", "stop_name": "Ashtown Roundabout", "stop_code": "1666"}}, {"type": "Feature", "geometry": {"type": "Point", "coordinates": [-6.334502, 53.37087]}, "properties": {"stop_id": "8220DB001667", "stop_name": "Castleknock Road", "stop_code": "1667"}}, {"type": "Feature", "geometry": {"type": "Point", "coordinates": [-6.329831, 53.371541]}, "properties": {"stop_id": "8220DB001696", "stop_name": "Ashtown Roundabout", "stop_code": "1696"}}, {"type": "Feature", "geometry": {"type": "Point", "coordinates": [-6.327666, 53.370801]}, "properties": {"stop_id": "8220DB001697", "stop_name": "Kempton", "stop_code": "1697"}}, {"type": "Feature", "geometry": {"type": "Point", "coordinates": [-6.323717, 53.369577]}, "properties": {"stop_id": "8220DB001698", "stop_name": "Ashtown Grove", "stop_code": "1698"}}, {"type": "Feature", "geometry": {"type": "Point", "coordinates": [-6.321315, 53.368744]}, "properties": {"stop_id": "8220DB001699", "stop_name": "De Paul Pool", "stop_code": "1699"}}, {"type": "Feature", "geometry": {"type": "Point", "coordinates": [-6.317404, 53.367709]}, "properties": {"stop_id": "8220DB001700", "stop_name": "Baggot Road", "stop_code": "1700"}}, {"type": "Feature", "geometry": {"type": "Point", "coordinates": [-6.31294, 53.366567]}, "properties": {"stop_id": "8220DB001701", "stop_name": "St Mary's Convent", "stop_code": "1701"}}, {"type": "Feature", "geometry": {"type": "Point", "coordinates": [-6.310138, 53.365611]}, "properties": {"stop_id": "8220DB001702", "stop_name": "Roosevelt Cottages", "stop_code": "1702"}}, {"type": "Feature", "geometry": {"type": "Point", "coordinates": [-6.307348, 53.364735]}, "properties": {"stop_id": "8220DB001703", "stop_name": "Cabra Garda Station", "stop_code": "1703"}}, {"type": "Feature", "geometry": {"type": "Point", "coordinates": [-6.30521, 53.36303]}, "properties": {"stop_id": "8220DB001704", "stop_name": "Skreen Road", "stop_code": "1704"}}, {"type": "Feature", "geometry": {"type": "Point", "coordinates": [-6.308471, 53.362181]}, "properties": {"stop_id": "8220DB001705", "stop_name": "Ardpatrick Road", "stop_code": "1705"}}, {"type": "Feature", "geometry": {"type": "Point", "coordinates": [-6.30729237527244, 53.3600698255996]}, "properties": {"stop_id": "8220DB001706", "stop_name": "Blackhorse Avenue", "stop_code": "1706"}}, {"type": "Feature", "geometry": {"type": "Point", "coordinates": [-6.30246, 53.358428]}, "properties": {"stop_id": "8220DB001707", "stop_name": "Dunard Walk", "stop_code": "1707"}}, {"type": "Feature", "geometry": {"type": "Point", "coordinates": [-6.29863, 53.35735]}, "properties": {"stop_id": "8220DB001708", "stop_name": "Mc Kee Park", "stop_code": "1708"}}, {"type": "Feature", "geometry": {"type": "Point", "coordinates": [-6.29705299143726, 53.3568682016769]}, "properties": {"stop_id": "8220DB001709", "stop_name": "Glenbeigh Avenue", "stop_code": "1709"}}, {"type": "Feature", "geometry": {"type": "Point", "coordinates": [-6.29174149147947, 53.3555699040255]}, "properties": {"stop_id": "8220DB001710", "stop_name": "Aughrim Street", "stop_code": "1710"}}, {"type": "Feature", "geometry": {"type": "Point", "coordinates": [-6.28963290156871, 53.3545779754891]}, "properties": {"stop_id": "8220DB001711", "stop_name": "Holy Family Church", "stop_code": "1711"}}, {"type": "Feature", "geometry": {"type": "Point", "coordinates": [-6.28624259176384, 53.3533339170032]}, "properties": {"stop_id": "8220DB001712", "stop_name": "Aughrim Court", "stop_code": "1712"}}, {"type": "Feature", "geometry": {"type": "Point", "coordinates": [-6.283326, 53.351908]}, "properties": {"stop_id": "8220DB001713", "stop_name": "Manor Street", "stop_code": "1713"}}, {"type": "Feature", "geometry": {"type": "Point", "coordinates": [-6.281889, 53.350638]}, "properties": {"stop_id": "8220DB001714", "stop_name": "Stoneybatter", "stop_code": "1714"}}, {"type": "Feature", "geometry": {"type": "Point", "coordinates": [-6.28212, 53.3477]}, "properties": {"stop_id": "8220DB001715", "stop_name": "Blackhall Place", "stop_code": "1715"}}, {"type": "Feature", "geometry": {"type": "Point", "coordinates": [-6.174442, 53.365715]}, "properties": {"stop_id": "8220DB001724", "stop_name": "The Oaks", "stop_code": "1724"}}, {"type": "Feature", "geometry": {"type": "Point", "coordinates": [-6.17708, 53.36376]}, "properties": {"stop_id": "8220DB001725", "stop_name": "Doyles Lane", "stop_code": "1725"}}, {"type": "Feature", "geometry": {"type": "Point", "coordinates": [-6.179186, 53.362291]}, "properties": {"stop_id": "8220DB001726", "stop_name": "Dollymount Pk", "stop_code": "1726"}}, {"type": "Feature", "geometry": {"type": "Point", "coordinates": [-6.183186, 53.360447]}, "properties": {"stop_id": "8220DB001727", "stop_name": "North Bull Island", "stop_code": "1727"}}, {"type": "Feature", "geometry": {"type": "Point", "coordinates": [-6.186165, 53.359656]}, "properties": {"stop_id": "8220DB001728", "stop_name": "Clontarf Coast", "stop_code": "1728"}}, {"type": "Feature", "geometry": {"type": "Point", "coordinates": [-6.190315, 53.358497]}, "properties": {"stop_id": "8220DB001729", "stop_name": "Clontarf Depot", "stop_code": "1729"}}, {"type": "Feature", "geometry": {"type": "Point", "coordinates": [-6.194128, 53.358231]}, "properties": {"stop_id": "8220DB001730", "stop_name": "Vernon Court", "stop_code": "1730"}}, {"type": "Feature", "geometry": {"type": "Point", "coordinates": [-6.196556, 53.359077]}, "properties": {"stop_id": "8220DB001731", "stop_name": "Clontarf Village", "stop_code": "1731"}}, {"type": "Feature", "geometry": {"type": "Point", "coordinates": [-6.202344, 53.360063]}, "properties": {"stop_id": "8220DB001732", "stop_name": "Oultan Road", "stop_code": "1732"}}, {"type": "Feature", "geometry": {"type": "Point", "coordinates": [-6.20632, 53.360213]}, "properties": {"stop_id": "8220DB001733", "stop_name": "Clontarf Bths", "stop_code": "1733"}}, {"type": "Feature", "geometry": {"type": "Point", "coordinates": [-6.211015, 53.360391]}, "properties": {"stop_id": "8220DB001734", "stop_name": "Castle Ave", "stop_code": "1734"}}, {"type": "Feature", "geometry": {"type": "Point", "coordinates": [-6.214439, 53.361143]}, "properties": {"stop_id": "8220DB001735", "stop_name": "Seaview Ave", "stop_code": "1735"}}, {"type": "Feature", "geometry": {"type": "Point", "coordinates": [-6.216922, 53.362142]}, "properties": {"stop_id": "8220DB001736", "stop_name": "Saint Lawrence Road", "stop_code": "1736"}}, {"type": "Feature", "geometry": {"type": "Point", "coordinates": [-6.219717, 53.362858]}, "properties": {"stop_id": "8220DB001737", "stop_name": "Strandville Ave", "stop_code": "1737"}}, {"type": "Feature", "geometry": {"type": "Point", "coordinates": [-6.223914, 53.363451]}, "properties": {"stop_id": "8220DB001738", "stop_name": "Clontarf Rd Stn", "stop_code": "1738"}}, {"type": "Feature", "geometry": {"type": "Point", "coordinates": [-6.226107, 53.364032]}, "properties": {"stop_id": "8220DB001740", "stop_name": "Clontarf Rd Stn", "stop_code": "1740"}}, {"type": "Feature", "geometry": {"type": "Point", "coordinates": [-6.220803, 53.363117]}, "properties": {"stop_id": "8220DB001741", "stop_name": "Strandville Ave", "stop_code": "1741"}}, {"type": "Feature", "geometry": {"type": "Point", "coordinates": [-6.216427, 53.362126]}, "properties": {"stop_id": "8220DB001742", "stop_name": "Saint Lawrence Road", "stop_code": "1742"}}, {"type": "Feature", "geometry": {"type": "Point", "coordinates": [-6.213929, 53.361136]}, "properties": {"stop_id": "8220DB001743", "stop_name": "Seaview Ave", "stop_code": "1743"}}, {"type": "Feature", "geometry": {"type": "Point", "coordinates": [-6.208793, 53.360349]}, "properties": {"stop_id": "8220DB001744", "stop_name": "Castle Ave", "stop_code": "1744"}}, {"type": "Feature", "geometry": {"type": "Point", "coordinates": [-6.205698, 53.360347]}, "properties": {"stop_id": "8220DB001745", "stop_name": "Clontarf Bths", "stop_code": "1745"}}, {"type": "Feature", "geometry": {"type": "Point", "coordinates": [-6.202667, 53.360256]}, "properties": {"stop_id": "8220DB001746", "stop_name": "Oultan Road", "stop_code": "1746"}}, {"type": "Feature", "geometry": {"type": "Point", "coordinates": [-6.19686, 53.359351]}, "properties": {"stop_id": "8220DB001747", "stop_name": "Clontarf Village", "stop_code": "1747"}}, {"type": "Feature", "geometry": {"type": "Point", "coordinates": [-6.193466, 53.358257]}, "properties": {"stop_id": "8220DB001748", "stop_name": "Vernon Court", "stop_code": "1748"}}, {"type": "Feature", "geometry": {"type": "Point", "coordinates": [-6.190552, 53.35859]}, "properties": {"stop_id": "8220DB001749", "stop_name": "Clontarf Depot", "stop_code": "1749"}}, {"type": "Feature", "geometry": {"type": "Point", "coordinates": [-6.177831, 53.368834]}, "properties": {"stop_id": "8220DB001750", "stop_name": "Saint Anne's Park", "stop_code": "1750"}}, {"type": "Feature", "geometry": {"type": "Point", "coordinates": [-6.185434, 53.35987]}, "properties": {"stop_id": "8220DB001751", "stop_name": "Clontarf Coast", "stop_code": "1751"}}, {"type": "Feature", "geometry": {"type": "Point", "coordinates": [-6.18185, 53.361128]}, "properties": {"stop_id": "8220DB001752", "stop_name": "North Bull Island", "stop_code": "1752"}}, {"type": "Feature", "geometry": {"type": "Point", "coordinates": [-6.178672, 53.362724]}, "properties": {"stop_id": "8220DB001753", "stop_name": "Dollymount Pk", "stop_code": "1753"}}, {"type": "Feature", "geometry": {"type": "Point", "coordinates": [-6.176809, 53.364116]}, "properties": {"stop_id": "8220DB001754", "stop_name": "Doyles Lane", "stop_code": "1754"}}, {"type": "Feature", "geometry": {"type": "Point", "coordinates": [-6.187136, 53.36636]}, "properties": {"stop_id": "8220DB001755", "stop_name": "Seapark Aparts", "stop_code": "1755"}}, {"type": "Feature", "geometry": {"type": "Point", "coordinates": [-6.182853, 53.36721]}, "properties": {"stop_id": "8220DB001756", "stop_name": "Dollymount Ave", "stop_code": "1756"}}, {"type": "Feature", "geometry": {"type": "Point", "coordinates": [-6.182237, 53.36863]}, "properties": {"stop_id": "8220DB001757", "stop_name": "Park Lawn", "stop_code": "1757"}}, {"type": "Feature", "geometry": {"type": "Point", "coordinates": [-6.17539, 53.36813]}, "properties": {"stop_id": "8220DB001758", "stop_name": "Baymount Pk", "stop_code": "1758"}}, {"type": "Feature", "geometry": {"type": "Point", "coordinates": [-6.174264, 53.366]}, "properties": {"stop_id": "8220DB001759", "stop_name": "The Oaks", "stop_code": "1759"}}, {"type": "Feature", "geometry": {"type": "Point", "coordinates": [-6.18776, 53.365972]}, "properties": {"stop_id": "8220DB001760", "stop_name": "Seapark Aparts", "stop_code": "1760"}}, {"type": "Feature", "geometry": {"type": "Point", "coordinates": [-6.188046, 53.363837]}, "properties": {"stop_id": "8220DB001761", "stop_name": "Seapark Rd", "stop_code": "1761"}}, {"type": "Feature", "geometry": {"type": "Point", "coordinates": [-6.19125, 53.363751]}, "properties": {"stop_id": "8220DB001762", "stop_name": "Seafield Rd E", "stop_code": "1762"}}, {"type": "Feature", "geometry": {"type": "Point", "coordinates": [-6.195442, 53.364393]}, "properties": {"stop_id": "8220DB001763", "stop_name": "Seafield Rd W", "stop_code": "1763"}}, {"type": "Feature", "geometry": {"type": "Point", "coordinates": [-6.195577, 53.365893]}, "properties": {"stop_id": "8220DB001764", "stop_name": "Blackheath Ct", "stop_code": "1764"}}, {"type": "Feature", "geometry": {"type": "Point", "coordinates": [-6.202281, 53.366551]}, "properties": {"stop_id": "8220DB001765", "stop_name": "Blackheath Pk", "stop_code": "1765"}}, {"type": "Feature", "geometry": {"type": "Point", "coordinates": [-6.204851, 53.365116]}, "properties": {"stop_id": "8220DB001766", "stop_name": "Clontarf Cmtry", "stop_code": "1766"}}, {"type": "Feature", "geometry": {"type": "Point", "coordinates": [-6.205221, 53.363827]}, "properties": {"stop_id": "8220DB001767", "stop_name": "Clontarf Cstl", "stop_code": "1767"}}, {"type": "Feature", "geometry": {"type": "Point", "coordinates": [-6.181884, 53.368876]}, "properties": {"stop_id": "8220DB001769", "stop_name": "Park Lawn", "stop_code": "1769"}}, {"type": "Feature", "geometry": {"type": "Point", "coordinates": [-6.182751, 53.367086]}, "properties": {"stop_id": "8220DB001770", "stop_name": "Dollymount Ave", "stop_code": "1770"}}, {"type": "Feature", "geometry": {"type": "Point", "coordinates": [-6.185247, 53.366042]}, "properties": {"stop_id": "8220DB001771", "stop_name": "Saint Gabriel's Rd", "stop_code": "1771"}}, {"type": "Feature", "geometry": {"type": "Point", "coordinates": [-6.205069, 53.365026]}, "properties": {"stop_id": "8220DB001772", "stop_name": "Clontarf Cmtry", "stop_code": "1772"}}, {"type": "Feature", "geometry": {"type": "Point", "coordinates": [-6.203398, 53.366811]}, "properties": {"stop_id": "8220DB001773", "stop_name": "Blackheath Pk", "stop_code": "1773"}}, {"type": "Feature", "geometry": {"type": "Point", "coordinates": [-6.1974, 53.366136]}, "properties": {"stop_id": "8220DB001774", "stop_name": "Blackheath Ct", "stop_code": "1774"}}, {"type": "Feature", "geometry": {"type": "Point", "coordinates": [-6.195188, 53.36444]}, "properties": {"stop_id": "8220DB001775", "stop_name": "Seafield Rd W", "stop_code": "1775"}}, {"type": "Feature", "geometry": {"type": "Point", "coordinates": [-6.191842, 53.363877]}, "properties": {"stop_id": "8220DB001776", "stop_name": "Seafield Rd E", "stop_code": "1776"}}, {"type": "Feature", "geometry": {"type": "Point", "coordinates": [-6.190699, 53.366339]}, "properties": {"stop_id": "8220DB001777", "stop_name": "Seafield Ave", "stop_code": "1777"}}, {"type": "Feature", "geometry": {"type": "Point", "coordinates": [-6.18916, 53.366614]}, "properties": {"stop_id": "8220DB001778", "stop_name": "Mt Prospect Pk", "stop_code": "1778"}}, {"type": "Feature", "geometry": {"type": "Point", "coordinates": [-6.198172, 53.38239]}, "properties": {"stop_id": "8220DB001782", "stop_name": "Mask Crescent", "stop_code": "1782"}}, {"type": "Feature", "geometry": {"type": "Point", "coordinates": [-6.195962, 53.383803]}, "properties": {"stop_id": "8220DB001783", "stop_name": "McAuley Road", "stop_code": "1783"}}, {"type": "Feature", "geometry": {"type": "Point", "coordinates": [-6.192981, 53.384621]}, "properties": {"stop_id": "8220DB001784", "stop_name": "Ennel Drive", "stop_code": "1784"}}, {"type": "Feature", "geometry": {"type": "Point", "coordinates": [-6.191624, 53.382596]}, "properties": {"stop_id": "8220DB001785", "stop_name": "McAuley Drive", "stop_code": "1785"}}, {"type": "Feature", "geometry": {"type": "Point", "coordinates": [-6.192235, 53.381994]}, "properties": {"stop_id": "8220DB001786", "stop_name": "Ribh Road", "stop_code": "1786"}}, {"type": "Feature", "geometry": {"type": "Point", "coordinates": [-6.178806, 53.391614]}, "properties": {"stop_id": "8220DB001788", "stop_name": "Millbrook Rd", "stop_code": "1788"}}, {"type": "Feature", "geometry": {"type": "Point", "coordinates": [-6.178603, 53.394263]}, "properties": {"stop_id": "8220DB001789", "stop_name": "Clonrosse Drive", "stop_code": "1789"}}, {"type": "Feature", "geometry": {"type": "Point", "coordinates": [-6.181947, 53.396587]}, "properties": {"stop_id": "8220DB001791", "stop_name": "Blunden Drive", "stop_code": "1791"}}, {"type": "Feature", "geometry": {"type": "Point", "coordinates": [-6.178559, 53.393525]}, "properties": {"stop_id": "8220DB001792", "stop_name": "Clonrosse Drive", "stop_code": "1792"}}, {"type": "Feature", "geometry": {"type": "Point", "coordinates": [-6.178698, 53.391684]}, "properties": {"stop_id": "8220DB001793", "stop_name": "Millbrook Rd", "stop_code": "1793"}}, {"type": "Feature", "geometry": {"type": "Point", "coordinates": [-6.179419, 53.36948]}, "properties": {"stop_id": "8220DB001794", "stop_name": "Saint Anne's Park", "stop_code": "1794"}}, {"type": "Feature", "geometry": {"type": "Point", "coordinates": [-6.296868, 53.361503]}, "properties": {"stop_id": "8220DB001795", "stop_name": "Rosecourt", "stop_code": "1795"}}, {"type": "Feature", "geometry": {"type": "Point", "coordinates": [-6.191177, 53.381789]}, "properties": {"stop_id": "8220DB001796", "stop_name": "Ribh Road", "stop_code": "1796"}}, {"type": "Feature", "geometry": {"type": "Point", "coordinates": [-6.191721, 53.383128]}, "properties": {"stop_id": "8220DB001797", "stop_name": "McAuley Drive", "stop_code": "1797"}}, {"type": "Feature", "geometry": {"type": "Point", "coordinates": [-6.19454, 53.384384]}, "properties": {"stop_id": "8220DB001798", "stop_name": "Ennel Drive", "stop_code": "1798"}}, {"type": "Feature", "geometry": {"type": "Point", "coordinates": [-6.196655, 53.383059]}, "properties": {"stop_id": "8220DB001799", "stop_name": "McAuley Road", "stop_code": "1799"}}, {"type": "Feature", "geometry": {"type": "Point", "coordinates": [-6.199243, 53.382307]}, "properties": {"stop_id": "8220DB001800", "stop_name": "Mask Crescent", "stop_code": "1800"}}, {"type": "Feature", "geometry": {"type": "Point", "coordinates": [-6.202245, 53.382397]}, "properties": {"stop_id": "8220DB001801", "stop_name": "Gracefield Rd", "stop_code": "1801"}}, {"type": "Feature", "geometry": {"type": "Point", "coordinates": [-6.29461, 53.36142]}, "properties": {"stop_id": "8220DB001802", "stop_name": "Cabra Road", "stop_code": "1802"}}, {"type": "Feature", "geometry": {"type": "Point", "coordinates": [-6.29394, 53.36151]}, "properties": {"stop_id": "8220DB001803", "stop_name": "Cabra Road", "stop_code": "1803"}}, {"type": "Feature", "geometry": {"type": "Point", "coordinates": [-6.29735, 53.36163]}, "properties": {"stop_id": "8220DB001804", "stop_name": "Rosecourt", "stop_code": "1804"}}, {"type": "Feature", "geometry": {"type": "Point", "coordinates": [-6.297558, 53.361163]}, "properties": {"stop_id": "8220DB001805", "stop_name": "Dunard", "stop_code": "1805"}}, {"type": "Feature", "geometry": {"type": "Point", "coordinates": [-6.302642, 53.362907]}, "properties": {"stop_id": "8220DB001806", "stop_name": "Skreen Road", "stop_code": "1806"}}, {"type": "Feature", "geometry": {"type": "Point", "coordinates": [-6.303077, 53.363318]}, "properties": {"stop_id": "8220DB001905", "stop_name": "Skreen Road", "stop_code": "1905"}}, {"type": "Feature", "geometry": {"type": "Point", "coordinates": [-6.297076, 53.361201]}, "properties": {"stop_id": "8220DB001906", "stop_name": "Old Cabra Road", "stop_code": "1906"}}, {"type": "Feature", "geometry": {"type": "Point", "coordinates": [-6.293822, 53.359905]}, "properties": {"stop_id": "8220DB001907", "stop_name": "Glenbeigh Road", "stop_code": "1907"}}, {"type": "Feature", "geometry": {"type": "Point", "coordinates": [-6.291256, 53.358691]}, "properties": {"stop_id": "8220DB001908", "stop_name": "Cabra Drive", "stop_code": "1908"}}, {"type": "Feature", "geometry": {"type": "Point", "coordinates": [-6.288411, 53.35696]}, "properties": {"stop_id": "8220DB001909", "stop_name": "Prussia Street", "stop_code": "1909"}}, {"type": "Feature", "geometry": {"type": "Point", "coordinates": [-6.2883, 53.356538]}, "properties": {"stop_id": "8220DB001911", "stop_name": "Prussia Street", "stop_code": "1911"}}, {"type": "Feature", "geometry": {"type": "Point", "coordinates": [-6.291792, 53.358806]}, "properties": {"stop_id": "8220DB001913", "stop_name": "Cabra Drive", "stop_code": "1913"}}, {"type": "Feature", "geometry": {"type": "Point", "coordinates": [-6.294816, 53.360216]}, "properties": {"stop_id": "8220DB001914", "stop_name": "Glenbeigh Road", "stop_code": "1914"}}, {"type": "Feature", "geometry": {"type": "Point", "coordinates": [-6.265525, 53.344118]}, "properties": {"stop_id": "8220DB001934", "stop_name": "Dame Street", "stop_code": "1934"}}, {"type": "Feature", "geometry": {"type": "Point", "coordinates": [-6.268326, 53.343934]}, "properties": {"stop_id": "8220DB001935", "stop_name": "Lrd Edward St", "stop_code": "1935"}}, {"type": "Feature", "geometry": {"type": "Point", "coordinates": [-6.273152, 53.343088]}, "properties": {"stop_id": "8220DB001937", "stop_name": "High Street", "stop_code": "1937"}}, {"type": "Feature", "geometry": {"type": "Point", "coordinates": [-6.276761, 53.342978]}, "properties": {"stop_id": "8220DB001938", "stop_name": "Cornmarket", "stop_code": "1938"}}, {"type": "Feature", "geometry": {"type": "Point", "coordinates": [-6.280665, 53.342998]}, "properties": {"stop_id": "8220DB001939", "stop_name": "Thomas Street", "stop_code": "1939"}}, {"type": "Feature", "geometry": {"type": "Point", "coordinates": [-6.285734, 53.343539]}, "properties": {"stop_id": "8220DB001940", "stop_name": "Watling Street", "stop_code": "1940"}}, {"type": "Feature", "geometry": {"type": "Point", "coordinates": [-6.289181, 53.343345]}, "properties": {"stop_id": "8220DB001941", "stop_name": "James's Street", "stop_code": "1941"}}, {"type": "Feature", "geometry": {"type": "Point", "coordinates": [-6.29468, 53.34215]}, "properties": {"stop_id": "8220DB001942", "stop_name": "St James Hospital", "stop_code": "1942"}}, {"type": "Feature", "geometry": {"type": "Point", "coordinates": [-6.29834636571316, 53.3413732636991]}, "properties": {"stop_id": "8220DB001943", "stop_name": "Mount Brown", "stop_code": "1943"}}, {"type": "Feature", "geometry": {"type": "Point", "coordinates": [-6.3036154053404, 53.3406753265043]}, "properties": {"stop_id": "8220DB001944", "stop_name": "Old Kilmainham", "stop_code": "1944"}}, {"type": "Feature", "geometry": {"type": "Point", "coordinates": [-6.30968740041896, 53.3405547841693]}, "properties": {"stop_id": "8220DB001945", "stop_name": "Inchicore Library", "stop_code": "1945"}}, {"type": "Feature", "geometry": {"type": "Point", "coordinates": [-6.316357, 53.340119]}, "properties": {"stop_id": "8220DB001946", "stop_name": "Emmet Road", "stop_code": "1946"}}, {"type": "Feature", "geometry": {"type": "Point", "coordinates": [-6.317961, 53.339818]}, "properties": {"stop_id": "8220DB001947", "stop_name": "Inchicore Village", "stop_code": "1947"}}, {"type": "Feature", "geometry": {"type": "Point", "coordinates": [-6.322046, 53.338662]}, "properties": {"stop_id": "8220DB001948", "stop_name": "Tyrconnell Rd N", "stop_code": "1948"}}, {"type": "Feature", "geometry": {"type": "Point", "coordinates": [-6.323618, 53.337641]}, "properties": {"stop_id": "8220DB001949", "stop_name": "Tyrconnell Park", "stop_code": "1949"}}, {"type": "Feature", "geometry": {"type": "Point", "coordinates": [-6.325994, 53.336021]}, "properties": {"stop_id": "8220DB001950", "stop_name": "Oblate Ch", "stop_code": "1950"}}, {"type": "Feature", "geometry": {"type": "Point", "coordinates": [-6.329125, 53.333135]}, "properties": {"stop_id": "8220DB001951", "stop_name": "Bluebell Rd", "stop_code": "1951"}}, {"type": "Feature", "geometry": {"type": "Point", "coordinates": [-6.330037, 53.33171]}, "properties": {"stop_id": "8220DB001952", "stop_name": "Hollybrook House", "stop_code": "1952"}}, {"type": "Feature", "geometry": {"type": "Point", "coordinates": [-6.332086, 53.329994]}, "properties": {"stop_id": "8220DB001953", "stop_name": "Grove Court", "stop_code": "1953"}}, {"type": "Feature", "geometry": {"type": "Point", "coordinates": [-6.334806, 53.328774]}, "properties": {"stop_id": "8220DB001954", "stop_name": "Bluebell", "stop_code": "1954"}}, {"type": "Feature", "geometry": {"type": "Point", "coordinates": [-6.337916, 53.327946]}, "properties": {"stop_id": "8220DB001955", "stop_name": "Concorde B Park", "stop_code": "1955"}}, {"type": "Feature", "geometry": {"type": "Point", "coordinates": [-6.343847, 53.326365]}, "properties": {"stop_id": "8220DB001956", "stop_name": "Kylemore", "stop_code": "1956"}}, {"type": "Feature", "geometry": {"type": "Point", "coordinates": [-6.344818, 53.326487]}, "properties": {"stop_id": "8220DB001981", "stop_name": "Robinhood Road", "stop_code": "1981"}}, {"type": "Feature", "geometry": {"type": "Point", "coordinates": [-6.342027, 53.32723]}, "properties": {"stop_id": "8220DB001982", "stop_name": "Kylemore", "stop_code": "1982"}}, {"type": "Feature", "geometry": {"type": "Point", "coordinates": [-6.333894, 53.329445]}, "properties": {"stop_id": "8220DB001984", "stop_name": "Bluebell", "stop_code": "1984"}}, {"type": "Feature", "geometry": {"type": "Point", "coordinates": [-6.329449, 53.332924]}, "properties": {"stop_id": "8220DB001985", "stop_name": "Bluebell Rd", "stop_code": "1985"}}, {"type": "Feature", "geometry": {"type": "Point", "coordinates": [-6.327236, 53.335355]}, "properties": {"stop_id": "8220DB001986", "stop_name": "Tyrconnell Rd S", "stop_code": "1986"}}, {"type": "Feature", "geometry": {"type": "Point", "coordinates": [-6.325939, 53.33629]}, "properties": {"stop_id": "8220DB001987", "stop_name": "Oblate Ch", "stop_code": "1987"}}, {"type": "Feature", "geometry": {"type": "Point", "coordinates": [-6.322888, 53.33826]}, "properties": {"stop_id": "8220DB001988", "stop_name": "Tyrconnell Rd N", "stop_code": "1988"}}, {"type": "Feature", "geometry": {"type": "Point", "coordinates": [-6.318987, 53.339706]}, "properties": {"stop_id": "8220DB001989", "stop_name": "Inchicore Village", "stop_code": "1989"}}, {"type": "Feature", "geometry": {"type": "Point", "coordinates": [-6.31469157313953, 53.340472781795]}, "properties": {"stop_id": "8220DB001990", "stop_name": "Myra Cottages", "stop_code": "1990"}}, {"type": "Feature", "geometry": {"type": "Point", "coordinates": [-6.30911277701976, 53.3406544981518]}, "properties": {"stop_id": "8220DB001992", "stop_name": "Inchicore Library", "stop_code": "1992"}}, {"type": "Feature", "geometry": {"type": "Point", "coordinates": [-6.30466, 53.3408]}, "properties": {"stop_id": "8220DB001993", "stop_name": "Old Kilmainham", "stop_code": "1993"}}, {"type": "Feature", "geometry": {"type": "Point", "coordinates": [-6.29938060050009, 53.3414239628449]}, "properties": {"stop_id": "8220DB001994", "stop_name": "Mount Brown", "stop_code": "1994"}}, {"type": "Feature", "geometry": {"type": "Point", "coordinates": [-6.293218, 53.342675]}, "properties": {"stop_id": "8220DB001995", "stop_name": "James's Luas", "stop_code": "1995"}}, {"type": "Feature", "geometry": {"type": "Point", "coordinates": [-6.288482, 53.34356]}, "properties": {"stop_id": "8220DB001996", "stop_name": "James's Street", "stop_code": "1996"}}, {"type": "Feature", "geometry": {"type": "Point", "coordinates": [-6.28542, 53.34364]}, "properties": {"stop_id": "8220DB001997", "stop_name": "Watling Street", "stop_code": "1997"}}, {"type": "Feature", "geometry": {"type": "Point", "coordinates": [-6.280494, 53.34314]}, "properties": {"stop_id": "8220DB001998", "stop_name": "Thomas Street", "stop_code": "1998"}}, {"type": "Feature", "geometry": {"type": "Point", "coordinates": [-6.27659, 53.343119]}, "properties": {"stop_id": "8220DB001999", "stop_name": "Cornmarket", "stop_code": "1999"}}, {"type": "Feature", "geometry": {"type": "Point", "coordinates": [-6.273653, 53.343311]}, "properties": {"stop_id": "8220DB002001", "stop_name": "High Street", "stop_code": "2001"}}, {"type": "Feature", "geometry": {"type": "Point", "coordinates": [-6.269444, 53.343771]}, "properties": {"stop_id": "8220DB002002", "stop_name": "Lrd Edward St", "stop_code": "2002"}}, {"type": "Feature", "geometry": {"type": "Point", "coordinates": [-6.268262, 53.344041]}, "properties": {"stop_id": "8220DB002003", "stop_name": "Lrd Edward St", "stop_code": "2003"}}, {"type": "Feature", "geometry": {"type": "Point", "coordinates": [-6.220186, 53.315174]}, "properties": {"stop_id": "8220DB002085", "stop_name": "RTE", "stop_code": "2085"}}, {"type": "Feature", "geometry": {"type": "Point", "coordinates": [-6.214703, 53.318157]}, "properties": {"stop_id": "8220DB002086", "stop_name": "Nutley Avenue", "stop_code": "2086"}}, {"type": "Feature", "geometry": {"type": "Point", "coordinates": [-6.21283, 53.32061]}, "properties": {"stop_id": "8220DB002087", "stop_name": "Ailesbury Road", "stop_code": "2087"}}, {"type": "Feature", "geometry": {"type": "Point", "coordinates": [-6.21609017469623, 53.3172966893469]}, "properties": {"stop_id": "8220DB002088", "stop_name": "St Vincent's Hosp", "stop_code": "2088"}}, {"type": "Feature", "geometry": {"type": "Point", "coordinates": [-6.219746, 53.315302]}, "properties": {"stop_id": "8220DB002089", "stop_name": "RTE", "stop_code": "2089"}}, {"type": "Feature", "geometry": {"type": "Point", "coordinates": [-6.289751, 53.334752]}, "properties": {"stop_id": "8220DB002094", "stop_name": "Coombe Hospital", "stop_code": "2094"}}, {"type": "Feature", "geometry": {"type": "Point", "coordinates": [-6.302471, 53.329037]}, "properties": {"stop_id": "8220DB002095", "stop_name": "Crumlin Coll", "stop_code": "2095"}}, {"type": "Feature", "geometry": {"type": "Point", "coordinates": [-6.306818, 53.328084]}, "properties": {"stop_id": "8220DB002096", "stop_name": "Iveagh Gnds", "stop_code": "2096"}}, {"type": "Feature", "geometry": {"type": "Point", "coordinates": [-6.309726, 53.327433]}, "properties": {"stop_id": "8220DB002097", "stop_name": "Raphoe Road", "stop_code": "2097"}}, {"type": "Feature", "geometry": {"type": "Point", "coordinates": [-6.3166, 53.325562]}, "properties": {"stop_id": "8220DB002099", "stop_name": "Crumlin Hospl", "stop_code": "2099"}}, {"type": "Feature", "geometry": {"type": "Point", "coordinates": [-6.318171, 53.324955]}, "properties": {"stop_id": "8220DB002101", "stop_name": "Drimnagh Rd", "stop_code": "2101"}}, {"type": "Feature", "geometry": {"type": "Point", "coordinates": [-6.326142, 53.324195]}, "properties": {"stop_id": "8220DB002102", "stop_name": "Balfe Road", "stop_code": "2102"}}, {"type": "Feature", "geometry": {"type": "Point", "coordinates": [-6.329992, 53.322083]}, "properties": {"stop_id": "8220DB002103", "stop_name": "Walkinstown SC", "stop_code": "2103"}}, {"type": "Feature", "geometry": {"type": "Point", "coordinates": [-6.337497, 53.323653]}, "properties": {"stop_id": "8220DB002105", "stop_name": "Long Mile Rd", "stop_code": "2105"}}, {"type": "Feature", "geometry": {"type": "Point", "coordinates": [-6.339171, 53.323838]}, "properties": {"stop_id": "8220DB002181", "stop_name": "Long Mile Rd", "stop_code": "2181"}}, {"type": "Feature", "geometry": {"type": "Point", "coordinates": [-6.335188, 53.323962]}, "properties": {"stop_id": "8220DB002182", "stop_name": "Walkinstown Prd", "stop_code": "2182"}}, {"type": "Feature", "geometry": {"type": "Point", "coordinates": [-6.33054760884826, 53.321703980838]}, "properties": {"stop_id": "8220DB002183", "stop_name": "Walkinstown SC", "stop_code": "2183"}}, {"type": "Feature", "geometry": {"type": "Point", "coordinates": [-6.329146, 53.322997]}, "properties": {"stop_id": "8220DB002184", "stop_name": "Walkinstown Rd N", "stop_code": "2184"}}, {"type": "Feature", "geometry": {"type": "Point", "coordinates": [-6.32749, 53.324259]}, "properties": {"stop_id": "8220DB002185", "stop_name": "Balfe Road", "stop_code": "2185"}}, {"type": "Feature", "geometry": {"type": "Point", "coordinates": [-6.312538, 53.326933]}, "properties": {"stop_id": "8220DB002186", "stop_name": "Raphoe Road", "stop_code": "2186"}}, {"type": "Feature", "geometry": {"type": "Point", "coordinates": [-6.307284, 53.328045]}, "properties": {"stop_id": "8220DB002187", "stop_name": "Iveagh Gnds", "stop_code": "2187"}}, {"type": "Feature", "geometry": {"type": "Point", "coordinates": [-6.302922, 53.329017]}, "properties": {"stop_id": "8220DB002188", "stop_name": "Crumlin Coll", "stop_code": "2188"}}, {"type": "Feature", "geometry": {"type": "Point", "coordinates": [-6.300072, 53.329695]}, "properties": {"stop_id": "8220DB002189", "stop_name": "Crumlin SC", "stop_code": "2189"}}, {"type": "Feature", "geometry": {"type": "Point", "coordinates": [-6.292608, 53.332771]}, "properties": {"stop_id": "8220DB002190", "stop_name": "Dolphin House", "stop_code": "2190"}}, {"type": "Feature", "geometry": {"type": "Point", "coordinates": [-6.310443, 53.348026]}, "properties": {"stop_id": "8220DB002191", "stop_name": "Islandbridge Gate", "stop_code": "2191"}}, {"type": "Feature", "geometry": {"type": "Point", "coordinates": [-6.315671, 53.347246]}, "properties": {"stop_id": "8220DB002192", "stop_name": "Salmon Pool", "stop_code": "2192"}}, {"type": "Feature", "geometry": {"type": "Point", "coordinates": [-6.323455, 53.346385]}, "properties": {"stop_id": "8220DB002193", "stop_name": "Garda Boat Club", "stop_code": "2193"}}, {"type": "Feature", "geometry": {"type": "Point", "coordinates": [-6.328404, 53.346193]}, "properties": {"stop_id": "8220DB002194", "stop_name": "Chapelizod Rd", "stop_code": "2194"}}, {"type": "Feature", "geometry": {"type": "Point", "coordinates": [-6.33759, 53.346744]}, "properties": {"stop_id": "8220DB002195", "stop_name": "St Mary's Hospital", "stop_code": "2195"}}, {"type": "Feature", "geometry": {"type": "Point", "coordinates": [-6.341678, 53.347835]}, "properties": {"stop_id": "8220DB002196", "stop_name": "Chapelizod Village", "stop_code": "2196"}}, {"type": "Feature", "geometry": {"type": "Point", "coordinates": [-6.346742, 53.348166]}, "properties": {"stop_id": "8220DB002197", "stop_name": "Chapelizod W", "stop_code": "2197"}}, {"type": "Feature", "geometry": {"type": "Point", "coordinates": [-6.351063, 53.350625]}, "properties": {"stop_id": "8220DB002198", "stop_name": "Belgrove Park", "stop_code": "2198"}}, {"type": "Feature", "geometry": {"type": "Point", "coordinates": [-6.355909, 53.351968]}, "properties": {"stop_id": "8220DB002199", "stop_name": "Glenaulin", "stop_code": "2199"}}, {"type": "Feature", "geometry": {"type": "Point", "coordinates": [-6.352954, 53.350283]}, "properties": {"stop_id": "8220DB002200", "stop_name": "Kylemore Rd N", "stop_code": "2200"}}, {"type": "Feature", "geometry": {"type": "Point", "coordinates": [-6.35569799515708, 53.3519743826815]}, "properties": {"stop_id": "8220DB002243", "stop_name": "Glenaulin", "stop_code": "2243"}}, {"type": "Feature", "geometry": {"type": "Point", "coordinates": [-6.35160907436146, 53.3508843467058]}, "properties": {"stop_id": "8220DB002244", "stop_name": "Belgrove Park", "stop_code": "2244"}}, {"type": "Feature", "geometry": {"type": "Point", "coordinates": [-6.348284, 53.349463]}, "properties": {"stop_id": "8220DB002245", "stop_name": "Chapelizod W", "stop_code": "2245"}}, {"type": "Feature", "geometry": {"type": "Point", "coordinates": [-6.34363, 53.34827]}, "properties": {"stop_id": "8220DB002246", "stop_name": "Chapelizod Village", "stop_code": "2246"}}, {"type": "Feature", "geometry": {"type": "Point", "coordinates": [-6.336283, 53.346753]}, "properties": {"stop_id": "8220DB002247", "stop_name": "St Mary's Hospital", "stop_code": "2247"}}, {"type": "Feature", "geometry": {"type": "Point", "coordinates": [-6.327889, 53.346321]}, "properties": {"stop_id": "8220DB002248", "stop_name": "Chapelizod Rd", "stop_code": "2248"}}, {"type": "Feature", "geometry": {"type": "Point", "coordinates": [-6.32125, 53.34658]}, "properties": {"stop_id": "8220DB002249", "stop_name": "Garda Boat Club", "stop_code": "2249"}}, {"type": "Feature", "geometry": {"type": "Point", "coordinates": [-6.315333, 53.347439]}, "properties": {"stop_id": "8220DB002250", "stop_name": "Salmon Pool", "stop_code": "2250"}}, {"type": "Feature", "geometry": {"type": "Point", "coordinates": [-6.31098, 53.348132]}, "properties": {"stop_id": "8220DB002251", "stop_name": "Islandbridge Gate", "stop_code": "2251"}}, {"type": "Feature", "geometry": {"type": "Point", "coordinates": [-6.238262, 53.36023]}, "properties": {"stop_id": "8220DB002255", "stop_name": "North Strand FS", "stop_code": "2255"}}, {"type": "Feature", "geometry": {"type": "Point", "coordinates": [-6.23565, 53.358349]}, "properties": {"stop_id": "8220DB002256", "stop_name": "Portside Ct", "stop_code": "2256"}}, {"type": "Feature", "geometry": {"type": "Point", "coordinates": [-6.23821, 53.356382]}, "properties": {"stop_id": "8220DB002257", "stop_name": "West Road", "stop_code": "2257"}}, {"type": "Feature", "geometry": {"type": "Point", "coordinates": [-6.238011, 53.354654]}, "properties": {"stop_id": "8220DB002258", "stop_name": "St Mary's Rd North", "stop_code": "2258"}}, {"type": "Feature", "geometry": {"type": "Point", "coordinates": [-6.23672, 53.353538]}, "properties": {"stop_id": "8220DB002259", "stop_name": "Church Rd W", "stop_code": "2259"}}, {"type": "Feature", "geometry": {"type": "Point", "coordinates": [-6.235035, 53.351779]}, "properties": {"stop_id": "8220DB002260", "stop_name": "Church Rd S", "stop_code": "2260"}}, {"type": "Feature", "geometry": {"type": "Point", "coordinates": [-6.226596, 53.353523]}, "properties": {"stop_id": "8220DB002262", "stop_name": "Merchants Rd", "stop_code": "2262"}}, {"type": "Feature", "geometry": {"type": "Point", "coordinates": [-6.195619, 53.345706]}, "properties": {"stop_id": "8220DB002270", "stop_name": "Ferry Port Termnl 1", "stop_code": "2270"}}, {"type": "Feature", "geometry": {"type": "Point", "coordinates": [-6.203631, 53.350186]}, "properties": {"stop_id": "8220DB002274", "stop_name": "Alexandra Rd East", "stop_code": "2274"}}, {"type": "Feature", "geometry": {"type": "Point", "coordinates": [-6.229928, 53.354336]}, "properties": {"stop_id": "8220DB002278", "stop_name": "Bargy Road", "stop_code": "2278"}}, {"type": "Feature", "geometry": {"type": "Point", "coordinates": [-6.231622, 53.352941]}, "properties": {"stop_id": "8220DB002279", "stop_name": "East Road", "stop_code": "2279"}}, {"type": "Feature", "geometry": {"type": "Point", "coordinates": [-6.237056, 53.352312]}, "properties": {"stop_id": "8220DB002280", "stop_name": "Church Rd S", "stop_code": "2280"}}, {"type": "Feature", "geometry": {"type": "Point", "coordinates": [-6.23673, 53.353664]}, "properties": {"stop_id": "8220DB002281", "stop_name": "Church Rd W", "stop_code": "2281"}}, {"type": "Feature", "geometry": {"type": "Point", "coordinates": [-6.238529, 53.354841]}, "properties": {"stop_id": "8220DB002282", "stop_name": "St Mary's Rd North", "stop_code": "2282"}}, {"type": "Feature", "geometry": {"type": "Point", "coordinates": [-6.235937, 53.358326]}, "properties": {"stop_id": "8220DB002283", "stop_name": "Portside Ct", "stop_code": "2283"}}, {"type": "Feature", "geometry": {"type": "Point", "coordinates": [-6.269798, 53.342446]}, "properties": {"stop_id": "8220DB002310", "stop_name": "Werburgh Street", "stop_code": "2310"}}, {"type": "Feature", "geometry": {"type": "Point", "coordinates": [-6.270492, 53.338285]}, "properties": {"stop_id": "8220DB002311", "stop_name": "Kevin Street", "stop_code": "2311"}}, {"type": "Feature", "geometry": {"type": "Point", "coordinates": [-6.275484, 53.338879]}, "properties": {"stop_id": "8220DB002312", "stop_name": "Saint Luke's Avenue", "stop_code": "2312"}}, {"type": "Feature", "geometry": {"type": "Point", "coordinates": [-6.278478, 53.338742]}, "properties": {"stop_id": "8220DB002313", "stop_name": "Newmarket", "stop_code": "2313"}}, {"type": "Feature", "geometry": {"type": "Point", "coordinates": [-6.28068, 53.33825]}, "properties": {"stop_id": "8220DB002314", "stop_name": "Weaver Park", "stop_code": "2314"}}, {"type": "Feature", "geometry": {"type": "Point", "coordinates": [-6.285239, 53.337536]}, "properties": {"stop_id": "8220DB002315", "stop_name": "Cork Street", "stop_code": "2315"}}, {"type": "Feature", "geometry": {"type": "Point", "coordinates": [-6.318877, 53.323419]}, "properties": {"stop_id": "8220DB002317", "stop_name": "Saint Mary's Road", "stop_code": "2317"}}, {"type": "Feature", "geometry": {"type": "Point", "coordinates": [-6.318843, 53.32198]}, "properties": {"stop_id": "8220DB002318", "stop_name": "Somerville Avenue", "stop_code": "2318"}}, {"type": "Feature", "geometry": {"type": "Point", "coordinates": [-6.3152, 53.319565]}, "properties": {"stop_id": "8220DB002319", "stop_name": "Saint Agnes Church", "stop_code": "2319"}}, {"type": "Feature", "geometry": {"type": "Point", "coordinates": [-6.316763, 53.316854]}, "properties": {"stop_id": "8220DB002327", "stop_name": "Ashleaf", "stop_code": "2327"}}, {"type": "Feature", "geometry": {"type": "Point", "coordinates": [-6.31552, 53.31959]}, "properties": {"stop_id": "8220DB002328", "stop_name": "Saint Agnes Church", "stop_code": "2328"}}, {"type": "Feature", "geometry": {"type": "Point", "coordinates": [-6.316934, 53.320901]}, "properties": {"stop_id": "8220DB002329", "stop_name": "Crumlin Village", "stop_code": "2329"}}, {"type": "Feature", "geometry": {"type": "Point", "coordinates": [-6.319287, 53.322148]}, "properties": {"stop_id": "8220DB002330", "stop_name": "Somerville Avenue", "stop_code": "2330"}}, {"type": "Feature", "geometry": {"type": "Point", "coordinates": [-6.317795, 53.324572]}, "properties": {"stop_id": "8220DB002331", "stop_name": "Saint Mary's Road", "stop_code": "2331"}}, {"type": "Feature", "geometry": {"type": "Point", "coordinates": [-6.331015, 53.320875]}, "properties": {"stop_id": "8220DB002332", "stop_name": "Walkinstown Mal", "stop_code": "2332"}}, {"type": "Feature", "geometry": {"type": "Point", "coordinates": [-6.332665, 53.317842]}, "properties": {"stop_id": "8220DB002333", "stop_name": "Walkinstown Rnbt", "stop_code": "2333"}}, {"type": "Feature", "geometry": {"type": "Point", "coordinates": [-6.332698, 53.318148]}, "properties": {"stop_id": "8220DB002378", "stop_name": "Walkinstown Rnbt", "stop_code": "2378"}}, {"type": "Feature", "geometry": {"type": "Point", "coordinates": [-6.284642, 53.337833]}, "properties": {"stop_id": "8220DB002379", "stop_name": "Cork Street", "stop_code": "2379"}}, {"type": "Feature", "geometry": {"type": "Point", "coordinates": [-6.28031, 53.33851]}, "properties": {"stop_id": "8220DB002380", "stop_name": "Weaver Park", "stop_code": "2380"}}, {"type": "Feature", "geometry": {"type": "Point", "coordinates": [-6.278383, 53.338858]}, "properties": {"stop_id": "8220DB002382", "stop_name": "Newmarket", "stop_code": "2382"}}, {"type": "Feature", "geometry": {"type": "Point", "coordinates": [-6.272653, 53.339458]}, "properties": {"stop_id": "8220DB002383", "stop_name": "St Patricks Cathdrl", "stop_code": "2383"}}, {"type": "Feature", "geometry": {"type": "Point", "coordinates": [-6.27195136781826, 53.3423151191354]}, "properties": {"stop_id": "8220DB002385", "stop_name": "Patrick Street", "stop_code": "2385"}}, {"type": "Feature", "geometry": {"type": "Point", "coordinates": [-6.272325, 53.337907]}, "properties": {"stop_id": "8220DB002386", "stop_name": "New Street South", "stop_code": "2386"}}, {"type": "Feature", "geometry": {"type": "Point", "coordinates": [-6.27282879101049, 53.3365844247191]}, "properties": {"stop_id": "8220DB002387", "stop_name": "Long Lane", "stop_code": "2387"}}, {"type": "Feature", "geometry": {"type": "Point", "coordinates": [-6.274386, 53.334459]}, "properties": {"stop_id": "8220DB002388", "stop_name": "Clanbrassil Lwr", "stop_code": "2388"}}, {"type": "Feature", "geometry": {"type": "Point", "coordinates": [-6.27912, 53.32489]}, "properties": {"stop_id": "8220DB002389", "stop_name": "Harold's Cross Park", "stop_code": "2389"}}, {"type": "Feature", "geometry": {"type": "Point", "coordinates": [-6.28399, 53.321529]}, "properties": {"stop_id": "8220DB002390", "stop_name": "Mount Argus Ml", "stop_code": "2390"}}, {"type": "Feature", "geometry": {"type": "Point", "coordinates": [-6.28643, 53.320197]}, "properties": {"stop_id": "8220DB002391", "stop_name": "Mount Argus Park", "stop_code": "2391"}}, {"type": "Feature", "geometry": {"type": "Point", "coordinates": [-6.291351, 53.318749]}, "properties": {"stop_id": "8220DB002392", "stop_name": "Kimmage", "stop_code": "2392"}}, {"type": "Feature", "geometry": {"type": "Point", "coordinates": [-6.295455, 53.315204]}, "properties": {"stop_id": "8220DB002393", "stop_name": "Aideen Avenue", "stop_code": "2393"}}, {"type": "Feature", "geometry": {"type": "Point", "coordinates": [-6.297754, 53.313259]}, "properties": {"stop_id": "8220DB002394", "stop_name": "Kimmage Cross Roads", "stop_code": "2394"}}, {"type": "Feature", "geometry": {"type": "Point", "coordinates": [-6.300585, 53.311502]}, "properties": {"stop_id": "8220DB002395", "stop_name": "Fortfield Rd N", "stop_code": "2395"}}, {"type": "Feature", "geometry": {"type": "Point", "coordinates": [-6.302178, 53.308819]}, "properties": {"stop_id": "8220DB002396", "stop_name": "Wainsfort Park", "stop_code": "2396"}}, {"type": "Feature", "geometry": {"type": "Point", "coordinates": [-6.300855, 53.306589]}, "properties": {"stop_id": "8220DB002397", "stop_name": "College Drive", "stop_code": "2397"}}, {"type": "Feature", "geometry": {"type": "Point", "coordinates": [-6.29974, 53.30526]}, "properties": {"stop_id": "8220DB002398", "stop_name": "Fortfield Rd S", "stop_code": "2398"}}, {"type": "Feature", "geometry": {"type": "Point", "coordinates": [-6.330708, 53.317203]}, "properties": {"stop_id": "8220DB002431", "stop_name": "Walkinstown Rnbt", "stop_code": "2431"}}, {"type": "Feature", "geometry": {"type": "Point", "coordinates": [-6.325507, 53.317014]}, "properties": {"stop_id": "8220DB002432", "stop_name": "Bigger Road", "stop_code": "2432"}}, {"type": "Feature", "geometry": {"type": "Point", "coordinates": [-6.32067, 53.31663]}, "properties": {"stop_id": "8220DB002433", "stop_name": "Cherry Grove", "stop_code": "2433"}}, {"type": "Feature", "geometry": {"type": "Point", "coordinates": [-6.31606, 53.316027]}, "properties": {"stop_id": "8220DB002434", "stop_name": "Ashleaf", "stop_code": "2434"}}, {"type": "Feature", "geometry": {"type": "Point", "coordinates": [-6.311295, 53.314314]}, "properties": {"stop_id": "8220DB002435", "stop_name": "Westbrook", "stop_code": "2435"}}, {"type": "Feature", "geometry": {"type": "Point", "coordinates": [-6.308948, 53.313706]}, "properties": {"stop_id": "8220DB002436", "stop_name": "L O'Toole Pk", "stop_code": "2436"}}, {"type": "Feature", "geometry": {"type": "Point", "coordinates": [-6.302519, 53.312689]}, "properties": {"stop_id": "8220DB002437", "stop_name": "Kimmage Road West", "stop_code": "2437"}}, {"type": "Feature", "geometry": {"type": "Point", "coordinates": [-6.299255, 53.312489]}, "properties": {"stop_id": "8220DB002438", "stop_name": "Kimmage Cross Roads", "stop_code": "2438"}}, {"type": "Feature", "geometry": {"type": "Point", "coordinates": [-6.297698, 53.313546]}, "properties": {"stop_id": "8220DB002439", "stop_name": "Ravensdale Pk", "stop_code": "2439"}}, {"type": "Feature", "geometry": {"type": "Point", "coordinates": [-6.29432691528977, 53.3164008747397]}, "properties": {"stop_id": "8220DB002440", "stop_name": "Aideen Avenue", "stop_code": "2440"}}, {"type": "Feature", "geometry": {"type": "Point", "coordinates": [-6.29107, 53.31918]}, "properties": {"stop_id": "8220DB002441", "stop_name": "Kimmage", "stop_code": "2441"}}, {"type": "Feature", "geometry": {"type": "Point", "coordinates": [-6.286029, 53.320452]}, "properties": {"stop_id": "8220DB002442", "stop_name": "Mount Argus Park", "stop_code": "2442"}}, {"type": "Feature", "geometry": {"type": "Point", "coordinates": [-6.283645, 53.321892]}, "properties": {"stop_id": "8220DB002443", "stop_name": "Mount Argus Ml", "stop_code": "2443"}}, {"type": "Feature", "geometry": {"type": "Point", "coordinates": [-6.279675, 53.324298]}, "properties": {"stop_id": "8220DB002444", "stop_name": "Harold's Cross Park", "stop_code": "2444"}}, {"type": "Feature", "geometry": {"type": "Point", "coordinates": [-6.30414780696661, 53.3193092472153]}, "properties": {"stop_id": "8220DB002448", "stop_name": "Cashel Road", "stop_code": "2448"}}, {"type": "Feature", "geometry": {"type": "Point", "coordinates": [-6.305072, 53.320985]}, "properties": {"stop_id": "8220DB002449", "stop_name": "Armagh Road", "stop_code": "2449"}}, {"type": "Feature", "geometry": {"type": "Point", "coordinates": [-6.307669, 53.320231]}, "properties": {"stop_id": "8220DB002450", "stop_name": "Armagh Rd West", "stop_code": "2450"}}, {"type": "Feature", "geometry": {"type": "Point", "coordinates": [-6.314316, 53.319166]}, "properties": {"stop_id": "8220DB002451", "stop_name": "Saint Agnes' Park", "stop_code": "2451"}}, {"type": "Feature", "geometry": {"type": "Point", "coordinates": [-6.313102, 53.319481]}, "properties": {"stop_id": "8220DB002464", "stop_name": "Saint Agnes' Park", "stop_code": "2464"}}, {"type": "Feature", "geometry": {"type": "Point", "coordinates": [-6.308939, 53.319989]}, "properties": {"stop_id": "8220DB002465", "stop_name": "Armagh Rd West", "stop_code": "2465"}}, {"type": "Feature", "geometry": {"type": "Point", "coordinates": [-6.306451, 53.320654]}, "properties": {"stop_id": "8220DB002466", "stop_name": "Armagh Rd East", "stop_code": "2466"}}, {"type": "Feature", "geometry": {"type": "Point", "coordinates": [-6.30392562805676, 53.3192341833888]}, "properties": {"stop_id": "8220DB002467", "stop_name": "Cashel Road", "stop_code": "2467"}}, {"type": "Feature", "geometry": {"type": "Point", "coordinates": [-6.289148, 53.318682]}, "properties": {"stop_id": "8220DB002471", "stop_name": "Larkfield Pk", "stop_code": "2471"}}, {"type": "Feature", "geometry": {"type": "Point", "coordinates": [-6.2856, 53.317678]}, "properties": {"stop_id": "8220DB002472", "stop_name": "Larkfield Gr", "stop_code": "2472"}}, {"type": "Feature", "geometry": {"type": "Point", "coordinates": [-6.283385, 53.317889]}, "properties": {"stop_id": "8220DB002473", "stop_name": "Clareville Road", "stop_code": "2473"}}, {"type": "Feature", "geometry": {"type": "Point", "coordinates": [-6.28182, 53.318756]}, "properties": {"stop_id": "8220DB002474", "stop_name": "Westfield Rd", "stop_code": "2474"}}, {"type": "Feature", "geometry": {"type": "Point", "coordinates": [-6.280089, 53.318866]}, "properties": {"stop_id": "8220DB002475", "stop_name": "Kenilworth Park", "stop_code": "2475"}}, {"type": "Feature", "geometry": {"type": "Point", "coordinates": [-6.27747, 53.319044]}, "properties": {"stop_id": "8220DB002476", "stop_name": "Kenilworth Square", "stop_code": "2476"}}, {"type": "Feature", "geometry": {"type": "Point", "coordinates": [-6.274239, 53.319878]}, "properties": {"stop_id": "8220DB002477", "stop_name": "Kenilworth Road", "stop_code": "2477"}}, {"type": "Feature", "geometry": {"type": "Point", "coordinates": [-6.26975, 53.32054]}, "properties": {"stop_id": "8220DB002478", "stop_name": "Grosvenor Road", "stop_code": "2478"}}, {"type": "Feature", "geometry": {"type": "Point", "coordinates": [-6.27027690461026, 53.3202340044282]}, "properties": {"stop_id": "8220DB002479", "stop_name": "Grosvenor Road", "stop_code": "2479"}}, {"type": "Feature", "geometry": {"type": "Point", "coordinates": [-6.274335, 53.319744]}, "properties": {"stop_id": "8220DB002480", "stop_name": "Kenilworth Road", "stop_code": "2480"}}, {"type": "Feature", "geometry": {"type": "Point", "coordinates": [-6.278083, 53.318738]}, "properties": {"stop_id": "8220DB002481", "stop_name": "Harolds Cross Road", "stop_code": "2481"}}, {"type": "Feature", "geometry": {"type": "Point", "coordinates": [-6.281393, 53.318921]}, "properties": {"stop_id": "8220DB002482", "stop_name": "Westfield Rd", "stop_code": "2482"}}, {"type": "Feature", "geometry": {"type": "Point", "coordinates": [-6.284418, 53.317598]}, "properties": {"stop_id": "8220DB002483", "stop_name": "Clareville Road", "stop_code": "2483"}}, {"type": "Feature", "geometry": {"type": "Point", "coordinates": [-6.289153, 53.318547]}, "properties": {"stop_id": "8220DB002484", "stop_name": "Larkfield Pk", "stop_code": "2484"}}, {"type": "Feature", "geometry": {"type": "Point", "coordinates": [-6.29134, 53.319792]}, "properties": {"stop_id": "8220DB002485", "stop_name": "Kimmage", "stop_code": "2485"}}, {"type": "Feature", "geometry": {"type": "Point", "coordinates": [-6.29311972472245, 53.3210753974037]}, "properties": {"stop_id": "8220DB002486", "stop_name": "Blarney Park", "stop_code": "2486"}}, {"type": "Feature", "geometry": {"type": "Point", "coordinates": [-6.295282, 53.321816]}, "properties": {"stop_id": "8220DB002487", "stop_name": "\u00c9amonn Ceannt Pk", "stop_code": "2487"}}, {"type": "Feature", "geometry": {"type": "Point", "coordinates": [-6.298718, 53.320355]}, "properties": {"stop_id": "8220DB002488", "stop_name": "Stannaway Rd", "stop_code": "2488"}}, {"type": "Feature", "geometry": {"type": "Point", "coordinates": [-6.300856, 53.319415]}, "properties": {"stop_id": "8220DB002489", "stop_name": "Clonfert Rd", "stop_code": "2489"}}, {"type": "Feature", "geometry": {"type": "Point", "coordinates": [-6.300425, 53.319697]}, "properties": {"stop_id": "8220DB002494", "stop_name": "Clonfert Rd", "stop_code": "2494"}}, {"type": "Feature", "geometry": {"type": "Point", "coordinates": [-6.296942, 53.32122]}, "properties": {"stop_id": "8220DB002495", "stop_name": "Stannaway Rd", "stop_code": "2495"}}, {"type": "Feature", "geometry": {"type": "Point", "coordinates": [-6.293925, 53.321968]}, "properties": {"stop_id": "8220DB002496", "stop_name": "\u00c9amonn Ceannt Pk", "stop_code": "2496"}}, {"type": "Feature", "geometry": {"type": "Point", "coordinates": [-6.291904, 53.32033]}, "properties": {"stop_id": "8220DB002497", "stop_name": "Kimmage", "stop_code": "2497"}}, {"type": "Feature", "geometry": {"type": "Point", "coordinates": [-6.25027, 53.34828]}, "properties": {"stop_id": "8220DB002498", "stop_name": "IFSC", "stop_code": "2498"}}, {"type": "Feature", "geometry": {"type": "Point", "coordinates": [-6.247128, 53.348128]}, "properties": {"stop_id": "8220DB002499", "stop_name": "S O'Casey Br", "stop_code": "2499"}}, {"type": "Feature", "geometry": {"type": "Point", "coordinates": [-6.24238, 53.347788]}, "properties": {"stop_id": "8220DB002500", "stop_name": "Samuel Beckett Br", "stop_code": "2500"}}, {"type": "Feature", "geometry": {"type": "Point", "coordinates": [-6.236359, 53.347376]}, "properties": {"stop_id": "8220DB002501", "stop_name": "N Wall Quay", "stop_code": "2501"}}, {"type": "Feature", "geometry": {"type": "Point", "coordinates": [-6.2353, 53.34913]}, "properties": {"stop_id": "8220DB002502", "stop_name": "New Wapping Street", "stop_code": "2502"}}, {"type": "Feature", "geometry": {"type": "Point", "coordinates": [-6.225812, 53.352864]}, "properties": {"stop_id": "8220DB002508", "stop_name": "Merchants Rd", "stop_code": "2508"}}, {"type": "Feature", "geometry": {"type": "Point", "coordinates": [-6.27538, 53.332891]}, "properties": {"stop_id": "8220DB002634", "stop_name": "Leonard's Corner", "stop_code": "2634"}}, {"type": "Feature", "geometry": {"type": "Point", "coordinates": [-6.27492, 53.334251]}, "properties": {"stop_id": "8220DB002635", "stop_name": "Clanbrassil Lwr", "stop_code": "2635"}}, {"type": "Feature", "geometry": {"type": "Point", "coordinates": [-6.273174, 53.33658]}, "properties": {"stop_id": "8220DB002636", "stop_name": "Long Lane", "stop_code": "2636"}}, {"type": "Feature", "geometry": {"type": "Point", "coordinates": [-6.294308, 53.345846]}, "properties": {"stop_id": "8220DB002637", "stop_name": "Heuston Station", "stop_code": "2637"}}, {"type": "Feature", "geometry": {"type": "Point", "coordinates": [-6.308893, 53.342045]}, "properties": {"stop_id": "8220DB002640", "stop_name": "Kilmainham G", "stop_code": "2640"}}, {"type": "Feature", "geometry": {"type": "Point", "coordinates": [-6.315414, 53.341966]}, "properties": {"stop_id": "8220DB002641", "stop_name": "Inchicore Road", "stop_code": "2641"}}, {"type": "Feature", "geometry": {"type": "Point", "coordinates": [-6.319739, 53.341209]}, "properties": {"stop_id": "8220DB002642", "stop_name": "Grattan Crescent", "stop_code": "2642"}}, {"type": "Feature", "geometry": {"type": "Point", "coordinates": [-6.320927, 53.34154]}, "properties": {"stop_id": "8220DB002643", "stop_name": "Sarsfield Road", "stop_code": "2643"}}, {"type": "Feature", "geometry": {"type": "Point", "coordinates": [-6.32738226562619, 53.3419905931282]}, "properties": {"stop_id": "8220DB002644", "stop_name": "Sarsfield Medical", "stop_code": "2644"}}, {"type": "Feature", "geometry": {"type": "Point", "coordinates": [-6.330773, 53.341696]}, "properties": {"stop_id": "8220DB002645", "stop_name": "Lally Road", "stop_code": "2645"}}, {"type": "Feature", "geometry": {"type": "Point", "coordinates": [-6.333679, 53.341495]}, "properties": {"stop_id": "8220DB002646", "stop_name": "Decies Road", "stop_code": "2646"}}, {"type": "Feature", "geometry": {"type": "Point", "coordinates": [-6.33800739822258, 53.3406470674021]}, "properties": {"stop_id": "8220DB002647", "stop_name": "Markievicz Park", "stop_code": "2647"}}, {"type": "Feature", "geometry": {"type": "Point", "coordinates": [-6.34265370103926, 53.3397230210145]}, "properties": {"stop_id": "8220DB002648", "stop_name": "Ramillies Road", "stop_code": "2648"}}, {"type": "Feature", "geometry": {"type": "Point", "coordinates": [-6.34580104128991, 53.3391105767283]}, "properties": {"stop_id": "8220DB002649", "stop_name": "Thomond Road", "stop_code": "2649"}}, {"type": "Feature", "geometry": {"type": "Point", "coordinates": [-6.346679023362, 53.3377655575806]}, "properties": {"stop_id": "8220DB002650", "stop_name": "Landen Road", "stop_code": "2650"}}, {"type": "Feature", "geometry": {"type": "Point", "coordinates": [-6.34810890913175, 53.3388459496904]}, "properties": {"stop_id": "8220DB002652", "stop_name": "Kylemore Avenue", "stop_code": "2652"}}, {"type": "Feature", "geometry": {"type": "Point", "coordinates": [-6.34844568463056, 53.3402347651824]}, "properties": {"stop_id": "8220DB002653", "stop_name": "Ballyfermot Cr", "stop_code": "2653"}}, {"type": "Feature", "geometry": {"type": "Point", "coordinates": [-6.34868990718238, 53.341298730205]}, "properties": {"stop_id": "8220DB002654", "stop_name": "Ballyfermot Road", "stop_code": "2654"}}, {"type": "Feature", "geometry": {"type": "Point", "coordinates": [-6.35284757646734, 53.3421381592165]}, "properties": {"stop_id": "8220DB002655", "stop_name": "Ballyfermot Parade", "stop_code": "2655"}}, {"type": "Feature", "geometry": {"type": "Point", "coordinates": [-6.358716, 53.342624]}, "properties": {"stop_id": "8220DB002656", "stop_name": "Ballyfermot", "stop_code": "2656"}}, {"type": "Feature", "geometry": {"type": "Point", "coordinates": [-6.36175486590333, 53.3413170608764]}, "properties": {"stop_id": "8220DB002657", "stop_name": "Clifden Road", "stop_code": "2657"}}, {"type": "Feature", "geometry": {"type": "Point", "coordinates": [-6.36128182324467, 53.3391624351795]}, "properties": {"stop_id": "8220DB002658", "stop_name": "Oranmore Road", "stop_code": "2658"}}, {"type": "Feature", "geometry": {"type": "Point", "coordinates": [-6.36047794826205, 53.3370212365361]}, "properties": {"stop_id": "8220DB002659", "stop_name": "Raheen Park Estate", "stop_code": "2659"}}, {"type": "Feature", "geometry": {"type": "Point", "coordinates": [-6.36070594347998, 53.3357750383143]}, "properties": {"stop_id": "8220DB002660", "stop_name": "Cherry Orchard Ave", "stop_code": "2660"}}, {"type": "Feature", "geometry": {"type": "Point", "coordinates": [-6.36519177724852, 53.3354860616875]}, "properties": {"stop_id": "8220DB002661", "stop_name": "Cherry Orchard Drive", "stop_code": "2661"}}, {"type": "Feature", "geometry": {"type": "Point", "coordinates": [-6.370097, 53.336793]}, "properties": {"stop_id": "8220DB002662", "stop_name": "Cherry Orchard Way", "stop_code": "2662"}}, {"type": "Feature", "geometry": {"type": "Point", "coordinates": [-6.37036287855574, 53.3369139961318]}, "properties": {"stop_id": "8220DB002663", "stop_name": "Croftwood Crescent", "stop_code": "2663"}}, {"type": "Feature", "geometry": {"type": "Point", "coordinates": [-6.36506724567256, 53.3356011989999]}, "properties": {"stop_id": "8220DB002664", "stop_name": "Cherry Orchard Dri", "stop_code": "2664"}}, {"type": "Feature", "geometry": {"type": "Point", "coordinates": [-6.36052171092519, 53.3358803625996]}, "properties": {"stop_id": "8220DB002665", "stop_name": "Croftwood Park", "stop_code": "2665"}}, {"type": "Feature", "geometry": {"type": "Point", "coordinates": [-6.36078608663142, 53.3376007023392]}, "properties": {"stop_id": "8220DB002666", "stop_name": "Clifden Drive", "stop_code": "2666"}}, {"type": "Feature", "geometry": {"type": "Point", "coordinates": [-6.36180864778955, 53.3406976282684]}, "properties": {"stop_id": "8220DB002667", "stop_name": "Clifden Road", "stop_code": "2667"}}, {"type": "Feature", "geometry": {"type": "Point", "coordinates": [-6.363283, 53.342983]}, "properties": {"stop_id": "8220DB002668", "stop_name": "Community Centre", "stop_code": "2668"}}, {"type": "Feature", "geometry": {"type": "Point", "coordinates": [-6.367557, 53.34039]}, "properties": {"stop_id": "8220DB002670", "stop_name": "Spiddal Park", "stop_code": "2670"}}, {"type": "Feature", "geometry": {"type": "Point", "coordinates": [-6.36777417735812, 53.3433589409048]}, "properties": {"stop_id": "8220DB002672", "stop_name": "Cleggan Park", "stop_code": "2672"}}, {"type": "Feature", "geometry": {"type": "Point", "coordinates": [-6.368191, 53.343463]}, "properties": {"stop_id": "8220DB002688", "stop_name": "Cleggan Park", "stop_code": "2688"}}, {"type": "Feature", "geometry": {"type": "Point", "coordinates": [-6.363744, 53.343106]}, "properties": {"stop_id": "8220DB002689", "stop_name": "Blackditch Drive", "stop_code": "2689"}}, {"type": "Feature", "geometry": {"type": "Point", "coordinates": [-6.358804, 53.342688]}, "properties": {"stop_id": "8220DB002696", "stop_name": "Ballyfermot", "stop_code": "2696"}}, {"type": "Feature", "geometry": {"type": "Point", "coordinates": [-6.353173, 53.342278]}, "properties": {"stop_id": "8220DB002697", "stop_name": "Ballyfermot Parade", "stop_code": "2697"}}, {"type": "Feature", "geometry": {"type": "Point", "coordinates": [-6.34853980731358, 53.3412966525983]}, "properties": {"stop_id": "8220DB002700", "stop_name": "Kylemore Road", "stop_code": "2700"}}, {"type": "Feature", "geometry": {"type": "Point", "coordinates": [-6.34829801891189, 53.3401698049064]}, "properties": {"stop_id": "8220DB002701", "stop_name": "Ballyfermot Cr", "stop_code": "2701"}}, {"type": "Feature", "geometry": {"type": "Point", "coordinates": [-6.34770212371673, 53.3381032999033]}, "properties": {"stop_id": "8220DB002702", "stop_name": "Kylemore Avenue", "stop_code": "2702"}}, {"type": "Feature", "geometry": {"type": "Point", "coordinates": [-6.34652378732584, 53.3382847108016]}, "properties": {"stop_id": "8220DB002703", "stop_name": "Thomond Road", "stop_code": "2703"}}, {"type": "Feature", "geometry": {"type": "Point", "coordinates": [-6.345345, 53.339239]}, "properties": {"stop_id": "8220DB002704", "stop_name": "Decies Road", "stop_code": "2704"}}, {"type": "Feature", "geometry": {"type": "Point", "coordinates": [-6.341696, 53.340033]}, "properties": {"stop_id": "8220DB002706", "stop_name": "Garryowen Road", "stop_code": "2706"}}, {"type": "Feature", "geometry": {"type": "Point", "coordinates": [-6.33287006533031, 53.3418337142023]}, "properties": {"stop_id": "8220DB002708", "stop_name": "Landen Road", "stop_code": "2708"}}, {"type": "Feature", "geometry": {"type": "Point", "coordinates": [-6.33348566501732, 53.342992781435]}, "properties": {"stop_id": "8220DB002709", "stop_name": "Longmeadows", "stop_code": "2709"}}, {"type": "Feature", "geometry": {"type": "Point", "coordinates": [-6.339512, 53.342115]}, "properties": {"stop_id": "8220DB002710", "stop_name": "Ballyfermot Road", "stop_code": "2710"}}, {"type": "Feature", "geometry": {"type": "Point", "coordinates": [-6.341523, 53.341783]}, "properties": {"stop_id": "8220DB002711", "stop_name": "Markievicz Park", "stop_code": "2711"}}, {"type": "Feature", "geometry": {"type": "Point", "coordinates": [-6.34556625983834, 53.342459848185]}, "properties": {"stop_id": "8220DB002712", "stop_name": "St Gabriel's School", "stop_code": "2712"}}, {"type": "Feature", "geometry": {"type": "Point", "coordinates": [-6.34706729796392, 53.3424806534687]}, "properties": {"stop_id": "8220DB002713", "stop_name": "St Gabriel's School", "stop_code": "2713"}}, {"type": "Feature", "geometry": {"type": "Point", "coordinates": [-6.34186321373163, 53.3419051123135]}, "properties": {"stop_id": "8220DB002714", "stop_name": "Markievicz Park", "stop_code": "2714"}}, {"type": "Feature", "geometry": {"type": "Point", "coordinates": [-6.338661, 53.342613]}, "properties": {"stop_id": "8220DB002715", "stop_name": "O'Hogan Road", "stop_code": "2715"}}, {"type": "Feature", "geometry": {"type": "Point", "coordinates": [-6.33224505599933, 53.3428406256586]}, "properties": {"stop_id": "8220DB002716", "stop_name": "Sarsfield Road", "stop_code": "2716"}}, {"type": "Feature", "geometry": {"type": "Point", "coordinates": [-6.237469, 53.357243]}, "properties": {"stop_id": "8220DB002717", "stop_name": "Crescent Gdns", "stop_code": "2717"}}, {"type": "Feature", "geometry": {"type": "Point", "coordinates": [-6.32767121720049, 53.3422822606705]}, "properties": {"stop_id": "8220DB002718", "stop_name": "St Mary's Avenue", "stop_code": "2718"}}, {"type": "Feature", "geometry": {"type": "Point", "coordinates": [-6.32011193943824, 53.3416457682976]}, "properties": {"stop_id": "8220DB002719", "stop_name": "Woodfield Place", "stop_code": "2719"}}, {"type": "Feature", "geometry": {"type": "Point", "coordinates": [-6.233116, 53.352056]}, "properties": {"stop_id": "8220DB002720", "stop_name": "Church Rd E", "stop_code": "2720"}}, {"type": "Feature", "geometry": {"type": "Point", "coordinates": [-6.31051108491761, 53.3432718551658]}, "properties": {"stop_id": "8220DB002721", "stop_name": "South Circular Road", "stop_code": "2721"}}, {"type": "Feature", "geometry": {"type": "Point", "coordinates": [-6.311391, 53.343437]}, "properties": {"stop_id": "8220DB002722", "stop_name": "South Circular Road", "stop_code": "2722"}}, {"type": "Feature", "geometry": {"type": "Point", "coordinates": [-6.33042, 53.323814]}, "properties": {"stop_id": "8220DB002726", "stop_name": "Slievebloom Pk", "stop_code": "2726"}}, {"type": "Feature", "geometry": {"type": "Point", "coordinates": [-6.332884, 53.323759]}, "properties": {"stop_id": "8220DB002727", "stop_name": "Drimnagh Cstl", "stop_code": "2727"}}, {"type": "Feature", "geometry": {"type": "Point", "coordinates": [-6.339477, 53.32137]}, "properties": {"stop_id": "8220DB002728", "stop_name": "Walkinstown Park", "stop_code": "2728"}}, {"type": "Feature", "geometry": {"type": "Point", "coordinates": [-6.33599249403811, 53.319110612096]}, "properties": {"stop_id": "8220DB002729", "stop_name": "Walkinstown Pk Est", "stop_code": "2729"}}, {"type": "Feature", "geometry": {"type": "Point", "coordinates": [-6.33422202603397, 53.3179354289289]}, "properties": {"stop_id": "8220DB002730", "stop_name": "Community Centre", "stop_code": "2730"}}, {"type": "Feature", "geometry": {"type": "Point", "coordinates": [-6.33499, 53.318261]}, "properties": {"stop_id": "8220DB002774", "stop_name": "Walkinstown Avenue", "stop_code": "2774"}}, {"type": "Feature", "geometry": {"type": "Point", "coordinates": [-6.341104, 53.322777]}, "properties": {"stop_id": "8220DB002775", "stop_name": "Ep Mooney Park", "stop_code": "2775"}}, {"type": "Feature", "geometry": {"type": "Point", "coordinates": [-6.33638045222645, 53.3191699520228]}, "properties": {"stop_id": "8220DB002777", "stop_name": "Walkinstown Pk Est", "stop_code": "2777"}}, {"type": "Feature", "geometry": {"type": "Point", "coordinates": [-6.331943, 53.324024]}, "properties": {"stop_id": "8220DB002778", "stop_name": "Drimnagh Cstl", "stop_code": "2778"}}, {"type": "Feature", "geometry": {"type": "Point", "coordinates": [-6.342087, 53.325685]}, "properties": {"stop_id": "8220DB002780", "stop_name": "Walkinstown Ave", "stop_code": "2780"}}, {"type": "Feature", "geometry": {"type": "Point", "coordinates": [-6.343695, 53.327963]}, "properties": {"stop_id": "8220DB002781", "stop_name": "Kylemore Road", "stop_code": "2781"}}, {"type": "Feature", "geometry": {"type": "Point", "coordinates": [-6.345617, 53.330677]}, "properties": {"stop_id": "8220DB002782", "stop_name": "Bluebell Avenue", "stop_code": "2782"}}, {"type": "Feature", "geometry": {"type": "Point", "coordinates": [-6.346862, 53.335359]}, "properties": {"stop_id": "8220DB002783", "stop_name": "Kylemore Way", "stop_code": "2783"}}, {"type": "Feature", "geometry": {"type": "Point", "coordinates": [-6.346612, 53.335239]}, "properties": {"stop_id": "8220DB002784", "stop_name": "Kylemore Way", "stop_code": "2784"}}, {"type": "Feature", "geometry": {"type": "Point", "coordinates": [-6.344964, 53.330084]}, "properties": {"stop_id": "8220DB002785", "stop_name": "Bluebell Avenue", "stop_code": "2785"}}, {"type": "Feature", "geometry": {"type": "Point", "coordinates": [-6.343369, 53.327842]}, "properties": {"stop_id": "8220DB002786", "stop_name": "Kylemore Luas", "stop_code": "2786"}}, {"type": "Feature", "geometry": {"type": "Point", "coordinates": [-6.341449, 53.325101]}, "properties": {"stop_id": "8220DB002787", "stop_name": "Walkinstown Ave", "stop_code": "2787"}}, {"type": "Feature", "geometry": {"type": "Point", "coordinates": [-6.263341, 53.322839]}, "properties": {"stop_id": "8220DB002788", "stop_name": "Castlewood Avenue", "stop_code": "2788"}}, {"type": "Feature", "geometry": {"type": "Point", "coordinates": [-6.259433, 53.323716]}, "properties": {"stop_id": "8220DB002789", "stop_name": "Charleston Avenue", "stop_code": "2789"}}, {"type": "Feature", "geometry": {"type": "Point", "coordinates": [-6.256648, 53.324638]}, "properties": {"stop_id": "8220DB002790", "stop_name": "Oakley Road", "stop_code": "2790"}}, {"type": "Feature", "geometry": {"type": "Point", "coordinates": [-6.25537, 53.32499]}, "properties": {"stop_id": "8220DB002791", "stop_name": "Ranelagh Luas", "stop_code": "2791"}}, {"type": "Feature", "geometry": {"type": "Point", "coordinates": [-6.26095213828522, 53.3232622422406]}, "properties": {"stop_id": "8220DB002793", "stop_name": "Belgrave Square N", "stop_code": "2793"}}, {"type": "Feature", "geometry": {"type": "Point", "coordinates": [-6.264341, 53.322611]}, "properties": {"stop_id": "8220DB002794", "stop_name": "Castlewood Avenue", "stop_code": "2794"}}, {"type": "Feature", "geometry": {"type": "Point", "coordinates": [-6.246265, 53.32853]}, "properties": {"stop_id": "8220DB002795", "stop_name": "Leeson Street Upr", "stop_code": "2795"}}, {"type": "Feature", "geometry": {"type": "Point", "coordinates": [-6.240673, 53.332699]}, "properties": {"stop_id": "8220DB002796", "stop_name": "Pembroke Road", "stop_code": "2796"}}, {"type": "Feature", "geometry": {"type": "Point", "coordinates": [-6.23653195679318, 53.33226039426]}, "properties": {"stop_id": "8220DB002797", "stop_name": "Northumberland Road", "stop_code": "2797"}}, {"type": "Feature", "geometry": {"type": "Point", "coordinates": [-6.235882, 53.331999]}, "properties": {"stop_id": "8220DB002798", "stop_name": "Pembroke Road", "stop_code": "2798"}}, {"type": "Feature", "geometry": {"type": "Point", "coordinates": [-6.242025, 53.332692]}, "properties": {"stop_id": "8220DB002799", "stop_name": "Eastmoreland Place", "stop_code": "2799"}}, {"type": "Feature", "geometry": {"type": "Point", "coordinates": [-6.22248, 53.327144]}, "properties": {"stop_id": "8220DB002800", "stop_name": "Sandymount Avenue", "stop_code": "2800"}}, {"type": "Feature", "geometry": {"type": "Point", "coordinates": [-6.218655, 53.329244]}, "properties": {"stop_id": "8220DB002801", "stop_name": "Wilfield Park", "stop_code": "2801"}}, {"type": "Feature", "geometry": {"type": "Point", "coordinates": [-6.216265, 53.330377]}, "properties": {"stop_id": "8220DB002806", "stop_name": "Sandymount Avenue", "stop_code": "2806"}}, {"type": "Feature", "geometry": {"type": "Point", "coordinates": [-6.21902, 53.328756]}, "properties": {"stop_id": "8220DB002807", "stop_name": "Wilfield Park", "stop_code": "2807"}}, {"type": "Feature", "geometry": {"type": "Point", "coordinates": [-6.223065, 53.326811]}, "properties": {"stop_id": "8220DB002808", "stop_name": "Sandymount Station", "stop_code": "2808"}}, {"type": "Feature", "geometry": {"type": "Point", "coordinates": [-6.24984, 53.34306]}, "properties": {"stop_id": "8220DB002809", "stop_name": "Pearse Stn", "stop_code": "2809"}}, {"type": "Feature", "geometry": {"type": "Point", "coordinates": [-6.250897, 53.340795]}, "properties": {"stop_id": "8220DB002810", "stop_name": "Clare Street", "stop_code": "2810"}}, {"type": "Feature", "geometry": {"type": "Point", "coordinates": [-6.252308, 53.33936]}, "properties": {"stop_id": "8220DB002811", "stop_name": "Merrion Street", "stop_code": "2811"}}, {"type": "Feature", "geometry": {"type": "Point", "coordinates": [-6.262236, 53.331927]}, "properties": {"stop_id": "8220DB002812", "stop_name": "Charlemont Street", "stop_code": "2812"}}, {"type": "Feature", "geometry": {"type": "Point", "coordinates": [-6.258674, 53.328712]}, "properties": {"stop_id": "8220DB002813", "stop_name": "Ranelagh Road", "stop_code": "2813"}}, {"type": "Feature", "geometry": {"type": "Point", "coordinates": [-6.25563, 53.326034]}, "properties": {"stop_id": "8220DB002814", "stop_name": "Ranelagh Luas", "stop_code": "2814"}}, {"type": "Feature", "geometry": {"type": "Point", "coordinates": [-6.245269, 53.315851]}, "properties": {"stop_id": "8220DB002815", "stop_name": "Milltown Road", "stop_code": "2815"}}, {"type": "Feature", "geometry": {"type": "Point", "coordinates": [-6.246264, 53.314266]}, "properties": {"stop_id": "8220DB002816", "stop_name": "Glenmalure Square", "stop_code": "2816"}}, {"type": "Feature", "geometry": {"type": "Point", "coordinates": [-6.247863, 53.311152]}, "properties": {"stop_id": "8220DB002817", "stop_name": "Alexandra College", "stop_code": "2817"}}, {"type": "Feature", "geometry": {"type": "Point", "coordinates": [-6.248162, 53.311166]}, "properties": {"stop_id": "8220DB002898", "stop_name": "Alexandra College", "stop_code": "2898"}}, {"type": "Feature", "geometry": {"type": "Point", "coordinates": [-6.245112, 53.31637]}, "properties": {"stop_id": "8220DB002899", "stop_name": "Garrynure", "stop_code": "2899"}}, {"type": "Feature", "geometry": {"type": "Point", "coordinates": [-6.255739, 53.325936]}, "properties": {"stop_id": "8220DB002900", "stop_name": "Ranelagh Luas", "stop_code": "2900"}}, {"type": "Feature", "geometry": {"type": "Point", "coordinates": [-6.258504, 53.327343]}, "properties": {"stop_id": "8220DB002901", "stop_name": "Ranelagh Road", "stop_code": "2901"}}, {"type": "Feature", "geometry": {"type": "Point", "coordinates": [-6.259012, 53.328888]}, "properties": {"stop_id": "8220DB002902", "stop_name": "Northbrook Road", "stop_code": "2902"}}, {"type": "Feature", "geometry": {"type": "Point", "coordinates": [-6.26162, 53.331337]}, "properties": {"stop_id": "8220DB002903", "stop_name": "Charlemont Street", "stop_code": "2903"}}, {"type": "Feature", "geometry": {"type": "Point", "coordinates": [-6.25198, 53.340029]}, "properties": {"stop_id": "8220DB002905", "stop_name": "Merrion Sq West", "stop_code": "2905"}}, {"type": "Feature", "geometry": {"type": "Point", "coordinates": [-6.37335010518135, 53.33891414229]}, "properties": {"stop_id": "8220DB002906", "stop_name": "Blackditch Road", "stop_code": "2906"}}, {"type": "Feature", "geometry": {"type": "Point", "coordinates": [-6.372173, 53.340255]}, "properties": {"stop_id": "8220DB002907", "stop_name": "Orchard Lawns", "stop_code": "2907"}}, {"type": "Feature", "geometry": {"type": "Point", "coordinates": [-6.37372272985241, 53.3374092423338]}, "properties": {"stop_id": "8220DB002909", "stop_name": "Saint Ultans School", "stop_code": "2909"}}, {"type": "Feature", "geometry": {"type": "Point", "coordinates": [-6.37164626600924, 53.3410659893927]}, "properties": {"stop_id": "8220DB002910", "stop_name": "Spiddal Road", "stop_code": "2910"}}, {"type": "Feature", "geometry": {"type": "Point", "coordinates": [-6.37340162942585, 53.338744073256]}, "properties": {"stop_id": "8220DB002911", "stop_name": "Cherry Orchard Park", "stop_code": "2911"}}, {"type": "Feature", "geometry": {"type": "Point", "coordinates": [-6.273789, 53.310955]}, "properties": {"stop_id": "8220DB002914", "stop_name": "Orwell Road", "stop_code": "2914"}}, {"type": "Feature", "geometry": {"type": "Point", "coordinates": [-6.273701, 53.309408]}, "properties": {"stop_id": "8220DB002915", "stop_name": "Zion Road", "stop_code": "2915"}}, {"type": "Feature", "geometry": {"type": "Point", "coordinates": [-6.274943, 53.307637]}, "properties": {"stop_id": "8220DB002916", "stop_name": "Bushy Park Road", "stop_code": "2916"}}, {"type": "Feature", "geometry": {"type": "Point", "coordinates": [-6.277605, 53.307487]}, "properties": {"stop_id": "8220DB002917", "stop_name": "Meadowbank", "stop_code": "2917"}}, {"type": "Feature", "geometry": {"type": "Point", "coordinates": [-6.280806, 53.307371]}, "properties": {"stop_id": "8220DB002918", "stop_name": "Riversdale Avenue", "stop_code": "2918"}}, {"type": "Feature", "geometry": {"type": "Point", "coordinates": [-6.302594, 53.396234]}, "properties": {"stop_id": "8220DB002957", "stop_name": "McKee Ave N", "stop_code": "2957"}}, {"type": "Feature", "geometry": {"type": "Point", "coordinates": [-6.301088, 53.394406]}, "properties": {"stop_id": "8220DB002958", "stop_name": "McKee Avenue", "stop_code": "2958"}}, {"type": "Feature", "geometry": {"type": "Point", "coordinates": [-6.283135, 53.307297]}, "properties": {"stop_id": "8220DB002985", "stop_name": "Bushy Park Road", "stop_code": "2985"}}, {"type": "Feature", "geometry": {"type": "Point", "coordinates": [-6.27658, 53.307598]}, "properties": {"stop_id": "8220DB002986", "stop_name": "Meadowbank", "stop_code": "2986"}}, {"type": "Feature", "geometry": {"type": "Point", "coordinates": [-6.27357, 53.30838]}, "properties": {"stop_id": "8220DB002988", "stop_name": "Zion Road", "stop_code": "2988"}}, {"type": "Feature", "geometry": {"type": "Point", "coordinates": [-6.27056, 53.308041]}, "properties": {"stop_id": "8220DB002989", "stop_name": "Rostrevor Terrace", "stop_code": "2989"}}, {"type": "Feature", "geometry": {"type": "Point", "coordinates": [-6.267272, 53.306214]}, "properties": {"stop_id": "8220DB002990", "stop_name": "Orwell Gardens", "stop_code": "2990"}}, {"type": "Feature", "geometry": {"type": "Point", "coordinates": [-6.267325, 53.306035]}, "properties": {"stop_id": "8220DB002999", "stop_name": "Orwell Gardens", "stop_code": "2999"}}, {"type": "Feature", "geometry": {"type": "Point", "coordinates": [-6.270597, 53.307862]}, "properties": {"stop_id": "8220DB003000", "stop_name": "Rostrevor Terrace", "stop_code": "3000"}}, {"type": "Feature", "geometry": {"type": "Point", "coordinates": [-6.273711, 53.310289]}, "properties": {"stop_id": "8220DB003001", "stop_name": "Orwell Mews", "stop_code": "3001"}}, {"type": "Feature", "geometry": {"type": "Point", "coordinates": [-6.297958, 53.327742]}, "properties": {"stop_id": "8220DB003353", "stop_name": "Downpatrick Road", "stop_code": "3353"}}, {"type": "Feature", "geometry": {"type": "Point", "coordinates": [-6.297111, 53.3264]}, "properties": {"stop_id": "8220DB003354", "stop_name": "Clogher Road", "stop_code": "3354"}}, {"type": "Feature", "geometry": {"type": "Point", "coordinates": [-6.297718, 53.325482]}, "properties": {"stop_id": "8220DB003355", "stop_name": "Slane Rd", "stop_code": "3355"}}, {"type": "Feature", "geometry": {"type": "Point", "coordinates": [-6.30076, 53.324852]}, "properties": {"stop_id": "8220DB003356", "stop_name": "Bangor Road", "stop_code": "3356"}}, {"type": "Feature", "geometry": {"type": "Point", "coordinates": [-6.301911, 53.321974]}, "properties": {"stop_id": "8220DB003357", "stop_name": "Clonmacnoise Grove", "stop_code": "3357"}}, {"type": "Feature", "geometry": {"type": "Point", "coordinates": [-6.3034, 53.321132]}, "properties": {"stop_id": "8220DB003358", "stop_name": "Lismore Road", "stop_code": "3358"}}, {"type": "Feature", "geometry": {"type": "Point", "coordinates": [-6.30399, 53.321779]}, "properties": {"stop_id": "8220DB003360", "stop_name": "Clonmacnoise Road", "stop_code": "3360"}}, {"type": "Feature", "geometry": {"type": "Point", "coordinates": [-6.297252, 53.32624]}, "properties": {"stop_id": "8220DB003361", "stop_name": "Clogher Road", "stop_code": "3361"}}, {"type": "Feature", "geometry": {"type": "Point", "coordinates": [-6.298015, 53.327437]}, "properties": {"stop_id": "8220DB003362", "stop_name": "Downpatrick Road", "stop_code": "3362"}}, {"type": "Feature", "geometry": {"type": "Point", "coordinates": [-6.246297, 53.314554]}, "properties": {"stop_id": "8220DB003562", "stop_name": "Glenmalure Square", "stop_code": "3562"}}, {"type": "Feature", "geometry": {"type": "Point", "coordinates": [-6.29455799199739, 53.3316839465194]}, "properties": {"stop_id": "8220DB003952", "stop_name": "Rutland Avenue", "stop_code": "3952"}}, {"type": "Feature", "geometry": {"type": "Point", "coordinates": [-6.292033, 53.346766]}, "properties": {"stop_id": "8220DB004319", "stop_name": "Heuston Train Stn", "stop_code": "4319"}}, {"type": "Feature", "geometry": {"type": "Point", "coordinates": [-6.29198, 53.34662]}, "properties": {"stop_id": "8220DB004320", "stop_name": "Heuston Station", "stop_code": "4320"}}, {"type": "Feature", "geometry": {"type": "Point", "coordinates": [-6.311255, 53.373473]}, "properties": {"stop_id": "8220DB004322", "stop_name": "Ashington Park", "stop_code": "4322"}}, {"type": "Feature", "geometry": {"type": "Point", "coordinates": [-6.303443, 53.381712]}, "properties": {"stop_id": "8220DB004363", "stop_name": "Berryfield Rd", "stop_code": "4363"}}, {"type": "Feature", "geometry": {"type": "Point", "coordinates": [-6.283514, 53.402145]}, "properties": {"stop_id": "8220DB004365", "stop_name": "Poppintree Park", "stop_code": "4365"}}, {"type": "Feature", "geometry": {"type": "Point", "coordinates": [-6.29480995042036, 53.3912153801995]}, "properties": {"stop_id": "8220DB004366", "stop_name": "Clune Road", "stop_code": "4366"}}, {"type": "Feature", "geometry": {"type": "Point", "coordinates": [-6.289396, 53.398733]}, "properties": {"stop_id": "8220DB004367", "stop_name": "Jamestown Road", "stop_code": "4367"}}, {"type": "Feature", "geometry": {"type": "Point", "coordinates": [-6.288866, 53.398824]}, "properties": {"stop_id": "8220DB004368", "stop_name": "Poppintree Park", "stop_code": "4368"}}, {"type": "Feature", "geometry": {"type": "Point", "coordinates": [-6.292357, 53.397265]}, "properties": {"stop_id": "8220DB004369", "stop_name": "Oakwood Rd", "stop_code": "4369"}}, {"type": "Feature", "geometry": {"type": "Point", "coordinates": [-6.29268, 53.365929]}, "properties": {"stop_id": "8220DB004371", "stop_name": "Fassaugh Avenue", "stop_code": "4371"}}, {"type": "Feature", "geometry": {"type": "Point", "coordinates": [-6.2761, 53.382049]}, "properties": {"stop_id": "8220DB004372", "stop_name": "Ballygall Rd E", "stop_code": "4372"}}, {"type": "Feature", "geometry": {"type": "Point", "coordinates": [-6.296656, 53.391673]}, "properties": {"stop_id": "8220DB004375", "stop_name": "Jamestown Road", "stop_code": "4375"}}, {"type": "Feature", "geometry": {"type": "Point", "coordinates": [-6.292732, 53.392408]}, "properties": {"stop_id": "8220DB004376", "stop_name": "McKee Road", "stop_code": "4376"}}, {"type": "Feature", "geometry": {"type": "Point", "coordinates": [-6.289942, 53.394489]}, "properties": {"stop_id": "8220DB004377", "stop_name": "McKee Rd N", "stop_code": "4377"}}, {"type": "Feature", "geometry": {"type": "Point", "coordinates": [-6.2765, 53.378836]}, "properties": {"stop_id": "8220DB004378", "stop_name": "Cremore Crescent", "stop_code": "4378"}}, {"type": "Feature", "geometry": {"type": "Point", "coordinates": [-6.253505, 53.350846]}, "properties": {"stop_id": "8220DB004380", "stop_name": "Talbot St East", "stop_code": "4380"}}, {"type": "Feature", "geometry": {"type": "Point", "coordinates": [-6.219678, 53.374964]}, "properties": {"stop_id": "8220DB004382", "stop_name": "Donnycarney", "stop_code": "4382"}}, {"type": "Feature", "geometry": {"type": "Point", "coordinates": [-6.211132, 53.396318]}, "properties": {"stop_id": "8220DB004383", "stop_name": "Col\u00e1iste Dh\u00falaigh", "stop_code": "4383"}}, {"type": "Feature", "geometry": {"type": "Point", "coordinates": [-6.242709, 53.35768]}, "properties": {"stop_id": "8220DB004384", "stop_name": "North Strand Rd", "stop_code": "4384"}}, {"type": "Feature", "geometry": {"type": "Point", "coordinates": [-6.198965, 53.388531]}, "properties": {"stop_id": "8220DB004385", "stop_name": "St Brendan's Church", "stop_code": "4385"}}, {"type": "Feature", "geometry": {"type": "Point", "coordinates": [-6.17516159450503, 53.3780491481758]}, "properties": {"stop_id": "8220DB004386", "stop_name": "Watermill Drive", "stop_code": "4386"}}, {"type": "Feature", "geometry": {"type": "Point", "coordinates": [-6.206008, 53.398731]}, "properties": {"stop_id": "8220DB004388", "stop_name": "Glin Avenue", "stop_code": "4388"}}, {"type": "Feature", "geometry": {"type": "Point", "coordinates": [-6.210692, 53.373464]}, "properties": {"stop_id": "8220DB004389", "stop_name": "Clanawley Rd", "stop_code": "4389"}}, {"type": "Feature", "geometry": {"type": "Point", "coordinates": [-6.207662, 53.37189]}, "properties": {"stop_id": "8220DB004390", "stop_name": "Killester Avenue", "stop_code": "4390"}}, {"type": "Feature", "geometry": {"type": "Point", "coordinates": [-6.321026, 53.332527]}, "properties": {"stop_id": "8220DB004399", "stop_name": "Carrow Road", "stop_code": "4399"}}, {"type": "Feature", "geometry": {"type": "Point", "coordinates": [-6.31938, 53.33434]}, "properties": {"stop_id": "8220DB004400", "stop_name": "Galtymore Rd", "stop_code": "4400"}}, {"type": "Feature", "geometry": {"type": "Point", "coordinates": [-6.338511, 53.328089]}, "properties": {"stop_id": "8220DB004406", "stop_name": "Concorde B Park", "stop_code": "4406"}}, {"type": "Feature", "geometry": {"type": "Point", "coordinates": [-6.285165, 53.346488]}, "properties": {"stop_id": "8220DB004407", "stop_name": "Victoria Quay", "stop_code": "4407"}}, {"type": "Feature", "geometry": {"type": "Point", "coordinates": [-6.301103, 53.348333]}, "properties": {"stop_id": "8220DB004408", "stop_name": "Phoenix Hse", "stop_code": "4408"}}, {"type": "Feature", "geometry": {"type": "Point", "coordinates": [-6.29242, 53.34623]}, "properties": {"stop_id": "8220DB004413", "stop_name": "Heuston Station", "stop_code": "4413"}}, {"type": "Feature", "geometry": {"type": "Point", "coordinates": [-6.35001432213045, 53.3443370217347]}, "properties": {"stop_id": "8220DB004414", "stop_name": "Convent Lawns", "stop_code": "4414"}}, {"type": "Feature", "geometry": {"type": "Point", "coordinates": [-6.248564, 53.377207]}, "properties": {"stop_id": "8220DB004432", "stop_name": "Seven Oaks", "stop_code": "4432"}}, {"type": "Feature", "geometry": {"type": "Point", "coordinates": [-6.289256, 53.335868]}, "properties": {"stop_id": "8220DB004434", "stop_name": "Coombe Hospital", "stop_code": "4434"}}, {"type": "Feature", "geometry": {"type": "Point", "coordinates": [-6.214059, 53.320655]}, "properties": {"stop_id": "8220DB004455", "stop_name": "Ailesbury Road", "stop_code": "4455"}}, {"type": "Feature", "geometry": {"type": "Point", "coordinates": [-6.265696, 53.339914]}, "properties": {"stop_id": "8220DB004456", "stop_name": "Aungier Street", "stop_code": "4456"}}, {"type": "Feature", "geometry": {"type": "Point", "coordinates": [-6.30811869453342, 53.3604500535096]}, "properties": {"stop_id": "8220DB004458", "stop_name": "Military Cemetery", "stop_code": "4458"}}, {"type": "Feature", "geometry": {"type": "Point", "coordinates": [-6.189783, 53.388419]}, "properties": {"stop_id": "8220DB004466", "stop_name": "Glenfarne Rd", "stop_code": "4466"}}, {"type": "Feature", "geometry": {"type": "Point", "coordinates": [-6.238028, 53.356784]}, "properties": {"stop_id": "8220DB004468", "stop_name": "West Road", "stop_code": "4468"}}, {"type": "Feature", "geometry": {"type": "Point", "coordinates": [-6.23118, 53.35346]}, "properties": {"stop_id": "8220DB004469", "stop_name": "East Road", "stop_code": "4469"}}, {"type": "Feature", "geometry": {"type": "Point", "coordinates": [-6.178285, 53.376362]}, "properties": {"stop_id": "8220DB004472", "stop_name": "St Anne's Avenue", "stop_code": "4472"}}, {"type": "Feature", "geometry": {"type": "Point", "coordinates": [-6.214704, 53.383914]}, "properties": {"stop_id": "8220DB004473", "stop_name": "Artane Castle SC", "stop_code": "4473"}}, {"type": "Feature", "geometry": {"type": "Point", "coordinates": [-6.215191, 53.384137]}, "properties": {"stop_id": "8220DB004474", "stop_name": "Artane Castle SC", "stop_code": "4474"}}, {"type": "Feature", "geometry": {"type": "Point", "coordinates": [-6.29413, 53.391304]}, "properties": {"stop_id": "8220DB004479", "stop_name": "Clune Road", "stop_code": "4479"}}, {"type": "Feature", "geometry": {"type": "Point", "coordinates": [-6.286902, 53.364614]}, "properties": {"stop_id": "8220DB004481", "stop_name": "Cabra PO", "stop_code": "4481"}}, {"type": "Feature", "geometry": {"type": "Point", "coordinates": [-6.28950928389668, 53.3655416312174]}, "properties": {"stop_id": "8220DB004485", "stop_name": "Naomh Fionnbarra", "stop_code": "4485"}}, {"type": "Feature", "geometry": {"type": "Point", "coordinates": [-6.257104, 53.346962]}, "properties": {"stop_id": "8220DB004494", "stop_name": "Hawkins Street", "stop_code": "4494"}}, {"type": "Feature", "geometry": {"type": "Point", "coordinates": [-6.257033, 53.346493]}, "properties": {"stop_id": "8220DB004495", "stop_name": "Hawkins Street", "stop_code": "4495"}}, {"type": "Feature", "geometry": {"type": "Point", "coordinates": [-6.30426, 53.366804]}, "properties": {"stop_id": "8220DB004498", "stop_name": "John Paul Park", "stop_code": "4498"}}, {"type": "Feature", "geometry": {"type": "Point", "coordinates": [-6.283223, 53.361568]}, "properties": {"stop_id": "8220DB004499", "stop_name": "Dowth Avenue", "stop_code": "4499"}}, {"type": "Feature", "geometry": {"type": "Point", "coordinates": [-6.283724, 53.364047]}, "properties": {"stop_id": "8220DB004500", "stop_name": "Faussagh Road", "stop_code": "4500"}}, {"type": "Feature", "geometry": {"type": "Point", "coordinates": [-6.287122, 53.364752]}, "properties": {"stop_id": "8220DB004501", "stop_name": "Faussagh Road", "stop_code": "4501"}}, {"type": "Feature", "geometry": {"type": "Point", "coordinates": [-6.282626, 53.36334]}, "properties": {"stop_id": "8220DB004502", "stop_name": "Cabra PO", "stop_code": "4502"}}, {"type": "Feature", "geometry": {"type": "Point", "coordinates": [-6.317279, 53.375823]}, "properties": {"stop_id": "8220DB004504", "stop_name": "Royal Canal Avenue", "stop_code": "4504"}}, {"type": "Feature", "geometry": {"type": "Point", "coordinates": [-6.252454, 53.355972]}, "properties": {"stop_id": "8220DB004509", "stop_name": "Summerhill", "stop_code": "4509"}}, {"type": "Feature", "geometry": {"type": "Point", "coordinates": [-6.257796, 53.353938]}, "properties": {"stop_id": "8220DB004513", "stop_name": "Parnell Street East", "stop_code": "4513"}}, {"type": "Feature", "geometry": {"type": "Point", "coordinates": [-6.29674, 53.34006]}, "properties": {"stop_id": "8220DB004514", "stop_name": "St James's Hospital", "stop_code": "4514"}}, {"type": "Feature", "geometry": {"type": "Point", "coordinates": [-6.293732, 53.340705]}, "properties": {"stop_id": "8220DB004515", "stop_name": "St Luke's Radiation", "stop_code": "4515"}}, {"type": "Feature", "geometry": {"type": "Point", "coordinates": [-6.296871, 53.33995]}, "properties": {"stop_id": "8220DB004516", "stop_name": "St James's Hospital", "stop_code": "4516"}}, {"type": "Feature", "geometry": {"type": "Point", "coordinates": [-6.24114, 53.362583]}, "properties": {"stop_id": "8220DB004518", "stop_name": "Fairview Strand", "stop_code": "4518"}}, {"type": "Feature", "geometry": {"type": "Point", "coordinates": [-6.260171, 53.344301]}, "properties": {"stop_id": "8220DB004521", "stop_name": "College Green", "stop_code": "4521"}}, {"type": "Feature", "geometry": {"type": "Point", "coordinates": [-6.260608, 53.344262]}, "properties": {"stop_id": "8220DB004522", "stop_name": "College Green", "stop_code": "4522"}}, {"type": "Feature", "geometry": {"type": "Point", "coordinates": [-6.317362, 53.369146]}, "properties": {"stop_id": "8220DB004523", "stop_name": "Kinvara Avenue", "stop_code": "4523"}}, {"type": "Feature", "geometry": {"type": "Point", "coordinates": [-6.315744, 53.371676]}, "properties": {"stop_id": "8220DB004524", "stop_name": "Ashington Avenue", "stop_code": "4524"}}, {"type": "Feature", "geometry": {"type": "Point", "coordinates": [-6.311391, 53.373448]}, "properties": {"stop_id": "8220DB004525", "stop_name": "Ashington Park", "stop_code": "4525"}}, {"type": "Feature", "geometry": {"type": "Point", "coordinates": [-6.315276, 53.372119]}, "properties": {"stop_id": "8220DB004526", "stop_name": "Ashington Avenue", "stop_code": "4526"}}, {"type": "Feature", "geometry": {"type": "Point", "coordinates": [-6.266859, 53.321613]}, "properties": {"stop_id": "8220DB004527", "stop_name": "Rathmines", "stop_code": "4527"}}, {"type": "Feature", "geometry": {"type": "Point", "coordinates": [-6.264537, 53.328896]}, "properties": {"stop_id": "8220DB004528", "stop_name": "Grove Park", "stop_code": "4528"}}, {"type": "Feature", "geometry": {"type": "Point", "coordinates": [-6.316907, 53.375728]}, "properties": {"stop_id": "8220DB004538", "stop_name": "Royal Canal Avenue", "stop_code": "4538"}}, {"type": "Feature", "geometry": {"type": "Point", "coordinates": [-6.31084, 53.381673]}, "properties": {"stop_id": "8220DB004539", "stop_name": "Glenties Pk", "stop_code": "4539"}}, {"type": "Feature", "geometry": {"type": "Point", "coordinates": [-6.297097, 53.386664]}, "properties": {"stop_id": "8220DB004542", "stop_name": "Finglas Place", "stop_code": "4542"}}, {"type": "Feature", "geometry": {"type": "Point", "coordinates": [-6.296993, 53.386249]}, "properties": {"stop_id": "8220DB004543", "stop_name": "Finglas Place", "stop_code": "4543"}}, {"type": "Feature", "geometry": {"type": "Point", "coordinates": [-6.307589, 53.398453]}, "properties": {"stop_id": "8220DB004546", "stop_name": "Plunkett Avenue", "stop_code": "4546"}}, {"type": "Feature", "geometry": {"type": "Point", "coordinates": [-6.296061, 53.386236]}, "properties": {"stop_id": "8220DB004548", "stop_name": "Finglas Place", "stop_code": "4548"}}, {"type": "Feature", "geometry": {"type": "Point", "coordinates": [-6.180979, 53.401669]}, "properties": {"stop_id": "8220DB004563", "stop_name": "Clarehall SC", "stop_code": "4563"}}, {"type": "Feature", "geometry": {"type": "Point", "coordinates": [-6.312598, 53.388529]}, "properties": {"stop_id": "8220DB004583", "stop_name": "Finglas West", "stop_code": "4583"}}, {"type": "Feature", "geometry": {"type": "Point", "coordinates": [-6.298495, 53.389686]}, "properties": {"stop_id": "8220DB004592", "stop_name": "Finglas Village", "stop_code": "4592"}}, {"type": "Feature", "geometry": {"type": "Point", "coordinates": [-6.176807, 53.402504]}, "properties": {"stop_id": "8220DB004593", "stop_name": "Temple Vw Rise", "stop_code": "4593"}}, {"type": "Feature", "geometry": {"type": "Point", "coordinates": [-6.163532, 53.399245]}, "properties": {"stop_id": "8220DB004594", "stop_name": "Elmfield Lwn", "stop_code": "4594"}}, {"type": "Feature", "geometry": {"type": "Point", "coordinates": [-6.172973, 53.40214]}, "properties": {"stop_id": "8220DB004595", "stop_name": "Temple Vw Ave", "stop_code": "4595"}}, {"type": "Feature", "geometry": {"type": "Point", "coordinates": [-6.177085, 53.402338]}, "properties": {"stop_id": "8220DB004596", "stop_name": "Temple Vw Rise", "stop_code": "4596"}}, {"type": "Feature", "geometry": {"type": "Point", "coordinates": [-6.224317, 53.390251]}, "properties": {"stop_id": "8220DB004597", "stop_name": "Beaumont Hospital", "stop_code": "4597"}}, {"type": "Feature", "geometry": {"type": "Point", "coordinates": [-6.26533840628639, 53.384966476354]}, "properties": {"stop_id": "8220DB004680", "stop_name": "DCU", "stop_code": "4680"}}, {"type": "Feature", "geometry": {"type": "Point", "coordinates": [-6.251557, 53.339726]}, "properties": {"stop_id": "8220DB004681", "stop_name": "Merrion Square South", "stop_code": "4681"}}, {"type": "Feature", "geometry": {"type": "Point", "coordinates": [-6.279591, 53.404713]}, "properties": {"stop_id": "8220DB004683", "stop_name": "Balbutcher Drive", "stop_code": "4683"}}, {"type": "Feature", "geometry": {"type": "Point", "coordinates": [-6.24755, 53.33992]}, "properties": {"stop_id": "8220DB004684", "stop_name": "Holles Street", "stop_code": "4684"}}, {"type": "Feature", "geometry": {"type": "Point", "coordinates": [-6.205313, 53.400249]}, "properties": {"stop_id": "8220DB004692", "stop_name": "Glin Road", "stop_code": "4692"}}, {"type": "Feature", "geometry": {"type": "Point", "coordinates": [-6.208512, 53.397474]}, "properties": {"stop_id": "8220DB004693", "stop_name": "Stardust Park", "stop_code": "4693"}}, {"type": "Feature", "geometry": {"type": "Point", "coordinates": [-6.20357, 53.393409]}, "properties": {"stop_id": "8220DB004694", "stop_name": "Coolock Drive", "stop_code": "4694"}}, {"type": "Feature", "geometry": {"type": "Point", "coordinates": [-6.197348, 53.392983]}, "properties": {"stop_id": "8220DB004695", "stop_name": "Greencastle Prde", "stop_code": "4695"}}, {"type": "Feature", "geometry": {"type": "Point", "coordinates": [-6.20233, 53.394308]}, "properties": {"stop_id": "8220DB004696", "stop_name": "Adare Road", "stop_code": "4696"}}, {"type": "Feature", "geometry": {"type": "Point", "coordinates": [-6.203794, 53.393089]}, "properties": {"stop_id": "8220DB004697", "stop_name": "Coolock Drive", "stop_code": "4697"}}, {"type": "Feature", "geometry": {"type": "Point", "coordinates": [-6.2111, 53.394943]}, "properties": {"stop_id": "8220DB004698", "stop_name": "Adare Avenue", "stop_code": "4698"}}, {"type": "Feature", "geometry": {"type": "Point", "coordinates": [-6.20854, 53.397538]}, "properties": {"stop_id": "8220DB004699", "stop_name": "Stardust Park", "stop_code": "4699"}}, {"type": "Feature", "geometry": {"type": "Point", "coordinates": [-6.205408, 53.400133]}, "properties": {"stop_id": "8220DB004700", "stop_name": "Glin Road", "stop_code": "4700"}}, {"type": "Feature", "geometry": {"type": "Point", "coordinates": [-6.260273, 53.346595]}, "properties": {"stop_id": "8220DB004720", "stop_name": "Aston Quay", "stop_code": "4720"}}, {"type": "Feature", "geometry": {"type": "Point", "coordinates": [-6.26105453403108, 53.3521156161106]}, "properties": {"stop_id": "8220DB004725", "stop_name": "O'Connell St Upper", "stop_code": "4725"}}, {"type": "Feature", "geometry": {"type": "Point", "coordinates": [-6.284057, 53.401748]}, "properties": {"stop_id": "8220DB004781", "stop_name": "IDA Poppintree", "stop_code": "4781"}}, {"type": "Feature", "geometry": {"type": "Point", "coordinates": [-6.202571, 53.38251]}, "properties": {"stop_id": "8220DB004782", "stop_name": "Gracefield Rd", "stop_code": "4782"}}, {"type": "Feature", "geometry": {"type": "Point", "coordinates": [-6.201111, 53.370084]}, "properties": {"stop_id": "8220DB004784", "stop_name": "Remedial Clinic", "stop_code": "4784"}}, {"type": "Feature", "geometry": {"type": "Point", "coordinates": [-6.20172, 53.370246]}, "properties": {"stop_id": "8220DB004785", "stop_name": "Remedial Clinic", "stop_code": "4785"}}, {"type": "Feature", "geometry": {"type": "Point", "coordinates": [-6.292506, 53.396935]}, "properties": {"stop_id": "8220DB004788", "stop_name": "Oakwood Rd", "stop_code": "4788"}}, {"type": "Feature", "geometry": {"type": "Point", "coordinates": [-6.211788, 53.38139]}, "properties": {"stop_id": "8220DB004790", "stop_name": "Pinebrook Drive", "stop_code": "4790"}}, {"type": "Feature", "geometry": {"type": "Point", "coordinates": [-6.207659, 53.371612]}, "properties": {"stop_id": "8220DB004791", "stop_name": "Killester Avenue", "stop_code": "4791"}}, {"type": "Feature", "geometry": {"type": "Point", "coordinates": [-6.209503, 53.372799]}, "properties": {"stop_id": "8220DB004792", "stop_name": "Clanawley Rd", "stop_code": "4792"}}, {"type": "Feature", "geometry": {"type": "Point", "coordinates": [-6.32082537531738, 53.3922672634008]}, "properties": {"stop_id": "8220DB004793", "stop_name": "Avila Park", "stop_code": "4793"}}, {"type": "Feature", "geometry": {"type": "Point", "coordinates": [-6.22656242306654, 53.3630049005914]}, "properties": {"stop_id": "8220DB004794", "stop_name": "Clontarf Rd Stn", "stop_code": "4794"}}, {"type": "Feature", "geometry": {"type": "Point", "coordinates": [-6.159969, 53.398525]}, "properties": {"stop_id": "8220DB004804", "stop_name": "Old Grange Abbey", "stop_code": "4804"}}, {"type": "Feature", "geometry": {"type": "Point", "coordinates": [-6.15314770626, 53.3983744075009]}, "properties": {"stop_id": "8220DB004806", "stop_name": "Grange Abbey Grove", "stop_code": "4806"}}, {"type": "Feature", "geometry": {"type": "Point", "coordinates": [-6.27902, 53.33813]}, "properties": {"stop_id": "8220DB004854", "stop_name": "Ardee St", "stop_code": "4854"}}, {"type": "Feature", "geometry": {"type": "Point", "coordinates": [-6.279306, 53.334602]}, "properties": {"stop_id": "8220DB004855", "stop_name": "O'Donovan Rd", "stop_code": "4855"}}, {"type": "Feature", "geometry": {"type": "Point", "coordinates": [-6.283511, 53.331966]}, "properties": {"stop_id": "8220DB004856", "stop_name": "Donore Ave", "stop_code": "4856"}}, {"type": "Feature", "geometry": {"type": "Point", "coordinates": [-6.282764, 53.334121]}, "properties": {"stop_id": "8220DB004857", "stop_name": "Rutledge Terrace", "stop_code": "4857"}}, {"type": "Feature", "geometry": {"type": "Point", "coordinates": [-6.290863, 53.395168]}, "properties": {"stop_id": "8220DB004890", "stop_name": "Sycamore Rd", "stop_code": "4890"}}, {"type": "Feature", "geometry": {"type": "Point", "coordinates": [-6.282855, 53.362857]}, "properties": {"stop_id": "8220DB004934", "stop_name": "Offaly Road", "stop_code": "4934"}}, {"type": "Feature", "geometry": {"type": "Point", "coordinates": [-6.283331, 53.364096]}, "properties": {"stop_id": "8220DB004935", "stop_name": "St Attracta Road", "stop_code": "4935"}}, {"type": "Feature", "geometry": {"type": "Point", "coordinates": [-6.283171, 53.361352]}, "properties": {"stop_id": "8220DB004936", "stop_name": "Newgrange Road", "stop_code": "4936"}}, {"type": "Feature", "geometry": {"type": "Point", "coordinates": [-6.300511, 53.392672]}, "properties": {"stop_id": "8220DB004937", "stop_name": "Clearstream Court", "stop_code": "4937"}}, {"type": "Feature", "geometry": {"type": "Point", "coordinates": [-6.298357, 53.390862]}, "properties": {"stop_id": "8220DB004938", "stop_name": "Gofton Hall", "stop_code": "4938"}}, {"type": "Feature", "geometry": {"type": "Point", "coordinates": [-6.258495, 53.35704]}, "properties": {"stop_id": "8220DB004962", "stop_name": "Mountjoy Square", "stop_code": "4962"}}, {"type": "Feature", "geometry": {"type": "Point", "coordinates": [-6.291418, 53.402321]}, "properties": {"stop_id": "8220DB004985", "stop_name": "Lanesborough Vw", "stop_code": "4985"}}, {"type": "Feature", "geometry": {"type": "Point", "coordinates": [-6.3517, 53.346203]}, "properties": {"stop_id": "8220DB005006", "stop_name": "Le Fanu Road", "stop_code": "5006"}}, {"type": "Feature", "geometry": {"type": "Point", "coordinates": [-6.34965960806547, 53.3441883077869]}, "properties": {"stop_id": "8220DB005007", "stop_name": "Convent Lawns", "stop_code": "5007"}}, {"type": "Feature", "geometry": {"type": "Point", "coordinates": [-6.351894, 53.346215]}, "properties": {"stop_id": "8220DB005009", "stop_name": "Le Fanu Road", "stop_code": "5009"}}, {"type": "Feature", "geometry": {"type": "Point", "coordinates": [-6.277581, 53.339763]}, "properties": {"stop_id": "8220DB005025", "stop_name": "The Coombe", "stop_code": "5025"}}, {"type": "Feature", "geometry": {"type": "Point", "coordinates": [-6.305244, 53.32043]}, "properties": {"stop_id": "8220DB005026", "stop_name": "Armagh Rd East", "stop_code": "5026"}}, {"type": "Feature", "geometry": {"type": "Point", "coordinates": [-6.224029, 53.397167]}, "properties": {"stop_id": "8220DB005060", "stop_name": "Cromcastle Rd", "stop_code": "5060"}}, {"type": "Feature", "geometry": {"type": "Point", "coordinates": [-6.224872, 53.395697]}, "properties": {"stop_id": "8220DB005061", "stop_name": "Dundaniel Road", "stop_code": "5061"}}, {"type": "Feature", "geometry": {"type": "Point", "coordinates": [-6.27269, 53.338173]}, "properties": {"stop_id": "8220DB005097", "stop_name": "New Street South", "stop_code": "5097"}}, {"type": "Feature", "geometry": {"type": "Point", "coordinates": [-6.27581, 53.338982]}, "properties": {"stop_id": "8220DB005099", "stop_name": "Saint Luke's Avenue", "stop_code": "5099"}}, {"type": "Feature", "geometry": {"type": "Point", "coordinates": [-6.330217, 53.341689]}, "properties": {"stop_id": "8220DB005134", "stop_name": "Lally Road", "stop_code": "5134"}}, {"type": "Feature", "geometry": {"type": "Point", "coordinates": [-6.245532, 53.351124]}, "properties": {"stop_id": "8220DB005140", "stop_name": "Mayor Street Lower", "stop_code": "5140"}}, {"type": "Feature", "geometry": {"type": "Point", "coordinates": [-6.205213, 53.364744]}, "properties": {"stop_id": "8220DB005141", "stop_name": "Clontarf Cmtry", "stop_code": "5141"}}, {"type": "Feature", "geometry": {"type": "Point", "coordinates": [-6.306205, 53.372709]}, "properties": {"stop_id": "8220DB005144", "stop_name": "Marian School", "stop_code": "5144"}}, {"type": "Feature", "geometry": {"type": "Point", "coordinates": [-6.326754, 53.377197]}, "properties": {"stop_id": "8220DB005145", "stop_name": "Rathbourne Avenue", "stop_code": "5145"}}, {"type": "Feature", "geometry": {"type": "Point", "coordinates": [-6.305834, 53.371823]}, "properties": {"stop_id": "8220DB005147", "stop_name": "Marian College", "stop_code": "5147"}}, {"type": "Feature", "geometry": {"type": "Point", "coordinates": [-6.301057, 53.324946]}, "properties": {"stop_id": "8220DB005148", "stop_name": "Bangor Road", "stop_code": "5148"}}, {"type": "Feature", "geometry": {"type": "Point", "coordinates": [-6.323743, 53.329087]}, "properties": {"stop_id": "8220DB005149", "stop_name": "Errigal Rd", "stop_code": "5149"}}, {"type": "Feature", "geometry": {"type": "Point", "coordinates": [-6.15688332123315, 53.3982344046148]}, "properties": {"stop_id": "8220DB005154", "stop_name": "Grange Abbey Drive", "stop_code": "5154"}}, {"type": "Feature", "geometry": {"type": "Point", "coordinates": [-6.15561587912519, 53.3983316747197]}, "properties": {"stop_id": "8220DB005155", "stop_name": "Grange Abbey Drive", "stop_code": "5155"}}, {"type": "Feature", "geometry": {"type": "Point", "coordinates": [-6.153818, 53.398169]}, "properties": {"stop_id": "8220DB005157", "stop_name": "Grange Abbey Grove", "stop_code": "5157"}}, {"type": "Feature", "geometry": {"type": "Point", "coordinates": [-6.15924812988582, 53.3984955990732]}, "properties": {"stop_id": "8220DB005160", "stop_name": "Grange Abbey Cresc", "stop_code": "5160"}}, {"type": "Feature", "geometry": {"type": "Point", "coordinates": [-6.225098, 53.395709]}, "properties": {"stop_id": "8220DB005174", "stop_name": "Dundaniel Road", "stop_code": "5174"}}, {"type": "Feature", "geometry": {"type": "Point", "coordinates": [-6.25780560959643, 53.3459563040628]}, "properties": {"stop_id": "8220DB005192", "stop_name": "Fleet Street", "stop_code": "5192"}}, {"type": "Feature", "geometry": {"type": "Point", "coordinates": [-6.260511, 53.352908]}, "properties": {"stop_id": "8220DB006004", "stop_name": "Parnell Street", "stop_code": "6004"}}, {"type": "Feature", "geometry": {"type": "Point", "coordinates": [-6.267043, 53.401116]}, "properties": {"stop_id": "8220DB006016", "stop_name": "Balbutcher Lane", "stop_code": "6016"}}, {"type": "Feature", "geometry": {"type": "Point", "coordinates": [-6.27335698367756, 53.4026543424038]}, "properties": {"stop_id": "8220DB006017", "stop_name": "Gallaun Road", "stop_code": "6017"}}, {"type": "Feature", "geometry": {"type": "Point", "coordinates": [-6.37664091663015, 53.3380691559552]}, "properties": {"stop_id": "8220DB006020", "stop_name": "Barnville Green", "stop_code": "6020"}}, {"type": "Feature", "geometry": {"type": "Point", "coordinates": [-6.3771014220017, 53.3382012527256]}, "properties": {"stop_id": "8220DB006021", "stop_name": "Cherry Orchard Ave", "stop_code": "6021"}}, {"type": "Feature", "geometry": {"type": "Point", "coordinates": [-6.37886256841243, 53.3372994358073]}, "properties": {"stop_id": "8220DB006023", "stop_name": "Cedar Brook Place", "stop_code": "6023"}}, {"type": "Feature", "geometry": {"type": "Point", "coordinates": [-6.378965, 53.337373]}, "properties": {"stop_id": "8220DB006024", "stop_name": "Cedar Brook Place", "stop_code": "6024"}}, {"type": "Feature", "geometry": {"type": "Point", "coordinates": [-6.379052, 53.335864]}, "properties": {"stop_id": "8220DB006025", "stop_name": "Barnville Walk", "stop_code": "6025"}}, {"type": "Feature", "geometry": {"type": "Point", "coordinates": [-6.37954298308528, 53.3355919772488]}, "properties": {"stop_id": "8220DB006026", "stop_name": "Barnville Walk", "stop_code": "6026"}}, {"type": "Feature", "geometry": {"type": "Point", "coordinates": [-6.37860629728981, 53.3345546216258]}, "properties": {"stop_id": "8220DB006027", "stop_name": "Park West Station", "stop_code": "6027"}}, {"type": "Feature", "geometry": {"type": "Point", "coordinates": [-6.37898013072488, 53.3345956536856]}, "properties": {"stop_id": "8220DB006028", "stop_name": "Park West Station", "stop_code": "6028"}}, {"type": "Feature", "geometry": {"type": "Point", "coordinates": [-6.37485512551023, 53.3325082489382]}, "properties": {"stop_id": "8220DB006029", "stop_name": "Park West Hotel", "stop_code": "6029"}}, {"type": "Feature", "geometry": {"type": "Point", "coordinates": [-6.37604, 53.332947]}, "properties": {"stop_id": "8220DB006030", "stop_name": "Park West Hotel", "stop_code": "6030"}}, {"type": "Feature", "geometry": {"type": "Point", "coordinates": [-6.264982, 53.320148]}, "properties": {"stop_id": "8220DB006042", "stop_name": "Church Ave", "stop_code": "6042"}}, {"type": "Feature", "geometry": {"type": "Point", "coordinates": [-6.331854, 53.321686]}, "properties": {"stop_id": "8220DB006056", "stop_name": "Kilnamanagh Rd", "stop_code": "6056"}}, {"type": "Feature", "geometry": {"type": "Point", "coordinates": [-6.331173, 53.321461]}, "properties": {"stop_id": "8220DB006057", "stop_name": "Kilnamanagh Rd", "stop_code": "6057"}}, {"type": "Feature", "geometry": {"type": "Point", "coordinates": [-6.26018517538052, 53.3502244282714]}, "properties": {"stop_id": "8220DB006059", "stop_name": "The Spire of Dublin", "stop_code": "6059"}}, {"type": "Feature", "geometry": {"type": "Point", "coordinates": [-6.3171, 53.390282]}, "properties": {"stop_id": "8220DB006068", "stop_name": "Ratoath Drive", "stop_code": "6068"}}, {"type": "Feature", "geometry": {"type": "Point", "coordinates": [-6.33703699120924, 53.3408852096878]}, "properties": {"stop_id": "8220DB006070", "stop_name": "O'Hogan Road", "stop_code": "6070"}}, {"type": "Feature", "geometry": {"type": "Point", "coordinates": [-6.260114, 53.353091]}, "properties": {"stop_id": "8220DB006071", "stop_name": "Parnell Street", "stop_code": "6071"}}, {"type": "Feature", "geometry": {"type": "Point", "coordinates": [-6.25754, 53.335886]}, "properties": {"stop_id": "8220DB006074", "stop_name": "Earlsfort Trce", "stop_code": "6074"}}, {"type": "Feature", "geometry": {"type": "Point", "coordinates": [-6.224222, 53.397242]}, "properties": {"stop_id": "8220DB006078", "stop_name": "Cromcastle Rd", "stop_code": "6078"}}, {"type": "Feature", "geometry": {"type": "Point", "coordinates": [-6.16363, 53.399408]}, "properties": {"stop_id": "8220DB006079", "stop_name": "Elmfield Lwn", "stop_code": "6079"}}, {"type": "Feature", "geometry": {"type": "Point", "coordinates": [-6.311409, 53.390463]}, "properties": {"stop_id": "8220DB006080", "stop_name": "Kildonan Road", "stop_code": "6080"}}, {"type": "Feature", "geometry": {"type": "Point", "coordinates": [-6.321634, 53.32583]}, "properties": {"stop_id": "8220DB006094", "stop_name": "Errigal Gdns", "stop_code": "6094"}}, {"type": "Feature", "geometry": {"type": "Point", "coordinates": [-6.184218, 53.400127]}, "properties": {"stop_id": "8220DB006115", "stop_name": "Belcamp Lane", "stop_code": "6115"}}, {"type": "Feature", "geometry": {"type": "Point", "coordinates": [-6.27430166369762, 53.3863727059693]}, "properties": {"stop_id": "8220DB006122", "stop_name": "St Pappin's Road", "stop_code": "6122"}}, {"type": "Feature", "geometry": {"type": "Point", "coordinates": [-6.27683792298323, 53.3998824003142]}, "properties": {"stop_id": "8220DB006125", "stop_name": "Poppintree Parade", "stop_code": "6125"}}, {"type": "Feature", "geometry": {"type": "Point", "coordinates": [-6.200639, 53.40087]}, "properties": {"stop_id": "8220DB006130", "stop_name": "Ferrycarrig Pk", "stop_code": "6130"}}, {"type": "Feature", "geometry": {"type": "Point", "coordinates": [-6.342891, 53.32353]}, "properties": {"stop_id": "8220DB006140", "stop_name": "Parkmore Estate", "stop_code": "6140"}}, {"type": "Feature", "geometry": {"type": "Point", "coordinates": [-6.343243, 53.323732]}, "properties": {"stop_id": "8220DB006142", "stop_name": "Walkinstown Avenue", "stop_code": "6142"}}, {"type": "Feature", "geometry": {"type": "Point", "coordinates": [-6.266724, 53.401192]}, "properties": {"stop_id": "8220DB006238", "stop_name": "Ballymun", "stop_code": "6238"}}, {"type": "Feature", "geometry": {"type": "Point", "coordinates": [-6.271393, 53.398042]}, "properties": {"stop_id": "8220DB006239", "stop_name": "Dolmen Court", "stop_code": "6239"}}, {"type": "Feature", "geometry": {"type": "Point", "coordinates": [-6.27940673236037, 53.4018159228276]}, "properties": {"stop_id": "8220DB006241", "stop_name": "Crannogue Road", "stop_code": "6241"}}, {"type": "Feature", "geometry": {"type": "Point", "coordinates": [-6.238668, 53.350394]}, "properties": {"stop_id": "8220DB006251", "stop_name": "Sheriff Street", "stop_code": "6251"}}, {"type": "Feature", "geometry": {"type": "Point", "coordinates": [-6.247044, 53.347965]}, "properties": {"stop_id": "8220DB006252", "stop_name": "S O'Casey Br", "stop_code": "6252"}}, {"type": "Feature", "geometry": {"type": "Point", "coordinates": [-6.281668, 53.403951]}, "properties": {"stop_id": "8220DB006253", "stop_name": "Balbutcher Drive", "stop_code": "6253"}}, {"type": "Feature", "geometry": {"type": "Point", "coordinates": [-6.290858, 53.395275]}, "properties": {"stop_id": "8220DB006273", "stop_name": "Sycamore Rd", "stop_code": "6273"}}, {"type": "Feature", "geometry": {"type": "Point", "coordinates": [-6.162413, 53.401474]}, "properties": {"stop_id": "8220DB006315", "stop_name": "Hole in the Wall Rd", "stop_code": "6315"}}, {"type": "Feature", "geometry": {"type": "Point", "coordinates": [-6.157343, 53.402915]}, "properties": {"stop_id": "8220DB006316", "stop_name": "Clongriffin Village", "stop_code": "6316"}}, {"type": "Feature", "geometry": {"type": "Point", "coordinates": [-6.15145, 53.402842]}, "properties": {"stop_id": "8220DB006317", "stop_name": "Clongriffin Stn", "stop_code": "6317"}}, {"type": "Feature", "geometry": {"type": "Point", "coordinates": [-6.150992, 53.402314]}, "properties": {"stop_id": "8220DB006318", "stop_name": "Clongriffin Stn", "stop_code": "6318"}}, {"type": "Feature", "geometry": {"type": "Point", "coordinates": [-6.153804, 53.402663]}, "properties": {"stop_id": "8220DB006319", "stop_name": "Grange Ldg Ave", "stop_code": "6319"}}, {"type": "Feature", "geometry": {"type": "Point", "coordinates": [-6.162167, 53.401597]}, "properties": {"stop_id": "8220DB006320", "stop_name": "Hole in the Wall Rd", "stop_code": "6320"}}, {"type": "Feature", "geometry": {"type": "Point", "coordinates": [-6.291799, 53.405949]}, "properties": {"stop_id": "8220DB006361", "stop_name": "Seagrave Rise", "stop_code": "6361"}}, {"type": "Feature", "geometry": {"type": "Point", "coordinates": [-6.28795578802029, 53.4061452136693]}, "properties": {"stop_id": "8220DB006363", "stop_name": "Hampton Wood", "stop_code": "6363"}}, {"type": "Feature", "geometry": {"type": "Point", "coordinates": [-6.291446, 53.403876]}, "properties": {"stop_id": "8220DB006367", "stop_name": "Lanesborough Ave", "stop_code": "6367"}}, {"type": "Feature", "geometry": {"type": "Point", "coordinates": [-6.2117830674682, 53.3244587169169]}, "properties": {"stop_id": "8220DB007000", "stop_name": "St. John's Church", "stop_code": "7000"}}, {"type": "Feature", "geometry": {"type": "Point", "coordinates": [-6.31598, 53.380928]}, "properties": {"stop_id": "8220DB007009", "stop_name": "Rathvilly Drive", "stop_code": "7009"}}, {"type": "Feature", "geometry": {"type": "Point", "coordinates": [-6.31689, 53.38203]}, "properties": {"stop_id": "8220DB007010", "stop_name": "Rathvilly Drive", "stop_code": "7010"}}, {"type": "Feature", "geometry": {"type": "Point", "coordinates": [-6.315375, 53.342954]}, "properties": {"stop_id": "8220DB007012", "stop_name": "Memorial Gardens", "stop_code": "7012"}}, {"type": "Feature", "geometry": {"type": "Point", "coordinates": [-6.312048, 53.376594]}, "properties": {"stop_id": "8220DB007027", "stop_name": "Glasnevin Park", "stop_code": "7027"}}, {"type": "Feature", "geometry": {"type": "Point", "coordinates": [-6.31106, 53.37655]}, "properties": {"stop_id": "8220DB007028", "stop_name": "Royal Canal Centre", "stop_code": "7028"}}, {"type": "Feature", "geometry": {"type": "Point", "coordinates": [-6.318692, 53.325061]}, "properties": {"stop_id": "8220DB007043", "stop_name": "Drimnagh Rd", "stop_code": "7043"}}, {"type": "Feature", "geometry": {"type": "Point", "coordinates": [-6.2324855678718, 53.3974093697435]}, "properties": {"stop_id": "8220DB007044", "stop_name": "Aulden Grange", "stop_code": "7044"}}, {"type": "Feature", "geometry": {"type": "Point", "coordinates": [-6.213584, 53.318374]}, "properties": {"stop_id": "8220DB007053", "stop_name": "Nutley Lane", "stop_code": "7053"}}, {"type": "Feature", "geometry": {"type": "Point", "coordinates": [-6.292874, 53.34791]}, "properties": {"stop_id": "8220DB007078", "stop_name": "Parkgate St", "stop_code": "7078"}}, {"type": "Feature", "geometry": {"type": "Point", "coordinates": [-6.27209420381958, 53.3981870002067]}, "properties": {"stop_id": "8220DB007092", "stop_name": "Dolmen Court", "stop_code": "7092"}}, {"type": "Feature", "geometry": {"type": "Point", "coordinates": [-6.229171, 53.397549]}, "properties": {"stop_id": "8220DB007112", "stop_name": "Larch Hill", "stop_code": "7112"}}, {"type": "Feature", "geometry": {"type": "Point", "coordinates": [-6.208584, 53.362098]}, "properties": {"stop_id": "8220DB007129", "stop_name": "Saint David's Court", "stop_code": "7129"}}, {"type": "Feature", "geometry": {"type": "Point", "coordinates": [-6.220696, 53.393073]}, "properties": {"stop_id": "8220DB007130", "stop_name": "Cromcastle Grn", "stop_code": "7130"}}, {"type": "Feature", "geometry": {"type": "Point", "coordinates": [-6.335075, 53.322244]}, "properties": {"stop_id": "8220DB007153", "stop_name": "Walkinstown Dr", "stop_code": "7153"}}, {"type": "Feature", "geometry": {"type": "Point", "coordinates": [-6.333972, 53.32088]}, "properties": {"stop_id": "8220DB007154", "stop_name": "Walkinstown Grn", "stop_code": "7154"}}, {"type": "Feature", "geometry": {"type": "Point", "coordinates": [-6.276388, 53.404613]}, "properties": {"stop_id": "8220DB007191", "stop_name": "Balbutcher Way", "stop_code": "7191"}}, {"type": "Feature", "geometry": {"type": "Point", "coordinates": [-6.27518970826945, 53.4038223134095]}, "properties": {"stop_id": "8220DB007192", "stop_name": "Balbutcher Way", "stop_code": "7192"}}, {"type": "Feature", "geometry": {"type": "Point", "coordinates": [-6.182802, 53.396645]}, "properties": {"stop_id": "8220DB007199", "stop_name": "Blunden Drive", "stop_code": "7199"}}, {"type": "Feature", "geometry": {"type": "Point", "coordinates": [-6.24285992766227, 53.347804396268]}, "properties": {"stop_id": "8220DB007216", "stop_name": "North Wall Quay", "stop_code": "7216"}}, {"type": "Feature", "geometry": {"type": "Point", "coordinates": [-6.275298, 53.388877]}, "properties": {"stop_id": "8220DB007220", "stop_name": "Hillcrest PK", "stop_code": "7220"}}, {"type": "Feature", "geometry": {"type": "Point", "coordinates": [-6.154668, 53.402847]}, "properties": {"stop_id": "8220DB007236", "stop_name": "Grange Ldg Ave", "stop_code": "7236"}}, {"type": "Feature", "geometry": {"type": "Point", "coordinates": [-6.152165, 53.402647]}, "properties": {"stop_id": "8220DB007245", "stop_name": "Clongriffin Stn", "stop_code": "7245"}}, {"type": "Feature", "geometry": {"type": "Point", "coordinates": [-6.157244, 53.402761]}, "properties": {"stop_id": "8220DB007246", "stop_name": "Clongriffin Village", "stop_code": "7246"}}, {"type": "Feature", "geometry": {"type": "Point", "coordinates": [-6.28359, 53.306182]}, "properties": {"stop_id": "8220DB007293", "stop_name": "Westbourne Road", "stop_code": "7293"}}, {"type": "Feature", "geometry": {"type": "Point", "coordinates": [-6.23958867639404, 53.3685007698389]}, "properties": {"stop_id": "8220DB007320", "stop_name": "Griffith Court", "stop_code": "7320"}}, {"type": "Feature", "geometry": {"type": "Point", "coordinates": [-6.246983, 53.33299]}, "properties": {"stop_id": "8220DB007333", "stop_name": "Mespil Hotel", "stop_code": "7333"}}, {"type": "Feature", "geometry": {"type": "Point", "coordinates": [-6.246541, 53.332408]}, "properties": {"stop_id": "8220DB007339", "stop_name": "Burlington Road", "stop_code": "7339"}}, {"type": "Feature", "geometry": {"type": "Point", "coordinates": [-6.24719, 53.33402]}, "properties": {"stop_id": "8220DB007340", "stop_name": "Wilton Terrace", "stop_code": "7340"}}, {"type": "Feature", "geometry": {"type": "Point", "coordinates": [-6.229544, 53.39546]}, "properties": {"stop_id": "8220DB007358", "stop_name": "Castletimon Park", "stop_code": "7358"}}, {"type": "Feature", "geometry": {"type": "Point", "coordinates": [-6.257985, 53.347924]}, "properties": {"stop_id": "8220DB007359", "stop_name": "Eden Quay", "stop_code": "7359"}}, {"type": "Feature", "geometry": {"type": "Point", "coordinates": [-6.24573, 53.33149]}, "properties": {"stop_id": "8220DB007370", "stop_name": "Burlington Road", "stop_code": "7370"}}, {"type": "Feature", "geometry": {"type": "Point", "coordinates": [-6.249916, 53.339091]}, "properties": {"stop_id": "8220DB007391", "stop_name": "Merrion Sq South", "stop_code": "7391"}}, {"type": "Feature", "geometry": {"type": "Point", "coordinates": [-6.261122, 53.346439]}, "properties": {"stop_id": "8220DB007392", "stop_name": "Aston Quay", "stop_code": "7392"}}, {"type": "Feature", "geometry": {"type": "Point", "coordinates": [-6.321612, 53.376109]}, "properties": {"stop_id": "8220DB007396", "stop_name": "Crescent Park", "stop_code": "7396"}}, {"type": "Feature", "geometry": {"type": "Point", "coordinates": [-6.2433, 53.347694]}, "properties": {"stop_id": "8220DB007397", "stop_name": "Samuel Beckett Br", "stop_code": "7397"}}, {"type": "Feature", "geometry": {"type": "Point", "coordinates": [-6.239853, 53.347499]}, "properties": {"stop_id": "8220DB007398", "stop_name": "Convention Centre", "stop_code": "7398"}}, {"type": "Feature", "geometry": {"type": "Point", "coordinates": [-6.226864, 53.348493]}, "properties": {"stop_id": "8220DB007399", "stop_name": "The Point", "stop_code": "7399"}}, {"type": "Feature", "geometry": {"type": "Point", "coordinates": [-6.254791, 53.351377]}, "properties": {"stop_id": "8220DB007402", "stop_name": "Deverell Place", "stop_code": "7402"}}, {"type": "Feature", "geometry": {"type": "Point", "coordinates": [-6.278417, 53.339892]}, "properties": {"stop_id": "8220DB007412", "stop_name": "The Coombe", "stop_code": "7412"}}, {"type": "Feature", "geometry": {"type": "Point", "coordinates": [-6.27538, 53.33963]}, "properties": {"stop_id": "8220DB007413", "stop_name": "Dean Street", "stop_code": "7413"}}, {"type": "Feature", "geometry": {"type": "Point", "coordinates": [-6.311017, 53.325159]}, "properties": {"stop_id": "8220DB007414", "stop_name": "Windmill Rd", "stop_code": "7414"}}, {"type": "Feature", "geometry": {"type": "Point", "coordinates": [-6.288281, 53.385675]}, "properties": {"stop_id": "8220DB007423", "stop_name": "Ballygall Parade", "stop_code": "7423"}}, {"type": "Feature", "geometry": {"type": "Point", "coordinates": [-6.29202130024755, 53.3880117312502]}, "properties": {"stop_id": "8220DB007424", "stop_name": "Ballygall Place", "stop_code": "7424"}}, {"type": "Feature", "geometry": {"type": "Point", "coordinates": [-6.292934, 53.388879]}, "properties": {"stop_id": "8220DB007425", "stop_name": "Ballygall Rd W", "stop_code": "7425"}}, {"type": "Feature", "geometry": {"type": "Point", "coordinates": [-6.288064, 53.385456]}, "properties": {"stop_id": "8220DB007426", "stop_name": "Ballygall Parade", "stop_code": "7426"}}, {"type": "Feature", "geometry": {"type": "Point", "coordinates": [-6.292075, 53.387797]}, "properties": {"stop_id": "8220DB007427", "stop_name": "Ballygall Place", "stop_code": "7427"}}, {"type": "Feature", "geometry": {"type": "Point", "coordinates": [-6.293241, 53.38909]}, "properties": {"stop_id": "8220DB007428", "stop_name": "Ballygall Rd W", "stop_code": "7428"}}, {"type": "Feature", "geometry": {"type": "Point", "coordinates": [-6.315381, 53.343179]}, "properties": {"stop_id": "8220DB007435", "stop_name": "Memorial Gdns", "stop_code": "7435"}}, {"type": "Feature", "geometry": {"type": "Point", "coordinates": [-6.297746, 53.331936]}, "properties": {"stop_id": "8220DB007438", "stop_name": "Herberton Drive", "stop_code": "7438"}}, {"type": "Feature", "geometry": {"type": "Point", "coordinates": [-6.297999, 53.332362]}, "properties": {"stop_id": "8220DB007439", "stop_name": "Herberton Drive", "stop_code": "7439"}}, {"type": "Feature", "geometry": {"type": "Point", "coordinates": [-6.27838250402176, 53.3463358924171]}, "properties": {"stop_id": "8220DB007453", "stop_name": "Arran Quay", "stop_code": "7453"}}, {"type": "Feature", "geometry": {"type": "Point", "coordinates": [-6.298855, 53.335008]}, "properties": {"stop_id": "8220DB007454", "stop_name": "Herberton Road", "stop_code": "7454"}}, {"type": "Feature", "geometry": {"type": "Point", "coordinates": [-6.298878, 53.335575]}, "properties": {"stop_id": "8220DB007455", "stop_name": "Herberton Road", "stop_code": "7455"}}, {"type": "Feature", "geometry": {"type": "Point", "coordinates": [-6.2905257060846, 53.3900665526326]}, "properties": {"stop_id": "8220DB007458", "stop_name": "Collins Drive", "stop_code": "7458"}}, {"type": "Feature", "geometry": {"type": "Point", "coordinates": [-6.174197, 53.36782]}, "properties": {"stop_id": "8220DB007469", "stop_name": "Baymount Pk", "stop_code": "7469"}}, {"type": "Feature", "geometry": {"type": "Point", "coordinates": [-6.293244, 53.379257]}, "properties": {"stop_id": "8220DB007471", "stop_name": "Tolka Vly Grn", "stop_code": "7471"}}, {"type": "Feature", "geometry": {"type": "Point", "coordinates": [-6.373227, 53.337412]}, "properties": {"stop_id": "8220DB007507", "stop_name": "Saint Ultans School", "stop_code": "7507"}}, {"type": "Feature", "geometry": {"type": "Point", "coordinates": [-6.237187, 53.34586]}, "properties": {"stop_id": "8220DB007512", "stop_name": "John Rogersons Quay", "stop_code": "7512"}}, {"type": "Feature", "geometry": {"type": "Point", "coordinates": [-6.296795, 53.350896]}, "properties": {"stop_id": "8220DB007513", "stop_name": "Phoenix Park", "stop_code": "7513"}}, {"type": "Feature", "geometry": {"type": "Point", "coordinates": [-6.230046, 53.354235]}, "properties": {"stop_id": "8220DB007514", "stop_name": "Bargy Road", "stop_code": "7514"}}, {"type": "Feature", "geometry": {"type": "Point", "coordinates": [-6.171727, 53.402076]}, "properties": {"stop_id": "8220DB007516", "stop_name": "Temple Vw Ave", "stop_code": "7516"}}, {"type": "Feature", "geometry": {"type": "Point", "coordinates": [-6.2367, 53.344208]}, "properties": {"stop_id": "8220DB007557", "stop_name": "Hanover Quay", "stop_code": "7557"}}, {"type": "Feature", "geometry": {"type": "Point", "coordinates": [-6.25461, 53.34678]}, "properties": {"stop_id": "8220DB007564", "stop_name": "Poolbeg St", "stop_code": "7564"}}, {"type": "Feature", "geometry": {"type": "Point", "coordinates": [-6.25597, 53.350451]}, "properties": {"stop_id": "8220DB007569", "stop_name": "Talbot St West", "stop_code": "7569"}}, {"type": "Feature", "geometry": {"type": "Point", "coordinates": [-6.258725, 53.386776]}, "properties": {"stop_id": "8220DB007571", "stop_name": "DCU Helix", "stop_code": "7571"}}, {"type": "Feature", "geometry": {"type": "Point", "coordinates": [-6.265297, 53.333833]}, "properties": {"stop_id": "8220DB007577", "stop_name": "Camden Street Lwr", "stop_code": "7577"}}, {"type": "Feature", "geometry": {"type": "Point", "coordinates": [-6.264601, 53.34246]}, "properties": {"stop_id": "8220DB007578", "stop_name": "S Great George's St", "stop_code": "7578"}}, {"type": "Feature", "geometry": {"type": "Point", "coordinates": [-6.26591384363472, 53.3382457820886]}, "properties": {"stop_id": "8220DB007579", "stop_name": "Redmond's Hill", "stop_code": "7579"}}, {"type": "Feature", "geometry": {"type": "Point", "coordinates": [-6.263346, 53.344159]}, "properties": {"stop_id": "8220DB007581", "stop_name": "College Green", "stop_code": "7581"}}, {"type": "Feature", "geometry": {"type": "Point", "coordinates": [-6.262228, 53.344322]}, "properties": {"stop_id": "8220DB007582", "stop_name": "College Green", "stop_code": "7582"}}, {"type": "Feature", "geometry": {"type": "Point", "coordinates": [-6.253475, 53.342037]}, "properties": {"stop_id": "8220DB007585", "stop_name": "National Gallery", "stop_code": "7585"}}, {"type": "Feature", "geometry": {"type": "Point", "coordinates": [-6.253222, 53.341971]}, "properties": {"stop_id": "8220DB007586", "stop_name": "National Gallery", "stop_code": "7586"}}, {"type": "Feature", "geometry": {"type": "Point", "coordinates": [-6.251228, 53.344458]}, "properties": {"stop_id": "8220DB007587", "stop_name": "Shaw Street", "stop_code": "7587"}}, {"type": "Feature", "geometry": {"type": "Point", "coordinates": [-6.254075, 53.344985]}, "properties": {"stop_id": "8220DB007588", "stop_name": "Pearse Street", "stop_code": "7588"}}, {"type": "Feature", "geometry": {"type": "Point", "coordinates": [-6.25683, 53.34889]}, "properties": {"stop_id": "8220DB007591", "stop_name": "Abbey St Lower", "stop_code": "7591"}}, {"type": "Feature", "geometry": {"type": "Point", "coordinates": [-6.217048, 53.330317]}, "properties": {"stop_id": "8220DB007599", "stop_name": "Gilford Road", "stop_code": "7599"}}, {"type": "Feature", "geometry": {"type": "Point", "coordinates": [-6.210125, 53.351875]}, "properties": {"stop_id": "8220DB007601", "stop_name": "Tolka Quay Rd", "stop_code": "7601"}}, {"type": "Feature", "geometry": {"type": "Point", "coordinates": [-6.25344, 53.371553]}, "properties": {"stop_id": "8220DB007602", "stop_name": "St Patrick's Campus", "stop_code": "7602"}}, {"type": "Feature", "geometry": {"type": "Point", "coordinates": [-6.253183, 53.371577]}, "properties": {"stop_id": "8220DB007603", "stop_name": "St Patrick's Campus", "stop_code": "7603"}}, {"type": "Feature", "geometry": {"type": "Point", "coordinates": [-6.195428, 53.369414]}, "properties": {"stop_id": "8220DB007607", "stop_name": "Vernon Avenue", "stop_code": "7607"}}, {"type": "Feature", "geometry": {"type": "Point", "coordinates": [-6.23661, 53.34727]}, "properties": {"stop_id": "8220DB007611", "stop_name": "N Wall Quay", "stop_code": "7611"}}, {"type": "Feature", "geometry": {"type": "Point", "coordinates": [-6.26144, 53.34707]}, "properties": {"stop_id": "8220DB007622", "stop_name": "Bachelors Walk", "stop_code": "7622"}}, {"type": "Feature", "geometry": {"type": "Point", "coordinates": [-6.228878, 53.346861]}, "properties": {"stop_id": "8220DB007623", "stop_name": "The Point", "stop_code": "7623"}}, {"type": "Feature", "geometry": {"type": "Point", "coordinates": [-6.31103, 53.3952]}, "properties": {"stop_id": "8220DB007661", "stop_name": "Barry Ave", "stop_code": "7661"}}, {"type": "Feature", "geometry": {"type": "Point", "coordinates": [-6.256779, 53.346822]}, "properties": {"stop_id": "8220DB007665", "stop_name": "Poolbeg Street", "stop_code": "7665"}}, {"type": "Feature", "geometry": {"type": "Point", "coordinates": [-6.257884, 53.324134]}, "properties": {"stop_id": "8220DB007668", "stop_name": "Charleston Road", "stop_code": "7668"}}, {"type": "Feature", "geometry": {"type": "Point", "coordinates": [-6.25289, 53.35375]}, "properties": {"stop_id": "8220DB007671", "stop_name": "S MacDermott St", "stop_code": "7671"}}, {"type": "Feature", "geometry": {"type": "Point", "coordinates": [-6.298882, 53.372426]}, "properties": {"stop_id": "8220DB007672", "stop_name": "Broombridge", "stop_code": "7672"}}, {"type": "Feature", "geometry": {"type": "Point", "coordinates": [-6.299106, 53.372465]}, "properties": {"stop_id": "8220DB007686", "stop_name": "Broombridge", "stop_code": "7686"}}, {"type": "Feature", "geometry": {"type": "Point", "coordinates": [-6.31671, 53.38327]}, "properties": {"stop_id": "8220DB007701", "stop_name": "Rathvilly Road", "stop_code": "7701"}}, {"type": "Feature", "geometry": {"type": "Point", "coordinates": [-6.31037, 53.37757]}, "properties": {"stop_id": "8220DB007702", "stop_name": "River Road", "stop_code": "7702"}}, {"type": "Feature", "geometry": {"type": "Point", "coordinates": [-6.31031, 53.37771]}, "properties": {"stop_id": "8220DB007703", "stop_name": "River Road", "stop_code": "7703"}}, {"type": "Feature", "geometry": {"type": "Point", "coordinates": [-6.170074, 53.376821]}, "properties": {"stop_id": "8220DB007727", "stop_name": "St Anne's Pitches", "stop_code": "7727"}}, {"type": "Feature", "geometry": {"type": "Point", "coordinates": [-6.165628, 53.374649]}, "properties": {"stop_id": "8220DB007729", "stop_name": "Causeway Road", "stop_code": "7729"}}, {"type": "Feature", "geometry": {"type": "Point", "coordinates": [-6.155275, 53.379793]}, "properties": {"stop_id": "8220DB007731", "stop_name": "Fox's Lane", "stop_code": "7731"}}, {"type": "Feature", "geometry": {"type": "Point", "coordinates": [-6.255171, 53.347221]}, "properties": {"stop_id": "8220DB007732", "stop_name": "Tara Street", "stop_code": "7732"}}, {"type": "Feature", "geometry": {"type": "Point", "coordinates": [-6.25186, 53.347011]}, "properties": {"stop_id": "8220DB007733", "stop_name": "Moss Street", "stop_code": "7733"}}, {"type": "Feature", "geometry": {"type": "Point", "coordinates": [-6.21443745026226, 53.329199312072]}, "properties": {"stop_id": "8220DB007738", "stop_name": "Gilford Road", "stop_code": "7738"}}, {"type": "Feature", "geometry": {"type": "Point", "coordinates": [-6.21461, 53.32713]}, "properties": {"stop_id": "8220DB007739", "stop_name": "Park Avenue", "stop_code": "7739"}}, {"type": "Feature", "geometry": {"type": "Point", "coordinates": [-6.21473, 53.32777]}, "properties": {"stop_id": "8220DB007740", "stop_name": "Park Avenue", "stop_code": "7740"}}, {"type": "Feature", "geometry": {"type": "Point", "coordinates": [-6.21494, 53.32936]}, "properties": {"stop_id": "8220DB007741", "stop_name": "Gilford Road", "stop_code": "7741"}}, {"type": "Feature", "geometry": {"type": "Point", "coordinates": [-6.230534, 53.360514]}, "properties": {"stop_id": "8220DB007827", "stop_name": "Eastpoint", "stop_code": "7827"}}, {"type": "Feature", "geometry": {"type": "Point", "coordinates": [-6.265188, 53.397201]}, "properties": {"stop_id": "8220DB007828", "stop_name": "Shangan Road", "stop_code": "7828"}}, {"type": "Feature", "geometry": {"type": "Point", "coordinates": [-6.2377, 53.380751]}, "properties": {"stop_id": "8220DB007830", "stop_name": "Whitehall Colmcille", "stop_code": "7830"}}, {"type": "Feature", "geometry": {"type": "Point", "coordinates": [-6.239923, 53.38117]}, "properties": {"stop_id": "8220DB007831", "stop_name": "Whitehall Colmcille", "stop_code": "7831"}}, {"type": "Feature", "geometry": {"type": "Point", "coordinates": [-6.286602, 53.390415]}, "properties": {"stop_id": "8220DB007832", "stop_name": "Grove Park Road", "stop_code": "7832"}}, {"type": "Feature", "geometry": {"type": "Point", "coordinates": [-6.231742, 53.356574]}, "properties": {"stop_id": "8220DB007833", "stop_name": "East Wall Road", "stop_code": "7833"}}, {"type": "Feature", "geometry": {"type": "Point", "coordinates": [-6.231764, 53.356413]}, "properties": {"stop_id": "8220DB007834", "stop_name": "East Wall Road", "stop_code": "7834"}}, {"type": "Feature", "geometry": {"type": "Point", "coordinates": [-6.294254, 53.389697]}, "properties": {"stop_id": "8220DB007836", "stop_name": "Glasanaon Road", "stop_code": "7836"}}, {"type": "Feature", "geometry": {"type": "Point", "coordinates": [-6.300128, 53.389826]}, "properties": {"stop_id": "8220DB007838", "stop_name": "Finglas Village", "stop_code": "7838"}}, {"type": "Feature", "geometry": {"type": "Point", "coordinates": [-6.218063, 53.375129]}, "properties": {"stop_id": "8220DB007840", "stop_name": "Donnycarney", "stop_code": "7840"}}, {"type": "Feature", "geometry": {"type": "Point", "coordinates": [-6.235394, 53.347654]}, "properties": {"stop_id": "8220DB007842", "stop_name": "New Wapping Street", "stop_code": "7842"}}, {"type": "Feature", "geometry": {"type": "Point", "coordinates": [-6.215744, 53.37451]}, "properties": {"stop_id": "8220DB007843", "stop_name": "Parnell Park", "stop_code": "7843"}}, {"type": "Feature", "geometry": {"type": "Point", "coordinates": [-6.229931, 53.348081]}, "properties": {"stop_id": "8220DB007844", "stop_name": "Point Village", "stop_code": "7844"}}, {"type": "Feature", "geometry": {"type": "Point", "coordinates": [-6.299515, 53.390114]}, "properties": {"stop_id": "8220DB007845", "stop_name": "Finglas Village", "stop_code": "7845"}}, {"type": "Feature", "geometry": {"type": "Point", "coordinates": [-6.24367, 53.38233]}, "properties": {"stop_id": "8220DB007851", "stop_name": "Whitehall Cross", "stop_code": "7851"}}, {"type": "Feature", "geometry": {"type": "Point", "coordinates": [-6.232321, 53.359288]}, "properties": {"stop_id": "8220DB007852", "stop_name": "Eastpoint", "stop_code": "7852"}}, {"type": "Feature", "geometry": {"type": "Point", "coordinates": [-6.278665, 53.346375]}, "properties": {"stop_id": "8220DB007854", "stop_name": "Arran Quay", "stop_code": "7854"}}, {"type": "Feature", "geometry": {"type": "Point", "coordinates": [-6.279809, 53.345988]}, "properties": {"stop_id": "8220DB007855", "stop_name": "Usher's Quay", "stop_code": "7855"}}, {"type": "Feature", "geometry": {"type": "Point", "coordinates": [-6.273184, 53.345623]}, "properties": {"stop_id": "8220DB007856", "stop_name": "Inns Quay", "stop_code": "7856"}}, {"type": "Feature", "geometry": {"type": "Point", "coordinates": [-6.27451, 53.34508]}, "properties": {"stop_id": "8220DB007857", "stop_name": "Merchant's Quay", "stop_code": "7857"}}, {"type": "Feature", "geometry": {"type": "Point", "coordinates": [-6.2539, 53.34495]}, "properties": {"stop_id": "8220DB007859", "stop_name": "Shaw Street", "stop_code": "7859"}}, {"type": "Feature", "geometry": {"type": "Point", "coordinates": [-6.25002, 53.34568]}, "properties": {"stop_id": "8220DB007861", "stop_name": "Prince's St South", "stop_code": "7861"}}, {"type": "Feature", "geometry": {"type": "Point", "coordinates": [-6.226096, 53.363202]}, "properties": {"stop_id": "8220DB007863", "stop_name": "Clontarf Rd Stn", "stop_code": "7863"}}, {"type": "Feature", "geometry": {"type": "Point", "coordinates": [-6.252117, 53.345118]}, "properties": {"stop_id": "8220DB007865", "stop_name": "Shaw Street", "stop_code": "7865"}}, {"type": "Feature", "geometry": {"type": "Point", "coordinates": [-6.373113, 53.331325]}, "properties": {"stop_id": "8220DB007867", "stop_name": "Park West Road", "stop_code": "7867"}}, {"type": "Feature", "geometry": {"type": "Point", "coordinates": [-6.371609, 53.330612]}, "properties": {"stop_id": "8220DB007868", "stop_name": "Park West Road", "stop_code": "7868"}}, {"type": "Feature", "geometry": {"type": "Point", "coordinates": [-6.381488, 53.33658]}, "properties": {"stop_id": "8220DB007869", "stop_name": "Park West Ave", "stop_code": "7869"}}, {"type": "Feature", "geometry": {"type": "Point", "coordinates": [-6.381201, 53.336217]}, "properties": {"stop_id": "8220DB007870", "stop_name": "Park West Ave", "stop_code": "7870"}}, {"type": "Feature", "geometry": {"type": "Point", "coordinates": [-6.369838, 53.340835]}, "properties": {"stop_id": "8220DB007871", "stop_name": "Spiddal Road", "stop_code": "7871"}}, {"type": "Feature", "geometry": {"type": "Point", "coordinates": [-6.36646068790577, 53.3407883783049]}, "properties": {"stop_id": "8220DB007872", "stop_name": "Claddagh Green", "stop_code": "7872"}}, {"type": "Feature", "geometry": {"type": "Point", "coordinates": [-6.352448, 53.345485]}, "properties": {"stop_id": "8220DB007873", "stop_name": "Kylemore College", "stop_code": "7873"}}, {"type": "Feature", "geometry": {"type": "Point", "coordinates": [-6.352315, 53.345447]}, "properties": {"stop_id": "8220DB007874", "stop_name": "Kylemore College", "stop_code": "7874"}}, {"type": "Feature", "geometry": {"type": "Point", "coordinates": [-6.2977, 53.35188]}, "properties": {"stop_id": "8220DB007877", "stop_name": "Infirmary Road", "stop_code": "7877"}}, {"type": "Feature", "geometry": {"type": "Point", "coordinates": [-6.268496, 53.346058]}, "properties": {"stop_id": "8220DB007883", "stop_name": "Ormond Quay Upr", "stop_code": "7883"}}, {"type": "Feature", "geometry": {"type": "Point", "coordinates": [-6.271891, 53.344561]}, "properties": {"stop_id": "8220DB007888", "stop_name": "Winetavern Street", "stop_code": "7888"}}, {"type": "Feature", "geometry": {"type": "Point", "coordinates": [-6.258135, 53.347076]}, "properties": {"stop_id": "8220DB007889", "stop_name": "Burgh Quay", "stop_code": "7889"}}, {"type": "Feature", "geometry": {"type": "Point", "coordinates": [-6.231907, 53.348964]}, "properties": {"stop_id": "8220DB007890", "stop_name": "Castleforbes Road", "stop_code": "7890"}}, {"type": "Feature", "geometry": {"type": "Point", "coordinates": [-6.266584, 53.345428]}, "properties": {"stop_id": "8220DB007891", "stop_name": "Wellington Quay", "stop_code": "7891"}}, {"type": "Feature", "geometry": {"type": "Point", "coordinates": [-6.299914, 53.314422]}, "properties": {"stop_id": "8220DB007904", "stop_name": "Ravensdale", "stop_code": "7904"}}, {"type": "Feature", "geometry": {"type": "Point", "coordinates": [-6.302262, 53.31691]}, "properties": {"stop_id": "8220DB007905", "stop_name": "Cashel Avenue", "stop_code": "7905"}}, {"type": "Feature", "geometry": {"type": "Point", "coordinates": [-6.291095, 53.333801]}, "properties": {"stop_id": "8220DB007906", "stop_name": "Dolphin's Barn", "stop_code": "7906"}}, {"type": "Feature", "geometry": {"type": "Point", "coordinates": [-6.272432, 53.341936]}, "properties": {"stop_id": "8220DB007907", "stop_name": "Patrick Street", "stop_code": "7907"}}, {"type": "Feature", "geometry": {"type": "Point", "coordinates": [-6.298149, 53.328985]}, "properties": {"stop_id": "8220DB007910", "stop_name": "Sundrive Road", "stop_code": "7910"}}, {"type": "Feature", "geometry": {"type": "Point", "coordinates": [-6.301668, 53.316353]}, "properties": {"stop_id": "8220DB007911", "stop_name": "Cashel Avenue", "stop_code": "7911"}}, {"type": "Feature", "geometry": {"type": "Point", "coordinates": [-6.300193, 53.31457]}, "properties": {"stop_id": "8220DB007912", "stop_name": "Ravensdale Park", "stop_code": "7912"}}, {"type": "Feature", "geometry": {"type": "Point", "coordinates": [-6.285647, 53.30976]}, "properties": {"stop_id": "8220DB007913", "stop_name": "Hannaville Park", "stop_code": "7913"}}, {"type": "Feature", "geometry": {"type": "Point", "coordinates": [-6.296203, 53.325056]}, "properties": {"stop_id": "8220DB007926", "stop_name": "St. Bernadette's", "stop_code": "7926"}}, {"type": "Feature", "geometry": {"type": "Point", "coordinates": [-6.249958, 53.326697]}, "properties": {"stop_id": "8220DB007928", "stop_name": "Leeson Park", "stop_code": "7928"}}, {"type": "Feature", "geometry": {"type": "Point", "coordinates": [-6.220124, 53.328206]}, "properties": {"stop_id": "8220DB007929", "stop_name": "Sandymount Station", "stop_code": "7929"}}, {"type": "Feature", "geometry": {"type": "Point", "coordinates": [-6.215205, 53.332761]}, "properties": {"stop_id": "8220DB007930", "stop_name": "Sandymount Green", "stop_code": "7930"}}, {"type": "Feature", "geometry": {"type": "Point", "coordinates": [-6.218371, 53.336763]}, "properties": {"stop_id": "8220DB007931", "stop_name": "Beach Road", "stop_code": "7931"}}, {"type": "Feature", "geometry": {"type": "Point", "coordinates": [-6.21887, 53.3372]}, "properties": {"stop_id": "8220DB007932", "stop_name": "Bremen Road", "stop_code": "7932"}}, {"type": "Feature", "geometry": {"type": "Point", "coordinates": [-6.217101, 53.33625]}, "properties": {"stop_id": "8220DB007933", "stop_name": "Beach Road", "stop_code": "7933"}}, {"type": "Feature", "geometry": {"type": "Point", "coordinates": [-6.212894, 53.334156]}, "properties": {"stop_id": "8220DB007934", "stop_name": "Sandymount Strand", "stop_code": "7934"}}, {"type": "Feature", "geometry": {"type": "Point", "coordinates": [-6.279707, 53.318663]}, "properties": {"stop_id": "8220DB007937", "stop_name": "Kenilworth Park", "stop_code": "7937"}}, {"type": "Feature", "geometry": {"type": "Point", "coordinates": [-6.298178, 53.330522]}, "properties": {"stop_id": "8220DB007938", "stop_name": "Crumlin Road", "stop_code": "7938"}}, {"type": "Feature", "geometry": {"type": "Point", "coordinates": [-6.29556, 53.346636]}, "properties": {"stop_id": "8220DB007939", "stop_name": "Heuston Station", "stop_code": "7939"}}, {"type": "Feature", "geometry": {"type": "Point", "coordinates": [-6.34233, 53.32638]}, "properties": {"stop_id": "8220DB007941", "stop_name": "Kylemore", "stop_code": "7941"}}, {"type": "Feature", "geometry": {"type": "Point", "coordinates": [-6.316682, 53.320826]}, "properties": {"stop_id": "8220DB007942", "stop_name": "Crumlin Village", "stop_code": "7942"}}, {"type": "Feature", "geometry": {"type": "Point", "coordinates": [-6.270385, 53.312739]}, "properties": {"stop_id": "8220DB007943", "stop_name": "Highfield Road", "stop_code": "7943"}}, {"type": "Feature", "geometry": {"type": "Point", "coordinates": [-6.264467, 53.313229]}, "properties": {"stop_id": "8220DB007945", "stop_name": "Palmerston Pk", "stop_code": "7945"}}, {"type": "Feature", "geometry": {"type": "Point", "coordinates": [-6.252932, 53.308297]}, "properties": {"stop_id": "8220DB007946", "stop_name": "Milltown Luas", "stop_code": "7946"}}, {"type": "Feature", "geometry": {"type": "Point", "coordinates": [-6.2498, 53.30928]}, "properties": {"stop_id": "8220DB007947", "stop_name": "Shangarry", "stop_code": "7947"}}, {"type": "Feature", "geometry": {"type": "Point", "coordinates": [-6.248544, 53.309904]}, "properties": {"stop_id": "8220DB007952", "stop_name": "Shangarry", "stop_code": "7952"}}, {"type": "Feature", "geometry": {"type": "Point", "coordinates": [-6.252664, 53.308248]}, "properties": {"stop_id": "8220DB007953", "stop_name": "Milltown Luas", "stop_code": "7953"}}, {"type": "Feature", "geometry": {"type": "Point", "coordinates": [-6.264906, 53.313136]}, "properties": {"stop_id": "8220DB007954", "stop_name": "Highfield Road", "stop_code": "7954"}}, {"type": "Feature", "geometry": {"type": "Point", "coordinates": [-6.270823, 53.312656]}, "properties": {"stop_id": "8220DB007957", "stop_name": "Fairfield Park", "stop_code": "7957"}}, {"type": "Feature", "geometry": {"type": "Point", "coordinates": [-6.32382, 53.32452]}, "properties": {"stop_id": "8220DB007958", "stop_name": "Drimnagh Road", "stop_code": "7958"}}, {"type": "Feature", "geometry": {"type": "Point", "coordinates": [-6.264739, 53.356447]}, "properties": {"stop_id": "8220DB007993", "stop_name": "Dorset Street Upr", "stop_code": "7993"}}, {"type": "Feature", "geometry": {"type": "Point", "coordinates": [-6.268615, 53.337937]}, "properties": {"stop_id": "8220DB007995", "stop_name": "Kevin Street", "stop_code": "7995"}}, {"type": "Feature", "geometry": {"type": "Point", "coordinates": [-6.262069, 53.337362]}, "properties": {"stop_id": "8220DB007996", "stop_name": "St Stephen's Grn S", "stop_code": "7996"}}, {"type": "Feature", "geometry": {"type": "Point", "coordinates": [-6.275122, 53.33272]}, "properties": {"stop_id": "8220DB007998", "stop_name": "Leonard's Corner", "stop_code": "7998"}}, {"type": "Feature", "geometry": {"type": "Point", "coordinates": [-6.26456, 53.33751]}, "properties": {"stop_id": "8220DB007999", "stop_name": "Cuffe Street", "stop_code": "7999"}}, {"type": "Feature", "geometry": {"type": "Point", "coordinates": [-6.256645, 53.337242]}, "properties": {"stop_id": "8220DB008002", "stop_name": "St Stephen's Grn E", "stop_code": "8002"}}, {"type": "Feature", "geometry": {"type": "Point", "coordinates": [-6.276371, 53.344606]}, "properties": {"stop_id": "8220DB008032", "stop_name": "Bridge Street", "stop_code": "8032"}}, {"type": "Feature", "geometry": {"type": "Point", "coordinates": [-6.276146, 53.344548]}, "properties": {"stop_id": "8220DB008033", "stop_name": "Bridge Street", "stop_code": "8033"}}, {"type": "Feature", "geometry": {"type": "Point", "coordinates": [-6.304196, 53.39839]}, "properties": {"stop_id": "8220DB008034", "stop_name": "Finglas R Pk", "stop_code": "8034"}}, {"type": "Feature", "geometry": {"type": "Point", "coordinates": [-6.297987, 53.388059]}, "properties": {"stop_id": "8220DB008037", "stop_name": "St Canice's Church", "stop_code": "8037"}}, {"type": "Feature", "geometry": {"type": "Point", "coordinates": [-6.289662, 53.380963]}, "properties": {"stop_id": "8220DB008038", "stop_name": "Premier Square", "stop_code": "8038"}}, {"type": "Feature", "geometry": {"type": "Point", "coordinates": [-6.301509, 53.389557]}, "properties": {"stop_id": "8220DB008040", "stop_name": "Finglas", "stop_code": "8040"}}, {"type": "Feature", "geometry": {"type": "Point", "coordinates": [-6.304463, 53.396871]}, "properties": {"stop_id": "8220DB008041", "stop_name": "Finglas North", "stop_code": "8041"}}, {"type": "Feature", "geometry": {"type": "Point", "coordinates": [-6.300327, 53.389678]}, "properties": {"stop_id": "8220DB008042", "stop_name": "Finglas", "stop_code": "8042"}}, {"type": "Feature", "geometry": {"type": "Point", "coordinates": [-6.26483, 53.33771]}, "properties": {"stop_id": "8220DB008044", "stop_name": "Cuffe Street", "stop_code": "8044"}}, {"type": "Feature", "geometry": {"type": "Point", "coordinates": [-6.262865, 53.358118]}, "properties": {"stop_id": "8220DB008138", "stop_name": "Eccles Place", "stop_code": "8138"}}, {"type": "Feature", "geometry": {"type": "Point", "coordinates": [-6.220389, 53.337729]}, "properties": {"stop_id": "8220DB008151", "stop_name": "Sean Moore Pk", "stop_code": "8151"}}, {"type": "Feature", "geometry": {"type": "Point", "coordinates": [-6.323755, 53.376529]}, "properties": {"stop_id": "8220DB008171", "stop_name": "Rathbourne Avenue", "stop_code": "8171"}}, {"type": "Feature", "geometry": {"type": "Point", "coordinates": [-6.215499, 53.353692]}, "properties": {"stop_id": "8220DB008198", "stop_name": "Terminal 10", "stop_code": "8198"}}, {"type": "Feature", "geometry": {"type": "Point", "coordinates": [-6.284332, 53.405378]}, "properties": {"stop_id": "8220DB008242", "stop_name": "Hampton Wood", "stop_code": "8242"}}, {"type": "Feature", "geometry": {"type": "Point", "coordinates": [-6.284164, 53.405714]}, "properties": {"stop_id": "8220DB008244", "stop_name": "Hampton Wood", "stop_code": "8244"}}, {"type": "Feature", "geometry": {"type": "Point", "coordinates": [-6.273412, 53.402793]}, "properties": {"stop_id": "8220DB008245", "stop_name": "Gallaun Road", "stop_code": "8245"}}, {"type": "Feature", "geometry": {"type": "Point", "coordinates": [-6.265414, 53.379305]}, "properties": {"stop_id": "8220DB008246", "stop_name": "Griffith Avenue", "stop_code": "8246"}}, {"type": "Feature", "geometry": {"type": "Point", "coordinates": [-6.286296, 53.393295]}, "properties": {"stop_id": "8220DB008254", "stop_name": "Grove Road", "stop_code": "8254"}}, {"type": "Feature", "geometry": {"type": "Point", "coordinates": [-6.279716, 53.392963]}, "properties": {"stop_id": "8220DB008255", "stop_name": "Willow Park Cres", "stop_code": "8255"}}, {"type": "Feature", "geometry": {"type": "Point", "coordinates": [-6.278143, 53.384692]}, "properties": {"stop_id": "8220DB008258", "stop_name": "St Kevin's College", "stop_code": "8258"}}, {"type": "Feature", "geometry": {"type": "Point", "coordinates": [-6.31139, 53.36263]}, "properties": {"stop_id": "8220DB008296", "stop_name": "Nephin Road", "stop_code": "8296"}}, {"type": "Feature", "geometry": {"type": "Point", "coordinates": [-6.309, 53.36454]}, "properties": {"stop_id": "8220DB008297", "stop_name": "Navan Road", "stop_code": "8297"}}, {"type": "Feature", "geometry": {"type": "Point", "coordinates": [-6.299971, 53.375324]}, "properties": {"stop_id": "8220DB008299", "stop_name": "Lagan Road", "stop_code": "8299"}}, {"type": "Feature", "geometry": {"type": "Point", "coordinates": [-6.292262, 53.376172]}, "properties": {"stop_id": "8220DB008300", "stop_name": "Glasnevin Court", "stop_code": "8300"}}, {"type": "Feature", "geometry": {"type": "Point", "coordinates": [-6.288212, 53.375628]}, "properties": {"stop_id": "8220DB008301", "stop_name": "Glasnevin Woods", "stop_code": "8301"}}, {"type": "Feature", "geometry": {"type": "Point", "coordinates": [-6.2863, 53.37816]}, "properties": {"stop_id": "8220DB008302", "stop_name": "Glasnevin Downs", "stop_code": "8302"}}, {"type": "Feature", "geometry": {"type": "Point", "coordinates": [-6.27133, 53.37931]}, "properties": {"stop_id": "8220DB008303", "stop_name": "St Clare's", "stop_code": "8303"}}, {"type": "Feature", "geometry": {"type": "Point", "coordinates": [-6.249473, 53.375672]}, "properties": {"stop_id": "8220DB008304", "stop_name": "Drumcondra Rd", "stop_code": "8304"}}, {"type": "Feature", "geometry": {"type": "Point", "coordinates": [-6.242673, 53.373883]}, "properties": {"stop_id": "8220DB008305", "stop_name": "Grace Park Rd", "stop_code": "8305"}}, {"type": "Feature", "geometry": {"type": "Point", "coordinates": [-6.251218, 53.375943]}, "properties": {"stop_id": "8220DB008306", "stop_name": "Drumcondra Rd", "stop_code": "8306"}}, {"type": "Feature", "geometry": {"type": "Point", "coordinates": [-6.266153, 53.378704]}, "properties": {"stop_id": "8220DB008307", "stop_name": "St Mobhi Road", "stop_code": "8307"}}, {"type": "Feature", "geometry": {"type": "Point", "coordinates": [-6.271342, 53.379157]}, "properties": {"stop_id": "8220DB008308", "stop_name": "St Clare's", "stop_code": "8308"}}, {"type": "Feature", "geometry": {"type": "Point", "coordinates": [-6.284902, 53.378151]}, "properties": {"stop_id": "8220DB008309", "stop_name": "Glasnevin Downs", "stop_code": "8309"}}, {"type": "Feature", "geometry": {"type": "Point", "coordinates": [-6.28725, 53.375599]}, "properties": {"stop_id": "8220DB008310", "stop_name": "Glasnevin Woods", "stop_code": "8310"}}, {"type": "Feature", "geometry": {"type": "Point", "coordinates": [-6.29223, 53.37606]}, "properties": {"stop_id": "8220DB008311", "stop_name": "Glasnevin Court", "stop_code": "8311"}}, {"type": "Feature", "geometry": {"type": "Point", "coordinates": [-6.29975, 53.3748]}, "properties": {"stop_id": "8220DB008312", "stop_name": "Lagan Road", "stop_code": "8312"}}, {"type": "Feature", "geometry": {"type": "Point", "coordinates": [-6.30892, 53.36447]}, "properties": {"stop_id": "8220DB008314", "stop_name": "Croaghpatrick Rd", "stop_code": "8314"}}, {"type": "Feature", "geometry": {"type": "Point", "coordinates": [-6.31075, 53.3625]}, "properties": {"stop_id": "8220DB008315", "stop_name": "Park Crescent", "stop_code": "8315"}}, {"type": "Feature", "geometry": {"type": "Point", "coordinates": [-6.256317, 53.356298]}, "properties": {"stop_id": "8220DB008346", "stop_name": "Mountjoy Sq South", "stop_code": "8346"}}, {"type": "Feature", "geometry": {"type": "Point", "coordinates": [-6.203108, 53.351609]}, "properties": {"stop_id": "8220DB008357", "stop_name": "Breakwater Rd", "stop_code": "8357"}}, {"type": "Feature", "geometry": {"type": "Point", "coordinates": [-6.19482, 53.35031]}, "properties": {"stop_id": "8220DB008358", "stop_name": "Ferry Port Termnl 2", "stop_code": "8358"}}, {"type": "Feature", "geometry": {"type": "Point", "coordinates": [-6.196725, 53.350685]}, "properties": {"stop_id": "8220DB008359", "stop_name": "Ferry Port Termnl 2", "stop_code": "8359"}}, {"type": "Feature", "geometry": {"type": "Point", "coordinates": [-6.20873, 53.35107]}, "properties": {"stop_id": "8220DB008360", "stop_name": "Branch Road", "stop_code": "8360"}}, {"type": "Feature", "geometry": {"type": "Point", "coordinates": [-6.256398, 53.353723]}, "properties": {"stop_id": "8220DB008411", "stop_name": "Parnell Street East", "stop_code": "8411"}}, {"type": "Feature", "geometry": {"type": "Point", "coordinates": [-6.306217, 53.369888]}, "properties": {"stop_id": "8220DB008415", "stop_name": "Saint Catherine's", "stop_code": "8415"}}, {"type": "Feature", "geometry": {"type": "Point", "coordinates": [-6.249959, 53.343163]}, "properties": {"stop_id": "8220DB008513", "stop_name": "Westland Row", "stop_code": "8513"}}, {"type": "Feature", "geometry": {"type": "Point", "coordinates": [-6.225157, 53.390765]}, "properties": {"stop_id": "8220DB008522", "stop_name": "Beaumont Hospital", "stop_code": "8522"}}, {"type": "Feature", "geometry": {"type": "Point", "coordinates": [-6.22527, 53.390839]}, "properties": {"stop_id": "8220DB008523", "stop_name": "Beaumont Hospital", "stop_code": "8523"}}, {"type": "Feature", "geometry": {"type": "Point", "coordinates": [-6.2406, 53.3597]}, "properties": {"stop_id": "8220DB008529", "stop_name": "Annesley Place", "stop_code": "8529"}}, {"type": "Feature", "geometry": {"type": "Point", "coordinates": [-6.331992, 53.364731]}, "properties": {"stop_id": "8220DB8211", "stop_name": "Visitor Centre", "stop_code": "8211"}}, {"type": "Feature", "geometry": {"type": "Point", "coordinates": [-6.265753, 53.397313]}, "properties": {"stop_id": "8220GD007829", "stop_name": "Shangan Road", "stop_code": "7829"}}, {"type": "Feature", "geometry": {"type": "Point", "coordinates": [-6.19842, 53.389683]}, "properties": {"stop_id": "8220GD007841", "stop_name": "Brookville Crescent", "stop_code": "7841"}}, {"type": "Feature", "geometry": {"type": "Point", "coordinates": [-6.300028, 53.37219]}, "properties": {"stop_id": "8220GD8340", "stop_name": "Broombridge", "stop_code": "8340"}}, {"type": "Feature", "geometry": {"type": "Point", "coordinates": [-6.299883, 53.372116]}, "properties": {"stop_id": "8220GD8341", "stop_name": "Broombridge", "stop_code": "8341"}}, {"type": "Feature", "geometry": {"type": "Point", "coordinates": [-6.37574767124231, 53.3441867930205]}, "properties": {"stop_id": "8230DB002206", "stop_name": "Cherry Orchard Hosp", "stop_code": "2206"}}, {"type": "Feature", "geometry": {"type": "Point", "coordinates": [-6.3728945596684, 53.3437794112348]}, "properties": {"stop_id": "8230DB002673", "stop_name": "Cherry Orchard IE", "stop_code": "2673"}}, {"type": "Feature", "geometry": {"type": "Point", "coordinates": [-6.337192, 53.317222]}, "properties": {"stop_id": "8230DB002773", "stop_name": "Walkinstown Cres", "stop_code": "2773"}}, {"type": "Feature", "geometry": {"type": "Point", "coordinates": [-6.260589, 53.394892]}, "properties": {"stop_id": "8240DB000124", "stop_name": "Virgin Mary Church", "stop_code": "124"}}, {"type": "Feature", "geometry": {"type": "Point", "coordinates": [-6.238536, 53.387828]}, "properties": {"stop_id": "8240DB000219", "stop_name": "Shantalla Ave", "stop_code": "219"}}, {"type": "Feature", "geometry": {"type": "Point", "coordinates": [-6.246892, 53.389721]}, "properties": {"stop_id": "8240DB000221", "stop_name": "Shanowen Road", "stop_code": "221"}}, {"type": "Feature", "geometry": {"type": "Point", "coordinates": [-6.249304, 53.389945]}, "properties": {"stop_id": "8240DB000222", "stop_name": "Shanliss Road", "stop_code": "222"}}, {"type": "Feature", "geometry": {"type": "Point", "coordinates": [-6.251919, 53.391062]}, "properties": {"stop_id": "8240DB000223", "stop_name": "Shanliss Drive", "stop_code": "223"}}, {"type": "Feature", "geometry": {"type": "Point", "coordinates": [-6.254184, 53.390835]}, "properties": {"stop_id": "8240DB000224", "stop_name": "Shanard Road", "stop_code": "224"}}, {"type": "Feature", "geometry": {"type": "Point", "coordinates": [-6.257439, 53.390667]}, "properties": {"stop_id": "8240DB000225", "stop_name": "Shanowen Avenue", "stop_code": "225"}}, {"type": "Feature", "geometry": {"type": "Point", "coordinates": [-6.2622, 53.391141]}, "properties": {"stop_id": "8240DB000226", "stop_name": "Shanard Avenue", "stop_code": "226"}}, {"type": "Feature", "geometry": {"type": "Point", "coordinates": [-6.251345, 53.391144]}, "properties": {"stop_id": "8240DB000227", "stop_name": "Shanliss Drive", "stop_code": "227"}}, {"type": "Feature", "geometry": {"type": "Point", "coordinates": [-6.256536, 53.391399]}, "properties": {"stop_id": "8240DB000229", "stop_name": "Oldtown Road", "stop_code": "229"}}, {"type": "Feature", "geometry": {"type": "Point", "coordinates": [-6.249066, 53.389888]}, "properties": {"stop_id": "8240DB000230", "stop_name": "Shanowen Road", "stop_code": "230"}}, {"type": "Feature", "geometry": {"type": "Point", "coordinates": [-6.24595, 53.38924]}, "properties": {"stop_id": "8240DB000231", "stop_name": "Santry Village", "stop_code": "231"}}, {"type": "Feature", "geometry": {"type": "Point", "coordinates": [-6.236981, 53.387984]}, "properties": {"stop_id": "8240DB000232", "stop_name": "Shantalla Ave", "stop_code": "232"}}, {"type": "Feature", "geometry": {"type": "Point", "coordinates": [-6.157812, 53.390321]}, "properties": {"stop_id": "8240DB000957", "stop_name": "Howth Junction", "stop_code": "957"}}, {"type": "Feature", "geometry": {"type": "Point", "coordinates": [-6.242723, 53.398226]}, "properties": {"stop_id": "8240DB000973", "stop_name": "Coolock Lane", "stop_code": "973"}}, {"type": "Feature", "geometry": {"type": "Point", "coordinates": [-6.25268, 53.39928]}, "properties": {"stop_id": "8240DB000975", "stop_name": "Shanliss Way", "stop_code": "975"}}, {"type": "Feature", "geometry": {"type": "Point", "coordinates": [-6.262898, 53.400957]}, "properties": {"stop_id": "8240DB000976", "stop_name": "Geraldstown Wood", "stop_code": "976"}}, {"type": "Feature", "geometry": {"type": "Point", "coordinates": [-6.158341, 53.39059]}, "properties": {"stop_id": "8240DB001010", "stop_name": "Saint Donagh's Park", "stop_code": "1010"}}, {"type": "Feature", "geometry": {"type": "Point", "coordinates": [-6.246413, 53.390038]}, "properties": {"stop_id": "8240DB001622", "stop_name": "Santry Village", "stop_code": "1622"}}, {"type": "Feature", "geometry": {"type": "Point", "coordinates": [-6.24626, 53.391932]}, "properties": {"stop_id": "8240DB001623", "stop_name": "Omni Park SC", "stop_code": "1623"}}, {"type": "Feature", "geometry": {"type": "Point", "coordinates": [-6.245473, 53.396082]}, "properties": {"stop_id": "8240DB001624", "stop_name": "Schoolhouse Ln", "stop_code": "1624"}}, {"type": "Feature", "geometry": {"type": "Point", "coordinates": [-6.2452, 53.396509]}, "properties": {"stop_id": "8240DB001639", "stop_name": "Schoolhouse Ln", "stop_code": "1639"}}, {"type": "Feature", "geometry": {"type": "Point", "coordinates": [-6.245987, 53.39235]}, "properties": {"stop_id": "8240DB001640", "stop_name": "Omni Park SC", "stop_code": "1640"}}, {"type": "Feature", "geometry": {"type": "Point", "coordinates": [-6.264013, 53.389091]}, "properties": {"stop_id": "8240DB001645", "stop_name": "Collins Avenue Ext", "stop_code": "1645"}}, {"type": "Feature", "geometry": {"type": "Point", "coordinates": [-6.258849, 53.394426]}, "properties": {"stop_id": "8240DB004686", "stop_name": "Shangan Road", "stop_code": "4686"}}, {"type": "Feature", "geometry": {"type": "Point", "coordinates": [-6.260534, 53.394774]}, "properties": {"stop_id": "8240DB004687", "stop_name": "Virgin Mary Church", "stop_code": "4687"}}, {"type": "Feature", "geometry": {"type": "Point", "coordinates": [-6.259523, 53.400386]}, "properties": {"stop_id": "8240DB005055", "stop_name": "Hazelwood", "stop_code": "5055"}}, {"type": "Feature", "geometry": {"type": "Point", "coordinates": [-6.244577, 53.39775]}, "properties": {"stop_id": "8240GD007848", "stop_name": "Santry Villas", "stop_code": "7848"}}, {"type": "Feature", "geometry": {"type": "Point", "coordinates": [-6.201477, 53.312502]}, "properties": {"stop_id": "8250DB000425", "stop_name": "Merrion Road", "stop_code": "425"}}, {"type": "Feature", "geometry": {"type": "Point", "coordinates": [-6.201889, 53.312706]}, "properties": {"stop_id": "8250DB000475", "stop_name": "Bellevue Avenue", "stop_code": "475"}}]}