{"type":"FeatureCollection","features":[{"type":"Feature","id":0,"geometry":{"type":"LineString","coordinates":[[-6.29058202025098,53.34751630716687],[-6.2893140007134525,53.34724900086957]]},"properties":{"FID":0,"BIKE":"SEPARATE_TRAIL","Shape_Leng":89.5952345473,"DIR":"Forward"}},{"type":"Feature","id":1,"geometry":{"type":"LineString","coordinates":[[-6.2893140007134525,53.34724900086957],[-6.285397999847133,53.347079001026785]]},"properties":{"FID":1,"BIKE":"SEPARATE_TRAIL","Shape_Leng":261.89170707,"DIR":"Bi-Directional"}},{"type":"Feature","id":2,"geometry":{"type":"LineString","coordinates":[[-6.2837770006703915,53.3470340013241],[-6.28251250421835,53.346930736088694]]},"properties":{"FID":2,"BIKE":"SEPARATE_TRAIL","Shape_Leng":85.0446745982,"DIR":"Forward"}},{"type":"Feature","id":3,"geometry":{"type":"LineString","coordinates":[[-6.280175000517752,53.34664200084626],[-6.276588165803026,53.34594518288032],[-6.275494399923523,53.34582165806597]]},"properties":{"FID":3,"BIKE":"SEPARATE_TRAIL","Shape_Leng":325.411664747,"DIR":"Forward"}},{"type":"Feature","id":4,"geometry":{"type":"LineString","coordinates":[[-6.253685000417011,53.34832400110482],[-6.251753878908586,53.34836045473344]]},"properties":{"FID":4,"BIKE":"SEPARATE_TRAIL","Shape_Leng":128.666432417,"DIR":"Forward"}},{"type":"Feature","id":5,"geometry":{"type":"LineString","coordinates":[[-6.228075000156883,53.34666900078909],[-6.235085000276607,53.34717600131945]]},"properties":{"FID":5,"BIKE":"SEPARATE_TRAIL","Shape_Leng":470.250559984,"DIR":"Bi-Directional"}},{"type":"Feature","id":6,"geometry":{"type":"LineString","coordinates":[[-6.235856000102191,53.347231001029805],[-6.237846999523733,53.34735600106811]]},"properties":{"FID":6,"BIKE":"SEPARATE_TRAIL","Shape_Leng":133.321447812,"DIR":"Bi-Directional"}},{"type":"Feature","id":7,"geometry":{"type":"LineString","coordinates":[[-6.238422999300636,53.3473970008654],[-6.239994000137513,53.347453000685434]]},"properties":{"FID":7,"BIKE":"SEPARATE_TRAIL","Shape_Leng":104.889359542,"DIR":"Bi-Directional"}},{"type":"Feature","id":8,"geometry":{"type":"LineString","coordinates":[[-6.239994000137513,53.347453000685434],[-6.24105952193908,53.34752282528703]]},"properties":{"FID":8,"BIKE":"SEPARATE_TRAIL","Shape_Leng":71.3839198154,"DIR":"Bi-Directional"}},{"type":"Feature","id":9,"geometry":{"type":"LineString","coordinates":[[-6.24177899951213,53.3476140006357],[-6.24285800068701,53.34768300108963]]},"properties":{"FID":9,"BIKE":"SEPARATE_TRAIL","Shape_Leng":72.2662286235,"DIR":"Forward"}},{"type":"Feature","id":10,"geometry":{"type":"LineString","coordinates":[[-6.244120000321154,53.34777100122428],[-6.245736000280805,53.3478650006044]]},"properties":{"FID":10,"BIKE":"SEPARATE_TRAIL","Shape_Leng":108.158677839,"DIR":"Forward"}},{"type":"Feature","id":11,"geometry":{"type":"LineString","coordinates":[[-6.248019999426545,53.348015000465566],[-6.251463833216938,53.34818107352147]]},"properties":{"FID":11,"BIKE":"SEPARATE_TRAIL","Shape_Leng":232.082832731,"DIR":"Forward"}},{"type":"Feature","id":12,"geometry":{"type":"LineString","coordinates":[[-6.290907999336274,53.34748900114516],[-6.291779999541687,53.34771800075728]]},"properties":{"FID":12,"BIKE":"SEPARATE_TRAIL","Shape_Leng":63.4174296228,"DIR":"Forward"}},{"type":"Feature","id":13,"geometry":{"type":"LineString","coordinates":[[-6.275524190631859,53.34575972386876],[-6.272433375730074,53.345502220127024],[-6.265136050413918,53.346261399071174]]},"properties":{"FID":13,"BIKE":"SEPARATE_TRAIL","Shape_Leng":701.996291662,"DIR":"Forward"}},{"type":"Feature","id":14,"geometry":{"type":"LineString","coordinates":[[-6.263726810453839,53.3513684177178],[-6.264778452230761,53.35091391558029]]},"properties":{"FID":14,"BIKE":"SEPARATE_TRAIL","Shape_Leng":86.3920589747,"DIR":"Forward"}},{"type":"Feature","id":15,"geometry":{"type":"LineString","coordinates":[[-6.264778452230761,53.35091391558029],[-6.265277720734995,53.35072295547653]]},"properties":{"FID":15,"BIKE":"SEPARATE_TRAIL","Shape_Leng":39.4595076673,"DIR":"Bi-Directional"}},{"type":"Feature","id":16,"geometry":{"type":"LineString","coordinates":[[-6.265277720734995,53.35072295547653],[-6.267119310540683,53.35010436337181],[-6.269169544833573,53.34963906538015]]},"properties":{"FID":16,"BIKE":"SEPARATE_TRAIL","Shape_Leng":287.245700588,"DIR":"Forward"}},{"type":"Feature","id":17,"geometry":{"type":"LineString","coordinates":[[-6.269363072243352,53.35022709300127],[-6.268194789065376,53.34994024157055]]},"properties":{"FID":17,"BIKE":"SEPARATE_TRAIL","Shape_Leng":84.6282247395,"DIR":"Forward"}},{"type":"Feature","id":18,"geometry":{"type":"LineString","coordinates":[[-6.268194789065376,53.34994024157055],[-6.267265585402677,53.350185897580836]]},"properties":{"FID":18,"BIKE":"SEPARATE_TRAIL","Shape_Leng":68.8602214396,"DIR":"Forward"}},{"type":"Feature","id":19,"geometry":{"type":"LineString","coordinates":[[-6.227708291038833,53.36421292629538],[-6.225769836818732,53.363967418562076]]},"properties":{"FID":19,"BIKE":"SEPARATE_TRAIL","Shape_Leng":131.96134276,"DIR":"Forward"}},{"type":"Feature","id":20,"geometry":{"type":"LineString","coordinates":[[-6.224410851998699,53.363549728020445],[-6.225469110421587,53.363712742317446]]},"properties":{"FID":20,"BIKE":"SEPARATE_TRAIL","Shape_Leng":72.7480519909,"DIR":"Forward"}},{"type":"Feature","id":21,"geometry":{"type":"LineString","coordinates":[[-6.2301134140126075,53.36429122468826],[-6.231091153510305,53.364223277744294],[-6.232238417447697,53.36400531560137],[-6.234228400847721,53.36346649619235],[-6.235055273278489,53.363131202089825]]},"properties":{"FID":21,"BIKE":"BIKE_FRIENDLY_PEDESTRIAN_PATH","Shape_Leng":358.834035842,"DIR":"Forward"}},{"type":"Feature","id":22,"geometry":{"type":"LineString","coordinates":[[-6.279913224864967,53.35052823588491],[-6.281806113956152,53.350472465693834]]},"properties":{"FID":22,"BIKE":"SEPARATE_TRAIL","Shape_Leng":126.205829747,"DIR":"Forward"}},{"type":"Feature","id":23,"geometry":{"type":"LineString","coordinates":[[-6.2827361998321996,53.35109886412966],[-6.283347834435255,53.35173439505027]]},"properties":{"FID":23,"BIKE":"SEPARATE_TRAIL","Shape_Leng":81.7318548134,"DIR":"Forward"}},{"type":"Feature","id":24,"geometry":{"type":"LineString","coordinates":[[-6.2781313101268035,53.35568556455474],[-6.278803781033758,53.35428351124536],[-6.279946705960269,53.3527712301401]]},"properties":{"FID":24,"BIKE":"SHARED_ROAD","Shape_Leng":347.514501219,"DIR":"Bi-Directional"}},{"type":"Feature","id":25,"geometry":{"type":"LineString","coordinates":[[-6.254537663435589,53.342190455043834],[-6.257914171441499,53.34292595104859]]},"properties":{"FID":25,"BIKE":"SEPARATE_TRAIL","Shape_Leng":239.890111294,"DIR":"Reverse"}},{"type":"Feature","id":26,"geometry":{"type":"LineString","coordinates":[[-6.25279174102172,53.341827132927094],[-6.254483239776825,53.342180662576375]]},"properties":{"FID":26,"BIKE":"SEPARATE_TRAIL","Shape_Leng":119.335552902,"DIR":"Reverse"}},{"type":"Feature","id":27,"geometry":{"type":"LineString","coordinates":[[-6.260148396242155,53.344497976019134],[-6.259908829655053,53.3445245815971]]},"properties":{"FID":27,"BIKE":"SEPARATE_TRAIL","Shape_Leng":16.2304629318,"DIR":"Forward"}},{"type":"Feature","id":28,"geometry":{"type":"LineString","coordinates":[[-6.25946858272313,53.34469200257912],[-6.259247182090809,53.344985731758136],[-6.259197375856134,53.34523566926237]]},"properties":{"FID":28,"BIKE":"SEPARATE_TRAIL","Shape_Leng":64.1755295032,"DIR":"Bi-Directional"}},{"type":"Feature","id":29,"geometry":{"type":"LineString","coordinates":[[-6.295435999962628,53.34822200054746],[-6.2930590004584115,53.34807900082079]]},"properties":{"FID":29,"BIKE":"SEPARATE_TRAIL","Shape_Leng":159.113324042,"DIR":"Forward"}},{"type":"Feature","id":30,"geometry":{"type":"LineString","coordinates":[[-6.291779999541687,53.34771800075728],[-6.2932363422979645,53.34800127257454],[-6.296279000445458,53.348115001341114]]},"properties":{"FID":30,"BIKE":"SEPARATE_TRAIL","Shape_Leng":304.999930845,"DIR":"Forward"}},{"type":"Feature","id":31,"geometry":{"type":"LineString","coordinates":[[-6.272419694168869,53.338403354417274],[-6.272407196295491,53.337633785009885],[-6.272666941676448,53.33689804672523]]},"properties":{"FID":31,"BIKE":"SEPARATE_TRAIL","Shape_Leng":169.516087348,"DIR":"Forward"}},{"type":"Feature","id":32,"geometry":{"type":"LineString","coordinates":[[-6.272975621989485,53.33632356100802],[-6.273514205624524,53.33535120410759],[-6.274514717130827,53.33437038024685],[-6.274800487713268,53.33396446308146]]},"properties":{"FID":32,"BIKE":"SEPARATE_TRAIL","Shape_Leng":291.022230727,"DIR":"Forward"}},{"type":"Feature","id":33,"geometry":{"type":"LineString","coordinates":[[-6.275165002013472,53.33305074814496],[-6.2750894088814,53.33236382618429]]},"properties":{"FID":33,"BIKE":"SEPARATE_TRAIL","Shape_Leng":76.6135870634,"DIR":"Forward"}},{"type":"Feature","id":34,"geometry":{"type":"LineString","coordinates":[[-6.2755068338766655,53.329913537195566],[-6.275380048589975,53.33052388753455]]},"properties":{"FID":34,"BIKE":"SEPARATE_TRAIL","Shape_Leng":68.4643714537,"DIR":"Forward"}},{"type":"Feature","id":35,"geometry":{"type":"LineString","coordinates":[[-6.2752424394505795,53.33177588649589],[-6.275335771734882,53.332785419935995]]},"properties":{"FID":35,"BIKE":"SEPARATE_TRAIL","Shape_Leng":112.525716645,"DIR":"Forward"}},{"type":"Feature","id":36,"geometry":{"type":"LineString","coordinates":[[-6.264944909809518,53.341793682902576],[-6.265266478095976,53.34154124869574],[-6.265378357101415,53.341232945475106]]},"properties":{"FID":36,"BIKE":"SEPARATE_TRAIL","Shape_Leng":70.5336489294,"DIR":"Forward"}},{"type":"Feature","id":37,"geometry":{"type":"LineString","coordinates":[[-6.265629226461698,53.33731558624132],[-6.265111270436971,53.335576351478956]]},"properties":{"FID":37,"BIKE":"SEPARATE_TRAIL","Shape_Leng":196.669904975,"DIR":"Forward"}},{"type":"Feature","id":38,"geometry":{"type":"LineString","coordinates":[[-6.264382278463144,53.33102313604672],[-6.264224458309202,53.33031594561827]]},"properties":{"FID":38,"BIKE":"SEPARATE_TRAIL","Shape_Leng":79.4163061512,"DIR":"Forward"}},{"type":"Feature","id":39,"geometry":{"type":"LineString","coordinates":[[-6.264632785115846,53.32752678499418],[-6.264803017112462,53.326711303420204]]},"properties":{"FID":39,"BIKE":"SEPARATE_TRAIL","Shape_Leng":91.4656173525,"DIR":"Forward"}},{"type":"Feature","id":40,"geometry":{"type":"LineString","coordinates":[[-6.264906299452443,53.326148216973934],[-6.265710192121344,53.32207866228484]]},"properties":{"FID":40,"BIKE":"SEPARATE_TRAIL","Shape_Leng":456.458683416,"DIR":"Forward"}},{"type":"Feature","id":41,"geometry":{"type":"LineString","coordinates":[[-6.264936594506456,53.3326631166074],[-6.265150109200723,53.33357953591077]]},"properties":{"FID":41,"BIKE":"SEPARATE_TRAIL","Shape_Leng":102.977916019,"DIR":"Forward"}},{"type":"Feature","id":42,"geometry":{"type":"LineString","coordinates":[[-6.265921808807525,53.33779743752671],[-6.2661371546496465,53.3384584230971],[-6.265954610558051,53.339397108853625]]},"properties":{"FID":42,"BIKE":"SEPARATE_TRAIL","Shape_Leng":180.127421371,"DIR":"Forward"}},{"type":"Feature","id":43,"geometry":{"type":"LineString","coordinates":[[-6.26576684064493,53.34029379591721],[-6.265484112309388,53.34141046314514],[-6.265316064575101,53.34163124413661]]},"properties":{"FID":43,"BIKE":"SEPARATE_TRAIL","Shape_Leng":152.722421228,"DIR":"Forward"}},{"type":"Feature","id":44,"geometry":{"type":"LineString","coordinates":[[-6.2700770955841545,53.34217266195362],[-6.269921059472183,53.342765157594364],[-6.269997330530972,53.34316622799867],[-6.270154871792097,53.343242290290796]]},"properties":{"FID":44,"BIKE":"SEPARATE_TRAIL","Shape_Leng":125.45246602,"DIR":"Forward"}},{"type":"Feature","id":45,"geometry":{"type":"LineString","coordinates":[[-6.269865999719457,53.34321300133781],[-6.269764274612362,53.34266905887149],[-6.2699532281396255,53.34210557979491]]},"properties":{"FID":45,"BIKE":"SEPARATE_TRAIL","Shape_Leng":125.20060981,"DIR":"Forward"}},{"type":"Feature","id":46,"geometry":{"type":"LineString","coordinates":[[-6.270124999498158,53.34067100068491],[-6.2700770955841545,53.34217266195362]]},"properties":{"FID":46,"BIKE":"SEPARATE_TRAIL","Shape_Leng":167.23240867,"DIR":"Forward"}},{"type":"Feature","id":47,"geometry":{"type":"LineString","coordinates":[[-6.2699532281396255,53.34210557979491],[-6.270030850693742,53.34146215384185],[-6.269916489382066,53.340484727569695]]},"properties":{"FID":47,"BIKE":"SEPARATE_TRAIL","Shape_Leng":181.267196429,"DIR":"Forward"}},{"type":"Feature","id":48,"geometry":{"type":"LineString","coordinates":[[-6.249207220082912,53.34411344514055],[-6.250477105426627,53.342100264185305]]},"properties":{"FID":48,"BIKE":"SEPARATE_TRAIL","Shape_Leng":239.577035626,"DIR":"Forward"}},{"type":"Feature","id":49,"geometry":{"type":"LineString","coordinates":[[-6.265283651787406,53.378703274281634],[-6.255851427348776,53.37702805362743],[-6.250860733129317,53.376004367194895],[-6.2407910589055255,53.37324717821837],[-6.237316863393419,53.3720644658497]]},"properties":{"FID":49,"BIKE":"SEPARATE_TRAIL","Shape_Leng":2009.58571311,"DIR":"Forward"}},{"type":"Feature","id":50,"geometry":{"type":"LineString","coordinates":[[-6.269865999719457,53.34321300133781],[-6.267704592764198,53.34372726716214],[-6.267595676554927,53.34380241715708],[-6.267746406706843,53.34400898272945]]},"properties":{"FID":50,"BIKE":"SEPARATE_TRAIL","Shape_Leng":191.926746758,"DIR":"Forward"}},{"type":"Feature","id":51,"geometry":{"type":"LineString","coordinates":[[-6.241193176150907,53.34633673704912],[-6.240233863051641,53.346183917794],[-6.230735077454763,53.34547066386787]]},"properties":{"FID":51,"BIKE":"SEPARATE_TRAIL","Shape_Leng":704.441548637,"DIR":"Bi-Directional"}},{"type":"Feature","id":52,"geometry":{"type":"LineString","coordinates":[[-6.2414738623998804,53.34629387191565],[-6.246261536514176,53.346603494457085],[-6.251544000148071,53.347363000622195]]},"properties":{"FID":52,"BIKE":"SEPARATE_TRAIL","Shape_Leng":682.987997902,"DIR":"Bi-Directional"}},{"type":"Feature","id":53,"geometry":{"type":"LineString","coordinates":[[-6.276060689184389,53.34528859416885],[-6.280534168922236,53.34616724164291]]},"properties":{"FID":53,"BIKE":"SEPARATE_TRAIL","Shape_Leng":313.574995695,"DIR":"Forward"}},{"type":"Feature","id":54,"geometry":{"type":"LineString","coordinates":[[-6.2856165729772036,53.346523611877046],[-6.291009270060206,53.34679950365905]]},"properties":{"FID":54,"BIKE":"SEPARATE_TRAIL","Shape_Leng":362.658723086,"DIR":"Forward"}},{"type":"Feature","id":55,"geometry":{"type":"LineString","coordinates":[[-6.244487999657554,53.35628660069361],[-6.244254917359779,53.35629178726628],[-6.243396633206677,53.35584738353343],[-6.243143941058789,53.35545979208623],[-6.243243574513084,53.35522839109293],[-6.242531976512432,53.354949517625705],[-6.241133600143285,53.35361889096879],[-6.24062364859868,53.35270779849336],[-6.240441340714205,53.35211660674514],[-6.240361013451292,53.35167463595594],[-6.240502535203781,53.35064390094679]]},"properties":{"FID":55,"BIKE":"NON_TRAFFIC_TRAIL","Shape_Leng":741.218509415,"DIR":"Bi-Directional"}},{"type":"Feature","id":56,"geometry":{"type":"LineString","coordinates":[[-6.282322253502943,53.40356618429292],[-6.28308765498021,53.40412295587741]]},"properties":{"FID":56,"BIKE":"SEPARATE_TRAIL","Shape_Leng":80.1927274471,"DIR":"Forward"}},{"type":"Feature","id":57,"geometry":{"type":"LineString","coordinates":[[-6.281268277177588,53.402688404555335],[-6.281696665209108,53.402903526244],[-6.2819269191396625,53.40326336828516],[-6.282322253502943,53.40356618429292]]},"properties":{"FID":57,"BIKE":"SEPARATE_TRAIL","Shape_Leng":124.080119547,"DIR":"Forward"}},{"type":"Feature","id":58,"geometry":{"type":"LineString","coordinates":[[-6.281142866319954,53.40415270738191],[-6.283006849293487,53.40287405561139]]},"properties":{"FID":58,"BIKE":"SEPARATE_TRAIL","Shape_Leng":190.769876809,"DIR":"Forward"}},{"type":"Feature","id":74,"geometry":{"type":"LineString","coordinates":[[-6.25335638004462,53.33275311763013],[-6.253257571103169,53.33275340556652],[-6.246489323568076,53.33956568840275]]},"properties":{"FID":74,"BIKE":"SEPARATE_TRAIL","Shape_Leng":888.996039236,"DIR":"Forward"}},{"type":"Feature","id":75,"geometry":{"type":"LineString","coordinates":[[-6.246277837396851,53.339518196284686],[-6.247800919413424,53.3381090499249],[-6.253152829154101,53.33256040461738]]},"properties":{"FID":75,"BIKE":"SEPARATE_TRAIL","Shape_Leng":901.58735173,"DIR":"Forward"}},{"type":"Feature","id":86,"geometry":{"type":"LineString","coordinates":[[-6.272583595687513,53.360745410576534],[-6.272626386163085,53.3597762550347],[-6.273274301622787,53.35841877488227]]},"properties":{"FID":86,"BIKE":"SEPARATE_TRAIL","Shape_Leng":265.128140489,"DIR":"Forward"}},{"type":"Feature","id":87,"geometry":{"type":"LineString","coordinates":[[-6.272899882982658,53.353367755163426],[-6.273378269378426,53.35171756202728]]},"properties":{"FID":87,"BIKE":"SEPARATE_TRAIL","Shape_Leng":186.617192206,"DIR":"Forward"}},{"type":"Feature","id":88,"geometry":{"type":"LineString","coordinates":[[-6.274456210205576,53.35005704099225],[-6.27458534479777,53.349801584865915],[-6.274655714298998,53.347976447971895]]},"properties":{"FID":88,"BIKE":"SEPARATE_TRAIL","Shape_Leng":232.961263327,"DIR":"Forward"}},{"type":"Feature","id":89,"geometry":{"type":"LineString","coordinates":[[-6.274866223925958,53.34716148830753],[-6.275494399923523,53.34582165806597]]},"properties":{"FID":89,"BIKE":"SEPARATE_TRAIL","Shape_Leng":155.124546627,"DIR":"Forward"}},{"type":"Feature","id":120,"geometry":{"type":"LineString","coordinates":[[-6.23821483009722,53.36115306620506],[-6.23878359942124,53.36069820095845]]},"properties":{"FID":120,"BIKE":"SEPARATE_TRAIL","Shape_Leng":63.2389649186,"DIR":"Forward"}},{"type":"Feature","id":121,"geometry":{"type":"LineString","coordinates":[[-6.238998400074103,53.360775900658545],[-6.2386642365121565,53.36103421284403]]},"properties":{"FID":121,"BIKE":"SEPARATE_TRAIL","Shape_Leng":36.3507924052,"DIR":"Forward"}},{"type":"Feature","id":134,"geometry":{"type":"LineString","coordinates":[[-6.262562000605476,53.35201900111645],[-6.263034159591055,53.35172072586597]]},"properties":{"FID":134,"BIKE":"SEPARATE_TRAIL","Shape_Leng":45.7974328781,"DIR":"Forward"}},{"type":"Feature","id":144,"geometry":{"type":"LineString","coordinates":[[-6.265730903701865,53.372991181794696],[-6.265477010183057,53.37412490254483],[-6.264779008366329,53.375634687797756]]},"properties":{"FID":144,"BIKE":"BIKE_FRIENDLY_PEDESTRIAN_PATH","Shape_Leng":301.798686868,"DIR":"Forward"}},{"type":"Feature","id":145,"geometry":{"type":"LineString","coordinates":[[-6.328860000038786,53.36803000139025],[-6.32966999965855,53.36842000078724]]},"properties":{"FID":145,"BIKE":"SEPARATE_TRAIL","Shape_Leng":69.2151624221,"DIR":"Forward"}},{"type":"Feature","id":155,"geometry":{"type":"LineString","coordinates":[[-6.283456456596812,53.40588288521515],[-6.282050000817141,53.40587000155922],[-6.2780800001436985,53.40611000060181]]},"properties":{"FID":155,"BIKE":"BIKE_FRIENDLY_PEDESTRIAN_PATH","Shape_Leng":359.281092245,"DIR":"Forward"}},{"type":"Feature","id":237,"geometry":{"type":"LineString","coordinates":[[-6.186829999374484,53.39761000074738],[-6.187529999347179,53.3977400000844]]},"properties":{"FID":237,"BIKE":"BIKE_FRIENDLY_PEDESTRIAN_PATH","Shape_Leng":48.7590107852,"DIR":"Forward"}},{"type":"Feature","id":238,"geometry":{"type":"LineString","coordinates":[[-6.308969999383671,53.401100000894864],[-6.309159998907894,53.40133000059991]]},"properties":{"FID":238,"BIKE":"BIKE_FRIENDLY_PEDESTRIAN_PATH","Shape_Leng":28.5464449998,"DIR":"Forward"}},{"type":"Feature","id":250,"geometry":{"type":"LineString","coordinates":[[-6.224443967736641,53.314228982478085],[-6.225892361579051,53.314732809086834]]},"properties":{"FID":250,"BIKE":"SEPARATE_TRAIL","Shape_Leng":111.696828155,"DIR":"Forward"}},{"type":"Feature","id":251,"geometry":{"type":"LineString","coordinates":[[-6.220901128730107,53.31146158084265],[-6.221750000515865,53.31277000054963],[-6.222430000414351,53.313390001067184]]},"properties":{"FID":251,"BIKE":"SEPARATE_TRAIL","Shape_Leng":239.08101116,"DIR":"Forward"}},{"type":"Feature","id":252,"geometry":{"type":"LineString","coordinates":[[-6.228923256719091,53.3170982348771],[-6.228409999723537,53.31664000070498]]},"properties":{"FID":252,"BIKE":"BIKE_FRIENDLY_PEDESTRIAN_PATH","Shape_Leng":61.4064892667,"DIR":"Forward"}},{"type":"Feature","id":253,"geometry":{"type":"LineString","coordinates":[[-6.228409999723537,53.31664000070498],[-6.2260000006724265,53.31503000164944]]},"properties":{"FID":253,"BIKE":"SEPARATE_TRAIL","Shape_Leng":240.954315453,"DIR":"Forward"}},{"type":"Feature","id":257,"geometry":{"type":"LineString","coordinates":[[-6.308789999886185,53.40087000052231],[-6.308969999383671,53.401100000894864]]},"properties":{"FID":257,"BIKE":"BIKE_FRIENDLY_PEDESTRIAN_PATH","Shape_Leng":28.2583946337,"DIR":"Forward"}},{"type":"Feature","id":262,"geometry":{"type":"LineString","coordinates":[[-6.229133158912732,53.31698612466718],[-6.230399654422814,53.317850081160024]]},"properties":{"FID":262,"BIKE":"BIKE_FRIENDLY_PEDESTRIAN_PATH","Shape_Leng":127.942707566,"DIR":"Forward"}},{"type":"Feature","id":265,"geometry":{"type":"LineString","coordinates":[[-6.186107365774832,53.39752089007087],[-6.185981969107714,53.39736525666084],[-6.185553506630564,53.39716420347915]]},"properties":{"FID":265,"BIKE":"BIKE_FRIENDLY_PEDESTRIAN_PATH","Shape_Leng":55.7983296172,"DIR":"Forward"}},{"type":"Feature","id":267,"geometry":{"type":"LineString","coordinates":[[-6.280159998904903,53.3708200011314],[-6.281049999508636,53.37156000111021]]},"properties":{"FID":267,"BIKE":"BIKE_FRIENDLY_PEDESTRIAN_PATH","Shape_Leng":101.510200485,"DIR":"Forward"}},{"type":"Feature","id":268,"geometry":{"type":"LineString","coordinates":[[-6.230070205323413,53.3179473490167],[-6.229181499616943,53.31728958284264]]},"properties":{"FID":268,"BIKE":"BIKE_FRIENDLY_PEDESTRIAN_PATH","Shape_Leng":94.2127100858,"DIR":"Forward"}},{"type":"Feature","id":277,"geometry":{"type":"LineString","coordinates":[[-6.229181499616943,53.31728958284264],[-6.228923256719091,53.3170982348771]]},"properties":{"FID":277,"BIKE":"BIKE_FRIENDLY_PEDESTRIAN_PATH","Shape_Leng":27.3803503386,"DIR":"Forward"}},{"type":"Feature","id":287,"geometry":{"type":"LineString","coordinates":[[-6.309319999373952,53.40152000109983],[-6.309489999071315,53.401730000989026]]},"properties":{"FID":287,"BIKE":"BIKE_FRIENDLY_PEDESTRIAN_PATH","Shape_Leng":25.9625328937,"DIR":"Forward"}},{"type":"Feature","id":290,"geometry":{"type":"LineString","coordinates":[[-6.228584060289927,53.31657444285972],[-6.229133158912732,53.31698612466718]]},"properties":{"FID":290,"BIKE":"BIKE_FRIENDLY_PEDESTRIAN_PATH","Shape_Leng":58.6369835124,"DIR":"Forward"}},{"type":"Feature","id":304,"geometry":{"type":"LineString","coordinates":[[-6.337539999754154,53.3687300007813],[-6.33585999984644,53.36913000083003],[-6.334010000359335,53.36928000068825]]},"properties":{"FID":304,"BIKE":"SEPARATE_TRAIL","Shape_Leng":245.337893409,"DIR":"Forward"}},{"type":"Feature","id":305,"geometry":{"type":"LineString","coordinates":[[-6.322060000592009,53.365190000991504],[-6.323159998918409,53.36538000063758]]},"properties":{"FID":305,"BIKE":"SEPARATE_TRAIL","Shape_Leng":76.2159825848,"DIR":"Forward"}},{"type":"Feature","id":306,"geometry":{"type":"LineString","coordinates":[[-6.32966999965855,53.36842000078724],[-6.330879999694036,53.36892000047004],[-6.331640000552025,53.36911000078226],[-6.3327199995662955,53.369260000957844],[-6.334010000359335,53.36928000068825]]},"properties":{"FID":306,"BIKE":"SEPARATE_TRAIL","Shape_Leng":312.579992041,"DIR":"Forward"}},{"type":"Feature","id":307,"geometry":{"type":"LineString","coordinates":[[-6.323159998918409,53.36538000063758],[-6.324350000055315,53.365720000800785],[-6.32557999889426,53.36634000144083]]},"properties":{"FID":307,"BIKE":"SEPARATE_TRAIL","Shape_Leng":195.246813186,"DIR":"Forward"}},{"type":"Feature","id":331,"geometry":{"type":"LineString","coordinates":[[-6.1496767724903725,53.38218206107658],[-6.150146230028976,53.38236532586593],[-6.150579672202468,53.38205390690373],[-6.150715367968092,53.38206038050901]]},"properties":{"FID":331,"BIKE":"BIKE_FRIENDLY_PEDESTRIAN_PATH","Shape_Leng":94.5356049977,"DIR":"Bi-Directional"}},{"type":"Feature","id":332,"geometry":{"type":"LineString","coordinates":[[-6.32557999889426,53.36634000144083],[-6.328860000038786,53.36803000139025]]},"properties":{"FID":332,"BIKE":"SEPARATE_TRAIL","Shape_Leng":288.382967963,"DIR":"Forward"}},{"type":"Feature","id":335,"geometry":{"type":"LineString","coordinates":[[-6.239007811243214,53.33874592570059],[-6.23957608027102,53.33898081050851]]},"properties":{"FID":335,"BIKE":"SEPARATE_TRAIL","Shape_Leng":48.1824722327,"DIR":"Bi-Directional"}},{"type":"Feature","id":344,"geometry":{"type":"LineString","coordinates":[[-6.244385331773357,53.38288069925881],[-6.244497510261494,53.38302823307559],[-6.244152531684734,53.383346325179296],[-6.2436893597319445,53.38429771324074],[-6.24320156332936,53.38611871343941],[-6.2431869535779265,53.38633738877859],[-6.243356591994444,53.386754213624954],[-6.243833614917824,53.38726968254502]]},"properties":{"FID":344,"BIKE":"SHARED_ROAD","Shape_Leng":514.386660722,"DIR":"Bi-Directional"}},{"type":"Feature","id":345,"geometry":{"type":"LineString","coordinates":[[-6.325410000017013,53.36266000086248],[-6.325170000151163,53.36363000027227]]},"properties":{"FID":345,"BIKE":"BIKE_FRIENDLY_PEDESTRIAN_PATH","Shape_Leng":109.276000397,"DIR":"Forward"}},{"type":"Feature","id":352,"geometry":{"type":"LineString","coordinates":[[-6.186829999374484,53.39761000074738],[-6.186700000698462,53.39763000120458]]},"properties":{"FID":352,"BIKE":"BIKE_FRIENDLY_PEDESTRIAN_PATH","Shape_Leng":8.92923737058,"DIR":"Forward"}},{"type":"Feature","id":366,"geometry":{"type":"LineString","coordinates":[[-6.204583024408981,53.38314010009841],[-6.204946373329644,53.38268220959678],[-6.205804560147898,53.382780907101065]]},"properties":{"FID":366,"BIKE":"SEPARATE_TRAIL","Shape_Leng":116.591178021,"DIR":"Bi-Directional"}},{"type":"Feature","id":369,"geometry":{"type":"LineString","coordinates":[[-6.206024079748797,53.382896435463415],[-6.205427778887941,53.383298655141],[-6.2046860410441,53.383198274103684]]},"properties":{"FID":369,"BIKE":"SEPARATE_TRAIL","Shape_Leng":113.175219103,"DIR":"Bi-Directional"}},{"type":"Feature","id":370,"geometry":{"type":"LineString","coordinates":[[-6.325809999842036,53.36053000044074],[-6.325869999695947,53.3613600010403],[-6.325799999582575,53.361760000842594],[-6.325410000017013,53.36266000086248]]},"properties":{"FID":370,"BIKE":"BIKE_FRIENDLY_PEDESTRIAN_PATH","Shape_Leng":240.799461649,"DIR":"Forward"}},{"type":"Feature","id":373,"geometry":{"type":"LineString","coordinates":[[-6.341109999449324,53.36681000042504],[-6.338950000407301,53.36818000041777],[-6.337539999754154,53.3687300007813]]},"properties":{"FID":373,"BIKE":"SEPARATE_TRAIL","Shape_Leng":322.01815755,"DIR":"Forward"}},{"type":"Feature","id":374,"geometry":{"type":"LineString","coordinates":[[-6.225952071607949,53.35143482016294],[-6.225263675413591,53.3524361113759],[-6.225312972865022,53.3526533602678]]},"properties":{"FID":374,"BIKE":"BIKE_FRIENDLY_PEDESTRIAN_PATH","Shape_Leng":146.611930062,"DIR":"Forward"}},{"type":"Feature","id":380,"geometry":{"type":"LineString","coordinates":[[-6.320240000375278,53.39200000142051],[-6.323040000159457,53.393160000205214],[-6.323310000141742,53.393340001071635],[-6.323729999299647,53.393960000423405],[-6.3244199993672625,53.39433000065405],[-6.328190000070724,53.39532000141044],[-6.329079999573176,53.3956700013269]]},"properties":{"FID":380,"BIKE":"BIKE_FRIENDLY_PEDESTRIAN_PATH","Shape_Leng":735.885956756,"DIR":"Forward"}},{"type":"Feature","id":383,"geometry":{"type":"LineString","coordinates":[[-6.265057135931479,53.330304804868234],[-6.265096947366461,53.33054126295361]]},"properties":{"FID":383,"BIKE":"SEPARATE_TRAIL","Shape_Leng":26.448908296,"DIR":"Bi-Directional"}},{"type":"Feature","id":391,"geometry":{"type":"LineString","coordinates":[[-6.264335332635206,53.33017813500954],[-6.264874777434947,53.330172013379205],[-6.265057135931479,53.330304804868234]]},"properties":{"FID":391,"BIKE":"SEPARATE_TRAIL","Shape_Leng":56.07851919,"DIR":"Bi-Directional"}},{"type":"Feature","id":396,"geometry":{"type":"LineString","coordinates":[[-6.309159998907894,53.40133000059991],[-6.309319999373952,53.40152000109983]]},"properties":{"FID":396,"BIKE":"BIKE_FRIENDLY_PEDESTRIAN_PATH","Shape_Leng":23.6722294116,"DIR":"Forward"}},{"type":"Feature","id":416,"geometry":{"type":"LineString","coordinates":[[-6.287639999902838,53.37768000064689],[-6.287810000370919,53.37891000081024],[-6.288330000198576,53.379740000861425]]},"properties":{"FID":416,"BIKE":"BIKE_FRIENDLY_PEDESTRIAN_PATH","Shape_Leng":236.439614795,"DIR":"Forward"}},{"type":"Feature","id":418,"geometry":{"type":"LineString","coordinates":[[-6.22041488462426,53.31076955724569],[-6.220521836881541,53.31092229625888]]},"properties":{"FID":418,"BIKE":"BIKE_FRIENDLY_PEDESTRIAN_PATH","Shape_Leng":18.4328173784,"DIR":"Forward"}},{"type":"Feature","id":422,"geometry":{"type":"LineString","coordinates":[[-6.281049999508636,53.37156000111021],[-6.282240000747955,53.3721800006817]]},"properties":{"FID":422,"BIKE":"BIKE_FRIENDLY_PEDESTRIAN_PATH","Shape_Leng":105.764427895,"DIR":"Forward"}},{"type":"Feature","id":425,"geometry":{"type":"LineString","coordinates":[[-6.308510000392162,53.40055000023304],[-6.308789999886185,53.40087000052231]]},"properties":{"FID":425,"BIKE":"BIKE_FRIENDLY_PEDESTRIAN_PATH","Shape_Leng":40.188672633,"DIR":"Forward"}},{"type":"Feature","id":439,"geometry":{"type":"LineString","coordinates":[[-6.186107365774832,53.39752089007087],[-6.186131904619186,53.397639619773315]]},"properties":{"FID":439,"BIKE":"BIKE_FRIENDLY_PEDESTRIAN_PATH","Shape_Leng":13.3142895926,"DIR":"Forward"}},{"type":"Feature","id":475,"geometry":{"type":"LineString","coordinates":[[-6.278421682986285,53.34871830101779],[-6.278899897354652,53.34877912875151]]},"properties":{"FID":475,"BIKE":"NON_TRAFFIC_TRAIL","Shape_Leng":32.5576411922,"DIR":"Bi-Directional"}},{"type":"Feature","id":487,"geometry":{"type":"LineString","coordinates":[[-6.322399999841596,53.345110000385574],[-6.320599999515735,53.34554000043027]]},"properties":{"FID":487,"BIKE":"NON_TRAFFIC_TRAIL","Shape_Leng":129.076169147,"DIR":"Bi-Directional"}},{"type":"Feature","id":488,"geometry":{"type":"LineString","coordinates":[[-6.238823193244309,53.34406872621008],[-6.238381449624372,53.34423420520873]]},"properties":{"FID":488,"BIKE":"NON_TRAFFIC_TRAIL","Shape_Leng":34.709428153,"DIR":"Bi-Directional"}},{"type":"Feature","id":489,"geometry":{"type":"LineString","coordinates":[[-6.2664939641520565,53.3719950810535],[-6.266006862279678,53.372430997001906],[-6.265983373397307,53.37258167237528]]},"properties":{"FID":489,"BIKE":"BIKE_FRIENDLY_PEDESTRIAN_PATH","Shape_Leng":75.2683050368,"DIR":"Forward"}},{"type":"Feature","id":491,"geometry":{"type":"LineString","coordinates":[[-6.257369999302787,53.336980000529906],[-6.256849999814219,53.33752000095215]]},"properties":{"FID":491,"BIKE":"NON_TRAFFIC_TRAIL","Shape_Leng":69.5914133598,"DIR":"Bi-Directional"}},{"type":"Feature","id":492,"geometry":{"type":"LineString","coordinates":[[-6.358892012015145,53.328216459497725],[-6.359032579824793,53.328250324033405],[-6.359230438831437,53.32883110033663],[-6.359192281332981,53.32927554655339],[-6.3590257726208375,53.32956852029077],[-6.359100625237508,53.33044291084287],[-6.358938971573991,53.33100074682372],[-6.358370279728658,53.33150292686933],[-6.356670891554519,53.33201115998013],[-6.356151438526467,53.33228874058166]]},"properties":{"FID":492,"BIKE":"BIKE_FRIENDLY_PEDESTRIAN_PATH","Shape_Leng":563.546719797,"DIR":"Forward"}},{"type":"Feature","id":493,"geometry":{"type":"LineString","coordinates":[[-6.386076015297955,53.34104000059536],[-6.386253565626028,53.34035452341636],[-6.385639852185152,53.338226060143185],[-6.3853238190158335,53.3380851645406],[-6.383879814512755,53.33805030059357],[-6.383041432607509,53.337781982937756],[-6.380491420909864,53.335810636533985]]},"properties":{"FID":493,"BIKE":"BIKE_FRIENDLY_PEDESTRIAN_PATH","Shape_Leng":783.512957736,"DIR":"Forward"}},{"type":"Feature","id":496,"geometry":{"type":"LineString","coordinates":[[-6.176794541646078,53.3697330618449],[-6.175955468081216,53.37002583834722]]},"properties":{"FID":496,"BIKE":"NON_TRAFFIC_TRAIL","Shape_Leng":64.6606526413,"DIR":"Bi-Directional"}},{"type":"Feature","id":497,"geometry":{"type":"LineString","coordinates":[[-6.316061100818779,53.374691549440165],[-6.316496723708903,53.37469769507262]]},"properties":{"FID":497,"BIKE":"NON_TRAFFIC_TRAIL","Shape_Leng":29,"DIR":"Bi-Directional"}},{"type":"Feature","id":501,"geometry":{"type":"LineString","coordinates":[[-6.183075832731228,53.383868399476405],[-6.183460328291409,53.38401806276203]]},"properties":{"FID":501,"BIKE":"NON_TRAFFIC_TRAIL","Shape_Leng":30.5286750449,"DIR":"Bi-Directional"}},{"type":"Feature","id":502,"geometry":{"type":"LineString","coordinates":[[-6.219501683303091,53.380624360220494],[-6.2196199917370025,53.38067106572054]]},"properties":{"FID":502,"BIKE":"NON_TRAFFIC_TRAIL","Shape_Leng":9.43398113206,"DIR":"Bi-Directional"}},{"type":"Feature","id":503,"geometry":{"type":"LineString","coordinates":[[-6.251880070828605,53.347549061919096],[-6.251704199761491,53.348154718482306],[-6.251778641346951,53.34823842539868]]},"properties":{"FID":503,"BIKE":"BIKE_FRIENDLY_PEDESTRIAN_PATH","Shape_Leng":79.0366468471,"DIR":"Forward"}},{"type":"Feature","id":505,"geometry":{"type":"LineString","coordinates":[[-6.278940054335587,53.34852804161574],[-6.278899897354652,53.34877912875151]]},"properties":{"FID":505,"BIKE":"NON_TRAFFIC_TRAIL","Shape_Leng":28.1439299245,"DIR":"Bi-Directional"}},{"type":"Feature","id":506,"geometry":{"type":"LineString","coordinates":[[-6.221263096462875,53.38056074301457],[-6.2217630155802865,53.3808288479408]]},"properties":{"FID":506,"BIKE":"NON_TRAFFIC_TRAIL","Shape_Leng":44.687805943,"DIR":"Bi-Directional"}},{"type":"Feature","id":508,"geometry":{"type":"LineString","coordinates":[[-6.179161656334325,53.403724268873184],[-6.1786840403324055,53.4043535669212],[-6.1780572746893565,53.4059231174293],[-6.177761538698856,53.40619869505319],[-6.177739188061206,53.40656708726073]]},"properties":{"FID":508,"BIKE":"BIKE_FRIENDLY_PEDESTRIAN_PATH","Shape_Leng":339.673378579,"DIR":"Forward"}},{"type":"Feature","id":514,"geometry":{"type":"LineString","coordinates":[[-6.3595765999951634,53.33049839937014],[-6.358932699700711,53.33066309985056],[-6.346728914214274,53.33202299739445]]},"properties":{"FID":514,"BIKE":"NON_TRAFFIC_TRAIL","Shape_Leng":875.043887497,"DIR":"Bi-Directional"}},{"type":"Feature","id":515,"geometry":{"type":"LineString","coordinates":[[-6.175007369657716,53.370056283931376],[-6.175224586652001,53.37024835782885],[-6.175333985863449,53.37050170021577]]},"properties":{"FID":515,"BIKE":"NON_TRAFFIC_TRAIL","Shape_Leng":54.9274153582,"DIR":"Bi-Directional"}},{"type":"Feature","id":521,"geometry":{"type":"LineString","coordinates":[[-6.377716643137864,53.333902467233045],[-6.379546628603155,53.334921942883156],[-6.383188413971923,53.33772273453618],[-6.384127763540419,53.337979583916],[-6.385172575753085,53.33792745859783]]},"properties":{"FID":521,"BIKE":"BIKE_FRIENDLY_PEDESTRIAN_PATH","Shape_Leng":702.428175614,"DIR":"Forward"}},{"type":"Feature","id":527,"geometry":{"type":"LineString","coordinates":[[-6.2967338710067535,53.36373950170309],[-6.296604021117668,53.36435782305139]]},"properties":{"FID":527,"BIKE":"NON_TRAFFIC_TRAIL","Shape_Leng":69.3541635376,"DIR":"Bi-Directional"}},{"type":"Feature","id":528,"geometry":{"type":"LineString","coordinates":[[-6.3082725245579265,53.3747701502618],[-6.31425415234706,53.375537876741056]]},"properties":{"FID":528,"BIKE":"NON_TRAFFIC_TRAIL","Shape_Leng":407.526652134,"DIR":"Bi-Directional"}},{"type":"Feature","id":529,"geometry":{"type":"LineString","coordinates":[[-6.283456456596812,53.40588288521515],[-6.285485025861511,53.40612495609864],[-6.2867850232116345,53.40606495541403],[-6.288704213539621,53.40623939122796],[-6.290053520577111,53.40647167261789]]},"properties":{"FID":529,"BIKE":"BIKE_FRIENDLY_PEDESTRIAN_PATH","Shape_Leng":446.869914744,"DIR":"Forward"}},{"type":"Feature","id":531,"geometry":{"type":"LineString","coordinates":[[-6.220343245024553,53.38711734477274],[-6.219774946862781,53.387405477822874],[-6.219553722228518,53.3876628334067]]},"properties":{"FID":531,"BIKE":"NON_TRAFFIC_TRAIL","Shape_Leng":82.042210227,"DIR":"Bi-Directional"}},{"type":"Feature","id":532,"geometry":{"type":"LineString","coordinates":[[-6.281943299886612,53.36572954995051],[-6.28187419030766,53.365953256411345]]},"properties":{"FID":532,"BIKE":"NON_TRAFFIC_TRAIL","Shape_Leng":25.3179778023,"DIR":"Bi-Directional"}},{"type":"Feature","id":536,"geometry":{"type":"LineString","coordinates":[[-6.17904274780342,53.384669800434224],[-6.179620631016552,53.384867367291584],[-6.179792870713072,53.38505874579088],[-6.1800045953969995,53.38608662618307]]},"properties":{"FID":536,"BIKE":"NON_TRAFFIC_TRAIL","Shape_Leng":183.750314466,"DIR":"Bi-Directional"}},{"type":"Feature","id":539,"geometry":{"type":"LineString","coordinates":[[-6.2207977441354,53.38703423938661],[-6.220613360259007,53.387489884525394]]},"properties":{"FID":539,"BIKE":"NON_TRAFFIC_TRAIL","Shape_Leng":52.172789843,"DIR":"Bi-Directional"}},{"type":"Feature","id":540,"geometry":{"type":"LineString","coordinates":[[-6.327016948001228,53.36056519041144],[-6.34125247649096,53.36653287989012]]},"properties":{"FID":540,"BIKE":"SEPARATE_TRAIL","Shape_Leng":1157.27323831,"DIR":"Forward"}},{"type":"Feature","id":541,"geometry":{"type":"LineString","coordinates":[[-6.220613360259007,53.387489884525394],[-6.220422976787459,53.38808924971788]]},"properties":{"FID":541,"BIKE":"NON_TRAFFIC_TRAIL","Shape_Leng":67.8969807871,"DIR":"Bi-Directional"}},{"type":"Feature","id":552,"geometry":{"type":"LineString","coordinates":[[-6.220613360259007,53.387489884525394],[-6.220792539044103,53.38751951987746]]},"properties":{"FID":552,"BIKE":"NON_TRAFFIC_TRAIL","Shape_Leng":12.3693168769,"DIR":"Bi-Directional"}},{"type":"Feature","id":553,"geometry":{"type":"LineString","coordinates":[[-6.2342613717572135,53.32361613489763],[-6.233846647176178,53.32384368759011],[-6.233706215170599,53.324335958129055],[-6.2332395752828065,53.32509304265537],[-6.231700831609388,53.32648834183065],[-6.2314901000906415,53.326922440543285]]},"properties":{"FID":553,"BIKE":"NON_TRAFFIC_TRAIL","Shape_Leng":419.927966938,"DIR":"Bi-Directional"}},{"type":"Feature","id":557,"geometry":{"type":"LineString","coordinates":[[-6.278735156913154,53.33892153180359],[-6.278772015385295,53.33927687059201]]},"properties":{"FID":557,"BIKE":"NON_TRAFFIC_TRAIL","Shape_Leng":39.6219861913,"DIR":"Bi-Directional"}},{"type":"Feature","id":558,"geometry":{"type":"LineString","coordinates":[[-6.288202382366956,53.32279356283005],[-6.288197448155871,53.322541824969164],[-6.2883507136513375,53.32246313140906]]},"properties":{"FID":558,"BIKE":"NON_TRAFFIC_TRAIL","Shape_Leng":42.3407519163,"DIR":"Bi-Directional"}},{"type":"Feature","id":559,"geometry":{"type":"LineString","coordinates":[[-6.3125353210819375,53.37453389421625],[-6.312363692264792,53.374693251502926]]},"properties":{"FID":559,"BIKE":"NON_TRAFFIC_TRAIL","Shape_Leng":21.1803398875,"DIR":"Bi-Directional"}},{"type":"Feature","id":560,"geometry":{"type":"LineString","coordinates":[[-6.256849999814219,53.33752000095215],[-6.256580000962386,53.33787000091605]]},"properties":{"FID":560,"BIKE":"NON_TRAFFIC_TRAIL","Shape_Leng":42.9034360848,"DIR":"Bi-Directional"}},{"type":"Feature","id":563,"geometry":{"type":"LineString","coordinates":[[-6.134404892627919,53.396967110233305],[-6.136542506728954,53.39726639279358],[-6.1370525059964685,53.3972563939124],[-6.138652506347542,53.39676639461528],[-6.139732505626946,53.39670639565267],[-6.1443925017201,53.39729639831877],[-6.1463346383755795,53.397359418873116],[-6.152130990473367,53.39812215850376],[-6.157618955874236,53.39827362053009],[-6.160358964713148,53.39853397597729]]},"properties":{"FID":563,"BIKE":"SEPARATE_TRAIL","Shape_Leng":1764.78830977,"DIR":"Forward"}},{"type":"Feature","id":566,"geometry":{"type":"LineString","coordinates":[[-6.305289999619818,53.356830000707106],[-6.303870000869932,53.35707000061885]]},"properties":{"FID":566,"BIKE":"NON_TRAFFIC_TRAIL","Shape_Leng":98.6101461484,"DIR":"Bi-Directional"}},{"type":"Feature","id":568,"geometry":{"type":"LineString","coordinates":[[-6.3393899997188665,53.345130000839895],[-6.341339999964956,53.34561000159494],[-6.341810000521019,53.34546000033524]]},"properties":{"FID":568,"BIKE":"NON_TRAFFIC_TRAIL","Shape_Leng":177.837711748,"DIR":"Bi-Directional"}},{"type":"Feature","id":570,"geometry":{"type":"LineString","coordinates":[[-6.320420000417096,53.345210001100135],[-6.317294739677342,53.34541324001345]]},"properties":{"FID":570,"BIKE":"NON_TRAFFIC_TRAIL","Shape_Leng":209.363365776,"DIR":"Bi-Directional"}},{"type":"Feature","id":571,"geometry":{"type":"LineString","coordinates":[[-6.301750265085121,53.35850805404322],[-6.301263689151038,53.35865392484283]]},"properties":{"FID":571,"BIKE":"NON_TRAFFIC_TRAIL","Shape_Leng":36.7781597758,"DIR":"Bi-Directional"}},{"type":"Feature","id":574,"geometry":{"type":"LineString","coordinates":[[-6.314074009585136,53.37477135201776],[-6.31415846140408,53.37491635300206]]},"properties":{"FID":574,"BIKE":"NON_TRAFFIC_TRAIL","Shape_Leng":17.0880074906,"DIR":"Bi-Directional"}},{"type":"Feature","id":575,"geometry":{"type":"LineString","coordinates":[[-6.248443006565672,53.34828196757869],[-6.248508857916792,53.34850763747859]]},"properties":{"FID":575,"BIKE":"NON_TRAFFIC_TRAIL","Shape_Leng":25.495097568,"DIR":"Bi-Directional"}},{"type":"Feature","id":579,"geometry":{"type":"LineString","coordinates":[[-6.176290049019564,53.36958154195261],[-6.176794541646078,53.3697330618449]]},"properties":{"FID":579,"BIKE":"NON_TRAFFIC_TRAIL","Shape_Leng":37.5765884561,"DIR":"Bi-Directional"}},{"type":"Feature","id":583,"geometry":{"type":"LineString","coordinates":[[-6.224779772861796,53.334929424824935],[-6.225209789321467,53.33431490900465],[-6.225486313736972,53.33429869952857]]},"properties":{"FID":583,"BIKE":"NON_TRAFFIC_TRAIL","Shape_Leng":96.457053331,"DIR":"Bi-Directional"}},{"type":"Feature","id":584,"geometry":{"type":"LineString","coordinates":[[-6.219361045849005,53.38795656693382],[-6.21915449201536,53.38858265329865]]},"properties":{"FID":584,"BIKE":"NON_TRAFFIC_TRAIL","Shape_Leng":71.0211236183,"DIR":"Bi-Directional"}},{"type":"Feature","id":585,"geometry":{"type":"LineString","coordinates":[[-6.175804129409733,53.37005048964489],[-6.175333985863449,53.37050170021577]]},"properties":{"FID":585,"BIKE":"NON_TRAFFIC_TRAIL","Shape_Leng":59.1692487699,"DIR":"Bi-Directional"}},{"type":"Feature","id":586,"geometry":{"type":"LineString","coordinates":[[-6.285031734726996,53.36852431775675],[-6.288923940838005,53.37077327007708],[-6.2899759590262665,53.37114787047276],[-6.291748964038431,53.371532783710535]]},"properties":{"FID":586,"BIKE":"NON_TRAFFIC_TRAIL","Shape_Leng":569.975830123,"DIR":"Bi-Directional"}},{"type":"Feature","id":588,"geometry":{"type":"LineString","coordinates":[[-6.373718811567519,53.33164747811373],[-6.374259999359277,53.331800001500774]]},"properties":{"FID":588,"BIKE":"BIKE_FRIENDLY_PEDESTRIAN_PATH","Shape_Leng":40.7770172147,"DIR":"Forward"}},{"type":"Feature","id":589,"geometry":{"type":"LineString","coordinates":[[-6.180065156087235,53.386429100151275],[-6.179916905716068,53.38673243739443],[-6.17937724366287,53.387047781034816],[-6.179043248924538,53.38712357952299]]},"properties":{"FID":589,"BIKE":"NON_TRAFFIC_TRAIL","Shape_Leng":109.529544273,"DIR":"Bi-Directional"}},{"type":"Feature","id":594,"geometry":{"type":"LineString","coordinates":[[-6.180065156087235,53.386429100151275],[-6.180656261674157,53.38702234284553],[-6.180968333913577,53.38710799281531],[-6.18118136139654,53.38704832201537]]},"properties":{"FID":594,"BIKE":"NON_TRAFFIC_TRAIL","Shape_Leng":116.488232107,"DIR":"Bi-Directional"}},{"type":"Feature","id":595,"geometry":{"type":"LineString","coordinates":[[-6.276460996409892,53.36566847173549],[-6.279355116426825,53.36656410188234],[-6.285031734726996,53.36852431775675]]},"properties":{"FID":595,"BIKE":"NON_TRAFFIC_TRAIL","Shape_Leng":654.692034209,"DIR":"Bi-Directional"}},{"type":"Feature","id":596,"geometry":{"type":"LineString","coordinates":[[-6.174481441932949,53.371108847548655],[-6.172786278898461,53.37208958298897]]},"properties":{"FID":596,"BIKE":"NON_TRAFFIC_TRAIL","Shape_Leng":156.984075626,"DIR":"Bi-Directional"}},{"type":"Feature","id":600,"geometry":{"type":"LineString","coordinates":[[-6.221315925271961,53.38253891666291],[-6.2212967826799686,53.38263750068768]]},"properties":{"FID":600,"BIKE":"NON_TRAFFIC_TRAIL","Shape_Leng":11.0453610172,"DIR":"Bi-Directional"}},{"type":"Feature","id":601,"geometry":{"type":"LineString","coordinates":[[-6.349799631564735,53.356117306760375],[-6.350004291742517,53.35626394460535],[-6.350524968707904,53.356396974929844]]},"properties":{"FID":601,"BIKE":"NON_TRAFFIC_TRAIL","Shape_Leng":59.1772173794,"DIR":"Bi-Directional"}},{"type":"Feature","id":602,"geometry":{"type":"LineString","coordinates":[[-6.182475087545268,53.384560330156894],[-6.1820559500451076,53.384517994132004],[-6.180753174198058,53.3847498126744],[-6.180491638088542,53.3848896367331]]},"properties":{"FID":602,"BIKE":"NON_TRAFFIC_TRAIL","Shape_Leng":142.630689397,"DIR":"Bi-Directional"}},{"type":"Feature","id":604,"geometry":{"type":"LineString","coordinates":[[-6.327130000269899,53.34461000119887],[-6.3292800003768175,53.34520000124435],[-6.332409999236939,53.34555000166184]]},"properties":{"FID":604,"BIKE":"NON_TRAFFIC_TRAIL","Shape_Leng":369.963580469,"DIR":"Bi-Directional"}},{"type":"Feature","id":605,"geometry":{"type":"LineString","coordinates":[[-6.278934800692775,53.34903129861345],[-6.278809448064004,53.34953282312428],[-6.2782254151236065,53.34948844428228]]},"properties":{"FID":605,"BIKE":"NON_TRAFFIC_TRAIL","Shape_Leng":95.6403958059,"DIR":"Bi-Directional"}},{"type":"Feature","id":608,"geometry":{"type":"LineString","coordinates":[[-6.3082725245579265,53.3747701502618],[-6.3084542059742255,53.374736773382075]]},"properties":{"FID":608,"BIKE":"NON_TRAFFIC_TRAIL","Shape_Leng":12.6491106407,"DIR":"Bi-Directional"}},{"type":"Feature","id":609,"geometry":{"type":"LineString","coordinates":[[-6.23016112926962,53.33091668801285],[-6.228623755654811,53.33181158419739],[-6.228164743925183,53.332352124857884],[-6.227853191063811,53.33298565752991]]},"properties":{"FID":609,"BIKE":"NON_TRAFFIC_TRAIL","Shape_Leng":284.292306119,"DIR":"Bi-Directional"}},{"type":"Feature","id":611,"geometry":{"type":"LineString","coordinates":[[-6.175955468081216,53.37002583834722],[-6.175804129409733,53.37005048964489]]},"properties":{"FID":611,"BIKE":"NON_TRAFFIC_TRAIL","Shape_Leng":10.4403065089,"DIR":"Bi-Directional"}},{"type":"Feature","id":612,"geometry":{"type":"LineString","coordinates":[[-6.317294739677342,53.34541324001345],[-6.3150700000819775,53.345550001598056]]},"properties":{"FID":612,"BIKE":"NON_TRAFFIC_TRAIL","Shape_Leng":148.943727161,"DIR":"Bi-Directional"}},{"type":"Feature","id":614,"geometry":{"type":"LineString","coordinates":[[-6.323089999905998,53.35430000088896],[-6.323789999827252,53.354850000941035],[-6.324549999809313,53.355920001339726]]},"properties":{"FID":614,"BIKE":"NON_TRAFFIC_TRAIL","Shape_Leng":206.672860202,"DIR":"Bi-Directional"}},{"type":"Feature","id":615,"geometry":{"type":"LineString","coordinates":[[-6.314424227536909,53.373895474496635],[-6.314947486578414,53.37396577953997]]},"properties":{"FID":615,"BIKE":"NON_TRAFFIC_TRAIL","Shape_Leng":35.695308435,"DIR":"Bi-Directional"}},{"type":"Feature","id":618,"geometry":{"type":"LineString","coordinates":[[-6.250549746311535,53.3140680322013],[-6.250457176421254,53.31412959153799],[-6.250554028249981,53.314697267004505]]},"properties":{"FID":618,"BIKE":"NON_TRAFFIC_TRAIL","Shape_Leng":72.7694401603,"DIR":"Bi-Directional"}},{"type":"Feature","id":623,"geometry":{"type":"LineString","coordinates":[[-6.2194331168360595,53.38731049787037],[-6.219553722228518,53.3876628334067]]},"properties":{"FID":623,"BIKE":"NON_TRAFFIC_TRAIL","Shape_Leng":40.6361345148,"DIR":"Bi-Directional"}},{"type":"Feature","id":626,"geometry":{"type":"LineString","coordinates":[[-6.220343245024553,53.38711734477274],[-6.219453765735815,53.38717598418418]]},"properties":{"FID":626,"BIKE":"NON_TRAFFIC_TRAIL","Shape_Leng":59.6790563131,"DIR":"Bi-Directional"}},{"type":"Feature","id":629,"geometry":{"type":"LineString","coordinates":[[-6.221112780913082,53.37983945296307],[-6.221263096462875,53.38056074301457]]},"properties":{"FID":629,"BIKE":"NON_TRAFFIC_TRAIL","Shape_Leng":80.9388720053,"DIR":"Bi-Directional"}},{"type":"Feature","id":637,"geometry":{"type":"LineString","coordinates":[[-6.219453765735815,53.38717598418418],[-6.2194331168360595,53.38731049787037]]},"properties":{"FID":637,"BIKE":"NON_TRAFFIC_TRAIL","Shape_Leng":15.0332963784,"DIR":"Bi-Directional"}},{"type":"Feature","id":638,"geometry":{"type":"LineString","coordinates":[[-6.281744284070497,53.36619406357754],[-6.281548685661908,53.366200235146934]]},"properties":{"FID":638,"BIKE":"NON_TRAFFIC_TRAIL","Shape_Leng":13.0384048104,"DIR":"Bi-Directional"}},{"type":"Feature","id":639,"geometry":{"type":"LineString","coordinates":[[-6.314130001110305,53.34559000147244],[-6.313349999734975,53.34563000077831]]},"properties":{"FID":639,"BIKE":"NON_TRAFFIC_TRAIL","Shape_Leng":52.1370727283,"DIR":"Bi-Directional"}},{"type":"Feature","id":640,"geometry":{"type":"LineString","coordinates":[[-6.290496761031638,53.31609437267698],[-6.2900803327817805,53.31599852224223]]},"properties":{"FID":640,"BIKE":"NON_TRAFFIC_TRAIL","Shape_Leng":29.7321374946,"DIR":"Bi-Directional"}},{"type":"Feature","id":641,"geometry":{"type":"LineString","coordinates":[[-6.226366606432576,53.337691344688075],[-6.226662760412654,53.33815414411752]]},"properties":{"FID":641,"BIKE":"NON_TRAFFIC_TRAIL","Shape_Leng":55.1543289326,"DIR":"Bi-Directional"}},{"type":"Feature","id":642,"geometry":{"type":"LineString","coordinates":[[-6.349420000131572,53.35967000163431],[-6.348120001070247,53.35976000075678],[-6.344700000198218,53.36034000058005]]},"properties":{"FID":642,"BIKE":"NON_TRAFFIC_TRAIL","Shape_Leng":323.861263905,"DIR":"Bi-Directional"}},{"type":"Feature","id":645,"geometry":{"type":"LineString","coordinates":[[-6.369975958642392,53.32796108523984],[-6.369934225165479,53.328631872296484],[-6.370031048921299,53.328974356164984],[-6.370641740014338,53.32982560352763],[-6.373718811567519,53.33164747811373]]},"properties":{"FID":645,"BIKE":"BIKE_FRIENDLY_PEDESTRIAN_PATH","Shape_Leng":506.025732336,"DIR":"Forward"}},{"type":"Feature","id":646,"geometry":{"type":"LineString","coordinates":[[-6.314610140301252,53.36499997115686],[-6.314544748892245,53.36513386783467]]},"properties":{"FID":646,"BIKE":"NON_TRAFFIC_TRAIL","Shape_Leng":15.5241746963,"DIR":"Bi-Directional"}},{"type":"Feature","id":647,"geometry":{"type":"LineString","coordinates":[[-6.250280985806309,53.31330009499531],[-6.250563402773538,53.313367155079476]]},"properties":{"FID":647,"BIKE":"NON_TRAFFIC_TRAIL","Shape_Leng":20.2484567313,"DIR":"Bi-Directional"}},{"type":"Feature","id":648,"geometry":{"type":"LineString","coordinates":[[-6.182606374964479,53.38430167237296],[-6.18270656755083,53.38442004417006]]},"properties":{"FID":648,"BIKE":"NON_TRAFFIC_TRAIL","Shape_Leng":14.7648230602,"DIR":"Bi-Directional"}},{"type":"Feature","id":650,"geometry":{"type":"LineString","coordinates":[[-6.304317009989672,53.351120486644746],[-6.324627659979119,53.35957112790498]]},"properties":{"FID":650,"BIKE":"SEPARATE_TRAIL","Shape_Leng":1647.26405519,"DIR":"Forward"}},{"type":"Feature","id":651,"geometry":{"type":"LineString","coordinates":[[-6.182475087545268,53.384560330156894],[-6.182602267097208,53.384751018350016]]},"properties":{"FID":651,"BIKE":"NON_TRAFFIC_TRAIL","Shape_Leng":22.8473193176,"DIR":"Bi-Directional"}},{"type":"Feature","id":653,"geometry":{"type":"LineString","coordinates":[[-6.270766996105862,53.30394706335106],[-6.270301210557003,53.30441521763554],[-6.270080985027458,53.3042951772337]]},"properties":{"FID":653,"BIKE":"NON_TRAFFIC_TRAIL","Shape_Leng":81.5449222274,"DIR":"Bi-Directional"}},{"type":"Feature","id":654,"geometry":{"type":"LineString","coordinates":[[-6.278899897354652,53.34877912875151],[-6.278934800692775,53.34903129861345]]},"properties":{"FID":654,"BIKE":"NON_TRAFFIC_TRAIL","Shape_Leng":29.2338180965,"DIR":"Bi-Directional"}},{"type":"Feature","id":656,"geometry":{"type":"LineString","coordinates":[[-6.249604480163428,53.349629255491344],[-6.249583210831233,53.349781741565906]]},"properties":{"FID":656,"BIKE":"NON_TRAFFIC_TRAIL","Shape_Leng":17.0293863659,"DIR":"Bi-Directional"}},{"type":"Feature","id":658,"geometry":{"type":"LineString","coordinates":[[-6.231759732920906,53.32930203674772],[-6.2314003950978885,53.32835587476187],[-6.23138807446568,53.327588885362786]]},"properties":{"FID":658,"BIKE":"NON_TRAFFIC_TRAIL","Shape_Leng":193.65748891,"DIR":"Bi-Directional"}},{"type":"Feature","id":660,"geometry":{"type":"LineString","coordinates":[[-6.177013428495367,53.3850163259233],[-6.176711029268603,53.38505664768776]]},"properties":{"FID":660,"BIKE":"NON_TRAFFIC_TRAIL","Shape_Leng":20.6155281281,"DIR":"Bi-Directional"}},{"type":"Feature","id":662,"geometry":{"type":"LineString","coordinates":[[-6.364562734531824,53.34839317018348],[-6.36083421441623,53.34730838855313]]},"properties":{"FID":662,"BIKE":"NON_TRAFFIC_TRAIL","Shape_Leng":276.090564851,"DIR":"Bi-Directional"}},{"type":"Feature","id":663,"geometry":{"type":"LineString","coordinates":[[-6.313763807814,53.36512283553023],[-6.3138825335493065,53.36516046515445]]},"properties":{"FID":663,"BIKE":"NON_TRAFFIC_TRAIL","Shape_Leng":8.94427191,"DIR":"Bi-Directional"}},{"type":"Feature","id":665,"geometry":{"type":"LineString","coordinates":[[-6.252606435865586,53.35298987358318],[-6.252999989607045,53.35365176883906]]},"properties":{"FID":665,"BIKE":"NON_TRAFFIC_TRAIL","Shape_Leng":78.1856764376,"DIR":"Bi-Directional"}},{"type":"Feature","id":669,"geometry":{"type":"LineString","coordinates":[[-6.305289999619818,53.356830000707106],[-6.306529999949145,53.35695000068803],[-6.3077499997916435,53.35691000108291]]},"properties":{"FID":669,"BIKE":"NON_TRAFFIC_TRAIL","Shape_Leng":165.769954643,"DIR":"Bi-Directional"}},{"type":"Feature","id":676,"geometry":{"type":"LineString","coordinates":[[-6.250549746311535,53.3140680322013],[-6.250683273899143,53.31410594341768],[-6.250789985687414,53.314799597678196]]},"properties":{"FID":676,"BIKE":"NON_TRAFFIC_TRAIL","Shape_Leng":87.4627471313,"DIR":"Bi-Directional"}},{"type":"Feature","id":677,"geometry":{"type":"LineString","coordinates":[[-6.2505234209332095,53.31397776433441],[-6.250549746311535,53.3140680322013]]},"properties":{"FID":677,"BIKE":"NON_TRAFFIC_TRAIL","Shape_Leng":10.1980390272,"DIR":"Bi-Directional"}},{"type":"Feature","id":678,"geometry":{"type":"LineString","coordinates":[[-6.312333443338919,53.37393783131982],[-6.312533440520504,53.37420131144377],[-6.3125353210819375,53.37453389421625]]},"properties":{"FID":678,"BIKE":"NON_TRAFFIC_TRAIL","Shape_Leng":69.2648425901,"DIR":"Bi-Directional"}},{"type":"Feature","id":681,"geometry":{"type":"LineString","coordinates":[[-6.221263096462875,53.38056074301457],[-6.221644051827559,53.3815191606429],[-6.22156636277667,53.38194044464503]]},"properties":{"FID":681,"BIKE":"NON_TRAFFIC_TRAIL","Shape_Leng":157.28022727,"DIR":"Bi-Directional"}},{"type":"Feature","id":682,"geometry":{"type":"LineString","coordinates":[[-6.278940054335587,53.34852804161574],[-6.2796727481626675,53.34861051295503]]},"properties":{"FID":682,"BIKE":"NON_TRAFFIC_TRAIL","Shape_Leng":49.6487663492,"DIR":"Bi-Directional"}},{"type":"Feature","id":683,"geometry":{"type":"LineString","coordinates":[[-6.175804129409733,53.37005048964489],[-6.175007369657716,53.370056283931376]]},"properties":{"FID":683,"BIKE":"NON_TRAFFIC_TRAIL","Shape_Leng":53.0377224247,"DIR":"Bi-Directional"}},{"type":"Feature","id":685,"geometry":{"type":"LineString","coordinates":[[-6.175333985863449,53.37050170021577],[-6.1751141212949845,53.37072304326831]]},"properties":{"FID":685,"BIKE":"NON_TRAFFIC_TRAIL","Shape_Leng":28.6530975638,"DIR":"Bi-Directional"}},{"type":"Feature","id":690,"geometry":{"type":"LineString","coordinates":[[-6.1751141212949845,53.37072304326831],[-6.174481441932949,53.371108847548655]]},"properties":{"FID":690,"BIKE":"NON_TRAFFIC_TRAIL","Shape_Leng":60.141499815,"DIR":"Bi-Directional"}},{"type":"Feature","id":696,"geometry":{"type":"LineString","coordinates":[[-6.325609999403053,53.34454000012712],[-6.327130000269899,53.34461000119887]]},"properties":{"FID":696,"BIKE":"NON_TRAFFIC_TRAIL","Shape_Leng":101.719570991,"DIR":"Bi-Directional"}},{"type":"Feature","id":698,"geometry":{"type":"LineString","coordinates":[[-6.353985328614078,53.35704695252306],[-6.354116660589262,53.35714763178257]]},"properties":{"FID":698,"BIKE":"NON_TRAFFIC_TRAIL","Shape_Leng":14.2126704036,"DIR":"Bi-Directional"}},{"type":"Feature","id":700,"geometry":{"type":"LineString","coordinates":[[-6.226662760412654,53.33815414411752],[-6.226803522119118,53.33838094071162]]},"properties":{"FID":700,"BIKE":"NON_TRAFFIC_TRAIL","Shape_Leng":27.0586847552,"DIR":"Bi-Directional"}},{"type":"Feature","id":704,"geometry":{"type":"LineString","coordinates":[[-6.314544748892245,53.36513386783467],[-6.314036616557012,53.3650637739526],[-6.3138825335493065,53.36516046515445]]},"properties":{"FID":704,"BIKE":"NON_TRAFFIC_TRAIL","Shape_Leng":49.9864702146,"DIR":"Bi-Directional"}},{"type":"Feature","id":707,"geometry":{"type":"LineString","coordinates":[[-6.31425415234706,53.375537876741056],[-6.331157265208736,53.375685547654925],[-6.3327394830494335,53.37558182933546]]},"properties":{"FID":707,"BIKE":"NON_TRAFFIC_TRAIL","Shape_Leng":1232.38126813,"DIR":"Bi-Directional"}},{"type":"Feature","id":713,"geometry":{"type":"LineString","coordinates":[[-6.271845210313796,53.364525011569604],[-6.272654919965218,53.36466070463884],[-6.276460996409892,53.36566847173549]]},"properties":{"FID":713,"BIKE":"NON_TRAFFIC_TRAIL","Shape_Leng":333.702561246,"DIR":"Bi-Directional"}},{"type":"Feature","id":716,"geometry":{"type":"LineString","coordinates":[[-6.281233409369457,53.363580169231795],[-6.281753261692139,53.36447747362815]]},"properties":{"FID":716,"BIKE":"NON_TRAFFIC_TRAIL","Shape_Leng":105.706273284,"DIR":"Bi-Directional"}},{"type":"Feature","id":717,"geometry":{"type":"LineString","coordinates":[[-6.3125353210819375,53.37453389421625],[-6.3127517641807955,53.37476165443684]]},"properties":{"FID":717,"BIKE":"NON_TRAFFIC_TRAIL","Shape_Leng":29.1547594742,"DIR":"Bi-Directional"}},{"type":"Feature","id":722,"geometry":{"type":"LineString","coordinates":[[-6.175007369657716,53.370056283931376],[-6.174480178296316,53.370084173282834]]},"properties":{"FID":722,"BIKE":"NON_TRAFFIC_TRAIL","Shape_Leng":35.2278299076,"DIR":"Bi-Directional"}},{"type":"Feature","id":725,"geometry":{"type":"LineString","coordinates":[[-6.308459999915189,53.356640000935734],[-6.3077499997916435,53.35691000108291]]},"properties":{"FID":725,"BIKE":"NON_TRAFFIC_TRAIL","Shape_Leng":56.0141716697,"DIR":"Bi-Directional"}},{"type":"Feature","id":729,"geometry":{"type":"LineString","coordinates":[[-6.22274430998743,53.38036709405161],[-6.222503197914974,53.380381479647724]]},"properties":{"FID":729,"BIKE":"NON_TRAFFIC_TRAIL","Shape_Leng":16.1245154966,"DIR":"Bi-Directional"}},{"type":"Feature","id":731,"geometry":{"type":"LineString","coordinates":[[-6.183016960519043,53.38380012971759],[-6.182606374964479,53.38430167237296]]},"properties":{"FID":731,"BIKE":"NON_TRAFFIC_TRAIL","Shape_Leng":62.8251823185,"DIR":"Bi-Directional"}},{"type":"Feature","id":732,"geometry":{"type":"LineString","coordinates":[[-6.1804445486144,53.38775614547736],[-6.180338224246172,53.387781489081405]]},"properties":{"FID":732,"BIKE":"NON_TRAFFIC_TRAIL","Shape_Leng":7.61577310586,"DIR":"Bi-Directional"}},{"type":"Feature","id":733,"geometry":{"type":"LineString","coordinates":[[-6.212154036500575,53.31738156396589],[-6.212162258757182,53.31790300397754]]},"properties":{"FID":733,"BIKE":"NON_TRAFFIC_TRAIL","Shape_Leng":58.0344725142,"DIR":"Bi-Directional"}},{"type":"Feature","id":734,"geometry":{"type":"LineString","coordinates":[[-6.248447426046657,53.34817417492642],[-6.248443006565672,53.34828196757869]]},"properties":{"FID":734,"BIKE":"NON_TRAFFIC_TRAIL","Shape_Leng":12,"DIR":"Bi-Directional"}},{"type":"Feature","id":737,"geometry":{"type":"LineString","coordinates":[[-6.175882450726217,53.38544845534959],[-6.175587389063995,53.385668650015745]]},"properties":{"FID":737,"BIKE":"NON_TRAFFIC_TRAIL","Shape_Leng":31.4006369362,"DIR":"Bi-Directional"}},{"type":"Feature","id":742,"geometry":{"type":"LineString","coordinates":[[-6.175385886030403,53.38545884163984],[-6.175587389063995,53.385668650015745]]},"properties":{"FID":742,"BIKE":"NON_TRAFFIC_TRAIL","Shape_Leng":26.9258240357,"DIR":"Bi-Directional"}},{"type":"Feature","id":743,"geometry":{"type":"LineString","coordinates":[[-6.257093694383761,53.36782295125863],[-6.257652302862888,53.36812771530628],[-6.257955242973987,53.36806922130571]]},"properties":{"FID":743,"BIKE":"NON_TRAFFIC_TRAIL","Shape_Leng":72.9734547858,"DIR":"Bi-Directional"}},{"type":"Feature","id":756,"geometry":{"type":"LineString","coordinates":[[-6.325609999403053,53.34454000012712],[-6.322399999841596,53.345110000385574]]},"properties":{"FID":756,"BIKE":"NON_TRAFFIC_TRAIL","Shape_Leng":223.38938706,"DIR":"Bi-Directional"}},{"type":"Feature","id":760,"geometry":{"type":"LineString","coordinates":[[-6.226833026062483,53.34899737508421],[-6.226947099408702,53.348280836616645]]},"properties":{"FID":760,"BIKE":"BIKE_FRIENDLY_PEDESTRIAN_PATH","Shape_Leng":80.1060234641,"DIR":"Forward"}},{"type":"Feature","id":763,"geometry":{"type":"LineString","coordinates":[[-6.248910370617356,53.31415183237731],[-6.248983162725815,53.31420683012478],[-6.248933383087809,53.31432294554383],[-6.249677121837564,53.314486661495614],[-6.249711899894737,53.314370325631394],[-6.249878367513402,53.31433681576288]]},"properties":{"FID":763,"BIKE":"NON_TRAFFIC_TRAIL","Shape_Leng":98.8445123421,"DIR":"Bi-Directional"}},{"type":"Feature","id":764,"geometry":{"type":"LineString","coordinates":[[-6.3524328392753935,53.356009885693844],[-6.351713605250377,53.356350483996714],[-6.351019780238925,53.35642178977394]]},"properties":{"FID":764,"BIKE":"NON_TRAFFIC_TRAIL","Shape_Leng":107.945892519,"DIR":"Bi-Directional"}},{"type":"Feature","id":787,"geometry":{"type":"LineString","coordinates":[[-6.178134539386998,53.387631026551865],[-6.178208513193828,53.387659120170966]]},"properties":{"FID":787,"BIKE":"NON_TRAFFIC_TRAIL","Shape_Leng":5.83095189485,"DIR":"Bi-Directional"}},{"type":"Feature","id":788,"geometry":{"type":"LineString","coordinates":[[-6.179043248924538,53.38712357952299],[-6.178616036275387,53.387269860007095],[-6.17828248709874,53.387687213744904]]},"properties":{"FID":788,"BIKE":"NON_TRAFFIC_TRAIL","Shape_Leng":84.40295816,"DIR":"Bi-Directional"}},{"type":"Feature","id":806,"geometry":{"type":"LineString","coordinates":[[-6.250563402773538,53.313367155079476],[-6.250937286548464,53.31339960319653]]},"properties":{"FID":806,"BIKE":"NON_TRAFFIC_TRAIL","Shape_Leng":25.4403065089,"DIR":"Bi-Directional"}},{"type":"Feature","id":811,"geometry":{"type":"LineString","coordinates":[[-6.346313159014131,53.33204681532559],[-6.345788087319818,53.33213793728546]]},"properties":{"FID":811,"BIKE":"NON_TRAFFIC_TRAIL","Shape_Leng":36.423486497,"DIR":"Bi-Directional"}},{"type":"Feature","id":813,"geometry":{"type":"LineString","coordinates":[[-6.250554028249981,53.314697267004505],[-6.250789985687414,53.314799597678196]]},"properties":{"FID":813,"BIKE":"NON_TRAFFIC_TRAIL","Shape_Leng":19.4164878389,"DIR":"Bi-Directional"}},{"type":"Feature","id":815,"geometry":{"type":"LineString","coordinates":[[-6.2791256348379365,53.3476498859874],[-6.278940054335587,53.34852804161574]]},"properties":{"FID":815,"BIKE":"NON_TRAFFIC_TRAIL","Shape_Leng":98.5088828482,"DIR":"Bi-Directional"}},{"type":"Feature","id":820,"geometry":{"type":"LineString","coordinates":[[-6.256460000305349,53.338210001074785],[-6.256670000757225,53.33853000136664]]},"properties":{"FID":820,"BIKE":"NON_TRAFFIC_TRAIL","Shape_Leng":39.321568722,"DIR":"Bi-Directional"}},{"type":"Feature","id":821,"geometry":{"type":"LineString","coordinates":[[-6.259787906800327,53.36161952296612],[-6.260063204766434,53.36170045481548]]},"properties":{"FID":821,"BIKE":"NON_TRAFFIC_TRAIL","Shape_Leng":20.4212846851,"DIR":"Bi-Directional"}},{"type":"Feature","id":822,"geometry":{"type":"LineString","coordinates":[[-6.220748778724279,53.38244058214715],[-6.221315925271961,53.38253891666291]]},"properties":{"FID":822,"BIKE":"NON_TRAFFIC_TRAIL","Shape_Leng":39.3240829596,"DIR":"Bi-Directional"}},{"type":"Feature","id":823,"geometry":{"type":"LineString","coordinates":[[-6.177013428495367,53.3850163259233],[-6.177830924539645,53.385235537340535],[-6.1780335894950635,53.38541839472835],[-6.178441675931786,53.38607177207676],[-6.1790685542241786,53.3865307462019],[-6.179157623692065,53.38690960827393],[-6.179043248924538,53.38712357952299]]},"properties":{"FID":823,"BIKE":"NON_TRAFFIC_TRAIL","Shape_Leng":296.226512265,"DIR":"Bi-Directional"}},{"type":"Feature","id":826,"geometry":{"type":"LineString","coordinates":[[-6.238457005511187,53.34393198522248],[-6.238823193244309,53.34406872621008]]},"properties":{"FID":826,"BIKE":"NON_TRAFFIC_TRAIL","Shape_Leng":28.747170079,"DIR":"Bi-Directional"}},{"type":"Feature","id":827,"geometry":{"type":"LineString","coordinates":[[-6.227461954887301,53.33952323491378],[-6.227612890488326,53.33986702779426]]},"properties":{"FID":827,"BIKE":"NON_TRAFFIC_TRAIL","Shape_Leng":39.5600808897,"DIR":"Bi-Directional"}},{"type":"Feature","id":828,"geometry":{"type":"LineString","coordinates":[[-6.266877952980487,53.30608593550441],[-6.266725183576219,53.30608025665601],[-6.26599257070776,53.30668956976304],[-6.265474290091984,53.30688876068626],[-6.2634650218712915,53.30685053267411],[-6.263127424808026,53.307034367926036],[-6.262616787015266,53.30704490637445],[-6.260601355954148,53.30789636890169],[-6.260329938393595,53.30792836269349],[-6.259929752781741,53.30780567831309]]},"properties":{"FID":828,"BIKE":"NON_TRAFFIC_TRAIL","Shape_Leng":546.194312726,"DIR":"Bi-Directional"}},{"type":"Feature","id":829,"geometry":{"type":"LineString","coordinates":[[-6.257475131903568,53.336447622332756],[-6.257619999975589,53.336820000741305],[-6.257369999302787,53.336980000529906]]},"properties":{"FID":829,"BIKE":"NON_TRAFFIC_TRAIL","Shape_Leng":66.931382627,"DIR":"Bi-Directional"}},{"type":"Feature","id":833,"geometry":{"type":"LineString","coordinates":[[-6.220484456822296,53.37976716942483],[-6.221112780913082,53.37983945296307]]},"properties":{"FID":833,"BIKE":"NON_TRAFFIC_TRAIL","Shape_Leng":45.0526715641,"DIR":"Bi-Directional"}},{"type":"Feature","id":834,"geometry":{"type":"LineString","coordinates":[[-6.2564499994728395,53.338130000766434],[-6.256460000305349,53.338210001074785]]},"properties":{"FID":834,"BIKE":"NON_TRAFFIC_TRAIL","Shape_Leng":8.9282015134,"DIR":"Bi-Directional"}},{"type":"Feature","id":835,"geometry":{"type":"LineString","coordinates":[[-6.1800045953969995,53.38608662618307],[-6.180053197155406,53.38635701242944]]},"properties":{"FID":835,"BIKE":"NON_TRAFFIC_TRAIL","Shape_Leng":30.2654919008,"DIR":"Bi-Directional"}},{"type":"Feature","id":836,"geometry":{"type":"LineString","coordinates":[[-6.176711029268603,53.38505664768776],[-6.175882450726217,53.38544845534959]]},"properties":{"FID":836,"BIKE":"NON_TRAFFIC_TRAIL","Shape_Leng":70.3151626573,"DIR":"Bi-Directional"}},{"type":"Feature","id":838,"geometry":{"type":"LineString","coordinates":[[-6.1751141212949845,53.37072304326831],[-6.175065649988304,53.37115373563414]]},"properties":{"FID":838,"BIKE":"NON_TRAFFIC_TRAIL","Shape_Leng":48.4047705636,"DIR":"Bi-Directional"}},{"type":"Feature","id":839,"geometry":{"type":"LineString","coordinates":[[-6.219167215899133,53.38791772273427],[-6.219361045849005,53.38795656693382]]},"properties":{"FID":839,"BIKE":"NON_TRAFFIC_TRAIL","Shape_Leng":13.6014705087,"DIR":"Bi-Directional"}},{"type":"Feature","id":840,"geometry":{"type":"LineString","coordinates":[[-6.174480178296316,53.370084173282834],[-6.1721203367609,53.370443531682156]]},"properties":{"FID":840,"BIKE":"NON_TRAFFIC_TRAIL","Shape_Leng":162.242976734,"DIR":"Bi-Directional"}},{"type":"Feature","id":842,"geometry":{"type":"LineString","coordinates":[[-6.2260295373518755,53.33712906612424],[-6.226366606432576,53.337691344688075]]},"properties":{"FID":842,"BIKE":"NON_TRAFFIC_TRAIL","Shape_Leng":66.4830805544,"DIR":"Bi-Directional"}},{"type":"Feature","id":843,"geometry":{"type":"LineString","coordinates":[[-6.248221169376076,53.31229014730694],[-6.248579307207069,53.312340347973596]]},"properties":{"FID":843,"BIKE":"NON_TRAFFIC_TRAIL","Shape_Leng":24.5153013443,"DIR":"Bi-Directional"}},{"type":"Feature","id":844,"geometry":{"type":"LineString","coordinates":[[-6.313389998884939,53.356580001121074],[-6.31256000053877,53.35672000063254],[-6.310210000587916,53.35677000094391],[-6.308459999915189,53.356640000935734]]},"properties":{"FID":844,"BIKE":"NON_TRAFFIC_TRAIL","Shape_Leng":332.483925228,"DIR":"Bi-Directional"}},{"type":"Feature","id":845,"geometry":{"type":"LineString","coordinates":[[-6.220422976787459,53.38808924971788],[-6.22024648911456,53.3887157861175]]},"properties":{"FID":845,"BIKE":"NON_TRAFFIC_TRAIL","Shape_Leng":70.7106781187,"DIR":"Bi-Directional"}},{"type":"Feature","id":846,"geometry":{"type":"LineString","coordinates":[[-6.314639490019107,53.37377268249116],[-6.314947486578414,53.37396577953997]]},"properties":{"FID":846,"BIKE":"NON_TRAFFIC_TRAIL","Shape_Leng":29.7324446432,"DIR":"Bi-Directional"}},{"type":"Feature","id":850,"geometry":{"type":"LineString","coordinates":[[-6.220727023479188,53.37935733218769],[-6.221112780913082,53.37983945296307]]},"properties":{"FID":850,"BIKE":"NON_TRAFFIC_TRAIL","Shape_Leng":60.1945248678,"DIR":"Bi-Directional"}},{"type":"Feature","id":851,"geometry":{"type":"LineString","coordinates":[[-6.1800045953969995,53.38608662618307],[-6.180151390797594,53.38616975803615]]},"properties":{"FID":851,"BIKE":"NON_TRAFFIC_TRAIL","Shape_Leng":13.4536240471,"DIR":"Bi-Directional"}},{"type":"Feature","id":852,"geometry":{"type":"LineString","coordinates":[[-6.17828248709874,53.387687213744904],[-6.179147032862084,53.38786219289665],[-6.180338224246172,53.387781489081405]]},"properties":{"FID":852,"BIKE":"NON_TRAFFIC_TRAIL","Shape_Leng":142.24083761,"DIR":"Bi-Directional"}},{"type":"Feature","id":853,"geometry":{"type":"LineString","coordinates":[[-6.316209999375029,53.351510001272985],[-6.317420000117117,53.352290001257096],[-6.320880000037859,53.35322000079821],[-6.321879999452991,53.3535800007897],[-6.323089999905998,53.35430000088896]]},"properties":{"FID":853,"BIKE":"NON_TRAFFIC_TRAIL","Shape_Leng":563.52796485,"DIR":"Bi-Directional"}},{"type":"Feature","id":854,"geometry":{"type":"LineString","coordinates":[[-6.314528189097456,53.373546410613294],[-6.314639490019107,53.37377268249116]]},"properties":{"FID":854,"BIKE":"NON_TRAFFIC_TRAIL","Shape_Leng":26.2488094968,"DIR":"Bi-Directional"}},{"type":"Feature","id":855,"geometry":{"type":"LineString","coordinates":[[-6.2207977441354,53.38703423938661],[-6.220343245024553,53.38711734477274]]},"properties":{"FID":855,"BIKE":"NON_TRAFFIC_TRAIL","Shape_Leng":31.6227766017,"DIR":"Bi-Directional"}},{"type":"Feature","id":857,"geometry":{"type":"LineString","coordinates":[[-6.332409999236939,53.34555000166184],[-6.333439999609847,53.345760001304235]]},"properties":{"FID":857,"BIKE":"NON_TRAFFIC_TRAIL","Shape_Leng":72.4719429573,"DIR":"Bi-Directional"}},{"type":"Feature","id":858,"geometry":{"type":"LineString","coordinates":[[-6.300237168431574,53.373119028189954],[-6.306942743574019,53.374571533225954],[-6.3082725245579265,53.3747701502618]]},"properties":{"FID":858,"BIKE":"NON_TRAFFIC_TRAIL","Shape_Leng":566.118614622,"DIR":"Bi-Directional"}},{"type":"Feature","id":859,"geometry":{"type":"LineString","coordinates":[[-6.314424227536909,53.373895474496635],[-6.314054493593243,53.37412394012746],[-6.314074009585136,53.37477135201776]]},"properties":{"FID":859,"BIKE":"NON_TRAFFIC_TRAIL","Shape_Leng":107.791566489,"DIR":"Bi-Directional"}},{"type":"Feature","id":861,"geometry":{"type":"LineString","coordinates":[[-6.1726343122516,53.367208283978776],[-6.172955500660124,53.368838444168006]]},"properties":{"FID":861,"BIKE":"NON_TRAFFIC_TRAIL","Shape_Leng":182.954840319,"DIR":"Bi-Directional"}},{"type":"Feature","id":863,"geometry":{"type":"LineString","coordinates":[[-6.1717233923156565,53.37269349016441],[-6.171732269827975,53.37318797727522],[-6.171445751049785,53.37356109197671]]},"properties":{"FID":863,"BIKE":"NON_TRAFFIC_TRAIL","Shape_Leng":100.730990258,"DIR":"Bi-Directional"}},{"type":"Feature","id":864,"geometry":{"type":"LineString","coordinates":[[-6.227853191063811,53.33298565752991],[-6.227583933174237,53.33332320796914],[-6.226874642614766,53.33377106440695],[-6.225486313736972,53.33429869952857]]},"properties":{"FID":864,"BIKE":"NON_TRAFFIC_TRAIL","Shape_Leng":219.959845416,"DIR":"Bi-Directional"}},{"type":"Feature","id":865,"geometry":{"type":"LineString","coordinates":[[-6.278934800692775,53.34903129861345],[-6.279604720111371,53.349402020434944]]},"properties":{"FID":865,"BIKE":"NON_TRAFFIC_TRAIL","Shape_Leng":61.8846143697,"DIR":"Bi-Directional"}},{"type":"Feature","id":866,"geometry":{"type":"LineString","coordinates":[[-6.321423426657893,53.37477607668984],[-6.322304592740828,53.37530078212632],[-6.330993512453766,53.375260822806126]]},"properties":{"FID":866,"BIKE":"NON_TRAFFIC_TRAIL","Shape_Leng":666.093793178,"DIR":"Bi-Directional"}},{"type":"Feature","id":867,"geometry":{"type":"LineString","coordinates":[[-6.309339999266579,53.346210001174924],[-6.308900000818167,53.34623000073841]]},"properties":{"FID":867,"BIKE":"NON_TRAFFIC_TRAIL","Shape_Leng":29.3871203837,"DIR":"Bi-Directional"}},{"type":"Feature","id":868,"geometry":{"type":"LineString","coordinates":[[-6.317159999613529,53.3477100014076],[-6.318770000140802,53.34822000092528],[-6.327529999767475,53.34909000066604]]},"properties":{"FID":868,"BIKE":"NON_TRAFFIC_TRAIL","Shape_Leng":713.135937152,"DIR":"Bi-Directional"}},{"type":"Feature","id":870,"geometry":{"type":"LineString","coordinates":[[-6.259905066987473,53.36144752220296],[-6.268184545175038,53.36336454546884]]},"properties":{"FID":870,"BIKE":"NON_TRAFFIC_TRAIL","Shape_Leng":592.144535486,"DIR":"Bi-Directional"}},{"type":"Feature","id":871,"geometry":{"type":"LineString","coordinates":[[-6.248579307207069,53.312340347973596],[-6.249072069853996,53.312401512213775]]},"properties":{"FID":871,"BIKE":"NON_TRAFFIC_TRAIL","Shape_Leng":33.5410196625,"DIR":"Bi-Directional"}},{"type":"Feature","id":872,"geometry":{"type":"LineString","coordinates":[[-6.331454350669745,53.37500661500245],[-6.331144081626975,53.37525394032792],[-6.330993512453766,53.375260822806126]]},"properties":{"FID":872,"BIKE":"NON_TRAFFIC_TRAIL","Shape_Leng":44.4788514653,"DIR":"Bi-Directional"}},{"type":"Feature","id":873,"geometry":{"type":"LineString","coordinates":[[-6.299881940953432,53.37788660712416],[-6.298502002941524,53.37819051104153],[-6.298419726565899,53.378369098432564]]},"properties":{"FID":873,"BIKE":"NON_TRAFFIC_TRAIL","Shape_Leng":120.79128923,"DIR":"Bi-Directional"}},{"type":"Feature","id":874,"geometry":{"type":"LineString","coordinates":[[-6.249080896181653,53.34957663243289],[-6.249604480163428,53.349629255491344]]},"properties":{"FID":874,"BIKE":"NON_TRAFFIC_TRAIL","Shape_Leng":35.3553390593,"DIR":"Bi-Directional"}},{"type":"Feature","id":876,"geometry":{"type":"LineString","coordinates":[[-6.296814691573294,53.363596846592934],[-6.2967338710067535,53.36373950170309]]},"properties":{"FID":876,"BIKE":"NON_TRAFFIC_TRAIL","Shape_Leng":16.7630546142,"DIR":"Bi-Directional"}},{"type":"Feature","id":881,"geometry":{"type":"LineString","coordinates":[[-6.213482131514399,53.31778424656218],[-6.212162258757182,53.31790300397754]]},"properties":{"FID":881,"BIKE":"NON_TRAFFIC_TRAIL","Shape_Leng":102.286181775,"DIR":"Bi-Directional"}},{"type":"Feature","id":883,"geometry":{"type":"LineString","coordinates":[[-6.311442649709515,53.37815546966173],[-6.311946278815227,53.37803555200677],[-6.312984433473983,53.37825712808784],[-6.3137956454938955,53.378245523931255],[-6.3144409025158375,53.37837706566508],[-6.315084172855301,53.37805912210056],[-6.315741465439469,53.377982701579086],[-6.315942377764415,53.378072010128044],[-6.316035093299034,53.37831455070153],[-6.316949581596612,53.378239549104975],[-6.317537263986462,53.37849834731648],[-6.3181383268729165,53.37847452936647],[-6.318629723326343,53.37862787984183],[-6.318901656795208,53.37898779387022],[-6.3195156922423905,53.37915397529845],[-6.319878480205361,53.37946378005905],[-6.321000811357669,53.3797230968092],[-6.3225657283746575,53.37960669930266],[-6.3246805673167215,53.37959226214864],[-6.325196791444119,53.379734078667056],[-6.325866132160746,53.37967123269958],[-6.326550744272925,53.37974810492296],[-6.328324705920423,53.37939054818452],[-6.329019231933063,53.37940213780183],[-6.329316377572793,53.379305830828805]]},"properties":{"FID":883,"BIKE":"NON_TRAFFIC_TRAIL","Shape_Leng":1338.63218705,"DIR":"Bi-Directional"}},{"type":"Feature","id":885,"geometry":{"type":"LineString","coordinates":[[-6.286406289668417,53.375769102288004],[-6.287191532479095,53.37648781266051],[-6.2876458234363355,53.37673500407],[-6.288819139285165,53.377036131948856],[-6.28962652369556,53.37741784755412],[-6.290600034357808,53.37752945682946],[-6.291728242515871,53.377458567541176],[-6.292947178056847,53.377250092198466],[-6.294226425120645,53.37736221637861],[-6.295460569523345,53.37697059240642],[-6.297748437881256,53.37658272476638],[-6.29866106949379,53.37630406946041],[-6.299872619553985,53.37630768942188],[-6.30196666703561,53.37609937671126],[-6.303258397214759,53.37626955084046],[-6.304549422445419,53.37607055961207],[-6.3047756288761,53.37615604821618],[-6.305060962365647,53.376528194877615],[-6.305475128864187,53.37679819582671],[-6.307377495666894,53.37757951341506],[-6.309466964875271,53.37803714366847],[-6.311450410138979,53.378160335005234]]},"properties":{"FID":885,"BIKE":"NON_TRAFFIC_TRAIL","Shape_Leng":1866.86938324,"DIR":"Bi-Directional"}},{"type":"Feature","id":887,"geometry":{"type":"LineString","coordinates":[[-6.28187419030766,53.365953256411345],[-6.281744284070497,53.36619406357754]]},"properties":{"FID":887,"BIKE":"NON_TRAFFIC_TRAIL","Shape_Leng":28.2077328114,"DIR":"Bi-Directional"}},{"type":"Feature","id":889,"geometry":{"type":"LineString","coordinates":[[-6.288196269136473,53.32294627294631],[-6.288202382366956,53.32279356283005]]},"properties":{"FID":889,"BIKE":"NON_TRAFFIC_TRAIL","Shape_Leng":17.5602197786,"DIR":"Bi-Directional"}},{"type":"Feature","id":890,"geometry":{"type":"LineString","coordinates":[[-6.232404273075394,53.36280550594137],[-6.23821483009722,53.36115306620506]]},"properties":{"FID":890,"BIKE":"NON_TRAFFIC_TRAIL","Shape_Leng":429.316015642,"DIR":"Bi-Directional"}},{"type":"Feature","id":891,"geometry":{"type":"LineString","coordinates":[[-6.328170736361517,53.33425436226802],[-6.306629368539051,53.33675560481044]]},"properties":{"FID":891,"BIKE":"NON_TRAFFIC_TRAIL","Shape_Leng":1461.82174506,"DIR":"Bi-Directional"}},{"type":"Feature","id":894,"geometry":{"type":"LineString","coordinates":[[-6.300729553628638,53.35810703712696],[-6.300992685643653,53.358290544837054],[-6.301263689151038,53.35865392484283]]},"properties":{"FID":894,"BIKE":"NON_TRAFFIC_TRAIL","Shape_Leng":71.2733317437,"DIR":"Bi-Directional"}},{"type":"Feature","id":895,"geometry":{"type":"LineString","coordinates":[[-6.301263689151038,53.35865392484283],[-6.301232950890515,53.35904896107412],[-6.301494304396944,53.359277382484215]]},"properties":{"FID":895,"BIKE":"NON_TRAFFIC_TRAIL","Shape_Leng":76.3825650456,"DIR":"Bi-Directional"}},{"type":"Feature","id":896,"geometry":{"type":"LineString","coordinates":[[-6.174942078748422,53.385290268980135],[-6.175385886030403,53.38545884163984]]},"properties":{"FID":896,"BIKE":"NON_TRAFFIC_TRAIL","Shape_Leng":34.9857113691,"DIR":"Bi-Directional"}},{"type":"Feature","id":897,"geometry":{"type":"LineString","coordinates":[[-6.258219999594509,53.33906000060509],[-6.2588099994804045,53.33923000121586]]},"properties":{"FID":897,"BIKE":"NON_TRAFFIC_TRAIL","Shape_Leng":43.616306741,"DIR":"Bi-Directional"}},{"type":"Feature","id":898,"geometry":{"type":"LineString","coordinates":[[-6.304678514947006,53.33696937936666],[-6.303726942188693,53.33710865028925],[-6.303096955783409,53.33709070304195]]},"properties":{"FID":898,"BIKE":"NON_TRAFFIC_TRAIL","Shape_Leng":107.925433764,"DIR":"Bi-Directional"}},{"type":"Feature","id":900,"geometry":{"type":"LineString","coordinates":[[-6.314544748892245,53.36513386783467],[-6.31482986512497,53.36552437899835]]},"properties":{"FID":900,"BIKE":"NON_TRAFFIC_TRAIL","Shape_Leng":47.6753989032,"DIR":"Bi-Directional"}},{"type":"Feature","id":901,"geometry":{"type":"LineString","coordinates":[[-6.183460328291409,53.38401806276203],[-6.183133355230489,53.38428273096692],[-6.18270656755083,53.38442004417006]]},"properties":{"FID":901,"BIKE":"NON_TRAFFIC_TRAIL","Shape_Leng":69.201583583,"DIR":"Bi-Directional"}},{"type":"Feature","id":902,"geometry":{"type":"LineString","coordinates":[[-6.22156636277667,53.38194044464503],[-6.221072510364525,53.38224766908809],[-6.220307067486942,53.38221828168183]]},"properties":{"FID":902,"BIKE":"NON_TRAFFIC_TRAIL","Shape_Leng":100.190523573,"DIR":"Bi-Directional"}},{"type":"Feature","id":905,"geometry":{"type":"LineString","coordinates":[[-6.3524328392753935,53.356009885693844],[-6.3526573740945835,53.35603096166349],[-6.353273119153872,53.356425943701495],[-6.353985328614078,53.35704695252306]]},"properties":{"FID":905,"BIKE":"NON_TRAFFIC_TRAIL","Shape_Leng":159.061041201,"DIR":"Bi-Directional"}},{"type":"Feature","id":906,"geometry":{"type":"LineString","coordinates":[[-6.338339999372412,53.345010000261574],[-6.3393899997188665,53.345130000839895]]},"properties":{"FID":906,"BIKE":"NON_TRAFFIC_TRAIL","Shape_Leng":71.5677340816,"DIR":"Bi-Directional"}},{"type":"Feature","id":907,"geometry":{"type":"LineString","coordinates":[[-6.320604495854171,53.345544522683554],[-6.319047380717368,53.34580122403337],[-6.315718900907164,53.34603291254807],[-6.315079711263682,53.34554940441778]]},"properties":{"FID":907,"BIKE":"NON_TRAFFIC_TRAIL","Shape_Leng":399.339241049,"DIR":"Bi-Directional"}},{"type":"Feature","id":908,"geometry":{"type":"LineString","coordinates":[[-6.171445751049785,53.37356109197671],[-6.171052932146175,53.37395954155913],[-6.170665500902122,53.374582777494936],[-6.170532654153015,53.37698059041964]]},"properties":{"FID":908,"BIKE":"NON_TRAFFIC_TRAIL","Shape_Leng":392.485641237,"DIR":"Bi-Directional"}},{"type":"Feature","id":909,"geometry":{"type":"LineString","coordinates":[[-6.3118816429717866,53.37358090934906],[-6.311917113671669,53.37382408724751],[-6.312333443338919,53.37393783131982]]},"properties":{"FID":909,"BIKE":"NON_TRAFFIC_TRAIL","Shape_Leng":59.0860948749,"DIR":"Bi-Directional"}},{"type":"Feature","id":910,"geometry":{"type":"LineString","coordinates":[[-6.219834157264156,53.3816629537185],[-6.220030991716304,53.381989461739686],[-6.220307067486942,53.38221828168183]]},"properties":{"FID":910,"BIKE":"NON_TRAFFIC_TRAIL","Shape_Leng":70.3072805144,"DIR":"Bi-Directional"}},{"type":"Feature","id":911,"geometry":{"type":"LineString","coordinates":[[-6.23952402121389,53.343827401597935],[-6.238823193244309,53.34406872621008]]},"properties":{"FID":911,"BIKE":"NON_TRAFFIC_TRAIL","Shape_Leng":53.8516480713,"DIR":"Bi-Directional"}},{"type":"Feature","id":913,"geometry":{"type":"LineString","coordinates":[[-6.183460328291409,53.38401806276203],[-6.183783202036521,53.38420273977824],[-6.18376320724842,53.38431928171528],[-6.182602267097208,53.384751018350016]]},"properties":{"FID":913,"BIKE":"NON_TRAFFIC_TRAIL","Shape_Leng":135.024924947,"DIR":"Bi-Directional"}},{"type":"Feature","id":914,"geometry":{"type":"LineString","coordinates":[[-6.176035551215769,53.36991021579075],[-6.175955468081216,53.37002583834722]]},"properties":{"FID":914,"BIKE":"NON_TRAFFIC_TRAIL","Shape_Leng":13.9283882772,"DIR":"Bi-Directional"}},{"type":"Feature","id":916,"geometry":{"type":"LineString","coordinates":[[-6.272230071324761,53.35770677041657],[-6.272844603220992,53.357742631252286]]},"properties":{"FID":916,"BIKE":"NON_TRAFFIC_TRAIL","Shape_Leng":41.1096095822,"DIR":"Bi-Directional"}},{"type":"Feature","id":917,"geometry":{"type":"LineString","coordinates":[[-6.3138825335493065,53.36516046515445],[-6.314399301270775,53.365392465930235]]},"properties":{"FID":917,"BIKE":"NON_TRAFFIC_TRAIL","Shape_Leng":44.3376050678,"DIR":"Bi-Directional"}},{"type":"Feature","id":918,"geometry":{"type":"LineString","coordinates":[[-6.2967338710067535,53.36373950170309],[-6.296986660071599,53.36380602582903],[-6.297259096203535,53.36413348290553],[-6.297863359122034,53.36442972067993]]},"properties":{"FID":918,"BIKE":"NON_TRAFFIC_TRAIL","Shape_Leng":112.089618898,"DIR":"Bi-Directional"}},{"type":"Feature","id":919,"geometry":{"type":"LineString","coordinates":[[-6.178816239206632,53.38469330897164],[-6.1769263008188995,53.38459255075181],[-6.1769336480707135,53.38477242654635],[-6.176711029268603,53.38505664768776]]},"properties":{"FID":919,"BIKE":"NON_TRAFFIC_TRAIL","Shape_Leng":181.276775057,"DIR":"Bi-Directional"}},{"type":"Feature","id":921,"geometry":{"type":"LineString","coordinates":[[-6.250053489906579,53.31299115938311],[-6.250075036522145,53.31319820352086]]},"properties":{"FID":921,"BIKE":"NON_TRAFFIC_TRAIL","Shape_Leng":23.4433488298,"DIR":"Bi-Directional"}},{"type":"Feature","id":922,"geometry":{"type":"LineString","coordinates":[[-6.24971516330066,53.34912754426084],[-6.2496766743607655,53.349333706498854]]},"properties":{"FID":922,"BIKE":"NON_TRAFFIC_TRAIL","Shape_Leng":23.0867927612,"DIR":"Bi-Directional"}},{"type":"Feature","id":923,"geometry":{"type":"LineString","coordinates":[[-6.2496766743607655,53.349333706498854],[-6.249604480163428,53.349629255491344]]},"properties":{"FID":923,"BIKE":"NON_TRAFFIC_TRAIL","Shape_Leng":33.2415402772,"DIR":"Bi-Directional"}},{"type":"Feature","id":926,"geometry":{"type":"LineString","coordinates":[[-6.249577995186502,53.31250780846785],[-6.2500615744329515,53.3127935381732]]},"properties":{"FID":926,"BIKE":"NON_TRAFFIC_TRAIL","Shape_Leng":45.2812849728,"DIR":"Bi-Directional"}},{"type":"Feature","id":929,"geometry":{"type":"LineString","coordinates":[[-6.2194013965972115,53.38050601847839],[-6.219501683303091,53.380624360220494]]},"properties":{"FID":929,"BIKE":"NON_TRAFFIC_TRAIL","Shape_Leng":15.8725074242,"DIR":"Bi-Directional"}},{"type":"Feature","id":930,"geometry":{"type":"LineString","coordinates":[[-6.317159999613529,53.3477100014076],[-6.316991459717734,53.348491020412894],[-6.316688566584003,53.349020093924864],[-6.316076486879264,53.3496292029187],[-6.315249999165007,53.350140000322554]]},"properties":{"FID":930,"BIKE":"NON_TRAFFIC_TRAIL","Shape_Leng":308.656319168,"DIR":"Bi-Directional"}},{"type":"Feature","id":933,"geometry":{"type":"LineString","coordinates":[[-6.219834157264156,53.3816629537185],[-6.219594222814827,53.382369436405114]]},"properties":{"FID":933,"BIKE":"NON_TRAFFIC_TRAIL","Shape_Leng":80.3976722744,"DIR":"Bi-Directional"}},{"type":"Feature","id":934,"geometry":{"type":"LineString","coordinates":[[-6.268184545175038,53.36336454546884],[-6.2699548409231305,53.363803675562224]]},"properties":{"FID":934,"BIKE":"NON_TRAFFIC_TRAIL","Shape_Leng":128.466584716,"DIR":"Bi-Directional"}},{"type":"Feature","id":935,"geometry":{"type":"LineString","coordinates":[[-6.172955500660124,53.368838444168006],[-6.175626161611375,53.36964330002973],[-6.176035551215769,53.36991021579075]]},"properties":{"FID":935,"BIKE":"NON_TRAFFIC_TRAIL","Shape_Leng":239.881733707,"DIR":"Bi-Directional"}},{"type":"Feature","id":936,"geometry":{"type":"LineString","coordinates":[[-6.172786278898461,53.37208958298897],[-6.1717233923156565,53.37269349016441]]},"properties":{"FID":936,"BIKE":"NON_TRAFFIC_TRAIL","Shape_Leng":97.5807358037,"DIR":"Bi-Directional"}},{"type":"Feature","id":937,"geometry":{"type":"LineString","coordinates":[[-6.288202382366956,53.32279356283005],[-6.288552844954777,53.32266377016347]]},"properties":{"FID":937,"BIKE":"NON_TRAFFIC_TRAIL","Shape_Leng":27.4791973246,"DIR":"Bi-Directional"}},{"type":"Feature","id":938,"geometry":{"type":"LineString","coordinates":[[-6.234375664840287,53.323393122233966],[-6.235185248475252,53.32378260682418]]},"properties":{"FID":938,"BIKE":"NON_TRAFFIC_TRAIL","Shape_Leng":70.0681466366,"DIR":"Bi-Directional"}},{"type":"Feature","id":939,"geometry":{"type":"LineString","coordinates":[[-6.256850000909542,53.338640001079206],[-6.258219999594509,53.33906000060509]]},"properties":{"FID":939,"BIKE":"NON_TRAFFIC_TRAIL","Shape_Leng":103.144063255,"DIR":"Bi-Directional"}},{"type":"Feature","id":940,"geometry":{"type":"LineString","coordinates":[[-6.212162258757182,53.31790300397754],[-6.21215848425889,53.318352358368045],[-6.212459235417444,53.31869841842341]]},"properties":{"FID":940,"BIKE":"NON_TRAFFIC_TRAIL","Shape_Leng":93.4265856924,"DIR":"Bi-Directional"}},{"type":"Feature","id":941,"geometry":{"type":"LineString","coordinates":[[-6.221263096462875,53.38056074301457],[-6.2202941085059065,53.38036653542353],[-6.2196199917370025,53.38067106572054]]},"properties":{"FID":941,"BIKE":"NON_TRAFFIC_TRAIL","Shape_Leng":126.332836677,"DIR":"Bi-Directional"}},{"type":"Feature","id":944,"geometry":{"type":"LineString","coordinates":[[-6.329315819337884,53.379320089628926],[-6.331188876172461,53.37840466202612],[-6.331537786944393,53.378024327132664],[-6.331837438010615,53.37791178793668],[-6.334454983681482,53.377683517979044],[-6.335207478465222,53.3775334195112],[-6.336207920827763,53.37757590416992]]},"properties":{"FID":944,"BIKE":"NON_TRAFFIC_TRAIL","Shape_Leng":533.394240248,"DIR":"Bi-Directional"}},{"type":"Feature","id":946,"geometry":{"type":"LineString","coordinates":[[-6.316061100818779,53.374691549440165],[-6.3160243237670235,53.37486180252322],[-6.315643467803516,53.37499124811468],[-6.31415846140408,53.37491635300206]]},"properties":{"FID":946,"BIKE":"NON_TRAFFIC_TRAIL","Shape_Leng":149.382519416,"DIR":"Bi-Directional"}},{"type":"Feature","id":948,"geometry":{"type":"LineString","coordinates":[[-6.30984000088575,53.34583000056202],[-6.309339999266579,53.346210001174924]]},"properties":{"FID":948,"BIKE":"NON_TRAFFIC_TRAIL","Shape_Leng":53.9179156858,"DIR":"Bi-Directional"}},{"type":"Feature","id":949,"geometry":{"type":"LineString","coordinates":[[-6.2993597358175695,53.36571836804774],[-6.299760569946552,53.366218421466634],[-6.299774150842762,53.366632064475084]]},"properties":{"FID":949,"BIKE":"NON_TRAFFIC_TRAIL","Shape_Leng":107.966773554,"DIR":"Bi-Directional"}},{"type":"Feature","id":950,"geometry":{"type":"LineString","coordinates":[[-6.327529999767475,53.34909000066604],[-6.332342533198711,53.34942478288838]]},"properties":{"FID":950,"BIKE":"NON_TRAFFIC_TRAIL","Shape_Leng":322.74993729,"DIR":"Bi-Directional"}},{"type":"Feature","id":951,"geometry":{"type":"LineString","coordinates":[[-6.29960432005375,53.36561399693004],[-6.2993597358175695,53.36571836804774]]},"properties":{"FID":951,"BIKE":"NON_TRAFFIC_TRAIL","Shape_Leng":20,"DIR":"Bi-Directional"}},{"type":"Feature","id":952,"geometry":{"type":"LineString","coordinates":[[-6.26829330818795,53.36327624306151],[-6.268184545175038,53.36336454546884]]},"properties":{"FID":952,"BIKE":"NON_TRAFFIC_TRAIL","Shape_Leng":12.2065556157,"DIR":"Bi-Directional"}},{"type":"Feature","id":953,"geometry":{"type":"LineString","coordinates":[[-6.221112780913082,53.37983945296307],[-6.221545439500336,53.379917805823915],[-6.222503197914974,53.380381479647724]]},"properties":{"FID":953,"BIKE":"NON_TRAFFIC_TRAIL","Shape_Leng":112.261022994,"DIR":"Bi-Directional"}},{"type":"Feature","id":954,"geometry":{"type":"LineString","coordinates":[[-6.180363265287166,53.386137035647394],[-6.180151390797594,53.38616975803615]]},"properties":{"FID":954,"BIKE":"NON_TRAFFIC_TRAIL","Shape_Leng":14.5602197786,"DIR":"Bi-Directional"}},{"type":"Feature","id":957,"geometry":{"type":"LineString","coordinates":[[-6.316496723708903,53.37469769507262],[-6.317548227896455,53.374712522810604]]},"properties":{"FID":957,"BIKE":"NON_TRAFFIC_TRAIL","Shape_Leng":70,"DIR":"Bi-Directional"}},{"type":"Feature","id":958,"geometry":{"type":"LineString","coordinates":[[-6.220307067486942,53.38221828168183],[-6.220748778724279,53.38244058214715]]},"properties":{"FID":958,"BIKE":"NON_TRAFFIC_TRAIL","Shape_Leng":38.4201072774,"DIR":"Bi-Directional"}},{"type":"Feature","id":959,"geometry":{"type":"LineString","coordinates":[[-6.2489749582990415,53.34849650264383],[-6.248508857916792,53.34850763747859]]},"properties":{"FID":959,"BIKE":"NON_TRAFFIC_TRAIL","Shape_Leng":31.064449134,"DIR":"Bi-Directional"}},{"type":"Feature","id":960,"geometry":{"type":"LineString","coordinates":[[-6.213475959242096,53.31735643086727],[-6.213482131514399,53.31778424656218]]},"properties":{"FID":960,"BIKE":"NON_TRAFFIC_TRAIL","Shape_Leng":47.6140509679,"DIR":"Bi-Directional"}},{"type":"Feature","id":961,"geometry":{"type":"LineString","coordinates":[[-6.31482986512497,53.36552437899835],[-6.3148574197366765,53.3655876841981]]},"properties":{"FID":961,"BIKE":"NON_TRAFFIC_TRAIL","Shape_Leng":7.28010988928,"DIR":"Bi-Directional"}},{"type":"Feature","id":962,"geometry":{"type":"LineString","coordinates":[[-6.2489749582990415,53.34849650264383],[-6.2491661533152385,53.34849422658984]]},"properties":{"FID":962,"BIKE":"NON_TRAFFIC_TRAIL","Shape_Leng":12.73505726,"DIR":"Bi-Directional"}},{"type":"Feature","id":965,"geometry":{"type":"LineString","coordinates":[[-6.314399301270775,53.365392465930235],[-6.31482986512497,53.36552437899835]]},"properties":{"FID":965,"BIKE":"NON_TRAFFIC_TRAIL","Shape_Leng":32.5296461205,"DIR":"Bi-Directional"}},{"type":"Feature","id":966,"geometry":{"type":"LineString","coordinates":[[-6.178816239206632,53.38469330897164],[-6.177013428495367,53.3850163259233]]},"properties":{"FID":966,"BIKE":"NON_TRAFFIC_TRAIL","Shape_Leng":125.782038983,"DIR":"Bi-Directional"}},{"type":"Feature","id":967,"geometry":{"type":"LineString","coordinates":[[-6.3150700000819775,53.345550001598056],[-6.314130001110305,53.34559000147244]]},"properties":{"FID":967,"BIKE":"NON_TRAFFIC_TRAIL","Shape_Leng":62.7603619756,"DIR":"Bi-Directional"}},{"type":"Feature","id":969,"geometry":{"type":"LineString","coordinates":[[-6.234375664840287,53.323393122233966],[-6.2342613717572135,53.32361613489763]]},"properties":{"FID":969,"BIKE":"NON_TRAFFIC_TRAIL","Shape_Leng":26.3594156421,"DIR":"Bi-Directional"}},{"type":"Feature","id":970,"geometry":{"type":"LineString","coordinates":[[-6.225708603087224,53.33654006195005],[-6.2260295373518755,53.33712906612424]]},"properties":{"FID":970,"BIKE":"NON_TRAFFIC_TRAIL","Shape_Leng":68.9492567038,"DIR":"Bi-Directional"}},{"type":"Feature","id":971,"geometry":{"type":"LineString","coordinates":[[-6.332631000702525,53.3754179999624],[-6.337565999918654,53.37544400015824],[-6.345377000183677,53.37784999988186],[-6.350697999935766,53.38005200013929],[-6.3575650004310695,53.38230399999355],[-6.364516999497375,53.38250900038145],[-6.371554999576526,53.38171599988397]]},"properties":{"FID":971,"BIKE":"NON_TRAFFIC_TRAIL","Shape_Leng":2804.66429575,"DIR":"Bi-Directional"}},{"type":"Feature","id":973,"geometry":{"type":"LineString","coordinates":[[-6.2500615744329515,53.3127935381732],[-6.250053489906579,53.31299115938311]]},"properties":{"FID":973,"BIKE":"NON_TRAFFIC_TRAIL","Shape_Leng":22,"DIR":"Bi-Directional"}},{"type":"Feature","id":978,"geometry":{"type":"LineString","coordinates":[[-6.2792786824262175,53.37020596749943],[-6.279559999671025,53.3704100012913]]},"properties":{"FID":978,"BIKE":"BIKE_FRIENDLY_PEDESTRIAN_PATH","Shape_Leng":29.4316439589,"DIR":"Forward"}},{"type":"Feature","id":980,"geometry":{"type":"LineString","coordinates":[[-6.22673709541537,53.3496608365321],[-6.226757096899228,53.34950083633106]]},"properties":{"FID":980,"BIKE":"BIKE_FRIENDLY_PEDESTRIAN_PATH","Shape_Leng":17.8564635037,"DIR":"Forward"}},{"type":"Feature","id":981,"geometry":{"type":"LineString","coordinates":[[-6.226757096899228,53.34950083633106],[-6.226833026062483,53.34899737508421]]},"properties":{"FID":981,"BIKE":"BIKE_FRIENDLY_PEDESTRIAN_PATH","Shape_Leng":56.2770300887,"DIR":"Forward"}},{"type":"Feature","id":983,"geometry":{"type":"LineString","coordinates":[[-6.226557093869257,53.350020835033035],[-6.22673709541537,53.3496608365321]]},"properties":{"FID":983,"BIKE":"BIKE_FRIENDLY_PEDESTRIAN_PATH","Shape_Leng":41.8634577013,"DIR":"Forward"}},{"type":"Feature","id":994,"geometry":{"type":"LineString","coordinates":[[-6.245495712003058,53.33441463327317],[-6.240569366872127,53.33761436306326]]},"properties":{"FID":994,"BIKE":"SEPARATE_TRAIL","Shape_Leng":484.526042332,"DIR":"Bi-Directional"}},{"type":"Feature","id":995,"geometry":{"type":"LineString","coordinates":[[-6.264192066150987,53.33019093114032],[-6.261189754554899,53.33033937230241],[-6.260296755857289,53.33051510310753]]},"properties":{"FID":995,"BIKE":"SEPARATE_TRAIL","Shape_Leng":263.336444141,"DIR":"Bi-Directional"}},{"type":"Feature","id":1011,"geometry":{"type":"LineString","coordinates":[[-6.238823193244309,53.34406872621008],[-6.239546475023347,53.34437600981016]]},"properties":{"FID":1011,"BIKE":"NON_TRAFFIC_TRAIL","Shape_Leng":59.076221951,"DIR":"Bi-Directional"}},{"type":"Feature","id":1014,"geometry":{"type":"LineString","coordinates":[[-6.2196199917370025,53.38067106572054],[-6.219556557811223,53.38111053748078],[-6.219834157264156,53.3816629537185]]},"properties":{"FID":1014,"BIKE":"NON_TRAFFIC_TRAIL","Shape_Leng":114.142141595,"DIR":"Bi-Directional"}},{"type":"Feature","id":1015,"geometry":{"type":"LineString","coordinates":[[-6.252513631656927,53.35158636825942],[-6.253014834823577,53.35218692345196]]},"properties":{"FID":1015,"BIKE":"NON_TRAFFIC_TRAIL","Shape_Leng":74.7253638914,"DIR":"Bi-Directional"}},{"type":"Feature","id":1018,"geometry":{"type":"LineString","coordinates":[[-6.260180821517643,53.33057244456012],[-6.259524877668964,53.33078800358535],[-6.253129999480854,53.332050001273515],[-6.252989015308491,53.33217060414244]]},"properties":{"FID":1018,"BIKE":"SEPARATE_TRAIL","Shape_Leng":517.470513048,"DIR":"Bi-Directional"}},{"type":"Feature","id":1019,"geometry":{"type":"LineString","coordinates":[[-6.250789985687414,53.314799597678196],[-6.2513877796369535,53.314862292464845]]},"properties":{"FID":1019,"BIKE":"NON_TRAFFIC_TRAIL","Shape_Leng":40.9133069358,"DIR":"Bi-Directional"}},{"type":"Feature","id":1020,"geometry":{"type":"LineString","coordinates":[[-6.354116660589262,53.35714763178257],[-6.354608156169531,53.35764874851981]]},"properties":{"FID":1020,"BIKE":"NON_TRAFFIC_TRAIL","Shape_Leng":64.9099973088,"DIR":"Bi-Directional"}},{"type":"Feature","id":1022,"geometry":{"type":"LineString","coordinates":[[-6.220748778724279,53.38244058214715],[-6.220654517467405,53.382538046232284]]},"properties":{"FID":1022,"BIKE":"NON_TRAFFIC_TRAIL","Shape_Leng":12.5299640861,"DIR":"Bi-Directional"}},{"type":"Feature","id":1023,"geometry":{"type":"LineString","coordinates":[[-6.180491638088542,53.3848896367331],[-6.180069434110585,53.38491915238272]]},"properties":{"FID":1023,"BIKE":"NON_TRAFFIC_TRAIL","Shape_Leng":28.2842712475,"DIR":"Bi-Directional"}},{"type":"Feature","id":1024,"geometry":{"type":"LineString","coordinates":[[-6.315036092252037,53.36524866256124],[-6.31482986512497,53.36552437899835]]},"properties":{"FID":1024,"BIKE":"NON_TRAFFIC_TRAIL","Shape_Leng":34.2812745758,"DIR":"Bi-Directional"}},{"type":"Feature","id":1025,"geometry":{"type":"LineString","coordinates":[[-6.2491661533152385,53.34849422658984],[-6.249828419738132,53.34856295377638]]},"properties":{"FID":1025,"BIKE":"NON_TRAFFIC_TRAIL","Shape_Leng":44.7616072478,"DIR":"Bi-Directional"}},{"type":"Feature","id":1026,"geometry":{"type":"LineString","coordinates":[[-6.249594832153845,53.312463114699014],[-6.250265382695723,53.31258081218924]]},"properties":{"FID":1026,"BIKE":"NON_TRAFFIC_TRAIL","Shape_Leng":48.948817305,"DIR":"Bi-Directional"}},{"type":"Feature","id":1027,"geometry":{"type":"LineString","coordinates":[[-6.30195689845567,53.35822337733966],[-6.301844645517729,53.35840154072781]]},"properties":{"FID":1027,"BIKE":"NON_TRAFFIC_TRAIL","Shape_Leng":21.1896201004,"DIR":"Bi-Directional"}},{"type":"Feature","id":1029,"geometry":{"type":"LineString","coordinates":[[-6.17904274780342,53.384669800434224],[-6.178816239206632,53.38469330897164]]},"properties":{"FID":1029,"BIKE":"NON_TRAFFIC_TRAIL","Shape_Leng":15.2970585408,"DIR":"Bi-Directional"}},{"type":"Feature","id":1030,"geometry":{"type":"LineString","coordinates":[[-6.219553722228518,53.3876628334067],[-6.219361045849005,53.38795656693382]]},"properties":{"FID":1030,"BIKE":"NON_TRAFFIC_TRAIL","Shape_Leng":35.1140997322,"DIR":"Bi-Directional"}},{"type":"Feature","id":1031,"geometry":{"type":"LineString","coordinates":[[-6.256670000757225,53.33853000136664],[-6.256850000909542,53.338640001079206]]},"properties":{"FID":1031,"BIKE":"NON_TRAFFIC_TRAIL","Shape_Leng":17.1353719962,"DIR":"Bi-Directional"}},{"type":"Feature","id":1053,"geometry":{"type":"LineString","coordinates":[[-6.226947099408702,53.348280836616645],[-6.226971923579201,53.34808917803046]]},"properties":{"FID":1053,"BIKE":"BIKE_FRIENDLY_PEDESTRIAN_PATH","Shape_Leng":21.3939994818,"DIR":"Forward"}},{"type":"Feature","id":1058,"geometry":{"type":"LineString","coordinates":[[-6.314544748892245,53.36513386783467],[-6.314399301270775,53.365392465930235]]},"properties":{"FID":1058,"BIKE":"NON_TRAFFIC_TRAIL","Shape_Leng":30.3644529014,"DIR":"Bi-Directional"}},{"type":"Feature","id":1059,"geometry":{"type":"LineString","coordinates":[[-6.314424227536909,53.373895474496635],[-6.312333443338919,53.37393783131982]]},"properties":{"FID":1059,"BIKE":"NON_TRAFFIC_TRAIL","Shape_Leng":140.161402432,"DIR":"Bi-Directional"}},{"type":"Feature","id":1082,"geometry":{"type":"LineString","coordinates":[[-6.301844645517729,53.35840154072781],[-6.302795293741575,53.35867571892158]]},"properties":{"FID":1082,"BIKE":"NON_TRAFFIC_TRAIL","Shape_Leng":70.2637886824,"DIR":"Bi-Directional"}},{"type":"Feature","id":1086,"geometry":{"type":"LineString","coordinates":[[-6.178136048163158,53.36893562381778],[-6.176794541646078,53.3697330618449]]},"properties":{"FID":1086,"BIKE":"NON_TRAFFIC_TRAIL","Shape_Leng":126.257088119,"DIR":"Bi-Directional"}},{"type":"Feature","id":1088,"geometry":{"type":"LineString","coordinates":[[-6.249878367513402,53.31433681576288],[-6.25007226191272,53.31436662528066],[-6.250106971551188,53.314618803350726],[-6.250554028249981,53.314697267004505]]},"properties":{"FID":1088,"BIKE":"NON_TRAFFIC_TRAIL","Shape_Leng":72.5502691373,"DIR":"Bi-Directional"}},{"type":"Feature","id":1095,"geometry":{"type":"LineString","coordinates":[[-6.225769836818732,53.363967418562076],[-6.222926613863255,53.365464781264585]]},"properties":{"FID":1095,"BIKE":"NON_TRAFFIC_TRAIL","Shape_Leng":252.501277712,"DIR":"Bi-Directional"}},{"type":"Feature","id":1100,"geometry":{"type":"LineString","coordinates":[[-6.180053197155406,53.38635701242944],[-6.180065156087235,53.386429100151275]]},"properties":{"FID":1100,"BIKE":"NON_TRAFFIC_TRAIL","Shape_Leng":8.0622577483,"DIR":"Bi-Directional"}},{"type":"Feature","id":1101,"geometry":{"type":"LineString","coordinates":[[-6.347620979340365,53.3423663576476],[-6.348207775095693,53.34228293852994],[-6.348594563871176,53.34197679031317]]},"properties":{"FID":1101,"BIKE":"BIKE_FRIENDLY_PEDESTRIAN_PATH","Shape_Leng":83.6879561847,"DIR":"Forward"}},{"type":"Feature","id":1103,"geometry":{"type":"LineString","coordinates":[[-6.176290049019564,53.36958154195261],[-6.176035551215769,53.36991021579075]]},"properties":{"FID":1103,"BIKE":"NON_TRAFFIC_TRAIL","Shape_Leng":40.3112887415,"DIR":"Bi-Directional"}},{"type":"Feature","id":1106,"geometry":{"type":"LineString","coordinates":[[-6.222503197914974,53.380381479647724],[-6.221895551050543,53.380534214571085],[-6.221263096462875,53.38056074301457]]},"properties":{"FID":1106,"BIKE":"NON_TRAFFIC_TRAIL","Shape_Leng":86.7254838622,"DIR":"Bi-Directional"}},{"type":"Feature","id":1107,"geometry":{"type":"LineString","coordinates":[[-6.328526188844861,53.33419728692593],[-6.334311899985941,53.33350699930477]]},"properties":{"FID":1107,"BIKE":"NON_TRAFFIC_TRAIL","Shape_Leng":393.645602981,"DIR":"Bi-Directional"}},{"type":"Feature","id":1109,"geometry":{"type":"LineString","coordinates":[[-6.248508857916792,53.34850763747859],[-6.248345302561384,53.34956583533782]]},"properties":{"FID":1109,"BIKE":"NON_TRAFFIC_TRAIL","Shape_Leng":118.270875536,"DIR":"Bi-Directional"}},{"type":"Feature","id":1111,"geometry":{"type":"LineString","coordinates":[[-6.350524968707904,53.356396974929844],[-6.351019780238925,53.35642178977394]]},"properties":{"FID":1111,"BIKE":"NON_TRAFFIC_TRAIL","Shape_Leng":33.0605505096,"DIR":"Bi-Directional"}},{"type":"Feature","id":1113,"geometry":{"type":"LineString","coordinates":[[-6.281753261692139,53.36447747362815],[-6.28194254343536,53.36500150632852],[-6.281964265335624,53.365208544408716],[-6.281853717848174,53.365341773704195],[-6.281943299886612,53.36572954995051]]},"properties":{"FID":1113,"BIKE":"NON_TRAFFIC_TRAIL","Shape_Leng":143.056371783,"DIR":"Bi-Directional"}},{"type":"Feature","id":1117,"geometry":{"type":"LineString","coordinates":[[-6.334311899985941,53.33350699930477],[-6.345788087319818,53.33213793728546]]},"properties":{"FID":1117,"BIKE":"NON_TRAFFIC_TRAIL","Shape_Leng":779.774452076,"DIR":"Bi-Directional"}},{"type":"Feature","id":1119,"geometry":{"type":"LineString","coordinates":[[-6.260063204766434,53.36170045481548],[-6.271197016747188,53.364298045799636]]},"properties":{"FID":1119,"BIKE":"NON_TRAFFIC_TRAIL","Shape_Leng":796.076053792,"DIR":"Bi-Directional"}},{"type":"Feature","id":1120,"geometry":{"type":"LineString","coordinates":[[-6.225344147988143,53.33591445667767],[-6.225708603087224,53.33654006195005]]},"properties":{"FID":1120,"BIKE":"NON_TRAFFIC_TRAIL","Shape_Leng":73.7360156233,"DIR":"Bi-Directional"}},{"type":"Feature","id":1123,"geometry":{"type":"LineString","coordinates":[[-6.18270656755083,53.38442004417006],[-6.182475087545268,53.384560330156894]]},"properties":{"FID":1123,"BIKE":"NON_TRAFFIC_TRAIL","Shape_Leng":22.0319000637,"DIR":"Bi-Directional"}},{"type":"Feature","id":1124,"geometry":{"type":"LineString","coordinates":[[-6.3127517641807955,53.37476165443684],[-6.313905224488238,53.37485884763753]]},"properties":{"FID":1124,"BIKE":"NON_TRAFFIC_TRAIL","Shape_Leng":78.3048255271,"DIR":"Bi-Directional"}},{"type":"Feature","id":1130,"geometry":{"type":"LineString","coordinates":[[-6.311588618312507,53.3745294929403],[-6.312363692264792,53.374693251502926]]},"properties":{"FID":1130,"BIKE":"NON_TRAFFIC_TRAIL","Shape_Leng":56.3674298778,"DIR":"Bi-Directional"}},{"type":"Feature","id":1134,"geometry":{"type":"LineString","coordinates":[[-6.172426056776364,53.36962129916917],[-6.174480178296316,53.370084173282834]]},"properties":{"FID":1134,"BIKE":"NON_TRAFFIC_TRAIL","Shape_Leng":146.12074536,"DIR":"Bi-Directional"}},{"type":"Feature","id":1137,"geometry":{"type":"LineString","coordinates":[[-6.313905224488238,53.37485884763753],[-6.31415846140408,53.37491635300206]]},"properties":{"FID":1137,"BIKE":"NON_TRAFFIC_TRAIL","Shape_Leng":18.0277563773,"DIR":"Bi-Directional"}},{"type":"Feature","id":1138,"geometry":{"type":"LineString","coordinates":[[-6.249769031762668,53.348912619489454],[-6.24971516330066,53.34912754426084]]},"properties":{"FID":1138,"BIKE":"NON_TRAFFIC_TRAIL","Shape_Leng":24.1867732449,"DIR":"Bi-Directional"}},{"type":"Feature","id":1139,"geometry":{"type":"LineString","coordinates":[[-6.249828419738132,53.34856295377638],[-6.249769031762668,53.348912619489454]]},"properties":{"FID":1139,"BIKE":"NON_TRAFFIC_TRAIL","Shape_Leng":39.1152144312,"DIR":"Bi-Directional"}},{"type":"Feature","id":1147,"geometry":{"type":"LineString","coordinates":[[-6.238549413891838,53.34356234852428],[-6.23952402121389,53.343827401597935]]},"properties":{"FID":1147,"BIKE":"NON_TRAFFIC_TRAIL","Shape_Leng":71.2991383529,"DIR":"Bi-Directional"}},{"type":"Feature","id":1154,"geometry":{"type":"LineString","coordinates":[[-6.314639490019107,53.37377268249116],[-6.314424227536909,53.373895474496635]]},"properties":{"FID":1154,"BIKE":"NON_TRAFFIC_TRAIL","Shape_Leng":20.6061756997,"DIR":"Bi-Directional"}},{"type":"Feature","id":1155,"geometry":{"type":"LineString","coordinates":[[-6.222926613863255,53.365464781264585],[-6.22355869601863,53.36603522124595]]},"properties":{"FID":1155,"BIKE":"NON_TRAFFIC_TRAIL","Shape_Leng":76.1632161852,"DIR":"Bi-Directional"}},{"type":"Feature","id":1158,"geometry":{"type":"LineString","coordinates":[[-6.314889999856145,53.35585000040948],[-6.314370000469675,53.35620000087803],[-6.313389998884939,53.356580001121074]]},"properties":{"FID":1158,"BIKE":"NON_TRAFFIC_TRAIL","Shape_Leng":130.426573091,"DIR":"Bi-Directional"}},{"type":"Feature","id":1163,"geometry":{"type":"LineString","coordinates":[[-6.163657036627447,53.408138418516124],[-6.165292148741238,53.40806222940867],[-6.1712978626968145,53.40676265617088],[-6.173235862344711,53.40656192803166]]},"properties":{"FID":1163,"BIKE":"BIKE_FRIENDLY_PEDESTRIAN_PATH","Shape_Leng":666.66102593,"DIR":"Forward"}},{"type":"Feature","id":1164,"geometry":{"type":"LineString","coordinates":[[-6.338339999372412,53.345010000261574],[-6.336669999715914,53.34512000095468],[-6.334650000298427,53.345690000440584],[-6.333439999609847,53.345760001304235]]},"properties":{"FID":1164,"BIKE":"NON_TRAFFIC_TRAIL","Shape_Leng":343.172791415,"DIR":"Bi-Directional"}},{"type":"Feature","id":1168,"geometry":{"type":"LineString","coordinates":[[-6.232404273075394,53.36280550594137],[-6.233034032612666,53.36378989548253]]},"properties":{"FID":1168,"BIKE":"NON_TRAFFIC_TRAIL","Shape_Leng":117.302392474,"DIR":"Bi-Directional"}},{"type":"Feature","id":1169,"geometry":{"type":"LineString","coordinates":[[-6.264981452830257,53.3457920866498],[-6.2651219250810035,53.346193390088466]]},"properties":{"FID":1169,"BIKE":"NON_TRAFFIC_TRAIL","Shape_Leng":45.6767606518,"DIR":"Bi-Directional"}},{"type":"Feature","id":1170,"geometry":{"type":"LineString","coordinates":[[-6.226803522119118,53.33838094071162],[-6.227070041773114,53.33883431037421]]},"properties":{"FID":1170,"BIKE":"NON_TRAFFIC_TRAIL","Shape_Leng":53.4883164813,"DIR":"Bi-Directional"}},{"type":"Feature","id":1172,"geometry":{"type":"LineString","coordinates":[[-6.344700000198218,53.36034000058005],[-6.338935728429933,53.36163088483734]]},"properties":{"FID":1172,"BIKE":"NON_TRAFFIC_TRAIL","Shape_Leng":409.994051936,"DIR":"Bi-Directional"}},{"type":"Feature","id":1175,"geometry":{"type":"LineString","coordinates":[[-6.179066206070433,53.384472418465485],[-6.17904274780342,53.384669800434224]]},"properties":{"FID":1175,"BIKE":"NON_TRAFFIC_TRAIL","Shape_Leng":22.0227155455,"DIR":"Bi-Directional"}},{"type":"Feature","id":1176,"geometry":{"type":"LineString","coordinates":[[-6.291748964038431,53.371532783710535],[-6.299697135426416,53.373093359543546]]},"properties":{"FID":1176,"BIKE":"NON_TRAFFIC_TRAIL","Shape_Leng":556.851310648,"DIR":"Bi-Directional"}},{"type":"Feature","id":1177,"geometry":{"type":"LineString","coordinates":[[-6.227070041773114,53.33883431037421],[-6.227461954887301,53.33952323491378]]},"properties":{"FID":1177,"BIKE":"NON_TRAFFIC_TRAIL","Shape_Leng":80.9938269253,"DIR":"Bi-Directional"}},{"type":"Feature","id":1178,"geometry":{"type":"LineString","coordinates":[[-6.313349999734975,53.34563000077831],[-6.30984000088575,53.34583000056202]]},"properties":{"FID":1178,"BIKE":"NON_TRAFFIC_TRAIL","Shape_Leng":234.894981492,"DIR":"Bi-Directional"}},{"type":"Feature","id":1180,"geometry":{"type":"LineString","coordinates":[[-6.271207069668469,53.323959588560534],[-6.272265771349921,53.32413671430296]]},"properties":{"FID":1180,"BIKE":"NON_TRAFFIC_TRAIL","Shape_Leng":73.2461603089,"DIR":"Bi-Directional"}},{"type":"Feature","id":1181,"geometry":{"type":"LineString","coordinates":[[-6.255900647864198,53.36759879480509],[-6.255659220791245,53.36799074210333],[-6.255732478906206,53.36803675334447],[-6.256570611505126,53.367752393878185],[-6.257093694383761,53.36782295125863]]},"properties":{"FID":1181,"BIKE":"NON_TRAFFIC_TRAIL","Shape_Leng":154.006972028,"DIR":"Bi-Directional"}},{"type":"Feature","id":1183,"geometry":{"type":"LineString","coordinates":[[-6.22156636277667,53.38194044464503],[-6.221591916605575,53.38204868283464],[-6.221315925271961,53.38253891666291]]},"properties":{"FID":1183,"BIKE":"NON_TRAFFIC_TRAIL","Shape_Leng":69.7328769191,"DIR":"Bi-Directional"}},{"type":"Feature","id":1187,"geometry":{"type":"LineString","coordinates":[[-6.317548227896455,53.374712522810604],[-6.3188254095003655,53.37472153246187]]},"properties":{"FID":1187,"BIKE":"NON_TRAFFIC_TRAIL","Shape_Leng":85.0058821494,"DIR":"Bi-Directional"}},{"type":"Feature","id":1189,"geometry":{"type":"LineString","coordinates":[[-6.314074009585136,53.37477135201776],[-6.313905224488238,53.37485884763753]]},"properties":{"FID":1189,"BIKE":"NON_TRAFFIC_TRAIL","Shape_Leng":14.8884056117,"DIR":"Bi-Directional"}},{"type":"Feature","id":1190,"geometry":{"type":"LineString","coordinates":[[-6.2967338710067535,53.36373950170309],[-6.295375440226606,53.36426837537155]]},"properties":{"FID":1190,"BIKE":"NON_TRAFFIC_TRAIL","Shape_Leng":109.771882891,"DIR":"Bi-Directional"}},{"type":"Feature","id":1193,"geometry":{"type":"LineString","coordinates":[[-6.314947486578414,53.37396577953997],[-6.315714765050871,53.374327142286084],[-6.316061100818779,53.374691549440165]]},"properties":{"FID":1193,"BIKE":"NON_TRAFFIC_TRAIL","Shape_Leng":111.802367171,"DIR":"Bi-Directional"}},{"type":"Feature","id":1199,"geometry":{"type":"LineString","coordinates":[[-6.249072069853996,53.312401512213775],[-6.249594832153845,53.312463114699014]]},"properties":{"FID":1199,"BIKE":"NON_TRAFFIC_TRAIL","Shape_Leng":35.5105618091,"DIR":"Bi-Directional"}},{"type":"Feature","id":1200,"geometry":{"type":"LineString","coordinates":[[-6.180151390797594,53.38616975803615],[-6.180053197155406,53.38635701242944]]},"properties":{"FID":1200,"BIKE":"NON_TRAFFIC_TRAIL","Shape_Leng":21.8403296678,"DIR":"Bi-Directional"}},{"type":"Feature","id":1201,"geometry":{"type":"LineString","coordinates":[[-6.271197016747188,53.364298045799636],[-6.271735839884581,53.36441968639791]]},"properties":{"FID":1201,"BIKE":"NON_TRAFFIC_TRAIL","Shape_Leng":38.3387902263,"DIR":"Bi-Directional"}},{"type":"Feature","id":1202,"geometry":{"type":"LineString","coordinates":[[-6.256580000962386,53.33787000091605],[-6.2564499994728395,53.338130000766434]]},"properties":{"FID":1202,"BIKE":"NON_TRAFFIC_TRAIL","Shape_Leng":31.2497215746,"DIR":"Bi-Directional"}},{"type":"Feature","id":1204,"geometry":{"type":"LineString","coordinates":[[-6.314544748892245,53.36513386783467],[-6.315036092252037,53.36524866256124]]},"properties":{"FID":1204,"BIKE":"NON_TRAFFIC_TRAIL","Shape_Leng":37.1656619713,"DIR":"Bi-Directional"}},{"type":"Feature","id":1207,"geometry":{"type":"LineString","coordinates":[[-6.2581002993435915,53.36336343178306],[-6.257778453637669,53.36377947226094]]},"properties":{"FID":1207,"BIKE":"BIKE_FRIENDLY_PEDESTRIAN_PATH","Shape_Leng":52.0927509487,"DIR":"Forward"}},{"type":"Feature","id":1210,"geometry":{"type":"LineString","coordinates":[[-6.270080985027458,53.3042951772337],[-6.269088944528115,53.30396619715377],[-6.268636512070408,53.30402254673883],[-6.268098553232323,53.30433830927374],[-6.26772372973363,53.30470137996151],[-6.267304572570932,53.30575741815845],[-6.266877952980487,53.30608593550441]]},"properties":{"FID":1210,"BIKE":"NON_TRAFFIC_TRAIL","Shape_Leng":372.225821037,"DIR":"Bi-Directional"}},{"type":"Feature","id":1211,"geometry":{"type":"LineString","coordinates":[[-6.309108793550872,53.40174283710316],[-6.3092305299332825,53.40193800759123],[-6.309182434889347,53.40202065660438],[-6.3085292521763225,53.40222711057627]]},"properties":{"FID":1211,"BIKE":"BIKE_FRIENDLY_PEDESTRIAN_PATH","Shape_Leng":82.5558369025,"DIR":"Forward"}},{"type":"Feature","id":1219,"geometry":{"type":"LineString","coordinates":[[-6.182602267097208,53.384751018350016],[-6.180999772593107,53.38496029912378],[-6.180491638088542,53.3848896367331]]},"properties":{"FID":1219,"BIKE":"NON_TRAFFIC_TRAIL","Shape_Leng":144.34035417,"DIR":"Bi-Directional"}},{"type":"Feature","id":1221,"geometry":{"type":"LineString","coordinates":[[-6.222557134021695,53.37944751840713],[-6.222431342010706,53.37958046677024],[-6.222533505886607,53.379653893294375],[-6.222503197914974,53.380381479647724]]},"properties":{"FID":1221,"BIKE":"NON_TRAFFIC_TRAIL","Shape_Leng":109.366359634,"DIR":"Bi-Directional"}},{"type":"Feature","id":1235,"geometry":{"type":"LineString","coordinates":[[-6.240817267595552,53.34927547193751],[-6.240634669406811,53.35043702627986]]},"properties":{"FID":1235,"BIKE":"BIKE_FRIENDLY_PEDESTRIAN_PATH","Shape_Leng":129.841809562,"DIR":"Bi-Directional"}},{"type":"Feature","id":1243,"geometry":{"type":"LineString","coordinates":[[-6.219474010856137,53.38669092798435],[-6.219453765735815,53.38717598418418]]},"properties":{"FID":1243,"BIKE":"NON_TRAFFIC_TRAIL","Shape_Leng":54.053497654,"DIR":"Bi-Directional"}},{"type":"Feature","id":1257,"geometry":{"type":"LineString","coordinates":[[-6.303096955783409,53.33709070304195],[-6.299263798723718,53.337566415447505]]},"properties":{"FID":1257,"BIKE":"NON_TRAFFIC_TRAIL","Shape_Leng":262.327939982,"DIR":"Bi-Directional"}},{"type":"Feature","id":1258,"geometry":{"type":"LineString","coordinates":[[-6.250937286548464,53.31339960319653],[-6.251126770354079,53.31353720440678]]},"properties":{"FID":1258,"BIKE":"NON_TRAFFIC_TRAIL","Shape_Leng":19.8494332413,"DIR":"Bi-Directional"}},{"type":"Feature","id":1261,"geometry":{"type":"LineString","coordinates":[[-6.2651219250810035,53.346193390088466],[-6.265136050413918,53.346261399071174]]},"properties":{"FID":1261,"BIKE":"NON_TRAFFIC_TRAIL","Shape_Leng":7.6270217113,"DIR":"Bi-Directional"}},{"type":"Feature","id":1263,"geometry":{"type":"LineString","coordinates":[[-6.225344147988143,53.33591445667767],[-6.224779772861796,53.334929424824935]]},"properties":{"FID":1263,"BIKE":"NON_TRAFFIC_TRAIL","Shape_Leng":115.893360214,"DIR":"Bi-Directional"}},{"type":"Feature","id":1264,"geometry":{"type":"LineString","coordinates":[[-6.250075036522145,53.31319820352086],[-6.250280985806309,53.31330009499531]]},"properties":{"FID":1264,"BIKE":"NON_TRAFFIC_TRAIL","Shape_Leng":18.0219124315,"DIR":"Bi-Directional"}},{"type":"Feature","id":1265,"geometry":{"type":"LineString","coordinates":[[-6.315249999165007,53.350140000322554],[-6.315670000645648,53.35103000108506],[-6.316209999375029,53.351510001272985]]},"properties":{"FID":1265,"BIKE":"NON_TRAFFIC_TRAIL","Shape_Leng":167.347460817,"DIR":"Bi-Directional"}},{"type":"Feature","id":1279,"geometry":{"type":"LineString","coordinates":[[-6.2634741714621915,53.35440371589782],[-6.2618101556355255,53.353014603261514],[-6.261659460313632,53.352737252382084],[-6.261690000543128,53.35247000103626]]},"properties":{"FID":1279,"BIKE":"SEPARATE_TRAIL","Shape_Leng":252.883157866,"DIR":"Forward"}},{"type":"Feature","id":1284,"geometry":{"type":"LineString","coordinates":[[-6.255637093266728,53.337916168465526],[-6.254124504524655,53.33757064272505],[-6.25359055559278,53.3381615639466]]},"properties":{"FID":1284,"BIKE":"SEPARATE_TRAIL","Shape_Leng":185.56902828,"DIR":"Forward"}},{"type":"Feature","id":1289,"geometry":{"type":"LineString","coordinates":[[-6.217003311405375,53.3390655137813],[-6.213509511465698,53.34111244285965]]},"properties":{"FID":1289,"BIKE":"SEPARATE_TRAIL","Shape_Leng":325.977725813,"DIR":"Bi-Directional"}},{"type":"Feature","id":1290,"geometry":{"type":"LineString","coordinates":[[-6.213439149716578,53.34091246265798],[-6.216813482826567,53.33900334730809]]},"properties":{"FID":1290,"BIKE":"SEPARATE_TRAIL","Shape_Leng":309.32002853,"DIR":"Forward"}},{"type":"Feature","id":1291,"geometry":{"type":"LineString","coordinates":[[-6.2183958197351785,53.33841014204866],[-6.217891734750474,53.338577982276256],[-6.217003311405375,53.3390655137813]]},"properties":{"FID":1291,"BIKE":"SEPARATE_TRAIL","Shape_Leng":118.767986587,"DIR":"Forward"}},{"type":"Feature","id":1301,"geometry":{"type":"LineString","coordinates":[[-6.220122431219485,53.31109979833488],[-6.219784560740695,53.3107587974672],[-6.219122208376694,53.31035965687873],[-6.2161975982446585,53.30900151589907],[-6.215606977009811,53.308529046070994],[-6.211052359219269,53.30559806588847],[-6.2095783777878175,53.30451841359467]]},"properties":{"FID":1301,"BIKE":"SEPARATE_TRAIL","Shape_Leng":1023.86127356,"DIR":"Forward"}},{"type":"Feature","id":1302,"geometry":{"type":"LineString","coordinates":[[-6.283229431142067,53.40272592830427],[-6.282736507469249,53.403217717149595],[-6.281771578728931,53.40392537862459],[-6.28121865170286,53.40417012251335]]},"properties":{"FID":1302,"BIKE":"SEPARATE_TRAIL","Shape_Leng":214.379522956,"DIR":"Forward"}},{"type":"Feature","id":1303,"geometry":{"type":"LineString","coordinates":[[-6.2829233955602355,53.404193347768135],[-6.281967541979136,53.403529716545044],[-6.281490665887106,53.40291117139801]]},"properties":{"FID":1303,"BIKE":"SEPARATE_TRAIL","Shape_Leng":174.47049643,"DIR":"Forward"}},{"type":"Feature","id":1309,"geometry":{"type":"LineString","coordinates":[[-6.249954852132324,53.38447736155401],[-6.254825763787851,53.386244277684646]]},"properties":{"FID":1309,"BIKE":"SEPARATE_TRAIL","Shape_Leng":379.15773133,"DIR":"Forward"}},{"type":"Feature","id":1310,"geometry":{"type":"LineString","coordinates":[[-6.254596368015859,53.38627331373848],[-6.250027860084565,53.38458860961951]]},"properties":{"FID":1310,"BIKE":"SEPARATE_TRAIL","Shape_Leng":357.169905497,"DIR":"Forward"}},{"type":"Feature","id":1311,"geometry":{"type":"LineString","coordinates":[[-6.258248087125529,53.38764068279441],[-6.255890177481644,53.38676311625027]]},"properties":{"FID":1311,"BIKE":"SEPARATE_TRAIL","Shape_Leng":184.805546782,"DIR":"Forward"}},{"type":"Feature","id":1312,"geometry":{"type":"LineString","coordinates":[[-6.255464911253372,53.386483053979916],[-6.256343000002227,53.386810956738074]]},"properties":{"FID":1312,"BIKE":"SEPARATE_TRAIL","Shape_Leng":68.8843019498,"DIR":"Forward"}},{"type":"Feature","id":1313,"geometry":{"type":"LineString","coordinates":[[-6.257570431573835,53.38726860676496],[-6.260258780639358,53.38817745761745]]},"properties":{"FID":1313,"BIKE":"SEPARATE_TRAIL","Shape_Leng":205.843843403,"DIR":"Forward"}},{"type":"Feature","id":1321,"geometry":{"type":"LineString","coordinates":[[-6.2813860835820075,53.34331320692952],[-6.2813006733326,53.34372272505922]]},"properties":{"FID":1321,"BIKE":"SEPARATE_TRAIL","Shape_Leng":45.9421644326,"DIR":"Forward"}},{"type":"Feature","id":1322,"geometry":{"type":"LineString","coordinates":[[-6.281160269972887,53.34398705091196],[-6.280916085841518,53.34531891910431]]},"properties":{"FID":1322,"BIKE":"SEPARATE_TRAIL","Shape_Leng":149.246973176,"DIR":"Forward"}},{"type":"Feature","id":1323,"geometry":{"type":"LineString","coordinates":[[-6.280779464017695,53.345312703618305],[-6.281174245001962,53.343261617720046]]},"properties":{"FID":1323,"BIKE":"SEPARATE_TRAIL","Shape_Leng":230.702090913,"DIR":"Forward"}},{"type":"Feature","id":1331,"geometry":{"type":"LineString","coordinates":[[-6.237411444897432,53.372002802211114],[-6.240543249780146,53.37307803607594],[-6.250962851705622,53.375951916404496],[-6.256029203153307,53.376973787529124],[-6.265195714502995,53.37858948444252]]},"properties":{"FID":1331,"BIKE":"SEPARATE_TRAIL","Shape_Leng":1996.13729262,"DIR":"Forward"}},{"type":"Feature","id":1332,"geometry":{"type":"LineString","coordinates":[[-6.269363072243352,53.35022709300127],[-6.267857628159282,53.346037666108096]]},"properties":{"FID":1332,"BIKE":"NON_TRAFFIC_TRAIL","Shape_Leng":477.275431738,"DIR":"Bi-Directional"}},{"type":"Feature","id":1342,"geometry":{"type":"LineString","coordinates":[[-6.297491468847787,53.34853942270503],[-6.302250361741433,53.350261309913094]]},"properties":{"FID":1342,"BIKE":"SEPARATE_TRAIL","Shape_Leng":370.339663381,"DIR":"Forward"}},{"type":"Feature","id":1343,"geometry":{"type":"LineString","coordinates":[[-6.302099098620917,53.35038717162603],[-6.296867353432762,53.348485363944086]]},"properties":{"FID":1343,"BIKE":"SEPARATE_TRAIL","Shape_Leng":407.648516666,"DIR":"Forward"}},{"type":"Feature","id":1364,"geometry":{"type":"LineString","coordinates":[[-6.28749425798022,53.30061926368628],[-6.2879403159875995,53.30091411213571],[-6.288453032755546,53.300778537957235],[-6.288028073403849,53.30097718072634],[-6.288062339244586,53.3011952925531],[-6.288318809654372,53.301608461002836],[-6.288597591349835,53.30200134552326],[-6.289099026912281,53.30225577712265],[-6.289993600035063,53.3030723995549]]},"properties":{"FID":1364,"BIKE":"NON_TRAFFIC_TRAIL","Shape_Leng":397.2356247,"DIR":"Bi-Directional"}},{"type":"Feature","id":1372,"geometry":{"type":"LineString","coordinates":[[-6.284202969329918,53.34649451269848],[-6.285007667850147,53.34650289780033]]},"properties":{"FID":1372,"BIKE":"SEPARATE_TRAIL","Shape_Leng":53.602771497,"DIR":"Forward"}},{"type":"Feature","id":1373,"geometry":{"type":"LineString","coordinates":[[-6.27578645805092,53.34523118188295],[-6.276237371495006,53.34430532738935]]},"properties":{"FID":1373,"BIKE":"SEPARATE_TRAIL","Shape_Leng":107.812720826,"DIR":"Forward"}},{"type":"Feature","id":1374,"geometry":{"type":"LineString","coordinates":[[-6.27644898918416,53.344290813836786],[-6.276315673886189,53.3446842301028]]},"properties":{"FID":1374,"BIKE":"SEPARATE_TRAIL","Shape_Leng":44.7502863036,"DIR":"Forward"}},{"type":"Feature","id":1375,"geometry":{"type":"LineString","coordinates":[[-6.295186319164632,53.3490536661316],[-6.296914592466658,53.35087347188909]]},"properties":{"FID":1375,"BIKE":"SEPARATE_TRAIL","Shape_Leng":232.960650145,"DIR":"Forward"}},{"type":"Feature","id":1376,"geometry":{"type":"LineString","coordinates":[[-6.297723544608872,53.351720762190624],[-6.298052133021428,53.35205875817008]]},"properties":{"FID":1376,"BIKE":"SEPARATE_TRAIL","Shape_Leng":43.5177876464,"DIR":"Forward"}},{"type":"Feature","id":1377,"geometry":{"type":"LineString","coordinates":[[-6.295865323021767,53.3499145148436],[-6.295035469136087,53.349048284813335],[-6.2946013802213825,53.34898058290244]]},"properties":{"FID":1377,"BIKE":"SEPARATE_TRAIL","Shape_Leng":141.332013509,"DIR":"Forward"}},{"type":"Feature","id":1410,"geometry":{"type":"LineString","coordinates":[[-6.325264254159987,53.35994365765363],[-6.3045128539394995,53.35128530085611]]},"properties":{"FID":1410,"BIKE":"SEPARATE_TRAIL","Shape_Leng":1684.55214405,"DIR":"Forward"}},{"type":"Feature","id":1411,"geometry":{"type":"LineString","coordinates":[[-6.341117610406508,53.366595984725826],[-6.3270916058297475,53.360711520979116]]},"properties":{"FID":1411,"BIKE":"SEPARATE_TRAIL","Shape_Leng":1140.48837891,"DIR":"Forward"}},{"type":"Feature","id":1412,"geometry":{"type":"LineString","coordinates":[[-6.342103113576662,53.36689423552669],[-6.348488742877167,53.36958670470408]]},"properties":{"FID":1412,"BIKE":"SEPARATE_TRAIL","Shape_Leng":520.054172304,"DIR":"Forward"}},{"type":"Feature","id":1413,"geometry":{"type":"LineString","coordinates":[[-6.348239467136778,53.36958027805069],[-6.342033047797124,53.36697903528597]]},"properties":{"FID":1413,"BIKE":"SEPARATE_TRAIL","Shape_Leng":504.454127812,"DIR":"Forward"}},{"type":"Feature","id":1433,"geometry":{"type":"LineString","coordinates":[[-6.324627659979119,53.35957112790498],[-6.325465043400481,53.35991587490077],[-6.325998177546516,53.359979902261934],[-6.326209228455456,53.360222513596405],[-6.327016948001228,53.36056519041144]]},"properties":{"FID":1433,"BIKE":"SHARED_ROAD","Shape_Leng":202.608846025,"DIR":"Bi-Directional"}},{"type":"Feature","id":1434,"geometry":{"type":"LineString","coordinates":[[-6.3270916058297475,53.360711520979116],[-6.326165615739221,53.36033751997021],[-6.325590527838594,53.36029579357142],[-6.3254461055843585,53.360032909839425],[-6.325264254159987,53.35994365765363]]},"properties":{"FID":1434,"BIKE":"SHARED_ROAD","Shape_Leng":162.761729977,"DIR":"Bi-Directional"}},{"type":"Feature","id":1450,"geometry":{"type":"LineString","coordinates":[[-6.174166695104995,53.406524777176045],[-6.175186610750524,53.40646326208287],[-6.177079880845716,53.406552854817896]]},"properties":{"FID":1450,"BIKE":"BIKE_FRIENDLY_PEDESTRIAN_PATH","Shape_Leng":194.902761139,"DIR":"Forward"}},{"type":"Feature","id":1451,"geometry":{"type":"LineString","coordinates":[[-6.173235862344711,53.40656192803166],[-6.173583430069552,53.40640637147784],[-6.174166695104995,53.406524777176045]]},"properties":{"FID":1451,"BIKE":"BIKE_FRIENDLY_PEDESTRIAN_PATH","Shape_Leng":71.8537607024,"DIR":"Forward"}},{"type":"Feature","id":1453,"geometry":{"type":"LineString","coordinates":[[-6.23957608027102,53.33898081050851],[-6.239352919139422,53.340537448766625],[-6.2391405055895826,53.34102281168803],[-6.238860952358845,53.342333268682886],[-6.2390230810929355,53.34242697069439]]},"properties":{"FID":1453,"BIKE":"SHARED_ROAD","Shape_Leng":394.734434199,"DIR":"Bi-Directional"}},{"type":"Feature","id":1456,"geometry":{"type":"LineString","coordinates":[[-6.252797414250936,53.332235964990446],[-6.2457142523913864,53.33433136325172]]},"properties":{"FID":1456,"BIKE":"SEPARATE_TRAIL","Shape_Leng":526.442842394,"DIR":"Bi-Directional"}},{"type":"Feature","id":1459,"geometry":{"type":"LineString","coordinates":[[-6.272461137635268,53.33891270483819],[-6.272419694168869,53.338403354417274]]},"properties":{"FID":1459,"BIKE":"SEPARATE_TRAIL","Shape_Leng":56.795754613,"DIR":"Forward"}},{"type":"Feature","id":1461,"geometry":{"type":"LineString","coordinates":[[-6.240478891569067,53.33767585047628],[-6.2390801459855565,53.33859582795658]]},"properties":{"FID":1461,"BIKE":"SEPARATE_TRAIL","Shape_Leng":138.433133607,"DIR":"Bi-Directional"}},{"type":"Feature","id":1462,"geometry":{"type":"LineString","coordinates":[[-6.240569366872127,53.33761436306326],[-6.240478891569067,53.33767585047628]]},"properties":{"FID":1462,"BIKE":"SEPARATE_TRAIL","Shape_Leng":9.12019625962,"DIR":"Bi-Directional"}},{"type":"Feature","id":1471,"geometry":{"type":"LineString","coordinates":[[-6.265136050413918,53.346261399071174],[-6.2641244843741175,53.34636615659181],[-6.2608969996374,53.347111000741705]]},"properties":{"FID":1471,"BIKE":"SEPARATE_TRAIL","Shape_Leng":298.752370016,"DIR":"Forward"}},{"type":"Feature","id":1556,"geometry":{"type":"LineString","coordinates":[[-6.385063412292357,53.34304881226812],[-6.385935289633431,53.3412528290154]]},"properties":{"FID":1556,"BIKE":"BIKE_FRIENDLY_PEDESTRIAN_PATH","Shape_Leng":208.700772094,"DIR":"Bi-Directional"}},{"type":"Feature","id":1557,"geometry":{"type":"LineString","coordinates":[[-6.379637338348147,53.33516420181913],[-6.375360434382274,53.332741776069106],[-6.374306759044946,53.3322037506761],[-6.3736146142914185,53.332032555327274]]},"properties":{"FID":1557,"BIKE":"BIKE_FRIENDLY_PEDESTRIAN_PATH","Shape_Leng":536.710829079,"DIR":"Forward"}},{"type":"Feature","id":1558,"geometry":{"type":"LineString","coordinates":[[-6.3736617843838435,53.33179824799207],[-6.373154541735766,53.331594721388385],[-6.371599048400828,53.33068480521716],[-6.370358099934977,53.329777230465865],[-6.369921748025406,53.3292134164098],[-6.369763728591865,53.32883720551954],[-6.369760281172493,53.32793879040974]]},"properties":{"FID":1558,"BIKE":"BIKE_FRIENDLY_PEDESTRIAN_PATH","Shape_Leng":532.786839502,"DIR":"Forward"}},{"type":"Feature","id":1559,"geometry":{"type":"LineString","coordinates":[[-6.374385869578224,53.33201938235711],[-6.376520952916049,53.33321873908491]]},"properties":{"FID":1559,"BIKE":"BIKE_FRIENDLY_PEDESTRIAN_PATH","Shape_Leng":195.734788176,"DIR":"Forward"}},{"type":"Feature","id":1611,"geometry":{"type":"LineString","coordinates":[[-6.290053520577111,53.40647167261789],[-6.291103495250893,53.40659127994234],[-6.293334579749444,53.40653573339806],[-6.294609003863935,53.40677164630971]]},"properties":{"FID":1611,"BIKE":"BIKE_FRIENDLY_PEDESTRIAN_PATH","Shape_Leng":309.239731552,"DIR":"Forward"}},{"type":"Feature","id":1639,"geometry":{"type":"LineString","coordinates":[[-6.173246052684154,53.406755792159935],[-6.172727364553019,53.406686964864484],[-6.171779469777599,53.40679390860985],[-6.165520829594139,53.40811281640197],[-6.164540562562162,53.40824411981657],[-6.163720751518876,53.40823981793358]]},"properties":{"FID":1639,"BIKE":"BIKE_FRIENDLY_PEDESTRIAN_PATH","Shape_Leng":663.451109169,"DIR":"Forward"}},{"type":"Feature","id":1645,"geometry":{"type":"LineString","coordinates":[[-6.348851485683884,53.34273326844052],[-6.3483147154189075,53.34245198147477],[-6.347666083560865,53.342448167355]]},"properties":{"FID":1645,"BIKE":"BIKE_FRIENDLY_PEDESTRIAN_PATH","Shape_Leng":91.7449443359,"DIR":"Forward"}},{"type":"Feature","id":1656,"geometry":{"type":"LineString","coordinates":[[-6.355708991805281,53.33248329307921],[-6.3561732025990745,53.33208601220197],[-6.3578284760706865,53.331604211199505],[-6.358453584865424,53.331306018936594],[-6.3588584598541,53.33084735907655],[-6.358928618907364,53.330359781229156]]},"properties":{"FID":1656,"BIKE":"SEPARATE_TRAIL","Shape_Leng":344.518359451,"DIR":"Forward"}},{"type":"Feature","id":1675,"geometry":{"type":"LineString","coordinates":[[-6.346728914214274,53.33202299739445],[-6.346441785910845,53.33202810921357]]},"properties":{"FID":1675,"BIKE":"NON_TRAFFIC_TRAIL","Shape_Leng":19.1625075492,"DIR":"Bi-Directional"}},{"type":"Feature","id":1676,"geometry":{"type":"LineString","coordinates":[[-6.346441785910845,53.33202810921357],[-6.346313159014131,53.33204681532559]]},"properties":{"FID":1676,"BIKE":"NON_TRAFFIC_TRAIL","Shape_Leng":8.81824349847,"DIR":"Bi-Directional"}},{"type":"Feature","id":1677,"geometry":{"type":"LineString","coordinates":[[-6.251751268577808,53.348361402481956],[-6.251615642532865,53.34841064471187],[-6.251595073990395,53.348683428541214],[-6.251891415979391,53.34910059972013]]},"properties":{"FID":1677,"BIKE":"SEPARATE_TRAIL","Shape_Leng":92.4915826758,"DIR":"Forward"}},{"type":"Feature","id":1686,"geometry":{"type":"LineString","coordinates":[[-6.328210986556751,53.370807881560225],[-6.331364553906883,53.37186041636516],[-6.332129532717202,53.37182155522489]]},"properties":{"FID":1686,"BIKE":"SEPARATE_TRAIL","Shape_Leng":292.065727257,"DIR":"Forward"}},{"type":"Feature","id":1690,"geometry":{"type":"LineString","coordinates":[[-6.253856731988453,53.37079706928305],[-6.253496175105859,53.37141652472757]]},"properties":{"FID":1690,"BIKE":"SEPARATE_TRAIL","Shape_Leng":72.99778084,"DIR":"Forward"}},{"type":"Feature","id":1705,"geometry":{"type":"LineString","coordinates":[[-6.274637652925985,53.36846082226242],[-6.2792786824262175,53.37020596749943]]},"properties":{"FID":1705,"BIKE":"BIKE_FRIENDLY_PEDESTRIAN_PATH","Shape_Leng":365.076764553,"DIR":"Forward"}},{"type":"Feature","id":1718,"geometry":{"type":"LineString","coordinates":[[-6.235055273278489,53.363131202089825],[-6.236387233132363,53.362646980295494],[-6.238011853867143,53.361246541464176]]},"properties":{"FID":1718,"BIKE":"BIKE_FRIENDLY_PEDESTRIAN_PATH","Shape_Leng":294.082005266,"DIR":"Forward"}},{"type":"Feature","id":1722,"geometry":{"type":"LineString","coordinates":[[-6.252754282313408,53.3724947492072],[-6.252639497630975,53.37267171677794]]},"properties":{"FID":1722,"BIKE":"BIKE_FRIENDLY_PEDESTRIAN_PATH","Shape_Leng":21.1619032201,"DIR":"Forward"}},{"type":"Feature","id":1723,"geometry":{"type":"LineString","coordinates":[[-6.247037906422047,53.37913626057534],[-6.246761343602773,53.379456536062555]]},"properties":{"FID":1723,"BIKE":"BIKE_FRIENDLY_PEDESTRIAN_PATH","Shape_Leng":40.1150846256,"DIR":"Forward"}},{"type":"Feature","id":1724,"geometry":{"type":"LineString","coordinates":[[-6.246487575914431,53.37978301961174],[-6.245683019970456,53.38072170726842]]},"properties":{"FID":1724,"BIKE":"BIKE_FRIENDLY_PEDESTRIAN_PATH","Shape_Leng":117.390125275,"DIR":"Forward"}},{"type":"Feature","id":1725,"geometry":{"type":"LineString","coordinates":[[-6.162365071344274,53.399115016717715],[-6.161998181124365,53.39908310472108],[-6.161821169458692,53.39928496446867]]},"properties":{"FID":1725,"BIKE":"BIKE_FRIENDLY_PEDESTRIAN_PATH","Shape_Leng":52.8393590663,"DIR":"Forward"}},{"type":"Feature","id":1726,"geometry":{"type":"LineString","coordinates":[[-6.16154815892203,53.39927326670305],[-6.161086750949203,53.39883117751035],[-6.160580296924466,53.39868200031551]]},"properties":{"FID":1726,"BIKE":"BIKE_FRIENDLY_PEDESTRIAN_PATH","Shape_Leng":98.2524014907,"DIR":"Forward"}},{"type":"Feature","id":1742,"geometry":{"type":"LineString","coordinates":[[-6.264766497367306,53.33187176983188],[-6.264913498403379,53.33255972012447]]},"properties":{"FID":1742,"BIKE":"SEPARATE_TRAIL","Shape_Leng":77.1862684301,"DIR":"Forward"}},{"type":"Feature","id":1743,"geometry":{"type":"LineString","coordinates":[[-6.254483239776825,53.342180662576375],[-6.254537663435589,53.342190455043834]]},"properties":{"FID":1743,"BIKE":"SEPARATE_TRAIL","Shape_Leng":3.78513156504,"DIR":"Reverse"}},{"type":"Feature","id":1744,"geometry":{"type":"LineString","coordinates":[[-6.259908829655053,53.3445245815971],[-6.25946858272313,53.34469200257912]]},"properties":{"FID":1744,"BIKE":"SEPARATE_TRAIL","Shape_Leng":34.9169101598,"DIR":"Bi-Directional"}},{"type":"Feature","id":1745,"geometry":{"type":"LineString","coordinates":[[-6.26439000051024,53.40105000140599],[-6.264514195245434,53.40121559409004]]},"properties":{"FID":1745,"BIKE":"BIKE_FRIENDLY_PEDESTRIAN_PATH","Shape_Leng":20.1957509953,"DIR":"Forward"}},{"type":"Feature","id":1751,"geometry":{"type":"LineString","coordinates":[[-6.240880743536365,53.34886214190076],[-6.241057024722948,53.34765790266781]]},"properties":{"FID":1751,"BIKE":"BIKE_FRIENDLY_PEDESTRIAN_PATH","Shape_Leng":134.534774707,"DIR":"Bi-Directional"}},{"type":"Feature","id":1767,"geometry":{"type":"LineString","coordinates":[[-6.268898397713885,53.34522501573993],[-6.2720811871943045,53.3449480352002]]},"properties":{"FID":1767,"BIKE":"SEPARATE_TRAIL","Shape_Leng":214.563889908,"DIR":"Forward"}},{"type":"Feature","id":1768,"geometry":{"type":"LineString","coordinates":[[-6.265195714502995,53.37858948444252],[-6.269539347268072,53.37908922545938]]},"properties":{"FID":1768,"BIKE":"SEPARATE_TRAIL","Shape_Leng":294.71417723,"DIR":"Forward"}},{"type":"Feature","id":1769,"geometry":{"type":"LineString","coordinates":[[-6.2818193738046535,53.37999274383056],[-6.267192163738671,53.37899140145803],[-6.265283651787406,53.378703274281634]]},"properties":{"FID":1769,"BIKE":"SEPARATE_TRAIL","Shape_Leng":1110.88704203,"DIR":"Forward"}},{"type":"Feature","id":1770,"geometry":{"type":"LineString","coordinates":[[-6.2720811871943045,53.3449480352002],[-6.27578645805092,53.34523118188295]]},"properties":{"FID":1770,"BIKE":"SEPARATE_TRAIL","Shape_Leng":249.094996882,"DIR":"Forward"}},{"type":"Feature","id":1771,"geometry":{"type":"LineString","coordinates":[[-6.27578645805092,53.34523118188295],[-6.276060689184389,53.34528859416885]]},"properties":{"FID":1771,"BIKE":"SEPARATE_TRAIL","Shape_Leng":19.3489895632,"DIR":"Forward"}},{"type":"Feature","id":1772,"geometry":{"type":"LineString","coordinates":[[-6.275710297271142,53.34584089411255],[-6.275281675805959,53.3466042153581],[-6.274883019731278,53.34788104101754],[-6.274713851180819,53.35007189759409]]},"properties":{"FID":1772,"BIKE":"SEPARATE_TRAIL","Shape_Leng":478.697778317,"DIR":"Forward"}},{"type":"Feature","id":1773,"geometry":{"type":"LineString","coordinates":[[-6.27435452083112,53.35020961088428],[-6.274456210205576,53.35005704099225]]},"properties":{"FID":1773,"BIKE":"SEPARATE_TRAIL","Shape_Leng":18.2801338962,"DIR":"Forward"}},{"type":"Feature","id":1774,"geometry":{"type":"LineString","coordinates":[[-6.229551130344759,53.36440351972176],[-6.227708291038833,53.36421292629538]]},"properties":{"FID":1774,"BIKE":"SEPARATE_TRAIL","Shape_Leng":124.521270488,"DIR":"Forward"}},{"type":"Feature","id":1788,"geometry":{"type":"LineString","coordinates":[[-6.160580296924466,53.39868200031551],[-6.1582655916201245,53.398408253479424],[-6.151837853422936,53.398201499095016],[-6.146046569270608,53.397426968540096],[-6.14446640749781,53.397364849976874],[-6.139806402854826,53.396774850129205],[-6.138726401927213,53.39683484974573],[-6.13712639981384,53.39732485001318],[-6.1366163997368846,53.39733484920306],[-6.134399813104199,53.39702295916889]]},"properties":{"FID":1788,"BIKE":"SEPARATE_TRAIL","Shape_Leng":1780.9765543,"DIR":"Forward"}},{"type":"Feature","id":1809,"geometry":{"type":"LineString","coordinates":[[-6.240634669406811,53.35043702627986],[-6.240502535203781,53.35064390094679]]},"properties":{"FID":1809,"BIKE":"BIKE_FRIENDLY_PEDESTRIAN_PATH","Shape_Leng":25.8012765169,"DIR":"Bi-Directional"}},{"type":"Feature","id":1810,"geometry":{"type":"LineString","coordinates":[[-6.2301134140126075,53.36429122468826],[-6.230079811629755,53.364119853837906],[-6.23101874015342,53.363248694486344],[-6.232404273075394,53.36280550594137]]},"properties":{"FID":1810,"BIKE":"NON_TRAFFIC_TRAIL","Shape_Leng":239.537892618,"DIR":"Bi-Directional"}},{"type":"Feature","id":1811,"geometry":{"type":"LineString","coordinates":[[-6.227133905429248,53.363994143714244],[-6.2301134140126075,53.36429122468826]]},"properties":{"FID":1811,"BIKE":"BIKE_FRIENDLY_PEDESTRIAN_PATH","Shape_Leng":201.303821133,"DIR":"Forward"}},{"type":"Feature","id":1835,"geometry":{"type":"LineString","coordinates":[[-6.291729999622012,53.34780500125724],[-6.29058202025098,53.34751630716687]]},"properties":{"FID":1835,"BIKE":"SEPARATE_TRAIL","Shape_Leng":82.9268937183,"DIR":"Forward"}},{"type":"Feature","id":1836,"geometry":{"type":"LineString","coordinates":[[-6.281806113956152,53.350472465693834],[-6.281879999656497,53.3504700009349]]},"properties":{"FID":1836,"BIKE":"SEPARATE_TRAIL","Shape_Leng":4.92776431699,"DIR":"Forward"}},{"type":"Feature","id":1839,"geometry":{"type":"LineString","coordinates":[[-6.270154871792097,53.343242290290796],[-6.269865999719457,53.34321300133781]]},"properties":{"FID":1839,"BIKE":"SEPARATE_TRAIL","Shape_Leng":19.5137572278,"DIR":"Forward"}},{"type":"Feature","id":1840,"geometry":{"type":"LineString","coordinates":[[-6.161789849688776,53.39838778617981],[-6.16193346303905,53.39861289012722],[-6.16248231560207,53.3989233509664]]},"properties":{"FID":1840,"BIKE":"BIKE_FRIENDLY_PEDESTRIAN_PATH","Shape_Leng":78.0847674828,"DIR":"Forward"}},{"type":"Feature","id":1841,"geometry":{"type":"LineString","coordinates":[[-6.160358964713148,53.39853397597729],[-6.161229117907704,53.39868299559647]]},"properties":{"FID":1841,"BIKE":"SEPARATE_TRAIL","Shape_Leng":60.2467734558,"DIR":"Forward"}},{"type":"Feature","id":1842,"geometry":{"type":"LineString","coordinates":[[-6.160358964713148,53.39853397597729],[-6.1612723228038595,53.39865135578241],[-6.161463314359529,53.398561071227896],[-6.161554243775142,53.39837425105202]]},"properties":{"FID":1842,"BIKE":"BIKE_FRIENDLY_PEDESTRIAN_PATH","Shape_Leng":101.019256745,"DIR":"Forward"}},{"type":"Feature","id":1843,"geometry":{"type":"LineString","coordinates":[[-6.16248231560207,53.3989233509664],[-6.162789363061978,53.39907019092123]]},"properties":{"FID":1843,"BIKE":"BIKE_FRIENDLY_PEDESTRIAN_PATH","Shape_Leng":26.7404335488,"DIR":"Forward"}},{"type":"Feature","id":1844,"geometry":{"type":"LineString","coordinates":[[-6.1628815687299685,53.39917861156373],[-6.162365071344274,53.399115016717715]]},"properties":{"FID":1844,"BIKE":"BIKE_FRIENDLY_PEDESTRIAN_PATH","Shape_Leng":37.1305326792,"DIR":"Forward"}},{"type":"Feature","id":1845,"geometry":{"type":"LineString","coordinates":[[-6.285397999847133,53.347079001026785],[-6.2837770006703915,53.3470340013241]]},"properties":{"FID":1845,"BIKE":"BIKE_LANE","Shape_Leng":108.076912309,"DIR":"Forward"}},{"type":"Feature","id":1846,"geometry":{"type":"LineString","coordinates":[[-6.26138899962111,53.347082001292584],[-6.259442722928758,53.34755460705942]]},"properties":{"FID":1846,"BIKE":"BIKE_LANE","Shape_Leng":140.00218175,"DIR":"Forward"}},{"type":"Feature","id":1847,"geometry":{"type":"LineString","coordinates":[[-6.259088626706566,53.347644373296774],[-6.257638999961434,53.34795500066752]]},"properties":{"FID":1847,"BIKE":"BIKE_LANE","Shape_Leng":102.546073147,"DIR":"Forward"}},{"type":"Feature","id":1848,"geometry":{"type":"LineString","coordinates":[[-6.257638999961434,53.34795500066752],[-6.255153999502342,53.34829600098169]]},"properties":{"FID":1848,"BIKE":"BIKE_LANE","Shape_Leng":169.865235873,"DIR":"Forward"}},{"type":"Feature","id":1849,"geometry":{"type":"LineString","coordinates":[[-6.255153999502342,53.34829600098169],[-6.253685000417011,53.34832400110482]]},"properties":{"FID":1849,"BIKE":"BIKE_LANE","Shape_Leng":98.1399842593,"DIR":"Forward"}},{"type":"Feature","id":1850,"geometry":{"type":"LineString","coordinates":[[-6.251271837785587,53.34833698989822],[-6.248252999235041,53.34813500125404]]},"properties":{"FID":1850,"BIKE":"BIKE_LANE","Shape_Leng":202.488118071,"DIR":"Forward"}},{"type":"Feature","id":1851,"geometry":{"type":"LineString","coordinates":[[-6.245919000454908,53.34797500047443],[-6.241057024722948,53.34765790266781]]},"properties":{"FID":1851,"BIKE":"BIKE_LANE","Shape_Leng":325.704144297,"DIR":"Forward"}},{"type":"Feature","id":1852,"geometry":{"type":"LineString","coordinates":[[-6.235085000276607,53.34717600131945],[-6.235856000102191,53.347231001029805]]},"properties":{"FID":1852,"BIKE":"BIKE_LANE","Shape_Leng":51.7095976466,"DIR":"Forward"}},{"type":"Feature","id":1853,"geometry":{"type":"LineString","coordinates":[[-6.237846999523733,53.34735600106811],[-6.238422999300636,53.3473970008654]]},"properties":{"FID":1853,"BIKE":"BIKE_LANE","Shape_Leng":38.6299370855,"DIR":"Forward"}},{"type":"Feature","id":1854,"geometry":{"type":"LineString","coordinates":[[-6.263034159591055,53.35172072586597],[-6.263718156294129,53.3513719688159]]},"properties":{"FID":1854,"BIKE":"BIKE_LANE","Shape_Leng":59.856436138,"DIR":"Forward"}},{"type":"Feature","id":1855,"geometry":{"type":"LineString","coordinates":[[-6.267265585402677,53.350185897580836],[-6.264854161108571,53.351014576002854]]},"properties":{"FID":1855,"BIKE":"BIKE_LANE","Shape_Leng":185.290777564,"DIR":"Forward"}},{"type":"Feature","id":1856,"geometry":{"type":"LineString","coordinates":[[-6.225769836818732,53.363967418562076],[-6.223453375163382,53.363545831564146]]},"properties":{"FID":1856,"BIKE":"BIKE_LANE","Shape_Leng":161.355041073,"DIR":"Forward"}},{"type":"Feature","id":1857,"geometry":{"type":"LineString","coordinates":[[-6.225469110421587,53.363712742317446],[-6.226235839388092,53.36385376233319]]},"properties":{"FID":1857,"BIKE":"BIKE_LANE","Shape_Leng":53.4002737155,"DIR":"Forward"}},{"type":"Feature","id":1858,"geometry":{"type":"LineString","coordinates":[[-6.274713851180819,53.35007189759409],[-6.278064975369582,53.34969187519887],[-6.279445000619993,53.349775001275134]]},"properties":{"FID":1858,"BIKE":"BIKE_LANE","Shape_Leng":320.46226489,"DIR":"Forward"}},{"type":"Feature","id":1859,"geometry":{"type":"LineString","coordinates":[[-6.283347834435255,53.35173439505027],[-6.284406682532961,53.35272140308325],[-6.28640729061433,53.354091708904086],[-6.287114518391324,53.35472324178876],[-6.28743831032163,53.35510320950014],[-6.288031892285479,53.35625899707564],[-6.288825988140182,53.35715635513304]]},"properties":{"FID":1859,"BIKE":"BIKE_LANE","Shape_Leng":713.227625395,"DIR":"Forward"}},{"type":"Feature","id":1860,"geometry":{"type":"LineString","coordinates":[[-6.260767116142502,53.34449643074651],[-6.260148396242155,53.344497976019134]]},"properties":{"FID":1860,"BIKE":"BIKE_LANE","Shape_Leng":41.2078985611,"DIR":"Forward"}},{"type":"Feature","id":1861,"geometry":{"type":"LineString","coordinates":[[-6.296961704902078,53.34825414192476],[-6.296137752416047,53.3482367868014]]},"properties":{"FID":1861,"BIKE":"BIKE_LANE","Shape_Leng":54.904524489,"DIR":"Forward"}},{"type":"Feature","id":1862,"geometry":{"type":"LineString","coordinates":[[-6.2930590004584115,53.34807900082079],[-6.291729999622012,53.34780500125724]]},"properties":{"FID":1862,"BIKE":"BIKE_LANE","Shape_Leng":93.610448651,"DIR":"Forward"}},{"type":"Feature","id":1863,"geometry":{"type":"LineString","coordinates":[[-6.296279000445458,53.348115001341114],[-6.297019999581235,53.34814600092853]]},"properties":{"FID":1863,"BIKE":"BIKE_LANE","Shape_Leng":49.4669036838,"DIR":"Forward"}},{"type":"Feature","id":1864,"geometry":{"type":"LineString","coordinates":[[-6.272666941676448,53.33689804672523],[-6.272975621989485,53.33632356100802]]},"properties":{"FID":1864,"BIKE":"BIKE_LANE","Shape_Leng":67.1936727112,"DIR":"Forward"}},{"type":"Feature","id":1865,"geometry":{"type":"LineString","coordinates":[[-6.274800487713268,53.33396446308146],[-6.275165002013472,53.33305074814496]]},"properties":{"FID":1865,"BIKE":"BIKE_LANE","Shape_Leng":104.614145958,"DIR":"Forward"}},{"type":"Feature","id":1866,"geometry":{"type":"LineString","coordinates":[[-6.2750894088814,53.33236382618429],[-6.275159791921464,53.33087197113874],[-6.275456795990749,53.32957771347338]]},"properties":{"FID":1866,"BIKE":"BIKE_LANE","Shape_Leng":311.601244612,"DIR":"Forward"}},{"type":"Feature","id":1867,"geometry":{"type":"LineString","coordinates":[[-6.27560037936212,53.329589862130966],[-6.2755068338766655,53.329913537195566]]},"properties":{"FID":1867,"BIKE":"BIKE_LANE","Shape_Leng":36.5571095748,"DIR":"Forward"}},{"type":"Feature","id":1868,"geometry":{"type":"LineString","coordinates":[[-6.275279833498005,53.331222742236214],[-6.2752424394505795,53.33177588649589]]},"properties":{"FID":1868,"BIKE":"BIKE_LANE","Shape_Leng":61.6491175673,"DIR":"Forward"}},{"type":"Feature","id":1869,"geometry":{"type":"LineString","coordinates":[[-6.275335771734882,53.332785419935995],[-6.275327086158109,53.33304761691139],[-6.275054535801494,53.3337778476729]]},"properties":{"FID":1869,"BIKE":"BIKE_LANE","Shape_Leng":112.620185274,"DIR":"Forward"}},{"type":"Feature","id":1870,"geometry":{"type":"LineString","coordinates":[[-6.2643180816653885,53.34414909331574],[-6.26432533381017,53.34293367795537],[-6.26442463320093,53.342491302978985],[-6.264944909809518,53.341793682902576]]},"properties":{"FID":1870,"BIKE":"BIKE_LANE","Shape_Leng":270.323629133,"DIR":"Forward"}},{"type":"Feature","id":1871,"geometry":{"type":"LineString","coordinates":[[-6.265378357101415,53.341232945475106],[-6.265516202760098,53.340617007762056]]},"properties":{"FID":1871,"BIKE":"BIKE_LANE","Shape_Leng":69.1603838496,"DIR":"Forward"}},{"type":"Feature","id":1872,"geometry":{"type":"LineString","coordinates":[[-6.265829816439681,53.33807159334053],[-6.2657276847462215,53.33768744763339]]},"properties":{"FID":1872,"BIKE":"BIKE_LANE","Shape_Leng":43.2897883923,"DIR":"Forward"}},{"type":"Feature","id":1873,"geometry":{"type":"LineString","coordinates":[[-6.264521212832866,53.33148624931341],[-6.264382278463144,53.33102313604672]]},"properties":{"FID":1873,"BIKE":"BIKE_LANE","Shape_Leng":52.3652707707,"DIR":"Forward"}},{"type":"Feature","id":1874,"geometry":{"type":"LineString","coordinates":[[-6.264192066150987,53.33019093114032],[-6.264176419533567,53.32999843475322]]},"properties":{"FID":1874,"BIKE":"BIKE_LANE","Shape_Leng":21.602689593,"DIR":"Forward"}},{"type":"Feature","id":1875,"geometry":{"type":"LineString","coordinates":[[-6.264189652660414,53.32990785078198],[-6.264632785115846,53.32752678499418]]},"properties":{"FID":1875,"BIKE":"BIKE_LANE","Shape_Leng":266.807984066,"DIR":"Forward"}},{"type":"Feature","id":1876,"geometry":{"type":"LineString","coordinates":[[-6.264803017112462,53.326711303420204],[-6.264906299452443,53.326148216973934]]},"properties":{"FID":1876,"BIKE":"BIKE_LANE","Shape_Leng":63.0543914621,"DIR":"Forward"}},{"type":"Feature","id":1877,"geometry":{"type":"LineString","coordinates":[[-6.2660036342049406,53.32190322951704],[-6.265821684340388,53.322123915327836],[-6.265631238611451,53.323035394706736]]},"properties":{"FID":1877,"BIKE":"BIKE_LANE","Shape_Leng":129.733253927,"DIR":"Forward"}},{"type":"Feature","id":1878,"geometry":{"type":"LineString","coordinates":[[-6.264334815438169,53.33000885671104],[-6.264335332635206,53.33017813500954]]},"properties":{"FID":1878,"BIKE":"BIKE_LANE","Shape_Leng":18.8500034196,"DIR":"Forward"}},{"type":"Feature","id":1879,"geometry":{"type":"LineString","coordinates":[[-6.264568035383639,53.33111964408472],[-6.264766497367306,53.33187176983188]]},"properties":{"FID":1879,"BIKE":"BIKE_LANE","Shape_Leng":84.8254415281,"DIR":"Forward"}},{"type":"Feature","id":1880,"geometry":{"type":"LineString","coordinates":[[-6.265150109200723,53.33357953591077],[-6.2653660175671755,53.33432740820392]]},"properties":{"FID":1880,"BIKE":"BIKE_LANE","Shape_Leng":84.8224811711,"DIR":"Forward"}},{"type":"Feature","id":1881,"geometry":{"type":"LineString","coordinates":[[-6.265560432494318,53.33648972655368],[-6.2658493340075125,53.33755228831803]]},"properties":{"FID":1881,"BIKE":"BIKE_LANE","Shape_Leng":119.820389235,"DIR":"Forward"}},{"type":"Feature","id":1882,"geometry":{"type":"LineString","coordinates":[[-6.265954610558051,53.339397108853625],[-6.26576684064493,53.34029379591721]]},"properties":{"FID":1882,"BIKE":"BIKE_LANE","Shape_Leng":100.606447012,"DIR":"Forward"}},{"type":"Feature","id":1883,"geometry":{"type":"LineString","coordinates":[[-6.26933797970133,53.3384745262707],[-6.26937404406849,53.33928549581548],[-6.26984569429473,53.3398845768914],[-6.270124999498158,53.34067100068491]]},"properties":{"FID":1883,"BIKE":"BIKE_LANE","Shape_Leng":253.893387613,"DIR":"Forward"}},{"type":"Feature","id":1884,"geometry":{"type":"LineString","coordinates":[[-6.33698148997672,53.34683041696208],[-6.333478803752542,53.34656069069361],[-6.327062860564524,53.346284340629964],[-6.324927562638409,53.346453696322655],[-6.321457680985864,53.34654315866465],[-6.318404562154066,53.34688251878896],[-6.311702076811213,53.348009730570425]]},"properties":{"FID":1884,"BIKE":"BIKE_FRIENDLY_PEDESTRIAN_PATH","Shape_Leng":1709.32056632,"DIR":"Forward"}},{"type":"Feature","id":1885,"geometry":{"type":"LineString","coordinates":[[-6.311589685945687,53.34792426106833],[-6.315861445500137,53.347229685859524]]},"properties":{"FID":1885,"BIKE":"BIKE_LANE","Shape_Leng":294.966693886,"DIR":"Forward"}},{"type":"Feature","id":1886,"geometry":{"type":"LineString","coordinates":[[-6.315861445500137,53.347229685859524],[-6.319530641230587,53.34659586610741],[-6.321346615789143,53.34643414147786],[-6.3256344851808946,53.346286633957895],[-6.326179481620501,53.34618313677845],[-6.331915865533163,53.34636561570356],[-6.338064891274921,53.3467733273487]]},"properties":{"FID":1886,"BIKE":"BIKE_FRIENDLY_PEDESTRIAN_PATH","Shape_Leng":1496.36271606,"DIR":"Forward"}},{"type":"Feature","id":1887,"geometry":{"type":"LineString","coordinates":[[-6.246344540717792,53.339666165295434],[-6.240478891569067,53.33767585047628]]},"properties":{"FID":1887,"BIKE":"BIKE_LANE","Shape_Leng":449.252323248,"DIR":"Forward"}},{"type":"Feature","id":1888,"geometry":{"type":"LineString","coordinates":[[-6.240569366872127,53.33761436306326],[-6.2432322289078375,53.33846557901891]]},"properties":{"FID":1888,"BIKE":"BIKE_LANE","Shape_Leng":201.143270583,"DIR":"Forward"}},{"type":"Feature","id":1889,"geometry":{"type":"LineString","coordinates":[[-6.245294865163944,53.339173590866956],[-6.246277837396851,53.339518196284686]]},"properties":{"FID":1889,"BIKE":"BIKE_LANE","Shape_Leng":75.9605970296,"DIR":"Forward"}},{"type":"Feature","id":1916,"geometry":{"type":"LineString","coordinates":[[-6.273274301622787,53.35841877488227],[-6.273494735730608,53.35694978165794],[-6.273418821099729,53.355126898595294]]},"properties":{"FID":1916,"BIKE":"BIKE_LANE","Shape_Leng":367.150612155,"DIR":"Forward"}},{"type":"Feature","id":1917,"geometry":{"type":"LineString","coordinates":[[-6.273418821099729,53.355126898595294],[-6.2733038336047295,53.3546374872701],[-6.272880215298407,53.354001944020375],[-6.272898242939961,53.35339144829007]]},"properties":{"FID":1917,"BIKE":"BIKE_LANE","Shape_Leng":199.578703161,"DIR":"Forward"}},{"type":"Feature","id":1940,"geometry":{"type":"LineString","coordinates":[[-6.2386642365121565,53.36103421284403],[-6.236386467797671,53.36297046955611]]},"properties":{"FID":1940,"BIKE":"BIKE_LANE","Shape_Leng":264.337973391,"DIR":"Forward"}},{"type":"Feature","id":1952,"geometry":{"type":"LineString","coordinates":[[-6.267989998868904,53.356290000917866],[-6.268012798517708,53.35647560065771]]},"properties":{"FID":1952,"BIKE":"BIKE_LANE","Shape_Leng":20.7146102265,"DIR":"Forward"}},{"type":"Feature","id":1953,"geometry":{"type":"LineString","coordinates":[[-6.2806263469157395,53.359160561353434],[-6.284230000904909,53.358190000845774],[-6.288666022426441,53.357194912669065]]},"properties":{"FID":1953,"BIKE":"BIKE_LANE","Shape_Leng":578.707964299,"DIR":"Forward"}},{"type":"Feature","id":1954,"geometry":{"type":"LineString","coordinates":[[-6.268569999821065,53.35502000105963],[-6.268390000395013,53.355350000497324]]},"properties":{"FID":1954,"BIKE":"BIKE_LANE","Shape_Leng":38.6406762965,"DIR":"Forward"}},{"type":"Feature","id":1957,"geometry":{"type":"LineString","coordinates":[[-6.235311377835138,53.33212587469575],[-6.236963695307705,53.33444449652332]]},"properties":{"FID":1957,"BIKE":"BIKE_LANE","Shape_Leng":280.709067645,"DIR":"Forward"}},{"type":"Feature","id":1958,"geometry":{"type":"LineString","coordinates":[[-6.316219999863918,53.341900001450476],[-6.315702938755394,53.34194920724883]]},"properties":{"FID":1958,"BIKE":"BIKE_LANE","Shape_Leng":34.8709606937,"DIR":"Forward"}},{"type":"Feature","id":1959,"geometry":{"type":"LineString","coordinates":[[-6.346441785910845,53.33202810921357],[-6.346602463916537,53.332736245358234],[-6.346409123459794,53.33400893197878],[-6.346967978217866,53.33570675088545]]},"properties":{"FID":1959,"BIKE":"BIKE_LANE","Shape_Leng":414.858634404,"DIR":"Forward"}},{"type":"Feature","id":1960,"geometry":{"type":"LineString","coordinates":[[-6.256935779087872,53.33678754954866],[-6.257390243076242,53.33637629471078],[-6.258111900054992,53.33647329264013]]},"properties":{"FID":1960,"BIKE":"BIKE_LANE","Shape_Leng":106.06169946,"DIR":"Forward"}},{"type":"Feature","id":1961,"geometry":{"type":"LineString","coordinates":[[-6.315702938755394,53.34194920724883],[-6.315550231297739,53.341949542802666]]},"properties":{"FID":1961,"BIKE":"BIKE_LANE","Shape_Leng":10.1839381534,"DIR":"Forward"}},{"type":"Feature","id":1964,"geometry":{"type":"LineString","coordinates":[[-6.2126504711313695,53.31893976241069],[-6.212340000630637,53.31878000071094]]},"properties":{"FID":1964,"BIKE":"BIKE_LANE","Shape_Leng":27.3641143766,"DIR":"Forward"}},{"type":"Feature","id":1966,"geometry":{"type":"LineString","coordinates":[[-6.288666022426441,53.357194912669065],[-6.288825988140182,53.35715635513304]]},"properties":{"FID":1966,"BIKE":"BIKE_LANE","Shape_Leng":11.4825359615,"DIR":"Forward"}},{"type":"Feature","id":1967,"geometry":{"type":"LineString","coordinates":[[-6.2905699995955615,53.35691000112722],[-6.290949999565342,53.35675000029146],[-6.292399999696948,53.355780000588126]]},"properties":{"FID":1967,"BIKE":"BIKE_LANE","Shape_Leng":175.957182242,"DIR":"Forward"}},{"type":"Feature","id":1968,"geometry":{"type":"LineString","coordinates":[[-6.325170000151163,53.36363000027227],[-6.32362999927515,53.36466000110804],[-6.322060000592009,53.365190000991504]]},"properties":{"FID":1968,"BIKE":"BIKE_LANE","Shape_Leng":274.908024965,"DIR":"Forward"}},{"type":"Feature","id":1969,"geometry":{"type":"LineString","coordinates":[[-6.263839999201,53.39304000090131],[-6.263879999712472,53.39333000131566]]},"properties":{"FID":1969,"BIKE":"BIKE_LANE","Shape_Leng":32.3841913946,"DIR":"Forward"}},{"type":"Feature","id":1970,"geometry":{"type":"LineString","coordinates":[[-6.26425000042794,53.394370001126646],[-6.264269999961471,53.394870001014276]]},"properties":{"FID":1970,"BIKE":"BIKE_LANE","Shape_Leng":55.661814805,"DIR":"Forward"}},{"type":"Feature","id":1971,"geometry":{"type":"LineString","coordinates":[[-6.264050000979738,53.39638000062605],[-6.264029999829863,53.396720001445495]]},"properties":{"FID":1971,"BIKE":"BIKE_LANE","Shape_Leng":37.8627166798,"DIR":"Forward"}},{"type":"Feature","id":1972,"geometry":{"type":"LineString","coordinates":[[-6.26403999961877,53.39440000087787],[-6.264089999158541,53.39510000127205]]},"properties":{"FID":1972,"BIKE":"BIKE_LANE","Shape_Leng":77.9823997928,"DIR":"Forward"}},{"type":"Feature","id":1973,"geometry":{"type":"LineString","coordinates":[[-6.2640000000478935,53.39414000088261],[-6.26403999961877,53.39440000087787]]},"properties":{"FID":1973,"BIKE":"BIKE_LANE","Shape_Leng":29.0579679607,"DIR":"Forward"}},{"type":"Feature","id":1974,"geometry":{"type":"LineString","coordinates":[[-6.264360000899882,53.390290000726246],[-6.264089999581158,53.391120000803895],[-6.264059999265181,53.39187000080573]]},"properties":{"FID":1974,"BIKE":"BIKE_LANE","Shape_Leng":177.742713374,"DIR":"Forward"}},{"type":"Feature","id":1975,"geometry":{"type":"LineString","coordinates":[[-6.264249999190632,53.39581000041101],[-6.2642300000491,53.39639000085223]]},"properties":{"FID":1975,"BIKE":"BIKE_LANE","Shape_Leng":64.5630457053,"DIR":"Forward"}},{"type":"Feature","id":1976,"geometry":{"type":"LineString","coordinates":[[-6.264029999829863,53.396720001445495],[-6.263959999911645,53.397810001064535]]},"properties":{"FID":1976,"BIKE":"BIKE_LANE","Shape_Leng":121.397462525,"DIR":"Forward"}},{"type":"Feature","id":1977,"geometry":{"type":"LineString","coordinates":[[-6.263959999911645,53.397810001064535],[-6.263730000187286,53.39985000086468],[-6.263899999853737,53.4003900009223],[-6.26439000051024,53.40105000140599]]},"properties":{"FID":1977,"BIKE":"BIKE_LANE","Shape_Leng":369.335620383,"DIR":"Forward"}},{"type":"Feature","id":1978,"geometry":{"type":"LineString","coordinates":[[-6.264270000211265,53.39531000070353],[-6.264249999190632,53.39581000041101]]},"properties":{"FID":1978,"BIKE":"BIKE_LANE","Shape_Leng":55.6618048339,"DIR":"Forward"}},{"type":"Feature","id":1979,"geometry":{"type":"LineString","coordinates":[[-6.264070000130232,53.39315000076037],[-6.2640899998872275,53.39330000096662]]},"properties":{"FID":1979,"BIKE":"BIKE_LANE","Shape_Leng":16.7467320834,"DIR":"Forward"}},{"type":"Feature","id":1980,"geometry":{"type":"LineString","coordinates":[[-6.264170000193835,53.397480001311244],[-6.263899999529481,53.39975000068286],[-6.2640200001821595,53.400170001306236],[-6.2646299996350985,53.401020001016796]]},"properties":{"FID":1980,"BIKE":"BIKE_LANE","Shape_Leng":403.977247307,"DIR":"Forward"}},{"type":"Feature","id":1981,"geometry":{"type":"LineString","coordinates":[[-6.264269999961471,53.394870001014276],[-6.264270000211265,53.39531000070353]]},"properties":{"FID":1981,"BIKE":"BIKE_LANE","Shape_Leng":48.9683833512,"DIR":"Forward"}},{"type":"Feature","id":1982,"geometry":{"type":"LineString","coordinates":[[-6.264210000273306,53.39682000164571],[-6.264170000193835,53.397480001311244]]},"properties":{"FID":1982,"BIKE":"BIKE_LANE","Shape_Leng":73.5019196404,"DIR":"Forward"}},{"type":"Feature","id":1983,"geometry":{"type":"LineString","coordinates":[[-6.264699999333695,53.38911000106203],[-6.264169999776163,53.39024000116353]]},"properties":{"FID":1983,"BIKE":"BIKE_LANE","Shape_Leng":130.632937459,"DIR":"Forward"}},{"type":"Feature","id":1984,"geometry":{"type":"LineString","coordinates":[[-6.2640899998872275,53.39330000096662],[-6.26420999959927,53.39411000119044]]},"properties":{"FID":1984,"BIKE":"BIKE_LANE","Shape_Leng":90.4991791661,"DIR":"Forward"}},{"type":"Feature","id":1985,"geometry":{"type":"LineString","coordinates":[[-6.264900000389049,53.38916000047211],[-6.264360000899882,53.390290000726246]]},"properties":{"FID":1985,"BIKE":"BIKE_LANE","Shape_Leng":130.791778194,"DIR":"Forward"}},{"type":"Feature","id":1986,"geometry":{"type":"LineString","coordinates":[[-6.264169999776163,53.39024000116353],[-6.26389000012909,53.39092000039802],[-6.2637900002109905,53.39186000072543]]},"properties":{"FID":1986,"BIKE":"BIKE_LANE","Shape_Leng":182.93808884,"DIR":"Forward"}},{"type":"Feature","id":1987,"geometry":{"type":"LineString","coordinates":[[-6.282630000199686,53.372230000957245],[-6.283480000489314,53.37258000126996]]},"properties":{"FID":1987,"BIKE":"BIKE_FRIENDLY_PEDESTRIAN_PATH","Shape_Leng":68.7052709588,"DIR":"Forward"}},{"type":"Feature","id":1990,"geometry":{"type":"LineString","coordinates":[[-6.231908967866464,53.319224936746345],[-6.230070205323413,53.3179473490167]]},"properties":{"FID":1990,"BIKE":"BIKE_LANE","Shape_Leng":187.749694498,"DIR":"Forward"}},{"type":"Feature","id":2011,"geometry":{"type":"LineString","coordinates":[[-6.23927239873635,53.3810554258994],[-6.237832400226013,53.38269542573028],[-6.236872358092363,53.38417199609762],[-6.236655201369773,53.38436349985968],[-6.236034442080158,53.38472944635093],[-6.2354114405065015,53.384935002601694],[-6.23243092879668,53.3855580833353],[-6.23014168373761,53.38572079720026],[-6.2281754374750635,53.38567815655125],[-6.22614933863018,53.385471359165166],[-6.22092388753715,53.38458441010847],[-6.216232511795354,53.384296813699095]]},"properties":{"FID":2011,"BIKE":"BIKE_LANE","Shape_Leng":1826.08694139,"DIR":"Forward"}},{"type":"Feature","id":2012,"geometry":{"type":"LineString","coordinates":[[-6.328210986556751,53.370807881560225],[-6.32008610782815,53.36823009920227],[-6.314606090615835,53.366980113614076],[-6.302326039294772,53.36289014513705]]},"properties":{"FID":2012,"BIKE":"BIKE_LANE","Shape_Leng":1939.26430955,"DIR":"Forward"}},{"type":"Feature","id":2022,"geometry":{"type":"LineString","coordinates":[[-6.222430000414351,53.313390001067184],[-6.222910000139647,53.313690000797315]]},"properties":{"FID":2022,"BIKE":"BIKE_LANE","Shape_Leng":46.2686136966,"DIR":"Forward"}},{"type":"Feature","id":2023,"geometry":{"type":"LineString","coordinates":[[-6.224249999848955,53.31438000066884],[-6.223489999073824,53.31410000093877]]},"properties":{"FID":2023,"BIKE":"BIKE_LANE","Shape_Leng":59.5189404363,"DIR":"Forward"}},{"type":"Feature","id":2024,"geometry":{"type":"LineString","coordinates":[[-6.225680000512464,53.31489000141729],[-6.224959999882653,53.31461000046115]]},"properties":{"FID":2024,"BIKE":"BIKE_LANE","Shape_Leng":57.2315158419,"DIR":"Forward"}},{"type":"Feature","id":2025,"geometry":{"type":"LineString","coordinates":[[-6.2236869546152285,53.31397393209619],[-6.224443967736641,53.314228982478085]]},"properties":{"FID":2025,"BIKE":"BIKE_FRIENDLY_PEDESTRIAN_PATH","Shape_Leng":57.8902490378,"DIR":"Forward"}},{"type":"Feature","id":2026,"geometry":{"type":"LineString","coordinates":[[-6.230399654422814,53.317850081160024],[-6.232155809090542,53.319116528153046]]},"properties":{"FID":2026,"BIKE":"BIKE_FRIENDLY_PEDESTRIAN_PATH","Shape_Leng":183.309632479,"DIR":"Forward"}},{"type":"Feature","id":2027,"geometry":{"type":"LineString","coordinates":[[-6.222910000139647,53.313690000797315],[-6.223319999887982,53.31391000066442],[-6.2236869546152285,53.31397393209619]]},"properties":{"FID":2027,"BIKE":"BIKE_LANE","Shape_Leng":62.1814292228,"DIR":"Forward"}},{"type":"Feature","id":2030,"geometry":{"type":"LineString","coordinates":[[-6.2657276847462215,53.33768744763339],[-6.26247733204542,53.3376483773023],[-6.258111900054992,53.33647329264013]]},"properties":{"FID":2030,"BIKE":"BIKE_LANE","Shape_Leng":536.117324982,"DIR":"Forward"}},{"type":"Feature","id":2031,"geometry":{"type":"LineString","coordinates":[[-6.265692557243992,53.33755478016908],[-6.265500000104393,53.33756000080883]]},"properties":{"FID":2031,"BIKE":"BIKE_LANE","Shape_Leng":12.8396430345,"DIR":"Forward"}},{"type":"Feature","id":2032,"geometry":{"type":"LineString","coordinates":[[-6.260836283223578,53.337055409676815],[-6.26255245414722,53.33750232323486]]},"properties":{"FID":2032,"BIKE":"BIKE_LANE","Shape_Leng":124.709417243,"DIR":"Forward"}},{"type":"Feature","id":2033,"geometry":{"type":"LineString","coordinates":[[-6.264730000717814,53.33763000097475],[-6.26459999930112,53.33763000105805]]},"properties":{"FID":2033,"BIKE":"BIKE_LANE","Shape_Leng":8.65955640632,"DIR":"Forward"}},{"type":"Feature","id":2034,"geometry":{"type":"LineString","coordinates":[[-6.266419733936157,53.33763269366796],[-6.265885206800223,53.33767363165047]]},"properties":{"FID":2034,"BIKE":"BIKE_LANE","Shape_Leng":35.8957964715,"DIR":"Forward"}},{"type":"Feature","id":2035,"geometry":{"type":"LineString","coordinates":[[-6.264760000007508,53.33755000084443],[-6.26461000083534,53.33755000127627]]},"properties":{"FID":2035,"BIKE":"BIKE_LANE","Shape_Leng":9.99165049045,"DIR":"Forward"}},{"type":"Feature","id":2036,"geometry":{"type":"LineString","coordinates":[[-6.183830000369387,53.40029000095014],[-6.183219999470237,53.40067000089167]]},"properties":{"FID":2036,"BIKE":"BIKE_LANE","Shape_Leng":58.6072531527,"DIR":"Forward"}},{"type":"Feature","id":2039,"geometry":{"type":"LineString","coordinates":[[-6.272369999578792,53.33995000130175],[-6.27237999899667,53.34059000127924]]},"properties":{"FID":2039,"BIKE":"BIKE_LANE","Shape_Leng":71.7732085438,"DIR":"Forward"}},{"type":"Feature","id":2042,"geometry":{"type":"LineString","coordinates":[[-6.272379999722649,53.34097000040431],[-6.272350000117277,53.341490001508475]]},"properties":{"FID":2042,"BIKE":"BIKE_LANE","Shape_Leng":57.9105513698,"DIR":"Forward"}},{"type":"Feature","id":2045,"geometry":{"type":"LineString","coordinates":[[-6.2723500000796895,53.34188000073605],[-6.2723200001993575,53.342230000777995]]},"properties":{"FID":2045,"BIKE":"BIKE_LANE","Shape_Leng":39.079358627,"DIR":"Forward"}},{"type":"Feature","id":2051,"geometry":{"type":"LineString","coordinates":[[-6.232419999053098,53.32984000077258],[-6.2317399995115235,53.3294500006084],[-6.230549999484752,53.32897000091509]]},"properties":{"FID":2051,"BIKE":"BIKE_LANE","Shape_Leng":158.510188094,"DIR":"Forward"}},{"type":"Feature","id":2052,"geometry":{"type":"LineString","coordinates":[[-6.345681667336142,53.32590597208809],[-6.345945256864082,53.325816842133776]]},"properties":{"FID":2052,"BIKE":"BIKE_LANE","Shape_Leng":20.1701505572,"DIR":"Forward"}},{"type":"Feature","id":2056,"geometry":{"type":"LineString","coordinates":[[-6.268040000518307,53.35606000153211],[-6.267989998868904,53.356290000917866]]},"properties":{"FID":2056,"BIKE":"BIKE_LANE","Shape_Leng":25.9264422193,"DIR":"Forward"}},{"type":"Feature","id":2058,"geometry":{"type":"LineString","coordinates":[[-6.30036673872887,53.29963445112824],[-6.297354669663788,53.30184390400248],[-6.284885910995318,53.30948566782995],[-6.283757623211639,53.30982877517287]]},"properties":{"FID":2058,"BIKE":"BIKE_LANE","Shape_Leng":1592.26969919,"DIR":"Forward"}},{"type":"Feature","id":2059,"geometry":{"type":"LineString","coordinates":[[-6.303870000869932,53.35707000061885],[-6.304479999757197,53.35800000043193],[-6.309119999789875,53.3608600015345],[-6.310159999983862,53.36137000080114],[-6.318149999152173,53.36427000122795],[-6.319910000109167,53.364820000021574],[-6.322060000592009,53.365190000991504]]},"properties":{"FID":2059,"BIKE":"BIKE_LANE","Shape_Leng":1548.49791856,"DIR":"Forward"}},{"type":"Feature","id":2060,"geometry":{"type":"LineString","coordinates":[[-6.296269999226663,53.35334000111621],[-6.297999999680562,53.352260001296365]]},"properties":{"FID":2060,"BIKE":"BIKE_LANE","Shape_Leng":166.61076197,"DIR":"Forward"}},{"type":"Feature","id":2062,"geometry":{"type":"LineString","coordinates":[[-6.268390000395013,53.355350000497324],[-6.268310000089758,53.355490001051514]]},"properties":{"FID":2062,"BIKE":"BIKE_LANE","Shape_Leng":16.4661885842,"DIR":"Forward"}},{"type":"Feature","id":2063,"geometry":{"type":"LineString","coordinates":[[-6.268249999229507,53.355600001048344],[-6.268040000518307,53.35606000153211]]},"properties":{"FID":2063,"BIKE":"BIKE_LANE","Shape_Leng":53.0779195344,"DIR":"Forward"}},{"type":"Feature","id":2065,"geometry":{"type":"LineString","coordinates":[[-6.269535860430834,53.35042000835043],[-6.269733028541834,53.3506594650086],[-6.269828026649392,53.35120214880559]]},"properties":{"FID":2065,"BIKE":"BIKE_LANE","Shape_Leng":90.9095387109,"DIR":"Forward"}},{"type":"Feature","id":2066,"geometry":{"type":"LineString","coordinates":[[-6.266440240424766,53.371862000774655],[-6.268382951269989,53.370288784286934]]},"properties":{"FID":2066,"BIKE":"BIKE_LANE","Shape_Leng":217.800655901,"DIR":"Forward"}},{"type":"Feature","id":2067,"geometry":{"type":"LineString","coordinates":[[-6.292399999696948,53.355780000588126],[-6.293689999731296,53.354970001061815]]},"properties":{"FID":2067,"BIKE":"BIKE_LANE","Shape_Leng":124.567417132,"DIR":"Forward"}},{"type":"Feature","id":2068,"geometry":{"type":"LineString","coordinates":[[-6.265885206800223,53.33767363165047],[-6.2657276847462215,53.33768744763339]]},"properties":{"FID":2068,"BIKE":"BIKE_LANE","Shape_Leng":10.6047857545,"DIR":"Forward"}},{"type":"Feature","id":2069,"geometry":{"type":"LineString","coordinates":[[-6.286479999163598,53.37612000107601],[-6.285639999512567,53.37437000072849],[-6.285260000217573,53.373970000701284],[-6.284330000795123,53.3732900007553]]},"properties":{"FID":2069,"BIKE":"BIKE_FRIENDLY_PEDESTRIAN_PATH","Shape_Leng":351.808927843,"DIR":"Forward"}},{"type":"Feature","id":2071,"geometry":{"type":"LineString","coordinates":[[-6.32978999968685,53.32390000149658],[-6.330119999965669,53.32389000082102]]},"properties":{"FID":2071,"BIKE":"BIKE_LANE","Shape_Leng":22.0166765239,"DIR":"Forward"}},{"type":"Feature","id":2073,"geometry":{"type":"LineString","coordinates":[[-6.272189999925692,53.34193000072014],[-6.272200000994193,53.3416600008991]]},"properties":{"FID":2073,"BIKE":"BIKE_LANE","Shape_Leng":30.0575387356,"DIR":"Forward"}},{"type":"Feature","id":2074,"geometry":{"type":"LineString","coordinates":[[-6.29199000083566,53.38240000116616],[-6.294100000743348,53.384080001198875]]},"properties":{"FID":2074,"BIKE":"BIKE_FRIENDLY_PEDESTRIAN_PATH","Shape_Leng":233.833369375,"DIR":"Forward"}},{"type":"Feature","id":2077,"geometry":{"type":"LineString","coordinates":[[-6.268012798517708,53.35647560065771],[-6.268015430670733,53.35671973290175]]},"properties":{"FID":2077,"BIKE":"BIKE_LANE","Shape_Leng":27.1703090859,"DIR":"Forward"}},{"type":"Feature","id":2079,"geometry":{"type":"LineString","coordinates":[[-6.22075000016769,53.31165000053822],[-6.220122431219485,53.31109979833488]]},"properties":{"FID":2079,"BIKE":"BIKE_LANE","Shape_Leng":74.1560910202,"DIR":"Forward"}},{"type":"Feature","id":2080,"geometry":{"type":"LineString","coordinates":[[-6.265989999578246,53.337560000886164],[-6.2663778462008795,53.33756190035604]]},"properties":{"FID":2080,"BIKE":"BIKE_LANE","Shape_Leng":25.8512843869,"DIR":"Forward"}},{"type":"Feature","id":2081,"geometry":{"type":"LineString","coordinates":[[-6.2646299996350985,53.401020001016796],[-6.265120000277629,53.40172000045046]]},"properties":{"FID":2081,"BIKE":"BIKE_FRIENDLY_PEDESTRIAN_PATH","Shape_Leng":84.8838491592,"DIR":"Forward"}},{"type":"Feature","id":2083,"geometry":{"type":"LineString","coordinates":[[-6.297720000476185,53.38688000069126],[-6.298300000230896,53.387300000696726]]},"properties":{"FID":2083,"BIKE":"BIKE_FRIENDLY_PEDESTRIAN_PATH","Shape_Leng":60.6134337008,"DIR":"Forward"}},{"type":"Feature","id":2084,"geometry":{"type":"LineString","coordinates":[[-6.345463229886718,53.32597253143598],[-6.345681667336142,53.32590597208809]]},"properties":{"FID":2084,"BIKE":"BIKE_LANE","Shape_Leng":16.3307002737,"DIR":"Forward"}},{"type":"Feature","id":2087,"geometry":{"type":"LineString","coordinates":[[-6.34101999990822,53.323640000980326],[-6.343489999585628,53.32358000087894]]},"properties":{"FID":2087,"BIKE":"BIKE_LANE","Shape_Leng":164.7167676,"DIR":"Forward"}},{"type":"Feature","id":2088,"geometry":{"type":"LineString","coordinates":[[-6.220521836881541,53.31092229625888],[-6.220901128730107,53.31146158084265]]},"properties":{"FID":2088,"BIKE":"BIKE_LANE","Shape_Leng":65.2209366593,"DIR":"Forward"}},{"type":"Feature","id":2089,"geometry":{"type":"LineString","coordinates":[[-6.289389999440104,53.38085000075091],[-6.291370000546506,53.38198000162644]]},"properties":{"FID":2089,"BIKE":"BIKE_FRIENDLY_PEDESTRIAN_PATH","Shape_Leng":182.170167417,"DIR":"Forward"}},{"type":"Feature","id":2091,"geometry":{"type":"LineString","coordinates":[[-6.271673892954579,53.34282574242948],[-6.272180000241517,53.34207000111257]]},"properties":{"FID":2091,"BIKE":"BIKE_LANE","Shape_Leng":91.12170855,"DIR":"Forward"}},{"type":"Feature","id":2093,"geometry":{"type":"LineString","coordinates":[[-6.272180000241517,53.34207000111257],[-6.272189999925692,53.34193000072014]]},"properties":{"FID":2093,"BIKE":"BIKE_LANE","Shape_Leng":15.5949761958,"DIR":"Forward"}},{"type":"Feature","id":2094,"geometry":{"type":"LineString","coordinates":[[-6.182589999969837,53.40079000053518],[-6.182330000682941,53.40095000104237]]},"properties":{"FID":2094,"BIKE":"BIKE_LANE","Shape_Leng":24.8225027389,"DIR":"Forward"}},{"type":"Feature","id":2095,"geometry":{"type":"LineString","coordinates":[[-6.182569999827739,53.40104000069316],[-6.180779999624093,53.40208000094835]]},"properties":{"FID":2095,"BIKE":"BIKE_LANE","Shape_Leng":166.09163415,"DIR":"Forward"}},{"type":"Feature","id":2096,"geometry":{"type":"LineString","coordinates":[[-6.180029999792356,53.40245000102818],[-6.180489999049645,53.40208000065872]]},"properties":{"FID":2096,"BIKE":"BIKE_LANE","Shape_Leng":51.3006716947,"DIR":"Forward"}},{"type":"Feature","id":2097,"geometry":{"type":"LineString","coordinates":[[-6.223489999073824,53.31410000093877],[-6.222789999134784,53.31376000154571]]},"properties":{"FID":2097,"BIKE":"BIKE_LANE","Shape_Leng":60.1164811711,"DIR":"Forward"}},{"type":"Feature","id":2098,"geometry":{"type":"LineString","coordinates":[[-6.308852933501741,53.34211045917438],[-6.313347546911365,53.34240050279237],[-6.31617358933766,53.34195041202361]]},"properties":{"FID":2098,"BIKE":"BIKE_LANE","Shape_Leng":497.053749373,"DIR":"Bi-Directional"}},{"type":"Feature","id":2099,"geometry":{"type":"LineString","coordinates":[[-6.257366264720157,53.33613303748612],[-6.260836283223578,53.337055409676815]]},"properties":{"FID":2099,"BIKE":"BIKE_LANE","Shape_Leng":253.03478658,"DIR":"Forward"}},{"type":"Feature","id":2100,"geometry":{"type":"LineString","coordinates":[[-6.343489999585628,53.32358000087894],[-6.344139999983536,53.32357000073841]]},"properties":{"FID":2100,"BIKE":"BIKE_LANE","Shape_Leng":43.325237693,"DIR":"Forward"}},{"type":"Feature","id":2101,"geometry":{"type":"LineString","coordinates":[[-6.342916316412423,53.32665273237817],[-6.344979137677422,53.32610996422844]]},"properties":{"FID":2101,"BIKE":"BIKE_LANE","Shape_Leng":150.191193882,"DIR":"Forward"}},{"type":"Feature","id":2103,"geometry":{"type":"LineString","coordinates":[[-6.2640699997907285,53.39587000085251],[-6.264050000979738,53.39638000062605]]},"properties":{"FID":2103,"BIKE":"BIKE_LANE","Shape_Leng":56.7744225481,"DIR":"Forward"}},{"type":"Feature","id":2104,"geometry":{"type":"LineString","coordinates":[[-6.181559999487638,53.401400000754066],[-6.182330000682941,53.40095000104237]]},"properties":{"FID":2104,"BIKE":"BIKE_LANE","Shape_Leng":71.6325659472,"DIR":"Forward"}},{"type":"Feature","id":2106,"geometry":{"type":"LineString","coordinates":[[-6.2723200001993575,53.342230000777995],[-6.27231999954689,53.34225000109609]]},"properties":{"FID":2106,"BIKE":"BIKE_LANE","Shape_Leng":2.22585028178,"DIR":"Forward"}},{"type":"Feature","id":2107,"geometry":{"type":"LineString","coordinates":[[-6.185149999285795,53.39931000110164],[-6.184549999560282,53.39980000121913]]},"properties":{"FID":2107,"BIKE":"BIKE_LANE","Shape_Leng":67.5774139034,"DIR":"Forward"}},{"type":"Feature","id":2109,"geometry":{"type":"LineString","coordinates":[[-6.336879999930273,53.32382000101033],[-6.336390000494625,53.323840001099704]]},"properties":{"FID":2109,"BIKE":"BIKE_LANE","Shape_Leng":32.7279845856,"DIR":"Forward"}},{"type":"Feature","id":2110,"geometry":{"type":"LineString","coordinates":[[-6.336390000494625,53.323840001099704],[-6.335699999795896,53.323860001438895]]},"properties":{"FID":2110,"BIKE":"BIKE_LANE","Shape_Leng":46.0298650022,"DIR":"Forward"}},{"type":"Feature","id":2111,"geometry":{"type":"LineString","coordinates":[[-6.265692557243992,53.33755478016908],[-6.2658493340075125,53.33755228831803]]},"properties":{"FID":2111,"BIKE":"BIKE_LANE","Shape_Leng":10.4467936489,"DIR":"Forward"}},{"type":"Feature","id":2116,"geometry":{"type":"LineString","coordinates":[[-6.264059999265181,53.39187000080573],[-6.264070000130232,53.39315000076037]]},"properties":{"FID":2116,"BIKE":"BIKE_LANE","Shape_Leng":142.503840353,"DIR":"Forward"}},{"type":"Feature","id":2117,"geometry":{"type":"LineString","coordinates":[[-6.272379999051939,53.34064000031329],[-6.272379999722649,53.34097000040431]]},"properties":{"FID":2117,"BIKE":"BIKE_LANE","Shape_Leng":36.725946762,"DIR":"Forward"}},{"type":"Feature","id":2121,"geometry":{"type":"LineString","coordinates":[[-6.226010161457301,53.31479156538667],[-6.226259914068774,53.31493028994647]]},"properties":{"FID":2121,"BIKE":"BIKE_LANE","Shape_Leng":22.7029510173,"DIR":"Forward"}},{"type":"Feature","id":2123,"geometry":{"type":"LineString","coordinates":[[-6.185619999546588,53.3970900013283],[-6.186510900740329,53.397107330500425]]},"properties":{"FID":2123,"BIKE":"BIKE_FRIENDLY_PEDESTRIAN_PATH","Shape_Leng":59.8136772106,"DIR":"Forward"}},{"type":"Feature","id":2124,"geometry":{"type":"LineString","coordinates":[[-6.341019999988424,53.32373000000143],[-6.340080000528958,53.32375000077955]]},"properties":{"FID":2124,"BIKE":"BIKE_LANE","Shape_Leng":62.6735442534,"DIR":"Forward"}},{"type":"Feature","id":2126,"geometry":{"type":"LineString","coordinates":[[-6.280259999490276,53.37077000088288],[-6.281459999517323,53.37168000106098],[-6.282329999527755,53.372110001042195]]},"properties":{"FID":2126,"BIKE":"BIKE_FRIENDLY_PEDESTRIAN_PATH","Shape_Leng":204.350224518,"DIR":"Forward"}},{"type":"Feature","id":2127,"geometry":{"type":"LineString","coordinates":[[-6.272219999913984,53.34053000126415],[-6.272189999360321,53.34020000079533],[-6.272289999693414,53.33992000084966]]},"properties":{"FID":2127,"BIKE":"BIKE_LANE","Shape_Leng":68.7909176221,"DIR":"Forward"}},{"type":"Feature","id":2129,"geometry":{"type":"LineString","coordinates":[[-6.307129999503803,53.39882000100645],[-6.308510000392162,53.40055000023304]]},"properties":{"FID":2129,"BIKE":"BIKE_FRIENDLY_PEDESTRIAN_PATH","Shape_Leng":213.295283634,"DIR":"Forward"}},{"type":"Feature","id":2130,"geometry":{"type":"LineString","coordinates":[[-6.336670000098664,53.32373000033772],[-6.338890000413439,53.32370000060007]]},"properties":{"FID":2130,"BIKE":"BIKE_LANE","Shape_Leng":147.960803071,"DIR":"Forward"}},{"type":"Feature","id":2132,"geometry":{"type":"LineString","coordinates":[[-6.2833099998395605,53.37261000108108],[-6.282240000747955,53.3721800006817]]},"properties":{"FID":2132,"BIKE":"BIKE_FRIENDLY_PEDESTRIAN_PATH","Shape_Leng":85.8269933133,"DIR":"Forward"}},{"type":"Feature","id":2135,"geometry":{"type":"LineString","coordinates":[[-6.186980000239721,53.39734000113967],[-6.187010000660667,53.39743000029821]]},"properties":{"FID":2135,"BIKE":"BIKE_FRIENDLY_PEDESTRIAN_PATH","Shape_Leng":10.3046555361,"DIR":"Forward"}},{"type":"Feature","id":2137,"geometry":{"type":"LineString","coordinates":[[-6.183219999470237,53.40067000089167],[-6.182569999827739,53.40104000069316]]},"properties":{"FID":2137,"BIKE":"BIKE_LANE","Shape_Leng":59.7063663866,"DIR":"Forward"}},{"type":"Feature","id":2139,"geometry":{"type":"LineString","coordinates":[[-6.2725100001482526,53.33934000054303],[-6.272461137635268,53.33891270483819]]},"properties":{"FID":2139,"BIKE":"BIKE_LANE","Shape_Leng":47.6657135211,"DIR":"Forward"}},{"type":"Feature","id":2140,"geometry":{"type":"LineString","coordinates":[[-6.26255245414722,53.33750232323486],[-6.26319999930806,53.337550001190976]]},"properties":{"FID":2140,"BIKE":"BIKE_LANE","Shape_Leng":43.6024220112,"DIR":"Forward"}},{"type":"Feature","id":2144,"geometry":{"type":"LineString","coordinates":[[-6.187160000405525,53.3969800002267],[-6.186980000239721,53.39734000113967]]},"properties":{"FID":2144,"BIKE":"BIKE_FRIENDLY_PEDESTRIAN_PATH","Shape_Leng":41.8360713035,"DIR":"Forward"}},{"type":"Feature","id":2148,"geometry":{"type":"LineString","coordinates":[[-6.286019999701523,53.37467000035256],[-6.2861500003165975,53.374980000638665]]},"properties":{"FID":2148,"BIKE":"BIKE_FRIENDLY_PEDESTRIAN_PATH","Shape_Leng":35.5685740521,"DIR":"Forward"}},{"type":"Feature","id":2149,"geometry":{"type":"LineString","coordinates":[[-6.2658493340075125,53.33755228831803],[-6.265989999578246,53.337560000886164]]},"properties":{"FID":2149,"BIKE":"BIKE_LANE","Shape_Leng":9.40915513462,"DIR":"Forward"}},{"type":"Feature","id":2151,"geometry":{"type":"LineString","coordinates":[[-6.344979137677422,53.32610996422844],[-6.345463229886718,53.32597253143598]]},"properties":{"FID":2151,"BIKE":"BIKE_LANE","Shape_Leng":35.6968632308,"DIR":"Forward"}},{"type":"Feature","id":2152,"geometry":{"type":"LineString","coordinates":[[-6.334680000256466,53.32388000112467],[-6.334230000520327,53.323890000606085]]},"properties":{"FID":2152,"BIKE":"BIKE_LANE","Shape_Leng":30.00493917,"DIR":"Forward"}},{"type":"Feature","id":2154,"geometry":{"type":"LineString","coordinates":[[-6.26319999930806,53.337550001190976],[-6.26371000053716,53.33756000091137]]},"properties":{"FID":2154,"BIKE":"BIKE_LANE","Shape_Leng":33.990108307,"DIR":"Forward"}},{"type":"Feature","id":2155,"geometry":{"type":"LineString","coordinates":[[-6.285939999789674,53.37453000147418],[-6.286019999701523,53.37467000035256]]},"properties":{"FID":2155,"BIKE":"BIKE_FRIENDLY_PEDESTRIAN_PATH","Shape_Leng":16.465221017,"DIR":"Forward"}},{"type":"Feature","id":2156,"geometry":{"type":"LineString","coordinates":[[-6.334230000520327,53.323890000606085],[-6.331389999928118,53.32395000066443]]},"properties":{"FID":2156,"BIKE":"BIKE_LANE","Shape_Leng":189.356738892,"DIR":"Forward"}},{"type":"Feature","id":2158,"geometry":{"type":"LineString","coordinates":[[-6.340080000528958,53.32375000077955],[-6.336879999930273,53.32382000101033]]},"properties":{"FID":2158,"BIKE":"BIKE_LANE","Shape_Leng":213.366750143,"DIR":"Forward"}},{"type":"Feature","id":2160,"geometry":{"type":"LineString","coordinates":[[-6.2912800000332325,53.34674000094323],[-6.2908633055897605,53.34744272668551]]},"properties":{"FID":2160,"BIKE":"BIKE_LANE","Shape_Leng":83.2151315646,"DIR":"Forward"}},{"type":"Feature","id":2161,"geometry":{"type":"LineString","coordinates":[[-6.27237999899667,53.34059000127924],[-6.272379999051939,53.34064000031329]]},"properties":{"FID":2161,"BIKE":"BIKE_LANE","Shape_Leng":5.56442818216,"DIR":"Forward"}},{"type":"Feature","id":2162,"geometry":{"type":"LineString","coordinates":[[-6.186907695747835,53.396892289105025],[-6.187420000151661,53.396360000289214]]},"properties":{"FID":2162,"BIKE":"BIKE_FRIENDLY_PEDESTRIAN_PATH","Shape_Leng":68.343002501,"DIR":"Forward"}},{"type":"Feature","id":2163,"geometry":{"type":"LineString","coordinates":[[-6.222789999134784,53.31376000154571],[-6.222450000213684,53.313530001118664]]},"properties":{"FID":2163,"BIKE":"BIKE_LANE","Shape_Leng":34.2128862426,"DIR":"Forward"}},{"type":"Feature","id":2164,"geometry":{"type":"LineString","coordinates":[[-6.186604121461674,53.39708961540845],[-6.186907695747835,53.396892289105025]]},"properties":{"FID":2164,"BIKE":"BIKE_FRIENDLY_PEDESTRIAN_PATH","Shape_Leng":29.9260482627,"DIR":"Forward"}},{"type":"Feature","id":2166,"geometry":{"type":"LineString","coordinates":[[-6.225892361579051,53.314732809086834],[-6.226010161457301,53.31479156538667]]},"properties":{"FID":2166,"BIKE":"BIKE_LANE","Shape_Leng":10.2175512433,"DIR":"Forward"}},{"type":"Feature","id":2171,"geometry":{"type":"LineString","coordinates":[[-6.331389999928118,53.32395000066443],[-6.329810000270862,53.324000001282876]]},"properties":{"FID":2171,"BIKE":"BIKE_LANE","Shape_Leng":105.432436537,"DIR":"Forward"}},{"type":"Feature","id":2172,"geometry":{"type":"LineString","coordinates":[[-6.180489999049645,53.40208000065872],[-6.181559999487638,53.401400000754066]]},"properties":{"FID":2172,"BIKE":"BIKE_LANE","Shape_Leng":103.946368809,"DIR":"Forward"}},{"type":"Feature","id":2173,"geometry":{"type":"LineString","coordinates":[[-6.2699881318758415,53.35124366023051],[-6.268418133359433,53.35295366116903],[-6.2670321146166135,53.35422748741015]]},"properties":{"FID":2173,"BIKE":"BIKE_LANE","Shape_Leng":386.411916028,"DIR":"Forward"}},{"type":"Feature","id":2174,"geometry":{"type":"LineString","coordinates":[[-6.218705439592065,53.3668316490137],[-6.219211442215105,53.366777270941796]]},"properties":{"FID":2174,"BIKE":"BIKE_LANE","Shape_Leng":34.285812235,"DIR":"Forward"}},{"type":"Feature","id":2175,"geometry":{"type":"LineString","coordinates":[[-6.183939999178813,53.39997000121536],[-6.184899999158288,53.39922000102683]]},"properties":{"FID":2175,"BIKE":"BIKE_LANE","Shape_Leng":105.18378665,"DIR":"Forward"}},{"type":"Feature","id":2176,"geometry":{"type":"LineString","coordinates":[[-6.184549999560282,53.39980000121913],[-6.183830000369387,53.40029000095014]]},"properties":{"FID":2176,"BIKE":"BIKE_LANE","Shape_Leng":72.6083328415,"DIR":"Forward"}},{"type":"Feature","id":2177,"geometry":{"type":"LineString","coordinates":[[-6.268654880846614,53.37059088189451],[-6.2694299998398595,53.37154000057515],[-6.269187272713915,53.37195361763905],[-6.268509999776993,53.37273000107376],[-6.268740000397655,53.37376000049038],[-6.268649999644692,53.37442000069934],[-6.2687300002524005,53.37476000135771],[-6.269009999544585,53.37508000038794],[-6.270320000385302,53.37581000105032],[-6.269169999269856,53.37730000088186],[-6.268929999891484,53.3775200010192],[-6.2674600005062935,53.37826000085733],[-6.266099999794561,53.37985000080006]]},"properties":{"FID":2177,"BIKE":"BIKE_LANE","Shape_Leng":1189.26396243,"DIR":"Forward"}},{"type":"Feature","id":2178,"geometry":{"type":"LineString","coordinates":[[-6.288825988140182,53.35715635513304],[-6.2905699995955615,53.35691000112722]]},"properties":{"FID":2178,"BIKE":"BIKE_LANE","Shape_Leng":119.715583342,"DIR":"Forward"}},{"type":"Feature","id":2179,"geometry":{"type":"LineString","coordinates":[[-6.272480000204782,53.35461000070404],[-6.2723099994526965,53.35497000096308],[-6.271770000500109,53.35524000085851]]},"properties":{"FID":2179,"BIKE":"BIKE_LANE","Shape_Leng":89.267041939,"DIR":"Forward"}},{"type":"Feature","id":2180,"geometry":{"type":"LineString","coordinates":[[-6.280061833951169,53.359305769621464],[-6.2806263469157395,53.359160561353434]]},"properties":{"FID":2180,"BIKE":"BIKE_LANE","Shape_Leng":40.9108597118,"DIR":"Forward"}},{"type":"Feature","id":2181,"geometry":{"type":"LineString","coordinates":[[-6.281879999656497,53.3504700009349],[-6.282050000466541,53.35067000046619]]},"properties":{"FID":2181,"BIKE":"BIKE_LANE","Shape_Leng":25.1478648441,"DIR":"Forward"}},{"type":"Feature","id":2182,"geometry":{"type":"LineString","coordinates":[[-6.187010000660667,53.39743000029821],[-6.187529999347179,53.3977400000844]]},"properties":{"FID":2182,"BIKE":"BIKE_FRIENDLY_PEDESTRIAN_PATH","Shape_Leng":49.2004166822,"DIR":"Forward"}},{"type":"Feature","id":2184,"geometry":{"type":"LineString","coordinates":[[-6.221200712956912,53.397582191719835],[-6.219822072788862,53.39731090920408]]},"properties":{"FID":2184,"BIKE":"BIKE_LANE","Shape_Leng":96.5472693613,"DIR":"Forward"}},{"type":"Feature","id":2188,"geometry":{"type":"LineString","coordinates":[[-6.184899999158288,53.39922000102683],[-6.185980000551107,53.398120001054174],[-6.186131904619186,53.397639619773315]]},"properties":{"FID":2188,"BIKE":"BIKE_LANE","Shape_Leng":196.621610483,"DIR":"Forward"}},{"type":"Feature","id":2189,"geometry":{"type":"LineString","coordinates":[[-6.335699999795896,53.323860001438895],[-6.334680000256466,53.32388000112467]]},"properties":{"FID":2189,"BIKE":"BIKE_LANE","Shape_Leng":68.0008624638,"DIR":"Forward"}},{"type":"Feature","id":2190,"geometry":{"type":"LineString","coordinates":[[-6.334199999981568,53.323780001188894],[-6.33467000044859,53.323770000633075]]},"properties":{"FID":2190,"BIKE":"BIKE_LANE","Shape_Leng":31.3368309594,"DIR":"Forward"}},{"type":"Feature","id":2191,"geometry":{"type":"LineString","coordinates":[[-6.33467000044859,53.323770000633075],[-6.335689999954349,53.32376000114673]]},"properties":{"FID":2191,"BIKE":"BIKE_LANE","Shape_Leng":67.9737018344,"DIR":"Forward"}},{"type":"Feature","id":2192,"geometry":{"type":"LineString","coordinates":[[-6.2861500003165975,53.374980000638665],[-6.286220000687767,53.37512000047484]]},"properties":{"FID":2192,"BIKE":"BIKE_FRIENDLY_PEDESTRIAN_PATH","Shape_Leng":16.2623077497,"DIR":"Forward"}},{"type":"Feature","id":2194,"geometry":{"type":"LineString","coordinates":[[-6.330119999965669,53.32389000082102],[-6.332649999503962,53.32382000071835]]},"properties":{"FID":2194,"BIKE":"BIKE_LANE","Shape_Leng":168.770622402,"DIR":"Forward"}},{"type":"Feature","id":2195,"geometry":{"type":"LineString","coordinates":[[-6.26461000083534,53.33755000127627],[-6.26371000053716,53.33756000091137]]},"properties":{"FID":2195,"BIKE":"BIKE_LANE","Shape_Leng":59.9605808889,"DIR":"Forward"}},{"type":"Feature","id":2196,"geometry":{"type":"LineString","coordinates":[[-6.226840213928413,53.35020762742354],[-6.226050213483059,53.35127762764957]]},"properties":{"FID":2196,"BIKE":"BIKE_FRIENDLY_PEDESTRIAN_PATH","Shape_Leng":130.186113236,"DIR":"Forward"}},{"type":"Feature","id":2197,"geometry":{"type":"LineString","coordinates":[[-6.225717091409557,53.35117083497676],[-6.226557093869257,53.350020835033035]]},"properties":{"FID":2197,"BIKE":"BIKE_FRIENDLY_PEDESTRIAN_PATH","Shape_Leng":139.677105997,"DIR":"Forward"}},{"type":"Feature","id":2198,"geometry":{"type":"LineString","coordinates":[[-6.227030212798168,53.349767626100345],[-6.226840213928413,53.35020762742354]]},"properties":{"FID":2198,"BIKE":"BIKE_FRIENDLY_PEDESTRIAN_PATH","Shape_Leng":50.9826324016,"DIR":"Forward"}},{"type":"Feature","id":2199,"geometry":{"type":"LineString","coordinates":[[-6.272350000117277,53.341490001508475],[-6.272349999398104,53.341660000703534]]},"properties":{"FID":2199,"BIKE":"BIKE_LANE","Shape_Leng":18.9193347709,"DIR":"Forward"}},{"type":"Feature","id":2200,"geometry":{"type":"LineString","coordinates":[[-6.2642300000491,53.39639000085223],[-6.264210000273306,53.39682000164571]]},"properties":{"FID":2200,"BIKE":"BIKE_LANE","Shape_Leng":47.8740881445,"DIR":"Forward"}},{"type":"Feature","id":2201,"geometry":{"type":"LineString","coordinates":[[-6.264760000007508,53.33755000084443],[-6.265500000104393,53.33756000080883]]},"properties":{"FID":2201,"BIKE":"BIKE_LANE","Shape_Leng":49.3049727521,"DIR":"Forward"}},{"type":"Feature","id":2202,"geometry":{"type":"LineString","coordinates":[[-6.293519615277523,53.33212787338296],[-6.291441283640338,53.333511834644945]]},"properties":{"FID":2202,"BIKE":"BIKE_LANE","Shape_Leng":207.253415237,"DIR":"Forward"}},{"type":"Feature","id":2203,"geometry":{"type":"LineString","coordinates":[[-6.262600000469191,53.35203000042071],[-6.261960000620308,53.35238000053581]]},"properties":{"FID":2203,"BIKE":"BIKE_LANE","Shape_Leng":58.0719292391,"DIR":"Forward"}},{"type":"Feature","id":2204,"geometry":{"type":"LineString","coordinates":[[-6.272089999742275,53.36655000145665],[-6.2724300002875895,53.36695000086363]]},"properties":{"FID":2204,"BIKE":"BIKE_LANE","Shape_Leng":49.9393208943,"DIR":"Forward"}},{"type":"Feature","id":2206,"geometry":{"type":"MultiLineString","coordinates":[[[-6.308809301998312,53.30283527247962],[-6.3083956146680915,53.3030764937461],[-6.30737225240135,53.30445257151927],[-6.305092244541187,53.30888257087664],[-6.30426224387199,53.30953257039562],[-6.299805404154638,53.312026433694804]],[[-6.2998056903185935,53.312026257113175],[-6.297862230562271,53.31323256831386],[-6.293712221539845,53.31685256693914],[-6.292552218217733,53.31774256685856],[-6.29077221347242,53.31939256595935],[-6.2905322147347515,53.31952256493944],[-6.289592213284438,53.31969256533015],[-6.287072209019045,53.31998256489914],[-6.2846822043853905,53.321002564033265],[-6.2837022017466335,53.321882563322106],[-6.28333220089345,53.32209256357145],[-6.281352197642505,53.32275256252411],[-6.280072195417288,53.32361256216115],[-6.2785643539056055,53.32596078473223]]]},"properties":{"FID":2206,"BIKE":"BIKE_LANE","Shape_Leng":3407.94718146,"DIR":"Forward"}},{"type":"Feature","id":2207,"geometry":{"type":"LineString","coordinates":[[-6.249352929589279,53.34413652745099],[-6.2485329320055545,53.345436527783235],[-6.247982934242593,53.34660652860305]]},"properties":{"FID":2207,"BIKE":"BIKE_LANE","Shape_Leng":289.987157262,"DIR":"Reverse"}},{"type":"Feature","id":2208,"geometry":{"type":"LineString","coordinates":[[-6.264089999158541,53.39510000127205],[-6.2640699997907285,53.39587000085251]]},"properties":{"FID":2208,"BIKE":"BIKE_LANE","Shape_Leng":85.7050194061,"DIR":"Forward"}},{"type":"Feature","id":2209,"geometry":{"type":"LineString","coordinates":[[-6.272239999764894,53.34097000071224],[-6.272240000175322,53.34064000062991]]},"properties":{"FID":2209,"BIKE":"BIKE_LANE","Shape_Leng":36.725946762,"DIR":"Forward"}},{"type":"Feature","id":2210,"geometry":{"type":"LineString","coordinates":[[-6.338890000413439,53.32370000060007],[-6.34101999990822,53.323640000980326]]},"properties":{"FID":2210,"BIKE":"BIKE_LANE","Shape_Leng":142.083858358,"DIR":"Forward"}},{"type":"Feature","id":2212,"geometry":{"type":"LineString","coordinates":[[-6.333220000617764,53.3238000013989],[-6.334199999981568,53.323780001188894]]},"properties":{"FID":2212,"BIKE":"BIKE_LANE","Shape_Leng":65.3457256493,"DIR":"Forward"}},{"type":"Feature","id":2213,"geometry":{"type":"LineString","coordinates":[[-6.284330000795123,53.3732900007553],[-6.2833099998395605,53.37261000108108]]},"properties":{"FID":2213,"BIKE":"BIKE_FRIENDLY_PEDESTRIAN_PATH","Shape_Leng":101.946889012,"DIR":"Forward"}},{"type":"Feature","id":2215,"geometry":{"type":"LineString","coordinates":[[-6.272209999993895,53.34149000089094],[-6.272239999764894,53.34097000071224]]},"properties":{"FID":2215,"BIKE":"BIKE_LANE","Shape_Leng":57.905835985,"DIR":"Forward"}},{"type":"Feature","id":2217,"geometry":{"type":"LineString","coordinates":[[-6.343810000084584,53.323660000432106],[-6.341019999988424,53.32373000000143]]},"properties":{"FID":2217,"BIKE":"BIKE_LANE","Shape_Leng":186.11369491,"DIR":"Forward"}},{"type":"Feature","id":2220,"geometry":{"type":"LineString","coordinates":[[-6.226259914068774,53.31493028994647],[-6.226630472233824,53.315115812387184],[-6.228584060289927,53.31657444285972]]},"properties":{"FID":2220,"BIKE":"BIKE_LANE","Shape_Leng":240.291737253,"DIR":"Forward"}},{"type":"Feature","id":2223,"geometry":{"type":"LineString","coordinates":[[-6.2637900002109905,53.39186000072543],[-6.263839999201,53.39304000090131]]},"properties":{"FID":2223,"BIKE":"BIKE_LANE","Shape_Leng":131.366485638,"DIR":"Forward"}},{"type":"Feature","id":2228,"geometry":{"type":"LineString","coordinates":[[-6.293989999953316,53.38412000126574],[-6.291909999881822,53.38251000038817]]},"properties":{"FID":2228,"BIKE":"BIKE_FRIENDLY_PEDESTRIAN_PATH","Shape_Leng":226.544181263,"DIR":"Forward"}},{"type":"Feature","id":2229,"geometry":{"type":"LineString","coordinates":[[-6.2864700002247424,53.37576000075595],[-6.286539999656349,53.375910001348664]]},"properties":{"FID":2229,"BIKE":"BIKE_LANE","Shape_Leng":17.331549175,"DIR":"Forward"}},{"type":"Feature","id":2230,"geometry":{"type":"LineString","coordinates":[[-6.29125000065721,53.38206000012546],[-6.289560000304205,53.38109000054295]]},"properties":{"FID":2230,"BIKE":"BIKE_FRIENDLY_PEDESTRIAN_PATH","Shape_Leng":155.885237036,"DIR":"Forward"}},{"type":"Feature","id":2235,"geometry":{"type":"LineString","coordinates":[[-6.27138999932688,53.3673200004669],[-6.271120000717971,53.36729000131167]]},"properties":{"FID":2235,"BIKE":"BIKE_LANE","Shape_Leng":18.2799018113,"DIR":"Forward"}},{"type":"Feature","id":2238,"geometry":{"type":"LineString","coordinates":[[-6.272289999693414,53.33992000084966],[-6.2725100001482526,53.33934000054303]]},"properties":{"FID":2238,"BIKE":"BIKE_LANE","Shape_Leng":66.3401541981,"DIR":"Forward"}},{"type":"Feature","id":2244,"geometry":{"type":"LineString","coordinates":[[-6.250399999174149,53.34159000150019],[-6.250559999238344,53.3413500007599]]},"properties":{"FID":2244,"BIKE":"BIKE_LANE","Shape_Leng":28.7574576317,"DIR":"Forward"}},{"type":"Feature","id":2245,"geometry":{"type":"LineString","coordinates":[[-6.273151640447159,53.36794994185253],[-6.272749999760556,53.36756000087742],[-6.272420000326186,53.367460000907265]]},"properties":{"FID":2245,"BIKE":"BIKE_LANE","Shape_Leng":76.0339555313,"DIR":"Forward"}},{"type":"Feature","id":2247,"geometry":{"type":"LineString","coordinates":[[-6.338935728429933,53.36163088483734],[-6.333005283960104,53.36308587340275]]},"properties":{"FID":2247,"BIKE":"BIKE_FRIENDLY_PEDESTRIAN_PATH","Shape_Leng":432.263693669,"DIR":"Bi-Directional"}},{"type":"Feature","id":2252,"geometry":{"type":"LineString","coordinates":[[-6.293270195647454,53.33205689451931],[-6.291618064114505,53.33165055996384],[-6.284493036270955,53.33060859013207],[-6.279467953004879,53.329928069117024],[-6.27560037936212,53.329589862130966]]},"properties":{"FID":2252,"BIKE":"BIKE_LANE","Shape_Leng":1212.07743247,"DIR":"Forward"}},{"type":"Feature","id":2253,"geometry":{"type":"LineString","coordinates":[[-6.308231802504227,53.345383662267814],[-6.308378373101597,53.34796254756423],[-6.3086977402544235,53.34815553376727]]},"properties":{"FID":2253,"BIKE":"BIKE_LANE","Shape_Leng":318.563833758,"DIR":"Forward"}},{"type":"Feature","id":2254,"geometry":{"type":"LineString","coordinates":[[-6.251891415979391,53.34910059972013],[-6.2517817571421865,53.34920072506176],[-6.2518090419355135,53.34942156931416]]},"properties":{"FID":2254,"BIKE":"BIKE_FRIENDLY_PEDESTRIAN_PATH","Shape_Leng":37.9678626286,"DIR":"Forward"}},{"type":"Feature","id":2256,"geometry":{"type":"LineString","coordinates":[[-6.234260000131807,53.35791000103487],[-6.234050000095609,53.358050001448746]]},"properties":{"FID":2256,"BIKE":"BIKE_FRIENDLY_PEDESTRIAN_PATH","Shape_Leng":20.9345360698,"DIR":"Forward"}},{"type":"Feature","id":2258,"geometry":{"type":"LineString","coordinates":[[-6.272200000994193,53.3416600008991],[-6.272209999993895,53.34149000089094]]},"properties":{"FID":2258,"BIKE":"BIKE_LANE","Shape_Leng":18.9311438006,"DIR":"Forward"}},{"type":"Feature","id":2259,"geometry":{"type":"LineString","coordinates":[[-6.2390801459855565,53.33859582795658],[-6.239007811243214,53.33874592570059]]},"properties":{"FID":2259,"BIKE":"BIKE_FRIENDLY_PEDESTRIAN_PATH","Shape_Leng":21.5097863525,"DIR":"Bi-Directional"}},{"type":"Feature","id":2266,"geometry":{"type":"LineString","coordinates":[[-6.243929999850256,53.382250001113725],[-6.244500000632893,53.38244000128979]]},"properties":{"FID":2266,"BIKE":"BIKE_LANE","Shape_Leng":43.4250149656,"DIR":"Forward"}},{"type":"Feature","id":2267,"geometry":{"type":"LineString","coordinates":[[-6.2724300002875895,53.36695000086363],[-6.272739999582495,53.36729000107831]]},"properties":{"FID":2267,"BIKE":"BIKE_LANE","Shape_Leng":43.0999029334,"DIR":"Forward"}},{"type":"Feature","id":2268,"geometry":{"type":"LineString","coordinates":[[-6.271120000717971,53.36729000131167],[-6.270707117955215,53.36727989256075]]},"properties":{"FID":2268,"BIKE":"BIKE_LANE","Shape_Leng":28.866897093,"DIR":"Forward"}},{"type":"Feature","id":2271,"geometry":{"type":"LineString","coordinates":[[-6.291370000546506,53.38198000162644],[-6.29199000083566,53.38240000116616]]},"properties":{"FID":2271,"BIKE":"BIKE_FRIENDLY_PEDESTRIAN_PATH","Shape_Leng":62.3936918128,"DIR":"Forward"}},{"type":"Feature","id":2278,"geometry":{"type":"LineString","coordinates":[[-6.272739999582495,53.36729000107831],[-6.2732568683792485,53.36789122915946]]},"properties":{"FID":2278,"BIKE":"BIKE_LANE","Shape_Leng":75.3610741244,"DIR":"Forward"}},{"type":"Feature","id":2279,"geometry":{"type":"LineString","coordinates":[[-6.269363072243352,53.35022709300127],[-6.269535860430834,53.35042000835043]]},"properties":{"FID":2279,"BIKE":"BIKE_LANE","Shape_Leng":25.1418492574,"DIR":"Forward"}},{"type":"Feature","id":2282,"geometry":{"type":"LineString","coordinates":[[-6.248640000926708,53.34400000106397],[-6.249207220082912,53.34411344514055]]},"properties":{"FID":2282,"BIKE":"BIKE_LANE","Shape_Leng":39.8314773478,"DIR":"Forward"}},{"type":"Feature","id":2284,"geometry":{"type":"LineString","coordinates":[[-6.2260000006724265,53.31503000164944],[-6.225680000512464,53.31489000141729]]},"properties":{"FID":2284,"BIKE":"BIKE_LANE","Shape_Leng":26.4317257798,"DIR":"Forward"}},{"type":"Feature","id":2286,"geometry":{"type":"LineString","coordinates":[[-6.222450000213684,53.313530001118664],[-6.221660000323967,53.312820001086024],[-6.22075000016769,53.31165000053822]]},"properties":{"FID":2286,"BIKE":"BIKE_LANE","Shape_Leng":238.768579739,"DIR":"Forward"}},{"type":"Feature","id":2289,"geometry":{"type":"LineString","coordinates":[[-6.291930000552686,53.3461500006638],[-6.292309999148631,53.34609000072899]]},"properties":{"FID":2289,"BIKE":"BIKE_LANE","Shape_Leng":26.1731392944,"DIR":"Forward"}},{"type":"Feature","id":2290,"geometry":{"type":"LineString","coordinates":[[-6.296770000385724,53.36099000081489],[-6.2972700005042155,53.36113000128728]]},"properties":{"FID":2290,"BIKE":"BIKE_LANE","Shape_Leng":36.7531595948,"DIR":"Forward"}},{"type":"Feature","id":2291,"geometry":{"type":"LineString","coordinates":[[-6.224959999882653,53.31461000046115],[-6.224249999848955,53.31438000066884]]},"properties":{"FID":2291,"BIKE":"BIKE_LANE","Shape_Leng":53.7994625271,"DIR":"Forward"}},{"type":"Feature","id":2294,"geometry":{"type":"LineString","coordinates":[[-6.293689999731296,53.354970001061815],[-6.296269999226663,53.35334000111621]]},"properties":{"FID":2294,"BIKE":"BIKE_LANE","Shape_Leng":249.874126933,"DIR":"Forward"}},{"type":"Feature","id":2295,"geometry":{"type":"LineString","coordinates":[[-6.212340000630637,53.31878000071094],[-6.211489999954805,53.31837000013357]]},"properties":{"FID":2295,"BIKE":"BIKE_LANE","Shape_Leng":72.7600237668,"DIR":"Forward"}},{"type":"Feature","id":2296,"geometry":{"type":"LineString","coordinates":[[-6.272659165688928,53.33936452817937],[-6.272369999578792,53.33995000130175]]},"properties":{"FID":2296,"BIKE":"BIKE_LANE","Shape_Leng":67.9594316383,"DIR":"Forward"}},{"type":"Feature","id":2297,"geometry":{"type":"LineString","coordinates":[[-6.265849999754123,53.38176000100639],[-6.2656999995244,53.38288000020762]]},"properties":{"FID":2297,"BIKE":"BIKE_LANE","Shape_Leng":125.04549466,"DIR":"Forward"}},{"type":"Feature","id":2298,"geometry":{"type":"LineString","coordinates":[[-6.2656999995244,53.38288000020762],[-6.265259999559123,53.38480000067512]]},"properties":{"FID":2298,"BIKE":"BIKE_LANE","Shape_Leng":215.677280851,"DIR":"Forward"}},{"type":"Feature","id":2299,"geometry":{"type":"LineString","coordinates":[[-6.265729999156939,53.380670001248745],[-6.265649999726236,53.38175000068578]]},"properties":{"FID":2299,"BIKE":"BIKE_LANE","Shape_Leng":120.312673939,"DIR":"Forward"}},{"type":"Feature","id":2300,"geometry":{"type":"LineString","coordinates":[[-6.2982199989975705,53.345600000621985],[-6.298419999461121,53.34558000100703]]},"properties":{"FID":2300,"BIKE":"BIKE_LANE","Shape_Leng":13.5044001218,"DIR":"Forward"}},{"type":"Feature","id":2304,"geometry":{"type":"LineString","coordinates":[[-6.27231999954689,53.34225000109609],[-6.272120000113305,53.34268000140935]]},"properties":{"FID":2304,"BIKE":"BIKE_LANE","Shape_Leng":49.6759347047,"DIR":"Forward"}},{"type":"Feature","id":2305,"geometry":{"type":"LineString","coordinates":[[-6.272120000113305,53.34268000140935],[-6.271873584328104,53.34301187915154]]},"properties":{"FID":2305,"BIKE":"BIKE_LANE","Shape_Leng":40.7272546455,"DIR":"Forward"}},{"type":"Feature","id":2306,"geometry":{"type":"LineString","coordinates":[[-6.273099999122369,53.35420000120997],[-6.272940000875728,53.354400000994595]]},"properties":{"FID":2306,"BIKE":"BIKE_LANE","Shape_Leng":24.6763683093,"DIR":"Forward"}},{"type":"Feature","id":2307,"geometry":{"type":"LineString","coordinates":[[-6.272349999398104,53.341660000703534],[-6.2723500000796895,53.34188000073605]]},"properties":{"FID":2307,"BIKE":"BIKE_LANE","Shape_Leng":24.483965315,"DIR":"Forward"}},{"type":"Feature","id":2308,"geometry":{"type":"LineString","coordinates":[[-6.197519999358003,53.38937000086839],[-6.197790000121803,53.38915000076816]]},"properties":{"FID":2308,"BIKE":"BIKE_LANE","Shape_Leng":30.3674428671,"DIR":"Forward"}},{"type":"Feature","id":2309,"geometry":{"type":"LineString","coordinates":[[-6.2612899991962845,53.352610001223326],[-6.259088626706566,53.347644373296774]]},"properties":{"FID":2309,"BIKE":"BIKE_LANE","Shape_Leng":571.863755595,"DIR":"Forward"}},{"type":"Feature","id":2310,"geometry":{"type":"LineString","coordinates":[[-6.259442722928758,53.34755460705942],[-6.260320000075974,53.34965000022605],[-6.261690000543128,53.35247000103626]]},"properties":{"FID":2310,"BIKE":"BIKE_LANE","Shape_Leng":567.539327508,"DIR":"Forward"}},{"type":"Feature","id":2311,"geometry":{"type":"LineString","coordinates":[[-6.283480000489314,53.37258000126996],[-6.285449999917936,53.37395000057967],[-6.285939999789674,53.37453000147418]]},"properties":{"FID":2311,"BIKE":"BIKE_FRIENDLY_PEDESTRIAN_PATH","Shape_Leng":273.637567189,"DIR":"Forward"}},{"type":"Feature","id":2312,"geometry":{"type":"LineString","coordinates":[[-6.272736825327108,53.33883083143871],[-6.272725334028524,53.33917530235236]]},"properties":{"FID":2312,"BIKE":"BIKE_LANE","Shape_Leng":38.3754563556,"DIR":"Forward"}},{"type":"Feature","id":2314,"geometry":{"type":"LineString","coordinates":[[-6.327220000443101,53.32421000107266],[-6.326449999796794,53.32430000066601]]},"properties":{"FID":2314,"BIKE":"BIKE_LANE","Shape_Leng":52.2955215013,"DIR":"Forward"}},{"type":"Feature","id":2318,"geometry":{"type":"LineString","coordinates":[[-6.291909999881822,53.38251000038817],[-6.29125000065721,53.38206000012546]]},"properties":{"FID":2318,"BIKE":"BIKE_FRIENDLY_PEDESTRIAN_PATH","Shape_Leng":66.662873015,"DIR":"Forward"}},{"type":"Feature","id":2320,"geometry":{"type":"LineString","coordinates":[[-6.286799999389877,53.37640000101753],[-6.2874700009341,53.377190001078915],[-6.287639999902838,53.37768000064689]]},"properties":{"FID":2320,"BIKE":"BIKE_FRIENDLY_PEDESTRIAN_PATH","Shape_Leng":154.516605815,"DIR":"Forward"}},{"type":"Feature","id":2321,"geometry":{"type":"LineString","coordinates":[[-6.289560000304205,53.38109000054295],[-6.288860000281547,53.38059000082968],[-6.288190000062975,53.37976000019545]]},"properties":{"FID":2321,"BIKE":"BIKE_FRIENDLY_PEDESTRIAN_PATH","Shape_Leng":175.436828833,"DIR":"Forward"}},{"type":"Feature","id":2325,"geometry":{"type":"LineString","coordinates":[[-6.295119999306432,53.38504000160487],[-6.293989999953316,53.38412000126574]]},"properties":{"FID":2325,"BIKE":"BIKE_FRIENDLY_PEDESTRIAN_PATH","Shape_Leng":127.029229629,"DIR":"Forward"}},{"type":"Feature","id":2326,"geometry":{"type":"LineString","coordinates":[[-6.288190000062975,53.37976000019545],[-6.287649999274377,53.37898000060609],[-6.2875100002788225,53.3777100016027]]},"properties":{"FID":2326,"BIKE":"BIKE_FRIENDLY_PEDESTRIAN_PATH","Shape_Leng":236.316246698,"DIR":"Forward"}},{"type":"Feature","id":2327,"geometry":{"type":"LineString","coordinates":[[-6.295769999961219,53.38539000079892],[-6.297720000476185,53.38688000069126]]},"properties":{"FID":2327,"BIKE":"BIKE_FRIENDLY_PEDESTRIAN_PATH","Shape_Leng":210.565671037,"DIR":"Forward"}},{"type":"Feature","id":2332,"geometry":{"type":"LineString","coordinates":[[-6.2875100002788225,53.3777100016027],[-6.287269999849261,53.37718000091986],[-6.286479999163598,53.37612000107601]]},"properties":{"FID":2332,"BIKE":"BIKE_FRIENDLY_PEDESTRIAN_PATH","Shape_Leng":190.708959252,"DIR":"Forward"}},{"type":"Feature","id":2334,"geometry":{"type":"LineString","coordinates":[[-6.226050213483059,53.35127762764957],[-6.225952071607949,53.35143482016294]]},"properties":{"FID":2334,"BIKE":"BIKE_FRIENDLY_PEDESTRIAN_PATH","Shape_Leng":18.6750904452,"DIR":"Forward"}},{"type":"Feature","id":2337,"geometry":{"type":"LineString","coordinates":[[-6.226373802340546,53.36860632022089],[-6.225769999622846,53.369070000862]]},"properties":{"FID":2337,"BIKE":"BIKE_LANE","Shape_Leng":65.4126348277,"DIR":"Forward"}},{"type":"Feature","id":2338,"geometry":{"type":"LineString","coordinates":[[-6.296149999976756,53.34579000065189],[-6.296540000776498,53.34576000107243]]},"properties":{"FID":2338,"BIKE":"BIKE_LANE","Shape_Leng":26.1870340245,"DIR":"Forward"}},{"type":"Feature","id":2339,"geometry":{"type":"LineString","coordinates":[[-6.231892172415899,53.32935589761273],[-6.232081730309486,53.329455323749585]]},"properties":{"FID":2339,"BIKE":"BIKE_LANE","Shape_Leng":16.7909740985,"DIR":"Forward"}},{"type":"Feature","id":2341,"geometry":{"type":"LineString","coordinates":[[-6.286220000687767,53.37512000047484],[-6.2864700002247424,53.37576000075595]]},"properties":{"FID":2341,"BIKE":"BIKE_LANE","Shape_Leng":73.1437506643,"DIR":"Forward"}},{"type":"Feature","id":2343,"geometry":{"type":"LineString","coordinates":[[-6.2944300008224845,53.38434000108131],[-6.295769999961219,53.38539000079892]]},"properties":{"FID":2343,"BIKE":"BIKE_LANE","Shape_Leng":146.991434726,"DIR":"Forward"}},{"type":"Feature","id":2346,"geometry":{"type":"LineString","coordinates":[[-6.292330000068292,53.346150001047334],[-6.292030000013007,53.34620000107081]]},"properties":{"FID":2346,"BIKE":"BIKE_LANE","Shape_Leng":20.7397082126,"DIR":"Forward"}},{"type":"Feature","id":2348,"geometry":{"type":"LineString","coordinates":[[-6.183649999952018,53.400160000896136],[-6.183939999178813,53.39997000121536]]},"properties":{"FID":2348,"BIKE":"BIKE_LANE","Shape_Leng":28.6220111807,"DIR":"Forward"}},{"type":"Feature","id":2349,"geometry":{"type":"LineString","coordinates":[[-6.248231694811635,53.32915195358541],[-6.250010955026589,53.32951088790137],[-6.251113713943494,53.329923052401],[-6.251990217577503,53.33058150473916],[-6.252434817366594,53.331353808003016]]},"properties":{"FID":2349,"BIKE":"BIKE_LANE","Shape_Leng":397.651693494,"DIR":"Forward"}},{"type":"Feature","id":2350,"geometry":{"type":"LineString","coordinates":[[-6.270954175594508,53.33834019464477],[-6.271379999638288,53.33836000042922]]},"properties":{"FID":2350,"BIKE":"BIKE_LANE","Shape_Leng":29.0971556588,"DIR":"Forward"}},{"type":"Feature","id":2351,"geometry":{"type":"LineString","coordinates":[[-6.270949999683943,53.338340000199246],[-6.273055081272086,53.33901292964403],[-6.274592243126759,53.33930872125125]]},"properties":{"FID":2351,"BIKE":"BIKE_LANE","Shape_Leng":267.358177092,"DIR":"Forward"}},{"type":"Feature","id":2352,"geometry":{"type":"LineString","coordinates":[[-6.271379999638288,53.33836000042922],[-6.272200000600947,53.33841000133642]]},"properties":{"FID":2352,"BIKE":"BIKE_LANE","Shape_Leng":54.9361107596,"DIR":"Forward"}},{"type":"Feature","id":2353,"geometry":{"type":"LineString","coordinates":[[-6.252516656703594,53.33190438029047],[-6.251971163672489,53.331299249018194],[-6.251355371765356,53.33118852928068],[-6.250819907318592,53.33062444188437],[-6.248328323618345,53.32936908826187]]},"properties":{"FID":2353,"BIKE":"BIKE_LANE","Shape_Leng":411.18045612,"DIR":"Forward"}},{"type":"Feature","id":2355,"geometry":{"type":"LineString","coordinates":[[-6.246640000164705,53.34360000117329],[-6.248640000926708,53.34400000106397]]},"properties":{"FID":2355,"BIKE":"BIKE_LANE","Shape_Leng":140.445560329,"DIR":"Forward"}},{"type":"Feature","id":2357,"geometry":{"type":"LineString","coordinates":[[-6.232081730309486,53.329455323749585],[-6.232415307062237,53.32965350121317]]},"properties":{"FID":2357,"BIKE":"BIKE_LANE","Shape_Leng":31.318753497,"DIR":"Forward"}},{"type":"Feature","id":2358,"geometry":{"type":"LineString","coordinates":[[-6.273879999786704,53.35133000079775],[-6.273660000638009,53.35164000068708]]},"properties":{"FID":2358,"BIKE":"BIKE_LANE","Shape_Leng":37.481636085,"DIR":"Forward"}},{"type":"Feature","id":2360,"geometry":{"type":"LineString","coordinates":[[-6.199090000967773,53.388300000604765],[-6.197680000042105,53.389450001683144]]},"properties":{"FID":2360,"BIKE":"BIKE_LANE","Shape_Leng":158.69258939,"DIR":"Forward"}},{"type":"Feature","id":2363,"geometry":{"type":"LineString","coordinates":[[-6.287920000466909,53.34352000157601],[-6.286669912346427,53.34360354854912]]},"properties":{"FID":2363,"BIKE":"BIKE_LANE","Shape_Leng":83.9033886369,"DIR":"Forward"}},{"type":"Feature","id":2364,"geometry":{"type":"LineString","coordinates":[[-6.192219999683851,53.39280000067652],[-6.192889999944252,53.392500000970365]]},"properties":{"FID":2364,"BIKE":"BIKE_LANE","Shape_Leng":55.6909477592,"DIR":"Forward"}},{"type":"Feature","id":2367,"geometry":{"type":"LineString","coordinates":[[-6.292030000013007,53.34620000107081],[-6.2918099999449355,53.346240000533605]]},"properties":{"FID":2367,"BIKE":"BIKE_LANE","Shape_Leng":15.312791552,"DIR":"Forward"}},{"type":"Feature","id":2368,"geometry":{"type":"LineString","coordinates":[[-6.264940000128309,53.38593000045303],[-6.265060000373333,53.387270001008154]]},"properties":{"FID":2368,"BIKE":"BIKE_LANE","Shape_Leng":149.491777833,"DIR":"Forward"}},{"type":"Feature","id":2369,"geometry":{"type":"LineString","coordinates":[[-6.203860000065988,53.38359000046904],[-6.20320000009521,53.38418000154061],[-6.202179999700581,53.38578000150453]]},"properties":{"FID":2369,"BIKE":"BIKE_LANE","Shape_Leng":270.037368012,"DIR":"Forward"}},{"type":"Feature","id":2370,"geometry":{"type":"LineString","coordinates":[[-6.291009270060206,53.34679950365905],[-6.2914633107306415,53.34621503257506],[-6.291779999767153,53.34617000064209]]},"properties":{"FID":2370,"BIKE":"BIKE_LANE","Shape_Leng":93.8444643802,"DIR":"Forward"}},{"type":"Feature","id":2371,"geometry":{"type":"LineString","coordinates":[[-6.187570000406326,53.39644000109145],[-6.187160000405525,53.3969800002267]]},"properties":{"FID":2371,"BIKE":"BIKE_LANE","Shape_Leng":66.0001206298,"DIR":"Forward"}},{"type":"Feature","id":2372,"geometry":{"type":"LineString","coordinates":[[-6.186510900740329,53.397107330500425],[-6.186604121461674,53.39708961540845]]},"properties":{"FID":2372,"BIKE":"BIKE_FRIENDLY_PEDESTRIAN_PATH","Shape_Leng":6.50687970253,"DIR":"Forward"}},{"type":"Feature","id":2375,"geometry":{"type":"LineString","coordinates":[[-6.257136068786284,53.33620264750828],[-6.258111900054992,53.33647329264013]]},"properties":{"FID":2375,"BIKE":"BIKE_LANE","Shape_Leng":72.0267296866,"DIR":"Forward"}},{"type":"Feature","id":2383,"geometry":{"type":"LineString","coordinates":[[-6.246084664659297,53.39282959166166],[-6.245809884358529,53.3939324193537]]},"properties":{"FID":2383,"BIKE":"BIKE_LANE","Shape_Leng":124.157413935,"DIR":"Forward"}},{"type":"Feature","id":2386,"geometry":{"type":"LineString","coordinates":[[-6.241985509300324,53.318583597420854],[-6.239172727761079,53.31848296980702],[-6.2368374456681135,53.31858097783354],[-6.234144481425141,53.319112717284305],[-6.232903337539209,53.31956025731193],[-6.232866556757205,53.31967058618525]]},"properties":{"FID":2386,"BIKE":"BIKE_LANE","Shape_Leng":642.551283469,"DIR":"Forward"}},{"type":"Feature","id":2387,"geometry":{"type":"LineString","coordinates":[[-6.332163983260565,53.31722976784644],[-6.331979390389939,53.31750438095463],[-6.3313893903173,53.31784438174533],[-6.319339384670638,53.32320438240452],[-6.317322937694001,53.324960118107946]]},"properties":{"FID":2387,"BIKE":"BIKE_LANE","Shape_Leng":1325.74848443,"DIR":"Forward"}},{"type":"Feature","id":2388,"geometry":{"type":"LineString","coordinates":[[-6.369524700353118,53.34350683645484],[-6.372822333562182,53.34379236117636],[-6.37688858422037,53.34441232407532]]},"properties":{"FID":2388,"BIKE":"BIKE_LANE","Shape_Leng":501.835397562,"DIR":"Forward"}},{"type":"Feature","id":2389,"geometry":{"type":"MultiLineString","coordinates":[[[-6.246814700263549,53.35474070068817],[-6.250241416366094,53.35729259352108],[-6.250881415627716,53.357562593377786]],[[-6.250931414422172,53.357572593923635],[-6.261321408014101,53.359722588059476]]]},"properties":{"FID":2389,"BIKE":"BIKE_LANE","Shape_Leng":1149.11249904,"DIR":"Forward"}},{"type":"Feature","id":2390,"geometry":{"type":"LineString","coordinates":[[-6.291441283640338,53.333511834644945],[-6.290120000224126,53.33443000112063],[-6.289629999477495,53.33541000129481],[-6.289145246607854,53.33593109255244],[-6.287712024979817,53.33675162925502],[-6.285299999701861,53.337660000569095],[-6.284119998905954,53.33794000112856],[-6.281210000739178,53.3383100008157],[-6.278946170912674,53.33885938363004],[-6.27552917658077,53.33901120599509],[-6.275061488293711,53.339186984142955],[-6.27493149454863,53.33935655081695],[-6.274626922702356,53.33940945634351]]},"properties":{"FID":2390,"BIKE":"BIKE_LANE","Shape_Leng":1393.21226097,"DIR":"Forward"}},{"type":"Feature","id":2394,"geometry":{"type":"LineString","coordinates":[[-6.248996237050279,53.376808817595624],[-6.250069596814186,53.375935479646046]]},"properties":{"FID":2394,"BIKE":"BIKE_FRIENDLY_PEDESTRIAN_PATH","Shape_Leng":120.728623571,"DIR":"Forward"}},{"type":"Feature","id":2399,"geometry":{"type":"LineString","coordinates":[[-6.241004129131036,53.350461196828185],[-6.246608817167168,53.354621897642396]]},"properties":{"FID":2399,"BIKE":"BIKE_LANE","Shape_Leng":595.014082888,"DIR":"Forward"}},{"type":"Feature","id":2400,"geometry":{"type":"LineString","coordinates":[[-6.265983373397307,53.37258167237528],[-6.265927507521837,53.3730019382433],[-6.265730903701865,53.372991181794696]]},"properties":{"FID":2400,"BIKE":"BIKE_FRIENDLY_PEDESTRIAN_PATH","Shape_Leng":60.0639685307,"DIR":"Forward"}},{"type":"Feature","id":2401,"geometry":{"type":"LineString","coordinates":[[-6.265874592958162,53.32186074331933],[-6.2660430539555625,53.32170787459759],[-6.267490991273891,53.32129934078818],[-6.273991925274411,53.31209143972508],[-6.274447218397979,53.311907510610204]]},"properties":{"FID":2401,"BIKE":"BIKE_LANE","Shape_Leng":1277.84593811,"DIR":"Forward"}},{"type":"Feature","id":2402,"geometry":{"type":"LineString","coordinates":[[-6.297019999581235,53.34814600092853],[-6.30521542659378,53.348293287463584],[-6.308119689149303,53.348194261354]]},"properties":{"FID":2402,"BIKE":"BIKE_LANE","Shape_Leng":739.971881548,"DIR":"Forward"}},{"type":"Feature","id":2403,"geometry":{"type":"LineString","coordinates":[[-6.259530565800821,53.36182197644837],[-6.2581002993435915,53.36336343178306]]},"properties":{"FID":2403,"BIKE":"BIKE_LANE","Shape_Leng":196.217689887,"DIR":"Forward"}},{"type":"Feature","id":2404,"geometry":{"type":"LineString","coordinates":[[-6.255620521965321,53.36682691337102],[-6.255508024803421,53.36777340651764]]},"properties":{"FID":2404,"BIKE":"BIKE_LANE","Shape_Leng":106.357675394,"DIR":"Forward"}},{"type":"Feature","id":2407,"geometry":{"type":"LineString","coordinates":[[-6.283372444908183,53.30994961389236],[-6.27758362496785,53.31144297945691]]},"properties":{"FID":2407,"BIKE":"BIKE_LANE","Shape_Leng":420.315482242,"DIR":"Forward"}},{"type":"Feature","id":2409,"geometry":{"type":"LineString","coordinates":[[-6.2299559271781755,53.364443889101395],[-6.229427454211312,53.36479832469849],[-6.229187895001556,53.36547360132134],[-6.228857895822192,53.366053601118544],[-6.227947896576868,53.36730360152236],[-6.227487896773748,53.36773360201994]]},"properties":{"FID":2409,"BIKE":"BIKE_LANE","Shape_Leng":407.525433394,"DIR":"Forward"}},{"type":"Feature","id":2410,"geometry":{"type":"LineString","coordinates":[[-6.212733728151431,53.31885291470094],[-6.216453726084256,53.32098291420425],[-6.2193637256385195,53.3231429129718],[-6.223483723600963,53.325602911200264],[-6.225223724311627,53.32721291052387],[-6.226278761814926,53.32763575470283],[-6.2301603660086835,53.32867208319045]]},"properties":{"FID":2410,"BIKE":"BIKE_LANE","Shape_Leng":1622.08885523,"DIR":"Forward"}},{"type":"Feature","id":2411,"geometry":{"type":"LineString","coordinates":[[-6.291779999767153,53.34617000064209],[-6.291930000552686,53.3461500006638]]},"properties":{"FID":2411,"BIKE":"BIKE_LANE","Shape_Leng":10.2346566997,"DIR":"Forward"}},{"type":"Feature","id":2412,"geometry":{"type":"LineString","coordinates":[[-6.245678870018584,53.32822223495106],[-6.245508076268087,53.328323462528736],[-6.245189998521107,53.3289634028236],[-6.2434167530812115,53.33314086851291]]},"properties":{"FID":2412,"BIKE":"BIKE_LANE","Shape_Leng":570.373649636,"DIR":"Forward"}},{"type":"Feature","id":2413,"geometry":{"type":"LineString","coordinates":[[-6.252119999362258,53.341650000836076],[-6.251009999712527,53.341280000878854]]},"properties":{"FID":2413,"BIKE":"BIKE_LANE","Shape_Leng":84.6349548415,"DIR":"Forward"}},{"type":"Feature","id":2415,"geometry":{"type":"LineString","coordinates":[[-6.2836076836967125,53.30990236490626],[-6.282685499120083,53.311968876216774],[-6.282279663144063,53.313446643343966],[-6.2825716289863855,53.314202293205206],[-6.282489974624749,53.314568005591255],[-6.281946777553651,53.31537739991775],[-6.2799867780008976,53.31748243914665],[-6.2790355299862695,53.31890887996835],[-6.278813886435736,53.31997336240287],[-6.278925309253314,53.32052541913552],[-6.2793299024046325,53.321323253843026],[-6.279485538016698,53.322248880097106]]},"properties":{"FID":2415,"BIKE":"BIKE_LANE","Shape_Leng":1447.07442733,"DIR":"Forward"}},{"type":"Feature","id":2419,"geometry":{"type":"LineString","coordinates":[[-6.271120379880974,53.35044392594378],[-6.2703847763638025,53.350766008515365],[-6.269828026649392,53.35120214880559]]},"properties":{"FID":2419,"BIKE":"BIKE_LANE","Shape_Leng":122.0026491,"DIR":"Forward"}},{"type":"Feature","id":2420,"geometry":{"type":"LineString","coordinates":[[-6.210258876557218,53.380026292375675],[-6.2090824068730655,53.38085704482302]]},"properties":{"FID":2420,"BIKE":"BIKE_LANE","Shape_Leng":121.252622168,"DIR":"Forward"}},{"type":"Feature","id":2422,"geometry":{"type":"LineString","coordinates":[[-6.251009999712527,53.341280000878854],[-6.250699999375461,53.34116000145973]]},"properties":{"FID":2422,"BIKE":"BIKE_LANE","Shape_Leng":24.5903546689,"DIR":"Forward"}},{"type":"Feature","id":2423,"geometry":{"type":"LineString","coordinates":[[-6.2693871588751575,53.33829038207943],[-6.26933797970133,53.3384745262707]]},"properties":{"FID":2423,"BIKE":"BIKE_LANE","Shape_Leng":20.7552225036,"DIR":"Forward"}},{"type":"Feature","id":2427,"geometry":{"type":"LineString","coordinates":[[-6.347666083560865,53.342448167355],[-6.345836561351207,53.34254485667882],[-6.345056561607254,53.342494857417655]]},"properties":{"FID":2427,"BIKE":"BIKE_LANE","Shape_Leng":174.700636467,"DIR":"Forward"}},{"type":"Feature","id":2428,"geometry":{"type":"LineString","coordinates":[[-6.2443388512712446,53.387606583012435],[-6.245678852057049,53.38847658254567],[-6.246278852118634,53.389776583146585]]},"properties":{"FID":2428,"BIKE":"BIKE_LANE","Shape_Leng":282.559350161,"DIR":"Forward"}},{"type":"Feature","id":2429,"geometry":{"type":"LineString","coordinates":[[-6.26439000051024,53.40105000140599],[-6.263840329533636,53.40110577337446]]},"properties":{"FID":2429,"BIKE":"BIKE_LANE","Shape_Leng":37.2367451914,"DIR":"Forward"}},{"type":"Feature","id":2435,"geometry":{"type":"LineString","coordinates":[[-6.27607305707122,53.32893351398975],[-6.275696651645814,53.32946555496279]]},"properties":{"FID":2435,"BIKE":"BIKE_LANE","Shape_Leng":64.3787543744,"DIR":"Forward"}},{"type":"Feature","id":2436,"geometry":{"type":"LineString","coordinates":[[-6.272330929962704,53.34304688188732],[-6.274501444001832,53.34345162841313]]},"properties":{"FID":2436,"BIKE":"BIKE_LANE","Shape_Leng":151.458182429,"DIR":"Forward"}},{"type":"Feature","id":2437,"geometry":{"type":"LineString","coordinates":[[-6.251753878908586,53.34836045473344],[-6.251778641346951,53.34823842539868]]},"properties":{"FID":2437,"BIKE":"BIKE_FRIENDLY_PEDESTRIAN_PATH","Shape_Leng":13.6805530454,"DIR":"Forward"}},{"type":"Feature","id":2441,"geometry":{"type":"LineString","coordinates":[[-6.283388441997523,53.30579039644145],[-6.283753067502492,53.306764697624814],[-6.28408306929562,53.308174696163945],[-6.283963071208849,53.30899469627788],[-6.2837017834024085,53.3096493270805]]},"properties":{"FID":2441,"BIKE":"BIKE_LANE","Shape_Leng":436.348405793,"DIR":"Forward"}},{"type":"Feature","id":2442,"geometry":{"type":"LineString","coordinates":[[-6.296158983104349,53.36078136859131],[-6.296770000385724,53.36099000081489]]},"properties":{"FID":2442,"BIKE":"BIKE_LANE","Shape_Leng":46.8383786273,"DIR":"Forward"}},{"type":"Feature","id":2443,"geometry":{"type":"LineString","coordinates":[[-6.255671030819856,53.338394201427086],[-6.255689999475846,53.33854000111288],[-6.255920000215424,53.33869000065054]]},"properties":{"FID":2443,"BIKE":"BIKE_LANE","Shape_Leng":39.2251756922,"DIR":"Forward"}},{"type":"Feature","id":2444,"geometry":{"type":"LineString","coordinates":[[-6.293607727322392,53.33208190857304],[-6.296640664660515,53.33298690362898],[-6.29974066469254,53.3340569023347],[-6.304170664111052,53.33576690017461],[-6.306190662758862,53.33643689959203],[-6.306629368539051,53.33675560481044]]},"properties":{"FID":2444,"BIKE":"BIKE_LANE","Shape_Leng":1016.03392588,"DIR":"Forward"}},{"type":"Feature","id":2455,"geometry":{"type":"LineString","coordinates":[[-6.288825988140182,53.35715635513304],[-6.290500316882535,53.35823615426025],[-6.294775723789954,53.360237803378055]]},"properties":{"FID":2455,"BIKE":"BIKE_LANE","Shape_Leng":526.461018131,"DIR":"Forward"}},{"type":"Feature","id":2457,"geometry":{"type":"LineString","coordinates":[[-6.254864634475933,53.325244744518315],[-6.256404635024068,53.32649474320116],[-6.258345275546169,53.32712924631008],[-6.258914636984127,53.32881474251219],[-6.260078980971988,53.330282580230865]]},"properties":{"FID":2457,"BIKE":"BIKE_LANE","Shape_Leng":694.563272768,"DIR":"Forward"}},{"type":"Feature","id":2464,"geometry":{"type":"LineString","coordinates":[[-6.228056048166323,53.36872147590752],[-6.23709595768374,53.37205836709135],[-6.237316863393419,53.3720644658497]]},"properties":{"FID":2464,"BIKE":"BIKE_FRIENDLY_PEDESTRIAN_PATH","Shape_Leng":726.526712735,"DIR":"Forward"}},{"type":"Feature","id":2465,"geometry":{"type":"LineString","coordinates":[[-6.239007397503504,53.34255392599349],[-6.238802286063782,53.34253620532958]]},"properties":{"FID":2465,"BIKE":"BIKE_FRIENDLY_PEDESTRIAN_PATH","Shape_Leng":13.8028423378,"DIR":"Bi-Directional"}},{"type":"Feature","id":2466,"geometry":{"type":"LineString","coordinates":[[-6.260296755857289,53.33051510310753],[-6.2633664554662625,53.33259998890191]]},"properties":{"FID":2466,"BIKE":"BIKE_LANE","Shape_Leng":310.095140829,"DIR":"Forward"}},{"type":"Feature","id":2469,"geometry":{"type":"LineString","coordinates":[[-6.329030347543293,53.34215892090372],[-6.330365789342679,53.34231001072705],[-6.333814480813935,53.34309991824726],[-6.335274479921172,53.3432699186524],[-6.336294478460252,53.343199919708006],[-6.337254477088345,53.34300991996435],[-6.339684476722081,53.342039921177374],[-6.3408244752628224,53.34182992049555],[-6.3424344734330855,53.34185992219921],[-6.3440444717002356,53.34226992233825],[-6.345061640969417,53.3424176462983]]},"properties":{"FID":2469,"BIKE":"BIKE_LANE","Shape_Leng":1141.21176979,"DIR":"Forward"}},{"type":"Feature","id":2470,"geometry":{"type":"LineString","coordinates":[[-6.270707117955215,53.36727989256075],[-6.268792711109663,53.37012610489219]]},"properties":{"FID":2470,"BIKE":"BIKE_LANE","Shape_Leng":341.575321659,"DIR":"Forward"}},{"type":"Feature","id":2471,"geometry":{"type":"LineString","coordinates":[[-6.182589999969837,53.40079000053518],[-6.183649999952018,53.400160000896136]]},"properties":{"FID":2471,"BIKE":"BIKE_LANE","Shape_Leng":99.4350532947,"DIR":"Forward"}},{"type":"Feature","id":2472,"geometry":{"type":"LineString","coordinates":[[-6.216232511795354,53.384296813699095],[-6.215467477198351,53.3842073968608],[-6.214615350371263,53.383961154408446],[-6.213425350662972,53.38337115365506],[-6.212767172845988,53.38269804504209],[-6.2115559444544735,53.38092666020559],[-6.211014794700488,53.38045998342688],[-6.210258876557218,53.380026292375675]]},"properties":{"FID":2472,"BIKE":"BIKE_LANE","Shape_Leng":653.192171536,"DIR":"Forward"}},{"type":"Feature","id":2473,"geometry":{"type":"LineString","coordinates":[[-6.208544321585343,53.36991889207169],[-6.211208287490097,53.36848791427546],[-6.213305441666338,53.36774164880647],[-6.214855441521182,53.367331649174],[-6.217585440763243,53.36715164929525],[-6.218705439592065,53.3668316490137]]},"properties":{"FID":2473,"BIKE":"BIKE_LANE","Shape_Leng":780.828201151,"DIR":"Forward"}},{"type":"Feature","id":2474,"geometry":{"type":"LineString","coordinates":[[-6.24350928411514,53.31957783143223],[-6.2466135829524925,53.32150792678606],[-6.2494292434191845,53.32306630132267],[-6.2540298278139925,53.32485615470209]]},"properties":{"FID":2474,"BIKE":"BIKE_LANE","Shape_Leng":920.256108109,"DIR":"Forward"}},{"type":"Feature","id":2475,"geometry":{"type":"LineString","coordinates":[[-6.2525802249074545,53.33198156330036],[-6.2453835301451095,53.334041240573775]]},"properties":{"FID":2475,"BIKE":"BIKE_LANE","Shape_Leng":531.951933496,"DIR":"Forward"}},{"type":"Feature","id":2476,"geometry":{"type":"LineString","coordinates":[[-6.150715367968092,53.38206038050901],[-6.157545367721284,53.380840382478986],[-6.1616653669642725,53.38028038424076],[-6.166793465791596,53.37981557368162],[-6.169475475303575,53.379864327544354],[-6.173257353190564,53.38033573860451],[-6.176695363616337,53.380240389679514],[-6.178000319077971,53.379911310021924]]},"properties":{"FID":2476,"BIKE":"BIKE_LANE","Shape_Leng":1861.04415209,"DIR":"Forward"}},{"type":"Feature","id":2477,"geometry":{"type":"MultiLineString","coordinates":[[[-6.244105181051608,53.39883041782085],[-6.24402961008333,53.39915838531304],[-6.244088999243585,53.39988488321262]],[[-6.245258130732117,53.39722578500538],[-6.244830057829093,53.39799034862294],[-6.244396174687987,53.398454444165786]]]},"properties":{"FID":2477,"BIKE":"BIKE_LANE","Shape_Leng":267.5383831,"DIR":"Forward"}},{"type":"Feature","id":2480,"geometry":{"type":"LineString","coordinates":[[-6.299127186712513,53.32975015814032],[-6.314368538540411,53.3264459281565],[-6.315440756421507,53.32611201416327],[-6.316467714826878,53.325638143111206]]},"properties":{"FID":2480,"BIKE":"BIKE_LANE","Shape_Leng":1247.80422903,"DIR":"Forward"}},{"type":"Feature","id":2482,"geometry":{"type":"LineString","coordinates":[[-6.265069999946183,53.38476000068533],[-6.264940000128309,53.38593000045303]]},"properties":{"FID":2482,"BIKE":"BIKE_LANE","Shape_Leng":130.521184243,"DIR":"Forward"}},{"type":"Feature","id":2483,"geometry":{"type":"LineString","coordinates":[[-6.192609999499345,53.392780000922215],[-6.19136999935861,53.39334000062469]]},"properties":{"FID":2483,"BIKE":"BIKE_LANE","Shape_Leng":103.388745007,"DIR":"Forward"}},{"type":"Feature","id":2492,"geometry":{"type":"LineString","coordinates":[[-6.271873584328104,53.34301187915154],[-6.270630381542224,53.34315775147357],[-6.270296342093572,53.343308923644415],[-6.270015018095594,53.343671505415266],[-6.267876921112347,53.344088724528696],[-6.266550375939191,53.34421775021099],[-6.26444037664562,53.344227750417524]]},"properties":{"FID":2492,"BIKE":"BIKE_LANE","Shape_Leng":537.918540677,"DIR":"Forward"}},{"type":"Feature","id":2493,"geometry":{"type":"LineString","coordinates":[[-6.25274315093436,53.331870216507916],[-6.259922136467299,53.3303341520481]]},"properties":{"FID":2493,"BIKE":"BIKE_LANE","Shape_Leng":508.289867886,"DIR":"Forward"}},{"type":"Feature","id":2498,"geometry":{"type":"LineString","coordinates":[[-6.223960000420289,53.37065000142423],[-6.224389999384404,53.370180001253225]]},"properties":{"FID":2498,"BIKE":"BIKE_LANE","Shape_Leng":59.6257058041,"DIR":"Forward"}},{"type":"Feature","id":2502,"geometry":{"type":"LineString","coordinates":[[-6.2785643539056055,53.32596078473223],[-6.27828090869672,53.326321285205815]]},"properties":{"FID":2502,"BIKE":"BIKE_LANE","Shape_Leng":44.3687897234,"DIR":"Forward"}},{"type":"Feature","id":2504,"geometry":{"type":"LineString","coordinates":[[-6.265920000855438,53.38068000091238],[-6.265849999754123,53.38176000100639]]},"properties":{"FID":2504,"BIKE":"BIKE_LANE","Shape_Leng":120.295173305,"DIR":"Forward"}},{"type":"Feature","id":2505,"geometry":{"type":"LineString","coordinates":[[-6.265259999559123,53.38480000067512],[-6.265129999505284,53.38594000028315]]},"properties":{"FID":2505,"BIKE":"BIKE_LANE","Shape_Leng":127.2075778,"DIR":"Forward"}},{"type":"Feature","id":2507,"geometry":{"type":"LineString","coordinates":[[-6.199052692539543,53.31028759648267],[-6.200391206098445,53.31105700428926],[-6.201209306699902,53.31194286416526]]},"properties":{"FID":2507,"BIKE":"BIKE_LANE","Shape_Leng":236.917215087,"DIR":"Forward"}},{"type":"Feature","id":2508,"geometry":{"type":"LineString","coordinates":[[-6.272330929962704,53.34304688188732],[-6.271873584328104,53.34301187915154]]},"properties":{"FID":2508,"BIKE":"BIKE_LANE","Shape_Leng":31.5474469247,"DIR":"Forward"}},{"type":"Feature","id":2513,"geometry":{"type":"LineString","coordinates":[[-6.238802286063782,53.34253620532958],[-6.238549413891838,53.34356234852428]]},"properties":{"FID":2513,"BIKE":"BIKE_FRIENDLY_PEDESTRIAN_PATH","Shape_Leng":115.441683329,"DIR":"Bi-Directional"}},{"type":"Feature","id":2516,"geometry":{"type":"LineString","coordinates":[[-6.2800076212419365,53.35940066350595],[-6.27532375865758,53.360708765266196]]},"properties":{"FID":2516,"BIKE":"BIKE_LANE","Shape_Leng":344.278746306,"DIR":"Forward"}},{"type":"Feature","id":2519,"geometry":{"type":"LineString","coordinates":[[-6.207972002879855,53.3815852407801],[-6.208975552842529,53.38081403932071]]},"properties":{"FID":2519,"BIKE":"BIKE_LANE","Shape_Leng":108.74958592,"DIR":"Forward"}},{"type":"Feature","id":2522,"geometry":{"type":"LineString","coordinates":[[-6.25641186901254,53.33743367135426],[-6.256068557712856,53.337845116524655]]},"properties":{"FID":2522,"BIKE":"BIKE_LANE","Shape_Leng":51.1830262944,"DIR":"Forward"}},{"type":"Feature","id":2528,"geometry":{"type":"LineString","coordinates":[[-6.223583533550683,53.366111653999916],[-6.222331968566369,53.36658813250236],[-6.22134361579181,53.36678965722856],[-6.219266449669278,53.366830875559906]]},"properties":{"FID":2528,"BIKE":"BIKE_LANE","Shape_Leng":306.830744703,"DIR":"Forward"}},{"type":"Feature","id":2530,"geometry":{"type":"LineString","coordinates":[[-6.334010000359335,53.36928000068825],[-6.333646196847169,53.37075983606654]]},"properties":{"FID":2530,"BIKE":"BIKE_LANE","Shape_Leng":166.590503771,"DIR":"Forward"}},{"type":"Feature","id":2531,"geometry":{"type":"LineString","coordinates":[[-6.269433084797564,53.33809077605984],[-6.270949999683943,53.338340000199246]]},"properties":{"FID":2531,"BIKE":"BIKE_LANE","Shape_Leng":106.455013524,"DIR":"Forward"}},{"type":"Feature","id":2535,"geometry":{"type":"LineString","coordinates":[[-6.32565999901328,53.342130000553006],[-6.327987287554992,53.34222260236723]]},"properties":{"FID":2535,"BIKE":"BIKE_LANE","Shape_Leng":155.356784164,"DIR":"Forward"}},{"type":"Feature","id":2538,"geometry":{"type":"MultiLineString","coordinates":[[[-6.274866808604599,53.3432448621118],[-6.276130172438124,53.34304715728921]],[[-6.274501444001832,53.34345162841313],[-6.276106748065966,53.343162101954874]]]},"properties":{"FID":2538,"BIKE":"BIKE_LANE","Shape_Leng":199.33103212,"DIR":"Forward"}},{"type":"Feature","id":2542,"geometry":{"type":"LineString","coordinates":[[-6.271120379880974,53.35044392594378],[-6.272503086482693,53.350159985987084],[-6.273614713170897,53.35008038284819]]},"properties":{"FID":2542,"BIKE":"BIKE_LANE","Shape_Leng":172.213261719,"DIR":"Forward"}},{"type":"Feature","id":2545,"geometry":{"type":"LineString","coordinates":[[-6.2533429842575785,53.30816324412474],[-6.251355172919901,53.30840606290059],[-6.250797972014442,53.308571119139096],[-6.248730050311771,53.30972780784309],[-6.248227139055458,53.31029501569103],[-6.248055612001895,53.31078960271609]]},"properties":{"FID":2545,"BIKE":"BIKE_LANE","Shape_Leng":493.293991902,"DIR":"Forward"}},{"type":"Feature","id":2550,"geometry":{"type":"LineString","coordinates":[[-6.227615328024586,53.34172945799601],[-6.226611048133272,53.341788294431986],[-6.2259026029494935,53.34121639829895]]},"properties":{"FID":2550,"BIKE":"BIKE_LANE","Shape_Leng":149.764966614,"DIR":"Forward"}},{"type":"Feature","id":2552,"geometry":{"type":"LineString","coordinates":[[-6.297229999213465,53.34577000066635],[-6.296149999077283,53.34586000149687]]},"properties":{"FID":2552,"BIKE":"BIKE_LANE","Shape_Leng":72.6200131161,"DIR":"Forward"}},{"type":"Feature","id":2554,"geometry":{"type":"LineString","coordinates":[[-6.2732568683792485,53.36789122915946],[-6.274637652925985,53.36846082226242]]},"properties":{"FID":2554,"BIKE":"BIKE_LANE","Shape_Leng":112.381565172,"DIR":"Forward"}},{"type":"Feature","id":2558,"geometry":{"type":"LineString","coordinates":[[-6.268015430670733,53.35671973290175],[-6.2681854311092655,53.35709973243706],[-6.269835432954851,53.35893973173837],[-6.26969820075061,53.36040873510086],[-6.26984309282786,53.36054258510542]]},"properties":{"FID":2558,"BIKE":"BIKE_LANE","Shape_Leng":458.480760541,"DIR":"Forward"}},{"type":"Feature","id":2559,"geometry":{"type":"LineString","coordinates":[[-6.274185754418774,53.343230539847184],[-6.274485640371541,53.34325044033858]]},"properties":{"FID":2559,"BIKE":"BIKE_LANE","Shape_Leng":20.0955349491,"DIR":"Forward"}},{"type":"Feature","id":2561,"geometry":{"type":"LineString","coordinates":[[-6.227975638863545,53.36866682954178],[-6.226549999943983,53.368480001390246]]},"properties":{"FID":2561,"BIKE":"BIKE_LANE","Shape_Leng":97.7316869126,"DIR":"Forward"}},{"type":"Feature","id":2563,"geometry":{"type":"LineString","coordinates":[[-6.2046860410441,53.383198274103684],[-6.204520000637514,53.383260001178954]]},"properties":{"FID":2563,"BIKE":"BIKE_LANE","Shape_Leng":13.0699745989,"DIR":"Forward"}},{"type":"Feature","id":2565,"geometry":{"type":"LineString","coordinates":[[-6.226951900571818,53.368771369825645],[-6.228056048166323,53.36872147590752]]},"properties":{"FID":2565,"BIKE":"BIKE_LANE","Shape_Leng":74.539418313,"DIR":"Forward"}},{"type":"Feature","id":2569,"geometry":{"type":"LineString","coordinates":[[-6.285429911144982,53.34358354806661],[-6.281935529438789,53.34335784487156],[-6.27919966875414,53.34283916997495]]},"properties":{"FID":2569,"BIKE":"BIKE_LANE","Shape_Leng":425.862929296,"DIR":"Forward"}},{"type":"Feature","id":2571,"geometry":{"type":"LineString","coordinates":[[-6.31653572823108,53.3418677839145],[-6.316219999863918,53.341900001450476]]},"properties":{"FID":2571,"BIKE":"BIKE_LANE","Shape_Leng":21.3322438251,"DIR":"Forward"}},{"type":"Feature","id":2572,"geometry":{"type":"LineString","coordinates":[[-6.237411444897432,53.372002802211114],[-6.229623034139282,53.36917223938727],[-6.227975638863545,53.36866682954178]]},"properties":{"FID":2572,"BIKE":"BIKE_LANE","Shape_Leng":730.573089602,"DIR":"Forward"}},{"type":"Feature","id":2573,"geometry":{"type":"LineString","coordinates":[[-6.252631012011188,53.34954882341261],[-6.251808861329924,53.349420109693405]]},"properties":{"FID":2573,"BIKE":"BIKE_LANE","Shape_Leng":57.3305153493,"DIR":"Forward"}},{"type":"Feature","id":2575,"geometry":{"type":"LineString","coordinates":[[-6.264346648027993,53.32991936687498],[-6.272426641554967,53.329479365425414],[-6.275486356592262,53.329464654166195]]},"properties":{"FID":2575,"BIKE":"BIKE_LANE","Shape_Leng":744.824001168,"DIR":"Forward"}},{"type":"Feature","id":2580,"geometry":{"type":"LineString","coordinates":[[-6.226549999943983,53.368480001390246],[-6.226373802340546,53.36860632022089]]},"properties":{"FID":2580,"BIKE":"BIKE_LANE","Shape_Leng":18.3081848458,"DIR":"Forward"}},{"type":"Feature","id":2581,"geometry":{"type":"LineString","coordinates":[[-6.3253200008087145,53.34205000053642],[-6.327989999493767,53.34209000043169]]},"properties":{"FID":2581,"BIKE":"BIKE_LANE","Shape_Leng":178.11701323,"DIR":"Forward"}},{"type":"Feature","id":2582,"geometry":{"type":"LineString","coordinates":[[-6.249168073215164,53.376890658430085],[-6.248535536417011,53.37745382694974],[-6.247037906422047,53.37913626057534]]},"properties":{"FID":2582,"BIKE":"BIKE_FRIENDLY_PEDESTRIAN_PATH","Shape_Leng":287.830970286,"DIR":"Forward"}},{"type":"Feature","id":2583,"geometry":{"type":"LineString","coordinates":[[-6.2918099999449355,53.346240000533605],[-6.291500000013796,53.346370000899896],[-6.2912800000332325,53.34674000094323]]},"properties":{"FID":2583,"BIKE":"BIKE_LANE","Shape_Leng":69.3033553297,"DIR":"Forward"}},{"type":"Feature","id":2584,"geometry":{"type":"LineString","coordinates":[[-6.2984100001437175,53.33000000129093],[-6.299127186712513,53.32975015814032]]},"properties":{"FID":2584,"BIKE":"BIKE_LANE","Shape_Leng":55.9551857118,"DIR":"Forward"}},{"type":"Feature","id":2585,"geometry":{"type":"LineString","coordinates":[[-6.223340000421804,53.3712700012782],[-6.223960000420289,53.37065000142423]]},"properties":{"FID":2585,"BIKE":"BIKE_LANE","Shape_Leng":80.4262643957,"DIR":"Forward"}},{"type":"Feature","id":2587,"geometry":{"type":"LineString","coordinates":[[-6.321786857581346,53.32483929899246],[-6.321132078075091,53.324889931256806]]},"properties":{"FID":2587,"BIKE":"BIKE_LANE","Shape_Leng":43.9906257398,"DIR":"Forward"}},{"type":"Feature","id":2589,"geometry":{"type":"LineString","coordinates":[[-6.256935779087872,53.33678754954866],[-6.256872576416132,53.33685991440043]]},"properties":{"FID":2589,"BIKE":"BIKE_LANE","Shape_Leng":9.08760895485,"DIR":"Forward"}},{"type":"Feature","id":2591,"geometry":{"type":"LineString","coordinates":[[-6.342033047797124,53.36697903528597],[-6.341525983328057,53.36676550790684],[-6.341258632221088,53.366761792176035],[-6.341117610406508,53.366595984725826]]},"properties":{"FID":2591,"BIKE":"BIKE_LANE","Shape_Leng":81.7279826195,"DIR":"Forward"}},{"type":"Feature","id":2593,"geometry":{"type":"LineString","coordinates":[[-6.298709999944481,53.36175000110806],[-6.30001000013525,53.362150000188294]]},"properties":{"FID":2593,"BIKE":"BIKE_LANE","Shape_Leng":97.3304495682,"DIR":"Forward"}},{"type":"Feature","id":2594,"geometry":{"type":"LineString","coordinates":[[-6.332129532717202,53.37182155522489],[-6.332323715537022,53.371937487732126],[-6.332358318688089,53.37214958070935],[-6.33275062050428,53.372331403294694],[-6.3364500072002565,53.373500939737156],[-6.336950167969096,53.37358098613142],[-6.337691701896706,53.37392888434858],[-6.340747663184877,53.37490461399737],[-6.345391493722788,53.37604937172753],[-6.349912977859158,53.37779222467711],[-6.351373668308189,53.37820175282274]]},"properties":{"FID":2594,"BIKE":"BIKE_FRIENDLY_PEDESTRIAN_PATH","Shape_Leng":1486.18668401,"DIR":"Forward"}},{"type":"Feature","id":2596,"geometry":{"type":"LineString","coordinates":[[-6.265060000373333,53.387270001008154],[-6.265159999749125,53.388050000308695],[-6.265020000453946,53.38851000154431]]},"properties":{"FID":2596,"BIKE":"BIKE_LANE","Shape_Leng":139.291371414,"DIR":"Forward"}},{"type":"Feature","id":2599,"geometry":{"type":"LineString","coordinates":[[-6.281761953953736,53.34144781266206],[-6.282031953747607,53.341037811899426],[-6.282621953156101,53.340727812485504],[-6.284771952158177,53.34028781330765],[-6.285741950868936,53.33990781259831]]},"properties":{"FID":2599,"BIKE":"BIKE_LANE","Shape_Leng":331.230439829,"DIR":"Forward"}},{"type":"Feature","id":2600,"geometry":{"type":"LineString","coordinates":[[-6.230712802270707,53.32885759896696],[-6.231037238600797,53.32900108476406]]},"properties":{"FID":2600,"BIKE":"BIKE_LANE","Shape_Leng":26.8744605993,"DIR":"Forward"}},{"type":"Feature","id":2602,"geometry":{"type":"LineString","coordinates":[[-6.179870230759884,53.403218394251134],[-6.1794677807599845,53.4033085152033],[-6.179161656334325,53.403724268873184]]},"properties":{"FID":2602,"BIKE":"BIKE_FRIENDLY_PEDESTRIAN_PATH","Shape_Leng":82.7292996444,"DIR":"Forward"}},{"type":"Feature","id":2603,"geometry":{"type":"LineString","coordinates":[[-6.2663778462008795,53.33756190035604],[-6.268195480630837,53.337639985203644],[-6.269204244301359,53.33798732059297]]},"properties":{"FID":2603,"BIKE":"BIKE_LANE","Shape_Leng":199.696439744,"DIR":"Forward"}},{"type":"Feature","id":2605,"geometry":{"type":"LineString","coordinates":[[-6.24631096323875,53.39156694594293],[-6.246084664659297,53.39282959166166]]},"properties":{"FID":2605,"BIKE":"BIKE_LANE","Shape_Leng":141.649937687,"DIR":"Forward"}},{"type":"Feature","id":2608,"geometry":{"type":"LineString","coordinates":[[-6.275456795990749,53.32957771347338],[-6.275486356592262,53.329464654166195]]},"properties":{"FID":2608,"BIKE":"BIKE_LANE","Shape_Leng":12.7356197215,"DIR":"Forward"}},{"type":"Feature","id":2620,"geometry":{"type":"LineString","coordinates":[[-6.294775723789954,53.360237803378055],[-6.2955257299961636,53.36055780101882]]},"properties":{"FID":2620,"BIKE":"BIKE_LANE","Shape_Leng":61.3481018239,"DIR":"Forward"}},{"type":"Feature","id":2621,"geometry":{"type":"LineString","coordinates":[[-6.332649999503962,53.32382000071835],[-6.333220000617764,53.3238000013989]]},"properties":{"FID":2621,"BIKE":"BIKE_LANE","Shape_Leng":38.045440383,"DIR":"Forward"}},{"type":"Feature","id":2622,"geometry":{"type":"LineString","coordinates":[[-6.255916655951468,53.338042984290965],[-6.255671030819856,53.338394201427086]]},"properties":{"FID":2622,"BIKE":"BIKE_LANE","Shape_Leng":42.4492402577,"DIR":"Forward"}},{"type":"Feature","id":2630,"geometry":{"type":"LineString","coordinates":[[-6.189260000301345,53.3945800005919],[-6.188639999729745,53.39515000048327],[-6.187570000406326,53.39644000109145]]},"properties":{"FID":2630,"BIKE":"BIKE_LANE","Shape_Leng":235.930417167,"DIR":"Forward"}},{"type":"Feature","id":2631,"geometry":{"type":"LineString","coordinates":[[-6.3281599995615405,53.34209000092298],[-6.329030347543293,53.34215892090372]]},"properties":{"FID":2631,"BIKE":"BIKE_LANE","Shape_Leng":58.5071664483,"DIR":"Forward"}},{"type":"Feature","id":2632,"geometry":{"type":"LineString","coordinates":[[-6.3281599995615405,53.34209000092298],[-6.327989999493767,53.34209000043169]]},"properties":{"FID":2632,"BIKE":"BIKE_LANE","Shape_Leng":11.3226015232,"DIR":"Forward"}},{"type":"Feature","id":2634,"geometry":{"type":"LineString","coordinates":[[-6.32902639008741,53.342260124597445],[-6.3283490139900005,53.342239005083904]]},"properties":{"FID":2634,"BIKE":"BIKE_LANE","Shape_Leng":45.190879112,"DIR":"Forward"}},{"type":"Feature","id":2635,"geometry":{"type":"LineString","coordinates":[[-6.187420000151661,53.396360000289214],[-6.188549999611574,53.3949800009095],[-6.188999999977439,53.394590001359276]]},"properties":{"FID":2635,"BIKE":"BIKE_LANE","Shape_Leng":223.753100297,"DIR":"Forward"}},{"type":"Feature","id":2639,"geometry":{"type":"LineString","coordinates":[[-6.252434817366594,53.331353808003016],[-6.25274315093436,53.331870216507916]]},"properties":{"FID":2639,"BIKE":"BIKE_LANE","Shape_Leng":61.0473941386,"DIR":"Forward"}},{"type":"Feature","id":2641,"geometry":{"type":"LineString","coordinates":[[-6.257778453637669,53.36377947226094],[-6.256346255721382,53.365519365502365],[-6.255620521965321,53.36682691337102]]},"properties":{"FID":2641,"BIKE":"BIKE_FRIENDLY_PEDESTRIAN_PATH","Shape_Leng":370.393550724,"DIR":"Forward"}},{"type":"Feature","id":2648,"geometry":{"type":"LineString","coordinates":[[-6.257245746035499,53.336090687432566],[-6.25851240755994,53.33389817535523]]},"properties":{"FID":2648,"BIKE":"BIKE_LANE","Shape_Leng":258.384050241,"DIR":"Forward"}},{"type":"Feature","id":2649,"geometry":{"type":"LineString","coordinates":[[-6.279118456497483,53.37033289461318],[-6.274087309355319,53.368364309346916]]},"properties":{"FID":2649,"BIKE":"BIKE_LANE","Shape_Leng":400.203858082,"DIR":"Forward"}},{"type":"Feature","id":2652,"geometry":{"type":"LineString","coordinates":[[-6.275696651645814,53.32946555496279],[-6.27560037936212,53.329589862130966]]},"properties":{"FID":2652,"BIKE":"BIKE_LANE","Shape_Leng":15.2487619244,"DIR":"Forward"}},{"type":"Feature","id":2654,"geometry":{"type":"LineString","coordinates":[[-6.232155809090542,53.319116528153046],[-6.232638781464483,53.31949090890277]]},"properties":{"FID":2654,"BIKE":"BIKE_LANE","Shape_Leng":52.7153961697,"DIR":"Forward"}},{"type":"Feature","id":2656,"geometry":{"type":"LineString","coordinates":[[-6.253408672124539,53.33256805522077],[-6.256751076221224,53.3357858080568],[-6.257245746035499,53.336090687432566]]},"properties":{"FID":2656,"BIKE":"BIKE_LANE","Shape_Leng":469.558382331,"DIR":"Forward"}},{"type":"Feature","id":2659,"geometry":{"type":"LineString","coordinates":[[-6.260180821517643,53.33057244456012],[-6.259990521337967,53.330392976534405]]},"properties":{"FID":2659,"BIKE":"BIKE_LANE","Shape_Leng":23.6572316974,"DIR":"Forward"}},{"type":"Feature","id":2664,"geometry":{"type":"LineString","coordinates":[[-6.283212317611362,53.305145026766425],[-6.283325375430918,53.305785700149166]]},"properties":{"FID":2664,"BIKE":"BIKE_LANE","Shape_Leng":71.7695333477,"DIR":"Forward"}},{"type":"Feature","id":2667,"geometry":{"type":"LineString","coordinates":[[-6.194859999413268,53.39144000048273],[-6.197519999358003,53.38937000086839]]},"properties":{"FID":2667,"BIKE":"BIKE_LANE","Shape_Leng":290.637441409,"DIR":"Forward"}},{"type":"Feature","id":2669,"geometry":{"type":"LineString","coordinates":[[-6.225579999448237,53.368990001111264],[-6.226329999548582,53.36844000087422]]},"properties":{"FID":2669,"BIKE":"BIKE_LANE","Shape_Leng":79.0607877071,"DIR":"Forward"}},{"type":"Feature","id":2671,"geometry":{"type":"LineString","coordinates":[[-6.272209999604835,53.34555000103471],[-6.272520070337887,53.34666294811454],[-6.27295000038822,53.346910001084005],[-6.273350000548093,53.34805000087036],[-6.273614713170897,53.35008038284819]]},"properties":{"FID":2671,"BIKE":"BIKE_LANE","Shape_Leng":522.652739948,"DIR":"Forward"}},{"type":"Feature","id":2673,"geometry":{"type":"LineString","coordinates":[[-6.186700000698462,53.39763000120458],[-6.185149999285795,53.39931000110164]]},"properties":{"FID":2673,"BIKE":"BIKE_LANE","Shape_Leng":213.738150587,"DIR":"Forward"}},{"type":"Feature","id":2679,"geometry":{"type":"LineString","coordinates":[[-6.279118456497483,53.37033289461318],[-6.280159998904903,53.3708200011314]]},"properties":{"FID":2679,"BIKE":"BIKE_LANE","Shape_Leng":88.2379402282,"DIR":"Forward"}},{"type":"Feature","id":2680,"geometry":{"type":"LineString","coordinates":[[-6.300059999978386,53.362090000071966],[-6.3007600000949,53.362340000850864]]},"properties":{"FID":2680,"BIKE":"BIKE_LANE","Shape_Leng":54.2856493276,"DIR":"Forward"}},{"type":"Feature","id":2681,"geometry":{"type":"LineString","coordinates":[[-6.203849999148311,53.38347000028883],[-6.204583024408981,53.38314010009841]]},"properties":{"FID":2681,"BIKE":"BIKE_LANE","Shape_Leng":61.2552913712,"DIR":"Forward"}},{"type":"Feature","id":2683,"geometry":{"type":"LineString","coordinates":[[-6.231351888563681,53.3291282611204],[-6.231759732920906,53.32930203674772]]},"properties":{"FID":2683,"BIKE":"BIKE_LANE","Shape_Leng":33.35878084,"DIR":"Forward"}},{"type":"Feature","id":2684,"geometry":{"type":"LineString","coordinates":[[-6.30602549896369,53.34396838037075],[-6.3048713434762735,53.34440242424035]]},"properties":{"FID":2684,"BIKE":"BIKE_LANE","Shape_Leng":90.8190396466,"DIR":"Forward"}},{"type":"Feature","id":2685,"geometry":{"type":"LineString","coordinates":[[-6.27430999917551,53.350720000059205],[-6.273879999786704,53.35133000079775]]},"properties":{"FID":2685,"BIKE":"BIKE_LANE","Shape_Leng":73.6790777498,"DIR":"Forward"}},{"type":"Feature","id":2686,"geometry":{"type":"LineString","coordinates":[[-6.18974999903361,53.394220000746095],[-6.189260000301345,53.3945800005919]]},"properties":{"FID":2686,"BIKE":"BIKE_LANE","Shape_Leng":51.6506307242,"DIR":"Forward"}},{"type":"Feature","id":2687,"geometry":{"type":"LineString","coordinates":[[-6.3007600000949,53.362340000850864],[-6.302326039294772,53.36289014513705]]},"properties":{"FID":2687,"BIKE":"BIKE_LANE","Shape_Leng":120.984205158,"DIR":"Forward"}},{"type":"Feature","id":2688,"geometry":{"type":"LineString","coordinates":[[-6.204170000025048,53.38343000065278],[-6.203860000065988,53.38359000046904]]},"properties":{"FID":2688,"BIKE":"BIKE_LANE","Shape_Leng":27.2503148065,"DIR":"Forward"}},{"type":"Feature","id":2689,"geometry":{"type":"LineString","coordinates":[[-6.224389999384404,53.370180001253225],[-6.224580000251291,53.369990000325146]]},"properties":{"FID":2689,"BIKE":"BIKE_LANE","Shape_Leng":24.63891675,"DIR":"Forward"}},{"type":"Feature","id":2691,"geometry":{"type":"LineString","coordinates":[[-6.190179999550808,53.393770000540165],[-6.191230000861595,53.39323000086381]]},"properties":{"FID":2691,"BIKE":"BIKE_LANE","Shape_Leng":92.1781070653,"DIR":"Forward"}},{"type":"Feature","id":2695,"geometry":{"type":"LineString","coordinates":[[-6.283210788025465,53.30513969185783],[-6.283204646940375,53.30449046108714]]},"properties":{"FID":2695,"BIKE":"BIKE_FRIENDLY_PEDESTRIAN_PATH","Shape_Leng":72.2579809921,"DIR":"Forward"}},{"type":"Feature","id":2696,"geometry":{"type":"LineString","coordinates":[[-6.2885499998663255,53.38003000149585],[-6.289389999440104,53.38085000075091]]},"properties":{"FID":2696,"BIKE":"BIKE_LANE","Shape_Leng":107.518449857,"DIR":"Forward"}},{"type":"Feature","id":2698,"geometry":{"type":"LineString","coordinates":[[-6.22184999959458,53.372770001055926],[-6.222549999748721,53.372070001567494]]},"properties":{"FID":2698,"BIKE":"BIKE_LANE","Shape_Leng":90.7807876339,"DIR":"Forward"}},{"type":"Feature","id":2699,"geometry":{"type":"LineString","coordinates":[[-6.294100000743348,53.384080001198875],[-6.2944300008224845,53.38434000108131]]},"properties":{"FID":2699,"BIKE":"BIKE_LANE","Shape_Leng":36.3236804182,"DIR":"Forward"}},{"type":"Feature","id":2700,"geometry":{"type":"LineString","coordinates":[[-6.1902399996430235,53.39392000022603],[-6.18974999903361,53.394220000746095]]},"properties":{"FID":2700,"BIKE":"BIKE_LANE","Shape_Leng":46.6617849216,"DIR":"Forward"}},{"type":"Feature","id":2701,"geometry":{"type":"LineString","coordinates":[[-6.224759999487836,53.37002000110078],[-6.2245799989191015,53.37020000079126]]},"properties":{"FID":2701,"BIKE":"BIKE_LANE","Shape_Leng":23.3420051227,"DIR":"Forward"}},{"type":"Feature","id":2702,"geometry":{"type":"LineString","coordinates":[[-6.222040000484888,53.37279000098766],[-6.221699999722651,53.37307000090096]]},"properties":{"FID":2702,"BIKE":"BIKE_LANE","Shape_Leng":38.5352801533,"DIR":"Forward"}},{"type":"Feature","id":2704,"geometry":{"type":"LineString","coordinates":[[-6.256872576416132,53.33685991440043],[-6.25641186901254,53.33743367135426]]},"properties":{"FID":2704,"BIKE":"BIKE_LANE","Shape_Leng":70.8457881378,"DIR":"Forward"}},{"type":"Feature","id":2706,"geometry":{"type":"LineString","coordinates":[[-6.227487896773748,53.36773360201994],[-6.226549999943983,53.368480001390246]]},"properties":{"FID":2706,"BIKE":"BIKE_LANE","Shape_Leng":103.959243214,"DIR":"Forward"}},{"type":"Feature","id":2707,"geometry":{"type":"LineString","coordinates":[[-6.201380000484714,53.38662000123907],[-6.199090000967773,53.388300000604765]]},"properties":{"FID":2707,"BIKE":"BIKE_LANE","Shape_Leng":241.346487893,"DIR":"Forward"}},{"type":"Feature","id":2709,"geometry":{"type":"LineString","coordinates":[[-6.231037238600797,53.32900108476406],[-6.231145792889845,53.329039067882995]]},"properties":{"FID":2709,"BIKE":"BIKE_LANE","Shape_Leng":8.37719214544,"DIR":"Forward"}},{"type":"Feature","id":2710,"geometry":{"type":"LineString","coordinates":[[-6.2301603660086835,53.32867208319045],[-6.230712802270707,53.32885759896696]]},"properties":{"FID":2710,"BIKE":"BIKE_LANE","Shape_Leng":42.4970100803,"DIR":"Forward"}},{"type":"Feature","id":2712,"geometry":{"type":"LineString","coordinates":[[-6.288330000198576,53.379740000861425],[-6.2885499998663255,53.38003000149585]]},"properties":{"FID":2712,"BIKE":"BIKE_LANE","Shape_Leng":35.4396508437,"DIR":"Forward"}},{"type":"Feature","id":2713,"geometry":{"type":"LineString","coordinates":[[-6.298649999779699,53.361620001006806],[-6.300059999978386,53.362090000071966]]},"properties":{"FID":2713,"BIKE":"BIKE_LANE","Shape_Leng":107.489748103,"DIR":"Forward"}},{"type":"Feature","id":2714,"geometry":{"type":"LineString","coordinates":[[-6.2414738623998804,53.34629387191565],[-6.241566100592238,53.34645326806936],[-6.241376225024554,53.34752432107322]]},"properties":{"FID":2714,"BIKE":"BIKE_FRIENDLY_PEDESTRIAN_PATH","Shape_Leng":139.863750621,"DIR":"Forward"}},{"type":"Feature","id":2715,"geometry":{"type":"LineString","coordinates":[[-6.265496315199369,53.379241582594304],[-6.265649999770281,53.37972000073546]]},"properties":{"FID":2715,"BIKE":"BIKE_LANE","Shape_Leng":54.2229474846,"DIR":"Forward"}},{"type":"Feature","id":2716,"geometry":{"type":"LineString","coordinates":[[-6.230549999484752,53.32897000091509],[-6.230000478236662,53.32877976930377]]},"properties":{"FID":2716,"BIKE":"BIKE_LANE","Shape_Leng":42.3112605965,"DIR":"Forward"}},{"type":"Feature","id":2717,"geometry":{"type":"LineString","coordinates":[[-6.223340000330423,53.37147000066936],[-6.222679999629258,53.37214000032681]]},"properties":{"FID":2717,"BIKE":"BIKE_LANE","Shape_Leng":86.5435584894,"DIR":"Forward"}},{"type":"Feature","id":2719,"geometry":{"type":"LineString","coordinates":[[-6.298000000695463,53.36136000057352],[-6.298649999779699,53.361620001006806]]},"properties":{"FID":2719,"BIKE":"BIKE_LANE","Shape_Leng":52.1031192969,"DIR":"Forward"}},{"type":"Feature","id":2720,"geometry":{"type":"LineString","coordinates":[[-6.2245799989191015,53.37020000079126],[-6.22410000061994,53.37069000040331]]},"properties":{"FID":2720,"BIKE":"BIKE_LANE","Shape_Leng":63.2028742601,"DIR":"Forward"}},{"type":"Feature","id":2721,"geometry":{"type":"LineString","coordinates":[[-6.225769999622846,53.369070000862],[-6.225090000073728,53.36970000041455]]},"properties":{"FID":2721,"BIKE":"BIKE_LANE","Shape_Leng":83.5203399008,"DIR":"Forward"}},{"type":"Feature","id":2722,"geometry":{"type":"LineString","coordinates":[[-6.298929999677926,53.345610001559386],[-6.298250000025004,53.345680000764546]]},"properties":{"FID":2722,"BIKE":"BIKE_LANE","Shape_Leng":45.9622175501,"DIR":"Forward"}},{"type":"Feature","id":2723,"geometry":{"type":"LineString","coordinates":[[-6.299520000733701,53.345410001366595],[-6.299759999612762,53.34537000130776]]},"properties":{"FID":2723,"BIKE":"BIKE_LANE","Shape_Leng":16.5919528203,"DIR":"Forward"}},{"type":"Feature","id":2725,"geometry":{"type":"LineString","coordinates":[[-6.300429999797352,53.36229000069204],[-6.302297472734157,53.363002452279396]]},"properties":{"FID":2725,"BIKE":"BIKE_LANE","Shape_Leng":147.523601799,"DIR":"Forward"}},{"type":"Feature","id":2726,"geometry":{"type":"LineString","coordinates":[[-6.265129999505284,53.38594000028315],[-6.265279999350497,53.38728000068316]]},"properties":{"FID":2726,"BIKE":"BIKE_LANE","Shape_Leng":149.571884224,"DIR":"Forward"}},{"type":"Feature","id":2728,"geometry":{"type":"LineString","coordinates":[[-6.231905241809388,53.341547390893105],[-6.234667997015969,53.341889912055635]]},"properties":{"FID":2728,"BIKE":"BIKE_LANE","Shape_Leng":188.004578444,"DIR":"Forward"}},{"type":"Feature","id":2730,"geometry":{"type":"LineString","coordinates":[[-6.274713851180819,53.35007189759409],[-6.274666920295352,53.3501803110019]]},"properties":{"FID":2730,"BIKE":"BIKE_LANE","Shape_Leng":12.4688389397,"DIR":"Forward"}},{"type":"Feature","id":2731,"geometry":{"type":"LineString","coordinates":[[-6.204520000637514,53.383260001178954],[-6.204170000025048,53.38343000065278]]},"properties":{"FID":2731,"BIKE":"BIKE_LANE","Shape_Leng":30.0074113828,"DIR":"Forward"}},{"type":"Feature","id":2732,"geometry":{"type":"LineString","coordinates":[[-6.279559999671025,53.3704100012913],[-6.280259999490276,53.37077000088288]]},"properties":{"FID":2732,"BIKE":"BIKE_LANE","Shape_Leng":61.5863326435,"DIR":"Forward"}},{"type":"Feature","id":2734,"geometry":{"type":"LineString","coordinates":[[-6.223340000421804,53.3712700012782],[-6.223189999554288,53.37142000092901]]},"properties":{"FID":2734,"BIKE":"BIKE_LANE","Shape_Leng":19.4515355077,"DIR":"Forward"}},{"type":"Feature","id":2735,"geometry":{"type":"LineString","coordinates":[[-6.221539999953694,53.373040000619184],[-6.22184999959458,53.372770001055926]]},"properties":{"FID":2735,"BIKE":"BIKE_LANE","Shape_Leng":36.4528462836,"DIR":"Forward"}},{"type":"Feature","id":2737,"geometry":{"type":"LineString","coordinates":[[-6.24105952193908,53.34752282528703],[-6.241376225024554,53.34752432107322]]},"properties":{"FID":2737,"BIKE":"BIKE_FRIENDLY_PEDESTRIAN_PATH","Shape_Leng":21.091854167,"DIR":"Forward"}},{"type":"Feature","id":2741,"geometry":{"type":"LineString","coordinates":[[-6.193070000258578,53.39257000128581],[-6.192609999499345,53.392780000922215]]},"properties":{"FID":2741,"BIKE":"BIKE_LANE","Shape_Leng":38.5061357915,"DIR":"Forward"}},{"type":"Feature","id":2743,"geometry":{"type":"LineString","coordinates":[[-6.293040000123663,53.3460600006671],[-6.292330000068292,53.346150001047334]]},"properties":{"FID":2743,"BIKE":"BIKE_LANE","Shape_Leng":48.3338231253,"DIR":"Forward"}},{"type":"Feature","id":2744,"geometry":{"type":"LineString","coordinates":[[-6.222549999748721,53.372070001567494],[-6.223189999554288,53.37142000092901]]},"properties":{"FID":2744,"BIKE":"BIKE_LANE","Shape_Leng":83.9501811374,"DIR":"Forward"}},{"type":"Feature","id":2745,"geometry":{"type":"LineString","coordinates":[[-6.296540000776498,53.34576000107243],[-6.2982199989975705,53.345600000621985]]},"properties":{"FID":2745,"BIKE":"BIKE_LANE","Shape_Leng":113.304680594,"DIR":"Forward"}},{"type":"Feature","id":2746,"geometry":{"type":"LineString","coordinates":[[-6.263879999712472,53.39333000131566],[-6.2640000000478935,53.39414000088261]]},"properties":{"FID":2746,"BIKE":"BIKE_LANE","Shape_Leng":90.5034796691,"DIR":"Forward"}},{"type":"Feature","id":2747,"geometry":{"type":"LineString","coordinates":[[-6.266099999794561,53.37985000080006],[-6.265919999939372,53.380380001050916],[-6.265920000855438,53.38068000091238]]},"properties":{"FID":2747,"BIKE":"BIKE_LANE","Shape_Leng":93.7088746322,"DIR":"Forward"}},{"type":"Feature","id":2748,"geometry":{"type":"LineString","coordinates":[[-6.298890000644054,53.34551000081833],[-6.299520000733701,53.345410001366595]]},"properties":{"FID":2748,"BIKE":"BIKE_LANE","Shape_Leng":43.4124522356,"DIR":"Forward"}},{"type":"Feature","id":2753,"geometry":{"type":"LineString","coordinates":[[-6.1949900007683425,53.3915300007928],[-6.193070000258578,53.39257000128581]]},"properties":{"FID":2753,"BIKE":"BIKE_LANE","Shape_Leng":172.578204635,"DIR":"Forward"}},{"type":"Feature","id":2754,"geometry":{"type":"LineString","coordinates":[[-6.296990000121975,53.38649000062704],[-6.295639999979275,53.38544000092382]]},"properties":{"FID":2754,"BIKE":"BIKE_LANE","Shape_Leng":147.388523609,"DIR":"Forward"}},{"type":"Feature","id":2756,"geometry":{"type":"LineString","coordinates":[[-6.197790000121803,53.38915000076816],[-6.198899999078147,53.38825000077737]]},"properties":{"FID":2756,"BIKE":"BIKE_LANE","Shape_Leng":124.450089373,"DIR":"Forward"}},{"type":"Feature","id":2757,"geometry":{"type":"LineString","coordinates":[[-6.202179999700581,53.38578000150453],[-6.201380000484714,53.38662000123907]]},"properties":{"FID":2757,"BIKE":"BIKE_LANE","Shape_Leng":107.747165439,"DIR":"Forward"}},{"type":"Feature","id":2758,"geometry":{"type":"LineString","coordinates":[[-6.2745089946133135,53.35041688481509],[-6.27430999917551,53.350720000059205]]},"properties":{"FID":2758,"BIKE":"BIKE_LANE","Shape_Leng":36.2432951847,"DIR":"Forward"}},{"type":"Feature","id":2759,"geometry":{"type":"LineString","coordinates":[[-6.191230000861595,53.39323000086381],[-6.192219999683851,53.39280000067652]]},"properties":{"FID":2759,"BIKE":"BIKE_LANE","Shape_Leng":81.4114051722,"DIR":"Forward"}},{"type":"Feature","id":2760,"geometry":{"type":"LineString","coordinates":[[-6.265649999770281,53.37972000073546],[-6.26576000080229,53.3802000012449],[-6.265729999156939,53.380670001248745]]},"properties":{"FID":2760,"BIKE":"BIKE_LANE","Shape_Leng":106.271288601,"DIR":"Forward"}},{"type":"Feature","id":2762,"geometry":{"type":"LineString","coordinates":[[-6.274666920295352,53.3501803110019],[-6.2745089946133135,53.35041688481509]]},"properties":{"FID":2762,"BIKE":"BIKE_LANE","Shape_Leng":28.3511263495,"DIR":"Forward"}},{"type":"Feature","id":2764,"geometry":{"type":"LineString","coordinates":[[-6.297130000120257,53.3611700010577],[-6.297920000558876,53.361430000762795],[-6.298050514664526,53.36163374000972]]},"properties":{"FID":2764,"BIKE":"BIKE_LANE","Shape_Leng":84.8856567929,"DIR":"Forward"}},{"type":"Feature","id":2767,"geometry":{"type":"LineString","coordinates":[[-6.292830000804298,53.34602000025425],[-6.293419998811011,53.34595000107343]]},"properties":{"FID":2767,"BIKE":"BIKE_LANE","Shape_Leng":40.0574205049,"DIR":"Forward"}},{"type":"Feature","id":2774,"geometry":{"type":"LineString","coordinates":[[-6.260143024705535,53.330357762635636],[-6.260296755857289,53.33051510310753]]},"properties":{"FID":2774,"BIKE":"BIKE_LANE","Shape_Leng":20.30965798,"DIR":"Forward"}},{"type":"Feature","id":2775,"geometry":{"type":"LineString","coordinates":[[-6.260078980971988,53.330282580230865],[-6.261763604400453,53.33001824136721],[-6.264189652660414,53.32990785078198]]},"properties":{"FID":2775,"BIKE":"BIKE_LANE","Shape_Leng":278.535186292,"DIR":"Forward"}},{"type":"Feature","id":2776,"geometry":{"type":"LineString","coordinates":[[-6.24105952193908,53.34752282528703],[-6.241057024722948,53.34765790266781]]},"properties":{"FID":2776,"BIKE":"BIKE_FRIENDLY_PEDESTRIAN_PATH","Shape_Leng":15.033884136,"DIR":"Bi-Directional"}},{"type":"Feature","id":2777,"geometry":{"type":"LineString","coordinates":[[-6.19136999935861,53.39334000062469],[-6.1902399996430235,53.39392000022603]]},"properties":{"FID":2777,"BIKE":"BIKE_LANE","Shape_Leng":99.2047731207,"DIR":"Forward"}},{"type":"Feature","id":2779,"geometry":{"type":"LineString","coordinates":[[-6.298419999461121,53.34558000100703],[-6.298890000644054,53.34551000081833]]},"properties":{"FID":2779,"BIKE":"BIKE_LANE","Shape_Leng":32.2562392423,"DIR":"Forward"}},{"type":"Feature","id":2783,"geometry":{"type":"LineString","coordinates":[[-6.224930000782744,53.36962000093414],[-6.225579999448237,53.368990001111264]]},"properties":{"FID":2783,"BIKE":"BIKE_LANE","Shape_Leng":82.3893932363,"DIR":"Forward"}},{"type":"Feature","id":2786,"geometry":{"type":"LineString","coordinates":[[-6.265279999350497,53.38728000068316],[-6.265370000584747,53.38777000155047],[-6.265330000306113,53.388320000305754],[-6.264900000389049,53.38916000047211]]},"properties":{"FID":2786,"BIKE":"BIKE_LANE","Shape_Leng":214.04589244,"DIR":"Forward"}},{"type":"Feature","id":2787,"geometry":{"type":"LineString","coordinates":[[-6.286539999656349,53.375910001348664],[-6.286799999389877,53.37640000101753]]},"properties":{"FID":2787,"BIKE":"BIKE_LANE","Shape_Leng":57.2885614336,"DIR":"Forward"}},{"type":"Feature","id":2790,"geometry":{"type":"LineString","coordinates":[[-6.2962700003291685,53.36087000111864],[-6.297130000120257,53.3611700010577]]},"properties":{"FID":2790,"BIKE":"BIKE_LANE","Shape_Leng":66.2964746891,"DIR":"Forward"}},{"type":"Feature","id":2792,"geometry":{"type":"LineString","coordinates":[[-6.335689999954349,53.32376000114673],[-6.336670000098664,53.32373000033772]]},"properties":{"FID":2792,"BIKE":"BIKE_LANE","Shape_Leng":65.3846735933,"DIR":"Forward"}},{"type":"Feature","id":2794,"geometry":{"type":"LineString","coordinates":[[-6.188999999977439,53.394590001359276],[-6.190179999550808,53.393770000540165]]},"properties":{"FID":2794,"BIKE":"BIKE_LANE","Shape_Leng":120.580248909,"DIR":"Forward"}},{"type":"Feature","id":2795,"geometry":{"type":"LineString","coordinates":[[-6.292309999148631,53.34609000072899],[-6.292830000804298,53.34602000025425]]},"properties":{"FID":2795,"BIKE":"BIKE_LANE","Shape_Leng":35.4963748884,"DIR":"Forward"}},{"type":"Feature","id":2797,"geometry":{"type":"LineString","coordinates":[[-6.298050514664526,53.36163374000972],[-6.298709999944481,53.36175000110806]]},"properties":{"FID":2797,"BIKE":"BIKE_LANE","Shape_Leng":45.7709904349,"DIR":"Forward"}},{"type":"Feature","id":2798,"geometry":{"type":"LineString","coordinates":[[-6.192889999944252,53.392500000970365],[-6.194859999413268,53.39144000048273]]},"properties":{"FID":2798,"BIKE":"BIKE_LANE","Shape_Leng":176.54489757,"DIR":"Forward"}},{"type":"Feature","id":2799,"geometry":{"type":"LineString","coordinates":[[-6.296149999077283,53.34586000149687],[-6.293449999940969,53.34601000042602]]},"properties":{"FID":2799,"BIKE":"BIKE_LANE","Shape_Leng":180.687073817,"DIR":"Forward"}},{"type":"Feature","id":2802,"geometry":{"type":"LineString","coordinates":[[-6.201209999708466,53.386560001538825],[-6.2021100006191405,53.38567000096281],[-6.203029998954296,53.384180001103765],[-6.203600000054399,53.38361000134481]]},"properties":{"FID":2802,"BIKE":"BIKE_LANE","Shape_Leng":367.025475658,"DIR":"Forward"}},{"type":"Feature","id":2803,"geometry":{"type":"LineString","coordinates":[[-6.295639999979275,53.38544000092382],[-6.295119999306432,53.38504000160487]]},"properties":{"FID":2803,"BIKE":"BIKE_LANE","Shape_Leng":56.3808634742,"DIR":"Forward"}},{"type":"Feature","id":2804,"geometry":{"type":"LineString","coordinates":[[-6.198899999078147,53.38825000077737],[-6.201209999708466,53.386560001538825]]},"properties":{"FID":2804,"BIKE":"BIKE_LANE","Shape_Leng":242.98389726,"DIR":"Forward"}},{"type":"Feature","id":2808,"geometry":{"type":"LineString","coordinates":[[-6.203600000054399,53.38361000134481],[-6.203849999148311,53.38347000028883]]},"properties":{"FID":2808,"BIKE":"BIKE_LANE","Shape_Leng":22.7924664819,"DIR":"Forward"}},{"type":"Feature","id":2809,"geometry":{"type":"LineString","coordinates":[[-6.197680000042105,53.389450001683144],[-6.1949900007683425,53.3915300007928]]},"properties":{"FID":2809,"BIKE":"BIKE_LANE","Shape_Leng":292.800429802,"DIR":"Forward"}},{"type":"Feature","id":2810,"geometry":{"type":"LineString","coordinates":[[-6.272240000175322,53.34064000062991],[-6.272219999913984,53.34053000126415]]},"properties":{"FID":2810,"BIKE":"BIKE_LANE","Shape_Leng":12.3141762055,"DIR":"Forward"}},{"type":"Feature","id":2811,"geometry":{"type":"LineString","coordinates":[[-6.258390000385264,53.34535000124484],[-6.2587600007609305,53.34531000099665],[-6.259090000613746,53.34540000069356]]},"properties":{"FID":2811,"BIKE":"BIKE_LANE","Shape_Leng":50.3085135696,"DIR":"Forward"}},{"type":"Feature","id":2813,"geometry":{"type":"LineString","coordinates":[[-6.265356096875317,53.35603885855177],[-6.268015430670733,53.35671973290175]]},"properties":{"FID":2813,"BIKE":"BIKE_LANE","Shape_Leng":192.763104466,"DIR":"Forward"}},{"type":"Feature","id":2816,"geometry":{"type":"LineString","coordinates":[[-6.3070818054297435,53.344008325156786],[-6.30602549896369,53.34396838037075]]},"properties":{"FID":2816,"BIKE":"BIKE_LANE","Shape_Leng":72.1007456181,"DIR":"Forward"}},{"type":"Feature","id":2817,"geometry":{"type":"LineString","coordinates":[[-6.293419998811011,53.34595000107343],[-6.296149999976756,53.34579000065189]]},"properties":{"FID":2817,"BIKE":"BIKE_LANE","Shape_Leng":182.835322016,"DIR":"Forward"}},{"type":"Feature","id":2818,"geometry":{"type":"LineString","coordinates":[[-6.22410000061994,53.37069000040331],[-6.223340000330423,53.37147000066936]]},"properties":{"FID":2818,"BIKE":"BIKE_LANE","Shape_Leng":100.471424764,"DIR":"Forward"}},{"type":"Feature","id":2819,"geometry":{"type":"LineString","coordinates":[[-6.225090000073728,53.36970000041455],[-6.224759999487836,53.37002000110078]]},"properties":{"FID":2819,"BIKE":"BIKE_LANE","Shape_Leng":41.8426105209,"DIR":"Forward"}},{"type":"Feature","id":2820,"geometry":{"type":"LineString","coordinates":[[-6.293449999940969,53.34601000042602],[-6.293040000123663,53.3460600006671]]},"properties":{"FID":2820,"BIKE":"BIKE_LANE","Shape_Leng":27.8982012846,"DIR":"Forward"}},{"type":"Feature","id":2822,"geometry":{"type":"LineString","coordinates":[[-6.222679999629258,53.37214000032681],[-6.222040000484888,53.37279000098766]]},"properties":{"FID":2822,"BIKE":"BIKE_LANE","Shape_Leng":83.9507432134,"DIR":"Forward"}},{"type":"Feature","id":2824,"geometry":{"type":"LineString","coordinates":[[-6.246550000479638,53.34380000014458],[-6.246334248236336,53.3436016857784]]},"properties":{"FID":2824,"BIKE":"BIKE_LANE","Shape_Leng":26.3362456682,"DIR":"Forward"}},{"type":"Feature","id":2825,"geometry":{"type":"LineString","coordinates":[[-6.231145792889845,53.329039067882995],[-6.231351888563681,53.3291282611204]]},"properties":{"FID":2825,"BIKE":"BIKE_LANE","Shape_Leng":16.9433733608,"DIR":"Forward"}},{"type":"Feature","id":2826,"geometry":{"type":"LineString","coordinates":[[-6.224580000251291,53.369990000325146],[-6.224930000782744,53.36962000093414]]},"properties":{"FID":2826,"BIKE":"BIKE_LANE","Shape_Leng":47.3113529651,"DIR":"Forward"}},{"type":"Feature","id":2827,"geometry":{"type":"LineString","coordinates":[[-6.24105952193908,53.34752282528703],[-6.24125504290084,53.34641140752643],[-6.241193176150907,53.34633673704912]]},"properties":{"FID":2827,"BIKE":"BIKE_FRIENDLY_PEDESTRIAN_PATH","Shape_Leng":133.735254243,"DIR":"Bi-Directional"}},{"type":"Feature","id":2828,"geometry":{"type":"LineString","coordinates":[[-6.298250000025004,53.345680000764546],[-6.297229999213465,53.34577000066635]]},"properties":{"FID":2828,"BIKE":"BIKE_LANE","Shape_Leng":68.6933940721,"DIR":"Forward"}},{"type":"Feature","id":2831,"geometry":{"type":"LineString","coordinates":[[-6.2649299994953225,53.34543000114191],[-6.264300000453065,53.34553000087648]]},"properties":{"FID":2831,"BIKE":"BIKE_FRIENDLY_PEDESTRIAN_PATH","Shape_Leng":43.40854036,"DIR":"Forward"}},{"type":"Feature","id":2832,"geometry":{"type":"LineString","coordinates":[[-6.264300000453065,53.34553000087648],[-6.263419999617394,53.345580000722954]]},"properties":{"FID":2832,"BIKE":"BIKE_FRIENDLY_PEDESTRIAN_PATH","Shape_Leng":58.8765118468,"DIR":"Forward"}},{"type":"Feature","id":2834,"geometry":{"type":"LineString","coordinates":[[-6.246669999732209,53.344000000663364],[-6.246599999394128,53.343880000448685]]},"properties":{"FID":2834,"BIKE":"BIKE_LANE","Shape_Leng":14.1453547931,"DIR":"Forward"}},{"type":"Feature","id":2841,"geometry":{"type":"LineString","coordinates":[[-6.271887081714144,53.34357893810249],[-6.2717999995348785,53.34394000058826]]},"properties":{"FID":2841,"BIKE":"BIKE_LANE","Shape_Leng":40.60056491,"DIR":"Forward"}},{"type":"Feature","id":2843,"geometry":{"type":"LineString","coordinates":[[-6.328620000241756,53.32398000137575],[-6.32978999968685,53.32390000149658]]},"properties":{"FID":2843,"BIKE":"BIKE_LANE","Shape_Leng":78.4659204208,"DIR":"Forward"}},{"type":"Feature","id":2844,"geometry":{"type":"LineString","coordinates":[[-6.282329999527755,53.372110001042195],[-6.282630000199686,53.372230000957245]]},"properties":{"FID":2844,"BIKE":"BIKE_FRIENDLY_PEDESTRIAN_PATH","Shape_Leng":24.0217159626,"DIR":"Forward"}},{"type":"Feature","id":2845,"geometry":{"type":"LineString","coordinates":[[-6.2972700005042155,53.36113000128728],[-6.298000000695463,53.36136000057352]]},"properties":{"FID":2845,"BIKE":"BIKE_LANE","Shape_Leng":54.9407008232,"DIR":"Forward"}},{"type":"Feature","id":2847,"geometry":{"type":"LineString","coordinates":[[-6.271873584328104,53.34301187915154],[-6.271887081714144,53.34357893810249]]},"properties":{"FID":2847,"BIKE":"BIKE_LANE","Shape_Leng":63.4495174795,"DIR":"Forward"}},{"type":"Feature","id":2849,"geometry":{"type":"LineString","coordinates":[[-6.263419999617394,53.345580000722954],[-6.262860000032035,53.345610001155805]]},"properties":{"FID":2849,"BIKE":"BIKE_FRIENDLY_PEDESTRIAN_PATH","Shape_Leng":37.4619303214,"DIR":"Forward"}},{"type":"Feature","id":2850,"geometry":{"type":"LineString","coordinates":[[-6.2717999995348785,53.34394000058826],[-6.271849999828346,53.34421000027788]]},"properties":{"FID":2850,"BIKE":"BIKE_LANE","Shape_Leng":30.2324400484,"DIR":"Forward"}},{"type":"Feature","id":2857,"geometry":{"type":"LineString","coordinates":[[-6.246436855454448,53.34350909624852],[-6.246640000164705,53.34360000117329]]},"properties":{"FID":2857,"BIKE":"BIKE_LANE","Shape_Leng":16.8940889217,"DIR":"Forward"}},{"type":"Feature","id":2858,"geometry":{"type":"LineString","coordinates":[[-6.30001000013525,53.362150000188294],[-6.300429999797352,53.36229000069204]]},"properties":{"FID":2858,"BIKE":"BIKE_LANE","Shape_Leng":32.0084982791,"DIR":"Forward"}},{"type":"Feature","id":2861,"geometry":{"type":"LineString","coordinates":[[-6.27980999967245,53.348620000493206],[-6.27960000043171,53.34942000045351]]},"properties":{"FID":2861,"BIKE":"BIKE_LANE","Shape_Leng":90.1241644758,"DIR":"Forward"}},{"type":"Feature","id":2863,"geometry":{"type":"LineString","coordinates":[[-6.27960000043171,53.34942000045351],[-6.279600000474021,53.34961000044893]]},"properties":{"FID":2863,"BIKE":"BIKE_LANE","Shape_Leng":21.1452367492,"DIR":"Forward"}},{"type":"Feature","id":2865,"geometry":{"type":"LineString","coordinates":[[-6.272060000917594,53.34472000046424],[-6.2720811871943045,53.3449480352002]]},"properties":{"FID":2865,"BIKE":"BIKE_LANE","Shape_Leng":25.4173622692,"DIR":"Forward"}},{"type":"Feature","id":2870,"geometry":{"type":"LineString","coordinates":[[-6.2468899997710166,53.34442000085065],[-6.246770000750235,53.34419000088391]]},"properties":{"FID":2870,"BIKE":"BIKE_LANE","Shape_Leng":26.815656838,"DIR":"Forward"}},{"type":"Feature","id":2871,"geometry":{"type":"LineString","coordinates":[[-6.246770000750235,53.34419000088391],[-6.246669999732209,53.344000000663364]]},"properties":{"FID":2871,"BIKE":"BIKE_LANE","Shape_Leng":22.1694662877,"DIR":"Forward"}},{"type":"Feature","id":2872,"geometry":{"type":"LineString","coordinates":[[-6.246599999394128,53.343880000448685],[-6.246550000479638,53.34380000014458]]},"properties":{"FID":2872,"BIKE":"BIKE_LANE","Shape_Leng":9.50570686359,"DIR":"Forward"}},{"type":"Feature","id":2885,"geometry":{"type":"LineString","coordinates":[[-6.357142471725832,53.35244164717464],[-6.356278459528459,53.35215337936939]]},"properties":{"FID":2885,"BIKE":"BIKE_LANE","Shape_Leng":65.8722314689,"DIR":"Forward"}},{"type":"Feature","id":2886,"geometry":{"type":"LineString","coordinates":[[-6.252797232483601,53.33196537695207],[-6.252989015308491,53.33217060414244]]},"properties":{"FID":2886,"BIKE":"BIKE_LANE","Shape_Leng":26.3297915118,"DIR":"Forward"}},{"type":"Feature","id":2890,"geometry":{"type":"LineString","coordinates":[[-6.162469999181493,53.402030000564],[-6.162700280047258,53.402873726341056]]},"properties":{"FID":2890,"BIKE":"BIKE_LANE","Shape_Leng":95.1426957616,"DIR":"Forward"}},{"type":"Feature","id":2893,"geometry":{"type":"LineString","coordinates":[[-6.246489323568076,53.33956568840275],[-6.247257580067844,53.3398886489535]]},"properties":{"FID":2893,"BIKE":"BIKE_LANE","Shape_Leng":62.6375837064,"DIR":"Forward"}},{"type":"Feature","id":2894,"geometry":{"type":"LineString","coordinates":[[-6.252590000201534,53.341860001343115],[-6.252119999362258,53.341650000836076]]},"properties":{"FID":2894,"BIKE":"BIKE_LANE","Shape_Leng":39.4271063112,"DIR":"Forward"}},{"type":"Feature","id":2895,"geometry":{"type":"LineString","coordinates":[[-6.332930830943561,53.349516334494666],[-6.332342533198711,53.34942478288838]]},"properties":{"FID":2895,"BIKE":"BIKE_FRIENDLY_PEDESTRIAN_PATH","Shape_Leng":41.6451900677,"DIR":"Forward"}},{"type":"Feature","id":2897,"geometry":{"type":"LineString","coordinates":[[-6.37688858422037,53.34441232407532],[-6.378804633378939,53.34494307180843]]},"properties":{"FID":2897,"BIKE":"BIKE_LANE","Shape_Leng":140.787071257,"DIR":"Forward"}},{"type":"Feature","id":2898,"geometry":{"type":"LineString","coordinates":[[-6.286669912346427,53.34360354854912],[-6.285429911144982,53.34358354806661]]},"properties":{"FID":2898,"BIKE":"BIKE_LANE","Shape_Leng":82.6745691353,"DIR":"Forward"}},{"type":"Feature","id":2899,"geometry":{"type":"LineString","coordinates":[[-6.241804243354423,53.34288168319303],[-6.241020036702498,53.342790385384994]]},"properties":{"FID":2899,"BIKE":"BIKE_LANE","Shape_Leng":53.2099682705,"DIR":"Forward"}},{"type":"Feature","id":2908,"geometry":{"type":"LineString","coordinates":[[-6.228633735163993,53.397728477528325],[-6.22678342964396,53.397874213494404]]},"properties":{"FID":2908,"BIKE":"BIKE_LANE","Shape_Leng":124.194412431,"DIR":"Forward"}},{"type":"Feature","id":2909,"geometry":{"type":"LineString","coordinates":[[-6.3736617843838435,53.33179824799207],[-6.3736146142914185,53.332032555327274]]},"properties":{"FID":2909,"BIKE":"BIKE_FRIENDLY_PEDESTRIAN_PATH","Shape_Leng":28.2958007889,"DIR":"Forward"}},{"type":"Feature","id":2915,"geometry":{"type":"LineString","coordinates":[[-6.256068557712856,53.337845116524655],[-6.255916655951468,53.338042984290965]]},"properties":{"FID":2915,"BIKE":"BIKE_LANE","Shape_Leng":24.2342805088,"DIR":"Forward"}},{"type":"Feature","id":2919,"geometry":{"type":"LineString","coordinates":[[-6.157153950061659,53.402758327071076],[-6.16145787294023,53.4026696000661],[-6.16232726449566,53.40255746849115],[-6.1616227827438115,53.39954898330498]]},"properties":{"FID":2919,"BIKE":"BIKE_FRIENDLY_PEDESTRIAN_PATH","Shape_Leng":685.344415215,"DIR":"Forward"}},{"type":"Feature","id":2921,"geometry":{"type":"LineString","coordinates":[[-6.297739999861505,53.3303700011315],[-6.298477959120673,53.330108028634136]]},"properties":{"FID":2921,"BIKE":"BIKE_LANE","Shape_Leng":57.1591205323,"DIR":"Forward"}},{"type":"Feature","id":2928,"geometry":{"type":"LineString","coordinates":[[-6.265710192121344,53.32207866228484],[-6.265874592958162,53.32186074331933]]},"properties":{"FID":2928,"BIKE":"BIKE_LANE","Shape_Leng":26.8665430918,"DIR":"Forward"}},{"type":"Feature","id":2936,"geometry":{"type":"LineString","coordinates":[[-6.274485640371541,53.34325044033858],[-6.274866808604599,53.3432448621118]]},"properties":{"FID":2936,"BIKE":"BIKE_LANE","Shape_Leng":25.4082438538,"DIR":"Forward"}},{"type":"Feature","id":2938,"geometry":{"type":"LineString","coordinates":[[-6.298477959120673,53.330108028634136],[-6.29921716901148,53.329874282145454]]},"properties":{"FID":2938,"BIKE":"BIKE_LANE","Shape_Leng":55.8507721178,"DIR":"Forward"}},{"type":"Feature","id":2949,"geometry":{"type":"LineString","coordinates":[[-6.265283651787406,53.378703274281634],[-6.265496315199369,53.379241582594304]]},"properties":{"FID":2949,"BIKE":"BIKE_LANE","Shape_Leng":61.558013279,"DIR":"Forward"}},{"type":"Feature","id":2950,"geometry":{"type":"LineString","coordinates":[[-6.227838860003216,53.36425215719371],[-6.2268915033466845,53.36469221173524]]},"properties":{"FID":2950,"BIKE":"BIKE_LANE","Shape_Leng":79.8483381232,"DIR":"Forward"}},{"type":"Feature","id":2952,"geometry":{"type":"LineString","coordinates":[[-6.255130502167693,53.368657812469124],[-6.255027423506855,53.36887783744232]]},"properties":{"FID":2952,"BIKE":"BIKE_LANE","Shape_Leng":25.6437834981,"DIR":"Forward"}},{"type":"Feature","id":2955,"geometry":{"type":"LineString","coordinates":[[-6.261684830767196,53.34355599832435],[-6.260849999959261,53.34385000115813]]},"properties":{"FID":2955,"BIKE":"BIKE_LANE","Shape_Leng":64.5142567933,"DIR":"Bi-Directional"}},{"type":"Feature","id":2956,"geometry":{"type":"LineString","coordinates":[[-6.295895732152416,53.360687800023065],[-6.296158983104349,53.36078136859131]]},"properties":{"FID":2956,"BIKE":"BIKE_LANE","Shape_Leng":20.3862913411,"DIR":"Forward"}},{"type":"Feature","id":2962,"geometry":{"type":"LineString","coordinates":[[-6.332342533198711,53.34942478288838],[-6.3312098330397895,53.350035345920595],[-6.3286666633810045,53.35179118884212],[-6.326582533627235,53.35363818570386],[-6.324570154212802,53.35595226638107]]},"properties":{"FID":2962,"BIKE":"BIKE_FRIENDLY_PEDESTRIAN_PATH","Shape_Leng":899.177871654,"DIR":"Forward"}},{"type":"Feature","id":2963,"geometry":{"type":"LineString","coordinates":[[-6.296401277563395,53.335659070054874],[-6.298846383577621,53.33626690391011]]},"properties":{"FID":2963,"BIKE":"BIKE_LANE","Shape_Leng":176.965451397,"DIR":"Forward"}},{"type":"Feature","id":2966,"geometry":{"type":"LineString","coordinates":[[-6.226373802340546,53.36860632022089],[-6.226951900571818,53.368771369825645]]},"properties":{"FID":2966,"BIKE":"BIKE_LANE","Shape_Leng":42.6398276908,"DIR":"Forward"}},{"type":"Feature","id":2969,"geometry":{"type":"LineString","coordinates":[[-6.225952071607949,53.35143482016294],[-6.225552947560279,53.35135687554934],[-6.225717091409557,53.35117083497676]]},"properties":{"FID":2969,"BIKE":"BIKE_FRIENDLY_PEDESTRIAN_PATH","Shape_Leng":51.418439832,"DIR":"Forward"}},{"type":"Feature","id":2981,"geometry":{"type":"LineString","coordinates":[[-6.2955257299961636,53.36055780101882],[-6.295895732152416,53.360687800023065]]},"properties":{"FID":2981,"BIKE":"BIKE_LANE","Shape_Leng":28.5673433277,"DIR":"Forward"}},{"type":"Feature","id":2991,"geometry":{"type":"LineString","coordinates":[[-6.247100000946255,53.34478000078571],[-6.2468899997710166,53.34442000085065]]},"properties":{"FID":2991,"BIKE":"BIKE_LANE","Shape_Leng":42.460444091,"DIR":"Forward"}},{"type":"Feature","id":2995,"geometry":{"type":"LineString","coordinates":[[-6.271849999828346,53.34421000027788],[-6.272060000917594,53.34472000046424]]},"properties":{"FID":2995,"BIKE":"BIKE_LANE","Shape_Leng":58.5072763968,"DIR":"Forward"}},{"type":"Feature","id":2996,"geometry":{"type":"LineString","coordinates":[[-6.16548000074168,53.40253000075276],[-6.162639112682577,53.40264961752883]]},"properties":{"FID":2996,"BIKE":"BIKE_LANE","Shape_Leng":189.419412797,"DIR":"Forward"}},{"type":"Feature","id":3001,"geometry":{"type":"LineString","coordinates":[[-6.226549999943983,53.368480001390246],[-6.226329999548582,53.36844000087422]]},"properties":{"FID":3001,"BIKE":"BIKE_LANE","Shape_Leng":15.3891422565,"DIR":"Forward"}},{"type":"Feature","id":3006,"geometry":{"type":"LineString","coordinates":[[-6.2634741714621915,53.35440371589782],[-6.2641012045291395,53.35496181660385]]},"properties":{"FID":3006,"BIKE":"BIKE_LANE","Shape_Leng":74.921189364,"DIR":"Forward"}},{"type":"Feature","id":3007,"geometry":{"type":"LineString","coordinates":[[-6.2641012045291395,53.35496181660385],[-6.265160626394203,53.355916947861154]]},"properties":{"FID":3007,"BIKE":"BIKE_FRIENDLY_PEDESTRIAN_PATH","Shape_Leng":127.938364537,"DIR":"Forward"}},{"type":"Feature","id":3008,"geometry":{"type":"LineString","coordinates":[[-6.265131205707535,53.35602880117586],[-6.263531076331767,53.35461977125757]]},"properties":{"FID":3008,"BIKE":"BIKE_LANE","Shape_Leng":189.854714537,"DIR":"Forward"}},{"type":"Feature","id":3009,"geometry":{"type":"LineString","coordinates":[[-6.263531076331767,53.35461977125757],[-6.2612899991962845,53.352610001223326]]},"properties":{"FID":3009,"BIKE":"BIKE_FRIENDLY_PEDESTRIAN_PATH","Shape_Leng":271.223718163,"DIR":"Forward"}},{"type":"Feature","id":3010,"geometry":{"type":"LineString","coordinates":[[-6.255916655951468,53.338042984290965],[-6.2554267500313365,53.33856818008996],[-6.255277948811463,53.33859461952174]]},"properties":{"FID":3010,"BIKE":"BIKE_LANE","Shape_Leng":77.4532454401,"DIR":"Forward"}},{"type":"Feature","id":3011,"geometry":{"type":"LineString","coordinates":[[-6.216813482826567,53.33900334730809],[-6.218357155536954,53.33813124194202],[-6.2192067825471895,53.33754191355298]]},"properties":{"FID":3011,"BIKE":"BIKE_LANE","Shape_Leng":228.103008839,"DIR":"Forward"}},{"type":"Feature","id":3012,"geometry":{"type":"LineString","coordinates":[[-6.220048537332659,53.33815605389298],[-6.2183958197351785,53.33841014204866]]},"properties":{"FID":3012,"BIKE":"BIKE_LANE","Shape_Leng":113.940233608,"DIR":"Forward"}},{"type":"Feature","id":3014,"geometry":{"type":"LineString","coordinates":[[-6.164981191394603,53.411082189537126],[-6.166792934904559,53.41098962011459],[-6.167957303858643,53.410602662403114],[-6.171021652064641,53.409290320760924],[-6.173412791041653,53.40903203038064],[-6.173505789033724,53.40696392769255],[-6.173246052684154,53.406755792159935]]},"properties":{"FID":3014,"BIKE":"BIKE_FRIENDLY_PEDESTRIAN_PATH","Shape_Leng":884.032765362,"DIR":"Forward"}},{"type":"Feature","id":3025,"geometry":{"type":"LineString","coordinates":[[-6.254596368015859,53.38627331373848],[-6.255890177481644,53.38676311625027]]},"properties":{"FID":3025,"BIKE":"BIKE_LANE","Shape_Leng":101.892311777,"DIR":"Forward"}},{"type":"Feature","id":3026,"geometry":{"type":"LineString","coordinates":[[-6.254825763787851,53.386244277684646],[-6.255464911253372,53.386483053979916]]},"properties":{"FID":3026,"BIKE":"BIKE_LANE","Shape_Leng":50.1460307581,"DIR":"Forward"}},{"type":"Feature","id":3027,"geometry":{"type":"LineString","coordinates":[[-6.257570431573835,53.38726860676496],[-6.256343000002227,53.386810956738074]]},"properties":{"FID":3027,"BIKE":"BIKE_LANE","Shape_Leng":96.2486709264,"DIR":"Forward"}},{"type":"Feature","id":3028,"geometry":{"type":"LineString","coordinates":[[-6.260258780639358,53.38817745761745],[-6.264699999333695,53.38911000106203]]},"properties":{"FID":3028,"BIKE":"BIKE_LANE","Shape_Leng":314.095730905,"DIR":"Forward"}},{"type":"Feature","id":3029,"geometry":{"type":"LineString","coordinates":[[-6.258248087125529,53.38764068279441],[-6.260208915620366,53.388272920991916],[-6.264563130234628,53.38918123233831]]},"properties":{"FID":3029,"BIKE":"BIKE_LANE","Shape_Leng":455.496035516,"DIR":"Forward"}},{"type":"Feature","id":3030,"geometry":{"type":"LineString","coordinates":[[-6.308227014885399,53.347041009610464],[-6.307967179550903,53.34426541826459]]},"properties":{"FID":3030,"BIKE":"BIKE_LANE","Shape_Leng":309.438657892,"DIR":"Forward"}},{"type":"Feature","id":3031,"geometry":{"type":"LineString","coordinates":[[-6.307820255090077,53.343211953333274],[-6.307786350951912,53.34291787405643]]},"properties":{"FID":3031,"BIKE":"BIKE_LANE","Shape_Leng":32.8626665482,"DIR":"Forward"}},{"type":"Feature","id":3032,"geometry":{"type":"LineString","coordinates":[[-6.307786350951912,53.34291787405643],[-6.307758148459436,53.34209491057759]]},"properties":{"FID":3032,"BIKE":"BIKE_LANE","Shape_Leng":91.6377550601,"DIR":"Forward"}},{"type":"Feature","id":3033,"geometry":{"type":"LineString","coordinates":[[-6.307761919034818,53.34191967898978],[-6.30761091661959,53.34079417463287]]},"properties":{"FID":3033,"BIKE":"BIKE_LANE","Shape_Leng":125.900439662,"DIR":"Forward"}},{"type":"Feature","id":3034,"geometry":{"type":"LineString","coordinates":[[-6.30761091661959,53.34079417463287],[-6.30754713131909,53.340090984243716],[-6.307630553460685,53.339552938919326]]},"properties":{"FID":3034,"BIKE":"BIKE_LANE","Shape_Leng":138.602952583,"DIR":"Forward"}},{"type":"Feature","id":3035,"geometry":{"type":"LineString","coordinates":[[-6.3077676345990925,53.33964763837705],[-6.3077007997012515,53.34052785986423]]},"properties":{"FID":3035,"BIKE":"BIKE_LANE","Shape_Leng":98.398562269,"DIR":"Forward"}},{"type":"Feature","id":3036,"geometry":{"type":"LineString","coordinates":[[-6.3077007997012515,53.34052785986423],[-6.3078121688998605,53.341163262997874]]},"properties":{"FID":3036,"BIKE":"BIKE_LANE","Shape_Leng":71.1181107597,"DIR":"Forward"}},{"type":"Feature","id":3037,"geometry":{"type":"LineString","coordinates":[[-6.3078121688998605,53.341163262997874],[-6.30794286040273,53.34227375650275]]},"properties":{"FID":3037,"BIKE":"BIKE_LANE","Shape_Leng":123.984534483,"DIR":"Forward"}},{"type":"Feature","id":3038,"geometry":{"type":"LineString","coordinates":[[-6.30794286040273,53.34227375650275],[-6.307984087465835,53.34297220883473]]},"properties":{"FID":3038,"BIKE":"BIKE_LANE","Shape_Leng":77.7797857591,"DIR":"Forward"}},{"type":"Feature","id":3039,"geometry":{"type":"LineString","coordinates":[[-6.308126851570069,53.344038391103396],[-6.308231802504227,53.345383662267814]]},"properties":{"FID":3039,"BIKE":"BIKE_LANE","Shape_Leng":149.911012076,"DIR":"Forward"}},{"type":"Feature","id":3043,"geometry":{"type":"LineString","coordinates":[[-6.2813006733326,53.34372272505922],[-6.281160269972887,53.34398705091196]]},"properties":{"FID":3043,"BIKE":"BIKE_LANE","Shape_Leng":30.8674721096,"DIR":"Forward"}},{"type":"Feature","id":3052,"geometry":{"type":"LineString","coordinates":[[-6.302250361741433,53.350261309913094],[-6.303752694961475,53.35075410212795],[-6.303936550066857,53.350964641656645],[-6.304317009989672,53.351120486644746]]},"properties":{"FID":3052,"BIKE":"BIKE_LANE","Shape_Leng":173.378737309,"DIR":"Forward"}},{"type":"Feature","id":3053,"geometry":{"type":"LineString","coordinates":[[-6.3045128539394995,53.35128530085611],[-6.3037538818588,53.35101035480001],[-6.303449904576845,53.350997232791535],[-6.303107834641396,53.350713612188414],[-6.302099098620917,53.35038717162603]]},"properties":{"FID":3053,"BIKE":"BIKE_LANE","Shape_Leng":197.515522955,"DIR":"Forward"}},{"type":"Feature","id":3088,"geometry":{"type":"LineString","coordinates":[[-6.34125247649096,53.36653287989012],[-6.341475661248815,53.36653096924817],[-6.341604682056057,53.366697592782266],[-6.342103113576662,53.36689423552669]]},"properties":{"FID":3088,"BIKE":"BIKE_LANE","Shape_Leng":76.0924653888,"DIR":"Forward"}},{"type":"Feature","id":3089,"geometry":{"type":"LineString","coordinates":[[-6.341223033467209,53.366741714362185],[-6.341109999449324,53.36681000042504]]},"properties":{"FID":3089,"BIKE":"BIKE_LANE","Shape_Leng":10.6941581041,"DIR":"Forward"}},{"type":"Feature","id":3135,"geometry":{"type":"LineString","coordinates":[[-6.177079880845716,53.406552854817896],[-6.177427709808859,53.406397537428184],[-6.178266788329643,53.40428281286983],[-6.179191554406749,53.40310845510551]]},"properties":{"FID":3135,"BIKE":"BIKE_FRIENDLY_PEDESTRIAN_PATH","Shape_Leng":416.591995063,"DIR":"Forward"}},{"type":"Feature","id":3136,"geometry":{"type":"LineString","coordinates":[[-6.177395869995143,53.40679944442674],[-6.175356254170323,53.40664583467817],[-6.174289779879213,53.406718476633635],[-6.17376113804801,53.40692118292114]]},"properties":{"FID":3136,"BIKE":"BIKE_FRIENDLY_PEDESTRIAN_PATH","Shape_Leng":252.048411391,"DIR":"Forward"}},{"type":"Feature","id":3137,"geometry":{"type":"LineString","coordinates":[[-6.177454927190762,53.406562747942694],[-6.177484239442813,53.40673560698244],[-6.177395869995143,53.40679944442674]]},"properties":{"FID":3137,"BIKE":"BIKE_FRIENDLY_PEDESTRIAN_PATH","Shape_Leng":28.5570795606,"DIR":"Forward"}},{"type":"Feature","id":3138,"geometry":{"type":"LineString","coordinates":[[-6.177739188061206,53.40656708726073],[-6.177454927190762,53.406562747942694]]},"properties":{"FID":3138,"BIKE":"BIKE_FRIENDLY_PEDESTRIAN_PATH","Shape_Leng":18.9109000005,"DIR":"Forward"}},{"type":"Feature","id":3140,"geometry":{"type":"LineString","coordinates":[[-6.302910402022378,53.40273477776057],[-6.303664560276875,53.402869381921136],[-6.305395162872418,53.402769822403876],[-6.306232003445826,53.40282014422544],[-6.3085292521763225,53.40222711057627]]},"properties":{"FID":3140,"BIKE":"BIKE_FRIENDLY_PEDESTRIAN_PATH","Shape_Leng":400.407296241,"DIR":"Forward"}},{"type":"Feature","id":3177,"geometry":{"type":"LineString","coordinates":[[-6.162467863755359,53.40285651399497],[-6.162344771920918,53.40277253470968],[-6.158036351419342,53.40287198860861]]},"properties":{"FID":3177,"BIKE":"BIKE_FRIENDLY_PEDESTRIAN_PATH","Shape_Leng":300.275068511,"DIR":"Forward"}},{"type":"Feature","id":3190,"geometry":{"type":"LineString","coordinates":[[-6.255358985897585,53.36680108903574],[-6.255348392888557,53.366568698028466],[-6.255508394245862,53.36620869831542],[-6.256908402824326,53.36425870016338]]},"properties":{"FID":3190,"BIKE":"BIKE_FRIENDLY_PEDESTRIAN_PATH","Shape_Leng":304.583108015,"DIR":"Forward"}},{"type":"Feature","id":3191,"geometry":{"type":"LineString","coordinates":[[-6.258170728868635,53.36297182574455],[-6.257791061210455,53.36333162591857]]},"properties":{"FID":3191,"BIKE":"BIKE_LANE","Shape_Leng":47.4682738007,"DIR":"Forward"}},{"type":"Feature","id":3192,"geometry":{"type":"LineString","coordinates":[[-6.257791061210455,53.36333162591857],[-6.256908402824326,53.36425870016338]]},"properties":{"FID":3192,"BIKE":"BIKE_LANE","Shape_Leng":119.4342684,"DIR":"Forward"}},{"type":"Feature","id":3200,"geometry":{"type":"LineString","coordinates":[[-6.2498529638885865,53.37644793254175],[-6.249168073215164,53.376890658430085]]},"properties":{"FID":3200,"BIKE":"BIKE_FRIENDLY_PEDESTRIAN_PATH","Shape_Leng":67.1440968026,"DIR":"Forward"}},{"type":"Feature","id":3201,"geometry":{"type":"LineString","coordinates":[[-6.248996237050279,53.376808817595624],[-6.248065635764794,53.377653546496084]]},"properties":{"FID":3201,"BIKE":"BIKE_FRIENDLY_PEDESTRIAN_PATH","Shape_Leng":112.765995983,"DIR":"Forward"}},{"type":"Feature","id":3202,"geometry":{"type":"LineString","coordinates":[[-6.307758148459436,53.34209491057759],[-6.308852933501741,53.34211045917438]]},"properties":{"FID":3202,"BIKE":"BIKE_LANE","Shape_Leng":73.4880791726,"DIR":"Forward"}},{"type":"Feature","id":3203,"geometry":{"type":"LineString","coordinates":[[-6.308852933501741,53.34211045917438],[-6.308047019141483,53.34213876893644],[-6.30794286040273,53.34227375650275]]},"properties":{"FID":3203,"BIKE":"BIKE_LANE","Shape_Leng":71.6958167212,"DIR":"Forward"}},{"type":"Feature","id":3204,"geometry":{"type":"LineString","coordinates":[[-6.307758148459436,53.34209491057759],[-6.307761919034818,53.34191967898978]]},"properties":{"FID":3204,"BIKE":"BIKE_LANE","Shape_Leng":19.503141414,"DIR":"Forward"}},{"type":"Feature","id":3205,"geometry":{"type":"LineString","coordinates":[[-6.308119689149303,53.348194261354],[-6.308257013736575,53.3479710103338],[-6.308227014885399,53.347041009610464]]},"properties":{"FID":3205,"BIKE":"BIKE_LANE","Shape_Leng":130.991300538,"DIR":"Forward"}},{"type":"Feature","id":3206,"geometry":{"type":"LineString","coordinates":[[-6.307984087465835,53.34297220883473],[-6.308040692349435,53.34345809776686]]},"properties":{"FID":3206,"BIKE":"BIKE_LANE","Shape_Leng":54.2203047379,"DIR":"Forward"}},{"type":"Feature","id":3207,"geometry":{"type":"LineString","coordinates":[[-6.3086977402544235,53.34815553376727],[-6.311589685945687,53.34792426106833]]},"properties":{"FID":3207,"BIKE":"BIKE_LANE","Shape_Leng":195.388966607,"DIR":"Forward"}},{"type":"Feature","id":3208,"geometry":{"type":"LineString","coordinates":[[-6.308119689149303,53.348194261354],[-6.3086977402544235,53.34815553376727]]},"properties":{"FID":3208,"BIKE":"BIKE_LANE","Shape_Leng":38.7358249217,"DIR":"Forward"}},{"type":"Feature","id":3209,"geometry":{"type":"LineString","coordinates":[[-6.308195201060783,53.34829665524598],[-6.308119689149303,53.348194261354]]},"properties":{"FID":3209,"BIKE":"BIKE_FRIENDLY_PEDESTRIAN_PATH","Shape_Leng":12.4556457663,"DIR":"Forward"}},{"type":"Feature","id":3210,"geometry":{"type":"LineString","coordinates":[[-6.308040692349435,53.34345809776686],[-6.308126851570069,53.344038391103396]]},"properties":{"FID":3210,"BIKE":"BIKE_LANE","Shape_Leng":64.8651314249,"DIR":"Forward"}},{"type":"Feature","id":3211,"geometry":{"type":"LineString","coordinates":[[-6.309136193147527,53.343590381522795],[-6.3070818054297435,53.344008325156786]]},"properties":{"FID":3211,"BIKE":"BIKE_LANE","Shape_Leng":144.806587085,"DIR":"Forward"}},{"type":"Feature","id":3212,"geometry":{"type":"LineString","coordinates":[[-6.307967179550903,53.34426541826459],[-6.307820255090077,53.343211953333274]]},"properties":{"FID":3212,"BIKE":"BIKE_LANE","Shape_Leng":117.718455952,"DIR":"Forward"}},{"type":"Feature","id":3213,"geometry":{"type":"LineString","coordinates":[[-6.307967179550903,53.34426541826459],[-6.3070818054297435,53.344008325156786]]},"properties":{"FID":3213,"BIKE":"BIKE_LANE","Shape_Leng":67.3937479314,"DIR":"Forward"}},{"type":"Feature","id":3214,"geometry":{"type":"LineString","coordinates":[[-6.307630553460685,53.339552938919326],[-6.308048705658965,53.33840215330382],[-6.308030527013589,53.33820609687635],[-6.306298672773538,53.3366375070398],[-6.299649203005035,53.33410522551718],[-6.2965492018372835,53.33303522443338],[-6.293519615277523,53.33212787338296]]},"properties":{"FID":3214,"BIKE":"BIKE_LANE","Shape_Leng":1353.2707964,"DIR":"Forward"}},{"type":"Feature","id":3215,"geometry":{"type":"LineString","coordinates":[[-6.275696651645814,53.32946555496279],[-6.2796953887165525,53.32988730030646],[-6.288915383259844,53.3311672973604],[-6.291835382165218,53.33160729701267],[-6.293383159941173,53.33201237119512]]},"properties":{"FID":3215,"BIKE":"BIKE_LANE","Shape_Leng":1214.61221512,"DIR":"Forward"}},{"type":"Feature","id":3216,"geometry":{"type":"LineString","coordinates":[[-6.291308630275303,53.33338434141104],[-6.293270195647454,53.33205689451931]]},"properties":{"FID":3216,"BIKE":"BIKE_LANE","Shape_Leng":197.49792655,"DIR":"Forward"}},{"type":"Feature","id":3217,"geometry":{"type":"LineString","coordinates":[[-6.293607727322392,53.33208190857304],[-6.293519615277523,53.33212787338296]]},"properties":{"FID":3217,"BIKE":"BIKE_LANE","Shape_Leng":7.78615969876,"DIR":"Forward"}},{"type":"Feature","id":3218,"geometry":{"type":"LineString","coordinates":[[-6.293270195647454,53.33205689451931],[-6.293383159941173,53.33201237119512]]},"properties":{"FID":3218,"BIKE":"BIKE_LANE","Shape_Leng":9.01039963475,"DIR":"Forward"}},{"type":"Feature","id":3219,"geometry":{"type":"LineString","coordinates":[[-6.293519615277523,53.33212787338296],[-6.293270195647454,53.33205689451931]]},"properties":{"FID":3219,"BIKE":"BIKE_LANE","Shape_Leng":18.398280355,"DIR":"Forward"}},{"type":"Feature","id":3220,"geometry":{"type":"LineString","coordinates":[[-6.293383159941173,53.33201237119512],[-6.293607727322392,53.33208190857304]]},"properties":{"FID":3220,"BIKE":"BIKE_LANE","Shape_Leng":16.8436495472,"DIR":"Forward"}},{"type":"Feature","id":3221,"geometry":{"type":"LineString","coordinates":[[-6.275456795990749,53.32957771347338],[-6.272429461696586,53.329543294728445],[-6.264334815438169,53.33000885671104]]},"properties":{"FID":3221,"BIKE":"BIKE_LANE","Shape_Leng":744.235380107,"DIR":"Forward"}},{"type":"Feature","id":3222,"geometry":{"type":"LineString","coordinates":[[-6.275486356592262,53.329464654166195],[-6.2759387845235315,53.328916334984804]]},"properties":{"FID":3222,"BIKE":"BIKE_LANE","Shape_Leng":68.0757133138,"DIR":"Forward"}},{"type":"Feature","id":3223,"geometry":{"type":"LineString","coordinates":[[-6.275486356592262,53.329464654166195],[-6.275696651645814,53.32946555496279]]},"properties":{"FID":3223,"BIKE":"BIKE_LANE","Shape_Leng":14.011021555,"DIR":"Forward"}},{"type":"Feature","id":3224,"geometry":{"type":"LineString","coordinates":[[-6.27560037936212,53.329589862130966],[-6.275456795990749,53.32957771347338]]},"properties":{"FID":3224,"BIKE":"BIKE_LANE","Shape_Leng":9.66112132731,"DIR":"Forward"}},{"type":"Feature","id":3225,"geometry":{"type":"LineString","coordinates":[[-6.264335332635206,53.33017813500954],[-6.264192066150987,53.33019093114032]]},"properties":{"FID":3225,"BIKE":"BIKE_LANE","Shape_Leng":9.65047491606,"DIR":"Forward"}},{"type":"Feature","id":3226,"geometry":{"type":"LineString","coordinates":[[-6.264224458309202,53.33031594561827],[-6.264192066150987,53.33019093114032]]},"properties":{"FID":3226,"BIKE":"BIKE_LANE","Shape_Leng":14.0793231801,"DIR":"Forward"}},{"type":"Feature","id":3227,"geometry":{"type":"LineString","coordinates":[[-6.264335332635206,53.33017813500954],[-6.264339704386772,53.33023161867498]]},"properties":{"FID":3227,"BIKE":"BIKE_LANE","Shape_Leng":5.95935610603,"DIR":"Forward"}},{"type":"Feature","id":3228,"geometry":{"type":"LineString","coordinates":[[-6.264189652660414,53.32990785078198],[-6.264346648027993,53.32991936687498]]},"properties":{"FID":3228,"BIKE":"BIKE_LANE","Shape_Leng":10.5377743466,"DIR":"Forward"}},{"type":"Feature","id":3229,"geometry":{"type":"LineString","coordinates":[[-6.264334815438169,53.33000885671104],[-6.264176419533567,53.32999843475322]]},"properties":{"FID":3229,"BIKE":"BIKE_LANE","Shape_Leng":10.6163815888,"DIR":"Forward"}},{"type":"Feature","id":3230,"geometry":{"type":"LineString","coordinates":[[-6.264176419533567,53.32999843475322],[-6.264189652660414,53.32990785078198]]},"properties":{"FID":3230,"BIKE":"BIKE_LANE","Shape_Leng":10.1196306795,"DIR":"Forward"}},{"type":"Feature","id":3231,"geometry":{"type":"LineString","coordinates":[[-6.264176419533567,53.32999843475322],[-6.261778679628855,53.330092476526616],[-6.260143024705535,53.330357762635636]]},"properties":{"FID":3231,"BIKE":"BIKE_LANE","Shape_Leng":273.592751217,"DIR":"Forward"}},{"type":"Feature","id":3232,"geometry":{"type":"LineString","coordinates":[[-6.263075942480118,53.332580253898385],[-6.2625968319850225,53.33217196505332],[-6.260180821517643,53.33057244456012]]},"properties":{"FID":3232,"BIKE":"BIKE_LANE","Shape_Leng":296.525089016,"DIR":"Forward"}},{"type":"Feature","id":3233,"geometry":{"type":"LineString","coordinates":[[-6.259990521337967,53.330392976534405],[-6.252797232483601,53.33196537695207]]},"properties":{"FID":3233,"BIKE":"BIKE_LANE","Shape_Leng":510.279596617,"DIR":"Forward"}},{"type":"Feature","id":3234,"geometry":{"type":"LineString","coordinates":[[-6.260143024705535,53.330357762635636],[-6.259990521337967,53.330392976534405]]},"properties":{"FID":3234,"BIKE":"BIKE_LANE","Shape_Leng":10.8897902164,"DIR":"Forward"}},{"type":"Feature","id":3235,"geometry":{"type":"LineString","coordinates":[[-6.259990521337967,53.330392976534405],[-6.259922136467299,53.3303341520481]]},"properties":{"FID":3235,"BIKE":"BIKE_LANE","Shape_Leng":7.97591590298,"DIR":"Forward"}},{"type":"Feature","id":3236,"geometry":{"type":"LineString","coordinates":[[-6.259922136467299,53.3303341520481],[-6.260078980971988,53.330282580230865]]},"properties":{"FID":3236,"BIKE":"BIKE_LANE","Shape_Leng":11.921895887,"DIR":"Forward"}},{"type":"Feature","id":3237,"geometry":{"type":"LineString","coordinates":[[-6.260078980971988,53.330282580230865],[-6.260143024705535,53.330357762635636]]},"properties":{"FID":3237,"BIKE":"BIKE_LANE","Shape_Leng":9.39222055679,"DIR":"Forward"}},{"type":"Feature","id":3238,"geometry":{"type":"LineString","coordinates":[[-6.260296755857289,53.33051510310753],[-6.260180821517643,53.33057244456012]]},"properties":{"FID":3238,"BIKE":"BIKE_FRIENDLY_PEDESTRIAN_PATH","Shape_Leng":10.01907511,"DIR":"Bi-Directional"}},{"type":"Feature","id":3239,"geometry":{"type":"LineString","coordinates":[[-6.259922136467299,53.3303341520481],[-6.259315795716638,53.32964765861804],[-6.258766156262622,53.32883450000758],[-6.25825607668314,53.327432965529745],[-6.2580760773312685,53.32719296656899],[-6.256236079377803,53.32651296370465],[-6.254796083096004,53.32532296223556],[-6.253898363729915,53.32488372766817]]},"properties":{"FID":3239,"BIKE":"BIKE_LANE","Shape_Leng":759.419556928,"DIR":"Forward"}},{"type":"Feature","id":3240,"geometry":{"type":"LineString","coordinates":[[-6.2525802249074545,53.33198156330036],[-6.252797414250936,53.332235964990446]]},"properties":{"FID":3240,"BIKE":"BIKE_LANE","Shape_Leng":31.8441263058,"DIR":"Forward"}},{"type":"Feature","id":3241,"geometry":{"type":"LineString","coordinates":[[-6.252516656703594,53.33190438029047],[-6.250935766689326,53.33228769502573],[-6.245248661747839,53.33397757201185]]},"properties":{"FID":3241,"BIKE":"BIKE_LANE","Shape_Leng":537.512761751,"DIR":"Forward"}},{"type":"Feature","id":3242,"geometry":{"type":"LineString","coordinates":[[-6.2457142523913864,53.33433136325172],[-6.245495712003058,53.33441463327317]]},"properties":{"FID":3242,"BIKE":"BIKE_FRIENDLY_PEDESTRIAN_PATH","Shape_Leng":17.4954070955,"DIR":"Bi-Directional"}},{"type":"Feature","id":3244,"geometry":{"type":"LineString","coordinates":[[-6.252797232483601,53.33196537695207],[-6.2525802249074545,53.33198156330036]]},"properties":{"FID":3244,"BIKE":"BIKE_LANE","Shape_Leng":14.568888287,"DIR":"Forward"}},{"type":"Feature","id":3245,"geometry":{"type":"LineString","coordinates":[[-6.2525802249074545,53.33198156330036],[-6.252516656703594,53.33190438029047]]},"properties":{"FID":3245,"BIKE":"BIKE_LANE","Shape_Leng":9.57699469577,"DIR":"Forward"}},{"type":"Feature","id":3246,"geometry":{"type":"LineString","coordinates":[[-6.252516656703594,53.33190438029047],[-6.25274315093436,53.331870216507916]]},"properties":{"FID":3246,"BIKE":"BIKE_LANE","Shape_Leng":15.5607777626,"DIR":"Forward"}},{"type":"Feature","id":3247,"geometry":{"type":"LineString","coordinates":[[-6.25274315093436,53.331870216507916],[-6.252797232483601,53.33196537695207]]},"properties":{"FID":3247,"BIKE":"BIKE_LANE","Shape_Leng":11.1865879283,"DIR":"Forward"}},{"type":"Feature","id":3248,"geometry":{"type":"LineString","coordinates":[[-6.257136068786284,53.33620264750828],[-6.256643992394627,53.33583862951247],[-6.25335638004462,53.33275311763013]]},"properties":{"FID":3248,"BIKE":"BIKE_LANE","Shape_Leng":459.635079008,"DIR":"Forward"}},{"type":"Feature","id":3249,"geometry":{"type":"LineString","coordinates":[[-6.252989015308491,53.33217060414244],[-6.252797414250936,53.332235964990446]]},"properties":{"FID":3249,"BIKE":"BIKE_FRIENDLY_PEDESTRIAN_PATH","Shape_Leng":14.6915932462,"DIR":"Forward"}},{"type":"Feature","id":3250,"geometry":{"type":"LineString","coordinates":[[-6.258728251368806,53.33393583695078],[-6.257366264720157,53.33613303748612]]},"properties":{"FID":3250,"BIKE":"BIKE_LANE","Shape_Leng":261.246661401,"DIR":"Forward"}},{"type":"Feature","id":3251,"geometry":{"type":"LineString","coordinates":[[-6.255277948811463,53.33859461952174],[-6.256847770640999,53.3366760385592],[-6.257136068786284,53.33620264750828]]},"properties":{"FID":3251,"BIKE":"BIKE_LANE","Shape_Leng":295.171027856,"DIR":"Forward"}},{"type":"Feature","id":3252,"geometry":{"type":"LineString","coordinates":[[-6.257245746035499,53.336090687432566],[-6.257366264720157,53.33613303748612]]},"properties":{"FID":3252,"BIKE":"BIKE_LANE","Shape_Leng":9.30945634616,"DIR":"Forward"}},{"type":"Feature","id":3253,"geometry":{"type":"LineString","coordinates":[[-6.257136068786284,53.33620264750828],[-6.257245746035499,53.336090687432566]]},"properties":{"FID":3253,"BIKE":"BIKE_LANE","Shape_Leng":14.4441283621,"DIR":"Forward"}},{"type":"Feature","id":3254,"geometry":{"type":"LineString","coordinates":[[-6.2377800784829205,53.322522991501536],[-6.244586996196225,53.32764768716832],[-6.247034552253252,53.32856724779655],[-6.248231694811635,53.32915195358541]]},"properties":{"FID":3254,"BIKE":"BIKE_LANE","Shape_Leng":1024.34785659,"DIR":"Forward"}},{"type":"Feature","id":3255,"geometry":{"type":"LineString","coordinates":[[-6.239667048974767,53.32412604021695],[-6.244459790465678,53.327743402295205],[-6.245326301754146,53.32810751146395]]},"properties":{"FID":3255,"BIKE":"BIKE_LANE","Shape_Leng":584.644428342,"DIR":"Forward"}},{"type":"Feature","id":3256,"geometry":{"type":"LineString","coordinates":[[-6.237197070424475,53.32237434629379],[-6.236870063139232,53.32221448582021],[-6.235901101329952,53.32201973925651],[-6.2325654501152385,53.31967378175269]]},"properties":{"FID":3256,"BIKE":"BIKE_LANE","Shape_Leng":440.102278557,"DIR":"Forward"}},{"type":"Feature","id":3257,"geometry":{"type":"LineString","coordinates":[[-6.232866556757205,53.31967058618525],[-6.234503434935461,53.32091438108776]]},"properties":{"FID":3257,"BIKE":"BIKE_LANE","Shape_Leng":176.54788266,"DIR":"Forward"}},{"type":"Feature","id":3258,"geometry":{"type":"LineString","coordinates":[[-6.2450130746791785,53.33401217212169],[-6.2444451213406476,53.33368620903801],[-6.243245121026252,53.33321620818738]]},"properties":{"FID":3258,"BIKE":"BIKE_LANE","Shape_Leng":148.086638671,"DIR":"Forward"}},{"type":"Feature","id":3259,"geometry":{"type":"LineString","coordinates":[[-6.247113850679684,53.32880148497694],[-6.245678870018584,53.32822223495106]]},"properties":{"FID":3259,"BIKE":"BIKE_LANE","Shape_Leng":115.40031676,"DIR":"Forward"}},{"type":"Feature","id":3260,"geometry":{"type":"LineString","coordinates":[[-6.245678870018584,53.32822223495106],[-6.245326301754146,53.32810751146395]]},"properties":{"FID":3260,"BIKE":"BIKE_LANE","Shape_Leng":26.7398002189,"DIR":"Forward"}},{"type":"Feature","id":3261,"geometry":{"type":"LineString","coordinates":[[-6.232638781464483,53.31949090890277],[-6.23414236453961,53.31905445327473],[-6.236812362753367,53.31852445335979],[-6.239152360942825,53.318414453328394],[-6.241502358437329,53.31848445236324],[-6.241637673109237,53.31831143037796]]},"properties":{"FID":3261,"BIKE":"BIKE_LANE","Shape_Leng":636.740788699,"DIR":"Forward"}},{"type":"Feature","id":3262,"geometry":{"type":"LineString","coordinates":[[-6.232903337539209,53.31956025731193],[-6.2325654501152385,53.31967378175269]]},"properties":{"FID":3262,"BIKE":"BIKE_LANE","Shape_Leng":25.9418067753,"DIR":"Forward"}},{"type":"Feature","id":3263,"geometry":{"type":"LineString","coordinates":[[-6.253898363729915,53.32488372766817],[-6.249388360073573,53.32312372617535],[-6.246538357874772,53.321573725270994],[-6.243440545796769,53.319663790514404]]},"properties":{"FID":3263,"BIKE":"BIKE_LANE","Shape_Leng":912.236904243,"DIR":"Forward"}},{"type":"Feature","id":3264,"geometry":{"type":"LineString","coordinates":[[-6.2540298278139925,53.32485615470209],[-6.254864634475933,53.325244744518315]]},"properties":{"FID":3264,"BIKE":"BIKE_LANE","Shape_Leng":70.4576866227,"DIR":"Forward"}},{"type":"Feature","id":3265,"geometry":{"type":"LineString","coordinates":[[-6.241637673109237,53.31831143037796],[-6.24026689757645,53.31732801732067],[-6.23828756617894,53.31650616860246],[-6.237723320137728,53.316130396819844],[-6.237635708223822,53.31591589080479],[-6.237669110142026,53.315677980780286],[-6.238102750553429,53.31501464617117],[-6.238580499780724,53.313478847912066]]},"properties":{"FID":3265,"BIKE":"BIKE_LANE","Shape_Leng":664.450007731,"DIR":"Forward"}},{"type":"Feature","id":3267,"geometry":{"type":"MultiLineString","coordinates":[[[-6.237561273023653,53.3092808286511],[-6.236747645176503,53.30780195786539]],[[-6.238580499780724,53.313478847912066],[-6.238620500930222,53.313358847731834],[-6.238580499780724,53.313478847912066]],[[-6.24347550430362,53.31969137772063],[-6.241985509300324,53.318583597420854]]]},"properties":{"FID":3267,"BIKE":"BIKE_LANE","Shape_Leng":359.275739016,"DIR":"Forward"}},{"type":"Feature","id":3268,"geometry":{"type":"LineString","coordinates":[[-6.241985509300324,53.318583597420854],[-6.241637673109237,53.31831143037796]]},"properties":{"FID":3268,"BIKE":"BIKE_LANE","Shape_Leng":38.1417651893,"DIR":"Forward"}},{"type":"Feature","id":3269,"geometry":{"type":"LineString","coordinates":[[-6.241502358437329,53.31848445236324],[-6.242003084750175,53.31846722318324]]},"properties":{"FID":3269,"BIKE":"BIKE_LANE","Shape_Leng":33.5208439532,"DIR":"Forward"}},{"type":"Feature","id":3270,"geometry":{"type":"MultiLineString","coordinates":[[[-6.2387497463973585,53.31337808833005],[-6.2387097455902305,53.31349808855609]],[[-6.2387097455902305,53.31349808855609],[-6.23821974758146,53.315028088750644],[-6.23784644541152,53.315604333486895],[-6.237773224249977,53.31582502618636],[-6.237827826736158,53.31605624869165],[-6.238304240438401,53.31640026981515],[-6.24041478828958,53.317318524449426],[-6.242003084750175,53.31846722318324]]]},"properties":{"FID":3270,"BIKE":"BIKE_LANE","Shape_Leng":697.936776192,"DIR":"Forward"}},{"type":"Feature","id":3271,"geometry":{"type":"LineString","coordinates":[[-6.2325654501152385,53.31967378175269],[-6.231908967866464,53.319224936746345]]},"properties":{"FID":3271,"BIKE":"BIKE_LANE","Shape_Leng":66.4384285795,"DIR":"Forward"}},{"type":"Feature","id":3272,"geometry":{"type":"LineString","coordinates":[[-6.232638781464483,53.31949090890277],[-6.232866556757205,53.31967058618525]]},"properties":{"FID":3272,"BIKE":"BIKE_LANE","Shape_Leng":25.1049542767,"DIR":"Forward"}},{"type":"Feature","id":3276,"geometry":{"type":"LineString","coordinates":[[-6.265692557243992,53.33755478016908],[-6.265629226461698,53.33731558624132]]},"properties":{"FID":3276,"BIKE":"BIKE_LANE","Shape_Leng":26.9522739993,"DIR":"Forward"}},{"type":"Feature","id":3277,"geometry":{"type":"LineString","coordinates":[[-6.2657276847462215,53.33768744763339],[-6.265692557243992,53.33755478016908]]},"properties":{"FID":3277,"BIKE":"BIKE_LANE","Shape_Leng":14.9489296461,"DIR":"Forward"}},{"type":"Feature","id":3278,"geometry":{"type":"LineString","coordinates":[[-6.265885206800223,53.33767363165047],[-6.265921808807525,53.33779743752671]]},"properties":{"FID":3278,"BIKE":"BIKE_LANE","Shape_Leng":13.9925030154,"DIR":"Forward"}},{"type":"Feature","id":3279,"geometry":{"type":"LineString","coordinates":[[-6.2658493340075125,53.33755228831803],[-6.265885206800223,53.33767363165047]]},"properties":{"FID":3279,"BIKE":"BIKE_LANE","Shape_Leng":13.714174298,"DIR":"Forward"}},{"type":"Feature","id":3280,"geometry":{"type":"LineString","coordinates":[[-6.269210106429231,53.33819973094163],[-6.268562434951159,53.33785164539226],[-6.268244518447733,53.3377838498623],[-6.266419733936157,53.33763269366796]]},"properties":{"FID":3280,"BIKE":"BIKE_LANE","Shape_Leng":203.907699527,"DIR":"Forward"}},{"type":"Feature","id":3281,"geometry":{"type":"LineString","coordinates":[[-6.269204244301359,53.33798732059297],[-6.269433084797564,53.33809077605984]]},"properties":{"FID":3281,"BIKE":"BIKE_LANE","Shape_Leng":19.1028444508,"DIR":"Forward"}},{"type":"Feature","id":3282,"geometry":{"type":"LineString","coordinates":[[-6.27089177195835,53.33846597941181],[-6.2693871588751575,53.33829038207943]]},"properties":{"FID":3282,"BIKE":"BIKE_LANE","Shape_Leng":103.304420142,"DIR":"Forward"}},{"type":"Feature","id":3283,"geometry":{"type":"LineString","coordinates":[[-6.272461137635268,53.33891270483819],[-6.27089177195835,53.33846597941181]]},"properties":{"FID":3283,"BIKE":"BIKE_LANE","Shape_Leng":115.950506483,"DIR":"Forward"}},{"type":"Feature","id":3284,"geometry":{"type":"LineString","coordinates":[[-6.272200000600947,53.33841000133642],[-6.272419694168869,53.338403354417274]]},"properties":{"FID":3284,"BIKE":"BIKE_LANE","Shape_Leng":14.6524604348,"DIR":"Forward"}},{"type":"Feature","id":3285,"geometry":{"type":"LineString","coordinates":[[-6.272200000600947,53.33841000133642],[-6.272345073148335,53.33847094385749],[-6.2724265944909146,53.33872670446347],[-6.27274173590656,53.338736048339975],[-6.272736825327108,53.33883083143871]]},"properties":{"FID":3285,"BIKE":"BIKE_LANE","Shape_Leng":72.4171101228,"DIR":"Forward"}},{"type":"Feature","id":3286,"geometry":{"type":"LineString","coordinates":[[-6.274626922702356,53.33940945634351],[-6.272994506914479,53.33913263272846],[-6.272725334028524,53.33917530235236]]},"properties":{"FID":3286,"BIKE":"BIKE_LANE","Shape_Leng":133.042233961,"DIR":"Forward"}},{"type":"Feature","id":3287,"geometry":{"type":"LineString","coordinates":[[-6.272725334028524,53.33917530235236],[-6.272659165688928,53.33936452817937]]},"properties":{"FID":3287,"BIKE":"BIKE_LANE","Shape_Leng":21.5153315209,"DIR":"Forward"}},{"type":"Feature","id":3288,"geometry":{"type":"LineString","coordinates":[[-6.274592243126759,53.33930872125125],[-6.275156365131054,53.338952098197026],[-6.27557017683532,53.338865096610796],[-6.278891659436307,53.33873543869604],[-6.280648652467832,53.33827434101726],[-6.283728645389187,53.33790434066678],[-6.285128705805055,53.337571175445575],[-6.286310082087816,53.337166151416554],[-6.287828637560571,53.33650434182441],[-6.289058635114615,53.33579434148817],[-6.28944863364763,53.335384341058706],[-6.289827641806167,53.33455262602019],[-6.290052276733929,53.33428518142064],[-6.291308630275303,53.33338434141104]]},"properties":{"FID":3288,"BIKE":"BIKE_LANE","Shape_Leng":1389.44267481,"DIR":"Forward"}},{"type":"Feature","id":3289,"geometry":{"type":"LineString","coordinates":[[-6.253152829154101,53.33256040461738],[-6.252797414250936,53.332235964990446]]},"properties":{"FID":3289,"BIKE":"BIKE_LANE","Shape_Leng":43.1782106194,"DIR":"Forward"}},{"type":"Feature","id":3290,"geometry":{"type":"LineString","coordinates":[[-6.252989015308491,53.33217060414244],[-6.253321119258325,53.33248382083182]]},"properties":{"FID":3290,"BIKE":"BIKE_LANE","Shape_Leng":41.2918417327,"DIR":"Forward"}},{"type":"Feature","id":3291,"geometry":{"type":"LineString","coordinates":[[-6.253321119258325,53.33248382083182],[-6.253408672124539,53.33256805522077]]},"properties":{"FID":3291,"BIKE":"BIKE_LANE","Shape_Leng":11.0412346412,"DIR":"Forward"}},{"type":"Feature","id":3292,"geometry":{"type":"LineString","coordinates":[[-6.25335638004462,53.33275311763013],[-6.253152829154101,53.33256040461738]]},"properties":{"FID":3292,"BIKE":"BIKE_LANE","Shape_Leng":25.3753765514,"DIR":"Forward"}},{"type":"Feature","id":3293,"geometry":{"type":"LineString","coordinates":[[-6.253152829154101,53.33256040461738],[-6.253321119258325,53.33248382083182]]},"properties":{"FID":3293,"BIKE":"BIKE_LANE","Shape_Leng":14.083250628,"DIR":"Forward"}},{"type":"Feature","id":3294,"geometry":{"type":"LineString","coordinates":[[-6.253408672124539,53.33256805522077],[-6.25335638004462,53.33275311763013]]},"properties":{"FID":3294,"BIKE":"BIKE_LANE","Shape_Leng":20.8883172134,"DIR":"Forward"}},{"type":"Feature","id":3295,"geometry":{"type":"LineString","coordinates":[[-6.253371479923814,53.3082269921469],[-6.2509819290893525,53.308648060338136],[-6.248864511511966,53.309764650955174],[-6.248511931327735,53.3100966156574],[-6.248283163198521,53.310670680726574]]},"properties":{"FID":3295,"BIKE":"BIKE_LANE","Shape_Leng":464.260436842,"DIR":"Forward"}},{"type":"Feature","id":3297,"geometry":{"type":"LineString","coordinates":[[-6.274681846595001,53.31196630698942],[-6.274292818778466,53.31210331509257],[-6.273974203184037,53.31237548359257],[-6.267635474058881,53.32136206789226],[-6.2660036342049406,53.32190322951704]]},"properties":{"FID":3297,"BIKE":"BIKE_LANE","Shape_Leng":1279.03831398,"DIR":"Forward"}},{"type":"Feature","id":3298,"geometry":{"type":"LineString","coordinates":[[-6.278803092560824,53.311060944031986],[-6.283386179735111,53.309877273754175]]},"properties":{"FID":3298,"BIKE":"BIKE_LANE","Shape_Leng":332.706306825,"DIR":"Forward"}},{"type":"Feature","id":3299,"geometry":{"type":"LineString","coordinates":[[-6.275197301141528,53.31178667159708],[-6.274447218397979,53.311907510610204]]},"properties":{"FID":3299,"BIKE":"BIKE_LANE","Shape_Leng":51.7711575505,"DIR":"Forward"}},{"type":"Feature","id":3300,"geometry":{"type":"LineString","coordinates":[[-6.279144571756435,53.32273855080944],[-6.279298115886447,53.32238040424815],[-6.2793076690636545,53.321666555326374],[-6.278767671115124,53.32033655547603],[-6.278717671237015,53.3198465554594],[-6.278827671877124,53.31918655564083],[-6.2790285592572435,53.31868111463855],[-6.279617672015811,53.31777655527929],[-6.282057674634238,53.31505655630648],[-6.282447675577704,53.314336556178404],[-6.2824676745593155,53.314206555861],[-6.282152522135453,53.31348690629161],[-6.282527677028554,53.31209655584973],[-6.283372444908183,53.30994961389236]]},"properties":{"FID":3300,"BIKE":"BIKE_LANE","Shape_Leng":1495.600837,"DIR":"Forward"}},{"type":"Feature","id":3306,"geometry":{"type":"LineString","coordinates":[[-6.278456361168296,53.32594146568468],[-6.279986336809753,53.323585747541394],[-6.280986336980129,53.32287574867378],[-6.281576336627086,53.32256574793916],[-6.2833163371746865,53.322015749319384],[-6.2836863374316225,53.32180574911195],[-6.284666338598347,53.32092574993111],[-6.286916339163879,53.31995575017006],[-6.287306338084742,53.31984575103672],[-6.289126339065498,53.31968575176547],[-6.290636338039536,53.319385752635526],[-6.292536339351456,53.31766575366032],[-6.293696340881784,53.31677575387036],[-6.29833634473278,53.31279575518207],[-6.30446634557898,53.30931575884413],[-6.305076346058932,53.30880575908676],[-6.305306346782496,53.30844575885531],[-6.3073563512903545,53.30437575995915],[-6.308493548354222,53.30273976366028]]},"properties":{"FID":3306,"BIKE":"BIKE_LANE","Shape_Leng":3407.42384395,"DIR":"Forward"}},{"type":"Feature","id":3314,"geometry":{"type":"LineString","coordinates":[[-6.316924005008365,53.32557679765532],[-6.3156016140477105,53.32621603689973],[-6.314854485347174,53.326419957932046],[-6.303360628650572,53.32889412778973],[-6.29921716901148,53.329874282145454]]},"properties":{"FID":3314,"BIKE":"BIKE_LANE","Shape_Leng":1279.37918856,"DIR":"Forward"}},{"type":"Feature","id":3315,"geometry":{"type":"LineString","coordinates":[[-6.28388915500556,53.309730967909424],[-6.284826067888828,53.30943598908488],[-6.296856062524819,53.302035990711225],[-6.299967139508672,53.29968980255763]]},"properties":{"FID":3315,"BIKE":"BIKE_LANE","Shape_Leng":1554.30996998,"DIR":"Forward"}},{"type":"Feature","id":3317,"geometry":{"type":"LineString","coordinates":[[-6.28324298325867,53.30579345283481],[-6.283607605465869,53.30676775443613],[-6.283937602477423,53.30817775333889],[-6.283817601595887,53.30899775328369],[-6.283386179735111,53.309877273754175]]},"properties":{"FID":3317,"BIKE":"BIKE_LANE","Shape_Leng":463.517075079,"DIR":"Forward"}},{"type":"Feature","id":3318,"geometry":{"type":"LineString","coordinates":[[-6.2837017834024085,53.3096493270805],[-6.2836076836967125,53.30990236490626]]},"properties":{"FID":3318,"BIKE":"BIKE_LANE","Shape_Leng":28.8972596283,"DIR":"Forward"}},{"type":"Feature","id":3319,"geometry":{"type":"LineString","coordinates":[[-6.2837017834024085,53.3096493270805],[-6.28388915500556,53.309730967909424]]},"properties":{"FID":3319,"BIKE":"BIKE_LANE","Shape_Leng":16.4969257251,"DIR":"Forward"}},{"type":"Feature","id":3320,"geometry":{"type":"LineString","coordinates":[[-6.2837263243289545,53.30977172919605],[-6.28388915500556,53.309730967909424]]},"properties":{"FID":3320,"BIKE":"BIKE_LANE","Shape_Leng":11.7643866172,"DIR":"Forward"}},{"type":"Feature","id":3321,"geometry":{"type":"LineString","coordinates":[[-6.283386179735111,53.309877273754175],[-6.2837263243289545,53.30977172919605]]},"properties":{"FID":3321,"BIKE":"BIKE_LANE","Shape_Leng":25.7571942688,"DIR":"Forward"}},{"type":"Feature","id":3322,"geometry":{"type":"LineString","coordinates":[[-6.283372444908183,53.30994961389236],[-6.283757623211639,53.30982877517287]]},"properties":{"FID":3322,"BIKE":"BIKE_LANE","Shape_Leng":28.9826599167,"DIR":"Forward"}},{"type":"Feature","id":3323,"geometry":{"type":"LineString","coordinates":[[-6.283372444908183,53.30994961389236],[-6.283386179735111,53.309877273754175]]},"properties":{"FID":3323,"BIKE":"BIKE_LANE","Shape_Leng":8.10261386178,"DIR":"Forward"}},{"type":"Feature","id":3324,"geometry":{"type":"LineString","coordinates":[[-6.278456361168296,53.32594146568468],[-6.277814485526223,53.32660709915609]]},"properties":{"FID":3324,"BIKE":"BIKE_LANE","Shape_Leng":85.6957145355,"DIR":"Forward"}},{"type":"Feature","id":3325,"geometry":{"type":"LineString","coordinates":[[-6.27828090869672,53.326321285205815],[-6.278139487551147,53.3265024855448]]},"properties":{"FID":3325,"BIKE":"BIKE_LANE","Shape_Leng":22.2586705719,"DIR":"Forward"}},{"type":"Feature","id":3326,"geometry":{"type":"LineString","coordinates":[[-6.3173136394985185,53.32484551132572],[-6.319259452854278,53.32313140645326],[-6.331340218548,53.317798090239215],[-6.33178300819571,53.31757672431663],[-6.332047063163312,53.31724284994071]]},"properties":{"FID":3326,"BIKE":"BIKE_LANE","Shape_Leng":1310.99686079,"DIR":"Forward"}},{"type":"Feature","id":3327,"geometry":{"type":"LineString","coordinates":[[-6.317322937694001,53.324960118107946],[-6.317402280491615,53.32509361446688],[-6.317557315622307,53.3251164126754]]},"properties":{"FID":3327,"BIKE":"BIKE_LANE","Shape_Leng":27.6482495081,"DIR":"Forward"}},{"type":"Feature","id":3328,"geometry":{"type":"LineString","coordinates":[[-6.317322937694001,53.324960118107946],[-6.317098342282552,53.32505429853026]]},"properties":{"FID":3328,"BIKE":"BIKE_LANE","Shape_Leng":18.3128216502,"DIR":"Forward"}},{"type":"Feature","id":3329,"geometry":{"type":"LineString","coordinates":[[-6.316467714826878,53.325638143111206],[-6.316975618326445,53.325316376707924],[-6.317098342282552,53.32505429853026]]},"properties":{"FID":3329,"BIKE":"BIKE_LANE","Shape_Leng":80.7979671173,"DIR":"Forward"}},{"type":"Feature","id":3330,"geometry":{"type":"LineString","coordinates":[[-6.317098342282552,53.32505429853026],[-6.3173136394985185,53.32484551132572]]},"properties":{"FID":3330,"BIKE":"BIKE_LANE","Shape_Leng":27.6689673469,"DIR":"Forward"}},{"type":"Feature","id":3331,"geometry":{"type":"LineString","coordinates":[[-6.240478891569067,53.33767585047628],[-6.239741649109758,53.33727468468349],[-6.237961648076908,53.33605468440123],[-6.235621650780873,53.3326746833596],[-6.23494165010079,53.33185468294402],[-6.232831651285069,53.33014468250089]]},"properties":{"FID":3331,"BIKE":"BIKE_LANE","Shape_Leng":993.015998042,"DIR":"Forward"}},{"type":"Feature","id":3332,"geometry":{"type":"LineString","coordinates":[[-6.240058725181178,53.337350975012185],[-6.240569366872127,53.33761436306326]]},"properties":{"FID":3332,"BIKE":"BIKE_LANE","Shape_Leng":45.0096122633,"DIR":"Forward"}},{"type":"Feature","id":3333,"geometry":{"type":"LineString","coordinates":[[-6.230000478236662,53.32877976930377],[-6.226200474997298,53.327709766873056],[-6.225140475789606,53.32729976691034],[-6.223400474782446,53.325689766391484],[-6.21928047342254,53.3232297652921],[-6.21637047231176,53.32106976450933],[-6.2126504711313695,53.31893976241069]]},"properties":{"FID":3333,"BIKE":"BIKE_LANE","Shape_Leng":1618.07549575,"DIR":"Forward"}},{"type":"Feature","id":3370,"geometry":{"type":"LineString","coordinates":[[-6.259316564129442,53.34758658970859],[-6.259088626706566,53.347644373296774]]},"properties":{"FID":3370,"BIKE":"BIKE_LANE","Shape_Leng":16.4856719537,"DIR":"Forward"}},{"type":"Feature","id":3474,"geometry":{"type":"LineString","coordinates":[[-6.346838657546662,53.33571834388154],[-6.34628101754993,53.33419693459885],[-6.3464590187385745,53.33269046215795],[-6.346313159014131,53.33204681532559]]},"properties":{"FID":3474,"BIKE":"BIKE_LANE","Shape_Leng":414.167297106,"DIR":"Forward"}},{"type":"Feature","id":3475,"geometry":{"type":"LineString","coordinates":[[-6.257366264720157,53.33613303748612],[-6.256935779087872,53.33678754954866]]},"properties":{"FID":3475,"BIKE":"BIKE_LANE","Shape_Leng":78.8982195332,"DIR":"Forward"}},{"type":"Feature","id":3476,"geometry":{"type":"LineString","coordinates":[[-6.251653334926192,53.34747248639588],[-6.2516252664006595,53.34739393952042]]},"properties":{"FID":3476,"BIKE":"BIKE_LANE","Shape_Leng":8.93920385271,"DIR":"Forward"}},{"type":"Feature","id":3477,"geometry":{"type":"LineString","coordinates":[[-6.251463833216938,53.34818107352147],[-6.251653334926192,53.34747248639588]]},"properties":{"FID":3477,"BIKE":"BIKE_LANE","Shape_Leng":80.0764226636,"DIR":"Forward"}},{"type":"Feature","id":3478,"geometry":{"type":"LineString","coordinates":[[-6.251463833216938,53.34818107352147],[-6.251446724251051,53.348359991140256]]},"properties":{"FID":3478,"BIKE":"BIKE_LANE","Shape_Leng":19.94454365,"DIR":"Forward"}},{"type":"Feature","id":3479,"geometry":{"type":"LineString","coordinates":[[-6.251463833216938,53.34818107352147],[-6.251778641346951,53.34823842539868]]},"properties":{"FID":3479,"BIKE":"BIKE_LANE","Shape_Leng":21.9147225151,"DIR":"Forward"}},{"type":"Feature","id":3480,"geometry":{"type":"LineString","coordinates":[[-6.251753878908586,53.34836045473344],[-6.251271837785587,53.34833698989822]]},"properties":{"FID":3480,"BIKE":"BIKE_LANE","Shape_Leng":32.2129538493,"DIR":"Forward"}},{"type":"Feature","id":3481,"geometry":{"type":"LineString","coordinates":[[-6.251446724251051,53.348359991140256],[-6.251436728475076,53.3488406184537]]},"properties":{"FID":3481,"BIKE":"BIKE_LANE","Shape_Leng":53.5721978451,"DIR":"Forward"}},{"type":"Feature","id":3482,"geometry":{"type":"LineString","coordinates":[[-6.251436728475076,53.3488406184537],[-6.251271837785587,53.34833698989822]]},"properties":{"FID":3482,"BIKE":"BIKE_LANE","Shape_Leng":58.6772408252,"DIR":"Forward"}},{"type":"Feature","id":3501,"geometry":{"type":"LineString","coordinates":[[-6.236386467797671,53.36297046955611],[-6.232043981500079,53.36418553763529],[-6.2299559271781755,53.364443889101395]]},"properties":{"FID":3501,"BIKE":"BIKE_LANE","Shape_Leng":461.862551857,"DIR":"Forward"}},{"type":"Feature","id":3518,"geometry":{"type":"LineString","coordinates":[[-6.237445565158277,53.362751947363805],[-6.236464732848154,53.36294588424982]]},"properties":{"FID":3518,"BIKE":"BIKE_LANE","Shape_Leng":69.4413461089,"DIR":"Forward"}},{"type":"Feature","id":3531,"geometry":{"type":"LineString","coordinates":[[-6.252639497630975,53.37267171677794],[-6.252191060676097,53.37333686682474]]},"properties":{"FID":3531,"BIKE":"BIKE_FRIENDLY_PEDESTRIAN_PATH","Shape_Leng":79.9772219407,"DIR":"Forward"}},{"type":"Feature","id":3532,"geometry":{"type":"LineString","coordinates":[[-6.252191060676097,53.37333686682474],[-6.2520679900684035,53.373606609785014]]},"properties":{"FID":3532,"BIKE":"BIKE_FRIENDLY_PEDESTRIAN_PATH","Shape_Leng":31.4927352001,"DIR":"Forward"}},{"type":"Feature","id":3533,"geometry":{"type":"LineString","coordinates":[[-6.2520679900684035,53.373606609785014],[-6.251661994670245,53.37443852246367],[-6.2505156506537185,53.37583207144757]]},"properties":{"FID":3533,"BIKE":"BIKE_FRIENDLY_PEDESTRIAN_PATH","Shape_Leng":269.341196003,"DIR":"Forward"}},{"type":"Feature","id":3534,"geometry":{"type":"LineString","coordinates":[[-6.246761343602773,53.379456536062555],[-6.246487575914431,53.37978301961174]]},"properties":{"FID":3534,"BIKE":"BIKE_FRIENDLY_PEDESTRIAN_PATH","Shape_Leng":40.6478411073,"DIR":"Forward"}},{"type":"Feature","id":3535,"geometry":{"type":"LineString","coordinates":[[-6.245683019970456,53.38072170726842],[-6.245209997311781,53.381480120614675]]},"properties":{"FID":3535,"BIKE":"BIKE_LANE","Shape_Leng":90.1234497296,"DIR":"Forward"}},{"type":"Feature","id":3536,"geometry":{"type":"LineString","coordinates":[[-6.245209997311781,53.381480120614675],[-6.244762790380528,53.382257553949]]},"properties":{"FID":3536,"BIKE":"BIKE_FRIENDLY_PEDESTRIAN_PATH","Shape_Leng":91.5331054814,"DIR":"Forward"}},{"type":"Feature","id":3537,"geometry":{"type":"LineString","coordinates":[[-6.161821169458692,53.39928496446867],[-6.162024161475115,53.40030082064614]]},"properties":{"FID":3537,"BIKE":"BIKE_LANE","Shape_Leng":114.004654656,"DIR":"Forward"}},{"type":"Feature","id":3538,"geometry":{"type":"LineString","coordinates":[[-6.1616227827438115,53.39954898330498],[-6.16154815892203,53.39927326670305]]},"properties":{"FID":3538,"BIKE":"BIKE_LANE","Shape_Leng":31.0845157911,"DIR":"Forward"}},{"type":"Feature","id":3539,"geometry":{"type":"LineString","coordinates":[[-6.162353946054269,53.40740422872327],[-6.162873228446458,53.406593498479474],[-6.1631119363504165,53.40561048187261],[-6.162999292407647,53.40550254796109],[-6.163072496721457,53.40512347568154],[-6.162467863755359,53.40285651399497]]},"properties":{"FID":3539,"BIKE":"BIKE_FRIENDLY_PEDESTRIAN_PATH","Shape_Leng":521.003997125,"DIR":"Forward"}},{"type":"Feature","id":3540,"geometry":{"type":"LineString","coordinates":[[-6.253496175105859,53.37141652472757],[-6.252754282313408,53.3724947492072]]},"properties":{"FID":3540,"BIKE":"BIKE_LANE","Shape_Leng":129.837814148,"DIR":"Forward"}},{"type":"Feature","id":3541,"geometry":{"type":"LineString","coordinates":[[-6.252409519854343,53.37262109444731],[-6.25312158208625,53.37167074488097],[-6.253457843891763,53.37103644708705]]},"properties":{"FID":3541,"BIKE":"BIKE_LANE","Shape_Leng":190.068555675,"DIR":"Forward"}},{"type":"Feature","id":3545,"geometry":{"type":"LineString","coordinates":[[-6.3594723003416735,53.342633464193476],[-6.365626910917965,53.343179237178894]]},"properties":{"FID":3545,"BIKE":"BIKE_LANE","Shape_Leng":414.676019793,"DIR":"Forward"}},{"type":"Feature","id":3546,"geometry":{"type":"LineString","coordinates":[[-6.365626910917965,53.343179237178894],[-6.369524700353118,53.34350683645484]]},"properties":{"FID":3546,"BIKE":"BIKE_FRIENDLY_PEDESTRIAN_PATH","Shape_Leng":262.173094203,"DIR":"Forward"}},{"type":"Feature","id":3547,"geometry":{"type":"LineString","coordinates":[[-6.369899392527403,53.343665218356044],[-6.364354235197108,53.343193807260874]]},"properties":{"FID":3547,"BIKE":"BIKE_LANE","Shape_Leng":373.028396429,"DIR":"Forward"}},{"type":"Feature","id":3548,"geometry":{"type":"LineString","coordinates":[[-6.364354235197108,53.343193807260874],[-6.362327673856259,53.342998582893465]]},"properties":{"FID":3548,"BIKE":"BIKE_FRIENDLY_PEDESTRIAN_PATH","Shape_Leng":136.709514197,"DIR":"Forward"}},{"type":"Feature","id":3549,"geometry":{"type":"LineString","coordinates":[[-6.362327673856259,53.342998582893465],[-6.3590612775635265,53.342707941531245]]},"properties":{"FID":3549,"BIKE":"BIKE_LANE","Shape_Leng":219.971584543,"DIR":"Forward"}},{"type":"Feature","id":3561,"geometry":{"type":"LineString","coordinates":[[-6.2390230810929355,53.34242697069439],[-6.238993254683301,53.34252451024786]]},"properties":{"FID":3561,"BIKE":"BIKE_FRIENDLY_PEDESTRIAN_PATH","Shape_Leng":11.0355949482,"DIR":"Bi-Directional"}},{"type":"Feature","id":3562,"geometry":{"type":"LineString","coordinates":[[-6.238993254683301,53.34252451024786],[-6.239007397503504,53.34255392599349]]},"properties":{"FID":3562,"BIKE":"BIKE_FRIENDLY_PEDESTRIAN_PATH","Shape_Leng":3.40654546657,"DIR":"Bi-Directional"}},{"type":"Feature","id":3563,"geometry":{"type":"LineString","coordinates":[[-6.2354294339147325,53.34206680766416],[-6.2317941137127955,53.34162962589254]]},"properties":{"FID":3563,"BIKE":"BIKE_LANE","Shape_Leng":247.669998473,"DIR":"Forward"}},{"type":"Feature","id":3564,"geometry":{"type":"LineString","coordinates":[[-6.264913498403379,53.33255972012447],[-6.264936594506456,53.3326631166074]]},"properties":{"FID":3564,"BIKE":"BIKE_LANE","Shape_Leng":11.609497662,"DIR":"Forward"}},{"type":"Feature","id":3565,"geometry":{"type":"LineString","coordinates":[[-6.345056561607254,53.342494857417655],[-6.342475327004317,53.34193617152645],[-6.3408650414553716,53.341907037334586],[-6.339725188527681,53.342117687576525],[-6.337296289481258,53.34308914691507],[-6.336336433095795,53.343279695457724],[-6.335316386750601,53.34335025765312],[-6.333855910327131,53.343181023186396],[-6.330171478463521,53.34234858858956],[-6.32902639008741,53.342260124597445]]},"properties":{"FID":3565,"BIKE":"BIKE_LANE","Shape_Leng":1141.10824342,"DIR":"Forward"}},{"type":"Feature","id":3566,"geometry":{"type":"LineString","coordinates":[[-6.2693871588751575,53.33829038207943],[-6.269210106429231,53.33819973094163]]},"properties":{"FID":3566,"BIKE":"BIKE_LANE","Shape_Leng":15.5576502764,"DIR":"Forward"}},{"type":"Feature","id":3567,"geometry":{"type":"LineString","coordinates":[[-6.243245121026252,53.33321620818738],[-6.24326380385552,53.333064133182155]]},"properties":{"FID":3567,"BIKE":"BIKE_LANE","Shape_Leng":16.9703115463,"DIR":"Forward"}},{"type":"Feature","id":3569,"geometry":{"type":"LineString","coordinates":[[-6.264129270682988,53.360180996840526],[-6.270169274872713,53.3606609970769]]},"properties":{"FID":3569,"BIKE":"BIKE_LANE","Shape_Leng":405.775206382,"DIR":"Forward"}},{"type":"Feature","id":3576,"geometry":{"type":"LineString","coordinates":[[-6.255027423506855,53.36887783744232],[-6.253856731988453,53.37079706928305]]},"properties":{"FID":3576,"BIKE":"BIKE_LANE","Shape_Leng":227.443992814,"DIR":"Forward"}},{"type":"Feature","id":3577,"geometry":{"type":"LineString","coordinates":[[-6.219938985786989,53.37456211506363],[-6.219713913675292,53.374928648165586],[-6.2191888536932876,53.37535902820238],[-6.218189427729998,53.375877401130644]]},"properties":{"FID":3577,"BIKE":"BIKE_LANE","Shape_Leng":191.220222781,"DIR":"Forward"}},{"type":"Feature","id":3578,"geometry":{"type":"LineString","coordinates":[[-6.208705224961019,53.369903593546475],[-6.206819964335707,53.370979816611275],[-6.203493808487534,53.371269699282436],[-6.202827880344377,53.371474610097515]]},"properties":{"FID":3578,"BIKE":"BIKE_LANE","Shape_Leng":448.16620717,"DIR":"Forward"}},{"type":"Feature","id":3579,"geometry":{"type":"LineString","coordinates":[[-6.2664674184320495,53.35458634308291],[-6.265211196701501,53.355950969607896]]},"properties":{"FID":3579,"BIKE":"BIKE_LANE","Shape_Leng":173.458069046,"DIR":"Forward"}},{"type":"Feature","id":3580,"geometry":{"type":"LineString","coordinates":[[-6.202259075132197,53.37241174647903],[-6.201929075826183,53.37287174676307],[-6.198299071974376,53.374651746665094],[-6.194887945286269,53.375529253323776],[-6.191482152679076,53.37617988002571],[-6.18947317509662,53.37705289072442],[-6.1883859684511755,53.37735531873458],[-6.183547902468933,53.37810253373277],[-6.179869144115732,53.37926980399452],[-6.178380227173212,53.37990641683351]]},"properties":{"FID":3580,"BIKE":"BIKE_LANE","Shape_Leng":1831.99762524,"DIR":"Forward"}},{"type":"Feature","id":3581,"geometry":{"type":"LineString","coordinates":[[-6.250664422705485,53.34108784257493],[-6.252018355923103,53.33971420965545]]},"properties":{"FID":3581,"BIKE":"BIKE_LANE","Shape_Leng":177.594361996,"DIR":"Forward"}},{"type":"Feature","id":3582,"geometry":{"type":"LineString","coordinates":[[-6.27435452083112,53.35020961088428],[-6.272966253408569,53.350236856570646],[-6.27124959590362,53.350536748733724],[-6.270636108369739,53.350766763719534],[-6.2699881318758415,53.35124366023051]]},"properties":{"FID":3582,"BIKE":"BIKE_LANE","Shape_Leng":329.009039855,"DIR":"Forward"}},{"type":"Feature","id":3592,"geometry":{"type":"LineString","coordinates":[[-6.2664674184320495,53.35458634308291],[-6.266861867252058,53.3541713764128]]},"properties":{"FID":3592,"BIKE":"BIKE_LANE","Shape_Leng":53.1708944476,"DIR":"Forward"}},{"type":"Feature","id":3596,"geometry":{"type":"LineString","coordinates":[[-6.240817267595552,53.34927547193751],[-6.240880743536365,53.34886214190076]]},"properties":{"FID":3596,"BIKE":"BIKE_FRIENDLY_PEDESTRIAN_PATH","Shape_Leng":46.5231780522,"DIR":"Bi-Directional"}},{"type":"Feature","id":3597,"geometry":{"type":"LineString","coordinates":[[-6.237316863393419,53.3720644658497],[-6.228056048166323,53.36872147590752]]},"properties":{"FID":3597,"BIKE":"BIKE_LANE","Shape_Leng":720.392217199,"DIR":"Forward"}},{"type":"Feature","id":3604,"geometry":{"type":"LineString","coordinates":[[-6.279907966594899,53.35000512291633],[-6.279913224864967,53.35052823588491]]},"properties":{"FID":3604,"BIKE":"BIKE_LANE","Shape_Leng":59.8724314182,"DIR":"Forward"}},{"type":"Feature","id":3631,"geometry":{"type":"LineString","coordinates":[[-6.247838411327348,53.346574395776365],[-6.248388412599281,53.34540439564561],[-6.249207220082912,53.34411344514055]]},"properties":{"FID":3631,"BIKE":"BIKE_LANE","Shape_Leng":289.021848156,"DIR":"Forward"}},{"type":"Feature","id":3632,"geometry":{"type":"LineString","coordinates":[[-6.249514070503822,53.34378313259399],[-6.249352929589279,53.34413652745099]]},"properties":{"FID":3632,"BIKE":"BIKE_LANE","Shape_Leng":40.8377124757,"DIR":"Reverse"}},{"type":"Feature","id":3633,"geometry":{"type":"LineString","coordinates":[[-6.2645192474026805,53.34414909318303],[-6.266428078555191,53.34413909526271],[-6.267785621761349,53.34400542475951],[-6.269945781012555,53.34357604813936],[-6.270154871792097,53.343242290290796]]},"properties":{"FID":3633,"BIKE":"BIKE_LANE","Shape_Leng":411.152697076,"DIR":"Forward"}},{"type":"Feature","id":3634,"geometry":{"type":"LineString","coordinates":[[-6.27197454961303,53.342821104030705],[-6.272797667915234,53.342982634702224]]},"properties":{"FID":3634,"BIKE":"BIKE_LANE","Shape_Leng":57.8164465739,"DIR":"Forward"}},{"type":"Feature","id":3635,"geometry":{"type":"LineString","coordinates":[[-6.271673892954579,53.34282574242948],[-6.27197454961303,53.342821104030705]]},"properties":{"FID":3635,"BIKE":"BIKE_LANE","Shape_Leng":20.0313064993,"DIR":"Forward"}},{"type":"Feature","id":3636,"geometry":{"type":"LineString","coordinates":[[-6.271873584328104,53.34301187915154],[-6.271673892954579,53.34282574242948]]},"properties":{"FID":3636,"BIKE":"BIKE_LANE","Shape_Leng":25.6916758283,"DIR":"Forward"}},{"type":"Feature","id":3637,"geometry":{"type":"LineString","coordinates":[[-6.264346648027993,53.32991936687498],[-6.264334815438169,53.33000885671104]]},"properties":{"FID":3637,"BIKE":"BIKE_LANE","Shape_Leng":9.99053655112,"DIR":"Forward"}},{"type":"Feature","id":3640,"geometry":{"type":"LineString","coordinates":[[-6.302297472734157,53.363002452279396],[-6.313957596772171,53.36687040614837],[-6.320318721993618,53.36838120360337],[-6.329597646574972,53.37144238923712]]},"properties":{"FID":3640,"BIKE":"BIKE_LANE","Shape_Leng":2049.38606159,"DIR":"Forward"}},{"type":"Feature","id":3641,"geometry":{"type":"LineString","coordinates":[[-6.265283651787406,53.378703274281634],[-6.265195714502995,53.37858948444252]]},"properties":{"FID":3641,"BIKE":"BIKE_LANE","Shape_Leng":13.9505836578,"DIR":"Forward"}},{"type":"Feature","id":3642,"geometry":{"type":"LineString","coordinates":[[-6.2962700003291685,53.36087000111864],[-6.294679516482057,53.36028830753627],[-6.291169490560389,53.35863831676715],[-6.289619464068812,53.35782426231419],[-6.288666022426441,53.357194912669065]]},"properties":{"FID":3642,"BIKE":"BIKE_LANE","Shape_Leng":653.486236284,"DIR":"Forward"}},{"type":"Feature","id":3643,"geometry":{"type":"LineString","coordinates":[[-6.275237748536714,53.360666717156995],[-6.280061833951169,53.359305769621464]]},"properties":{"FID":3643,"BIKE":"BIKE_LANE","Shape_Leng":355.181031553,"DIR":"Forward"}},{"type":"Feature","id":3644,"geometry":{"type":"LineString","coordinates":[[-6.276315673886189,53.3446842301028],[-6.276060689184389,53.34528859416885]]},"properties":{"FID":3644,"BIKE":"BIKE_LANE","Shape_Leng":70.2675503626,"DIR":"Forward"}},{"type":"Feature","id":3645,"geometry":{"type":"LineString","coordinates":[[-6.275524190631859,53.34575972386876],[-6.27578645805092,53.34523118188295]]},"properties":{"FID":3645,"BIKE":"BIKE_LANE","Shape_Leng":63.6973023738,"DIR":"Forward"}},{"type":"Feature","id":3646,"geometry":{"type":"LineString","coordinates":[[-6.275494399923523,53.34582165806597],[-6.275524190631859,53.34575972386876]]},"properties":{"FID":3646,"BIKE":"BIKE_LANE","Shape_Leng":7.17487156589,"DIR":"Forward"}},{"type":"Feature","id":3647,"geometry":{"type":"LineString","coordinates":[[-6.279177371872959,53.342786029845385],[-6.282310012346262,53.343324992671576],[-6.285842225960208,53.34352871780574]]},"properties":{"FID":3647,"BIKE":"BIKE_LANE","Shape_Leng":454.033680449,"DIR":"Forward"}},{"type":"Feature","id":3648,"geometry":{"type":"LineString","coordinates":[[-6.269828026649392,53.35120214880559],[-6.268089946953357,53.353086158761464],[-6.266861867252058,53.3541713764128]]},"properties":{"FID":3648,"BIKE":"BIKE_LANE","Shape_Leng":385.690819259,"DIR":"Forward"}},{"type":"Feature","id":3649,"geometry":{"type":"LineString","coordinates":[[-6.273614713170897,53.35008038284819],[-6.274456210205576,53.35005704099225]]},"properties":{"FID":3649,"BIKE":"BIKE_LANE","Shape_Leng":56.1034458575,"DIR":"Forward"}},{"type":"Feature","id":3650,"geometry":{"type":"LineString","coordinates":[[-6.274456210205576,53.35005704099225],[-6.274713851180819,53.35007189759409]]},"properties":{"FID":3650,"BIKE":"BIKE_LANE","Shape_Leng":17.2362462115,"DIR":"Forward"}},{"type":"Feature","id":3651,"geometry":{"type":"LineString","coordinates":[[-6.219266449669278,53.366830875559906],[-6.217344482076827,53.36725321130504],[-6.21506309288958,53.3673615480635],[-6.213284253362165,53.36779078796604],[-6.2105518183744675,53.36888781426033],[-6.208705224961019,53.369903593546475]]},"properties":{"FID":3651,"BIKE":"BIKE_LANE","Shape_Leng":804.683805234,"DIR":"Forward"}},{"type":"Feature","id":3652,"geometry":{"type":"LineString","coordinates":[[-6.22355869601863,53.36603522124595],[-6.221597025328725,53.36668493097701],[-6.219211442215105,53.366777270941796]]},"properties":{"FID":3652,"BIKE":"BIKE_LANE","Shape_Leng":309.325899006,"DIR":"Forward"}},{"type":"Feature","id":3653,"geometry":{"type":"LineString","coordinates":[[-6.2267821908348395,53.36464128392663],[-6.227708291038833,53.36421292629538]]},"properties":{"FID":3653,"BIKE":"BIKE_LANE","Shape_Leng":77.9325000911,"DIR":"Forward"}},{"type":"Feature","id":3654,"geometry":{"type":"LineString","coordinates":[[-6.178380227173212,53.37990641683351],[-6.176725807195141,53.38032055120207],[-6.173272156088796,53.38043582845601],[-6.169515335557281,53.379936269223236],[-6.16625179695352,53.37992754229677],[-6.160681269320494,53.3804681092279],[-6.156357001774569,53.381097578235014],[-6.150715367968092,53.38206038050901]]},"properties":{"FID":3654,"BIKE":"BIKE_LANE","Shape_Leng":1892.27075299,"DIR":"Forward"}},{"type":"Feature","id":3655,"geometry":{"type":"LineString","coordinates":[[-6.161252503325421,53.390911897567364],[-6.159650896997452,53.390826588950056],[-6.15368205609712,53.38967445290492]]},"properties":{"FID":3655,"BIKE":"BIKE_LANE","Shape_Leng":525.222888674,"DIR":"Forward"}},{"type":"Feature","id":3656,"geometry":{"type":"LineString","coordinates":[[-6.143199270581866,53.38485960977296],[-6.143703102676635,53.38523551568407],[-6.145345499373652,53.385788296687096],[-6.147130377562108,53.38675818986633],[-6.150515951643828,53.38809237431316],[-6.152887775847239,53.38929231180199],[-6.153745560821981,53.389628268705366]]},"properties":{"FID":3656,"BIKE":"BIKE_LANE","Shape_Leng":885.124304045,"DIR":"Forward"}},{"type":"Feature","id":3657,"geometry":{"type":"LineString","coordinates":[[-6.15336032994064,53.38956160569113],[-6.150426537694213,53.38812988437197],[-6.14718244813333,53.3868676405918],[-6.145262067037689,53.3858412117667],[-6.1433898695990745,53.38516457293265],[-6.1430321757416975,53.38492909930839]]},"properties":{"FID":3657,"BIKE":"BIKE_LANE","Shape_Leng":862.563351488,"DIR":"Forward"}},{"type":"Feature","id":3658,"geometry":{"type":"LineString","coordinates":[[-6.153745560821981,53.389628268705366],[-6.1596505995192885,53.390762672004215],[-6.1612621221383534,53.39085883923782]]},"properties":{"FID":3658,"BIKE":"BIKE_LANE","Shape_Leng":521.263365129,"DIR":"Forward"}},{"type":"Feature","id":3660,"geometry":{"type":"LineString","coordinates":[[-6.1430321757416975,53.38492909930839],[-6.143199270581866,53.38485960977296]]},"properties":{"FID":3660,"BIKE":"BIKE_FRIENDLY_PEDESTRIAN_PATH","Shape_Leng":13.5436005453,"DIR":"Forward"}},{"type":"Feature","id":3661,"geometry":{"type":"LineString","coordinates":[[-6.143199270581866,53.38485960977296],[-6.1431083160961055,53.384704865468414],[-6.142952599683489,53.384719500592404]]},"properties":{"FID":3661,"BIKE":"BIKE_FRIENDLY_PEDESTRIAN_PATH","Shape_Leng":30.0783646117,"DIR":"Forward"}},{"type":"Feature","id":3663,"geometry":{"type":"LineString","coordinates":[[-6.246344540717792,53.339666165295434],[-6.247038270059456,53.3399326144376]]},"properties":{"FID":3663,"BIKE":"BIKE_LANE","Shape_Leng":54.9165774378,"DIR":"Forward"}},{"type":"Feature","id":3664,"geometry":{"type":"LineString","coordinates":[[-6.246277837396851,53.339518196284686],[-6.246489323568076,53.33956568840275]]},"properties":{"FID":3664,"BIKE":"BIKE_LANE","Shape_Leng":15.0457075374,"DIR":"Forward"}},{"type":"Feature","id":3665,"geometry":{"type":"LineString","coordinates":[[-6.246344540717792,53.339666165295434],[-6.246489323568076,53.33956568840275]]},"properties":{"FID":3665,"BIKE":"BIKE_LANE","Shape_Leng":14.7662960509,"DIR":"Forward"}},{"type":"Feature","id":3687,"geometry":{"type":"LineString","coordinates":[[-6.245699318342996,53.39378693774212],[-6.245926254115932,53.39280913323759]]},"properties":{"FID":3687,"BIKE":"BIKE_LANE","Shape_Leng":109.880731553,"DIR":"Forward"}},{"type":"Feature","id":3689,"geometry":{"type":"LineString","coordinates":[[-6.244228868193769,53.398244870658765],[-6.243889683443105,53.39836556603149],[-6.243421226683457,53.398308911264664]]},"properties":{"FID":3689,"BIKE":"BIKE_LANE","Shape_Leng":59.3205402725,"DIR":"Forward"}},{"type":"Feature","id":3690,"geometry":{"type":"LineString","coordinates":[[-6.242445428528114,53.398145486859846],[-6.243421226683457,53.398308911264664]]},"properties":{"FID":3690,"BIKE":"BIKE_LANE","Shape_Leng":67.4077909346,"DIR":"Forward"}},{"type":"Feature","id":3692,"geometry":{"type":"MultiLineString","coordinates":[[[-6.243846222899672,53.39879012866122],[-6.243980375270847,53.399855550049516]],[[-6.244902153820147,53.39726850398026],[-6.244228868193769,53.398244870658765]]]},"properties":{"FID":3692,"BIKE":"BIKE_LANE","Shape_Leng":236.90959226,"DIR":"Forward"}},{"type":"Feature","id":3693,"geometry":{"type":"LineString","coordinates":[[-6.244228868193769,53.398244870658765],[-6.243846222899672,53.39879012866122]]},"properties":{"FID":3693,"BIKE":"BIKE_LANE","Shape_Leng":65.9893657645,"DIR":"Forward"}},{"type":"Feature","id":3695,"geometry":{"type":"LineString","coordinates":[[-6.226329999548582,53.36844000087422],[-6.226373802340546,53.36860632022089]]},"properties":{"FID":3695,"BIKE":"BIKE_LANE","Shape_Leng":18.7382726732,"DIR":"Forward"}},{"type":"Feature","id":3705,"geometry":{"type":"LineString","coordinates":[[-6.216595813410924,53.3842003515214],[-6.221643316089469,53.38459728679698],[-6.225856435326577,53.38536410812251],[-6.228075637872035,53.38560771738435],[-6.231171490993429,53.38561592522995],[-6.2327585304330535,53.38545895910813],[-6.235714308430471,53.38475762191579],[-6.236521856046735,53.384290656851896],[-6.23690839717601,53.38390360107721],[-6.238618023271556,53.38153903365524],[-6.239181857188238,53.381000657737275]]},"properties":{"FID":3705,"BIKE":"BIKE_LANE","Shape_Leng":1790.28031579,"DIR":"Forward"}},{"type":"Feature","id":3712,"geometry":{"type":"LineString","coordinates":[[-6.376820086682675,53.34453350717584],[-6.375026084258476,53.34418368329559],[-6.369899392527403,53.343665218356044]]},"properties":{"FID":3712,"BIKE":"BIKE_LANE","Shape_Leng":474.570413582,"DIR":"Forward"}},{"type":"Feature","id":3722,"geometry":{"type":"LineString","coordinates":[[-6.267737824138453,53.35674862646592],[-6.269712564183967,53.35893292759921],[-6.269732564111453,53.359322927428785],[-6.269538104594002,53.36052403606769]]},"properties":{"FID":3722,"BIKE":"BIKE_LANE","Shape_Leng":454.913499862,"DIR":"Forward"}},{"type":"Feature","id":3723,"geometry":{"type":"LineString","coordinates":[[-6.2652762898338485,53.356129991673114],[-6.267737824138453,53.35674862646592]]},"properties":{"FID":3723,"BIKE":"BIKE_LANE","Shape_Leng":177.927088504,"DIR":"Forward"}},{"type":"Feature","id":3724,"geometry":{"type":"MultiLineString","coordinates":[[[-6.261199783868578,53.35980976292109],[-6.25080977553066,53.357659758102166]],[[-6.250759776664257,53.357649757504916],[-6.250119776892738,53.35737975699517],[-6.24669371131168,53.35482110130487]]]},"properties":{"FID":3724,"BIKE":"BIKE_LANE","Shape_Leng":1149.62453923,"DIR":"Forward"}},{"type":"Feature","id":3725,"geometry":{"type":"LineString","coordinates":[[-6.246536715855576,53.354697139158965],[-6.241983158245417,53.3512978902916],[-6.240794217315783,53.35045733441415],[-6.240634669406811,53.35043702627986]]},"properties":{"FID":3725,"BIKE":"BIKE_LANE","Shape_Leng":618.52937731,"DIR":"Forward"}},{"type":"Feature","id":3726,"geometry":{"type":"LineString","coordinates":[[-6.24669371131168,53.35482110130487],[-6.246536715855576,53.354697139158965]]},"properties":{"FID":3726,"BIKE":"BIKE_LANE","Shape_Leng":17.3090615232,"DIR":"Forward"}},{"type":"Feature","id":3727,"geometry":{"type":"LineString","coordinates":[[-6.246608817167168,53.354621897642396],[-6.246814700263549,53.35474070068817]]},"properties":{"FID":3727,"BIKE":"BIKE_LANE","Shape_Leng":19.1534662774,"DIR":"Forward"}},{"type":"Feature","id":3741,"geometry":{"type":"LineString","coordinates":[[-6.268382951269989,53.370288784286934],[-6.269022951903906,53.36965878528933],[-6.270582952463135,53.36724878582261]]},"properties":{"FID":3741,"BIKE":"BIKE_LANE","Shape_Leng":369.981656496,"DIR":"Forward"}},{"type":"Feature","id":3742,"geometry":{"type":"LineString","coordinates":[[-6.268792711109663,53.37012610489219],[-6.268611018251624,53.370450576339735],[-6.268654696463155,53.3705918337525]]},"properties":{"FID":3742,"BIKE":"BIKE_LANE","Shape_Leng":54.0693932045,"DIR":"Forward"}},{"type":"Feature","id":3743,"geometry":{"type":"LineString","coordinates":[[-6.268792711109663,53.37012610489219],[-6.268487118391123,53.37036193690678]]},"properties":{"FID":3743,"BIKE":"BIKE_LANE","Shape_Leng":33.2052059616,"DIR":"Forward"}},{"type":"Feature","id":3746,"geometry":{"type":"LineString","coordinates":[[-6.210419166901323,53.37994120181643],[-6.211627723482959,53.38083366146513],[-6.213033369181488,53.3828840485569],[-6.213525550041044,53.38334880885727],[-6.214753891386862,53.38394024946053],[-6.215579751037865,53.38412933282111],[-6.216595813410924,53.3842003515214]]},"properties":{"FID":3746,"BIKE":"BIKE_LANE","Shape_Leng":671.198499831,"DIR":"Forward"}},{"type":"Feature","id":3789,"geometry":{"type":"LineString","coordinates":[[-6.205804560147898,53.382780907101065],[-6.206754143191642,53.38239847127277],[-6.207972002879855,53.3815852407801]]},"properties":{"FID":3789,"BIKE":"BIKE_LANE","Shape_Leng":198.161807023,"DIR":"Forward"}},{"type":"Feature","id":3790,"geometry":{"type":"LineString","coordinates":[[-6.2090824068730655,53.38085704482302],[-6.207208937516834,53.38230578780034],[-6.206024079748797,53.382896435463415]]},"properties":{"FID":3790,"BIKE":"BIKE_LANE","Shape_Leng":306.904175797,"DIR":"Forward"}},{"type":"Feature","id":3791,"geometry":{"type":"LineString","coordinates":[[-6.210419166901323,53.37994120181643],[-6.210258876557218,53.380026292375675]]},"properties":{"FID":3791,"BIKE":"BIKE_LANE","Shape_Leng":14.2638681353,"DIR":"Forward"}},{"type":"Feature","id":3834,"geometry":{"type":"LineString","coordinates":[[-6.225812747828641,53.341280298185524],[-6.226555878134098,53.341880345468375],[-6.227867508649867,53.34176867687802]]},"properties":{"FID":3834,"BIKE":"BIKE_LANE","Shape_Leng":173.628480129,"DIR":"Forward"}},{"type":"Feature","id":3835,"geometry":{"type":"LineString","coordinates":[[-6.274087309355319,53.368364309346916],[-6.273151640447159,53.36794994185253]]},"properties":{"FID":3835,"BIKE":"BIKE_LANE","Shape_Leng":78.2314648308,"DIR":"Forward"}},{"type":"Feature","id":3841,"geometry":{"type":"LineString","coordinates":[[-6.3210687690033325,53.32479967998771],[-6.321741662128009,53.32473218965714]]},"properties":{"FID":3841,"BIKE":"BIKE_LANE","Shape_Leng":45.4600453885,"DIR":"Forward"}},{"type":"Feature","id":3843,"geometry":{"type":"LineString","coordinates":[[-6.285841772464514,53.33995100105717],[-6.284661275175743,53.34040402713302],[-6.282721773437179,53.340771003539345],[-6.282122844141852,53.34105889358447],[-6.281956587264253,53.341213932225855],[-6.281861775015186,53.34149100443695]]},"properties":{"FID":3843,"BIKE":"BIKE_LANE","Shape_Leng":332.949708996,"DIR":"Forward"}},{"type":"Feature","id":3862,"geometry":{"type":"LineString","coordinates":[[-6.298697701032477,53.33636708953388],[-6.298259595457453,53.33616793885822],[-6.296336682655341,53.33571350519143]]},"properties":{"FID":3862,"BIKE":"BIKE_LANE","Shape_Leng":174.49477996,"DIR":"Forward"}},{"type":"Feature","id":3867,"geometry":{"type":"LineString","coordinates":[[-6.244487999657554,53.35628660069361],[-6.2446335001053805,53.3563602013368]]},"properties":{"FID":3867,"BIKE":"BIKE_FRIENDLY_PEDESTRIAN_PATH","Shape_Leng":12.6865046666,"DIR":"Forward"}},{"type":"Feature","id":3868,"geometry":{"type":"LineString","coordinates":[[-6.241057024722948,53.34765790266781],[-6.237120999693981,53.34740200124801]]},"properties":{"FID":3868,"BIKE":"BIKE_LANE","Shape_Leng":263.667170395,"DIR":"Forward"}},{"type":"Feature","id":3869,"geometry":{"type":"LineString","coordinates":[[-6.238549413891838,53.34356234852428],[-6.238457005511187,53.34393198522248]]},"properties":{"FID":3869,"BIKE":"BIKE_FRIENDLY_PEDESTRIAN_PATH","Shape_Leng":41.5952645676,"DIR":"Bi-Directional"}},{"type":"Feature","id":3870,"geometry":{"type":"LineString","coordinates":[[-6.238457005511187,53.34393198522248],[-6.238381449624372,53.34423420520873]]},"properties":{"FID":3870,"BIKE":"BIKE_FRIENDLY_PEDESTRIAN_PATH","Shape_Leng":34.0088650721,"DIR":"Bi-Directional"}},{"type":"Feature","id":3871,"geometry":{"type":"LineString","coordinates":[[-6.231759732920906,53.32930203674772],[-6.231892172415899,53.32935589761273]]},"properties":{"FID":3871,"BIKE":"BIKE_LANE","Shape_Leng":10.6672026492,"DIR":"Forward"}},{"type":"Feature","id":3900,"geometry":{"type":"LineString","coordinates":[[-6.306629368539051,53.33675560481044],[-6.30817331637658,53.3381667192723],[-6.308185665604531,53.33836441781717],[-6.3077676345990925,53.33964763837705]]},"properties":{"FID":3900,"BIKE":"BIKE_LANE","Shape_Leng":355.525539297,"DIR":"Forward"}},{"type":"Feature","id":3901,"geometry":{"type":"LineString","coordinates":[[-6.328170736361517,53.33425436226802],[-6.328526188844861,53.33419728692593]]},"properties":{"FID":3901,"BIKE":"BIKE_FRIENDLY_PEDESTRIAN_PATH","Shape_Leng":31.0331610003,"DIR":"Forward"}},{"type":"Feature","id":3906,"geometry":{"type":"LineString","coordinates":[[-6.2908633055897605,53.34744272668551],[-6.290907999336274,53.34748900114516]]},"properties":{"FID":3906,"BIKE":"BIKE_LANE","Shape_Leng":5.94815276124,"DIR":"Forward"}},{"type":"Feature","id":3907,"geometry":{"type":"LineString","coordinates":[[-6.2908633055897605,53.34744272668551],[-6.29058202025098,53.34751630716687]]},"properties":{"FID":3907,"BIKE":"BIKE_LANE","Shape_Leng":20.5850645452,"DIR":"Forward"}},{"type":"Feature","id":3908,"geometry":{"type":"LineString","coordinates":[[-6.282768446472578,53.34638898098037],[-6.282529999501095,53.34688000033455]]},"properties":{"FID":3908,"BIKE":"BIKE_LANE","Shape_Leng":56.9780666942,"DIR":"Forward"}},{"type":"Feature","id":3909,"geometry":{"type":"LineString","coordinates":[[-6.259442722928758,53.34755460705942],[-6.259316564129442,53.34758658970859]]},"properties":{"FID":3909,"BIKE":"BIKE_LANE","Shape_Leng":9.12452274771,"DIR":"Forward"}},{"type":"Feature","id":3915,"geometry":{"type":"LineString","coordinates":[[-6.270154871792097,53.343242290290796],[-6.27034842663292,53.343102806740994],[-6.271673892954579,53.34282574242948]]},"properties":{"FID":3915,"BIKE":"BIKE_LANE","Shape_Leng":113.699119038,"DIR":"Forward"}},{"type":"Feature","id":3923,"geometry":{"type":"LineString","coordinates":[[-6.161554243775142,53.39837425105202],[-6.161789849688776,53.39838778617981]]},"properties":{"FID":3923,"BIKE":"BIKE_FRIENDLY_PEDESTRIAN_PATH","Shape_Leng":15.744228028,"DIR":"Forward"}},{"type":"Feature","id":3924,"geometry":{"type":"LineString","coordinates":[[-6.16154815892203,53.39927326670305],[-6.161821169458692,53.39928496446867]]},"properties":{"FID":3924,"BIKE":"BIKE_FRIENDLY_PEDESTRIAN_PATH","Shape_Leng":18.2062983483,"DIR":"Bi-Directional"}},{"type":"Feature","id":3925,"geometry":{"type":"LineString","coordinates":[[-6.16248231560207,53.3989233509664],[-6.162365071344274,53.399115016717715]]},"properties":{"FID":3925,"BIKE":"BIKE_FRIENDLY_PEDESTRIAN_PATH","Shape_Leng":22.7121814131,"DIR":"Forward"}},{"type":"Feature","id":4227,"geometry":{"type":"LineString","coordinates":[[-6.162065459575772,53.40818556578111],[-6.161866551121025,53.408181006851834]]},"properties":{"FID":4227,"BIKE":"BIKE_LANE","Shape_Leng":13.2376471397,"DIR":"Forward"}},{"type":"Feature","id":4228,"geometry":{"type":"LineString","coordinates":[[-6.161906931105038,53.4081157821479],[-6.162094446813181,53.40812315868163]]},"properties":{"FID":4228,"BIKE":"BIKE_LANE","Shape_Leng":12.4972861671,"DIR":"Forward"}},{"type":"Feature","id":4229,"geometry":{"type":"LineString","coordinates":[[-6.162094446813181,53.40812315868163],[-6.162065459575772,53.40818556578111]]},"properties":{"FID":4229,"BIKE":"BIKE_LANE","Shape_Leng":7.20811026992,"DIR":"Forward"}},{"type":"Feature","id":4230,"geometry":{"type":"LineString","coordinates":[[-6.161866551121025,53.408181006851834],[-6.161906931105038,53.4081157821479]]},"properties":{"FID":4230,"BIKE":"BIKE_LANE","Shape_Leng":7.73991712177,"DIR":"Forward"}},{"type":"Feature","id":4231,"geometry":{"type":"LineString","coordinates":[[-6.161282133299956,53.408085209370725],[-6.161906931105038,53.4081157821479]]},"properties":{"FID":4231,"BIKE":"BIKE_LANE","Shape_Leng":41.6898175355,"DIR":"Forward"}},{"type":"Feature","id":4232,"geometry":{"type":"LineString","coordinates":[[-6.161866551121025,53.408181006851834],[-6.161272715960252,53.40815839340651]]},"properties":{"FID":4232,"BIKE":"BIKE_LANE","Shape_Leng":39.5716827687,"DIR":"Forward"}},{"type":"Feature","id":4233,"geometry":{"type":"LineString","coordinates":[[-6.161707378515726,53.40841650156638],[-6.161866551121025,53.408181006851834]]},"properties":{"FID":4233,"BIKE":"BIKE_LANE","Shape_Leng":28.2661108587,"DIR":"Forward"}},{"type":"Feature","id":4234,"geometry":{"type":"LineString","coordinates":[[-6.162065459575772,53.40818556578111],[-6.16196063337969,53.408322379590906]]},"properties":{"FID":4234,"BIKE":"BIKE_LANE","Shape_Leng":16.7465478264,"DIR":"Forward"}},{"type":"Feature","id":4235,"geometry":{"type":"LineString","coordinates":[[-6.162415280055167,53.407681387318654],[-6.162094446813181,53.40812315868163]]},"properties":{"FID":4235,"BIKE":"BIKE_LANE","Shape_Leng":53.6711290009,"DIR":"Forward"}},{"type":"Feature","id":4236,"geometry":{"type":"LineString","coordinates":[[-6.162094446813181,53.40812315868163],[-6.162419392622123,53.4081378877606]]},"properties":{"FID":4236,"BIKE":"BIKE_LANE","Shape_Leng":21.6718371135,"DIR":"Forward"}},{"type":"Feature","id":4237,"geometry":{"type":"LineString","coordinates":[[-6.162407730768916,53.4082050512044],[-6.162065459575772,53.40818556578111]]},"properties":{"FID":4237,"BIKE":"BIKE_LANE","Shape_Leng":22.864973189,"DIR":"Forward"}},{"type":"Feature","id":4238,"geometry":{"type":"LineString","coordinates":[[-6.161906931105038,53.4081157821479],[-6.162148979742962,53.407729666588466]]},"properties":{"FID":4238,"BIKE":"BIKE_LANE","Shape_Leng":46.2829484908,"DIR":"Forward"}},{"type":"Feature","id":4248,"geometry":{"type":"LineString","coordinates":[[-6.16196063337969,53.408322379590906],[-6.161364812005184,53.40910521972976],[-6.160954815265358,53.410273308563276]]},"properties":{"FID":4248,"BIKE":"SEPARATE_TRAIL","Shape_Leng":228.94468438,"DIR":"Forward"}},{"type":"Feature","id":4249,"geometry":{"type":"LineString","coordinates":[[-6.160679566523499,53.41049953116521],[-6.161041306499672,53.409265930295525],[-6.161707378515726,53.40841650156638]]},"properties":{"FID":4249,"BIKE":"SEPARATE_TRAIL","Shape_Leng":244.392234586,"DIR":"Forward"}},{"type":"Feature","id":4250,"geometry":{"type":"LineString","coordinates":[[-6.162419392622123,53.4081378877606],[-6.163280310819352,53.40813766733771]]},"properties":{"FID":4250,"BIKE":"BIKE_LANE","Shape_Leng":57.4970540905,"DIR":"Forward"}},{"type":"Feature","id":4251,"geometry":{"type":"LineString","coordinates":[[-6.163280310819352,53.40813766733771],[-6.163657036627447,53.408138418516124]]},"properties":{"FID":4251,"BIKE":"BIKE_FRIENDLY_PEDESTRIAN_PATH","Shape_Leng":25.3103314473,"DIR":"Forward"}},{"type":"Feature","id":4295,"geometry":{"type":"LineString","coordinates":[[-6.2325654501152385,53.31967378175269],[-6.232029900396051,53.320052601074515],[-6.232165599458828,53.32144410087735],[-6.233736299306818,53.32292490133507],[-6.234019100644709,53.32331460079636],[-6.234375664840287,53.323393122233966]]},"properties":{"FID":4295,"BIKE":"NON_TRAFFIC_TRAIL","Shape_Leng":482.435435826,"DIR":"Bi-Directional"}},{"type":"Feature","id":4316,"geometry":{"type":"LineString","coordinates":[[-6.21330150006821,53.360750201341],[-6.2121205997147,53.36045570063805],[-6.210996499430161,53.360326201335546],[-6.207657699393867,53.36012780123135],[-6.2060772356320495,53.3601799876226]]},"properties":{"FID":4316,"BIKE":"SEPARATE_TRAIL","Shape_Leng":490.556827478,"DIR":"Bi-Directional"}},{"type":"Feature","id":4317,"geometry":{"type":"LineString","coordinates":[[-6.220337822283603,53.3626329941348],[-6.219104000065752,53.36244700071633],[-6.217018631349877,53.361815862772175],[-6.216214999733453,53.36180270086245],[-6.214546399742071,53.36113440051652],[-6.21330150006821,53.360750201341]]},"properties":{"FID":4317,"BIKE":"SEPARATE_TRAIL","Shape_Leng":521.681356445,"DIR":"Bi-Directional"}},{"type":"Feature","id":4318,"geometry":{"type":"LineString","coordinates":[[-6.221765149584852,53.36307124264049],[-6.2216779001188485,53.362909501344305],[-6.2218861995730395,53.362801801338826],[-6.222334699278941,53.36212650092863],[-6.2229087993777075,53.361686601217144],[-6.223628099708469,53.36137600131374],[-6.2246232000273425,53.36117180122716],[-6.227211099346004,53.36111570071975],[-6.228793999879786,53.36090640046499],[-6.230486600290184,53.36037920125693],[-6.231704600032632,53.35966550063444]]},"properties":{"FID":4318,"BIKE":"SEPARATE_TRAIL","Shape_Leng":833.833096537,"DIR":"Bi-Directional"}},{"type":"Feature","id":4321,"geometry":{"type":"LineString","coordinates":[[-6.222657899989025,53.36319550074013],[-6.2244099267507105,53.36354274574806]]},"properties":{"FID":4321,"BIKE":"SEPARATE_TRAIL","Shape_Leng":123.363093131,"DIR":"Forward"}},{"type":"Feature","id":4322,"geometry":{"type":"LineString","coordinates":[[-6.221765149584852,53.36307124264049],[-6.222657899989025,53.36319550074013]]},"properties":{"FID":4322,"BIKE":"SEPARATE_TRAIL","Shape_Leng":61.6025830631,"DIR":"Bi-Directional"}},{"type":"Feature","id":4326,"geometry":{"type":"LineString","coordinates":[[-6.1496767724903725,53.38218206107658],[-6.151114400435836,53.381401700483934],[-6.157227300280837,53.37875470131182],[-6.158490299553417,53.37811960064367],[-6.160488199267299,53.37689880046984],[-6.162968899708111,53.375117800848585],[-6.1638426006831475,53.37444420120042],[-6.164101800073858,53.373933601234036]]},"properties":{"FID":4326,"BIKE":"SEPARATE_TRAIL","Shape_Leng":1344.99305777,"DIR":"Bi-Directional"}},{"type":"Feature","id":4327,"geometry":{"type":"LineString","coordinates":[[-6.124541353229498,53.38833500916182],[-6.127900699974294,53.38797450115875],[-6.131309099477199,53.38745110073311],[-6.140361899278526,53.385468601136715],[-6.142952599683489,53.384719500592404]]},"properties":{"FID":4327,"BIKE":"SEPARATE_TRAIL","Shape_Leng":1294.74818267,"DIR":"Bi-Directional"}},{"type":"Feature","id":4330,"geometry":{"type":"MultiLineString","coordinates":[[[-6.198684799652696,53.359406401305286],[-6.198886600017931,53.35952010103051],[-6.20345909945969,53.36022580132269],[-6.2060772356320495,53.3601799876226]],[[-6.164258600540901,53.3738052006741],[-6.164957599986321,53.37356640045664],[-6.165335099941356,53.37324180060506],[-6.166534299995318,53.3714413007443],[-6.166713899657632,53.371292000966655]],[[-6.178384899479616,53.362889701283734],[-6.1782915994000485,53.362839601320616]],[[-6.204323000289564,53.36025290115288],[-6.20345909945969,53.36022580132269],[-6.198886600017931,53.35952010103051],[-6.198541999581269,53.35932920047008],[-6.1970210004329,53.35902930094543],[-6.1966214002706685,53.359062600873166],[-6.194537599332061,53.35825300064362],[-6.19331890035774,53.35807690046106],[-6.191767599642289,53.35813320065851],[-6.190091599313469,53.35842650091903],[-6.187622799364392,53.35927610103212],[-6.184541099520778,53.3599476006562],[-6.183091199584603,53.36044860066913],[-6.180141600196876,53.36168770130976],[-6.179267599459272,53.3621816008705],[-6.173838500478477,53.36618040073447],[-6.167654999866767,53.370450401312205],[-6.166713899657632,53.371292000966655]],[[-6.1803274002382915,53.36167540050132],[-6.180260199542338,53.36163860084103]]]},"properties":{"FID":4330,"BIKE":"SEPARATE_TRAIL","Shape_Leng":4026.11737176,"DIR":"Bi-Directional"}},{"type":"Feature","id":4331,"geometry":{"type":"LineString","coordinates":[[-6.164239799991001,53.373822000761116],[-6.164258600540901,53.3738052006741]]},"properties":{"FID":4331,"BIKE":"SEPARATE_TRAIL","Shape_Leng":2.24981544361,"DIR":"Bi-Directional"}},{"type":"Feature","id":4332,"geometry":{"type":"LineString","coordinates":[[-6.2216779001188485,53.362909501344305],[-6.221358999922891,53.36294700081538],[-6.221023999857752,53.36275500058443],[-6.220337822283603,53.3626329941348]]},"properties":{"FID":4332,"BIKE":"SEPARATE_TRAIL","Shape_Leng":101.417206986,"DIR":"Forward"}},{"type":"Feature","id":4333,"geometry":{"type":"LineString","coordinates":[[-6.231704600032632,53.35966550063444],[-6.234004500335416,53.357963800566274],[-6.233930200673301,53.35779750078489],[-6.233324828390563,53.357438817208454]]},"properties":{"FID":4333,"BIKE":"SEPARATE_TRAIL","Shape_Leng":320.926045901,"DIR":"Bi-Directional"}},{"type":"Feature","id":4334,"geometry":{"type":"LineString","coordinates":[[-6.233460089595618,53.358578864192765],[-6.2319555006357525,53.35977260092377],[-6.231353758734299,53.35952736283223]]},"properties":{"FID":4334,"BIKE":"SEPARATE_TRAIL","Shape_Leng":216.527213963,"DIR":"Forward"}},{"type":"Feature","id":4335,"geometry":{"type":"LineString","coordinates":[[-6.232937700028769,53.35902090094134],[-6.233417599699351,53.359102901279336],[-6.234527600009378,53.35867800052304],[-6.2350821954329865,53.35882882309294],[-6.237969321330682,53.36065445796428],[-6.238306141209495,53.360931792861756],[-6.238105368386003,53.36113874980927],[-6.23821483009722,53.36115306620506]]},"properties":{"FID":4335,"BIKE":"NON_TRAFFIC_TRAIL","Shape_Leng":516.394238069,"DIR":"Bi-Directional"}},{"type":"Feature","id":4336,"geometry":{"type":"LineString","coordinates":[[-6.223434177341068,53.363520527259375],[-6.221770500285299,53.36322310067431],[-6.221765149584852,53.36307124264049]]},"properties":{"FID":4336,"BIKE":"SEPARATE_TRAIL","Shape_Leng":133.277847347,"DIR":"Forward"}},{"type":"Feature","id":4337,"geometry":{"type":"LineString","coordinates":[[-6.164101800073858,53.373933601234036],[-6.164239799991001,53.373822000761116]]},"properties":{"FID":4337,"BIKE":"SEPARATE_TRAIL","Shape_Leng":15.4479986619,"DIR":"Bi-Directional"}},{"type":"Feature","id":4338,"geometry":{"type":"LineString","coordinates":[[-6.24669371131168,53.35482110130487],[-6.244825199614899,53.35626280106542],[-6.241317400616711,53.35857930083486],[-6.238998400074103,53.360775900658545]]},"properties":{"FID":4338,"BIKE":"SEPARATE_TRAIL","Shape_Leng":842.113738389,"DIR":"Bi-Directional"}},{"type":"Feature","id":4339,"geometry":{"type":"LineString","coordinates":[[-6.246608817167168,53.354621897642396],[-6.249342900712285,53.35222980085431],[-6.249974599851022,53.351323200675985]]},"properties":{"FID":4339,"BIKE":"SEPARATE_TRAIL","Shape_Leng":432.792789372,"DIR":"Forward"}},{"type":"Feature","id":4340,"geometry":{"type":"LineString","coordinates":[[-6.23878359942124,53.36069820095845],[-6.239524900339783,53.35990300056459],[-6.241814599301411,53.35801910068994],[-6.244466919171276,53.35629952645459]]},"properties":{"FID":4340,"BIKE":"SEPARATE_TRAIL","Shape_Leng":623.048335409,"DIR":"Forward"}},{"type":"Feature","id":4341,"geometry":{"type":"LineString","coordinates":[[-6.244466919171276,53.35629952645459],[-6.246536715855576,53.354697139158965]]},"properties":{"FID":4341,"BIKE":"SEPARATE_TRAIL","Shape_Leng":226.405304258,"DIR":"Forward"}},{"type":"Feature","id":4342,"geometry":{"type":"LineString","coordinates":[[-6.246608817167168,53.354621897642396],[-6.246536715855576,53.354697139158965]]},"properties":{"FID":4342,"BIKE":"BIKE_LANE","Shape_Leng":9.65236780192,"DIR":"Forward"}},{"type":"Feature","id":4343,"geometry":{"type":"LineString","coordinates":[[-6.250143300463491,53.351461000974446],[-6.2495119004013056,53.35225070061608],[-6.246814700263549,53.35474070068817]]},"properties":{"FID":4343,"BIKE":"SEPARATE_TRAIL","Shape_Leng":428.796596935,"DIR":"Bi-Directional"}},{"type":"Feature","id":4344,"geometry":{"type":"LineString","coordinates":[[-6.246814700263549,53.35474070068817],[-6.24669371131168,53.35482110130487]]},"properties":{"FID":4344,"BIKE":"SEPARATE_TRAIL","Shape_Leng":12.046943382,"DIR":"Bi-Directional"}},{"type":"Feature","id":4345,"geometry":{"type":"LineString","coordinates":[[-6.258624187858821,53.34709284572807],[-6.256103307372123,53.34751934641096],[-6.252041015729047,53.347448667715874],[-6.251880070828605,53.347549061919096]]},"properties":{"FID":4345,"BIKE":"SEPARATE_TRAIL","Shape_Leng":461.851208897,"DIR":"Bi-Directional"}},{"type":"Feature","id":4391,"geometry":{"type":"LineString","coordinates":[[-6.142952599683489,53.384719500592404],[-6.1496767724903725,53.38218206107658]]},"properties":{"FID":4391,"BIKE":"SEPARATE_TRAIL","Shape_Leng":529.455051828,"DIR":"Bi-Directional"}},{"type":"Feature","id":4393,"geometry":{"type":"LineString","coordinates":[[-6.296961704902078,53.34825414192476],[-6.296957414559247,53.348346167872855],[-6.297491468847787,53.34853942270503]]},"properties":{"FID":4393,"BIKE":"BIKE_FRIENDLY_PEDESTRIAN_PATH","Shape_Leng":52.1106883616,"DIR":"Forward"}},{"type":"Feature","id":4394,"geometry":{"type":"LineString","coordinates":[[-6.296867353432762,53.348485363944086],[-6.296137752416047,53.3482367868014]]},"properties":{"FID":4394,"BIKE":"BIKE_LANE","Shape_Leng":56.0138831574,"DIR":"Forward"}},{"type":"Feature","id":4395,"geometry":{"type":"LineString","coordinates":[[-6.296137752416047,53.3482367868014],[-6.295435999962628,53.34822200054746]]},"properties":{"FID":4395,"BIKE":"BIKE_LANE","Shape_Leng":46.7617024894,"DIR":"Forward"}},{"type":"Feature","id":4396,"geometry":{"type":"LineString","coordinates":[[-6.172445226595258,53.367145454033626],[-6.1726343122516,53.367208283978776]]},"properties":{"FID":4396,"BIKE":"BIKE_LANE","Shape_Leng":14.4967762858,"DIR":"Bi-Directional"}},{"type":"Feature","id":4401,"geometry":{"type":"LineString","coordinates":[[-6.242003084750175,53.31846722318324],[-6.24350928411514,53.31957783143223]]},"properties":{"FID":4401,"BIKE":"SEPARATE_TRAIL","Shape_Leng":159.463590774,"DIR":"Forward"}}]}