{"type":"FeatureCollection","features":[{"type":"Feature","id":0,"geometry":{"type":"LineString","coordinates":[[-6.29058202025098,53.34751630716687],[-6.2893140007134525,53.34724900086957]]},"properties":{"Infrastructure type":"SEPARATE_TRAIL","Direction":"Forward","Length (m)":89.6,"Source":"NTA Active Travel Cycle Network (Feb 2025)","_style_key":"SEPARATE_TRAIL"}},{"type":"Feature","id":1,"geometry":{"type":"LineString","coordinates":[[-6.2893140007134525,53.34724900086957],[-6.285397999847133,53.347079001026785]]},"properties":{"Infrastructure type":"SEPARATE_TRAIL","Direction":"Bi-Directional","Length (m)":261.9,"Source":"NTA Active Travel Cycle Network (Feb 2025)","_style_key":"SEPARATE_TRAIL"}},{"type":"Feature","id":2,"geometry":{"type":"LineString","coordinates":[[-6.2837770006703915,53.3470340013241],[-6.28251250421835,53.346930736088694]]},"properties":{"Infrastructure type":"SEPARATE_TRAIL","Direction":"Forward","Length (m)":85.0,"Source":"NTA Active Travel Cycle Network (Feb 2025)","_style_key":"SEPARATE_TRAIL"}},{"type":"Feature","id":3,"geometry":{"type":"LineString","coordinates":[[-6.280175000517752,53.34664200084626],[-6.276588165803026,53.34594518288032],[-6.275494399923523,53.34582165806597]]},"properties":{"Infrastructure type":"SEPARATE_TRAIL","Direction":"Forward","Length (m)":325.4,"Source":"NTA Active Travel Cycle Network (Feb 2025)","_style_key":"SEPARATE_TRAIL"}},{"type":"Feature","id":4,"geometry":{"type":"LineString","coordinates":[[-6.253685000417011,53.34832400110482],[-6.251753878908586,53.34836045473344]]},"properties":{"Infrastructure type":"SEPARATE_TRAIL","Direction":"Forward","Length (m)":128.7,"Source":"NTA Active Travel Cycle Network (Feb 2025)","_style_key":"SEPARATE_TRAIL"}},{"type":"Feature","id":5,"geometry":{"type":"LineString","coordinates":[[-6.228075000156883,53.34666900078909],[-6.235085000276607,53.34717600131945]]},"properties":{"Infrastructure type":"SEPARATE_TRAIL","Direction":"Bi-Directional","Length (m)":470.3,"Source":"NTA Active Travel Cycle Network (Feb 2025)","_style_key":"SEPARATE_TRAIL"}},{"type":"Feature","id":6,"geometry":{"type":"LineString","coordinates":[[-6.235856000102191,53.347231001029805],[-6.237846999523733,53.34735600106811]]},"properties":{"Infrastructure type":"SEPARATE_TRAIL","Direction":"Bi-Directional","Length (m)":133.3,"Source":"NTA Active Travel Cycle Network (Feb 2025)","_style_key":"SEPARATE_TRAIL"}},{"type":"Feature","id":7,"geometry":{"type":"LineString","coordinates":[[-6.238422999300636,53.3473970008654],[-6.239994000137513,53.347453000685434]]},"properties":{"Infrastructure type":"SEPARATE_TRAIL","Direction":"Bi-Directional","Length (m)":104.9,"Source":"NTA Active Travel Cycle Network (Feb 2025)","_style_key":"SEPARATE_TRAIL"}},{"type":"Feature","id":8,"geometry":{"type":"LineString","coordinates":[[-6.239994000137513,53.347453000685434],[-6.24105952193908,53.34752282528703]]},"properties":{"Infrastructure type":"SEPARATE_TRAIL","Direction":"Bi-Directional","Length (m)":71.4,"Source":"NTA Active Travel Cycle Network (Feb 2025)","_style_key":"SEPARATE_TRAIL"}},{"type":"Feature","id":9,"geometry":{"type":"LineString","coordinates":[[-6.24177899951213,53.3476140006357],[-6.24285800068701,53.34768300108963]]},"properties":{"Infrastructure type":"SEPARATE_TRAIL","Direction":"Forward","Length (m)":72.3,"Source":"NTA Active Travel Cycle Network (Feb 2025)","_style_key":"SEPARATE_TRAIL"}},{"type":"Feature","id":10,"geometry":{"type":"LineString","coordinates":[[-6.244120000321154,53.34777100122428],[-6.245736000280805,53.3478650006044]]},"properties":{"Infrastructure type":"SEPARATE_TRAIL","Direction":"Forward","Length (m)":108.2,"Source":"NTA Active Travel Cycle Network (Feb 2025)","_style_key":"SEPARATE_TRAIL"}},{"type":"Feature","id":11,"geometry":{"type":"LineString","coordinates":[[-6.248019999426545,53.348015000465566],[-6.251463833216938,53.34818107352147]]},"properties":{"Infrastructure type":"SEPARATE_TRAIL","Direction":"Forward","Length (m)":232.1,"Source":"NTA Active Travel Cycle Network (Feb 2025)","_style_key":"SEPARATE_TRAIL"}},{"type":"Feature","id":12,"geometry":{"type":"LineString","coordinates":[[-6.290907999336274,53.34748900114516],[-6.291779999541687,53.34771800075728]]},"properties":{"Infrastructure type":"SEPARATE_TRAIL","Direction":"Forward","Length (m)":63.4,"Source":"NTA Active Travel Cycle Network (Feb 2025)","_style_key":"SEPARATE_TRAIL"}},{"type":"Feature","id":13,"geometry":{"type":"LineString","coordinates":[[-6.275524190631859,53.34575972386876],[-6.272433375730074,53.345502220127024],[-6.265136050413918,53.346261399071174]]},"properties":{"Infrastructure type":"SEPARATE_TRAIL","Direction":"Forward","Length (m)":702.0,"Source":"NTA Active Travel Cycle Network (Feb 2025)","_style_key":"SEPARATE_TRAIL"}},{"type":"Feature","id":14,"geometry":{"type":"LineString","coordinates":[[-6.263726810453839,53.3513684177178],[-6.264778452230761,53.35091391558029]]},"properties":{"Infrastructure type":"SEPARATE_TRAIL","Direction":"Forward","Length (m)":86.4,"Source":"NTA Active Travel Cycle Network (Feb 2025)","_style_key":"SEPARATE_TRAIL"}},{"type":"Feature","id":15,"geometry":{"type":"LineString","coordinates":[[-6.264778452230761,53.35091391558029],[-6.265277720734995,53.35072295547653]]},"properties":{"Infrastructure type":"SEPARATE_TRAIL","Direction":"Bi-Directional","Length (m)":39.5,"Source":"NTA Active Travel Cycle Network (Feb 2025)","_style_key":"SEPARATE_TRAIL"}},{"type":"Feature","id":16,"geometry":{"type":"LineString","coordinates":[[-6.265277720734995,53.35072295547653],[-6.267119310540683,53.35010436337181],[-6.269169544833573,53.34963906538015]]},"properties":{"Infrastructure type":"SEPARATE_TRAIL","Direction":"Forward","Length (m)":287.2,"Source":"NTA Active Travel Cycle Network (Feb 2025)","_style_key":"SEPARATE_TRAIL"}},{"type":"Feature","id":17,"geometry":{"type":"LineString","coordinates":[[-6.269363072243352,53.35022709300127],[-6.268194789065376,53.34994024157055]]},"properties":{"Infrastructure type":"SEPARATE_TRAIL","Direction":"Forward","Length (m)":84.6,"Source":"NTA Active Travel Cycle Network (Feb 2025)","_style_key":"SEPARATE_TRAIL"}},{"type":"Feature","id":18,"geometry":{"type":"LineString","coordinates":[[-6.268194789065376,53.34994024157055],[-6.267265585402677,53.350185897580836]]},"properties":{"Infrastructure type":"SEPARATE_TRAIL","Direction":"Forward","Length (m)":68.9,"Source":"NTA Active Travel Cycle Network (Feb 2025)","_style_key":"SEPARATE_TRAIL"}},{"type":"Feature","id":19,"geometry":{"type":"LineString","coordinates":[[-6.227708291038833,53.36421292629538],[-6.225769836818732,53.363967418562076]]},"properties":{"Infrastructure type":"SEPARATE_TRAIL","Direction":"Forward","Length (m)":132.0,"Source":"NTA Active Travel Cycle Network (Feb 2025)","_style_key":"SEPARATE_TRAIL"}},{"type":"Feature","id":20,"geometry":{"type":"LineString","coordinates":[[-6.224410851998699,53.363549728020445],[-6.225469110421587,53.363712742317446]]},"properties":{"Infrastructure type":"SEPARATE_TRAIL","Direction":"Forward","Length (m)":72.7,"Source":"NTA Active Travel Cycle Network (Feb 2025)","_style_key":"SEPARATE_TRAIL"}},{"type":"Feature","id":21,"geometry":{"type":"LineString","coordinates":[[-6.2301134140126075,53.36429122468826],[-6.231091153510305,53.364223277744294],[-6.232238417447697,53.36400531560137],[-6.234228400847721,53.36346649619235],[-6.235055273278489,53.363131202089825]]},"properties":{"Infrastructure type":"BIKE_FRIENDLY_PEDESTRIAN_PATH","Direction":"Forward","Length (m)":358.8,"Source":"NTA Active Travel Cycle Network (Feb 2025)","_style_key":"BIKE_FRIENDLY_PEDESTRIAN_PATH"}},{"type":"Feature","id":22,"geometry":{"type":"LineString","coordinates":[[-6.279913224864967,53.35052823588491],[-6.281806113956152,53.350472465693834]]},"properties":{"Infrastructure type":"SEPARATE_TRAIL","Direction":"Forward","Length (m)":126.2,"Source":"NTA Active Travel Cycle Network (Feb 2025)","_style_key":"SEPARATE_TRAIL"}},{"type":"Feature","id":23,"geometry":{"type":"LineString","coordinates":[[-6.2827361998321996,53.35109886412966],[-6.283347834435255,53.35173439505027]]},"properties":{"Infrastructure type":"SEPARATE_TRAIL","Direction":"Forward","Length (m)":81.7,"Source":"NTA Active Travel Cycle Network (Feb 2025)","_style_key":"SEPARATE_TRAIL"}},{"type":"Feature","id":24,"geometry":{"type":"LineString","coordinates":[[-6.2781313101268035,53.35568556455474],[-6.278803781033758,53.35428351124536],[-6.279946705960269,53.3527712301401]]},"properties":{"Infrastructure type":"SHARED_ROAD","Direction":"Bi-Directional","Length (m)":347.5,"Source":"NTA Active Travel Cycle Network (Feb 2025)","_style_key":"SHARED_ROAD"}},{"type":"Feature","id":25,"geometry":{"type":"LineString","coordinates":[[-6.254537663435589,53.342190455043834],[-6.257914171441499,53.34292595104859]]},"properties":{"Infrastructure type":"SEPARATE_TRAIL","Direction":"Reverse","Length (m)":239.9,"Source":"NTA Active Travel Cycle Network (Feb 2025)","_style_key":"SEPARATE_TRAIL"}},{"type":"Feature","id":26,"geometry":{"type":"LineString","coordinates":[[-6.25279174102172,53.341827132927094],[-6.254483239776825,53.342180662576375]]},"properties":{"Infrastructure type":"SEPARATE_TRAIL","Direction":"Reverse","Length (m)":119.3,"Source":"NTA Active Travel Cycle Network (Feb 2025)","_style_key":"SEPARATE_TRAIL"}},{"type":"Feature","id":27,"geometry":{"type":"LineString","coordinates":[[-6.260148396242155,53.344497976019134],[-6.259908829655053,53.3445245815971]]},"properties":{"Infrastructure type":"SEPARATE_TRAIL","Direction":"Forward","Length (m)":16.2,"Source":"NTA Active Travel Cycle Network (Feb 2025)","_style_key":"SEPARATE_TRAIL"}},{"type":"Feature","id":28,"geometry":{"type":"LineString","coordinates":[[-6.25946858272313,53.34469200257912],[-6.259247182090809,53.344985731758136],[-6.259197375856134,53.34523566926237]]},"properties":{"Infrastructure type":"SEPARATE_TRAIL","Direction":"Bi-Directional","Length (m)":64.2,"Source":"NTA Active Travel Cycle Network (Feb 2025)","_style_key":"SEPARATE_TRAIL"}},{"type":"Feature","id":29,"geometry":{"type":"LineString","coordinates":[[-6.295435999962628,53.34822200054746],[-6.2930590004584115,53.34807900082079]]},"properties":{"Infrastructure type":"SEPARATE_TRAIL","Direction":"Forward","Length (m)":159.1,"Source":"NTA Active Travel Cycle Network (Feb 2025)","_style_key":"SEPARATE_TRAIL"}},{"type":"Feature","id":30,"geometry":{"type":"LineString","coordinates":[[-6.291779999541687,53.34771800075728],[-6.2932363422979645,53.34800127257454],[-6.296279000445458,53.348115001341114]]},"properties":{"Infrastructure type":"SEPARATE_TRAIL","Direction":"Forward","Length (m)":305.0,"Source":"NTA Active Travel Cycle Network (Feb 2025)","_style_key":"SEPARATE_TRAIL"}},{"type":"Feature","id":31,"geometry":{"type":"LineString","coordinates":[[-6.272419694168869,53.338403354417274],[-6.272407196295491,53.337633785009885],[-6.272666941676448,53.33689804672523]]},"properties":{"Infrastructure type":"SEPARATE_TRAIL","Direction":"Forward","Length (m)":169.5,"Source":"NTA Active Travel Cycle Network (Feb 2025)","_style_key":"SEPARATE_TRAIL"}},{"type":"Feature","id":32,"geometry":{"type":"LineString","coordinates":[[-6.272975621989485,53.33632356100802],[-6.273514205624524,53.33535120410759],[-6.274514717130827,53.33437038024685],[-6.274800487713268,53.33396446308146]]},"properties":{"Infrastructure type":"SEPARATE_TRAIL","Direction":"Forward","Length (m)":291.0,"Source":"NTA Active Travel Cycle Network (Feb 2025)","_style_key":"SEPARATE_TRAIL"}},{"type":"Feature","id":33,"geometry":{"type":"LineString","coordinates":[[-6.275165002013472,53.33305074814496],[-6.2750894088814,53.33236382618429]]},"properties":{"Infrastructure type":"SEPARATE_TRAIL","Direction":"Forward","Length (m)":76.6,"Source":"NTA Active Travel Cycle Network (Feb 2025)","_style_key":"SEPARATE_TRAIL"}},{"type":"Feature","id":34,"geometry":{"type":"LineString","coordinates":[[-6.2755068338766655,53.329913537195566],[-6.275380048589975,53.33052388753455]]},"properties":{"Infrastructure type":"SEPARATE_TRAIL","Direction":"Forward","Length (m)":68.5,"Source":"NTA Active Travel Cycle Network (Feb 2025)","_style_key":"SEPARATE_TRAIL"}},{"type":"Feature","id":35,"geometry":{"type":"LineString","coordinates":[[-6.2752424394505795,53.33177588649589],[-6.275335771734882,53.332785419935995]]},"properties":{"Infrastructure type":"SEPARATE_TRAIL","Direction":"Forward","Length (m)":112.5,"Source":"NTA Active Travel Cycle Network (Feb 2025)","_style_key":"SEPARATE_TRAIL"}},{"type":"Feature","id":36,"geometry":{"type":"LineString","coordinates":[[-6.264944909809518,53.341793682902576],[-6.265266478095976,53.34154124869574],[-6.265378357101415,53.341232945475106]]},"properties":{"Infrastructure type":"SEPARATE_TRAIL","Direction":"Forward","Length (m)":70.5,"Source":"NTA Active Travel Cycle Network (Feb 2025)","_style_key":"SEPARATE_TRAIL"}},{"type":"Feature","id":37,"geometry":{"type":"LineString","coordinates":[[-6.265629226461698,53.33731558624132],[-6.265111270436971,53.335576351478956]]},"properties":{"Infrastructure type":"SEPARATE_TRAIL","Direction":"Forward","Length (m)":196.7,"Source":"NTA Active Travel Cycle Network (Feb 2025)","_style_key":"SEPARATE_TRAIL"}},{"type":"Feature","id":38,"geometry":{"type":"LineString","coordinates":[[-6.264382278463144,53.33102313604672],[-6.264224458309202,53.33031594561827]]},"properties":{"Infrastructure type":"SEPARATE_TRAIL","Direction":"Forward","Length (m)":79.4,"Source":"NTA Active Travel Cycle Network (Feb 2025)","_style_key":"SEPARATE_TRAIL"}},{"type":"Feature","id":39,"geometry":{"type":"LineString","coordinates":[[-6.264632785115846,53.32752678499418],[-6.264803017112462,53.326711303420204]]},"properties":{"Infrastructure type":"SEPARATE_TRAIL","Direction":"Forward","Length (m)":91.5,"Source":"NTA Active Travel Cycle Network (Feb 2025)","_style_key":"SEPARATE_TRAIL"}},{"type":"Feature","id":40,"geometry":{"type":"LineString","coordinates":[[-6.264906299452443,53.326148216973934],[-6.265710192121344,53.32207866228484]]},"properties":{"Infrastructure type":"SEPARATE_TRAIL","Direction":"Forward","Length (m)":456.5,"Source":"NTA Active Travel Cycle Network (Feb 2025)","_style_key":"SEPARATE_TRAIL"}},{"type":"Feature","id":41,"geometry":{"type":"LineString","coordinates":[[-6.264936594506456,53.3326631166074],[-6.265150109200723,53.33357953591077]]},"properties":{"Infrastructure type":"SEPARATE_TRAIL","Direction":"Forward","Length (m)":103.0,"Source":"NTA Active Travel Cycle Network (Feb 2025)","_style_key":"SEPARATE_TRAIL"}},{"type":"Feature","id":42,"geometry":{"type":"LineString","coordinates":[[-6.265921808807525,53.33779743752671],[-6.2661371546496465,53.3384584230971],[-6.265954610558051,53.339397108853625]]},"properties":{"Infrastructure type":"SEPARATE_TRAIL","Direction":"Forward","Length (m)":180.1,"Source":"NTA Active Travel Cycle Network (Feb 2025)","_style_key":"SEPARATE_TRAIL"}},{"type":"Feature","id":43,"geometry":{"type":"LineString","coordinates":[[-6.26576684064493,53.34029379591721],[-6.265484112309388,53.34141046314514],[-6.265316064575101,53.34163124413661]]},"properties":{"Infrastructure type":"SEPARATE_TRAIL","Direction":"Forward","Length (m)":152.7,"Source":"NTA Active Travel Cycle Network (Feb 2025)","_style_key":"SEPARATE_TRAIL"}},{"type":"Feature","id":44,"geometry":{"type":"LineString","coordinates":[[-6.2700770955841545,53.34217266195362],[-6.269921059472183,53.342765157594364],[-6.269997330530972,53.34316622799867],[-6.270154871792097,53.343242290290796]]},"properties":{"Infrastructure type":"SEPARATE_TRAIL","Direction":"Forward","Length (m)":125.5,"Source":"NTA Active Travel Cycle Network (Feb 2025)","_style_key":"SEPARATE_TRAIL"}},{"type":"Feature","id":45,"geometry":{"type":"LineString","coordinates":[[-6.269865999719457,53.34321300133781],[-6.269764274612362,53.34266905887149],[-6.2699532281396255,53.34210557979491]]},"properties":{"Infrastructure type":"SEPARATE_TRAIL","Direction":"Forward","Length (m)":125.2,"Source":"NTA Active Travel Cycle Network (Feb 2025)","_style_key":"SEPARATE_TRAIL"}},{"type":"Feature","id":46,"geometry":{"type":"LineString","coordinates":[[-6.270124999498158,53.34067100068491],[-6.2700770955841545,53.34217266195362]]},"properties":{"Infrastructure type":"SEPARATE_TRAIL","Direction":"Forward","Length (m)":167.2,"Source":"NTA Active Travel Cycle Network (Feb 2025)","_style_key":"SEPARATE_TRAIL"}},{"type":"Feature","id":47,"geometry":{"type":"LineString","coordinates":[[-6.2699532281396255,53.34210557979491],[-6.270030850693742,53.34146215384185],[-6.269916489382066,53.340484727569695]]},"properties":{"Infrastructure type":"SEPARATE_TRAIL","Direction":"Forward","Length (m)":181.3,"Source":"NTA Active Travel Cycle Network (Feb 2025)","_style_key":"SEPARATE_TRAIL"}},{"type":"Feature","id":48,"geometry":{"type":"LineString","coordinates":[[-6.249207220082912,53.34411344514055],[-6.250477105426627,53.342100264185305]]},"properties":{"Infrastructure type":"SEPARATE_TRAIL","Direction":"Forward","Length (m)":239.6,"Source":"NTA Active Travel Cycle Network (Feb 2025)","_style_key":"SEPARATE_TRAIL"}},{"type":"Feature","id":49,"geometry":{"type":"LineString","coordinates":[[-6.265283651787406,53.378703274281634],[-6.255851427348776,53.37702805362743],[-6.250860733129317,53.376004367194895],[-6.2407910589055255,53.37324717821837],[-6.237316863393419,53.3720644658497]]},"properties":{"Infrastructure type":"SEPARATE_TRAIL","Direction":"Forward","Length (m)":2009.6,"Source":"NTA Active Travel Cycle Network (Feb 2025)","_style_key":"SEPARATE_TRAIL"}},{"type":"Feature","id":50,"geometry":{"type":"LineString","coordinates":[[-6.269865999719457,53.34321300133781],[-6.267704592764198,53.34372726716214],[-6.267595676554927,53.34380241715708],[-6.267746406706843,53.34400898272945]]},"properties":{"Infrastructure type":"SEPARATE_TRAIL","Direction":"Forward","Length (m)":191.9,"Source":"NTA Active Travel Cycle Network (Feb 2025)","_style_key":"SEPARATE_TRAIL"}},{"type":"Feature","id":51,"geometry":{"type":"LineString","coordinates":[[-6.241193176150907,53.34633673704912],[-6.240233863051641,53.346183917794],[-6.230735077454763,53.34547066386787]]},"properties":{"Infrastructure type":"SEPARATE_TRAIL","Direction":"Bi-Directional","Length (m)":704.4,"Source":"NTA Active Travel Cycle Network (Feb 2025)","_style_key":"SEPARATE_TRAIL"}},{"type":"Feature","id":52,"geometry":{"type":"LineString","coordinates":[[-6.2414738623998804,53.34629387191565],[-6.246261536514176,53.346603494457085],[-6.251544000148071,53.347363000622195]]},"properties":{"Infrastructure type":"SEPARATE_TRAIL","Direction":"Bi-Directional","Length (m)":683.0,"Source":"NTA Active Travel Cycle Network (Feb 2025)","_style_key":"SEPARATE_TRAIL"}},{"type":"Feature","id":53,"geometry":{"type":"LineString","coordinates":[[-6.276060689184389,53.34528859416885],[-6.280534168922236,53.34616724164291]]},"properties":{"Infrastructure type":"SEPARATE_TRAIL","Direction":"Forward","Length (m)":313.6,"Source":"NTA Active Travel Cycle Network (Feb 2025)","_style_key":"SEPARATE_TRAIL"}},{"type":"Feature","id":54,"geometry":{"type":"LineString","coordinates":[[-6.2856165729772036,53.346523611877046],[-6.291009270060206,53.34679950365905]]},"properties":{"Infrastructure type":"SEPARATE_TRAIL","Direction":"Forward","Length (m)":362.7,"Source":"NTA Active Travel Cycle Network (Feb 2025)","_style_key":"SEPARATE_TRAIL"}},{"type":"Feature","id":55,"geometry":{"type":"LineString","coordinates":[[-6.244487999657554,53.35628660069361],[-6.244254917359779,53.35629178726628],[-6.243396633206677,53.35584738353343],[-6.243143941058789,53.35545979208623],[-6.243243574513084,53.35522839109293],[-6.242531976512432,53.354949517625705],[-6.241133600143285,53.35361889096879],[-6.24062364859868,53.35270779849336],[-6.240441340714205,53.35211660674514],[-6.240361013451292,53.35167463595594],[-6.240502535203781,53.35064390094679]]},"properties":{"Infrastructure type":"NON_TRAFFIC_TRAIL","Direction":"Bi-Directional","Length (m)":741.2,"Source":"NTA Active Travel Cycle Network (Feb 2025)","_style_key":"NON_TRAFFIC_TRAIL"}},{"type":"Feature","id":56,"geometry":{"type":"LineString","coordinates":[[-6.282322253502943,53.40356618429292],[-6.28308765498021,53.40412295587741]]},"properties":{"Infrastructure type":"SEPARATE_TRAIL","Direction":"Forward","Length (m)":80.2,"Source":"NTA Active Travel Cycle Network (Feb 2025)","_style_key":"SEPARATE_TRAIL"}},{"type":"Feature","id":57,"geometry":{"type":"LineString","coordinates":[[-6.281268277177588,53.402688404555335],[-6.281696665209108,53.402903526244],[-6.2819269191396625,53.40326336828516],[-6.282322253502943,53.40356618429292]]},"properties":{"Infrastructure type":"SEPARATE_TRAIL","Direction":"Forward","Length (m)":124.1,"Source":"NTA Active Travel Cycle Network (Feb 2025)","_style_key":"SEPARATE_TRAIL"}},{"type":"Feature","id":58,"geometry":{"type":"LineString","coordinates":[[-6.281142866319954,53.40415270738191],[-6.283006849293487,53.40287405561139]]},"properties":{"Infrastructure type":"SEPARATE_TRAIL","Direction":"Forward","Length (m)":190.8,"Source":"NTA Active Travel Cycle Network (Feb 2025)","_style_key":"SEPARATE_TRAIL"}},{"type":"Feature","id":74,"geometry":{"type":"LineString","coordinates":[[-6.25335638004462,53.33275311763013],[-6.253257571103169,53.33275340556652],[-6.246489323568076,53.33956568840275]]},"properties":{"Infrastructure type":"SEPARATE_TRAIL","Direction":"Forward","Length (m)":889.0,"Source":"NTA Active Travel Cycle Network (Feb 2025)","_style_key":"SEPARATE_TRAIL"}},{"type":"Feature","id":75,"geometry":{"type":"LineString","coordinates":[[-6.246277837396851,53.339518196284686],[-6.247800919413424,53.3381090499249],[-6.253152829154101,53.33256040461738]]},"properties":{"Infrastructure type":"SEPARATE_TRAIL","Direction":"Forward","Length (m)":901.6,"Source":"NTA Active Travel Cycle Network (Feb 2025)","_style_key":"SEPARATE_TRAIL"}},{"type":"Feature","id":86,"geometry":{"type":"LineString","coordinates":[[-6.272583595687513,53.360745410576534],[-6.272626386163085,53.3597762550347],[-6.273274301622787,53.35841877488227]]},"properties":{"Infrastructure type":"SEPARATE_TRAIL","Direction":"Forward","Length (m)":265.1,"Source":"NTA Active Travel Cycle Network (Feb 2025)","_style_key":"SEPARATE_TRAIL"}},{"type":"Feature","id":87,"geometry":{"type":"LineString","coordinates":[[-6.272899882982658,53.353367755163426],[-6.273378269378426,53.35171756202728]]},"properties":{"Infrastructure type":"SEPARATE_TRAIL","Direction":"Forward","Length (m)":186.6,"Source":"NTA Active Travel Cycle Network (Feb 2025)","_style_key":"SEPARATE_TRAIL"}},{"type":"Feature","id":88,"geometry":{"type":"LineString","coordinates":[[-6.274456210205576,53.35005704099225],[-6.27458534479777,53.349801584865915],[-6.274655714298998,53.347976447971895]]},"properties":{"Infrastructure type":"SEPARATE_TRAIL","Direction":"Forward","Length (m)":233.0,"Source":"NTA Active Travel Cycle Network (Feb 2025)","_style_key":"SEPARATE_TRAIL"}},{"type":"Feature","id":89,"geometry":{"type":"LineString","coordinates":[[-6.274866223925958,53.34716148830753],[-6.275494399923523,53.34582165806597]]},"properties":{"Infrastructure type":"SEPARATE_TRAIL","Direction":"Forward","Length (m)":155.1,"Source":"NTA Active Travel Cycle Network (Feb 2025)","_style_key":"SEPARATE_TRAIL"}},{"type":"Feature","id":120,"geometry":{"type":"LineString","coordinates":[[-6.23821483009722,53.36115306620506],[-6.23878359942124,53.36069820095845]]},"properties":{"Infrastructure type":"SEPARATE_TRAIL","Direction":"Forward","Length (m)":63.2,"Source":"NTA Active Travel Cycle Network (Feb 2025)","_style_key":"SEPARATE_TRAIL"}},{"type":"Feature","id":121,"geometry":{"type":"LineString","coordinates":[[-6.238998400074103,53.360775900658545],[-6.2386642365121565,53.36103421284403]]},"properties":{"Infrastructure type":"SEPARATE_TRAIL","Direction":"Forward","Length (m)":36.4,"Source":"NTA Active Travel Cycle Network (Feb 2025)","_style_key":"SEPARATE_TRAIL"}},{"type":"Feature","id":134,"geometry":{"type":"LineString","coordinates":[[-6.262562000605476,53.35201900111645],[-6.263034159591055,53.35172072586597]]},"properties":{"Infrastructure type":"SEPARATE_TRAIL","Direction":"Forward","Length (m)":45.8,"Source":"NTA Active Travel Cycle Network (Feb 2025)","_style_key":"SEPARATE_TRAIL"}},{"type":"Feature","id":144,"geometry":{"type":"LineString","coordinates":[[-6.265730903701865,53.372991181794696],[-6.265477010183057,53.37412490254483],[-6.264779008366329,53.375634687797756]]},"properties":{"Infrastructure type":"BIKE_FRIENDLY_PEDESTRIAN_PATH","Direction":"Forward","Length (m)":301.8,"Source":"NTA Active Travel Cycle Network (Feb 2025)","_style_key":"BIKE_FRIENDLY_PEDESTRIAN_PATH"}},{"type":"Feature","id":145,"geometry":{"type":"LineString","coordinates":[[-6.328860000038786,53.36803000139025],[-6.32966999965855,53.36842000078724]]},"properties":{"Infrastructure type":"SEPARATE_TRAIL","Direction":"Forward","Length (m)":69.2,"Source":"NTA Active Travel Cycle Network (Feb 2025)","_style_key":"SEPARATE_TRAIL"}},{"type":"Feature","id":155,"geometry":{"type":"LineString","coordinates":[[-6.283456456596812,53.40588288521515],[-6.282050000817141,53.40587000155922],[-6.2780800001436985,53.40611000060181]]},"properties":{"Infrastructure type":"BIKE_FRIENDLY_PEDESTRIAN_PATH","Direction":"Forward","Length (m)":359.3,"Source":"NTA Active Travel Cycle Network (Feb 2025)","_style_key":"BIKE_FRIENDLY_PEDESTRIAN_PATH"}},{"type":"Feature","id":237,"geometry":{"type":"LineString","coordinates":[[-6.186829999374484,53.39761000074738],[-6.187529999347179,53.3977400000844]]},"properties":{"Infrastructure type":"BIKE_FRIENDLY_PEDESTRIAN_PATH","Direction":"Forward","Length (m)":48.8,"Source":"NTA Active Travel Cycle Network (Feb 2025)","_style_key":"BIKE_FRIENDLY_PEDESTRIAN_PATH"}},{"type":"Feature","id":238,"geometry":{"type":"LineString","coordinates":[[-6.308969999383671,53.401100000894864],[-6.309159998907894,53.40133000059991]]},"properties":{"Infrastructure type":"BIKE_FRIENDLY_PEDESTRIAN_PATH","Direction":"Forward","Length (m)":28.5,"Source":"NTA Active Travel Cycle Network (Feb 2025)","_style_key":"BIKE_FRIENDLY_PEDESTRIAN_PATH"}},{"type":"Feature","id":250,"geometry":{"type":"LineString","coordinates":[[-6.224443967736641,53.314228982478085],[-6.225892361579051,53.314732809086834]]},"properties":{"Infrastructure type":"SEPARATE_TRAIL","Direction":"Forward","Length (m)":111.7,"Source":"NTA Active Travel Cycle Network (Feb 2025)","_style_key":"SEPARATE_TRAIL"}},{"type":"Feature","id":251,"geometry":{"type":"LineString","coordinates":[[-6.220901128730107,53.31146158084265],[-6.221750000515865,53.31277000054963],[-6.222430000414351,53.313390001067184]]},"properties":{"Infrastructure type":"SEPARATE_TRAIL","Direction":"Forward","Length (m)":239.1,"Source":"NTA Active Travel Cycle Network (Feb 2025)","_style_key":"SEPARATE_TRAIL"}},{"type":"Feature","id":252,"geometry":{"type":"LineString","coordinates":[[-6.228923256719091,53.3170982348771],[-6.228409999723537,53.31664000070498]]},"properties":{"Infrastructure type":"BIKE_FRIENDLY_PEDESTRIAN_PATH","Direction":"Forward","Length (m)":61.4,"Source":"NTA Active Travel Cycle Network (Feb 2025)","_style_key":"BIKE_FRIENDLY_PEDESTRIAN_PATH"}},{"type":"Feature","id":253,"geometry":{"type":"LineString","coordinates":[[-6.228409999723537,53.31664000070498],[-6.2260000006724265,53.31503000164944]]},"properties":{"Infrastructure type":"SEPARATE_TRAIL","Direction":"Forward","Length (m)":241.0,"Source":"NTA Active Travel Cycle Network (Feb 2025)","_style_key":"SEPARATE_TRAIL"}},{"type":"Feature","id":257,"geometry":{"type":"LineString","coordinates":[[-6.308789999886185,53.40087000052231],[-6.308969999383671,53.401100000894864]]},"properties":{"Infrastructure type":"BIKE_FRIENDLY_PEDESTRIAN_PATH","Direction":"Forward","Length (m)":28.3,"Source":"NTA Active Travel Cycle Network (Feb 2025)","_style_key":"BIKE_FRIENDLY_PEDESTRIAN_PATH"}},{"type":"Feature","id":262,"geometry":{"type":"LineString","coordinates":[[-6.229133158912732,53.31698612466718],[-6.230399654422814,53.317850081160024]]},"properties":{"Infrastructure type":"BIKE_FRIENDLY_PEDESTRIAN_PATH","Direction":"Forward","Length (m)":127.9,"Source":"NTA Active Travel Cycle Network (Feb 2025)","_style_key":"BIKE_FRIENDLY_PEDESTRIAN_PATH"}},{"type":"Feature","id":265,"geometry":{"type":"LineString","coordinates":[[-6.186107365774832,53.39752089007087],[-6.185981969107714,53.39736525666084],[-6.185553506630564,53.39716420347915]]},"properties":{"Infrastructure type":"BIKE_FRIENDLY_PEDESTRIAN_PATH","Direction":"Forward","Length (m)":55.8,"Source":"NTA Active Travel Cycle Network (Feb 2025)","_style_key":"BIKE_FRIENDLY_PEDESTRIAN_PATH"}},{"type":"Feature","id":267,"geometry":{"type":"LineString","coordinates":[[-6.280159998904903,53.3708200011314],[-6.281049999508636,53.37156000111021]]},"properties":{"Infrastructure type":"BIKE_FRIENDLY_PEDESTRIAN_PATH","Direction":"Forward","Length (m)":101.5,"Source":"NTA Active Travel Cycle Network (Feb 2025)","_style_key":"BIKE_FRIENDLY_PEDESTRIAN_PATH"}},{"type":"Feature","id":268,"geometry":{"type":"LineString","coordinates":[[-6.230070205323413,53.3179473490167],[-6.229181499616943,53.31728958284264]]},"properties":{"Infrastructure type":"BIKE_FRIENDLY_PEDESTRIAN_PATH","Direction":"Forward","Length (m)":94.2,"Source":"NTA Active Travel Cycle Network (Feb 2025)","_style_key":"BIKE_FRIENDLY_PEDESTRIAN_PATH"}},{"type":"Feature","id":277,"geometry":{"type":"LineString","coordinates":[[-6.229181499616943,53.31728958284264],[-6.228923256719091,53.3170982348771]]},"properties":{"Infrastructure type":"BIKE_FRIENDLY_PEDESTRIAN_PATH","Direction":"Forward","Length (m)":27.4,"Source":"NTA Active Travel Cycle Network (Feb 2025)","_style_key":"BIKE_FRIENDLY_PEDESTRIAN_PATH"}},{"type":"Feature","id":287,"geometry":{"type":"LineString","coordinates":[[-6.309319999373952,53.40152000109983],[-6.309489999071315,53.401730000989026]]},"properties":{"Infrastructure type":"BIKE_FRIENDLY_PEDESTRIAN_PATH","Direction":"Forward","Length (m)":26.0,"Source":"NTA Active Travel Cycle Network (Feb 2025)","_style_key":"BIKE_FRIENDLY_PEDESTRIAN_PATH"}},{"type":"Feature","id":290,"geometry":{"type":"LineString","coordinates":[[-6.228584060289927,53.31657444285972],[-6.229133158912732,53.31698612466718]]},"properties":{"Infrastructure type":"BIKE_FRIENDLY_PEDESTRIAN_PATH","Direction":"Forward","Length (m)":58.6,"Source":"NTA Active Travel Cycle Network (Feb 2025)","_style_key":"BIKE_FRIENDLY_PEDESTRIAN_PATH"}},{"type":"Feature","id":304,"geometry":{"type":"LineString","coordinates":[[-6.337539999754154,53.3687300007813],[-6.33585999984644,53.36913000083003],[-6.334010000359335,53.36928000068825]]},"properties":{"Infrastructure type":"SEPARATE_TRAIL","Direction":"Forward","Length (m)":245.3,"Source":"NTA Active Travel Cycle Network (Feb 2025)","_style_key":"SEPARATE_TRAIL"}},{"type":"Feature","id":305,"geometry":{"type":"LineString","coordinates":[[-6.322060000592009,53.365190000991504],[-6.323159998918409,53.36538000063758]]},"properties":{"Infrastructure type":"SEPARATE_TRAIL","Direction":"Forward","Length (m)":76.2,"Source":"NTA Active Travel Cycle Network (Feb 2025)","_style_key":"SEPARATE_TRAIL"}},{"type":"Feature","id":306,"geometry":{"type":"LineString","coordinates":[[-6.32966999965855,53.36842000078724],[-6.330879999694036,53.36892000047004],[-6.331640000552025,53.36911000078226],[-6.3327199995662955,53.369260000957844],[-6.334010000359335,53.36928000068825]]},"properties":{"Infrastructure type":"SEPARATE_TRAIL","Direction":"Forward","Length (m)":312.6,"Source":"NTA Active Travel Cycle Network (Feb 2025)","_style_key":"SEPARATE_TRAIL"}},{"type":"Feature","id":307,"geometry":{"type":"LineString","coordinates":[[-6.323159998918409,53.36538000063758],[-6.324350000055315,53.365720000800785],[-6.32557999889426,53.36634000144083]]},"properties":{"Infrastructure type":"SEPARATE_TRAIL","Direction":"Forward","Length (m)":195.2,"Source":"NTA Active Travel Cycle Network (Feb 2025)","_style_key":"SEPARATE_TRAIL"}},{"type":"Feature","id":331,"geometry":{"type":"LineString","coordinates":[[-6.1496767724903725,53.38218206107658],[-6.150146230028976,53.38236532586593],[-6.150579672202468,53.38205390690373],[-6.150715367968092,53.38206038050901]]},"properties":{"Infrastructure type":"BIKE_FRIENDLY_PEDESTRIAN_PATH","Direction":"Bi-Directional","Length (m)":94.5,"Source":"NTA Active Travel Cycle Network (Feb 2025)","_style_key":"BIKE_FRIENDLY_PEDESTRIAN_PATH"}},{"type":"Feature","id":332,"geometry":{"type":"LineString","coordinates":[[-6.32557999889426,53.36634000144083],[-6.328860000038786,53.36803000139025]]},"properties":{"Infrastructure type":"SEPARATE_TRAIL","Direction":"Forward","Length (m)":288.4,"Source":"NTA Active Travel Cycle Network (Feb 2025)","_style_key":"SEPARATE_TRAIL"}},{"type":"Feature","id":335,"geometry":{"type":"LineString","coordinates":[[-6.239007811243214,53.33874592570059],[-6.23957608027102,53.33898081050851]]},"properties":{"Infrastructure type":"SEPARATE_TRAIL","Direction":"Bi-Directional","Length (m)":48.2,"Source":"NTA Active Travel Cycle Network (Feb 2025)","_style_key":"SEPARATE_TRAIL"}},{"type":"Feature","id":344,"geometry":{"type":"LineString","coordinates":[[-6.244385331773357,53.38288069925881],[-6.244497510261494,53.38302823307559],[-6.244152531684734,53.383346325179296],[-6.2436893597319445,53.38429771324074],[-6.24320156332936,53.38611871343941],[-6.2431869535779265,53.38633738877859],[-6.243356591994444,53.386754213624954],[-6.243833614917824,53.38726968254502]]},"properties":{"Infrastructure type":"SHARED_ROAD","Direction":"Bi-Directional","Length (m)":514.4,"Source":"NTA Active Travel Cycle Network (Feb 2025)","_style_key":"SHARED_ROAD"}},{"type":"Feature","id":345,"geometry":{"type":"LineString","coordinates":[[-6.325410000017013,53.36266000086248],[-6.325170000151163,53.36363000027227]]},"properties":{"Infrastructure type":"BIKE_FRIENDLY_PEDESTRIAN_PATH","Direction":"Forward","Length (m)":109.3,"Source":"NTA Active Travel Cycle Network (Feb 2025)","_style_key":"BIKE_FRIENDLY_PEDESTRIAN_PATH"}},{"type":"Feature","id":352,"geometry":{"type":"LineString","coordinates":[[-6.186829999374484,53.39761000074738],[-6.186700000698462,53.39763000120458]]},"properties":{"Infrastructure type":"BIKE_FRIENDLY_PEDESTRIAN_PATH","Direction":"Forward","Length (m)":8.9,"Source":"NTA Active Travel Cycle Network (Feb 2025)","_style_key":"BIKE_FRIENDLY_PEDESTRIAN_PATH"}},{"type":"Feature","id":366,"geometry":{"type":"LineString","coordinates":[[-6.204583024408981,53.38314010009841],[-6.204946373329644,53.38268220959678],[-6.205804560147898,53.382780907101065]]},"properties":{"Infrastructure type":"SEPARATE_TRAIL","Direction":"Bi-Directional","Length (m)":116.6,"Source":"NTA Active Travel Cycle Network (Feb 2025)","_style_key":"SEPARATE_TRAIL"}},{"type":"Feature","id":369,"geometry":{"type":"LineString","coordinates":[[-6.206024079748797,53.382896435463415],[-6.205427778887941,53.383298655141],[-6.2046860410441,53.383198274103684]]},"properties":{"Infrastructure type":"SEPARATE_TRAIL","Direction":"Bi-Directional","Length (m)":113.2,"Source":"NTA Active Travel Cycle Network (Feb 2025)","_style_key":"SEPARATE_TRAIL"}},{"type":"Feature","id":370,"geometry":{"type":"LineString","coordinates":[[-6.325809999842036,53.36053000044074],[-6.325869999695947,53.3613600010403],[-6.325799999582575,53.361760000842594],[-6.325410000017013,53.36266000086248]]},"properties":{"Infrastructure type":"BIKE_FRIENDLY_PEDESTRIAN_PATH","Direction":"Forward","Length (m)":240.8,"Source":"NTA Active Travel Cycle Network (Feb 2025)","_style_key":"BIKE_FRIENDLY_PEDESTRIAN_PATH"}},{"type":"Feature","id":373,"geometry":{"type":"LineString","coordinates":[[-6.341109999449324,53.36681000042504],[-6.338950000407301,53.36818000041777],[-6.337539999754154,53.3687300007813]]},"properties":{"Infrastructure type":"SEPARATE_TRAIL","Direction":"Forward","Length (m)":322.0,"Source":"NTA Active Travel Cycle Network (Feb 2025)","_style_key":"SEPARATE_TRAIL"}},{"type":"Feature","id":374,"geometry":{"type":"LineString","coordinates":[[-6.225952071607949,53.35143482016294],[-6.225263675413591,53.3524361113759],[-6.225312972865022,53.3526533602678]]},"properties":{"Infrastructure type":"BIKE_FRIENDLY_PEDESTRIAN_PATH","Direction":"Forward","Length (m)":146.6,"Source":"NTA Active Travel Cycle Network (Feb 2025)","_style_key":"BIKE_FRIENDLY_PEDESTRIAN_PATH"}},{"type":"Feature","id":380,"geometry":{"type":"LineString","coordinates":[[-6.320240000375278,53.39200000142051],[-6.323040000159457,53.393160000205214],[-6.323310000141742,53.393340001071635],[-6.323729999299647,53.393960000423405],[-6.3244199993672625,53.39433000065405],[-6.328190000070724,53.39532000141044],[-6.329079999573176,53.3956700013269]]},"properties":{"Infrastructure type":"BIKE_FRIENDLY_PEDESTRIAN_PATH","Direction":"Forward","Length (m)":735.9,"Source":"NTA Active Travel Cycle Network (Feb 2025)","_style_key":"BIKE_FRIENDLY_PEDESTRIAN_PATH"}},{"type":"Feature","id":383,"geometry":{"type":"LineString","coordinates":[[-6.265057135931479,53.330304804868234],[-6.265096947366461,53.33054126295361]]},"properties":{"Infrastructure type":"SEPARATE_TRAIL","Direction":"Bi-Directional","Length (m)":26.4,"Source":"NTA Active Travel Cycle Network (Feb 2025)","_style_key":"SEPARATE_TRAIL"}},{"type":"Feature","id":391,"geometry":{"type":"LineString","coordinates":[[-6.264335332635206,53.33017813500954],[-6.264874777434947,53.330172013379205],[-6.265057135931479,53.330304804868234]]},"properties":{"Infrastructure type":"SEPARATE_TRAIL","Direction":"Bi-Directional","Length (m)":56.1,"Source":"NTA Active Travel Cycle Network (Feb 2025)","_style_key":"SEPARATE_TRAIL"}},{"type":"Feature","id":396,"geometry":{"type":"LineString","coordinates":[[-6.309159998907894,53.40133000059991],[-6.309319999373952,53.40152000109983]]},"properties":{"Infrastructure type":"BIKE_FRIENDLY_PEDESTRIAN_PATH","Direction":"Forward","Length (m)":23.7,"Source":"NTA Active Travel Cycle Network (Feb 2025)","_style_key":"BIKE_FRIENDLY_PEDESTRIAN_PATH"}},{"type":"Feature","id":416,"geometry":{"type":"LineString","coordinates":[[-6.287639999902838,53.37768000064689],[-6.287810000370919,53.37891000081024],[-6.288330000198576,53.379740000861425]]},"properties":{"Infrastructure type":"BIKE_FRIENDLY_PEDESTRIAN_PATH","Direction":"Forward","Length (m)":236.4,"Source":"NTA Active Travel Cycle Network (Feb 2025)","_style_key":"BIKE_FRIENDLY_PEDESTRIAN_PATH"}},{"type":"Feature","id":418,"geometry":{"type":"LineString","coordinates":[[-6.22041488462426,53.31076955724569],[-6.220521836881541,53.31092229625888]]},"properties":{"Infrastructure type":"BIKE_FRIENDLY_PEDESTRIAN_PATH","Direction":"Forward","Length (m)":18.4,"Source":"NTA Active Travel Cycle Network (Feb 2025)","_style_key":"BIKE_FRIENDLY_PEDESTRIAN_PATH"}},{"type":"Feature","id":422,"geometry":{"type":"LineString","coordinates":[[-6.281049999508636,53.37156000111021],[-6.282240000747955,53.3721800006817]]},"properties":{"Infrastructure type":"BIKE_FRIENDLY_PEDESTRIAN_PATH","Direction":"Forward","Length (m)":105.8,"Source":"NTA Active Travel Cycle Network (Feb 2025)","_style_key":"BIKE_FRIENDLY_PEDESTRIAN_PATH"}},{"type":"Feature","id":425,"geometry":{"type":"LineString","coordinates":[[-6.308510000392162,53.40055000023304],[-6.308789999886185,53.40087000052231]]},"properties":{"Infrastructure type":"BIKE_FRIENDLY_PEDESTRIAN_PATH","Direction":"Forward","Length (m)":40.2,"Source":"NTA Active Travel Cycle Network (Feb 2025)","_style_key":"BIKE_FRIENDLY_PEDESTRIAN_PATH"}},{"type":"Feature","id":439,"geometry":{"type":"LineString","coordinates":[[-6.186107365774832,53.39752089007087],[-6.186131904619186,53.397639619773315]]},"properties":{"Infrastructure type":"BIKE_FRIENDLY_PEDESTRIAN_PATH","Direction":"Forward","Length (m)":13.3,"Source":"NTA Active Travel Cycle Network (Feb 2025)","_style_key":"BIKE_FRIENDLY_PEDESTRIAN_PATH"}},{"type":"Feature","id":475,"geometry":{"type":"LineString","coordinates":[[-6.278421682986285,53.34871830101779],[-6.278899897354652,53.34877912875151]]},"properties":{"Infrastructure type":"NON_TRAFFIC_TRAIL","Direction":"Bi-Directional","Length (m)":32.6,"Source":"NTA Active Travel Cycle Network (Feb 2025)","_style_key":"NON_TRAFFIC_TRAIL"}},{"type":"Feature","id":487,"geometry":{"type":"LineString","coordinates":[[-6.322399999841596,53.345110000385574],[-6.320599999515735,53.34554000043027]]},"properties":{"Infrastructure type":"NON_TRAFFIC_TRAIL","Direction":"Bi-Directional","Length (m)":129.1,"Source":"NTA Active Travel Cycle Network (Feb 2025)","_style_key":"NON_TRAFFIC_TRAIL"}},{"type":"Feature","id":488,"geometry":{"type":"LineString","coordinates":[[-6.238823193244309,53.34406872621008],[-6.238381449624372,53.34423420520873]]},"properties":{"Infrastructure type":"NON_TRAFFIC_TRAIL","Direction":"Bi-Directional","Length (m)":34.7,"Source":"NTA Active Travel Cycle Network (Feb 2025)","_style_key":"NON_TRAFFIC_TRAIL"}},{"type":"Feature","id":489,"geometry":{"type":"LineString","coordinates":[[-6.2664939641520565,53.3719950810535],[-6.266006862279678,53.372430997001906],[-6.265983373397307,53.37258167237528]]},"properties":{"Infrastructure type":"BIKE_FRIENDLY_PEDESTRIAN_PATH","Direction":"Forward","Length (m)":75.3,"Source":"NTA Active Travel Cycle Network (Feb 2025)","_style_key":"BIKE_FRIENDLY_PEDESTRIAN_PATH"}},{"type":"Feature","id":491,"geometry":{"type":"LineString","coordinates":[[-6.257369999302787,53.336980000529906],[-6.256849999814219,53.33752000095215]]},"properties":{"Infrastructure type":"NON_TRAFFIC_TRAIL","Direction":"Bi-Directional","Length (m)":69.6,"Source":"NTA Active Travel Cycle Network (Feb 2025)","_style_key":"NON_TRAFFIC_TRAIL"}},{"type":"Feature","id":492,"geometry":{"type":"LineString","coordinates":[[-6.358892012015145,53.328216459497725],[-6.359032579824793,53.328250324033405],[-6.359230438831437,53.32883110033663],[-6.359192281332981,53.32927554655339],[-6.3590257726208375,53.32956852029077],[-6.359100625237508,53.33044291084287],[-6.358938971573991,53.33100074682372],[-6.358370279728658,53.33150292686933],[-6.356670891554519,53.33201115998013],[-6.356151438526467,53.33228874058166]]},"properties":{"Infrastructure type":"BIKE_FRIENDLY_PEDESTRIAN_PATH","Direction":"Forward","Length (m)":563.5,"Source":"NTA Active Travel Cycle Network (Feb 2025)","_style_key":"BIKE_FRIENDLY_PEDESTRIAN_PATH"}},{"type":"Feature","id":493,"geometry":{"type":"LineString","coordinates":[[-6.386076015297955,53.34104000059536],[-6.386253565626028,53.34035452341636],[-6.385639852185152,53.338226060143185],[-6.3853238190158335,53.3380851645406],[-6.383879814512755,53.33805030059357],[-6.383041432607509,53.337781982937756],[-6.380491420909864,53.335810636533985]]},"properties":{"Infrastructure type":"BIKE_FRIENDLY_PEDESTRIAN_PATH","Direction":"Forward","Length (m)":783.5,"Source":"NTA Active Travel Cycle Network (Feb 2025)","_style_key":"BIKE_FRIENDLY_PEDESTRIAN_PATH"}},{"type":"Feature","id":496,"geometry":{"type":"LineString","coordinates":[[-6.176794541646078,53.3697330618449],[-6.175955468081216,53.37002583834722]]},"properties":{"Infrastructure type":"NON_TRAFFIC_TRAIL","Direction":"Bi-Directional","Length (m)":64.7,"Source":"NTA Active Travel Cycle Network (Feb 2025)","_style_key":"NON_TRAFFIC_TRAIL"}},{"type":"Feature","id":497,"geometry":{"type":"LineString","coordinates":[[-6.316061100818779,53.374691549440165],[-6.316496723708903,53.37469769507262]]},"properties":{"Infrastructure type":"NON_TRAFFIC_TRAIL","Direction":"Bi-Directional","Length (m)":29.0,"Source":"NTA Active Travel Cycle Network (Feb 2025)","_style_key":"NON_TRAFFIC_TRAIL"}},{"type":"Feature","id":501,"geometry":{"type":"LineString","coordinates":[[-6.183075832731228,53.383868399476405],[-6.183460328291409,53.38401806276203]]},"properties":{"Infrastructure type":"NON_TRAFFIC_TRAIL","Direction":"Bi-Directional","Length (m)":30.5,"Source":"NTA Active Travel Cycle Network (Feb 2025)","_style_key":"NON_TRAFFIC_TRAIL"}},{"type":"Feature","id":502,"geometry":{"type":"LineString","coordinates":[[-6.219501683303091,53.380624360220494],[-6.2196199917370025,53.38067106572054]]},"properties":{"Infrastructure type":"NON_TRAFFIC_TRAIL","Direction":"Bi-Directional","Length (m)":9.4,"Source":"NTA Active Travel Cycle Network (Feb 2025)","_style_key":"NON_TRAFFIC_TRAIL"}},{"type":"Feature","id":503,"geometry":{"type":"LineString","coordinates":[[-6.251880070828605,53.347549061919096],[-6.251704199761491,53.348154718482306],[-6.251778641346951,53.34823842539868]]},"properties":{"Infrastructure type":"BIKE_FRIENDLY_PEDESTRIAN_PATH","Direction":"Forward","Length (m)":79.0,"Source":"NTA Active Travel Cycle Network (Feb 2025)","_style_key":"BIKE_FRIENDLY_PEDESTRIAN_PATH"}},{"type":"Feature","id":505,"geometry":{"type":"LineString","coordinates":[[-6.278940054335587,53.34852804161574],[-6.278899897354652,53.34877912875151]]},"properties":{"Infrastructure type":"NON_TRAFFIC_TRAIL","Direction":"Bi-Directional","Length (m)":28.1,"Source":"NTA Active Travel Cycle Network (Feb 2025)","_style_key":"NON_TRAFFIC_TRAIL"}},{"type":"Feature","id":506,"geometry":{"type":"LineString","coordinates":[[-6.221263096462875,53.38056074301457],[-6.2217630155802865,53.3808288479408]]},"properties":{"Infrastructure type":"NON_TRAFFIC_TRAIL","Direction":"Bi-Directional","Length (m)":44.7,"Source":"NTA Active Travel Cycle Network (Feb 2025)","_style_key":"NON_TRAFFIC_TRAIL"}},{"type":"Feature","id":508,"geometry":{"type":"LineString","coordinates":[[-6.179161656334325,53.403724268873184],[-6.1786840403324055,53.4043535669212],[-6.1780572746893565,53.4059231174293],[-6.177761538698856,53.40619869505319],[-6.177739188061206,53.40656708726073]]},"properties":{"Infrastructure type":"BIKE_FRIENDLY_PEDESTRIAN_PATH","Direction":"Forward","Length (m)":339.7,"Source":"NTA Active Travel Cycle Network (Feb 2025)","_style_key":"BIKE_FRIENDLY_PEDESTRIAN_PATH"}},{"type":"Feature","id":514,"geometry":{"type":"LineString","coordinates":[[-6.3595765999951634,53.33049839937014],[-6.358932699700711,53.33066309985056],[-6.346728914214274,53.33202299739445]]},"properties":{"Infrastructure type":"NON_TRAFFIC_TRAIL","Direction":"Bi-Directional","Length (m)":875.0,"Source":"NTA Active Travel Cycle Network (Feb 2025)","_style_key":"NON_TRAFFIC_TRAIL"}},{"type":"Feature","id":515,"geometry":{"type":"LineString","coordinates":[[-6.175007369657716,53.370056283931376],[-6.175224586652001,53.37024835782885],[-6.175333985863449,53.37050170021577]]},"properties":{"Infrastructure type":"NON_TRAFFIC_TRAIL","Direction":"Bi-Directional","Length (m)":54.9,"Source":"NTA Active Travel Cycle Network (Feb 2025)","_style_key":"NON_TRAFFIC_TRAIL"}},{"type":"Feature","id":521,"geometry":{"type":"LineString","coordinates":[[-6.377716643137864,53.333902467233045],[-6.379546628603155,53.334921942883156],[-6.383188413971923,53.33772273453618],[-6.384127763540419,53.337979583916],[-6.385172575753085,53.33792745859783]]},"properties":{"Infrastructure type":"BIKE_FRIENDLY_PEDESTRIAN_PATH","Direction":"Forward","Length (m)":702.4,"Source":"NTA Active Travel Cycle Network (Feb 2025)","_style_key":"BIKE_FRIENDLY_PEDESTRIAN_PATH"}},{"type":"Feature","id":527,"geometry":{"type":"LineString","coordinates":[[-6.2967338710067535,53.36373950170309],[-6.296604021117668,53.36435782305139]]},"properties":{"Infrastructure type":"NON_TRAFFIC_TRAIL","Direction":"Bi-Directional","Length (m)":69.4,"Source":"NTA Active Travel Cycle Network (Feb 2025)","_style_key":"NON_TRAFFIC_TRAIL"}},{"type":"Feature","id":528,"geometry":{"type":"LineString","coordinates":[[-6.3082725245579265,53.3747701502618],[-6.31425415234706,53.375537876741056]]},"properties":{"Infrastructure type":"NON_TRAFFIC_TRAIL","Direction":"Bi-Directional","Length (m)":407.5,"Source":"NTA Active Travel Cycle Network (Feb 2025)","_style_key":"NON_TRAFFIC_TRAIL"}},{"type":"Feature","id":529,"geometry":{"type":"LineString","coordinates":[[-6.283456456596812,53.40588288521515],[-6.285485025861511,53.40612495609864],[-6.2867850232116345,53.40606495541403],[-6.288704213539621,53.40623939122796],[-6.290053520577111,53.40647167261789]]},"properties":{"Infrastructure type":"BIKE_FRIENDLY_PEDESTRIAN_PATH","Direction":"Forward","Length (m)":446.9,"Source":"NTA Active Travel Cycle Network (Feb 2025)","_style_key":"BIKE_FRIENDLY_PEDESTRIAN_PATH"}},{"type":"Feature","id":531,"geometry":{"type":"LineString","coordinates":[[-6.220343245024553,53.38711734477274],[-6.219774946862781,53.387405477822874],[-6.219553722228518,53.3876628334067]]},"properties":{"Infrastructure type":"NON_TRAFFIC_TRAIL","Direction":"Bi-Directional","Length (m)":82.0,"Source":"NTA Active Travel Cycle Network (Feb 2025)","_style_key":"NON_TRAFFIC_TRAIL"}},{"type":"Feature","id":532,"geometry":{"type":"LineString","coordinates":[[-6.281943299886612,53.36572954995051],[-6.28187419030766,53.365953256411345]]},"properties":{"Infrastructure type":"NON_TRAFFIC_TRAIL","Direction":"Bi-Directional","Length (m)":25.3,"Source":"NTA Active Travel Cycle Network (Feb 2025)","_style_key":"NON_TRAFFIC_TRAIL"}},{"type":"Feature","id":536,"geometry":{"type":"LineString","coordinates":[[-6.17904274780342,53.384669800434224],[-6.179620631016552,53.384867367291584],[-6.179792870713072,53.38505874579088],[-6.1800045953969995,53.38608662618307]]},"properties":{"Infrastructure type":"NON_TRAFFIC_TRAIL","Direction":"Bi-Directional","Length (m)":183.8,"Source":"NTA Active Travel Cycle Network (Feb 2025)","_style_key":"NON_TRAFFIC_TRAIL"}},{"type":"Feature","id":539,"geometry":{"type":"LineString","coordinates":[[-6.2207977441354,53.38703423938661],[-6.220613360259007,53.387489884525394]]},"properties":{"Infrastructure type":"NON_TRAFFIC_TRAIL","Direction":"Bi-Directional","Length (m)":52.2,"Source":"NTA Active Travel Cycle Network (Feb 2025)","_style_key":"NON_TRAFFIC_TRAIL"}},{"type":"Feature","id":540,"geometry":{"type":"LineString","coordinates":[[-6.327016948001228,53.36056519041144],[-6.34125247649096,53.36653287989012]]},"properties":{"Infrastructure type":"SEPARATE_TRAIL","Direction":"Forward","Length (m)":1157.3,"Source":"NTA Active Travel Cycle Network (Feb 2025)","_style_key":"SEPARATE_TRAIL"}},{"type":"Feature","id":541,"geometry":{"type":"LineString","coordinates":[[-6.220613360259007,53.387489884525394],[-6.220422976787459,53.38808924971788]]},"properties":{"Infrastructure type":"NON_TRAFFIC_TRAIL","Direction":"Bi-Directional","Length (m)":67.9,"Source":"NTA Active Travel Cycle Network (Feb 2025)","_style_key":"NON_TRAFFIC_TRAIL"}},{"type":"Feature","id":552,"geometry":{"type":"LineString","coordinates":[[-6.220613360259007,53.387489884525394],[-6.220792539044103,53.38751951987746]]},"properties":{"Infrastructure type":"NON_TRAFFIC_TRAIL","Direction":"Bi-Directional","Length (m)":12.4,"Source":"NTA Active Travel Cycle Network (Feb 2025)","_style_key":"NON_TRAFFIC_TRAIL"}},{"type":"Feature","id":553,"geometry":{"type":"LineString","coordinates":[[-6.2342613717572135,53.32361613489763],[-6.233846647176178,53.32384368759011],[-6.233706215170599,53.324335958129055],[-6.2332395752828065,53.32509304265537],[-6.231700831609388,53.32648834183065],[-6.2314901000906415,53.326922440543285]]},"properties":{"Infrastructure type":"NON_TRAFFIC_TRAIL","Direction":"Bi-Directional","Length (m)":419.9,"Source":"NTA Active Travel Cycle Network (Feb 2025)","_style_key":"NON_TRAFFIC_TRAIL"}},{"type":"Feature","id":557,"geometry":{"type":"LineString","coordinates":[[-6.278735156913154,53.33892153180359],[-6.278772015385295,53.33927687059201]]},"properties":{"Infrastructure type":"NON_TRAFFIC_TRAIL","Direction":"Bi-Directional","Length (m)":39.6,"Source":"NTA Active Travel Cycle Network (Feb 2025)","_style_key":"NON_TRAFFIC_TRAIL"}},{"type":"Feature","id":558,"geometry":{"type":"LineString","coordinates":[[-6.288202382366956,53.32279356283005],[-6.288197448155871,53.322541824969164],[-6.2883507136513375,53.32246313140906]]},"properties":{"Infrastructure type":"NON_TRAFFIC_TRAIL","Direction":"Bi-Directional","Length (m)":42.3,"Source":"NTA Active Travel Cycle Network (Feb 2025)","_style_key":"NON_TRAFFIC_TRAIL"}},{"type":"Feature","id":559,"geometry":{"type":"LineString","coordinates":[[-6.3125353210819375,53.37453389421625],[-6.312363692264792,53.374693251502926]]},"properties":{"Infrastructure type":"NON_TRAFFIC_TRAIL","Direction":"Bi-Directional","Length (m)":21.2,"Source":"NTA Active Travel Cycle Network (Feb 2025)","_style_key":"NON_TRAFFIC_TRAIL"}},{"type":"Feature","id":560,"geometry":{"type":"LineString","coordinates":[[-6.256849999814219,53.33752000095215],[-6.256580000962386,53.33787000091605]]},"properties":{"Infrastructure type":"NON_TRAFFIC_TRAIL","Direction":"Bi-Directional","Length (m)":42.9,"Source":"NTA Active Travel Cycle Network (Feb 2025)","_style_key":"NON_TRAFFIC_TRAIL"}},{"type":"Feature","id":563,"geometry":{"type":"LineString","coordinates":[[-6.134404892627919,53.396967110233305],[-6.136542506728954,53.39726639279358],[-6.1370525059964685,53.3972563939124],[-6.138652506347542,53.39676639461528],[-6.139732505626946,53.39670639565267],[-6.1443925017201,53.39729639831877],[-6.1463346383755795,53.397359418873116],[-6.152130990473367,53.39812215850376],[-6.157618955874236,53.39827362053009],[-6.160358964713148,53.39853397597729]]},"properties":{"Infrastructure type":"SEPARATE_TRAIL","Direction":"Forward","Length (m)":1764.8,"Source":"NTA Active Travel Cycle Network (Feb 2025)","_style_key":"SEPARATE_TRAIL"}},{"type":"Feature","id":566,"geometry":{"type":"LineString","coordinates":[[-6.305289999619818,53.356830000707106],[-6.303870000869932,53.35707000061885]]},"properties":{"Infrastructure type":"NON_TRAFFIC_TRAIL","Direction":"Bi-Directional","Length (m)":98.6,"Source":"NTA Active Travel Cycle Network (Feb 2025)","_style_key":"NON_TRAFFIC_TRAIL"}},{"type":"Feature","id":568,"geometry":{"type":"LineString","coordinates":[[-6.3393899997188665,53.345130000839895],[-6.341339999964956,53.34561000159494],[-6.341810000521019,53.34546000033524]]},"properties":{"Infrastructure type":"NON_TRAFFIC_TRAIL","Direction":"Bi-Directional","Length (m)":177.8,"Source":"NTA Active Travel Cycle Network (Feb 2025)","_style_key":"NON_TRAFFIC_TRAIL"}},{"type":"Feature","id":570,"geometry":{"type":"LineString","coordinates":[[-6.320420000417096,53.345210001100135],[-6.317294739677342,53.34541324001345]]},"properties":{"Infrastructure type":"NON_TRAFFIC_TRAIL","Direction":"Bi-Directional","Length (m)":209.4,"Source":"NTA Active Travel Cycle Network (Feb 2025)","_style_key":"NON_TRAFFIC_TRAIL"}},{"type":"Feature","id":571,"geometry":{"type":"LineString","coordinates":[[-6.301750265085121,53.35850805404322],[-6.301263689151038,53.35865392484283]]},"properties":{"Infrastructure type":"NON_TRAFFIC_TRAIL","Direction":"Bi-Directional","Length (m)":36.8,"Source":"NTA Active Travel Cycle Network (Feb 2025)","_style_key":"NON_TRAFFIC_TRAIL"}},{"type":"Feature","id":574,"geometry":{"type":"LineString","coordinates":[[-6.314074009585136,53.37477135201776],[-6.31415846140408,53.37491635300206]]},"properties":{"Infrastructure type":"NON_TRAFFIC_TRAIL","Direction":"Bi-Directional","Length (m)":17.1,"Source":"NTA Active Travel Cycle Network (Feb 2025)","_style_key":"NON_TRAFFIC_TRAIL"}},{"type":"Feature","id":575,"geometry":{"type":"LineString","coordinates":[[-6.248443006565672,53.34828196757869],[-6.248508857916792,53.34850763747859]]},"properties":{"Infrastructure type":"NON_TRAFFIC_TRAIL","Direction":"Bi-Directional","Length (m)":25.5,"Source":"NTA Active Travel Cycle Network (Feb 2025)","_style_key":"NON_TRAFFIC_TRAIL"}},{"type":"Feature","id":579,"geometry":{"type":"LineString","coordinates":[[-6.176290049019564,53.36958154195261],[-6.176794541646078,53.3697330618449]]},"properties":{"Infrastructure type":"NON_TRAFFIC_TRAIL","Direction":"Bi-Directional","Length (m)":37.6,"Source":"NTA Active Travel Cycle Network (Feb 2025)","_style_key":"NON_TRAFFIC_TRAIL"}},{"type":"Feature","id":583,"geometry":{"type":"LineString","coordinates":[[-6.224779772861796,53.334929424824935],[-6.225209789321467,53.33431490900465],[-6.225486313736972,53.33429869952857]]},"properties":{"Infrastructure type":"NON_TRAFFIC_TRAIL","Direction":"Bi-Directional","Length (m)":96.5,"Source":"NTA Active Travel Cycle Network (Feb 2025)","_style_key":"NON_TRAFFIC_TRAIL"}},{"type":"Feature","id":584,"geometry":{"type":"LineString","coordinates":[[-6.219361045849005,53.38795656693382],[-6.21915449201536,53.38858265329865]]},"properties":{"Infrastructure type":"NON_TRAFFIC_TRAIL","Direction":"Bi-Directional","Length (m)":71.0,"Source":"NTA Active Travel Cycle Network (Feb 2025)","_style_key":"NON_TRAFFIC_TRAIL"}},{"type":"Feature","id":585,"geometry":{"type":"LineString","coordinates":[[-6.175804129409733,53.37005048964489],[-6.175333985863449,53.37050170021577]]},"properties":{"Infrastructure type":"NON_TRAFFIC_TRAIL","Direction":"Bi-Directional","Length (m)":59.2,"Source":"NTA Active Travel Cycle Network (Feb 2025)","_style_key":"NON_TRAFFIC_TRAIL"}},{"type":"Feature","id":586,"geometry":{"type":"LineString","coordinates":[[-6.285031734726996,53.36852431775675],[-6.288923940838005,53.37077327007708],[-6.2899759590262665,53.37114787047276],[-6.291748964038431,53.371532783710535]]},"properties":{"Infrastructure type":"NON_TRAFFIC_TRAIL","Direction":"Bi-Directional","Length (m)":570.0,"Source":"NTA Active Travel Cycle Network (Feb 2025)","_style_key":"NON_TRAFFIC_TRAIL"}},{"type":"Feature","id":588,"geometry":{"type":"LineString","coordinates":[[-6.373718811567519,53.33164747811373],[-6.374259999359277,53.331800001500774]]},"properties":{"Infrastructure type":"BIKE_FRIENDLY_PEDESTRIAN_PATH","Direction":"Forward","Length (m)":40.8,"Source":"NTA Active Travel Cycle Network (Feb 2025)","_style_key":"BIKE_FRIENDLY_PEDESTRIAN_PATH"}},{"type":"Feature","id":589,"geometry":{"type":"LineString","coordinates":[[-6.180065156087235,53.386429100151275],[-6.179916905716068,53.38673243739443],[-6.17937724366287,53.387047781034816],[-6.179043248924538,53.38712357952299]]},"properties":{"Infrastructure type":"NON_TRAFFIC_TRAIL","Direction":"Bi-Directional","Length (m)":109.5,"Source":"NTA Active Travel Cycle Network (Feb 2025)","_style_key":"NON_TRAFFIC_TRAIL"}},{"type":"Feature","id":594,"geometry":{"type":"LineString","coordinates":[[-6.180065156087235,53.386429100151275],[-6.180656261674157,53.38702234284553],[-6.180968333913577,53.38710799281531],[-6.18118136139654,53.38704832201537]]},"properties":{"Infrastructure type":"NON_TRAFFIC_TRAIL","Direction":"Bi-Directional","Length (m)":116.5,"Source":"NTA Active Travel Cycle Network (Feb 2025)","_style_key":"NON_TRAFFIC_TRAIL"}},{"type":"Feature","id":595,"geometry":{"type":"LineString","coordinates":[[-6.276460996409892,53.36566847173549],[-6.279355116426825,53.36656410188234],[-6.285031734726996,53.36852431775675]]},"properties":{"Infrastructure type":"NON_TRAFFIC_TRAIL","Direction":"Bi-Directional","Length (m)":654.7,"Source":"NTA Active Travel Cycle Network (Feb 2025)","_style_key":"NON_TRAFFIC_TRAIL"}},{"type":"Feature","id":596,"geometry":{"type":"LineString","coordinates":[[-6.174481441932949,53.371108847548655],[-6.172786278898461,53.37208958298897]]},"properties":{"Infrastructure type":"NON_TRAFFIC_TRAIL","Direction":"Bi-Directional","Length (m)":157.0,"Source":"NTA Active Travel Cycle Network (Feb 2025)","_style_key":"NON_TRAFFIC_TRAIL"}},{"type":"Feature","id":600,"geometry":{"type":"LineString","coordinates":[[-6.221315925271961,53.38253891666291],[-6.2212967826799686,53.38263750068768]]},"properties":{"Infrastructure type":"NON_TRAFFIC_TRAIL","Direction":"Bi-Directional","Length (m)":11.0,"Source":"NTA Active Travel Cycle Network (Feb 2025)","_style_key":"NON_TRAFFIC_TRAIL"}},{"type":"Feature","id":601,"geometry":{"type":"LineString","coordinates":[[-6.349799631564735,53.356117306760375],[-6.350004291742517,53.35626394460535],[-6.350524968707904,53.356396974929844]]},"properties":{"Infrastructure type":"NON_TRAFFIC_TRAIL","Direction":"Bi-Directional","Length (m)":59.2,"Source":"NTA Active Travel Cycle Network (Feb 2025)","_style_key":"NON_TRAFFIC_TRAIL"}},{"type":"Feature","id":602,"geometry":{"type":"LineString","coordinates":[[-6.182475087545268,53.384560330156894],[-6.1820559500451076,53.384517994132004],[-6.180753174198058,53.3847498126744],[-6.180491638088542,53.3848896367331]]},"properties":{"Infrastructure type":"NON_TRAFFIC_TRAIL","Direction":"Bi-Directional","Length (m)":142.6,"Source":"NTA Active Travel Cycle Network (Feb 2025)","_style_key":"NON_TRAFFIC_TRAIL"}},{"type":"Feature","id":604,"geometry":{"type":"LineString","coordinates":[[-6.327130000269899,53.34461000119887],[-6.3292800003768175,53.34520000124435],[-6.332409999236939,53.34555000166184]]},"properties":{"Infrastructure type":"NON_TRAFFIC_TRAIL","Direction":"Bi-Directional","Length (m)":370.0,"Source":"NTA Active Travel Cycle Network (Feb 2025)","_style_key":"NON_TRAFFIC_TRAIL"}},{"type":"Feature","id":605,"geometry":{"type":"LineString","coordinates":[[-6.278934800692775,53.34903129861345],[-6.278809448064004,53.34953282312428],[-6.2782254151236065,53.34948844428228]]},"properties":{"Infrastructure type":"NON_TRAFFIC_TRAIL","Direction":"Bi-Directional","Length (m)":95.6,"Source":"NTA Active Travel Cycle Network (Feb 2025)","_style_key":"NON_TRAFFIC_TRAIL"}},{"type":"Feature","id":608,"geometry":{"type":"LineString","coordinates":[[-6.3082725245579265,53.3747701502618],[-6.3084542059742255,53.374736773382075]]},"properties":{"Infrastructure type":"NON_TRAFFIC_TRAIL","Direction":"Bi-Directional","Length (m)":12.6,"Source":"NTA Active Travel Cycle Network (Feb 2025)","_style_key":"NON_TRAFFIC_TRAIL"}},{"type":"Feature","id":609,"geometry":{"type":"LineString","coordinates":[[-6.23016112926962,53.33091668801285],[-6.228623755654811,53.33181158419739],[-6.228164743925183,53.332352124857884],[-6.227853191063811,53.33298565752991]]},"properties":{"Infrastructure type":"NON_TRAFFIC_TRAIL","Direction":"Bi-Directional","Length (m)":284.3,"Source":"NTA Active Travel Cycle Network (Feb 2025)","_style_key":"NON_TRAFFIC_TRAIL"}},{"type":"Feature","id":611,"geometry":{"type":"LineString","coordinates":[[-6.175955468081216,53.37002583834722],[-6.175804129409733,53.37005048964489]]},"properties":{"Infrastructure type":"NON_TRAFFIC_TRAIL","Direction":"Bi-Directional","Length (m)":10.4,"Source":"NTA Active Travel Cycle Network (Feb 2025)","_style_key":"NON_TRAFFIC_TRAIL"}},{"type":"Feature","id":612,"geometry":{"type":"LineString","coordinates":[[-6.317294739677342,53.34541324001345],[-6.3150700000819775,53.345550001598056]]},"properties":{"Infrastructure type":"NON_TRAFFIC_TRAIL","Direction":"Bi-Directional","Length (m)":148.9,"Source":"NTA Active Travel Cycle Network (Feb 2025)","_style_key":"NON_TRAFFIC_TRAIL"}},{"type":"Feature","id":614,"geometry":{"type":"LineString","coordinates":[[-6.323089999905998,53.35430000088896],[-6.323789999827252,53.354850000941035],[-6.324549999809313,53.355920001339726]]},"properties":{"Infrastructure type":"NON_TRAFFIC_TRAIL","Direction":"Bi-Directional","Length (m)":206.7,"Source":"NTA Active Travel Cycle Network (Feb 2025)","_style_key":"NON_TRAFFIC_TRAIL"}},{"type":"Feature","id":615,"geometry":{"type":"LineString","coordinates":[[-6.314424227536909,53.373895474496635],[-6.314947486578414,53.37396577953997]]},"properties":{"Infrastructure type":"NON_TRAFFIC_TRAIL","Direction":"Bi-Directional","Length (m)":35.7,"Source":"NTA Active Travel Cycle Network (Feb 2025)","_style_key":"NON_TRAFFIC_TRAIL"}},{"type":"Feature","id":618,"geometry":{"type":"LineString","coordinates":[[-6.250549746311535,53.3140680322013],[-6.250457176421254,53.31412959153799],[-6.250554028249981,53.314697267004505]]},"properties":{"Infrastructure type":"NON_TRAFFIC_TRAIL","Direction":"Bi-Directional","Length (m)":72.8,"Source":"NTA Active Travel Cycle Network (Feb 2025)","_style_key":"NON_TRAFFIC_TRAIL"}},{"type":"Feature","id":623,"geometry":{"type":"LineString","coordinates":[[-6.2194331168360595,53.38731049787037],[-6.219553722228518,53.3876628334067]]},"properties":{"Infrastructure type":"NON_TRAFFIC_TRAIL","Direction":"Bi-Directional","Length (m)":40.6,"Source":"NTA Active Travel Cycle Network (Feb 2025)","_style_key":"NON_TRAFFIC_TRAIL"}},{"type":"Feature","id":626,"geometry":{"type":"LineString","coordinates":[[-6.220343245024553,53.38711734477274],[-6.219453765735815,53.38717598418418]]},"properties":{"Infrastructure type":"NON_TRAFFIC_TRAIL","Direction":"Bi-Directional","Length (m)":59.7,"Source":"NTA Active Travel Cycle Network (Feb 2025)","_style_key":"NON_TRAFFIC_TRAIL"}},{"type":"Feature","id":629,"geometry":{"type":"LineString","coordinates":[[-6.221112780913082,53.37983945296307],[-6.221263096462875,53.38056074301457]]},"properties":{"Infrastructure type":"NON_TRAFFIC_TRAIL","Direction":"Bi-Directional","Length (m)":80.9,"Source":"NTA Active Travel Cycle Network (Feb 2025)","_style_key":"NON_TRAFFIC_TRAIL"}},{"type":"Feature","id":637,"geometry":{"type":"LineString","coordinates":[[-6.219453765735815,53.38717598418418],[-6.2194331168360595,53.38731049787037]]},"properties":{"Infrastructure type":"NON_TRAFFIC_TRAIL","Direction":"Bi-Directional","Length (m)":15.0,"Source":"NTA Active Travel Cycle Network (Feb 2025)","_style_key":"NON_TRAFFIC_TRAIL"}},{"type":"Feature","id":638,"geometry":{"type":"LineString","coordinates":[[-6.281744284070497,53.36619406357754],[-6.281548685661908,53.366200235146934]]},"properties":{"Infrastructure type":"NON_TRAFFIC_TRAIL","Direction":"Bi-Directional","Length (m)":13.0,"Source":"NTA Active Travel Cycle Network (Feb 2025)","_style_key":"NON_TRAFFIC_TRAIL"}},{"type":"Feature","id":639,"geometry":{"type":"LineString","coordinates":[[-6.314130001110305,53.34559000147244],[-6.313349999734975,53.34563000077831]]},"properties":{"Infrastructure type":"NON_TRAFFIC_TRAIL","Direction":"Bi-Directional","Length (m)":52.1,"Source":"NTA Active Travel Cycle Network (Feb 2025)","_style_key":"NON_TRAFFIC_TRAIL"}},{"type":"Feature","id":640,"geometry":{"type":"LineString","coordinates":[[-6.290496761031638,53.31609437267698],[-6.2900803327817805,53.31599852224223]]},"properties":{"Infrastructure type":"NON_TRAFFIC_TRAIL","Direction":"Bi-Directional","Length (m)":29.7,"Source":"NTA Active Travel Cycle Network (Feb 2025)","_style_key":"NON_TRAFFIC_TRAIL"}},{"type":"Feature","id":641,"geometry":{"type":"LineString","coordinates":[[-6.226366606432576,53.337691344688075],[-6.226662760412654,53.33815414411752]]},"properties":{"Infrastructure type":"NON_TRAFFIC_TRAIL","Direction":"Bi-Directional","Length (m)":55.2,"Source":"NTA Active Travel Cycle Network (Feb 2025)","_style_key":"NON_TRAFFIC_TRAIL"}},{"type":"Feature","id":642,"geometry":{"type":"LineString","coordinates":[[-6.349420000131572,53.35967000163431],[-6.348120001070247,53.35976000075678],[-6.344700000198218,53.36034000058005]]},"properties":{"Infrastructure type":"NON_TRAFFIC_TRAIL","Direction":"Bi-Directional","Length (m)":323.9,"Source":"NTA Active Travel Cycle Network (Feb 2025)","_style_key":"NON_TRAFFIC_TRAIL"}},{"type":"Feature","id":645,"geometry":{"type":"LineString","coordinates":[[-6.369975958642392,53.32796108523984],[-6.369934225165479,53.328631872296484],[-6.370031048921299,53.328974356164984],[-6.370641740014338,53.32982560352763],[-6.373718811567519,53.33164747811373]]},"properties":{"Infrastructure type":"BIKE_FRIENDLY_PEDESTRIAN_PATH","Direction":"Forward","Length (m)":506.0,"Source":"NTA Active Travel Cycle Network (Feb 2025)","_style_key":"BIKE_FRIENDLY_PEDESTRIAN_PATH"}},{"type":"Feature","id":646,"geometry":{"type":"LineString","coordinates":[[-6.314610140301252,53.36499997115686],[-6.314544748892245,53.36513386783467]]},"properties":{"Infrastructure type":"NON_TRAFFIC_TRAIL","Direction":"Bi-Directional","Length (m)":15.5,"Source":"NTA Active Travel Cycle Network (Feb 2025)","_style_key":"NON_TRAFFIC_TRAIL"}},{"type":"Feature","id":647,"geometry":{"type":"LineString","coordinates":[[-6.250280985806309,53.31330009499531],[-6.250563402773538,53.313367155079476]]},"properties":{"Infrastructure type":"NON_TRAFFIC_TRAIL","Direction":"Bi-Directional","Length (m)":20.2,"Source":"NTA Active Travel Cycle Network (Feb 2025)","_style_key":"NON_TRAFFIC_TRAIL"}},{"type":"Feature","id":648,"geometry":{"type":"LineString","coordinates":[[-6.182606374964479,53.38430167237296],[-6.18270656755083,53.38442004417006]]},"properties":{"Infrastructure type":"NON_TRAFFIC_TRAIL","Direction":"Bi-Directional","Length (m)":14.8,"Source":"NTA Active Travel Cycle Network (Feb 2025)","_style_key":"NON_TRAFFIC_TRAIL"}},{"type":"Feature","id":650,"geometry":{"type":"LineString","coordinates":[[-6.304317009989672,53.351120486644746],[-6.324627659979119,53.35957112790498]]},"properties":{"Infrastructure type":"SEPARATE_TRAIL","Direction":"Forward","Length (m)":1647.3,"Source":"NTA Active Travel Cycle Network (Feb 2025)","_style_key":"SEPARATE_TRAIL"}},{"type":"Feature","id":651,"geometry":{"type":"LineString","coordinates":[[-6.182475087545268,53.384560330156894],[-6.182602267097208,53.384751018350016]]},"properties":{"Infrastructure type":"NON_TRAFFIC_TRAIL","Direction":"Bi-Directional","Length (m)":22.8,"Source":"NTA Active Travel Cycle Network (Feb 2025)","_style_key":"NON_TRAFFIC_TRAIL"}},{"type":"Feature","id":653,"geometry":{"type":"LineString","coordinates":[[-6.270766996105862,53.30394706335106],[-6.270301210557003,53.30441521763554],[-6.270080985027458,53.3042951772337]]},"properties":{"Infrastructure type":"NON_TRAFFIC_TRAIL","Direction":"Bi-Directional","Length (m)":81.5,"Source":"NTA Active Travel Cycle Network (Feb 2025)","_style_key":"NON_TRAFFIC_TRAIL"}},{"type":"Feature","id":654,"geometry":{"type":"LineString","coordinates":[[-6.278899897354652,53.34877912875151],[-6.278934800692775,53.34903129861345]]},"properties":{"Infrastructure type":"NON_TRAFFIC_TRAIL","Direction":"Bi-Directional","Length (m)":29.2,"Source":"NTA Active Travel Cycle Network (Feb 2025)","_style_key":"NON_TRAFFIC_TRAIL"}},{"type":"Feature","id":656,"geometry":{"type":"LineString","coordinates":[[-6.249604480163428,53.349629255491344],[-6.249583210831233,53.349781741565906]]},"properties":{"Infrastructure type":"NON_TRAFFIC_TRAIL","Direction":"Bi-Directional","Length (m)":17.0,"Source":"NTA Active Travel Cycle Network (Feb 2025)","_style_key":"NON_TRAFFIC_TRAIL"}},{"type":"Feature","id":658,"geometry":{"type":"LineString","coordinates":[[-6.231759732920906,53.32930203674772],[-6.2314003950978885,53.32835587476187],[-6.23138807446568,53.327588885362786]]},"properties":{"Infrastructure type":"NON_TRAFFIC_TRAIL","Direction":"Bi-Directional","Length (m)":193.7,"Source":"NTA Active Travel Cycle Network (Feb 2025)","_style_key":"NON_TRAFFIC_TRAIL"}},{"type":"Feature","id":660,"geometry":{"type":"LineString","coordinates":[[-6.177013428495367,53.3850163259233],[-6.176711029268603,53.38505664768776]]},"properties":{"Infrastructure type":"NON_TRAFFIC_TRAIL","Direction":"Bi-Directional","Length (m)":20.6,"Source":"NTA Active Travel Cycle Network (Feb 2025)","_style_key":"NON_TRAFFIC_TRAIL"}},{"type":"Feature","id":662,"geometry":{"type":"LineString","coordinates":[[-6.364562734531824,53.34839317018348],[-6.36083421441623,53.34730838855313]]},"properties":{"Infrastructure type":"NON_TRAFFIC_TRAIL","Direction":"Bi-Directional","Length (m)":276.1,"Source":"NTA Active Travel Cycle Network (Feb 2025)","_style_key":"NON_TRAFFIC_TRAIL"}},{"type":"Feature","id":663,"geometry":{"type":"LineString","coordinates":[[-6.313763807814,53.36512283553023],[-6.3138825335493065,53.36516046515445]]},"properties":{"Infrastructure type":"NON_TRAFFIC_TRAIL","Direction":"Bi-Directional","Length (m)":8.9,"Source":"NTA Active Travel Cycle Network (Feb 2025)","_style_key":"NON_TRAFFIC_TRAIL"}},{"type":"Feature","id":665,"geometry":{"type":"LineString","coordinates":[[-6.252606435865586,53.35298987358318],[-6.252999989607045,53.35365176883906]]},"properties":{"Infrastructure type":"NON_TRAFFIC_TRAIL","Direction":"Bi-Directional","Length (m)":78.2,"Source":"NTA Active Travel Cycle Network (Feb 2025)","_style_key":"NON_TRAFFIC_TRAIL"}},{"type":"Feature","id":669,"geometry":{"type":"LineString","coordinates":[[-6.305289999619818,53.356830000707106],[-6.306529999949145,53.35695000068803],[-6.3077499997916435,53.35691000108291]]},"properties":{"Infrastructure type":"NON_TRAFFIC_TRAIL","Direction":"Bi-Directional","Length (m)":165.8,"Source":"NTA Active Travel Cycle Network (Feb 2025)","_style_key":"NON_TRAFFIC_TRAIL"}},{"type":"Feature","id":676,"geometry":{"type":"LineString","coordinates":[[-6.250549746311535,53.3140680322013],[-6.250683273899143,53.31410594341768],[-6.250789985687414,53.314799597678196]]},"properties":{"Infrastructure type":"NON_TRAFFIC_TRAIL","Direction":"Bi-Directional","Length (m)":87.5,"Source":"NTA Active Travel Cycle Network (Feb 2025)","_style_key":"NON_TRAFFIC_TRAIL"}},{"type":"Feature","id":677,"geometry":{"type":"LineString","coordinates":[[-6.2505234209332095,53.31397776433441],[-6.250549746311535,53.3140680322013]]},"properties":{"Infrastructure type":"NON_TRAFFIC_TRAIL","Direction":"Bi-Directional","Length (m)":10.2,"Source":"NTA Active Travel Cycle Network (Feb 2025)","_style_key":"NON_TRAFFIC_TRAIL"}},{"type":"Feature","id":678,"geometry":{"type":"LineString","coordinates":[[-6.312333443338919,53.37393783131982],[-6.312533440520504,53.37420131144377],[-6.3125353210819375,53.37453389421625]]},"properties":{"Infrastructure type":"NON_TRAFFIC_TRAIL","Direction":"Bi-Directional","Length (m)":69.3,"Source":"NTA Active Travel Cycle Network (Feb 2025)","_style_key":"NON_TRAFFIC_TRAIL"}},{"type":"Feature","id":681,"geometry":{"type":"LineString","coordinates":[[-6.221263096462875,53.38056074301457],[-6.221644051827559,53.3815191606429],[-6.22156636277667,53.38194044464503]]},"properties":{"Infrastructure type":"NON_TRAFFIC_TRAIL","Direction":"Bi-Directional","Length (m)":157.3,"Source":"NTA Active Travel Cycle Network (Feb 2025)","_style_key":"NON_TRAFFIC_TRAIL"}},{"type":"Feature","id":682,"geometry":{"type":"LineString","coordinates":[[-6.278940054335587,53.34852804161574],[-6.2796727481626675,53.34861051295503]]},"properties":{"Infrastructure type":"NON_TRAFFIC_TRAIL","Direction":"Bi-Directional","Length (m)":49.6,"Source":"NTA Active Travel Cycle Network (Feb 2025)","_style_key":"NON_TRAFFIC_TRAIL"}},{"type":"Feature","id":683,"geometry":{"type":"LineString","coordinates":[[-6.175804129409733,53.37005048964489],[-6.175007369657716,53.370056283931376]]},"properties":{"Infrastructure type":"NON_TRAFFIC_TRAIL","Direction":"Bi-Directional","Length (m)":53.0,"Source":"NTA Active Travel Cycle Network (Feb 2025)","_style_key":"NON_TRAFFIC_TRAIL"}},{"type":"Feature","id":685,"geometry":{"type":"LineString","coordinates":[[-6.175333985863449,53.37050170021577],[-6.1751141212949845,53.37072304326831]]},"properties":{"Infrastructure type":"NON_TRAFFIC_TRAIL","Direction":"Bi-Directional","Length (m)":28.7,"Source":"NTA Active Travel Cycle Network (Feb 2025)","_style_key":"NON_TRAFFIC_TRAIL"}},{"type":"Feature","id":690,"geometry":{"type":"LineString","coordinates":[[-6.1751141212949845,53.37072304326831],[-6.174481441932949,53.371108847548655]]},"properties":{"Infrastructure type":"NON_TRAFFIC_TRAIL","Direction":"Bi-Directional","Length (m)":60.1,"Source":"NTA Active Travel Cycle Network (Feb 2025)","_style_key":"NON_TRAFFIC_TRAIL"}},{"type":"Feature","id":696,"geometry":{"type":"LineString","coordinates":[[-6.325609999403053,53.34454000012712],[-6.327130000269899,53.34461000119887]]},"properties":{"Infrastructure type":"NON_TRAFFIC_TRAIL","Direction":"Bi-Directional","Length (m)":101.7,"Source":"NTA Active Travel Cycle Network (Feb 2025)","_style_key":"NON_TRAFFIC_TRAIL"}},{"type":"Feature","id":698,"geometry":{"type":"LineString","coordinates":[[-6.353985328614078,53.35704695252306],[-6.354116660589262,53.35714763178257]]},"properties":{"Infrastructure type":"NON_TRAFFIC_TRAIL","Direction":"Bi-Directional","Length (m)":14.2,"Source":"NTA Active Travel Cycle Network (Feb 2025)","_style_key":"NON_TRAFFIC_TRAIL"}},{"type":"Feature","id":700,"geometry":{"type":"LineString","coordinates":[[-6.226662760412654,53.33815414411752],[-6.226803522119118,53.33838094071162]]},"properties":{"Infrastructure type":"NON_TRAFFIC_TRAIL","Direction":"Bi-Directional","Length (m)":27.1,"Source":"NTA Active Travel Cycle Network (Feb 2025)","_style_key":"NON_TRAFFIC_TRAIL"}},{"type":"Feature","id":704,"geometry":{"type":"LineString","coordinates":[[-6.314544748892245,53.36513386783467],[-6.314036616557012,53.3650637739526],[-6.3138825335493065,53.36516046515445]]},"properties":{"Infrastructure type":"NON_TRAFFIC_TRAIL","Direction":"Bi-Directional","Length (m)":50.0,"Source":"NTA Active Travel Cycle Network (Feb 2025)","_style_key":"NON_TRAFFIC_TRAIL"}},{"type":"Feature","id":707,"geometry":{"type":"LineString","coordinates":[[-6.31425415234706,53.375537876741056],[-6.331157265208736,53.375685547654925],[-6.3327394830494335,53.37558182933546]]},"properties":{"Infrastructure type":"NON_TRAFFIC_TRAIL","Direction":"Bi-Directional","Length (m)":1232.4,"Source":"NTA Active Travel Cycle Network (Feb 2025)","_style_key":"NON_TRAFFIC_TRAIL"}},{"type":"Feature","id":713,"geometry":{"type":"LineString","coordinates":[[-6.271845210313796,53.364525011569604],[-6.272654919965218,53.36466070463884],[-6.276460996409892,53.36566847173549]]},"properties":{"Infrastructure type":"NON_TRAFFIC_TRAIL","Direction":"Bi-Directional","Length (m)":333.7,"Source":"NTA Active Travel Cycle Network (Feb 2025)","_style_key":"NON_TRAFFIC_TRAIL"}},{"type":"Feature","id":716,"geometry":{"type":"LineString","coordinates":[[-6.281233409369457,53.363580169231795],[-6.281753261692139,53.36447747362815]]},"properties":{"Infrastructure type":"NON_TRAFFIC_TRAIL","Direction":"Bi-Directional","Length (m)":105.7,"Source":"NTA Active Travel Cycle Network (Feb 2025)","_style_key":"NON_TRAFFIC_TRAIL"}},{"type":"Feature","id":717,"geometry":{"type":"LineString","coordinates":[[-6.3125353210819375,53.37453389421625],[-6.3127517641807955,53.37476165443684]]},"properties":{"Infrastructure type":"NON_TRAFFIC_TRAIL","Direction":"Bi-Directional","Length (m)":29.2,"Source":"NTA Active Travel Cycle Network (Feb 2025)","_style_key":"NON_TRAFFIC_TRAIL"}},{"type":"Feature","id":722,"geometry":{"type":"LineString","coordinates":[[-6.175007369657716,53.370056283931376],[-6.174480178296316,53.370084173282834]]},"properties":{"Infrastructure type":"NON_TRAFFIC_TRAIL","Direction":"Bi-Directional","Length (m)":35.2,"Source":"NTA Active Travel Cycle Network (Feb 2025)","_style_key":"NON_TRAFFIC_TRAIL"}},{"type":"Feature","id":725,"geometry":{"type":"LineString","coordinates":[[-6.308459999915189,53.356640000935734],[-6.3077499997916435,53.35691000108291]]},"properties":{"Infrastructure type":"NON_TRAFFIC_TRAIL","Direction":"Bi-Directional","Length (m)":56.0,"Source":"NTA Active Travel Cycle Network (Feb 2025)","_style_key":"NON_TRAFFIC_TRAIL"}},{"type":"Feature","id":729,"geometry":{"type":"LineString","coordinates":[[-6.22274430998743,53.38036709405161],[-6.222503197914974,53.380381479647724]]},"properties":{"Infrastructure type":"NON_TRAFFIC_TRAIL","Direction":"Bi-Directional","Length (m)":16.1,"Source":"NTA Active Travel Cycle Network (Feb 2025)","_style_key":"NON_TRAFFIC_TRAIL"}},{"type":"Feature","id":731,"geometry":{"type":"LineString","coordinates":[[-6.183016960519043,53.38380012971759],[-6.182606374964479,53.38430167237296]]},"properties":{"Infrastructure type":"NON_TRAFFIC_TRAIL","Direction":"Bi-Directional","Length (m)":62.8,"Source":"NTA Active Travel Cycle Network (Feb 2025)","_style_key":"NON_TRAFFIC_TRAIL"}},{"type":"Feature","id":732,"geometry":{"type":"LineString","coordinates":[[-6.1804445486144,53.38775614547736],[-6.180338224246172,53.387781489081405]]},"properties":{"Infrastructure type":"NON_TRAFFIC_TRAIL","Direction":"Bi-Directional","Length (m)":7.6,"Source":"NTA Active Travel Cycle Network (Feb 2025)","_style_key":"NON_TRAFFIC_TRAIL"}},{"type":"Feature","id":733,"geometry":{"type":"LineString","coordinates":[[-6.212154036500575,53.31738156396589],[-6.212162258757182,53.31790300397754]]},"properties":{"Infrastructure type":"NON_TRAFFIC_TRAIL","Direction":"Bi-Directional","Length (m)":58.0,"Source":"NTA Active Travel Cycle Network (Feb 2025)","_style_key":"NON_TRAFFIC_TRAIL"}},{"type":"Feature","id":734,"geometry":{"type":"LineString","coordinates":[[-6.248447426046657,53.34817417492642],[-6.248443006565672,53.34828196757869]]},"properties":{"Infrastructure type":"NON_TRAFFIC_TRAIL","Direction":"Bi-Directional","Length (m)":12.0,"Source":"NTA Active Travel Cycle Network (Feb 2025)","_style_key":"NON_TRAFFIC_TRAIL"}},{"type":"Feature","id":737,"geometry":{"type":"LineString","coordinates":[[-6.175882450726217,53.38544845534959],[-6.175587389063995,53.385668650015745]]},"properties":{"Infrastructure type":"NON_TRAFFIC_TRAIL","Direction":"Bi-Directional","Length (m)":31.4,"Source":"NTA Active Travel Cycle Network (Feb 2025)","_style_key":"NON_TRAFFIC_TRAIL"}},{"type":"Feature","id":742,"geometry":{"type":"LineString","coordinates":[[-6.175385886030403,53.38545884163984],[-6.175587389063995,53.385668650015745]]},"properties":{"Infrastructure type":"NON_TRAFFIC_TRAIL","Direction":"Bi-Directional","Length (m)":26.9,"Source":"NTA Active Travel Cycle Network (Feb 2025)","_style_key":"NON_TRAFFIC_TRAIL"}},{"type":"Feature","id":743,"geometry":{"type":"LineString","coordinates":[[-6.257093694383761,53.36782295125863],[-6.257652302862888,53.36812771530628],[-6.257955242973987,53.36806922130571]]},"properties":{"Infrastructure type":"NON_TRAFFIC_TRAIL","Direction":"Bi-Directional","Length (m)":73.0,"Source":"NTA Active Travel Cycle Network (Feb 2025)","_style_key":"NON_TRAFFIC_TRAIL"}},{"type":"Feature","id":756,"geometry":{"type":"LineString","coordinates":[[-6.325609999403053,53.34454000012712],[-6.322399999841596,53.345110000385574]]},"properties":{"Infrastructure type":"NON_TRAFFIC_TRAIL","Direction":"Bi-Directional","Length (m)":223.4,"Source":"NTA Active Travel Cycle Network (Feb 2025)","_style_key":"NON_TRAFFIC_TRAIL"}},{"type":"Feature","id":760,"geometry":{"type":"LineString","coordinates":[[-6.226833026062483,53.34899737508421],[-6.226947099408702,53.348280836616645]]},"properties":{"Infrastructure type":"BIKE_FRIENDLY_PEDESTRIAN_PATH","Direction":"Forward","Length (m)":80.1,"Source":"NTA Active Travel Cycle Network (Feb 2025)","_style_key":"BIKE_FRIENDLY_PEDESTRIAN_PATH"}},{"type":"Feature","id":763,"geometry":{"type":"LineString","coordinates":[[-6.248910370617356,53.31415183237731],[-6.248983162725815,53.31420683012478],[-6.248933383087809,53.31432294554383],[-6.249677121837564,53.314486661495614],[-6.249711899894737,53.314370325631394],[-6.249878367513402,53.31433681576288]]},"properties":{"Infrastructure type":"NON_TRAFFIC_TRAIL","Direction":"Bi-Directional","Length (m)":98.8,"Source":"NTA Active Travel Cycle Network (Feb 2025)","_style_key":"NON_TRAFFIC_TRAIL"}},{"type":"Feature","id":764,"geometry":{"type":"LineString","coordinates":[[-6.3524328392753935,53.356009885693844],[-6.351713605250377,53.356350483996714],[-6.351019780238925,53.35642178977394]]},"properties":{"Infrastructure type":"NON_TRAFFIC_TRAIL","Direction":"Bi-Directional","Length (m)":107.9,"Source":"NTA Active Travel Cycle Network (Feb 2025)","_style_key":"NON_TRAFFIC_TRAIL"}},{"type":"Feature","id":787,"geometry":{"type":"LineString","coordinates":[[-6.178134539386998,53.387631026551865],[-6.178208513193828,53.387659120170966]]},"properties":{"Infrastructure type":"NON_TRAFFIC_TRAIL","Direction":"Bi-Directional","Length (m)":5.8,"Source":"NTA Active Travel Cycle Network (Feb 2025)","_style_key":"NON_TRAFFIC_TRAIL"}},{"type":"Feature","id":788,"geometry":{"type":"LineString","coordinates":[[-6.179043248924538,53.38712357952299],[-6.178616036275387,53.387269860007095],[-6.17828248709874,53.387687213744904]]},"properties":{"Infrastructure type":"NON_TRAFFIC_TRAIL","Direction":"Bi-Directional","Length (m)":84.4,"Source":"NTA Active Travel Cycle Network (Feb 2025)","_style_key":"NON_TRAFFIC_TRAIL"}},{"type":"Feature","id":806,"geometry":{"type":"LineString","coordinates":[[-6.250563402773538,53.313367155079476],[-6.250937286548464,53.31339960319653]]},"properties":{"Infrastructure type":"NON_TRAFFIC_TRAIL","Direction":"Bi-Directional","Length (m)":25.4,"Source":"NTA Active Travel Cycle Network (Feb 2025)","_style_key":"NON_TRAFFIC_TRAIL"}},{"type":"Feature","id":811,"geometry":{"type":"LineString","coordinates":[[-6.346313159014131,53.33204681532559],[-6.345788087319818,53.33213793728546]]},"properties":{"Infrastructure type":"NON_TRAFFIC_TRAIL","Direction":"Bi-Directional","Length (m)":36.4,"Source":"NTA Active Travel Cycle Network (Feb 2025)","_style_key":"NON_TRAFFIC_TRAIL"}},{"type":"Feature","id":813,"geometry":{"type":"LineString","coordinates":[[-6.250554028249981,53.314697267004505],[-6.250789985687414,53.314799597678196]]},"properties":{"Infrastructure type":"NON_TRAFFIC_TRAIL","Direction":"Bi-Directional","Length (m)":19.4,"Source":"NTA Active Travel Cycle Network (Feb 2025)","_style_key":"NON_TRAFFIC_TRAIL"}},{"type":"Feature","id":815,"geometry":{"type":"LineString","coordinates":[[-6.2791256348379365,53.3476498859874],[-6.278940054335587,53.34852804161574]]},"properties":{"Infrastructure type":"NON_TRAFFIC_TRAIL","Direction":"Bi-Directional","Length (m)":98.5,"Source":"NTA Active Travel Cycle Network (Feb 2025)","_style_key":"NON_TRAFFIC_TRAIL"}},{"type":"Feature","id":820,"geometry":{"type":"LineString","coordinates":[[-6.256460000305349,53.338210001074785],[-6.256670000757225,53.33853000136664]]},"properties":{"Infrastructure type":"NON_TRAFFIC_TRAIL","Direction":"Bi-Directional","Length (m)":39.3,"Source":"NTA Active Travel Cycle Network (Feb 2025)","_style_key":"NON_TRAFFIC_TRAIL"}},{"type":"Feature","id":821,"geometry":{"type":"LineString","coordinates":[[-6.259787906800327,53.36161952296612],[-6.260063204766434,53.36170045481548]]},"properties":{"Infrastructure type":"NON_TRAFFIC_TRAIL","Direction":"Bi-Directional","Length (m)":20.4,"Source":"NTA Active Travel Cycle Network (Feb 2025)","_style_key":"NON_TRAFFIC_TRAIL"}},{"type":"Feature","id":822,"geometry":{"type":"LineString","coordinates":[[-6.220748778724279,53.38244058214715],[-6.221315925271961,53.38253891666291]]},"properties":{"Infrastructure type":"NON_TRAFFIC_TRAIL","Direction":"Bi-Directional","Length (m)":39.3,"Source":"NTA Active Travel Cycle Network (Feb 2025)","_style_key":"NON_TRAFFIC_TRAIL"}},{"type":"Feature","id":823,"geometry":{"type":"LineString","coordinates":[[-6.177013428495367,53.3850163259233],[-6.177830924539645,53.385235537340535],[-6.1780335894950635,53.38541839472835],[-6.178441675931786,53.38607177207676],[-6.1790685542241786,53.3865307462019],[-6.179157623692065,53.38690960827393],[-6.179043248924538,53.38712357952299]]},"properties":{"Infrastructure type":"NON_TRAFFIC_TRAIL","Direction":"Bi-Directional","Length (m)":296.2,"Source":"NTA Active Travel Cycle Network (Feb 2025)","_style_key":"NON_TRAFFIC_TRAIL"}},{"type":"Feature","id":826,"geometry":{"type":"LineString","coordinates":[[-6.238457005511187,53.34393198522248],[-6.238823193244309,53.34406872621008]]},"properties":{"Infrastructure type":"NON_TRAFFIC_TRAIL","Direction":"Bi-Directional","Length (m)":28.7,"Source":"NTA Active Travel Cycle Network (Feb 2025)","_style_key":"NON_TRAFFIC_TRAIL"}},{"type":"Feature","id":827,"geometry":{"type":"LineString","coordinates":[[-6.227461954887301,53.33952323491378],[-6.227612890488326,53.33986702779426]]},"properties":{"Infrastructure type":"NON_TRAFFIC_TRAIL","Direction":"Bi-Directional","Length (m)":39.6,"Source":"NTA Active Travel Cycle Network (Feb 2025)","_style_key":"NON_TRAFFIC_TRAIL"}},{"type":"Feature","id":828,"geometry":{"type":"LineString","coordinates":[[-6.266877952980487,53.30608593550441],[-6.266725183576219,53.30608025665601],[-6.26599257070776,53.30668956976304],[-6.265474290091984,53.30688876068626],[-6.2634650218712915,53.30685053267411],[-6.263127424808026,53.307034367926036],[-6.262616787015266,53.30704490637445],[-6.260601355954148,53.30789636890169],[-6.260329938393595,53.30792836269349],[-6.259929752781741,53.30780567831309]]},"properties":{"Infrastructure type":"NON_TRAFFIC_TRAIL","Direction":"Bi-Directional","Length (m)":546.2,"Source":"NTA Active Travel Cycle Network (Feb 2025)","_style_key":"NON_TRAFFIC_TRAIL"}},{"type":"Feature","id":829,"geometry":{"type":"LineString","coordinates":[[-6.257475131903568,53.336447622332756],[-6.257619999975589,53.336820000741305],[-6.257369999302787,53.336980000529906]]},"properties":{"Infrastructure type":"NON_TRAFFIC_TRAIL","Direction":"Bi-Directional","Length (m)":66.9,"Source":"NTA Active Travel Cycle Network (Feb 2025)","_style_key":"NON_TRAFFIC_TRAIL"}},{"type":"Feature","id":833,"geometry":{"type":"LineString","coordinates":[[-6.220484456822296,53.37976716942483],[-6.221112780913082,53.37983945296307]]},"properties":{"Infrastructure type":"NON_TRAFFIC_TRAIL","Direction":"Bi-Directional","Length (m)":45.1,"Source":"NTA Active Travel Cycle Network (Feb 2025)","_style_key":"NON_TRAFFIC_TRAIL"}},{"type":"Feature","id":834,"geometry":{"type":"LineString","coordinates":[[-6.2564499994728395,53.338130000766434],[-6.256460000305349,53.338210001074785]]},"properties":{"Infrastructure type":"NON_TRAFFIC_TRAIL","Direction":"Bi-Directional","Length (m)":8.9,"Source":"NTA Active Travel Cycle Network (Feb 2025)","_style_key":"NON_TRAFFIC_TRAIL"}},{"type":"Feature","id":835,"geometry":{"type":"LineString","coordinates":[[-6.1800045953969995,53.38608662618307],[-6.180053197155406,53.38635701242944]]},"properties":{"Infrastructure type":"NON_TRAFFIC_TRAIL","Direction":"Bi-Directional","Length (m)":30.3,"Source":"NTA Active Travel Cycle Network (Feb 2025)","_style_key":"NON_TRAFFIC_TRAIL"}},{"type":"Feature","id":836,"geometry":{"type":"LineString","coordinates":[[-6.176711029268603,53.38505664768776],[-6.175882450726217,53.38544845534959]]},"properties":{"Infrastructure type":"NON_TRAFFIC_TRAIL","Direction":"Bi-Directional","Length (m)":70.3,"Source":"NTA Active Travel Cycle Network (Feb 2025)","_style_key":"NON_TRAFFIC_TRAIL"}},{"type":"Feature","id":838,"geometry":{"type":"LineString","coordinates":[[-6.1751141212949845,53.37072304326831],[-6.175065649988304,53.37115373563414]]},"properties":{"Infrastructure type":"NON_TRAFFIC_TRAIL","Direction":"Bi-Directional","Length (m)":48.4,"Source":"NTA Active Travel Cycle Network (Feb 2025)","_style_key":"NON_TRAFFIC_TRAIL"}},{"type":"Feature","id":839,"geometry":{"type":"LineString","coordinates":[[-6.219167215899133,53.38791772273427],[-6.219361045849005,53.38795656693382]]},"properties":{"Infrastructure type":"NON_TRAFFIC_TRAIL","Direction":"Bi-Directional","Length (m)":13.6,"Source":"NTA Active Travel Cycle Network (Feb 2025)","_style_key":"NON_TRAFFIC_TRAIL"}},{"type":"Feature","id":840,"geometry":{"type":"LineString","coordinates":[[-6.174480178296316,53.370084173282834],[-6.1721203367609,53.370443531682156]]},"properties":{"Infrastructure type":"NON_TRAFFIC_TRAIL","Direction":"Bi-Directional","Length (m)":162.2,"Source":"NTA Active Travel Cycle Network (Feb 2025)","_style_key":"NON_TRAFFIC_TRAIL"}},{"type":"Feature","id":842,"geometry":{"type":"LineString","coordinates":[[-6.2260295373518755,53.33712906612424],[-6.226366606432576,53.337691344688075]]},"properties":{"Infrastructure type":"NON_TRAFFIC_TRAIL","Direction":"Bi-Directional","Length (m)":66.5,"Source":"NTA Active Travel Cycle Network (Feb 2025)","_style_key":"NON_TRAFFIC_TRAIL"}},{"type":"Feature","id":843,"geometry":{"type":"LineString","coordinates":[[-6.248221169376076,53.31229014730694],[-6.248579307207069,53.312340347973596]]},"properties":{"Infrastructure type":"NON_TRAFFIC_TRAIL","Direction":"Bi-Directional","Length (m)":24.5,"Source":"NTA Active Travel Cycle Network (Feb 2025)","_style_key":"NON_TRAFFIC_TRAIL"}},{"type":"Feature","id":844,"geometry":{"type":"LineString","coordinates":[[-6.313389998884939,53.356580001121074],[-6.31256000053877,53.35672000063254],[-6.310210000587916,53.35677000094391],[-6.308459999915189,53.356640000935734]]},"properties":{"Infrastructure type":"NON_TRAFFIC_TRAIL","Direction":"Bi-Directional","Length (m)":332.5,"Source":"NTA Active Travel Cycle Network (Feb 2025)","_style_key":"NON_TRAFFIC_TRAIL"}},{"type":"Feature","id":845,"geometry":{"type":"LineString","coordinates":[[-6.220422976787459,53.38808924971788],[-6.22024648911456,53.3887157861175]]},"properties":{"Infrastructure type":"NON_TRAFFIC_TRAIL","Direction":"Bi-Directional","Length (m)":70.7,"Source":"NTA Active Travel Cycle Network (Feb 2025)","_style_key":"NON_TRAFFIC_TRAIL"}},{"type":"Feature","id":846,"geometry":{"type":"LineString","coordinates":[[-6.314639490019107,53.37377268249116],[-6.314947486578414,53.37396577953997]]},"properties":{"Infrastructure type":"NON_TRAFFIC_TRAIL","Direction":"Bi-Directional","Length (m)":29.7,"Source":"NTA Active Travel Cycle Network (Feb 2025)","_style_key":"NON_TRAFFIC_TRAIL"}},{"type":"Feature","id":850,"geometry":{"type":"LineString","coordinates":[[-6.220727023479188,53.37935733218769],[-6.221112780913082,53.37983945296307]]},"properties":{"Infrastructure type":"NON_TRAFFIC_TRAIL","Direction":"Bi-Directional","Length (m)":60.2,"Source":"NTA Active Travel Cycle Network (Feb 2025)","_style_key":"NON_TRAFFIC_TRAIL"}},{"type":"Feature","id":851,"geometry":{"type":"LineString","coordinates":[[-6.1800045953969995,53.38608662618307],[-6.180151390797594,53.38616975803615]]},"properties":{"Infrastructure type":"NON_TRAFFIC_TRAIL","Direction":"Bi-Directional","Length (m)":13.5,"Source":"NTA Active Travel Cycle Network (Feb 2025)","_style_key":"NON_TRAFFIC_TRAIL"}},{"type":"Feature","id":852,"geometry":{"type":"LineString","coordinates":[[-6.17828248709874,53.387687213744904],[-6.179147032862084,53.38786219289665],[-6.180338224246172,53.387781489081405]]},"properties":{"Infrastructure type":"NON_TRAFFIC_TRAIL","Direction":"Bi-Directional","Length (m)":142.2,"Source":"NTA Active Travel Cycle Network (Feb 2025)","_style_key":"NON_TRAFFIC_TRAIL"}},{"type":"Feature","id":853,"geometry":{"type":"LineString","coordinates":[[-6.316209999375029,53.351510001272985],[-6.317420000117117,53.352290001257096],[-6.320880000037859,53.35322000079821],[-6.321879999452991,53.3535800007897],[-6.323089999905998,53.35430000088896]]},"properties":{"Infrastructure type":"NON_TRAFFIC_TRAIL","Direction":"Bi-Directional","Length (m)":563.5,"Source":"NTA Active Travel Cycle Network (Feb 2025)","_style_key":"NON_TRAFFIC_TRAIL"}},{"type":"Feature","id":854,"geometry":{"type":"LineString","coordinates":[[-6.314528189097456,53.373546410613294],[-6.314639490019107,53.37377268249116]]},"properties":{"Infrastructure type":"NON_TRAFFIC_TRAIL","Direction":"Bi-Directional","Length (m)":26.2,"Source":"NTA Active Travel Cycle Network (Feb 2025)","_style_key":"NON_TRAFFIC_TRAIL"}},{"type":"Feature","id":855,"geometry":{"type":"LineString","coordinates":[[-6.2207977441354,53.38703423938661],[-6.220343245024553,53.38711734477274]]},"properties":{"Infrastructure type":"NON_TRAFFIC_TRAIL","Direction":"Bi-Directional","Length (m)":31.6,"Source":"NTA Active Travel Cycle Network (Feb 2025)","_style_key":"NON_TRAFFIC_TRAIL"}},{"type":"Feature","id":857,"geometry":{"type":"LineString","coordinates":[[-6.332409999236939,53.34555000166184],[-6.333439999609847,53.345760001304235]]},"properties":{"Infrastructure type":"NON_TRAFFIC_TRAIL","Direction":"Bi-Directional","Length (m)":72.5,"Source":"NTA Active Travel Cycle Network (Feb 2025)","_style_key":"NON_TRAFFIC_TRAIL"}},{"type":"Feature","id":858,"geometry":{"type":"LineString","coordinates":[[-6.300237168431574,53.373119028189954],[-6.306942743574019,53.374571533225954],[-6.3082725245579265,53.3747701502618]]},"properties":{"Infrastructure type":"NON_TRAFFIC_TRAIL","Direction":"Bi-Directional","Length (m)":566.1,"Source":"NTA Active Travel Cycle Network (Feb 2025)","_style_key":"NON_TRAFFIC_TRAIL"}},{"type":"Feature","id":859,"geometry":{"type":"LineString","coordinates":[[-6.314424227536909,53.373895474496635],[-6.314054493593243,53.37412394012746],[-6.314074009585136,53.37477135201776]]},"properties":{"Infrastructure type":"NON_TRAFFIC_TRAIL","Direction":"Bi-Directional","Length (m)":107.8,"Source":"NTA Active Travel Cycle Network (Feb 2025)","_style_key":"NON_TRAFFIC_TRAIL"}},{"type":"Feature","id":861,"geometry":{"type":"LineString","coordinates":[[-6.1726343122516,53.367208283978776],[-6.172955500660124,53.368838444168006]]},"properties":{"Infrastructure type":"NON_TRAFFIC_TRAIL","Direction":"Bi-Directional","Length (m)":183.0,"Source":"NTA Active Travel Cycle Network (Feb 2025)","_style_key":"NON_TRAFFIC_TRAIL"}},{"type":"Feature","id":863,"geometry":{"type":"LineString","coordinates":[[-6.1717233923156565,53.37269349016441],[-6.171732269827975,53.37318797727522],[-6.171445751049785,53.37356109197671]]},"properties":{"Infrastructure type":"NON_TRAFFIC_TRAIL","Direction":"Bi-Directional","Length (m)":100.7,"Source":"NTA Active Travel Cycle Network (Feb 2025)","_style_key":"NON_TRAFFIC_TRAIL"}},{"type":"Feature","id":864,"geometry":{"type":"LineString","coordinates":[[-6.227853191063811,53.33298565752991],[-6.227583933174237,53.33332320796914],[-6.226874642614766,53.33377106440695],[-6.225486313736972,53.33429869952857]]},"properties":{"Infrastructure type":"NON_TRAFFIC_TRAIL","Direction":"Bi-Directional","Length (m)":220.0,"Source":"NTA Active Travel Cycle Network (Feb 2025)","_style_key":"NON_TRAFFIC_TRAIL"}},{"type":"Feature","id":865,"geometry":{"type":"LineString","coordinates":[[-6.278934800692775,53.34903129861345],[-6.279604720111371,53.349402020434944]]},"properties":{"Infrastructure type":"NON_TRAFFIC_TRAIL","Direction":"Bi-Directional","Length (m)":61.9,"Source":"NTA Active Travel Cycle Network (Feb 2025)","_style_key":"NON_TRAFFIC_TRAIL"}},{"type":"Feature","id":866,"geometry":{"type":"LineString","coordinates":[[-6.321423426657893,53.37477607668984],[-6.322304592740828,53.37530078212632],[-6.330993512453766,53.375260822806126]]},"properties":{"Infrastructure type":"NON_TRAFFIC_TRAIL","Direction":"Bi-Directional","Length (m)":666.1,"Source":"NTA Active Travel Cycle Network (Feb 2025)","_style_key":"NON_TRAFFIC_TRAIL"}},{"type":"Feature","id":867,"geometry":{"type":"LineString","coordinates":[[-6.309339999266579,53.346210001174924],[-6.308900000818167,53.34623000073841]]},"properties":{"Infrastructure type":"NON_TRAFFIC_TRAIL","Direction":"Bi-Directional","Length (m)":29.4,"Source":"NTA Active Travel Cycle Network (Feb 2025)","_style_key":"NON_TRAFFIC_TRAIL"}},{"type":"Feature","id":868,"geometry":{"type":"LineString","coordinates":[[-6.317159999613529,53.3477100014076],[-6.318770000140802,53.34822000092528],[-6.327529999767475,53.34909000066604]]},"properties":{"Infrastructure type":"NON_TRAFFIC_TRAIL","Direction":"Bi-Directional","Length (m)":713.1,"Source":"NTA Active Travel Cycle Network (Feb 2025)","_style_key":"NON_TRAFFIC_TRAIL"}},{"type":"Feature","id":870,"geometry":{"type":"LineString","coordinates":[[-6.259905066987473,53.36144752220296],[-6.268184545175038,53.36336454546884]]},"properties":{"Infrastructure type":"NON_TRAFFIC_TRAIL","Direction":"Bi-Directional","Length (m)":592.1,"Source":"NTA Active Travel Cycle Network (Feb 2025)","_style_key":"NON_TRAFFIC_TRAIL"}},{"type":"Feature","id":871,"geometry":{"type":"LineString","coordinates":[[-6.248579307207069,53.312340347973596],[-6.249072069853996,53.312401512213775]]},"properties":{"Infrastructure type":"NON_TRAFFIC_TRAIL","Direction":"Bi-Directional","Length (m)":33.5,"Source":"NTA Active Travel Cycle Network (Feb 2025)","_style_key":"NON_TRAFFIC_TRAIL"}},{"type":"Feature","id":872,"geometry":{"type":"LineString","coordinates":[[-6.331454350669745,53.37500661500245],[-6.331144081626975,53.37525394032792],[-6.330993512453766,53.375260822806126]]},"properties":{"Infrastructure type":"NON_TRAFFIC_TRAIL","Direction":"Bi-Directional","Length (m)":44.5,"Source":"NTA Active Travel Cycle Network (Feb 2025)","_style_key":"NON_TRAFFIC_TRAIL"}},{"type":"Feature","id":873,"geometry":{"type":"LineString","coordinates":[[-6.299881940953432,53.37788660712416],[-6.298502002941524,53.37819051104153],[-6.298419726565899,53.378369098432564]]},"properties":{"Infrastructure type":"NON_TRAFFIC_TRAIL","Direction":"Bi-Directional","Length (m)":120.8,"Source":"NTA Active Travel Cycle Network (Feb 2025)","_style_key":"NON_TRAFFIC_TRAIL"}},{"type":"Feature","id":874,"geometry":{"type":"LineString","coordinates":[[-6.249080896181653,53.34957663243289],[-6.249604480163428,53.349629255491344]]},"properties":{"Infrastructure type":"NON_TRAFFIC_TRAIL","Direction":"Bi-Directional","Length (m)":35.4,"Source":"NTA Active Travel Cycle Network (Feb 2025)","_style_key":"NON_TRAFFIC_TRAIL"}},{"type":"Feature","id":876,"geometry":{"type":"LineString","coordinates":[[-6.296814691573294,53.363596846592934],[-6.2967338710067535,53.36373950170309]]},"properties":{"Infrastructure type":"NON_TRAFFIC_TRAIL","Direction":"Bi-Directional","Length (m)":16.8,"Source":"NTA Active Travel Cycle Network (Feb 2025)","_style_key":"NON_TRAFFIC_TRAIL"}},{"type":"Feature","id":881,"geometry":{"type":"LineString","coordinates":[[-6.213482131514399,53.31778424656218],[-6.212162258757182,53.31790300397754]]},"properties":{"Infrastructure type":"NON_TRAFFIC_TRAIL","Direction":"Bi-Directional","Length (m)":102.3,"Source":"NTA Active Travel Cycle Network (Feb 2025)","_style_key":"NON_TRAFFIC_TRAIL"}},{"type":"Feature","id":883,"geometry":{"type":"LineString","coordinates":[[-6.311442649709515,53.37815546966173],[-6.311946278815227,53.37803555200677],[-6.312984433473983,53.37825712808784],[-6.3137956454938955,53.378245523931255],[-6.3144409025158375,53.37837706566508],[-6.315084172855301,53.37805912210056],[-6.315741465439469,53.377982701579086],[-6.315942377764415,53.378072010128044],[-6.316035093299034,53.37831455070153],[-6.316949581596612,53.378239549104975],[-6.317537263986462,53.37849834731648],[-6.3181383268729165,53.37847452936647],[-6.318629723326343,53.37862787984183],[-6.318901656795208,53.37898779387022],[-6.3195156922423905,53.37915397529845],[-6.319878480205361,53.37946378005905],[-6.321000811357669,53.3797230968092],[-6.3225657283746575,53.37960669930266],[-6.3246805673167215,53.37959226214864],[-6.325196791444119,53.379734078667056],[-6.325866132160746,53.37967123269958],[-6.326550744272925,53.37974810492296],[-6.328324705920423,53.37939054818452],[-6.329019231933063,53.37940213780183],[-6.329316377572793,53.379305830828805]]},"properties":{"Infrastructure type":"NON_TRAFFIC_TRAIL","Direction":"Bi-Directional","Length (m)":1338.6,"Source":"NTA Active Travel Cycle Network (Feb 2025)","_style_key":"NON_TRAFFIC_TRAIL"}},{"type":"Feature","id":885,"geometry":{"type":"LineString","coordinates":[[-6.286406289668417,53.375769102288004],[-6.287191532479095,53.37648781266051],[-6.2876458234363355,53.37673500407],[-6.288819139285165,53.377036131948856],[-6.28962652369556,53.37741784755412],[-6.290600034357808,53.37752945682946],[-6.291728242515871,53.377458567541176],[-6.292947178056847,53.377250092198466],[-6.294226425120645,53.37736221637861],[-6.295460569523345,53.37697059240642],[-6.297748437881256,53.37658272476638],[-6.29866106949379,53.37630406946041],[-6.299872619553985,53.37630768942188],[-6.30196666703561,53.37609937671126],[-6.303258397214759,53.37626955084046],[-6.304549422445419,53.37607055961207],[-6.3047756288761,53.37615604821618],[-6.305060962365647,53.376528194877615],[-6.305475128864187,53.37679819582671],[-6.307377495666894,53.37757951341506],[-6.309466964875271,53.37803714366847],[-6.311450410138979,53.378160335005234]]},"properties":{"Infrastructure type":"NON_TRAFFIC_TRAIL","Direction":"Bi-Directional","Length (m)":1866.9,"Source":"NTA Active Travel Cycle Network (Feb 2025)","_style_key":"NON_TRAFFIC_TRAIL"}},{"type":"Feature","id":887,"geometry":{"type":"LineString","coordinates":[[-6.28187419030766,53.365953256411345],[-6.281744284070497,53.36619406357754]]},"properties":{"Infrastructure type":"NON_TRAFFIC_TRAIL","Direction":"Bi-Directional","Length (m)":28.2,"Source":"NTA Active Travel Cycle Network (Feb 2025)","_style_key":"NON_TRAFFIC_TRAIL"}},{"type":"Feature","id":889,"geometry":{"type":"LineString","coordinates":[[-6.288196269136473,53.32294627294631],[-6.288202382366956,53.32279356283005]]},"properties":{"Infrastructure type":"NON_TRAFFIC_TRAIL","Direction":"Bi-Directional","Length (m)":17.6,"Source":"NTA Active Travel Cycle Network (Feb 2025)","_style_key":"NON_TRAFFIC_TRAIL"}},{"type":"Feature","id":890,"geometry":{"type":"LineString","coordinates":[[-6.232404273075394,53.36280550594137],[-6.23821483009722,53.36115306620506]]},"properties":{"Infrastructure type":"NON_TRAFFIC_TRAIL","Direction":"Bi-Directional","Length (m)":429.3,"Source":"NTA Active Travel Cycle Network (Feb 2025)","_style_key":"NON_TRAFFIC_TRAIL"}},{"type":"Feature","id":891,"geometry":{"type":"LineString","coordinates":[[-6.328170736361517,53.33425436226802],[-6.306629368539051,53.33675560481044]]},"properties":{"Infrastructure type":"NON_TRAFFIC_TRAIL","Direction":"Bi-Directional","Length (m)":1461.8,"Source":"NTA Active Travel Cycle Network (Feb 2025)","_style_key":"NON_TRAFFIC_TRAIL"}},{"type":"Feature","id":894,"geometry":{"type":"LineString","coordinates":[[-6.300729553628638,53.35810703712696],[-6.300992685643653,53.358290544837054],[-6.301263689151038,53.35865392484283]]},"properties":{"Infrastructure type":"NON_TRAFFIC_TRAIL","Direction":"Bi-Directional","Length (m)":71.3,"Source":"NTA Active Travel Cycle Network (Feb 2025)","_style_key":"NON_TRAFFIC_TRAIL"}},{"type":"Feature","id":895,"geometry":{"type":"LineString","coordinates":[[-6.301263689151038,53.35865392484283],[-6.301232950890515,53.35904896107412],[-6.301494304396944,53.359277382484215]]},"properties":{"Infrastructure type":"NON_TRAFFIC_TRAIL","Direction":"Bi-Directional","Length (m)":76.4,"Source":"NTA Active Travel Cycle Network (Feb 2025)","_style_key":"NON_TRAFFIC_TRAIL"}},{"type":"Feature","id":896,"geometry":{"type":"LineString","coordinates":[[-6.174942078748422,53.385290268980135],[-6.175385886030403,53.38545884163984]]},"properties":{"Infrastructure type":"NON_TRAFFIC_TRAIL","Direction":"Bi-Directional","Length (m)":35.0,"Source":"NTA Active Travel Cycle Network (Feb 2025)","_style_key":"NON_TRAFFIC_TRAIL"}},{"type":"Feature","id":897,"geometry":{"type":"LineString","coordinates":[[-6.258219999594509,53.33906000060509],[-6.2588099994804045,53.33923000121586]]},"properties":{"Infrastructure type":"NON_TRAFFIC_TRAIL","Direction":"Bi-Directional","Length (m)":43.6,"Source":"NTA Active Travel Cycle Network (Feb 2025)","_style_key":"NON_TRAFFIC_TRAIL"}},{"type":"Feature","id":898,"geometry":{"type":"LineString","coordinates":[[-6.304678514947006,53.33696937936666],[-6.303726942188693,53.33710865028925],[-6.303096955783409,53.33709070304195]]},"properties":{"Infrastructure type":"NON_TRAFFIC_TRAIL","Direction":"Bi-Directional","Length (m)":107.9,"Source":"NTA Active Travel Cycle Network (Feb 2025)","_style_key":"NON_TRAFFIC_TRAIL"}},{"type":"Feature","id":900,"geometry":{"type":"LineString","coordinates":[[-6.314544748892245,53.36513386783467],[-6.31482986512497,53.36552437899835]]},"properties":{"Infrastructure type":"NON_TRAFFIC_TRAIL","Direction":"Bi-Directional","Length (m)":47.7,"Source":"NTA Active Travel Cycle Network (Feb 2025)","_style_key":"NON_TRAFFIC_TRAIL"}},{"type":"Feature","id":901,"geometry":{"type":"LineString","coordinates":[[-6.183460328291409,53.38401806276203],[-6.183133355230489,53.38428273096692],[-6.18270656755083,53.38442004417006]]},"properties":{"Infrastructure type":"NON_TRAFFIC_TRAIL","Direction":"Bi-Directional","Length (m)":69.2,"Source":"NTA Active Travel Cycle Network (Feb 2025)","_style_key":"NON_TRAFFIC_TRAIL"}},{"type":"Feature","id":902,"geometry":{"type":"LineString","coordinates":[[-6.22156636277667,53.38194044464503],[-6.221072510364525,53.38224766908809],[-6.220307067486942,53.38221828168183]]},"properties":{"Infrastructure type":"NON_TRAFFIC_TRAIL","Direction":"Bi-Directional","Length (m)":100.2,"Source":"NTA Active Travel Cycle Network (Feb 2025)","_style_key":"NON_TRAFFIC_TRAIL"}},{"type":"Feature","id":905,"geometry":{"type":"LineString","coordinates":[[-6.3524328392753935,53.356009885693844],[-6.3526573740945835,53.35603096166349],[-6.353273119153872,53.356425943701495],[-6.353985328614078,53.35704695252306]]},"properties":{"Infrastructure type":"NON_TRAFFIC_TRAIL","Direction":"Bi-Directional","Length (m)":159.1,"Source":"NTA Active Travel Cycle Network (Feb 2025)","_style_key":"NON_TRAFFIC_TRAIL"}},{"type":"Feature","id":906,"geometry":{"type":"LineString","coordinates":[[-6.338339999372412,53.345010000261574],[-6.3393899997188665,53.345130000839895]]},"properties":{"Infrastructure type":"NON_TRAFFIC_TRAIL","Direction":"Bi-Directional","Length (m)":71.6,"Source":"NTA Active Travel Cycle Network (Feb 2025)","_style_key":"NON_TRAFFIC_TRAIL"}},{"type":"Feature","id":907,"geometry":{"type":"LineString","coordinates":[[-6.320604495854171,53.345544522683554],[-6.319047380717368,53.34580122403337],[-6.315718900907164,53.34603291254807],[-6.315079711263682,53.34554940441778]]},"properties":{"Infrastructure type":"NON_TRAFFIC_TRAIL","Direction":"Bi-Directional","Length (m)":399.3,"Source":"NTA Active Travel Cycle Network (Feb 2025)","_style_key":"NON_TRAFFIC_TRAIL"}},{"type":"Feature","id":908,"geometry":{"type":"LineString","coordinates":[[-6.171445751049785,53.37356109197671],[-6.171052932146175,53.37395954155913],[-6.170665500902122,53.374582777494936],[-6.170532654153015,53.37698059041964]]},"properties":{"Infrastructure type":"NON_TRAFFIC_TRAIL","Direction":"Bi-Directional","Length (m)":392.5,"Source":"NTA Active Travel Cycle Network (Feb 2025)","_style_key":"NON_TRAFFIC_TRAIL"}},{"type":"Feature","id":909,"geometry":{"type":"LineString","coordinates":[[-6.3118816429717866,53.37358090934906],[-6.311917113671669,53.37382408724751],[-6.312333443338919,53.37393783131982]]},"properties":{"Infrastructure type":"NON_TRAFFIC_TRAIL","Direction":"Bi-Directional","Length (m)":59.1,"Source":"NTA Active Travel Cycle Network (Feb 2025)","_style_key":"NON_TRAFFIC_TRAIL"}},{"type":"Feature","id":910,"geometry":{"type":"LineString","coordinates":[[-6.219834157264156,53.3816629537185],[-6.220030991716304,53.381989461739686],[-6.220307067486942,53.38221828168183]]},"properties":{"Infrastructure type":"NON_TRAFFIC_TRAIL","Direction":"Bi-Directional","Length (m)":70.3,"Source":"NTA Active Travel Cycle Network (Feb 2025)","_style_key":"NON_TRAFFIC_TRAIL"}},{"type":"Feature","id":911,"geometry":{"type":"LineString","coordinates":[[-6.23952402121389,53.343827401597935],[-6.238823193244309,53.34406872621008]]},"properties":{"Infrastructure type":"NON_TRAFFIC_TRAIL","Direction":"Bi-Directional","Length (m)":53.9,"Source":"NTA Active Travel Cycle Network (Feb 2025)","_style_key":"NON_TRAFFIC_TRAIL"}},{"type":"Feature","id":913,"geometry":{"type":"LineString","coordinates":[[-6.183460328291409,53.38401806276203],[-6.183783202036521,53.38420273977824],[-6.18376320724842,53.38431928171528],[-6.182602267097208,53.384751018350016]]},"properties":{"Infrastructure type":"NON_TRAFFIC_TRAIL","Direction":"Bi-Directional","Length (m)":135.0,"Source":"NTA Active Travel Cycle Network (Feb 2025)","_style_key":"NON_TRAFFIC_TRAIL"}},{"type":"Feature","id":914,"geometry":{"type":"LineString","coordinates":[[-6.176035551215769,53.36991021579075],[-6.175955468081216,53.37002583834722]]},"properties":{"Infrastructure type":"NON_TRAFFIC_TRAIL","Direction":"Bi-Directional","Length (m)":13.9,"Source":"NTA Active Travel Cycle Network (Feb 2025)","_style_key":"NON_TRAFFIC_TRAIL"}},{"type":"Feature","id":916,"geometry":{"type":"LineString","coordinates":[[-6.272230071324761,53.35770677041657],[-6.272844603220992,53.357742631252286]]},"properties":{"Infrastructure type":"NON_TRAFFIC_TRAIL","Direction":"Bi-Directional","Length (m)":41.1,"Source":"NTA Active Travel Cycle Network (Feb 2025)","_style_key":"NON_TRAFFIC_TRAIL"}},{"type":"Feature","id":917,"geometry":{"type":"LineString","coordinates":[[-6.3138825335493065,53.36516046515445],[-6.314399301270775,53.365392465930235]]},"properties":{"Infrastructure type":"NON_TRAFFIC_TRAIL","Direction":"Bi-Directional","Length (m)":44.3,"Source":"NTA Active Travel Cycle Network (Feb 2025)","_style_key":"NON_TRAFFIC_TRAIL"}},{"type":"Feature","id":918,"geometry":{"type":"LineString","coordinates":[[-6.2967338710067535,53.36373950170309],[-6.296986660071599,53.36380602582903],[-6.297259096203535,53.36413348290553],[-6.297863359122034,53.36442972067993]]},"properties":{"Infrastructure type":"NON_TRAFFIC_TRAIL","Direction":"Bi-Directional","Length (m)":112.1,"Source":"NTA Active Travel Cycle Network (Feb 2025)","_style_key":"NON_TRAFFIC_TRAIL"}},{"type":"Feature","id":919,"geometry":{"type":"LineString","coordinates":[[-6.178816239206632,53.38469330897164],[-6.1769263008188995,53.38459255075181],[-6.1769336480707135,53.38477242654635],[-6.176711029268603,53.38505664768776]]},"properties":{"Infrastructure type":"NON_TRAFFIC_TRAIL","Direction":"Bi-Directional","Length (m)":181.3,"Source":"NTA Active Travel Cycle Network (Feb 2025)","_style_key":"NON_TRAFFIC_TRAIL"}},{"type":"Feature","id":921,"geometry":{"type":"LineString","coordinates":[[-6.250053489906579,53.31299115938311],[-6.250075036522145,53.31319820352086]]},"properties":{"Infrastructure type":"NON_TRAFFIC_TRAIL","Direction":"Bi-Directional","Length (m)":23.4,"Source":"NTA Active Travel Cycle Network (Feb 2025)","_style_key":"NON_TRAFFIC_TRAIL"}},{"type":"Feature","id":922,"geometry":{"type":"LineString","coordinates":[[-6.24971516330066,53.34912754426084],[-6.2496766743607655,53.349333706498854]]},"properties":{"Infrastructure type":"NON_TRAFFIC_TRAIL","Direction":"Bi-Directional","Length (m)":23.1,"Source":"NTA Active Travel Cycle Network (Feb 2025)","_style_key":"NON_TRAFFIC_TRAIL"}},{"type":"Feature","id":923,"geometry":{"type":"LineString","coordinates":[[-6.2496766743607655,53.349333706498854],[-6.249604480163428,53.349629255491344]]},"properties":{"Infrastructure type":"NON_TRAFFIC_TRAIL","Direction":"Bi-Directional","Length (m)":33.2,"Source":"NTA Active Travel Cycle Network (Feb 2025)","_style_key":"NON_TRAFFIC_TRAIL"}},{"type":"Feature","id":926,"geometry":{"type":"LineString","coordinates":[[-6.249577995186502,53.31250780846785],[-6.2500615744329515,53.3127935381732]]},"properties":{"Infrastructure type":"NON_TRAFFIC_TRAIL","Direction":"Bi-Directional","Length (m)":45.3,"Source":"NTA Active Travel Cycle Network (Feb 2025)","_style_key":"NON_TRAFFIC_TRAIL"}},{"type":"Feature","id":929,"geometry":{"type":"LineString","coordinates":[[-6.2194013965972115,53.38050601847839],[-6.219501683303091,53.380624360220494]]},"properties":{"Infrastructure type":"NON_TRAFFIC_TRAIL","Direction":"Bi-Directional","Length (m)":15.9,"Source":"NTA Active Travel Cycle Network (Feb 2025)","_style_key":"NON_TRAFFIC_TRAIL"}},{"type":"Feature","id":930,"geometry":{"type":"LineString","coordinates":[[-6.317159999613529,53.3477100014076],[-6.316991459717734,53.348491020412894],[-6.316688566584003,53.349020093924864],[-6.316076486879264,53.3496292029187],[-6.315249999165007,53.350140000322554]]},"properties":{"Infrastructure type":"NON_TRAFFIC_TRAIL","Direction":"Bi-Directional","Length (m)":308.7,"Source":"NTA Active Travel Cycle Network (Feb 2025)","_style_key":"NON_TRAFFIC_TRAIL"}},{"type":"Feature","id":933,"geometry":{"type":"LineString","coordinates":[[-6.219834157264156,53.3816629537185],[-6.219594222814827,53.382369436405114]]},"properties":{"Infrastructure type":"NON_TRAFFIC_TRAIL","Direction":"Bi-Directional","Length (m)":80.4,"Source":"NTA Active Travel Cycle Network (Feb 2025)","_style_key":"NON_TRAFFIC_TRAIL"}},{"type":"Feature","id":934,"geometry":{"type":"LineString","coordinates":[[-6.268184545175038,53.36336454546884],[-6.2699548409231305,53.363803675562224]]},"properties":{"Infrastructure type":"NON_TRAFFIC_TRAIL","Direction":"Bi-Directional","Length (m)":128.5,"Source":"NTA Active Travel Cycle Network (Feb 2025)","_style_key":"NON_TRAFFIC_TRAIL"}},{"type":"Feature","id":935,"geometry":{"type":"LineString","coordinates":[[-6.172955500660124,53.368838444168006],[-6.175626161611375,53.36964330002973],[-6.176035551215769,53.36991021579075]]},"properties":{"Infrastructure type":"NON_TRAFFIC_TRAIL","Direction":"Bi-Directional","Length (m)":239.9,"Source":"NTA Active Travel Cycle Network (Feb 2025)","_style_key":"NON_TRAFFIC_TRAIL"}},{"type":"Feature","id":936,"geometry":{"type":"LineString","coordinates":[[-6.172786278898461,53.37208958298897],[-6.1717233923156565,53.37269349016441]]},"properties":{"Infrastructure type":"NON_TRAFFIC_TRAIL","Direction":"Bi-Directional","Length (m)":97.6,"Source":"NTA Active Travel Cycle Network (Feb 2025)","_style_key":"NON_TRAFFIC_TRAIL"}},{"type":"Feature","id":937,"geometry":{"type":"LineString","coordinates":[[-6.288202382366956,53.32279356283005],[-6.288552844954777,53.32266377016347]]},"properties":{"Infrastructure type":"NON_TRAFFIC_TRAIL","Direction":"Bi-Directional","Length (m)":27.5,"Source":"NTA Active Travel Cycle Network (Feb 2025)","_style_key":"NON_TRAFFIC_TRAIL"}},{"type":"Feature","id":938,"geometry":{"type":"LineString","coordinates":[[-6.234375664840287,53.323393122233966],[-6.235185248475252,53.32378260682418]]},"properties":{"Infrastructure type":"NON_TRAFFIC_TRAIL","Direction":"Bi-Directional","Length (m)":70.1,"Source":"NTA Active Travel Cycle Network (Feb 2025)","_style_key":"NON_TRAFFIC_TRAIL"}},{"type":"Feature","id":939,"geometry":{"type":"LineString","coordinates":[[-6.256850000909542,53.338640001079206],[-6.258219999594509,53.33906000060509]]},"properties":{"Infrastructure type":"NON_TRAFFIC_TRAIL","Direction":"Bi-Directional","Length (m)":103.1,"Source":"NTA Active Travel Cycle Network (Feb 2025)","_style_key":"NON_TRAFFIC_TRAIL"}},{"type":"Feature","id":940,"geometry":{"type":"LineString","coordinates":[[-6.212162258757182,53.31790300397754],[-6.21215848425889,53.318352358368045],[-6.212459235417444,53.31869841842341]]},"properties":{"Infrastructure type":"NON_TRAFFIC_TRAIL","Direction":"Bi-Directional","Length (m)":93.4,"Source":"NTA Active Travel Cycle Network (Feb 2025)","_style_key":"NON_TRAFFIC_TRAIL"}},{"type":"Feature","id":941,"geometry":{"type":"LineString","coordinates":[[-6.221263096462875,53.38056074301457],[-6.2202941085059065,53.38036653542353],[-6.2196199917370025,53.38067106572054]]},"properties":{"Infrastructure type":"NON_TRAFFIC_TRAIL","Direction":"Bi-Directional","Length (m)":126.3,"Source":"NTA Active Travel Cycle Network (Feb 2025)","_style_key":"NON_TRAFFIC_TRAIL"}},{"type":"Feature","id":944,"geometry":{"type":"LineString","coordinates":[[-6.329315819337884,53.379320089628926],[-6.331188876172461,53.37840466202612],[-6.331537786944393,53.378024327132664],[-6.331837438010615,53.37791178793668],[-6.334454983681482,53.377683517979044],[-6.335207478465222,53.3775334195112],[-6.336207920827763,53.37757590416992]]},"properties":{"Infrastructure type":"NON_TRAFFIC_TRAIL","Direction":"Bi-Directional","Length (m)":533.4,"Source":"NTA Active Travel Cycle Network (Feb 2025)","_style_key":"NON_TRAFFIC_TRAIL"}},{"type":"Feature","id":946,"geometry":{"type":"LineString","coordinates":[[-6.316061100818779,53.374691549440165],[-6.3160243237670235,53.37486180252322],[-6.315643467803516,53.37499124811468],[-6.31415846140408,53.37491635300206]]},"properties":{"Infrastructure type":"NON_TRAFFIC_TRAIL","Direction":"Bi-Directional","Length (m)":149.4,"Source":"NTA Active Travel Cycle Network (Feb 2025)","_style_key":"NON_TRAFFIC_TRAIL"}},{"type":"Feature","id":948,"geometry":{"type":"LineString","coordinates":[[-6.30984000088575,53.34583000056202],[-6.309339999266579,53.346210001174924]]},"properties":{"Infrastructure type":"NON_TRAFFIC_TRAIL","Direction":"Bi-Directional","Length (m)":53.9,"Source":"NTA Active Travel Cycle Network (Feb 2025)","_style_key":"NON_TRAFFIC_TRAIL"}},{"type":"Feature","id":949,"geometry":{"type":"LineString","coordinates":[[-6.2993597358175695,53.36571836804774],[-6.299760569946552,53.366218421466634],[-6.299774150842762,53.366632064475084]]},"properties":{"Infrastructure type":"NON_TRAFFIC_TRAIL","Direction":"Bi-Directional","Length (m)":108.0,"Source":"NTA Active Travel Cycle Network (Feb 2025)","_style_key":"NON_TRAFFIC_TRAIL"}},{"type":"Feature","id":950,"geometry":{"type":"LineString","coordinates":[[-6.327529999767475,53.34909000066604],[-6.332342533198711,53.34942478288838]]},"properties":{"Infrastructure type":"NON_TRAFFIC_TRAIL","Direction":"Bi-Directional","Length (m)":322.7,"Source":"NTA Active Travel Cycle Network (Feb 2025)","_style_key":"NON_TRAFFIC_TRAIL"}},{"type":"Feature","id":951,"geometry":{"type":"LineString","coordinates":[[-6.29960432005375,53.36561399693004],[-6.2993597358175695,53.36571836804774]]},"properties":{"Infrastructure type":"NON_TRAFFIC_TRAIL","Direction":"Bi-Directional","Length (m)":20.0,"Source":"NTA Active Travel Cycle Network (Feb 2025)","_style_key":"NON_TRAFFIC_TRAIL"}},{"type":"Feature","id":952,"geometry":{"type":"LineString","coordinates":[[-6.26829330818795,53.36327624306151],[-6.268184545175038,53.36336454546884]]},"properties":{"Infrastructure type":"NON_TRAFFIC_TRAIL","Direction":"Bi-Directional","Length (m)":12.2,"Source":"NTA Active Travel Cycle Network (Feb 2025)","_style_key":"NON_TRAFFIC_TRAIL"}},{"type":"Feature","id":953,"geometry":{"type":"LineString","coordinates":[[-6.221112780913082,53.37983945296307],[-6.221545439500336,53.379917805823915],[-6.222503197914974,53.380381479647724]]},"properties":{"Infrastructure type":"NON_TRAFFIC_TRAIL","Direction":"Bi-Directional","Length (m)":112.3,"Source":"NTA Active Travel Cycle Network (Feb 2025)","_style_key":"NON_TRAFFIC_TRAIL"}},{"type":"Feature","id":954,"geometry":{"type":"LineString","coordinates":[[-6.180363265287166,53.386137035647394],[-6.180151390797594,53.38616975803615]]},"properties":{"Infrastructure type":"NON_TRAFFIC_TRAIL","Direction":"Bi-Directional","Length (m)":14.6,"Source":"NTA Active Travel Cycle Network (Feb 2025)","_style_key":"NON_TRAFFIC_TRAIL"}},{"type":"Feature","id":957,"geometry":{"type":"LineString","coordinates":[[-6.316496723708903,53.37469769507262],[-6.317548227896455,53.374712522810604]]},"properties":{"Infrastructure type":"NON_TRAFFIC_TRAIL","Direction":"Bi-Directional","Length (m)":70.0,"Source":"NTA Active Travel Cycle Network (Feb 2025)","_style_key":"NON_TRAFFIC_TRAIL"}},{"type":"Feature","id":958,"geometry":{"type":"LineString","coordinates":[[-6.220307067486942,53.38221828168183],[-6.220748778724279,53.38244058214715]]},"properties":{"Infrastructure type":"NON_TRAFFIC_TRAIL","Direction":"Bi-Directional","Length (m)":38.4,"Source":"NTA Active Travel Cycle Network (Feb 2025)","_style_key":"NON_TRAFFIC_TRAIL"}},{"type":"Feature","id":959,"geometry":{"type":"LineString","coordinates":[[-6.2489749582990415,53.34849650264383],[-6.248508857916792,53.34850763747859]]},"properties":{"Infrastructure type":"NON_TRAFFIC_TRAIL","Direction":"Bi-Directional","Length (m)":31.1,"Source":"NTA Active Travel Cycle Network (Feb 2025)","_style_key":"NON_TRAFFIC_TRAIL"}},{"type":"Feature","id":960,"geometry":{"type":"LineString","coordinates":[[-6.213475959242096,53.31735643086727],[-6.213482131514399,53.31778424656218]]},"properties":{"Infrastructure type":"NON_TRAFFIC_TRAIL","Direction":"Bi-Directional","Length (m)":47.6,"Source":"NTA Active Travel Cycle Network (Feb 2025)","_style_key":"NON_TRAFFIC_TRAIL"}},{"type":"Feature","id":961,"geometry":{"type":"LineString","coordinates":[[-6.31482986512497,53.36552437899835],[-6.3148574197366765,53.3655876841981]]},"properties":{"Infrastructure type":"NON_TRAFFIC_TRAIL","Direction":"Bi-Directional","Length (m)":7.3,"Source":"NTA Active Travel Cycle Network (Feb 2025)","_style_key":"NON_TRAFFIC_TRAIL"}},{"type":"Feature","id":962,"geometry":{"type":"LineString","coordinates":[[-6.2489749582990415,53.34849650264383],[-6.2491661533152385,53.34849422658984]]},"properties":{"Infrastructure type":"NON_TRAFFIC_TRAIL","Direction":"Bi-Directional","Length (m)":12.7,"Source":"NTA Active Travel Cycle Network (Feb 2025)","_style_key":"NON_TRAFFIC_TRAIL"}},{"type":"Feature","id":965,"geometry":{"type":"LineString","coordinates":[[-6.314399301270775,53.365392465930235],[-6.31482986512497,53.36552437899835]]},"properties":{"Infrastructure type":"NON_TRAFFIC_TRAIL","Direction":"Bi-Directional","Length (m)":32.5,"Source":"NTA Active Travel Cycle Network (Feb 2025)","_style_key":"NON_TRAFFIC_TRAIL"}},{"type":"Feature","id":966,"geometry":{"type":"LineString","coordinates":[[-6.178816239206632,53.38469330897164],[-6.177013428495367,53.3850163259233]]},"properties":{"Infrastructure type":"NON_TRAFFIC_TRAIL","Direction":"Bi-Directional","Length (m)":125.8,"Source":"NTA Active Travel Cycle Network (Feb 2025)","_style_key":"NON_TRAFFIC_TRAIL"}},{"type":"Feature","id":967,"geometry":{"type":"LineString","coordinates":[[-6.3150700000819775,53.345550001598056],[-6.314130001110305,53.34559000147244]]},"properties":{"Infrastructure type":"NON_TRAFFIC_TRAIL","Direction":"Bi-Directional","Length (m)":62.8,"Source":"NTA Active Travel Cycle Network (Feb 2025)","_style_key":"NON_TRAFFIC_TRAIL"}},{"type":"Feature","id":969,"geometry":{"type":"LineString","coordinates":[[-6.234375664840287,53.323393122233966],[-6.2342613717572135,53.32361613489763]]},"properties":{"Infrastructure type":"NON_TRAFFIC_TRAIL","Direction":"Bi-Directional","Length (m)":26.4,"Source":"NTA Active Travel Cycle Network (Feb 2025)","_style_key":"NON_TRAFFIC_TRAIL"}},{"type":"Feature","id":970,"geometry":{"type":"LineString","coordinates":[[-6.225708603087224,53.33654006195005],[-6.2260295373518755,53.33712906612424]]},"properties":{"Infrastructure type":"NON_TRAFFIC_TRAIL","Direction":"Bi-Directional","Length (m)":68.9,"Source":"NTA Active Travel Cycle Network (Feb 2025)","_style_key":"NON_TRAFFIC_TRAIL"}},{"type":"Feature","id":971,"geometry":{"type":"LineString","coordinates":[[-6.332631000702525,53.3754179999624],[-6.337565999918654,53.37544400015824],[-6.345377000183677,53.37784999988186],[-6.350697999935766,53.38005200013929],[-6.3575650004310695,53.38230399999355],[-6.364516999497375,53.38250900038145],[-6.371554999576526,53.38171599988397]]},"properties":{"Infrastructure type":"NON_TRAFFIC_TRAIL","Direction":"Bi-Directional","Length (m)":2804.7,"Source":"NTA Active Travel Cycle Network (Feb 2025)","_style_key":"NON_TRAFFIC_TRAIL"}},{"type":"Feature","id":973,"geometry":{"type":"LineString","coordinates":[[-6.2500615744329515,53.3127935381732],[-6.250053489906579,53.31299115938311]]},"properties":{"Infrastructure type":"NON_TRAFFIC_TRAIL","Direction":"Bi-Directional","Length (m)":22.0,"Source":"NTA Active Travel Cycle Network (Feb 2025)","_style_key":"NON_TRAFFIC_TRAIL"}},{"type":"Feature","id":978,"geometry":{"type":"LineString","coordinates":[[-6.2792786824262175,53.37020596749943],[-6.279559999671025,53.3704100012913]]},"properties":{"Infrastructure type":"BIKE_FRIENDLY_PEDESTRIAN_PATH","Direction":"Forward","Length (m)":29.4,"Source":"NTA Active Travel Cycle Network (Feb 2025)","_style_key":"BIKE_FRIENDLY_PEDESTRIAN_PATH"}},{"type":"Feature","id":980,"geometry":{"type":"LineString","coordinates":[[-6.22673709541537,53.3496608365321],[-6.226757096899228,53.34950083633106]]},"properties":{"Infrastructure type":"BIKE_FRIENDLY_PEDESTRIAN_PATH","Direction":"Forward","Length (m)":17.9,"Source":"NTA Active Travel Cycle Network (Feb 2025)","_style_key":"BIKE_FRIENDLY_PEDESTRIAN_PATH"}},{"type":"Feature","id":981,"geometry":{"type":"LineString","coordinates":[[-6.226757096899228,53.34950083633106],[-6.226833026062483,53.34899737508421]]},"properties":{"Infrastructure type":"BIKE_FRIENDLY_PEDESTRIAN_PATH","Direction":"Forward","Length (m)":56.3,"Source":"NTA Active Travel Cycle Network (Feb 2025)","_style_key":"BIKE_FRIENDLY_PEDESTRIAN_PATH"}},{"type":"Feature","id":983,"geometry":{"type":"LineString","coordinates":[[-6.226557093869257,53.350020835033035],[-6.22673709541537,53.3496608365321]]},"properties":{"Infrastructure type":"BIKE_FRIENDLY_PEDESTRIAN_PATH","Direction":"Forward","Length (m)":41.9,"Source":"NTA Active Travel Cycle Network (Feb 2025)","_style_key":"BIKE_FRIENDLY_PEDESTRIAN_PATH"}},{"type":"Feature","id":994,"geometry":{"type":"LineString","coordinates":[[-6.245495712003058,53.33441463327317],[-6.240569366872127,53.33761436306326]]},"properties":{"Infrastructure type":"SEPARATE_TRAIL","Direction":"Bi-Directional","Length (m)":484.5,"Source":"NTA Active Travel Cycle Network (Feb 2025)","_style_key":"SEPARATE_TRAIL"}},{"type":"Feature","id":995,"geometry":{"type":"LineString","coordinates":[[-6.264192066150987,53.33019093114032],[-6.261189754554899,53.33033937230241],[-6.260296755857289,53.33051510310753]]},"properties":{"Infrastructure type":"SEPARATE_TRAIL","Direction":"Bi-Directional","Length (m)":263.3,"Source":"NTA Active Travel Cycle Network (Feb 2025)","_style_key":"SEPARATE_TRAIL"}},{"type":"Feature","id":1011,"geometry":{"type":"LineString","coordinates":[[-6.238823193244309,53.34406872621008],[-6.239546475023347,53.34437600981016]]},"properties":{"Infrastructure type":"NON_TRAFFIC_TRAIL","Direction":"Bi-Directional","Length (m)":59.1,"Source":"NTA Active Travel Cycle Network (Feb 2025)","_style_key":"NON_TRAFFIC_TRAIL"}},{"type":"Feature","id":1014,"geometry":{"type":"LineString","coordinates":[[-6.2196199917370025,53.38067106572054],[-6.219556557811223,53.38111053748078],[-6.219834157264156,53.3816629537185]]},"properties":{"Infrastructure type":"NON_TRAFFIC_TRAIL","Direction":"Bi-Directional","Length (m)":114.1,"Source":"NTA Active Travel Cycle Network (Feb 2025)","_style_key":"NON_TRAFFIC_TRAIL"}},{"type":"Feature","id":1015,"geometry":{"type":"LineString","coordinates":[[-6.252513631656927,53.35158636825942],[-6.253014834823577,53.35218692345196]]},"properties":{"Infrastructure type":"NON_TRAFFIC_TRAIL","Direction":"Bi-Directional","Length (m)":74.7,"Source":"NTA Active Travel Cycle Network (Feb 2025)","_style_key":"NON_TRAFFIC_TRAIL"}},{"type":"Feature","id":1018,"geometry":{"type":"LineString","coordinates":[[-6.260180821517643,53.33057244456012],[-6.259524877668964,53.33078800358535],[-6.253129999480854,53.332050001273515],[-6.252989015308491,53.33217060414244]]},"properties":{"Infrastructure type":"SEPARATE_TRAIL","Direction":"Bi-Directional","Length (m)":517.5,"Source":"NTA Active Travel Cycle Network (Feb 2025)","_style_key":"SEPARATE_TRAIL"}},{"type":"Feature","id":1019,"geometry":{"type":"LineString","coordinates":[[-6.250789985687414,53.314799597678196],[-6.2513877796369535,53.314862292464845]]},"properties":{"Infrastructure type":"NON_TRAFFIC_TRAIL","Direction":"Bi-Directional","Length (m)":40.9,"Source":"NTA Active Travel Cycle Network (Feb 2025)","_style_key":"NON_TRAFFIC_TRAIL"}},{"type":"Feature","id":1020,"geometry":{"type":"LineString","coordinates":[[-6.354116660589262,53.35714763178257],[-6.354608156169531,53.35764874851981]]},"properties":{"Infrastructure type":"NON_TRAFFIC_TRAIL","Direction":"Bi-Directional","Length (m)":64.9,"Source":"NTA Active Travel Cycle Network (Feb 2025)","_style_key":"NON_TRAFFIC_TRAIL"}},{"type":"Feature","id":1022,"geometry":{"type":"LineString","coordinates":[[-6.220748778724279,53.38244058214715],[-6.220654517467405,53.382538046232284]]},"properties":{"Infrastructure type":"NON_TRAFFIC_TRAIL","Direction":"Bi-Directional","Length (m)":12.5,"Source":"NTA Active Travel Cycle Network (Feb 2025)","_style_key":"NON_TRAFFIC_TRAIL"}},{"type":"Feature","id":1023,"geometry":{"type":"LineString","coordinates":[[-6.180491638088542,53.3848896367331],[-6.180069434110585,53.38491915238272]]},"properties":{"Infrastructure type":"NON_TRAFFIC_TRAIL","Direction":"Bi-Directional","Length (m)":28.3,"Source":"NTA Active Travel Cycle Network (Feb 2025)","_style_key":"NON_TRAFFIC_TRAIL"}},{"type":"Feature","id":1024,"geometry":{"type":"LineString","coordinates":[[-6.315036092252037,53.36524866256124],[-6.31482986512497,53.36552437899835]]},"properties":{"Infrastructure type":"NON_TRAFFIC_TRAIL","Direction":"Bi-Directional","Length (m)":34.3,"Source":"NTA Active Travel Cycle Network (Feb 2025)","_style_key":"NON_TRAFFIC_TRAIL"}},{"type":"Feature","id":1025,"geometry":{"type":"LineString","coordinates":[[-6.2491661533152385,53.34849422658984],[-6.249828419738132,53.34856295377638]]},"properties":{"Infrastructure type":"NON_TRAFFIC_TRAIL","Direction":"Bi-Directional","Length (m)":44.8,"Source":"NTA Active Travel Cycle Network (Feb 2025)","_style_key":"NON_TRAFFIC_TRAIL"}},{"type":"Feature","id":1026,"geometry":{"type":"LineString","coordinates":[[-6.249594832153845,53.312463114699014],[-6.250265382695723,53.31258081218924]]},"properties":{"Infrastructure type":"NON_TRAFFIC_TRAIL","Direction":"Bi-Directional","Length (m)":48.9,"Source":"NTA Active Travel Cycle Network (Feb 2025)","_style_key":"NON_TRAFFIC_TRAIL"}},{"type":"Feature","id":1027,"geometry":{"type":"LineString","coordinates":[[-6.30195689845567,53.35822337733966],[-6.301844645517729,53.35840154072781]]},"properties":{"Infrastructure type":"NON_TRAFFIC_TRAIL","Direction":"Bi-Directional","Length (m)":21.2,"Source":"NTA Active Travel Cycle Network (Feb 2025)","_style_key":"NON_TRAFFIC_TRAIL"}},{"type":"Feature","id":1029,"geometry":{"type":"LineString","coordinates":[[-6.17904274780342,53.384669800434224],[-6.178816239206632,53.38469330897164]]},"properties":{"Infrastructure type":"NON_TRAFFIC_TRAIL","Direction":"Bi-Directional","Length (m)":15.3,"Source":"NTA Active Travel Cycle Network (Feb 2025)","_style_key":"NON_TRAFFIC_TRAIL"}},{"type":"Feature","id":1030,"geometry":{"type":"LineString","coordinates":[[-6.219553722228518,53.3876628334067],[-6.219361045849005,53.38795656693382]]},"properties":{"Infrastructure type":"NON_TRAFFIC_TRAIL","Direction":"Bi-Directional","Length (m)":35.1,"Source":"NTA Active Travel Cycle Network (Feb 2025)","_style_key":"NON_TRAFFIC_TRAIL"}},{"type":"Feature","id":1031,"geometry":{"type":"LineString","coordinates":[[-6.256670000757225,53.33853000136664],[-6.256850000909542,53.338640001079206]]},"properties":{"Infrastructure type":"NON_TRAFFIC_TRAIL","Direction":"Bi-Directional","Length (m)":17.1,"Source":"NTA Active Travel Cycle Network (Feb 2025)","_style_key":"NON_TRAFFIC_TRAIL"}},{"type":"Feature","id":1053,"geometry":{"type":"LineString","coordinates":[[-6.226947099408702,53.348280836616645],[-6.226971923579201,53.34808917803046]]},"properties":{"Infrastructure type":"BIKE_FRIENDLY_PEDESTRIAN_PATH","Direction":"Forward","Length (m)":21.4,"Source":"NTA Active Travel Cycle Network (Feb 2025)","_style_key":"BIKE_FRIENDLY_PEDESTRIAN_PATH"}},{"type":"Feature","id":1058,"geometry":{"type":"LineString","coordinates":[[-6.314544748892245,53.36513386783467],[-6.314399301270775,53.365392465930235]]},"properties":{"Infrastructure type":"NON_TRAFFIC_TRAIL","Direction":"Bi-Directional","Length (m)":30.4,"Source":"NTA Active Travel Cycle Network (Feb 2025)","_style_key":"NON_TRAFFIC_TRAIL"}},{"type":"Feature","id":1059,"geometry":{"type":"LineString","coordinates":[[-6.314424227536909,53.373895474496635],[-6.312333443338919,53.37393783131982]]},"properties":{"Infrastructure type":"NON_TRAFFIC_TRAIL","Direction":"Bi-Directional","Length (m)":140.2,"Source":"NTA Active Travel Cycle Network (Feb 2025)","_style_key":"NON_TRAFFIC_TRAIL"}},{"type":"Feature","id":1082,"geometry":{"type":"LineString","coordinates":[[-6.301844645517729,53.35840154072781],[-6.302795293741575,53.35867571892158]]},"properties":{"Infrastructure type":"NON_TRAFFIC_TRAIL","Direction":"Bi-Directional","Length (m)":70.3,"Source":"NTA Active Travel Cycle Network (Feb 2025)","_style_key":"NON_TRAFFIC_TRAIL"}},{"type":"Feature","id":1086,"geometry":{"type":"LineString","coordinates":[[-6.178136048163158,53.36893562381778],[-6.176794541646078,53.3697330618449]]},"properties":{"Infrastructure type":"NON_TRAFFIC_TRAIL","Direction":"Bi-Directional","Length (m)":126.3,"Source":"NTA Active Travel Cycle Network (Feb 2025)","_style_key":"NON_TRAFFIC_TRAIL"}},{"type":"Feature","id":1088,"geometry":{"type":"LineString","coordinates":[[-6.249878367513402,53.31433681576288],[-6.25007226191272,53.31436662528066],[-6.250106971551188,53.314618803350726],[-6.250554028249981,53.314697267004505]]},"properties":{"Infrastructure type":"NON_TRAFFIC_TRAIL","Direction":"Bi-Directional","Length (m)":72.6,"Source":"NTA Active Travel Cycle Network (Feb 2025)","_style_key":"NON_TRAFFIC_TRAIL"}},{"type":"Feature","id":1095,"geometry":{"type":"LineString","coordinates":[[-6.225769836818732,53.363967418562076],[-6.222926613863255,53.365464781264585]]},"properties":{"Infrastructure type":"NON_TRAFFIC_TRAIL","Direction":"Bi-Directional","Length (m)":252.5,"Source":"NTA Active Travel Cycle Network (Feb 2025)","_style_key":"NON_TRAFFIC_TRAIL"}},{"type":"Feature","id":1100,"geometry":{"type":"LineString","coordinates":[[-6.180053197155406,53.38635701242944],[-6.180065156087235,53.386429100151275]]},"properties":{"Infrastructure type":"NON_TRAFFIC_TRAIL","Direction":"Bi-Directional","Length (m)":8.1,"Source":"NTA Active Travel Cycle Network (Feb 2025)","_style_key":"NON_TRAFFIC_TRAIL"}},{"type":"Feature","id":1101,"geometry":{"type":"LineString","coordinates":[[-6.347620979340365,53.3423663576476],[-6.348207775095693,53.34228293852994],[-6.348594563871176,53.34197679031317]]},"properties":{"Infrastructure type":"BIKE_FRIENDLY_PEDESTRIAN_PATH","Direction":"Forward","Length (m)":83.7,"Source":"NTA Active Travel Cycle Network (Feb 2025)","_style_key":"BIKE_FRIENDLY_PEDESTRIAN_PATH"}},{"type":"Feature","id":1103,"geometry":{"type":"LineString","coordinates":[[-6.176290049019564,53.36958154195261],[-6.176035551215769,53.36991021579075]]},"properties":{"Infrastructure type":"NON_TRAFFIC_TRAIL","Direction":"Bi-Directional","Length (m)":40.3,"Source":"NTA Active Travel Cycle Network (Feb 2025)","_style_key":"NON_TRAFFIC_TRAIL"}},{"type":"Feature","id":1106,"geometry":{"type":"LineString","coordinates":[[-6.222503197914974,53.380381479647724],[-6.221895551050543,53.380534214571085],[-6.221263096462875,53.38056074301457]]},"properties":{"Infrastructure type":"NON_TRAFFIC_TRAIL","Direction":"Bi-Directional","Length (m)":86.7,"Source":"NTA Active Travel Cycle Network (Feb 2025)","_style_key":"NON_TRAFFIC_TRAIL"}},{"type":"Feature","id":1107,"geometry":{"type":"LineString","coordinates":[[-6.328526188844861,53.33419728692593],[-6.334311899985941,53.33350699930477]]},"properties":{"Infrastructure type":"NON_TRAFFIC_TRAIL","Direction":"Bi-Directional","Length (m)":393.6,"Source":"NTA Active Travel Cycle Network (Feb 2025)","_style_key":"NON_TRAFFIC_TRAIL"}},{"type":"Feature","id":1109,"geometry":{"type":"LineString","coordinates":[[-6.248508857916792,53.34850763747859],[-6.248345302561384,53.34956583533782]]},"properties":{"Infrastructure type":"NON_TRAFFIC_TRAIL","Direction":"Bi-Directional","Length (m)":118.3,"Source":"NTA Active Travel Cycle Network (Feb 2025)","_style_key":"NON_TRAFFIC_TRAIL"}},{"type":"Feature","id":1111,"geometry":{"type":"LineString","coordinates":[[-6.350524968707904,53.356396974929844],[-6.351019780238925,53.35642178977394]]},"properties":{"Infrastructure type":"NON_TRAFFIC_TRAIL","Direction":"Bi-Directional","Length (m)":33.1,"Source":"NTA Active Travel Cycle Network (Feb 2025)","_style_key":"NON_TRAFFIC_TRAIL"}},{"type":"Feature","id":1113,"geometry":{"type":"LineString","coordinates":[[-6.281753261692139,53.36447747362815],[-6.28194254343536,53.36500150632852],[-6.281964265335624,53.365208544408716],[-6.281853717848174,53.365341773704195],[-6.281943299886612,53.36572954995051]]},"properties":{"Infrastructure type":"NON_TRAFFIC_TRAIL","Direction":"Bi-Directional","Length (m)":143.1,"Source":"NTA Active Travel Cycle Network (Feb 2025)","_style_key":"NON_TRAFFIC_TRAIL"}},{"type":"Feature","id":1117,"geometry":{"type":"LineString","coordinates":[[-6.334311899985941,53.33350699930477],[-6.345788087319818,53.33213793728546]]},"properties":{"Infrastructure type":"NON_TRAFFIC_TRAIL","Direction":"Bi-Directional","Length (m)":779.8,"Source":"NTA Active Travel Cycle Network (Feb 2025)","_style_key":"NON_TRAFFIC_TRAIL"}},{"type":"Feature","id":1119,"geometry":{"type":"LineString","coordinates":[[-6.260063204766434,53.36170045481548],[-6.271197016747188,53.364298045799636]]},"properties":{"Infrastructure type":"NON_TRAFFIC_TRAIL","Direction":"Bi-Directional","Length (m)":796.1,"Source":"NTA Active Travel Cycle Network (Feb 2025)","_style_key":"NON_TRAFFIC_TRAIL"}},{"type":"Feature","id":1120,"geometry":{"type":"LineString","coordinates":[[-6.225344147988143,53.33591445667767],[-6.225708603087224,53.33654006195005]]},"properties":{"Infrastructure type":"NON_TRAFFIC_TRAIL","Direction":"Bi-Directional","Length (m)":73.7,"Source":"NTA Active Travel Cycle Network (Feb 2025)","_style_key":"NON_TRAFFIC_TRAIL"}},{"type":"Feature","id":1123,"geometry":{"type":"LineString","coordinates":[[-6.18270656755083,53.38442004417006],[-6.182475087545268,53.384560330156894]]},"properties":{"Infrastructure type":"NON_TRAFFIC_TRAIL","Direction":"Bi-Directional","Length (m)":22.0,"Source":"NTA Active Travel Cycle Network (Feb 2025)","_style_key":"NON_TRAFFIC_TRAIL"}},{"type":"Feature","id":1124,"geometry":{"type":"LineString","coordinates":[[-6.3127517641807955,53.37476165443684],[-6.313905224488238,53.37485884763753]]},"properties":{"Infrastructure type":"NON_TRAFFIC_TRAIL","Direction":"Bi-Directional","Length (m)":78.3,"Source":"NTA Active Travel Cycle Network (Feb 2025)","_style_key":"NON_TRAFFIC_TRAIL"}},{"type":"Feature","id":1130,"geometry":{"type":"LineString","coordinates":[[-6.311588618312507,53.3745294929403],[-6.312363692264792,53.374693251502926]]},"properties":{"Infrastructure type":"NON_TRAFFIC_TRAIL","Direction":"Bi-Directional","Length (m)":56.4,"Source":"NTA Active Travel Cycle Network (Feb 2025)","_style_key":"NON_TRAFFIC_TRAIL"}},{"type":"Feature","id":1134,"geometry":{"type":"LineString","coordinates":[[-6.172426056776364,53.36962129916917],[-6.174480178296316,53.370084173282834]]},"properties":{"Infrastructure type":"NON_TRAFFIC_TRAIL","Direction":"Bi-Directional","Length (m)":146.1,"Source":"NTA Active Travel Cycle Network (Feb 2025)","_style_key":"NON_TRAFFIC_TRAIL"}},{"type":"Feature","id":1137,"geometry":{"type":"LineString","coordinates":[[-6.313905224488238,53.37485884763753],[-6.31415846140408,53.37491635300206]]},"properties":{"Infrastructure type":"NON_TRAFFIC_TRAIL","Direction":"Bi-Directional","Length (m)":18.0,"Source":"NTA Active Travel Cycle Network (Feb 2025)","_style_key":"NON_TRAFFIC_TRAIL"}},{"type":"Feature","id":1138,"geometry":{"type":"LineString","coordinates":[[-6.249769031762668,53.348912619489454],[-6.24971516330066,53.34912754426084]]},"properties":{"Infrastructure type":"NON_TRAFFIC_TRAIL","Direction":"Bi-Directional","Length (m)":24.2,"Source":"NTA Active Travel Cycle Network (Feb 2025)","_style_key":"NON_TRAFFIC_TRAIL"}},{"type":"Feature","id":1139,"geometry":{"type":"LineString","coordinates":[[-6.249828419738132,53.34856295377638],[-6.249769031762668,53.348912619489454]]},"properties":{"Infrastructure type":"NON_TRAFFIC_TRAIL","Direction":"Bi-Directional","Length (m)":39.1,"Source":"NTA Active Travel Cycle Network (Feb 2025)","_style_key":"NON_TRAFFIC_TRAIL"}},{"type":"Feature","id":1147,"geometry":{"type":"LineString","coordinates":[[-6.238549413891838,53.34356234852428],[-6.23952402121389,53.343827401597935]]},"properties":{"Infrastructure type":"NON_TRAFFIC_TRAIL","Direction":"Bi-Directional","Length (m)":71.3,"Source":"NTA Active Travel Cycle Network (Feb 2025)","_style_key":"NON_TRAFFIC_TRAIL"}},{"type":"Feature","id":1154,"geometry":{"type":"LineString","coordinates":[[-6.314639490019107,53.37377268249116],[-6.314424227536909,53.373895474496635]]},"properties":{"Infrastructure type":"NON_TRAFFIC_TRAIL","Direction":"Bi-Directional","Length (m)":20.6,"Source":"NTA Active Travel Cycle Network (Feb 2025)","_style_key":"NON_TRAFFIC_TRAIL"}},{"type":"Feature","id":1155,"geometry":{"type":"LineString","coordinates":[[-6.222926613863255,53.365464781264585],[-6.22355869601863,53.36603522124595]]},"properties":{"Infrastructure type":"NON_TRAFFIC_TRAIL","Direction":"Bi-Directional","Length (m)":76.2,"Source":"NTA Active Travel Cycle Network (Feb 2025)","_style_key":"NON_TRAFFIC_TRAIL"}},{"type":"Feature","id":1158,"geometry":{"type":"LineString","coordinates":[[-6.314889999856145,53.35585000040948],[-6.314370000469675,53.35620000087803],[-6.313389998884939,53.356580001121074]]},"properties":{"Infrastructure type":"NON_TRAFFIC_TRAIL","Direction":"Bi-Directional","Length (m)":130.4,"Source":"NTA Active Travel Cycle Network (Feb 2025)","_style_key":"NON_TRAFFIC_TRAIL"}},{"type":"Feature","id":1163,"geometry":{"type":"LineString","coordinates":[[-6.163657036627447,53.408138418516124],[-6.165292148741238,53.40806222940867],[-6.1712978626968145,53.40676265617088],[-6.173235862344711,53.40656192803166]]},"properties":{"Infrastructure type":"BIKE_FRIENDLY_PEDESTRIAN_PATH","Direction":"Forward","Length (m)":666.7,"Source":"NTA Active Travel Cycle Network (Feb 2025)","_style_key":"BIKE_FRIENDLY_PEDESTRIAN_PATH"}},{"type":"Feature","id":1164,"geometry":{"type":"LineString","coordinates":[[-6.338339999372412,53.345010000261574],[-6.336669999715914,53.34512000095468],[-6.334650000298427,53.345690000440584],[-6.333439999609847,53.345760001304235]]},"properties":{"Infrastructure type":"NON_TRAFFIC_TRAIL","Direction":"Bi-Directional","Length (m)":343.2,"Source":"NTA Active Travel Cycle Network (Feb 2025)","_style_key":"NON_TRAFFIC_TRAIL"}},{"type":"Feature","id":1168,"geometry":{"type":"LineString","coordinates":[[-6.232404273075394,53.36280550594137],[-6.233034032612666,53.36378989548253]]},"properties":{"Infrastructure type":"NON_TRAFFIC_TRAIL","Direction":"Bi-Directional","Length (m)":117.3,"Source":"NTA Active Travel Cycle Network (Feb 2025)","_style_key":"NON_TRAFFIC_TRAIL"}},{"type":"Feature","id":1169,"geometry":{"type":"LineString","coordinates":[[-6.264981452830257,53.3457920866498],[-6.2651219250810035,53.346193390088466]]},"properties":{"Infrastructure type":"NON_TRAFFIC_TRAIL","Direction":"Bi-Directional","Length (m)":45.7,"Source":"NTA Active Travel Cycle Network (Feb 2025)","_style_key":"NON_TRAFFIC_TRAIL"}},{"type":"Feature","id":1170,"geometry":{"type":"LineString","coordinates":[[-6.226803522119118,53.33838094071162],[-6.227070041773114,53.33883431037421]]},"properties":{"Infrastructure type":"NON_TRAFFIC_TRAIL","Direction":"Bi-Directional","Length (m)":53.5,"Source":"NTA Active Travel Cycle Network (Feb 2025)","_style_key":"NON_TRAFFIC_TRAIL"}},{"type":"Feature","id":1172,"geometry":{"type":"LineString","coordinates":[[-6.344700000198218,53.36034000058005],[-6.338935728429933,53.36163088483734]]},"properties":{"Infrastructure type":"NON_TRAFFIC_TRAIL","Direction":"Bi-Directional","Length (m)":410.0,"Source":"NTA Active Travel Cycle Network (Feb 2025)","_style_key":"NON_TRAFFIC_TRAIL"}},{"type":"Feature","id":1175,"geometry":{"type":"LineString","coordinates":[[-6.179066206070433,53.384472418465485],[-6.17904274780342,53.384669800434224]]},"properties":{"Infrastructure type":"NON_TRAFFIC_TRAIL","Direction":"Bi-Directional","Length (m)":22.0,"Source":"NTA Active Travel Cycle Network (Feb 2025)","_style_key":"NON_TRAFFIC_TRAIL"}},{"type":"Feature","id":1176,"geometry":{"type":"LineString","coordinates":[[-6.291748964038431,53.371532783710535],[-6.299697135426416,53.373093359543546]]},"properties":{"Infrastructure type":"NON_TRAFFIC_TRAIL","Direction":"Bi-Directional","Length (m)":556.9,"Source":"NTA Active Travel Cycle Network (Feb 2025)","_style_key":"NON_TRAFFIC_TRAIL"}},{"type":"Feature","id":1177,"geometry":{"type":"LineString","coordinates":[[-6.227070041773114,53.33883431037421],[-6.227461954887301,53.33952323491378]]},"properties":{"Infrastructure type":"NON_TRAFFIC_TRAIL","Direction":"Bi-Directional","Length (m)":81.0,"Source":"NTA Active Travel Cycle Network (Feb 2025)","_style_key":"NON_TRAFFIC_TRAIL"}},{"type":"Feature","id":1178,"geometry":{"type":"LineString","coordinates":[[-6.313349999734975,53.34563000077831],[-6.30984000088575,53.34583000056202]]},"properties":{"Infrastructure type":"NON_TRAFFIC_TRAIL","Direction":"Bi-Directional","Length (m)":234.9,"Source":"NTA Active Travel Cycle Network (Feb 2025)","_style_key":"NON_TRAFFIC_TRAIL"}},{"type":"Feature","id":1180,"geometry":{"type":"LineString","coordinates":[[-6.271207069668469,53.323959588560534],[-6.272265771349921,53.32413671430296]]},"properties":{"Infrastructure type":"NON_TRAFFIC_TRAIL","Direction":"Bi-Directional","Length (m)":73.2,"Source":"NTA Active Travel Cycle Network (Feb 2025)","_style_key":"NON_TRAFFIC_TRAIL"}},{"type":"Feature","id":1181,"geometry":{"type":"LineString","coordinates":[[-6.255900647864198,53.36759879480509],[-6.255659220791245,53.36799074210333],[-6.255732478906206,53.36803675334447],[-6.256570611505126,53.367752393878185],[-6.257093694383761,53.36782295125863]]},"properties":{"Infrastructure type":"NON_TRAFFIC_TRAIL","Direction":"Bi-Directional","Length (m)":154.0,"Source":"NTA Active Travel Cycle Network (Feb 2025)","_style_key":"NON_TRAFFIC_TRAIL"}},{"type":"Feature","id":1183,"geometry":{"type":"LineString","coordinates":[[-6.22156636277667,53.38194044464503],[-6.221591916605575,53.38204868283464],[-6.221315925271961,53.38253891666291]]},"properties":{"Infrastructure type":"NON_TRAFFIC_TRAIL","Direction":"Bi-Directional","Length (m)":69.7,"Source":"NTA Active Travel Cycle Network (Feb 2025)","_style_key":"NON_TRAFFIC_TRAIL"}},{"type":"Feature","id":1187,"geometry":{"type":"LineString","coordinates":[[-6.317548227896455,53.374712522810604],[-6.3188254095003655,53.37472153246187]]},"properties":{"Infrastructure type":"NON_TRAFFIC_TRAIL","Direction":"Bi-Directional","Length (m)":85.0,"Source":"NTA Active Travel Cycle Network (Feb 2025)","_style_key":"NON_TRAFFIC_TRAIL"}},{"type":"Feature","id":1189,"geometry":{"type":"LineString","coordinates":[[-6.314074009585136,53.37477135201776],[-6.313905224488238,53.37485884763753]]},"properties":{"Infrastructure type":"NON_TRAFFIC_TRAIL","Direction":"Bi-Directional","Length (m)":14.9,"Source":"NTA Active Travel Cycle Network (Feb 2025)","_style_key":"NON_TRAFFIC_TRAIL"}},{"type":"Feature","id":1190,"geometry":{"type":"LineString","coordinates":[[-6.2967338710067535,53.36373950170309],[-6.295375440226606,53.36426837537155]]},"properties":{"Infrastructure type":"NON_TRAFFIC_TRAIL","Direction":"Bi-Directional","Length (m)":109.8,"Source":"NTA Active Travel Cycle Network (Feb 2025)","_style_key":"NON_TRAFFIC_TRAIL"}},{"type":"Feature","id":1193,"geometry":{"type":"LineString","coordinates":[[-6.314947486578414,53.37396577953997],[-6.315714765050871,53.374327142286084],[-6.316061100818779,53.374691549440165]]},"properties":{"Infrastructure type":"NON_TRAFFIC_TRAIL","Direction":"Bi-Directional","Length (m)":111.8,"Source":"NTA Active Travel Cycle Network (Feb 2025)","_style_key":"NON_TRAFFIC_TRAIL"}},{"type":"Feature","id":1199,"geometry":{"type":"LineString","coordinates":[[-6.249072069853996,53.312401512213775],[-6.249594832153845,53.312463114699014]]},"properties":{"Infrastructure type":"NON_TRAFFIC_TRAIL","Direction":"Bi-Directional","Length (m)":35.5,"Source":"NTA Active Travel Cycle Network (Feb 2025)","_style_key":"NON_TRAFFIC_TRAIL"}},{"type":"Feature","id":1200,"geometry":{"type":"LineString","coordinates":[[-6.180151390797594,53.38616975803615],[-6.180053197155406,53.38635701242944]]},"properties":{"Infrastructure type":"NON_TRAFFIC_TRAIL","Direction":"Bi-Directional","Length (m)":21.8,"Source":"NTA Active Travel Cycle Network (Feb 2025)","_style_key":"NON_TRAFFIC_TRAIL"}},{"type":"Feature","id":1201,"geometry":{"type":"LineString","coordinates":[[-6.271197016747188,53.364298045799636],[-6.271735839884581,53.36441968639791]]},"properties":{"Infrastructure type":"NON_TRAFFIC_TRAIL","Direction":"Bi-Directional","Length (m)":38.3,"Source":"NTA Active Travel Cycle Network (Feb 2025)","_style_key":"NON_TRAFFIC_TRAIL"}},{"type":"Feature","id":1202,"geometry":{"type":"LineString","coordinates":[[-6.256580000962386,53.33787000091605],[-6.2564499994728395,53.338130000766434]]},"properties":{"Infrastructure type":"NON_TRAFFIC_TRAIL","Direction":"Bi-Directional","Length (m)":31.2,"Source":"NTA Active Travel Cycle Network (Feb 2025)","_style_key":"NON_TRAFFIC_TRAIL"}},{"type":"Feature","id":1204,"geometry":{"type":"LineString","coordinates":[[-6.314544748892245,53.36513386783467],[-6.315036092252037,53.36524866256124]]},"properties":{"Infrastructure type":"NON_TRAFFIC_TRAIL","Direction":"Bi-Directional","Length (m)":37.2,"Source":"NTA Active Travel Cycle Network (Feb 2025)","_style_key":"NON_TRAFFIC_TRAIL"}},{"type":"Feature","id":1207,"geometry":{"type":"LineString","coordinates":[[-6.2581002993435915,53.36336343178306],[-6.257778453637669,53.36377947226094]]},"properties":{"Infrastructure type":"BIKE_FRIENDLY_PEDESTRIAN_PATH","Direction":"Forward","Length (m)":52.1,"Source":"NTA Active Travel Cycle Network (Feb 2025)","_style_key":"BIKE_FRIENDLY_PEDESTRIAN_PATH"}},{"type":"Feature","id":1210,"geometry":{"type":"LineString","coordinates":[[-6.270080985027458,53.3042951772337],[-6.269088944528115,53.30396619715377],[-6.268636512070408,53.30402254673883],[-6.268098553232323,53.30433830927374],[-6.26772372973363,53.30470137996151],[-6.267304572570932,53.30575741815845],[-6.266877952980487,53.30608593550441]]},"properties":{"Infrastructure type":"NON_TRAFFIC_TRAIL","Direction":"Bi-Directional","Length (m)":372.2,"Source":"NTA Active Travel Cycle Network (Feb 2025)","_style_key":"NON_TRAFFIC_TRAIL"}},{"type":"Feature","id":1211,"geometry":{"type":"LineString","coordinates":[[-6.309108793550872,53.40174283710316],[-6.3092305299332825,53.40193800759123],[-6.309182434889347,53.40202065660438],[-6.3085292521763225,53.40222711057627]]},"properties":{"Infrastructure type":"BIKE_FRIENDLY_PEDESTRIAN_PATH","Direction":"Forward","Length (m)":82.6,"Source":"NTA Active Travel Cycle Network (Feb 2025)","_style_key":"BIKE_FRIENDLY_PEDESTRIAN_PATH"}},{"type":"Feature","id":1219,"geometry":{"type":"LineString","coordinates":[[-6.182602267097208,53.384751018350016],[-6.180999772593107,53.38496029912378],[-6.180491638088542,53.3848896367331]]},"properties":{"Infrastructure type":"NON_TRAFFIC_TRAIL","Direction":"Bi-Directional","Length (m)":144.3,"Source":"NTA Active Travel Cycle Network (Feb 2025)","_style_key":"NON_TRAFFIC_TRAIL"}},{"type":"Feature","id":1221,"geometry":{"type":"LineString","coordinates":[[-6.222557134021695,53.37944751840713],[-6.222431342010706,53.37958046677024],[-6.222533505886607,53.379653893294375],[-6.222503197914974,53.380381479647724]]},"properties":{"Infrastructure type":"NON_TRAFFIC_TRAIL","Direction":"Bi-Directional","Length (m)":109.4,"Source":"NTA Active Travel Cycle Network (Feb 2025)","_style_key":"NON_TRAFFIC_TRAIL"}},{"type":"Feature","id":1235,"geometry":{"type":"LineString","coordinates":[[-6.240817267595552,53.34927547193751],[-6.240634669406811,53.35043702627986]]},"properties":{"Infrastructure type":"BIKE_FRIENDLY_PEDESTRIAN_PATH","Direction":"Bi-Directional","Length (m)":129.8,"Source":"NTA Active Travel Cycle Network (Feb 2025)","_style_key":"BIKE_FRIENDLY_PEDESTRIAN_PATH"}},{"type":"Feature","id":1243,"geometry":{"type":"LineString","coordinates":[[-6.219474010856137,53.38669092798435],[-6.219453765735815,53.38717598418418]]},"properties":{"Infrastructure type":"NON_TRAFFIC_TRAIL","Direction":"Bi-Directional","Length (m)":54.1,"Source":"NTA Active Travel Cycle Network (Feb 2025)","_style_key":"NON_TRAFFIC_TRAIL"}},{"type":"Feature","id":1257,"geometry":{"type":"LineString","coordinates":[[-6.303096955783409,53.33709070304195],[-6.299263798723718,53.337566415447505]]},"properties":{"Infrastructure type":"NON_TRAFFIC_TRAIL","Direction":"Bi-Directional","Length (m)":262.3,"Source":"NTA Active Travel Cycle Network (Feb 2025)","_style_key":"NON_TRAFFIC_TRAIL"}},{"type":"Feature","id":1258,"geometry":{"type":"LineString","coordinates":[[-6.250937286548464,53.31339960319653],[-6.251126770354079,53.31353720440678]]},"properties":{"Infrastructure type":"NON_TRAFFIC_TRAIL","Direction":"Bi-Directional","Length (m)":19.8,"Source":"NTA Active Travel Cycle Network (Feb 2025)","_style_key":"NON_TRAFFIC_TRAIL"}},{"type":"Feature","id":1261,"geometry":{"type":"LineString","coordinates":[[-6.2651219250810035,53.346193390088466],[-6.265136050413918,53.346261399071174]]},"properties":{"Infrastructure type":"NON_TRAFFIC_TRAIL","Direction":"Bi-Directional","Length (m)":7.6,"Source":"NTA Active Travel Cycle Network (Feb 2025)","_style_key":"NON_TRAFFIC_TRAIL"}},{"type":"Feature","id":1263,"geometry":{"type":"LineString","coordinates":[[-6.225344147988143,53.33591445667767],[-6.224779772861796,53.334929424824935]]},"properties":{"Infrastructure type":"NON_TRAFFIC_TRAIL","Direction":"Bi-Directional","Length (m)":115.9,"Source":"NTA Active Travel Cycle Network (Feb 2025)","_style_key":"NON_TRAFFIC_TRAIL"}},{"type":"Feature","id":1264,"geometry":{"type":"LineString","coordinates":[[-6.250075036522145,53.31319820352086],[-6.250280985806309,53.31330009499531]]},"properties":{"Infrastructure type":"NON_TRAFFIC_TRAIL","Direction":"Bi-Directional","Length (m)":18.0,"Source":"NTA Active Travel Cycle Network (Feb 2025)","_style_key":"NON_TRAFFIC_TRAIL"}},{"type":"Feature","id":1265,"geometry":{"type":"LineString","coordinates":[[-6.315249999165007,53.350140000322554],[-6.315670000645648,53.35103000108506],[-6.316209999375029,53.351510001272985]]},"properties":{"Infrastructure type":"NON_TRAFFIC_TRAIL","Direction":"Bi-Directional","Length (m)":167.3,"Source":"NTA Active Travel Cycle Network (Feb 2025)","_style_key":"NON_TRAFFIC_TRAIL"}},{"type":"Feature","id":1279,"geometry":{"type":"LineString","coordinates":[[-6.2634741714621915,53.35440371589782],[-6.2618101556355255,53.353014603261514],[-6.261659460313632,53.352737252382084],[-6.261690000543128,53.35247000103626]]},"properties":{"Infrastructure type":"SEPARATE_TRAIL","Direction":"Forward","Length (m)":252.9,"Source":"NTA Active Travel Cycle Network (Feb 2025)","_style_key":"SEPARATE_TRAIL"}},{"type":"Feature","id":1284,"geometry":{"type":"LineString","coordinates":[[-6.255637093266728,53.337916168465526],[-6.254124504524655,53.33757064272505],[-6.25359055559278,53.3381615639466]]},"properties":{"Infrastructure type":"SEPARATE_TRAIL","Direction":"Forward","Length (m)":185.6,"Source":"NTA Active Travel Cycle Network (Feb 2025)","_style_key":"SEPARATE_TRAIL"}},{"type":"Feature","id":1289,"geometry":{"type":"LineString","coordinates":[[-6.217003311405375,53.3390655137813],[-6.213509511465698,53.34111244285965]]},"properties":{"Infrastructure type":"SEPARATE_TRAIL","Direction":"Bi-Directional","Length (m)":326.0,"Source":"NTA Active Travel Cycle Network (Feb 2025)","_style_key":"SEPARATE_TRAIL"}},{"type":"Feature","id":1290,"geometry":{"type":"LineString","coordinates":[[-6.213439149716578,53.34091246265798],[-6.216813482826567,53.33900334730809]]},"properties":{"Infrastructure type":"SEPARATE_TRAIL","Direction":"Forward","Length (m)":309.3,"Source":"NTA Active Travel Cycle Network (Feb 2025)","_style_key":"SEPARATE_TRAIL"}},{"type":"Feature","id":1291,"geometry":{"type":"LineString","coordinates":[[-6.2183958197351785,53.33841014204866],[-6.217891734750474,53.338577982276256],[-6.217003311405375,53.3390655137813]]},"properties":{"Infrastructure type":"SEPARATE_TRAIL","Direction":"Forward","Length (m)":118.8,"Source":"NTA Active Travel Cycle Network (Feb 2025)","_style_key":"SEPARATE_TRAIL"}},{"type":"Feature","id":1301,"geometry":{"type":"LineString","coordinates":[[-6.220122431219485,53.31109979833488],[-6.219784560740695,53.3107587974672],[-6.219122208376694,53.31035965687873],[-6.2161975982446585,53.30900151589907],[-6.215606977009811,53.308529046070994],[-6.211052359219269,53.30559806588847],[-6.2095783777878175,53.30451841359467]]},"properties":{"Infrastructure type":"SEPARATE_TRAIL","Direction":"Forward","Length (m)":1023.9,"Source":"NTA Active Travel Cycle Network (Feb 2025)","_style_key":"SEPARATE_TRAIL"}},{"type":"Feature","id":1302,"geometry":{"type":"LineString","coordinates":[[-6.283229431142067,53.40272592830427],[-6.282736507469249,53.403217717149595],[-6.281771578728931,53.40392537862459],[-6.28121865170286,53.40417012251335]]},"properties":{"Infrastructure type":"SEPARATE_TRAIL","Direction":"Forward","Length (m)":214.4,"Source":"NTA Active Travel Cycle Network (Feb 2025)","_style_key":"SEPARATE_TRAIL"}},{"type":"Feature","id":1303,"geometry":{"type":"LineString","coordinates":[[-6.2829233955602355,53.404193347768135],[-6.281967541979136,53.403529716545044],[-6.281490665887106,53.40291117139801]]},"properties":{"Infrastructure type":"SEPARATE_TRAIL","Direction":"Forward","Length (m)":174.5,"Source":"NTA Active Travel Cycle Network (Feb 2025)","_style_key":"SEPARATE_TRAIL"}},{"type":"Feature","id":1309,"geometry":{"type":"LineString","coordinates":[[-6.249954852132324,53.38447736155401],[-6.254825763787851,53.386244277684646]]},"properties":{"Infrastructure type":"SEPARATE_TRAIL","Direction":"Forward","Length (m)":379.2,"Source":"NTA Active Travel Cycle Network (Feb 2025)","_style_key":"SEPARATE_TRAIL"}},{"type":"Feature","id":1310,"geometry":{"type":"LineString","coordinates":[[-6.254596368015859,53.38627331373848],[-6.250027860084565,53.38458860961951]]},"properties":{"Infrastructure type":"SEPARATE_TRAIL","Direction":"Forward","Length (m)":357.2,"Source":"NTA Active Travel Cycle Network (Feb 2025)","_style_key":"SEPARATE_TRAIL"}},{"type":"Feature","id":1311,"geometry":{"type":"LineString","coordinates":[[-6.258248087125529,53.38764068279441],[-6.255890177481644,53.38676311625027]]},"properties":{"Infrastructure type":"SEPARATE_TRAIL","Direction":"Forward","Length (m)":184.8,"Source":"NTA Active Travel Cycle Network (Feb 2025)","_style_key":"SEPARATE_TRAIL"}},{"type":"Feature","id":1312,"geometry":{"type":"LineString","coordinates":[[-6.255464911253372,53.386483053979916],[-6.256343000002227,53.386810956738074]]},"properties":{"Infrastructure type":"SEPARATE_TRAIL","Direction":"Forward","Length (m)":68.9,"Source":"NTA Active Travel Cycle Network (Feb 2025)","_style_key":"SEPARATE_TRAIL"}},{"type":"Feature","id":1313,"geometry":{"type":"LineString","coordinates":[[-6.257570431573835,53.38726860676496],[-6.260258780639358,53.38817745761745]]},"properties":{"Infrastructure type":"SEPARATE_TRAIL","Direction":"Forward","Length (m)":205.8,"Source":"NTA Active Travel Cycle Network (Feb 2025)","_style_key":"SEPARATE_TRAIL"}},{"type":"Feature","id":1321,"geometry":{"type":"LineString","coordinates":[[-6.2813860835820075,53.34331320692952],[-6.2813006733326,53.34372272505922]]},"properties":{"Infrastructure type":"SEPARATE_TRAIL","Direction":"Forward","Length (m)":45.9,"Source":"NTA Active Travel Cycle Network (Feb 2025)","_style_key":"SEPARATE_TRAIL"}},{"type":"Feature","id":1322,"geometry":{"type":"LineString","coordinates":[[-6.281160269972887,53.34398705091196],[-6.280916085841518,53.34531891910431]]},"properties":{"Infrastructure type":"SEPARATE_TRAIL","Direction":"Forward","Length (m)":149.2,"Source":"NTA Active Travel Cycle Network (Feb 2025)","_style_key":"SEPARATE_TRAIL"}},{"type":"Feature","id":1323,"geometry":{"type":"LineString","coordinates":[[-6.280779464017695,53.345312703618305],[-6.281174245001962,53.343261617720046]]},"properties":{"Infrastructure type":"SEPARATE_TRAIL","Direction":"Forward","Length (m)":230.7,"Source":"NTA Active Travel Cycle Network (Feb 2025)","_style_key":"SEPARATE_TRAIL"}},{"type":"Feature","id":1331,"geometry":{"type":"LineString","coordinates":[[-6.237411444897432,53.372002802211114],[-6.240543249780146,53.37307803607594],[-6.250962851705622,53.375951916404496],[-6.256029203153307,53.376973787529124],[-6.265195714502995,53.37858948444252]]},"properties":{"Infrastructure type":"SEPARATE_TRAIL","Direction":"Forward","Length (m)":1996.1,"Source":"NTA Active Travel Cycle Network (Feb 2025)","_style_key":"SEPARATE_TRAIL"}},{"type":"Feature","id":1332,"geometry":{"type":"LineString","coordinates":[[-6.269363072243352,53.35022709300127],[-6.267857628159282,53.346037666108096]]},"properties":{"Infrastructure type":"NON_TRAFFIC_TRAIL","Direction":"Bi-Directional","Length (m)":477.3,"Source":"NTA Active Travel Cycle Network (Feb 2025)","_style_key":"NON_TRAFFIC_TRAIL"}},{"type":"Feature","id":1342,"geometry":{"type":"LineString","coordinates":[[-6.297491468847787,53.34853942270503],[-6.302250361741433,53.350261309913094]]},"properties":{"Infrastructure type":"SEPARATE_TRAIL","Direction":"Forward","Length (m)":370.3,"Source":"NTA Active Travel Cycle Network (Feb 2025)","_style_key":"SEPARATE_TRAIL"}},{"type":"Feature","id":1343,"geometry":{"type":"LineString","coordinates":[[-6.302099098620917,53.35038717162603],[-6.296867353432762,53.348485363944086]]},"properties":{"Infrastructure type":"SEPARATE_TRAIL","Direction":"Forward","Length (m)":407.6,"Source":"NTA Active Travel Cycle Network (Feb 2025)","_style_key":"SEPARATE_TRAIL"}},{"type":"Feature","id":1364,"geometry":{"type":"LineString","coordinates":[[-6.28749425798022,53.30061926368628],[-6.2879403159875995,53.30091411213571],[-6.288453032755546,53.300778537957235],[-6.288028073403849,53.30097718072634],[-6.288062339244586,53.3011952925531],[-6.288318809654372,53.301608461002836],[-6.288597591349835,53.30200134552326],[-6.289099026912281,53.30225577712265],[-6.289993600035063,53.3030723995549]]},"properties":{"Infrastructure type":"NON_TRAFFIC_TRAIL","Direction":"Bi-Directional","Length (m)":397.2,"Source":"NTA Active Travel Cycle Network (Feb 2025)","_style_key":"NON_TRAFFIC_TRAIL"}},{"type":"Feature","id":1372,"geometry":{"type":"LineString","coordinates":[[-6.284202969329918,53.34649451269848],[-6.285007667850147,53.34650289780033]]},"properties":{"Infrastructure type":"SEPARATE_TRAIL","Direction":"Forward","Length (m)":53.6,"Source":"NTA Active Travel Cycle Network (Feb 2025)","_style_key":"SEPARATE_TRAIL"}},{"type":"Feature","id":1373,"geometry":{"type":"LineString","coordinates":[[-6.27578645805092,53.34523118188295],[-6.276237371495006,53.34430532738935]]},"properties":{"Infrastructure type":"SEPARATE_TRAIL","Direction":"Forward","Length (m)":107.8,"Source":"NTA Active Travel Cycle Network (Feb 2025)","_style_key":"SEPARATE_TRAIL"}},{"type":"Feature","id":1374,"geometry":{"type":"LineString","coordinates":[[-6.27644898918416,53.344290813836786],[-6.276315673886189,53.3446842301028]]},"properties":{"Infrastructure type":"SEPARATE_TRAIL","Direction":"Forward","Length (m)":44.8,"Source":"NTA Active Travel Cycle Network (Feb 2025)","_style_key":"SEPARATE_TRAIL"}},{"type":"Feature","id":1375,"geometry":{"type":"LineString","coordinates":[[-6.295186319164632,53.3490536661316],[-6.296914592466658,53.35087347188909]]},"properties":{"Infrastructure type":"SEPARATE_TRAIL","Direction":"Forward","Length (m)":233.0,"Source":"NTA Active Travel Cycle Network (Feb 2025)","_style_key":"SEPARATE_TRAIL"}},{"type":"Feature","id":1376,"geometry":{"type":"LineString","coordinates":[[-6.297723544608872,53.351720762190624],[-6.298052133021428,53.35205875817008]]},"properties":{"Infrastructure type":"SEPARATE_TRAIL","Direction":"Forward","Length (m)":43.5,"Source":"NTA Active Travel Cycle Network (Feb 2025)","_style_key":"SEPARATE_TRAIL"}},{"type":"Feature","id":1377,"geometry":{"type":"LineString","coordinates":[[-6.295865323021767,53.3499145148436],[-6.295035469136087,53.349048284813335],[-6.2946013802213825,53.34898058290244]]},"properties":{"Infrastructure type":"SEPARATE_TRAIL","Direction":"Forward","Length (m)":141.3,"Source":"NTA Active Travel Cycle Network (Feb 2025)","_style_key":"SEPARATE_TRAIL"}},{"type":"Feature","id":1410,"geometry":{"type":"LineString","coordinates":[[-6.325264254159987,53.35994365765363],[-6.3045128539394995,53.35128530085611]]},"properties":{"Infrastructure type":"SEPARATE_TRAIL","Direction":"Forward","Length (m)":1684.6,"Source":"NTA Active Travel Cycle Network (Feb 2025)","_style_key":"SEPARATE_TRAIL"}},{"type":"Feature","id":1411,"geometry":{"type":"LineString","coordinates":[[-6.341117610406508,53.366595984725826],[-6.3270916058297475,53.360711520979116]]},"properties":{"Infrastructure type":"SEPARATE_TRAIL","Direction":"Forward","Length (m)":1140.5,"Source":"NTA Active Travel Cycle Network (Feb 2025)","_style_key":"SEPARATE_TRAIL"}},{"type":"Feature","id":1412,"geometry":{"type":"LineString","coordinates":[[-6.342103113576662,53.36689423552669],[-6.348488742877167,53.36958670470408]]},"properties":{"Infrastructure type":"SEPARATE_TRAIL","Direction":"Forward","Length (m)":520.1,"Source":"NTA Active Travel Cycle Network (Feb 2025)","_style_key":"SEPARATE_TRAIL"}},{"type":"Feature","id":1413,"geometry":{"type":"LineString","coordinates":[[-6.348239467136778,53.36958027805069],[-6.342033047797124,53.36697903528597]]},"properties":{"Infrastructure type":"SEPARATE_TRAIL","Direction":"Forward","Length (m)":504.5,"Source":"NTA Active Travel Cycle Network (Feb 2025)","_style_key":"SEPARATE_TRAIL"}},{"type":"Feature","id":1433,"geometry":{"type":"LineString","coordinates":[[-6.324627659979119,53.35957112790498],[-6.325465043400481,53.35991587490077],[-6.325998177546516,53.359979902261934],[-6.326209228455456,53.360222513596405],[-6.327016948001228,53.36056519041144]]},"properties":{"Infrastructure type":"SHARED_ROAD","Direction":"Bi-Directional","Length (m)":202.6,"Source":"NTA Active Travel Cycle Network (Feb 2025)","_style_key":"SHARED_ROAD"}},{"type":"Feature","id":1434,"geometry":{"type":"LineString","coordinates":[[-6.3270916058297475,53.360711520979116],[-6.326165615739221,53.36033751997021],[-6.325590527838594,53.36029579357142],[-6.3254461055843585,53.360032909839425],[-6.325264254159987,53.35994365765363]]},"properties":{"Infrastructure type":"SHARED_ROAD","Direction":"Bi-Directional","Length (m)":162.8,"Source":"NTA Active Travel Cycle Network (Feb 2025)","_style_key":"SHARED_ROAD"}},{"type":"Feature","id":1450,"geometry":{"type":"LineString","coordinates":[[-6.174166695104995,53.406524777176045],[-6.175186610750524,53.40646326208287],[-6.177079880845716,53.406552854817896]]},"properties":{"Infrastructure type":"BIKE_FRIENDLY_PEDESTRIAN_PATH","Direction":"Forward","Length (m)":194.9,"Source":"NTA Active Travel Cycle Network (Feb 2025)","_style_key":"BIKE_FRIENDLY_PEDESTRIAN_PATH"}},{"type":"Feature","id":1451,"geometry":{"type":"LineString","coordinates":[[-6.173235862344711,53.40656192803166],[-6.173583430069552,53.40640637147784],[-6.174166695104995,53.406524777176045]]},"properties":{"Infrastructure type":"BIKE_FRIENDLY_PEDESTRIAN_PATH","Direction":"Forward","Length (m)":71.9,"Source":"NTA Active Travel Cycle Network (Feb 2025)","_style_key":"BIKE_FRIENDLY_PEDESTRIAN_PATH"}},{"type":"Feature","id":1453,"geometry":{"type":"LineString","coordinates":[[-6.23957608027102,53.33898081050851],[-6.239352919139422,53.340537448766625],[-6.2391405055895826,53.34102281168803],[-6.238860952358845,53.342333268682886],[-6.2390230810929355,53.34242697069439]]},"properties":{"Infrastructure type":"SHARED_ROAD","Direction":"Bi-Directional","Length (m)":394.7,"Source":"NTA Active Travel Cycle Network (Feb 2025)","_style_key":"SHARED_ROAD"}},{"type":"Feature","id":1456,"geometry":{"type":"LineString","coordinates":[[-6.252797414250936,53.332235964990446],[-6.2457142523913864,53.33433136325172]]},"properties":{"Infrastructure type":"SEPARATE_TRAIL","Direction":"Bi-Directional","Length (m)":526.4,"Source":"NTA Active Travel Cycle Network (Feb 2025)","_style_key":"SEPARATE_TRAIL"}},{"type":"Feature","id":1459,"geometry":{"type":"LineString","coordinates":[[-6.272461137635268,53.33891270483819],[-6.272419694168869,53.338403354417274]]},"properties":{"Infrastructure type":"SEPARATE_TRAIL","Direction":"Forward","Length (m)":56.8,"Source":"NTA Active Travel Cycle Network (Feb 2025)","_style_key":"SEPARATE_TRAIL"}},{"type":"Feature","id":1461,"geometry":{"type":"LineString","coordinates":[[-6.240478891569067,53.33767585047628],[-6.2390801459855565,53.33859582795658]]},"properties":{"Infrastructure type":"SEPARATE_TRAIL","Direction":"Bi-Directional","Length (m)":138.4,"Source":"NTA Active Travel Cycle Network (Feb 2025)","_style_key":"SEPARATE_TRAIL"}},{"type":"Feature","id":1462,"geometry":{"type":"LineString","coordinates":[[-6.240569366872127,53.33761436306326],[-6.240478891569067,53.33767585047628]]},"properties":{"Infrastructure type":"SEPARATE_TRAIL","Direction":"Bi-Directional","Length (m)":9.1,"Source":"NTA Active Travel Cycle Network (Feb 2025)","_style_key":"SEPARATE_TRAIL"}},{"type":"Feature","id":1471,"geometry":{"type":"LineString","coordinates":[[-6.265136050413918,53.346261399071174],[-6.2641244843741175,53.34636615659181],[-6.2608969996374,53.347111000741705]]},"properties":{"Infrastructure type":"SEPARATE_TRAIL","Direction":"Forward","Length (m)":298.8,"Source":"NTA Active Travel Cycle Network (Feb 2025)","_style_key":"SEPARATE_TRAIL"}},{"type":"Feature","id":1556,"geometry":{"type":"LineString","coordinates":[[-6.385063412292357,53.34304881226812],[-6.385935289633431,53.3412528290154]]},"properties":{"Infrastructure type":"BIKE_FRIENDLY_PEDESTRIAN_PATH","Direction":"Bi-Directional","Length (m)":208.7,"Source":"NTA Active Travel Cycle Network (Feb 2025)","_style_key":"BIKE_FRIENDLY_PEDESTRIAN_PATH"}},{"type":"Feature","id":1557,"geometry":{"type":"LineString","coordinates":[[-6.379637338348147,53.33516420181913],[-6.375360434382274,53.332741776069106],[-6.374306759044946,53.3322037506761],[-6.3736146142914185,53.332032555327274]]},"properties":{"Infrastructure type":"BIKE_FRIENDLY_PEDESTRIAN_PATH","Direction":"Forward","Length (m)":536.7,"Source":"NTA Active Travel Cycle Network (Feb 2025)","_style_key":"BIKE_FRIENDLY_PEDESTRIAN_PATH"}},{"type":"Feature","id":1558,"geometry":{"type":"LineString","coordinates":[[-6.3736617843838435,53.33179824799207],[-6.373154541735766,53.331594721388385],[-6.371599048400828,53.33068480521716],[-6.370358099934977,53.329777230465865],[-6.369921748025406,53.3292134164098],[-6.369763728591865,53.32883720551954],[-6.369760281172493,53.32793879040974]]},"properties":{"Infrastructure type":"BIKE_FRIENDLY_PEDESTRIAN_PATH","Direction":"Forward","Length (m)":532.8,"Source":"NTA Active Travel Cycle Network (Feb 2025)","_style_key":"BIKE_FRIENDLY_PEDESTRIAN_PATH"}},{"type":"Feature","id":1559,"geometry":{"type":"LineString","coordinates":[[-6.374385869578224,53.33201938235711],[-6.376520952916049,53.33321873908491]]},"properties":{"Infrastructure type":"BIKE_FRIENDLY_PEDESTRIAN_PATH","Direction":"Forward","Length (m)":195.7,"Source":"NTA Active Travel Cycle Network (Feb 2025)","_style_key":"BIKE_FRIENDLY_PEDESTRIAN_PATH"}},{"type":"Feature","id":1611,"geometry":{"type":"LineString","coordinates":[[-6.290053520577111,53.40647167261789],[-6.291103495250893,53.40659127994234],[-6.293334579749444,53.40653573339806],[-6.294609003863935,53.40677164630971]]},"properties":{"Infrastructure type":"BIKE_FRIENDLY_PEDESTRIAN_PATH","Direction":"Forward","Length (m)":309.2,"Source":"NTA Active Travel Cycle Network (Feb 2025)","_style_key":"BIKE_FRIENDLY_PEDESTRIAN_PATH"}},{"type":"Feature","id":1639,"geometry":{"type":"LineString","coordinates":[[-6.173246052684154,53.406755792159935],[-6.172727364553019,53.406686964864484],[-6.171779469777599,53.40679390860985],[-6.165520829594139,53.40811281640197],[-6.164540562562162,53.40824411981657],[-6.163720751518876,53.40823981793358]]},"properties":{"Infrastructure type":"BIKE_FRIENDLY_PEDESTRIAN_PATH","Direction":"Forward","Length (m)":663.5,"Source":"NTA Active Travel Cycle Network (Feb 2025)","_style_key":"BIKE_FRIENDLY_PEDESTRIAN_PATH"}},{"type":"Feature","id":1645,"geometry":{"type":"LineString","coordinates":[[-6.348851485683884,53.34273326844052],[-6.3483147154189075,53.34245198147477],[-6.347666083560865,53.342448167355]]},"properties":{"Infrastructure type":"BIKE_FRIENDLY_PEDESTRIAN_PATH","Direction":"Forward","Length (m)":91.7,"Source":"NTA Active Travel Cycle Network (Feb 2025)","_style_key":"BIKE_FRIENDLY_PEDESTRIAN_PATH"}},{"type":"Feature","id":1656,"geometry":{"type":"LineString","coordinates":[[-6.355708991805281,53.33248329307921],[-6.3561732025990745,53.33208601220197],[-6.3578284760706865,53.331604211199505],[-6.358453584865424,53.331306018936594],[-6.3588584598541,53.33084735907655],[-6.358928618907364,53.330359781229156]]},"properties":{"Infrastructure type":"SEPARATE_TRAIL","Direction":"Forward","Length (m)":344.5,"Source":"NTA Active Travel Cycle Network (Feb 2025)","_style_key":"SEPARATE_TRAIL"}},{"type":"Feature","id":1675,"geometry":{"type":"LineString","coordinates":[[-6.346728914214274,53.33202299739445],[-6.346441785910845,53.33202810921357]]},"properties":{"Infrastructure type":"NON_TRAFFIC_TRAIL","Direction":"Bi-Directional","Length (m)":19.2,"Source":"NTA Active Travel Cycle Network (Feb 2025)","_style_key":"NON_TRAFFIC_TRAIL"}},{"type":"Feature","id":1676,"geometry":{"type":"LineString","coordinates":[[-6.346441785910845,53.33202810921357],[-6.346313159014131,53.33204681532559]]},"properties":{"Infrastructure type":"NON_TRAFFIC_TRAIL","Direction":"Bi-Directional","Length (m)":8.8,"Source":"NTA Active Travel Cycle Network (Feb 2025)","_style_key":"NON_TRAFFIC_TRAIL"}},{"type":"Feature","id":1677,"geometry":{"type":"LineString","coordinates":[[-6.251751268577808,53.348361402481956],[-6.251615642532865,53.34841064471187],[-6.251595073990395,53.348683428541214],[-6.251891415979391,53.34910059972013]]},"properties":{"Infrastructure type":"SEPARATE_TRAIL","Direction":"Forward","Length (m)":92.5,"Source":"NTA Active Travel Cycle Network (Feb 2025)","_style_key":"SEPARATE_TRAIL"}},{"type":"Feature","id":1686,"geometry":{"type":"LineString","coordinates":[[-6.328210986556751,53.370807881560225],[-6.331364553906883,53.37186041636516],[-6.332129532717202,53.37182155522489]]},"properties":{"Infrastructure type":"SEPARATE_TRAIL","Direction":"Forward","Length (m)":292.1,"Source":"NTA Active Travel Cycle Network (Feb 2025)","_style_key":"SEPARATE_TRAIL"}},{"type":"Feature","id":1690,"geometry":{"type":"LineString","coordinates":[[-6.253856731988453,53.37079706928305],[-6.253496175105859,53.37141652472757]]},"properties":{"Infrastructure type":"SEPARATE_TRAIL","Direction":"Forward","Length (m)":73.0,"Source":"NTA Active Travel Cycle Network (Feb 2025)","_style_key":"SEPARATE_TRAIL"}},{"type":"Feature","id":1705,"geometry":{"type":"LineString","coordinates":[[-6.274637652925985,53.36846082226242],[-6.2792786824262175,53.37020596749943]]},"properties":{"Infrastructure type":"BIKE_FRIENDLY_PEDESTRIAN_PATH","Direction":"Forward","Length (m)":365.1,"Source":"NTA Active Travel Cycle Network (Feb 2025)","_style_key":"BIKE_FRIENDLY_PEDESTRIAN_PATH"}},{"type":"Feature","id":1718,"geometry":{"type":"LineString","coordinates":[[-6.235055273278489,53.363131202089825],[-6.236387233132363,53.362646980295494],[-6.238011853867143,53.361246541464176]]},"properties":{"Infrastructure type":"BIKE_FRIENDLY_PEDESTRIAN_PATH","Direction":"Forward","Length (m)":294.1,"Source":"NTA Active Travel Cycle Network (Feb 2025)","_style_key":"BIKE_FRIENDLY_PEDESTRIAN_PATH"}},{"type":"Feature","id":1722,"geometry":{"type":"LineString","coordinates":[[-6.252754282313408,53.3724947492072],[-6.252639497630975,53.37267171677794]]},"properties":{"Infrastructure type":"BIKE_FRIENDLY_PEDESTRIAN_PATH","Direction":"Forward","Length (m)":21.2,"Source":"NTA Active Travel Cycle Network (Feb 2025)","_style_key":"BIKE_FRIENDLY_PEDESTRIAN_PATH"}},{"type":"Feature","id":1723,"geometry":{"type":"LineString","coordinates":[[-6.247037906422047,53.37913626057534],[-6.246761343602773,53.379456536062555]]},"properties":{"Infrastructure type":"BIKE_FRIENDLY_PEDESTRIAN_PATH","Direction":"Forward","Length (m)":40.1,"Source":"NTA Active Travel Cycle Network (Feb 2025)","_style_key":"BIKE_FRIENDLY_PEDESTRIAN_PATH"}},{"type":"Feature","id":1724,"geometry":{"type":"LineString","coordinates":[[-6.246487575914431,53.37978301961174],[-6.245683019970456,53.38072170726842]]},"properties":{"Infrastructure type":"BIKE_FRIENDLY_PEDESTRIAN_PATH","Direction":"Forward","Length (m)":117.4,"Source":"NTA Active Travel Cycle Network (Feb 2025)","_style_key":"BIKE_FRIENDLY_PEDESTRIAN_PATH"}},{"type":"Feature","id":1725,"geometry":{"type":"LineString","coordinates":[[-6.162365071344274,53.399115016717715],[-6.161998181124365,53.39908310472108],[-6.161821169458692,53.39928496446867]]},"properties":{"Infrastructure type":"BIKE_FRIENDLY_PEDESTRIAN_PATH","Direction":"Forward","Length (m)":52.8,"Source":"NTA Active Travel Cycle Network (Feb 2025)","_style_key":"BIKE_FRIENDLY_PEDESTRIAN_PATH"}},{"type":"Feature","id":1726,"geometry":{"type":"LineString","coordinates":[[-6.16154815892203,53.39927326670305],[-6.161086750949203,53.39883117751035],[-6.160580296924466,53.39868200031551]]},"properties":{"Infrastructure type":"BIKE_FRIENDLY_PEDESTRIAN_PATH","Direction":"Forward","Length (m)":98.3,"Source":"NTA Active Travel Cycle Network (Feb 2025)","_style_key":"BIKE_FRIENDLY_PEDESTRIAN_PATH"}},{"type":"Feature","id":1742,"geometry":{"type":"LineString","coordinates":[[-6.264766497367306,53.33187176983188],[-6.264913498403379,53.33255972012447]]},"properties":{"Infrastructure type":"SEPARATE_TRAIL","Direction":"Forward","Length (m)":77.2,"Source":"NTA Active Travel Cycle Network (Feb 2025)","_style_key":"SEPARATE_TRAIL"}},{"type":"Feature","id":1743,"geometry":{"type":"LineString","coordinates":[[-6.254483239776825,53.342180662576375],[-6.254537663435589,53.342190455043834]]},"properties":{"Infrastructure type":"SEPARATE_TRAIL","Direction":"Reverse","Length (m)":3.8,"Source":"NTA Active Travel Cycle Network (Feb 2025)","_style_key":"SEPARATE_TRAIL"}},{"type":"Feature","id":1744,"geometry":{"type":"LineString","coordinates":[[-6.259908829655053,53.3445245815971],[-6.25946858272313,53.34469200257912]]},"properties":{"Infrastructure type":"SEPARATE_TRAIL","Direction":"Bi-Directional","Length (m)":34.9,"Source":"NTA Active Travel Cycle Network (Feb 2025)","_style_key":"SEPARATE_TRAIL"}},{"type":"Feature","id":1745,"geometry":{"type":"LineString","coordinates":[[-6.26439000051024,53.40105000140599],[-6.264514195245434,53.40121559409004]]},"properties":{"Infrastructure type":"BIKE_FRIENDLY_PEDESTRIAN_PATH","Direction":"Forward","Length (m)":20.2,"Source":"NTA Active Travel Cycle Network (Feb 2025)","_style_key":"BIKE_FRIENDLY_PEDESTRIAN_PATH"}},{"type":"Feature","id":1751,"geometry":{"type":"LineString","coordinates":[[-6.240880743536365,53.34886214190076],[-6.241057024722948,53.34765790266781]]},"properties":{"Infrastructure type":"BIKE_FRIENDLY_PEDESTRIAN_PATH","Direction":"Bi-Directional","Length (m)":134.5,"Source":"NTA Active Travel Cycle Network (Feb 2025)","_style_key":"BIKE_FRIENDLY_PEDESTRIAN_PATH"}},{"type":"Feature","id":1767,"geometry":{"type":"LineString","coordinates":[[-6.268898397713885,53.34522501573993],[-6.2720811871943045,53.3449480352002]]},"properties":{"Infrastructure type":"SEPARATE_TRAIL","Direction":"Forward","Length (m)":214.6,"Source":"NTA Active Travel Cycle Network (Feb 2025)","_style_key":"SEPARATE_TRAIL"}},{"type":"Feature","id":1768,"geometry":{"type":"LineString","coordinates":[[-6.265195714502995,53.37858948444252],[-6.269539347268072,53.37908922545938]]},"properties":{"Infrastructure type":"SEPARATE_TRAIL","Direction":"Forward","Length (m)":294.7,"Source":"NTA Active Travel Cycle Network (Feb 2025)","_style_key":"SEPARATE_TRAIL"}},{"type":"Feature","id":1769,"geometry":{"type":"LineString","coordinates":[[-6.2818193738046535,53.37999274383056],[-6.267192163738671,53.37899140145803],[-6.265283651787406,53.378703274281634]]},"properties":{"Infrastructure type":"SEPARATE_TRAIL","Direction":"Forward","Length (m)":1110.9,"Source":"NTA Active Travel Cycle Network (Feb 2025)","_style_key":"SEPARATE_TRAIL"}},{"type":"Feature","id":1770,"geometry":{"type":"LineString","coordinates":[[-6.2720811871943045,53.3449480352002],[-6.27578645805092,53.34523118188295]]},"properties":{"Infrastructure type":"SEPARATE_TRAIL","Direction":"Forward","Length (m)":249.1,"Source":"NTA Active Travel Cycle Network (Feb 2025)","_style_key":"SEPARATE_TRAIL"}},{"type":"Feature","id":1771,"geometry":{"type":"LineString","coordinates":[[-6.27578645805092,53.34523118188295],[-6.276060689184389,53.34528859416885]]},"properties":{"Infrastructure type":"SEPARATE_TRAIL","Direction":"Forward","Length (m)":19.3,"Source":"NTA Active Travel Cycle Network (Feb 2025)","_style_key":"SEPARATE_TRAIL"}},{"type":"Feature","id":1772,"geometry":{"type":"LineString","coordinates":[[-6.275710297271142,53.34584089411255],[-6.275281675805959,53.3466042153581],[-6.274883019731278,53.34788104101754],[-6.274713851180819,53.35007189759409]]},"properties":{"Infrastructure type":"SEPARATE_TRAIL","Direction":"Forward","Length (m)":478.7,"Source":"NTA Active Travel Cycle Network (Feb 2025)","_style_key":"SEPARATE_TRAIL"}},{"type":"Feature","id":1773,"geometry":{"type":"LineString","coordinates":[[-6.27435452083112,53.35020961088428],[-6.274456210205576,53.35005704099225]]},"properties":{"Infrastructure type":"SEPARATE_TRAIL","Direction":"Forward","Length (m)":18.3,"Source":"NTA Active Travel Cycle Network (Feb 2025)","_style_key":"SEPARATE_TRAIL"}},{"type":"Feature","id":1774,"geometry":{"type":"LineString","coordinates":[[-6.229551130344759,53.36440351972176],[-6.227708291038833,53.36421292629538]]},"properties":{"Infrastructure type":"SEPARATE_TRAIL","Direction":"Forward","Length (m)":124.5,"Source":"NTA Active Travel Cycle Network (Feb 2025)","_style_key":"SEPARATE_TRAIL"}},{"type":"Feature","id":1788,"geometry":{"type":"LineString","coordinates":[[-6.160580296924466,53.39868200031551],[-6.1582655916201245,53.398408253479424],[-6.151837853422936,53.398201499095016],[-6.146046569270608,53.397426968540096],[-6.14446640749781,53.397364849976874],[-6.139806402854826,53.396774850129205],[-6.138726401927213,53.39683484974573],[-6.13712639981384,53.39732485001318],[-6.1366163997368846,53.39733484920306],[-6.134399813104199,53.39702295916889]]},"properties":{"Infrastructure type":"SEPARATE_TRAIL","Direction":"Forward","Length (m)":1781.0,"Source":"NTA Active Travel Cycle Network (Feb 2025)","_style_key":"SEPARATE_TRAIL"}},{"type":"Feature","id":1809,"geometry":{"type":"LineString","coordinates":[[-6.240634669406811,53.35043702627986],[-6.240502535203781,53.35064390094679]]},"properties":{"Infrastructure type":"BIKE_FRIENDLY_PEDESTRIAN_PATH","Direction":"Bi-Directional","Length (m)":25.8,"Source":"NTA Active Travel Cycle Network (Feb 2025)","_style_key":"BIKE_FRIENDLY_PEDESTRIAN_PATH"}},{"type":"Feature","id":1810,"geometry":{"type":"LineString","coordinates":[[-6.2301134140126075,53.36429122468826],[-6.230079811629755,53.364119853837906],[-6.23101874015342,53.363248694486344],[-6.232404273075394,53.36280550594137]]},"properties":{"Infrastructure type":"NON_TRAFFIC_TRAIL","Direction":"Bi-Directional","Length (m)":239.5,"Source":"NTA Active Travel Cycle Network (Feb 2025)","_style_key":"NON_TRAFFIC_TRAIL"}},{"type":"Feature","id":1811,"geometry":{"type":"LineString","coordinates":[[-6.227133905429248,53.363994143714244],[-6.2301134140126075,53.36429122468826]]},"properties":{"Infrastructure type":"BIKE_FRIENDLY_PEDESTRIAN_PATH","Direction":"Forward","Length (m)":201.3,"Source":"NTA Active Travel Cycle Network (Feb 2025)","_style_key":"BIKE_FRIENDLY_PEDESTRIAN_PATH"}},{"type":"Feature","id":1835,"geometry":{"type":"LineString","coordinates":[[-6.291729999622012,53.34780500125724],[-6.29058202025098,53.34751630716687]]},"properties":{"Infrastructure type":"SEPARATE_TRAIL","Direction":"Forward","Length (m)":82.9,"Source":"NTA Active Travel Cycle Network (Feb 2025)","_style_key":"SEPARATE_TRAIL"}},{"type":"Feature","id":1836,"geometry":{"type":"LineString","coordinates":[[-6.281806113956152,53.350472465693834],[-6.281879999656497,53.3504700009349]]},"properties":{"Infrastructure type":"SEPARATE_TRAIL","Direction":"Forward","Length (m)":4.9,"Source":"NTA Active Travel Cycle Network (Feb 2025)","_style_key":"SEPARATE_TRAIL"}},{"type":"Feature","id":1839,"geometry":{"type":"LineString","coordinates":[[-6.270154871792097,53.343242290290796],[-6.269865999719457,53.34321300133781]]},"properties":{"Infrastructure type":"SEPARATE_TRAIL","Direction":"Forward","Length (m)":19.5,"Source":"NTA Active Travel Cycle Network (Feb 2025)","_style_key":"SEPARATE_TRAIL"}},{"type":"Feature","id":1840,"geometry":{"type":"LineString","coordinates":[[-6.161789849688776,53.39838778617981],[-6.16193346303905,53.39861289012722],[-6.16248231560207,53.3989233509664]]},"properties":{"Infrastructure type":"BIKE_FRIENDLY_PEDESTRIAN_PATH","Direction":"Forward","Length (m)":78.1,"Source":"NTA Active Travel Cycle Network (Feb 2025)","_style_key":"BIKE_FRIENDLY_PEDESTRIAN_PATH"}},{"type":"Feature","id":1841,"geometry":{"type":"LineString","coordinates":[[-6.160358964713148,53.39853397597729],[-6.161229117907704,53.39868299559647]]},"properties":{"Infrastructure type":"SEPARATE_TRAIL","Direction":"Forward","Length (m)":60.2,"Source":"NTA Active Travel Cycle Network (Feb 2025)","_style_key":"SEPARATE_TRAIL"}},{"type":"Feature","id":1842,"geometry":{"type":"LineString","coordinates":[[-6.160358964713148,53.39853397597729],[-6.1612723228038595,53.39865135578241],[-6.161463314359529,53.398561071227896],[-6.161554243775142,53.39837425105202]]},"properties":{"Infrastructure type":"BIKE_FRIENDLY_PEDESTRIAN_PATH","Direction":"Forward","Length (m)":101.0,"Source":"NTA Active Travel Cycle Network (Feb 2025)","_style_key":"BIKE_FRIENDLY_PEDESTRIAN_PATH"}},{"type":"Feature","id":1843,"geometry":{"type":"LineString","coordinates":[[-6.16248231560207,53.3989233509664],[-6.162789363061978,53.39907019092123]]},"properties":{"Infrastructure type":"BIKE_FRIENDLY_PEDESTRIAN_PATH","Direction":"Forward","Length (m)":26.7,"Source":"NTA Active Travel Cycle Network (Feb 2025)","_style_key":"BIKE_FRIENDLY_PEDESTRIAN_PATH"}},{"type":"Feature","id":1844,"geometry":{"type":"LineString","coordinates":[[-6.1628815687299685,53.39917861156373],[-6.162365071344274,53.399115016717715]]},"properties":{"Infrastructure type":"BIKE_FRIENDLY_PEDESTRIAN_PATH","Direction":"Forward","Length (m)":37.1,"Source":"NTA Active Travel Cycle Network (Feb 2025)","_style_key":"BIKE_FRIENDLY_PEDESTRIAN_PATH"}},{"type":"Feature","id":1845,"geometry":{"type":"LineString","coordinates":[[-6.285397999847133,53.347079001026785],[-6.2837770006703915,53.3470340013241]]},"properties":{"Infrastructure type":"BIKE_LANE","Direction":"Forward","Length (m)":108.1,"Source":"NTA Active Travel Cycle Network (Feb 2025)","_style_key":"BIKE_LANE"}},{"type":"Feature","id":1846,"geometry":{"type":"LineString","coordinates":[[-6.26138899962111,53.347082001292584],[-6.259442722928758,53.34755460705942]]},"properties":{"Infrastructure type":"BIKE_LANE","Direction":"Forward","Length (m)":140.0,"Source":"NTA Active Travel Cycle Network (Feb 2025)","_style_key":"BIKE_LANE"}},{"type":"Feature","id":1847,"geometry":{"type":"LineString","coordinates":[[-6.259088626706566,53.347644373296774],[-6.257638999961434,53.34795500066752]]},"properties":{"Infrastructure type":"BIKE_LANE","Direction":"Forward","Length (m)":102.5,"Source":"NTA Active Travel Cycle Network (Feb 2025)","_style_key":"BIKE_LANE"}},{"type":"Feature","id":1848,"geometry":{"type":"LineString","coordinates":[[-6.257638999961434,53.34795500066752],[-6.255153999502342,53.34829600098169]]},"properties":{"Infrastructure type":"BIKE_LANE","Direction":"Forward","Length (m)":169.9,"Source":"NTA Active Travel Cycle Network (Feb 2025)","_style_key":"BIKE_LANE"}},{"type":"Feature","id":1849,"geometry":{"type":"LineString","coordinates":[[-6.255153999502342,53.34829600098169],[-6.253685000417011,53.34832400110482]]},"properties":{"Infrastructure type":"BIKE_LANE","Direction":"Forward","Length (m)":98.1,"Source":"NTA Active Travel Cycle Network (Feb 2025)","_style_key":"BIKE_LANE"}},{"type":"Feature","id":1850,"geometry":{"type":"LineString","coordinates":[[-6.251271837785587,53.34833698989822],[-6.248252999235041,53.34813500125404]]},"properties":{"Infrastructure type":"BIKE_LANE","Direction":"Forward","Length (m)":202.5,"Source":"NTA Active Travel Cycle Network (Feb 2025)","_style_key":"BIKE_LANE"}},{"type":"Feature","id":1851,"geometry":{"type":"LineString","coordinates":[[-6.245919000454908,53.34797500047443],[-6.241057024722948,53.34765790266781]]},"properties":{"Infrastructure type":"BIKE_LANE","Direction":"Forward","Length (m)":325.7,"Source":"NTA Active Travel Cycle Network (Feb 2025)","_style_key":"BIKE_LANE"}},{"type":"Feature","id":1852,"geometry":{"type":"LineString","coordinates":[[-6.235085000276607,53.34717600131945],[-6.235856000102191,53.347231001029805]]},"properties":{"Infrastructure type":"BIKE_LANE","Direction":"Forward","Length (m)":51.7,"Source":"NTA Active Travel Cycle Network (Feb 2025)","_style_key":"BIKE_LANE"}},{"type":"Feature","id":1853,"geometry":{"type":"LineString","coordinates":[[-6.237846999523733,53.34735600106811],[-6.238422999300636,53.3473970008654]]},"properties":{"Infrastructure type":"BIKE_LANE","Direction":"Forward","Length (m)":38.6,"Source":"NTA Active Travel Cycle Network (Feb 2025)","_style_key":"BIKE_LANE"}},{"type":"Feature","id":1854,"geometry":{"type":"LineString","coordinates":[[-6.263034159591055,53.35172072586597],[-6.263718156294129,53.3513719688159]]},"properties":{"Infrastructure type":"BIKE_LANE","Direction":"Forward","Length (m)":59.9,"Source":"NTA Active Travel Cycle Network (Feb 2025)","_style_key":"BIKE_LANE"}},{"type":"Feature","id":1855,"geometry":{"type":"LineString","coordinates":[[-6.267265585402677,53.350185897580836],[-6.264854161108571,53.351014576002854]]},"properties":{"Infrastructure type":"BIKE_LANE","Direction":"Forward","Length (m)":185.3,"Source":"NTA Active Travel Cycle Network (Feb 2025)","_style_key":"BIKE_LANE"}},{"type":"Feature","id":1856,"geometry":{"type":"LineString","coordinates":[[-6.225769836818732,53.363967418562076],[-6.223453375163382,53.363545831564146]]},"properties":{"Infrastructure type":"BIKE_LANE","Direction":"Forward","Length (m)":161.4,"Source":"NTA Active Travel Cycle Network (Feb 2025)","_style_key":"BIKE_LANE"}},{"type":"Feature","id":1857,"geometry":{"type":"LineString","coordinates":[[-6.225469110421587,53.363712742317446],[-6.226235839388092,53.36385376233319]]},"properties":{"Infrastructure type":"BIKE_LANE","Direction":"Forward","Length (m)":53.4,"Source":"NTA Active Travel Cycle Network (Feb 2025)","_style_key":"BIKE_LANE"}},{"type":"Feature","id":1858,"geometry":{"type":"LineString","coordinates":[[-6.274713851180819,53.35007189759409],[-6.278064975369582,53.34969187519887],[-6.279445000619993,53.349775001275134]]},"properties":{"Infrastructure type":"BIKE_LANE","Direction":"Forward","Length (m)":320.5,"Source":"NTA Active Travel Cycle Network (Feb 2025)","_style_key":"BIKE_LANE"}},{"type":"Feature","id":1859,"geometry":{"type":"LineString","coordinates":[[-6.283347834435255,53.35173439505027],[-6.284406682532961,53.35272140308325],[-6.28640729061433,53.354091708904086],[-6.287114518391324,53.35472324178876],[-6.28743831032163,53.35510320950014],[-6.288031892285479,53.35625899707564],[-6.288825988140182,53.35715635513304]]},"properties":{"Infrastructure type":"BIKE_LANE","Direction":"Forward","Length (m)":713.2,"Source":"NTA Active Travel Cycle Network (Feb 2025)","_style_key":"BIKE_LANE"}},{"type":"Feature","id":1860,"geometry":{"type":"LineString","coordinates":[[-6.260767116142502,53.34449643074651],[-6.260148396242155,53.344497976019134]]},"properties":{"Infrastructure type":"BIKE_LANE","Direction":"Forward","Length (m)":41.2,"Source":"NTA Active Travel Cycle Network (Feb 2025)","_style_key":"BIKE_LANE"}},{"type":"Feature","id":1861,"geometry":{"type":"LineString","coordinates":[[-6.296961704902078,53.34825414192476],[-6.296137752416047,53.3482367868014]]},"properties":{"Infrastructure type":"BIKE_LANE","Direction":"Forward","Length (m)":54.9,"Source":"NTA Active Travel Cycle Network (Feb 2025)","_style_key":"BIKE_LANE"}},{"type":"Feature","id":1862,"geometry":{"type":"LineString","coordinates":[[-6.2930590004584115,53.34807900082079],[-6.291729999622012,53.34780500125724]]},"properties":{"Infrastructure type":"BIKE_LANE","Direction":"Forward","Length (m)":93.6,"Source":"NTA Active Travel Cycle Network (Feb 2025)","_style_key":"BIKE_LANE"}},{"type":"Feature","id":1863,"geometry":{"type":"LineString","coordinates":[[-6.296279000445458,53.348115001341114],[-6.297019999581235,53.34814600092853]]},"properties":{"Infrastructure type":"BIKE_LANE","Direction":"Forward","Length (m)":49.5,"Source":"NTA Active Travel Cycle Network (Feb 2025)","_style_key":"BIKE_LANE"}},{"type":"Feature","id":1864,"geometry":{"type":"LineString","coordinates":[[-6.272666941676448,53.33689804672523],[-6.272975621989485,53.33632356100802]]},"properties":{"Infrastructure type":"BIKE_LANE","Direction":"Forward","Length (m)":67.2,"Source":"NTA Active Travel Cycle Network (Feb 2025)","_style_key":"BIKE_LANE"}},{"type":"Feature","id":1865,"geometry":{"type":"LineString","coordinates":[[-6.274800487713268,53.33396446308146],[-6.275165002013472,53.33305074814496]]},"properties":{"Infrastructure type":"BIKE_LANE","Direction":"Forward","Length (m)":104.6,"Source":"NTA Active Travel Cycle Network (Feb 2025)","_style_key":"BIKE_LANE"}},{"type":"Feature","id":1866,"geometry":{"type":"LineString","coordinates":[[-6.2750894088814,53.33236382618429],[-6.275159791921464,53.33087197113874],[-6.275456795990749,53.32957771347338]]},"properties":{"Infrastructure type":"BIKE_LANE","Direction":"Forward","Length (m)":311.6,"Source":"NTA Active Travel Cycle Network (Feb 2025)","_style_key":"BIKE_LANE"}},{"type":"Feature","id":1867,"geometry":{"type":"LineString","coordinates":[[-6.27560037936212,53.329589862130966],[-6.2755068338766655,53.329913537195566]]},"properties":{"Infrastructure type":"BIKE_LANE","Direction":"Forward","Length (m)":36.6,"Source":"NTA Active Travel Cycle Network (Feb 2025)","_style_key":"BIKE_LANE"}},{"type":"Feature","id":1868,"geometry":{"type":"LineString","coordinates":[[-6.275279833498005,53.331222742236214],[-6.2752424394505795,53.33177588649589]]},"properties":{"Infrastructure type":"BIKE_LANE","Direction":"Forward","Length (m)":61.6,"Source":"NTA Active Travel Cycle Network (Feb 2025)","_style_key":"BIKE_LANE"}},{"type":"Feature","id":1869,"geometry":{"type":"LineString","coordinates":[[-6.275335771734882,53.332785419935995],[-6.275327086158109,53.33304761691139],[-6.275054535801494,53.3337778476729]]},"properties":{"Infrastructure type":"BIKE_LANE","Direction":"Forward","Length (m)":112.6,"Source":"NTA Active Travel Cycle Network (Feb 2025)","_style_key":"BIKE_LANE"}},{"type":"Feature","id":1870,"geometry":{"type":"LineString","coordinates":[[-6.2643180816653885,53.34414909331574],[-6.26432533381017,53.34293367795537],[-6.26442463320093,53.342491302978985],[-6.264944909809518,53.341793682902576]]},"properties":{"Infrastructure type":"BIKE_LANE","Direction":"Forward","Length (m)":270.3,"Source":"NTA Active Travel Cycle Network (Feb 2025)","_style_key":"BIKE_LANE"}},{"type":"Feature","id":1871,"geometry":{"type":"LineString","coordinates":[[-6.265378357101415,53.341232945475106],[-6.265516202760098,53.340617007762056]]},"properties":{"Infrastructure type":"BIKE_LANE","Direction":"Forward","Length (m)":69.2,"Source":"NTA Active Travel Cycle Network (Feb 2025)","_style_key":"BIKE_LANE"}},{"type":"Feature","id":1872,"geometry":{"type":"LineString","coordinates":[[-6.265829816439681,53.33807159334053],[-6.2657276847462215,53.33768744763339]]},"properties":{"Infrastructure type":"BIKE_LANE","Direction":"Forward","Length (m)":43.3,"Source":"NTA Active Travel Cycle Network (Feb 2025)","_style_key":"BIKE_LANE"}},{"type":"Feature","id":1873,"geometry":{"type":"LineString","coordinates":[[-6.264521212832866,53.33148624931341],[-6.264382278463144,53.33102313604672]]},"properties":{"Infrastructure type":"BIKE_LANE","Direction":"Forward","Length (m)":52.4,"Source":"NTA Active Travel Cycle Network (Feb 2025)","_style_key":"BIKE_LANE"}},{"type":"Feature","id":1874,"geometry":{"type":"LineString","coordinates":[[-6.264192066150987,53.33019093114032],[-6.264176419533567,53.32999843475322]]},"properties":{"Infrastructure type":"BIKE_LANE","Direction":"Forward","Length (m)":21.6,"Source":"NTA Active Travel Cycle Network (Feb 2025)","_style_key":"BIKE_LANE"}},{"type":"Feature","id":1875,"geometry":{"type":"LineString","coordinates":[[-6.264189652660414,53.32990785078198],[-6.264632785115846,53.32752678499418]]},"properties":{"Infrastructure type":"BIKE_LANE","Direction":"Forward","Length (m)":266.8,"Source":"NTA Active Travel Cycle Network (Feb 2025)","_style_key":"BIKE_LANE"}},{"type":"Feature","id":1876,"geometry":{"type":"LineString","coordinates":[[-6.264803017112462,53.326711303420204],[-6.264906299452443,53.326148216973934]]},"properties":{"Infrastructure type":"BIKE_LANE","Direction":"Forward","Length (m)":63.1,"Source":"NTA Active Travel Cycle Network (Feb 2025)","_style_key":"BIKE_LANE"}},{"type":"Feature","id":1877,"geometry":{"type":"LineString","coordinates":[[-6.2660036342049406,53.32190322951704],[-6.265821684340388,53.322123915327836],[-6.265631238611451,53.323035394706736]]},"properties":{"Infrastructure type":"BIKE_LANE","Direction":"Forward","Length (m)":129.7,"Source":"NTA Active Travel Cycle Network (Feb 2025)","_style_key":"BIKE_LANE"}},{"type":"Feature","id":1878,"geometry":{"type":"LineString","coordinates":[[-6.264334815438169,53.33000885671104],[-6.264335332635206,53.33017813500954]]},"properties":{"Infrastructure type":"BIKE_LANE","Direction":"Forward","Length (m)":18.9,"Source":"NTA Active Travel Cycle Network (Feb 2025)","_style_key":"BIKE_LANE"}},{"type":"Feature","id":1879,"geometry":{"type":"LineString","coordinates":[[-6.264568035383639,53.33111964408472],[-6.264766497367306,53.33187176983188]]},"properties":{"Infrastructure type":"BIKE_LANE","Direction":"Forward","Length (m)":84.8,"Source":"NTA Active Travel Cycle Network (Feb 2025)","_style_key":"BIKE_LANE"}},{"type":"Feature","id":1880,"geometry":{"type":"LineString","coordinates":[[-6.265150109200723,53.33357953591077],[-6.2653660175671755,53.33432740820392]]},"properties":{"Infrastructure type":"BIKE_LANE","Direction":"Forward","Length (m)":84.8,"Source":"NTA Active Travel Cycle Network (Feb 2025)","_style_key":"BIKE_LANE"}},{"type":"Feature","id":1881,"geometry":{"type":"LineString","coordinates":[[-6.265560432494318,53.33648972655368],[-6.2658493340075125,53.33755228831803]]},"properties":{"Infrastructure type":"BIKE_LANE","Direction":"Forward","Length (m)":119.8,"Source":"NTA Active Travel Cycle Network (Feb 2025)","_style_key":"BIKE_LANE"}},{"type":"Feature","id":1882,"geometry":{"type":"LineString","coordinates":[[-6.265954610558051,53.339397108853625],[-6.26576684064493,53.34029379591721]]},"properties":{"Infrastructure type":"BIKE_LANE","Direction":"Forward","Length (m)":100.6,"Source":"NTA Active Travel Cycle Network (Feb 2025)","_style_key":"BIKE_LANE"}},{"type":"Feature","id":1883,"geometry":{"type":"LineString","coordinates":[[-6.26933797970133,53.3384745262707],[-6.26937404406849,53.33928549581548],[-6.26984569429473,53.3398845768914],[-6.270124999498158,53.34067100068491]]},"properties":{"Infrastructure type":"BIKE_LANE","Direction":"Forward","Length (m)":253.9,"Source":"NTA Active Travel Cycle Network (Feb 2025)","_style_key":"BIKE_LANE"}},{"type":"Feature","id":1884,"geometry":{"type":"LineString","coordinates":[[-6.33698148997672,53.34683041696208],[-6.333478803752542,53.34656069069361],[-6.327062860564524,53.346284340629964],[-6.324927562638409,53.346453696322655],[-6.321457680985864,53.34654315866465],[-6.318404562154066,53.34688251878896],[-6.311702076811213,53.348009730570425]]},"properties":{"Infrastructure type":"BIKE_FRIENDLY_PEDESTRIAN_PATH","Direction":"Forward","Length (m)":1709.3,"Source":"NTA Active Travel Cycle Network (Feb 2025)","_style_key":"BIKE_FRIENDLY_PEDESTRIAN_PATH"}},{"type":"Feature","id":1885,"geometry":{"type":"LineString","coordinates":[[-6.311589685945687,53.34792426106833],[-6.315861445500137,53.347229685859524]]},"properties":{"Infrastructure type":"BIKE_LANE","Direction":"Forward","Length (m)":295.0,"Source":"NTA Active Travel Cycle Network (Feb 2025)","_style_key":"BIKE_LANE"}},{"type":"Feature","id":1886,"geometry":{"type":"LineString","coordinates":[[-6.315861445500137,53.347229685859524],[-6.319530641230587,53.34659586610741],[-6.321346615789143,53.34643414147786],[-6.3256344851808946,53.346286633957895],[-6.326179481620501,53.34618313677845],[-6.331915865533163,53.34636561570356],[-6.338064891274921,53.3467733273487]]},"properties":{"Infrastructure type":"BIKE_FRIENDLY_PEDESTRIAN_PATH","Direction":"Forward","Length (m)":1496.4,"Source":"NTA Active Travel Cycle Network (Feb 2025)","_style_key":"BIKE_FRIENDLY_PEDESTRIAN_PATH"}},{"type":"Feature","id":1887,"geometry":{"type":"LineString","coordinates":[[-6.246344540717792,53.339666165295434],[-6.240478891569067,53.33767585047628]]},"properties":{"Infrastructure type":"BIKE_LANE","Direction":"Forward","Length (m)":449.3,"Source":"NTA Active Travel Cycle Network (Feb 2025)","_style_key":"BIKE_LANE"}},{"type":"Feature","id":1888,"geometry":{"type":"LineString","coordinates":[[-6.240569366872127,53.33761436306326],[-6.2432322289078375,53.33846557901891]]},"properties":{"Infrastructure type":"BIKE_LANE","Direction":"Forward","Length (m)":201.1,"Source":"NTA Active Travel Cycle Network (Feb 2025)","_style_key":"BIKE_LANE"}},{"type":"Feature","id":1889,"geometry":{"type":"LineString","coordinates":[[-6.245294865163944,53.339173590866956],[-6.246277837396851,53.339518196284686]]},"properties":{"Infrastructure type":"BIKE_LANE","Direction":"Forward","Length (m)":76.0,"Source":"NTA Active Travel Cycle Network (Feb 2025)","_style_key":"BIKE_LANE"}},{"type":"Feature","id":1916,"geometry":{"type":"LineString","coordinates":[[-6.273274301622787,53.35841877488227],[-6.273494735730608,53.35694978165794],[-6.273418821099729,53.355126898595294]]},"properties":{"Infrastructure type":"BIKE_LANE","Direction":"Forward","Length (m)":367.2,"Source":"NTA Active Travel Cycle Network (Feb 2025)","_style_key":"BIKE_LANE"}},{"type":"Feature","id":1917,"geometry":{"type":"LineString","coordinates":[[-6.273418821099729,53.355126898595294],[-6.2733038336047295,53.3546374872701],[-6.272880215298407,53.354001944020375],[-6.272898242939961,53.35339144829007]]},"properties":{"Infrastructure type":"BIKE_LANE","Direction":"Forward","Length (m)":199.6,"Source":"NTA Active Travel Cycle Network (Feb 2025)","_style_key":"BIKE_LANE"}},{"type":"Feature","id":1940,"geometry":{"type":"LineString","coordinates":[[-6.2386642365121565,53.36103421284403],[-6.236386467797671,53.36297046955611]]},"properties":{"Infrastructure type":"BIKE_LANE","Direction":"Forward","Length (m)":264.3,"Source":"NTA Active Travel Cycle Network (Feb 2025)","_style_key":"BIKE_LANE"}},{"type":"Feature","id":1952,"geometry":{"type":"LineString","coordinates":[[-6.267989998868904,53.356290000917866],[-6.268012798517708,53.35647560065771]]},"properties":{"Infrastructure type":"BIKE_LANE","Direction":"Forward","Length (m)":20.7,"Source":"NTA Active Travel Cycle Network (Feb 2025)","_style_key":"BIKE_LANE"}},{"type":"Feature","id":1953,"geometry":{"type":"LineString","coordinates":[[-6.2806263469157395,53.359160561353434],[-6.284230000904909,53.358190000845774],[-6.288666022426441,53.357194912669065]]},"properties":{"Infrastructure type":"BIKE_LANE","Direction":"Forward","Length (m)":578.7,"Source":"NTA Active Travel Cycle Network (Feb 2025)","_style_key":"BIKE_LANE"}},{"type":"Feature","id":1954,"geometry":{"type":"LineString","coordinates":[[-6.268569999821065,53.35502000105963],[-6.268390000395013,53.355350000497324]]},"properties":{"Infrastructure type":"BIKE_LANE","Direction":"Forward","Length (m)":38.6,"Source":"NTA Active Travel Cycle Network (Feb 2025)","_style_key":"BIKE_LANE"}},{"type":"Feature","id":1957,"geometry":{"type":"LineString","coordinates":[[-6.235311377835138,53.33212587469575],[-6.236963695307705,53.33444449652332]]},"properties":{"Infrastructure type":"BIKE_LANE","Direction":"Forward","Length (m)":280.7,"Source":"NTA Active Travel Cycle Network (Feb 2025)","_style_key":"BIKE_LANE"}},{"type":"Feature","id":1958,"geometry":{"type":"LineString","coordinates":[[-6.316219999863918,53.341900001450476],[-6.315702938755394,53.34194920724883]]},"properties":{"Infrastructure type":"BIKE_LANE","Direction":"Forward","Length (m)":34.9,"Source":"NTA Active Travel Cycle Network (Feb 2025)","_style_key":"BIKE_LANE"}},{"type":"Feature","id":1959,"geometry":{"type":"LineString","coordinates":[[-6.346441785910845,53.33202810921357],[-6.346602463916537,53.332736245358234],[-6.346409123459794,53.33400893197878],[-6.346967978217866,53.33570675088545]]},"properties":{"Infrastructure type":"BIKE_LANE","Direction":"Forward","Length (m)":414.9,"Source":"NTA Active Travel Cycle Network (Feb 2025)","_style_key":"BIKE_LANE"}},{"type":"Feature","id":1960,"geometry":{"type":"LineString","coordinates":[[-6.256935779087872,53.33678754954866],[-6.257390243076242,53.33637629471078],[-6.258111900054992,53.33647329264013]]},"properties":{"Infrastructure type":"BIKE_LANE","Direction":"Forward","Length (m)":106.1,"Source":"NTA Active Travel Cycle Network (Feb 2025)","_style_key":"BIKE_LANE"}},{"type":"Feature","id":1961,"geometry":{"type":"LineString","coordinates":[[-6.315702938755394,53.34194920724883],[-6.315550231297739,53.341949542802666]]},"properties":{"Infrastructure type":"BIKE_LANE","Direction":"Forward","Length (m)":10.2,"Source":"NTA Active Travel Cycle Network (Feb 2025)","_style_key":"BIKE_LANE"}},{"type":"Feature","id":1964,"geometry":{"type":"LineString","coordinates":[[-6.2126504711313695,53.31893976241069],[-6.212340000630637,53.31878000071094]]},"properties":{"Infrastructure type":"BIKE_LANE","Direction":"Forward","Length (m)":27.4,"Source":"NTA Active Travel Cycle Network (Feb 2025)","_style_key":"BIKE_LANE"}},{"type":"Feature","id":1966,"geometry":{"type":"LineString","coordinates":[[-6.288666022426441,53.357194912669065],[-6.288825988140182,53.35715635513304]]},"properties":{"Infrastructure type":"BIKE_LANE","Direction":"Forward","Length (m)":11.5,"Source":"NTA Active Travel Cycle Network (Feb 2025)","_style_key":"BIKE_LANE"}},{"type":"Feature","id":1967,"geometry":{"type":"LineString","coordinates":[[-6.2905699995955615,53.35691000112722],[-6.290949999565342,53.35675000029146],[-6.292399999696948,53.355780000588126]]},"properties":{"Infrastructure type":"BIKE_LANE","Direction":"Forward","Length (m)":176.0,"Source":"NTA Active Travel Cycle Network (Feb 2025)","_style_key":"BIKE_LANE"}},{"type":"Feature","id":1968,"geometry":{"type":"LineString","coordinates":[[-6.325170000151163,53.36363000027227],[-6.32362999927515,53.36466000110804],[-6.322060000592009,53.365190000991504]]},"properties":{"Infrastructure type":"BIKE_LANE","Direction":"Forward","Length (m)":274.9,"Source":"NTA Active Travel Cycle Network (Feb 2025)","_style_key":"BIKE_LANE"}},{"type":"Feature","id":1969,"geometry":{"type":"LineString","coordinates":[[-6.263839999201,53.39304000090131],[-6.263879999712472,53.39333000131566]]},"properties":{"Infrastructure type":"BIKE_LANE","Direction":"Forward","Length (m)":32.4,"Source":"NTA Active Travel Cycle Network (Feb 2025)","_style_key":"BIKE_LANE"}},{"type":"Feature","id":1970,"geometry":{"type":"LineString","coordinates":[[-6.26425000042794,53.394370001126646],[-6.264269999961471,53.394870001014276]]},"properties":{"Infrastructure type":"BIKE_LANE","Direction":"Forward","Length (m)":55.7,"Source":"NTA Active Travel Cycle Network (Feb 2025)","_style_key":"BIKE_LANE"}},{"type":"Feature","id":1971,"geometry":{"type":"LineString","coordinates":[[-6.264050000979738,53.39638000062605],[-6.264029999829863,53.396720001445495]]},"properties":{"Infrastructure type":"BIKE_LANE","Direction":"Forward","Length (m)":37.9,"Source":"NTA Active Travel Cycle Network (Feb 2025)","_style_key":"BIKE_LANE"}},{"type":"Feature","id":1972,"geometry":{"type":"LineString","coordinates":[[-6.26403999961877,53.39440000087787],[-6.264089999158541,53.39510000127205]]},"properties":{"Infrastructure type":"BIKE_LANE","Direction":"Forward","Length (m)":78.0,"Source":"NTA Active Travel Cycle Network (Feb 2025)","_style_key":"BIKE_LANE"}},{"type":"Feature","id":1973,"geometry":{"type":"LineString","coordinates":[[-6.2640000000478935,53.39414000088261],[-6.26403999961877,53.39440000087787]]},"properties":{"Infrastructure type":"BIKE_LANE","Direction":"Forward","Length (m)":29.1,"Source":"NTA Active Travel Cycle Network (Feb 2025)","_style_key":"BIKE_LANE"}},{"type":"Feature","id":1974,"geometry":{"type":"LineString","coordinates":[[-6.264360000899882,53.390290000726246],[-6.264089999581158,53.391120000803895],[-6.264059999265181,53.39187000080573]]},"properties":{"Infrastructure type":"BIKE_LANE","Direction":"Forward","Length (m)":177.7,"Source":"NTA Active Travel Cycle Network (Feb 2025)","_style_key":"BIKE_LANE"}},{"type":"Feature","id":1975,"geometry":{"type":"LineString","coordinates":[[-6.264249999190632,53.39581000041101],[-6.2642300000491,53.39639000085223]]},"properties":{"Infrastructure type":"BIKE_LANE","Direction":"Forward","Length (m)":64.6,"Source":"NTA Active Travel Cycle Network (Feb 2025)","_style_key":"BIKE_LANE"}},{"type":"Feature","id":1976,"geometry":{"type":"LineString","coordinates":[[-6.264029999829863,53.396720001445495],[-6.263959999911645,53.397810001064535]]},"properties":{"Infrastructure type":"BIKE_LANE","Direction":"Forward","Length (m)":121.4,"Source":"NTA Active Travel Cycle Network (Feb 2025)","_style_key":"BIKE_LANE"}},{"type":"Feature","id":1977,"geometry":{"type":"LineString","coordinates":[[-6.263959999911645,53.397810001064535],[-6.263730000187286,53.39985000086468],[-6.263899999853737,53.4003900009223],[-6.26439000051024,53.40105000140599]]},"properties":{"Infrastructure type":"BIKE_LANE","Direction":"Forward","Length (m)":369.3,"Source":"NTA Active Travel Cycle Network (Feb 2025)","_style_key":"BIKE_LANE"}},{"type":"Feature","id":1978,"geometry":{"type":"LineString","coordinates":[[-6.264270000211265,53.39531000070353],[-6.264249999190632,53.39581000041101]]},"properties":{"Infrastructure type":"BIKE_LANE","Direction":"Forward","Length (m)":55.7,"Source":"NTA Active Travel Cycle Network (Feb 2025)","_style_key":"BIKE_LANE"}},{"type":"Feature","id":1979,"geometry":{"type":"LineString","coordinates":[[-6.264070000130232,53.39315000076037],[-6.2640899998872275,53.39330000096662]]},"properties":{"Infrastructure type":"BIKE_LANE","Direction":"Forward","Length (m)":16.7,"Source":"NTA Active Travel Cycle Network (Feb 2025)","_style_key":"BIKE_LANE"}},{"type":"Feature","id":1980,"geometry":{"type":"LineString","coordinates":[[-6.264170000193835,53.397480001311244],[-6.263899999529481,53.39975000068286],[-6.2640200001821595,53.400170001306236],[-6.2646299996350985,53.401020001016796]]},"properties":{"Infrastructure type":"BIKE_LANE","Direction":"Forward","Length (m)":404.0,"Source":"NTA Active Travel Cycle Network (Feb 2025)","_style_key":"BIKE_LANE"}},{"type":"Feature","id":1981,"geometry":{"type":"LineString","coordinates":[[-6.264269999961471,53.394870001014276],[-6.264270000211265,53.39531000070353]]},"properties":{"Infrastructure type":"BIKE_LANE","Direction":"Forward","Length (m)":49.0,"Source":"NTA Active Travel Cycle Network (Feb 2025)","_style_key":"BIKE_LANE"}},{"type":"Feature","id":1982,"geometry":{"type":"LineString","coordinates":[[-6.264210000273306,53.39682000164571],[-6.264170000193835,53.397480001311244]]},"properties":{"Infrastructure type":"BIKE_LANE","Direction":"Forward","Length (m)":73.5,"Source":"NTA Active Travel Cycle Network (Feb 2025)","_style_key":"BIKE_LANE"}},{"type":"Feature","id":1983,"geometry":{"type":"LineString","coordinates":[[-6.264699999333695,53.38911000106203],[-6.264169999776163,53.39024000116353]]},"properties":{"Infrastructure type":"BIKE_LANE","Direction":"Forward","Length (m)":130.6,"Source":"NTA Active Travel Cycle Network (Feb 2025)","_style_key":"BIKE_LANE"}},{"type":"Feature","id":1984,"geometry":{"type":"LineString","coordinates":[[-6.2640899998872275,53.39330000096662],[-6.26420999959927,53.39411000119044]]},"properties":{"Infrastructure type":"BIKE_LANE","Direction":"Forward","Length (m)":90.5,"Source":"NTA Active Travel Cycle Network (Feb 2025)","_style_key":"BIKE_LANE"}},{"type":"Feature","id":1985,"geometry":{"type":"LineString","coordinates":[[-6.264900000389049,53.38916000047211],[-6.264360000899882,53.390290000726246]]},"properties":{"Infrastructure type":"BIKE_LANE","Direction":"Forward","Length (m)":130.8,"Source":"NTA Active Travel Cycle Network (Feb 2025)","_style_key":"BIKE_LANE"}},{"type":"Feature","id":1986,"geometry":{"type":"LineString","coordinates":[[-6.264169999776163,53.39024000116353],[-6.26389000012909,53.39092000039802],[-6.2637900002109905,53.39186000072543]]},"properties":{"Infrastructure type":"BIKE_LANE","Direction":"Forward","Length (m)":182.9,"Source":"NTA Active Travel Cycle Network (Feb 2025)","_style_key":"BIKE_LANE"}},{"type":"Feature","id":1987,"geometry":{"type":"LineString","coordinates":[[-6.282630000199686,53.372230000957245],[-6.283480000489314,53.37258000126996]]},"properties":{"Infrastructure type":"BIKE_FRIENDLY_PEDESTRIAN_PATH","Direction":"Forward","Length (m)":68.7,"Source":"NTA Active Travel Cycle Network (Feb 2025)","_style_key":"BIKE_FRIENDLY_PEDESTRIAN_PATH"}},{"type":"Feature","id":1990,"geometry":{"type":"LineString","coordinates":[[-6.231908967866464,53.319224936746345],[-6.230070205323413,53.3179473490167]]},"properties":{"Infrastructure type":"BIKE_LANE","Direction":"Forward","Length (m)":187.7,"Source":"NTA Active Travel Cycle Network (Feb 2025)","_style_key":"BIKE_LANE"}},{"type":"Feature","id":2011,"geometry":{"type":"LineString","coordinates":[[-6.23927239873635,53.3810554258994],[-6.237832400226013,53.38269542573028],[-6.236872358092363,53.38417199609762],[-6.236655201369773,53.38436349985968],[-6.236034442080158,53.38472944635093],[-6.2354114405065015,53.384935002601694],[-6.23243092879668,53.3855580833353],[-6.23014168373761,53.38572079720026],[-6.2281754374750635,53.38567815655125],[-6.22614933863018,53.385471359165166],[-6.22092388753715,53.38458441010847],[-6.216232511795354,53.384296813699095]]},"properties":{"Infrastructure type":"BIKE_LANE","Direction":"Forward","Length (m)":1826.1,"Source":"NTA Active Travel Cycle Network (Feb 2025)","_style_key":"BIKE_LANE"}},{"type":"Feature","id":2012,"geometry":{"type":"LineString","coordinates":[[-6.328210986556751,53.370807881560225],[-6.32008610782815,53.36823009920227],[-6.314606090615835,53.366980113614076],[-6.302326039294772,53.36289014513705]]},"properties":{"Infrastructure type":"BIKE_LANE","Direction":"Forward","Length (m)":1939.3,"Source":"NTA Active Travel Cycle Network (Feb 2025)","_style_key":"BIKE_LANE"}},{"type":"Feature","id":2022,"geometry":{"type":"LineString","coordinates":[[-6.222430000414351,53.313390001067184],[-6.222910000139647,53.313690000797315]]},"properties":{"Infrastructure type":"BIKE_LANE","Direction":"Forward","Length (m)":46.3,"Source":"NTA Active Travel Cycle Network (Feb 2025)","_style_key":"BIKE_LANE"}},{"type":"Feature","id":2023,"geometry":{"type":"LineString","coordinates":[[-6.224249999848955,53.31438000066884],[-6.223489999073824,53.31410000093877]]},"properties":{"Infrastructure type":"BIKE_LANE","Direction":"Forward","Length (m)":59.5,"Source":"NTA Active Travel Cycle Network (Feb 2025)","_style_key":"BIKE_LANE"}},{"type":"Feature","id":2024,"geometry":{"type":"LineString","coordinates":[[-6.225680000512464,53.31489000141729],[-6.224959999882653,53.31461000046115]]},"properties":{"Infrastructure type":"BIKE_LANE","Direction":"Forward","Length (m)":57.2,"Source":"NTA Active Travel Cycle Network (Feb 2025)","_style_key":"BIKE_LANE"}},{"type":"Feature","id":2025,"geometry":{"type":"LineString","coordinates":[[-6.2236869546152285,53.31397393209619],[-6.224443967736641,53.314228982478085]]},"properties":{"Infrastructure type":"BIKE_FRIENDLY_PEDESTRIAN_PATH","Direction":"Forward","Length (m)":57.9,"Source":"NTA Active Travel Cycle Network (Feb 2025)","_style_key":"BIKE_FRIENDLY_PEDESTRIAN_PATH"}},{"type":"Feature","id":2026,"geometry":{"type":"LineString","coordinates":[[-6.230399654422814,53.317850081160024],[-6.232155809090542,53.319116528153046]]},"properties":{"Infrastructure type":"BIKE_FRIENDLY_PEDESTRIAN_PATH","Direction":"Forward","Length (m)":183.3,"Source":"NTA Active Travel Cycle Network (Feb 2025)","_style_key":"BIKE_FRIENDLY_PEDESTRIAN_PATH"}},{"type":"Feature","id":2027,"geometry":{"type":"LineString","coordinates":[[-6.222910000139647,53.313690000797315],[-6.223319999887982,53.31391000066442],[-6.2236869546152285,53.31397393209619]]},"properties":{"Infrastructure type":"BIKE_LANE","Direction":"Forward","Length (m)":62.2,"Source":"NTA Active Travel Cycle Network (Feb 2025)","_style_key":"BIKE_LANE"}},{"type":"Feature","id":2030,"geometry":{"type":"LineString","coordinates":[[-6.2657276847462215,53.33768744763339],[-6.26247733204542,53.3376483773023],[-6.258111900054992,53.33647329264013]]},"properties":{"Infrastructure type":"BIKE_LANE","Direction":"Forward","Length (m)":536.1,"Source":"NTA Active Travel Cycle Network (Feb 2025)","_style_key":"BIKE_LANE"}},{"type":"Feature","id":2031,"geometry":{"type":"LineString","coordinates":[[-6.265692557243992,53.33755478016908],[-6.265500000104393,53.33756000080883]]},"properties":{"Infrastructure type":"BIKE_LANE","Direction":"Forward","Length (m)":12.8,"Source":"NTA Active Travel Cycle Network (Feb 2025)","_style_key":"BIKE_LANE"}},{"type":"Feature","id":2032,"geometry":{"type":"LineString","coordinates":[[-6.260836283223578,53.337055409676815],[-6.26255245414722,53.33750232323486]]},"properties":{"Infrastructure type":"BIKE_LANE","Direction":"Forward","Length (m)":124.7,"Source":"NTA Active Travel Cycle Network (Feb 2025)","_style_key":"BIKE_LANE"}},{"type":"Feature","id":2033,"geometry":{"type":"LineString","coordinates":[[-6.264730000717814,53.33763000097475],[-6.26459999930112,53.33763000105805]]},"properties":{"Infrastructure type":"BIKE_LANE","Direction":"Forward","Length (m)":8.7,"Source":"NTA Active Travel Cycle Network (Feb 2025)","_style_key":"BIKE_LANE"}},{"type":"Feature","id":2034,"geometry":{"type":"LineString","coordinates":[[-6.266419733936157,53.33763269366796],[-6.265885206800223,53.33767363165047]]},"properties":{"Infrastructure type":"BIKE_LANE","Direction":"Forward","Length (m)":35.9,"Source":"NTA Active Travel Cycle Network (Feb 2025)","_style_key":"BIKE_LANE"}},{"type":"Feature","id":2035,"geometry":{"type":"LineString","coordinates":[[-6.264760000007508,53.33755000084443],[-6.26461000083534,53.33755000127627]]},"properties":{"Infrastructure type":"BIKE_LANE","Direction":"Forward","Length (m)":10.0,"Source":"NTA Active Travel Cycle Network (Feb 2025)","_style_key":"BIKE_LANE"}},{"type":"Feature","id":2036,"geometry":{"type":"LineString","coordinates":[[-6.183830000369387,53.40029000095014],[-6.183219999470237,53.40067000089167]]},"properties":{"Infrastructure type":"BIKE_LANE","Direction":"Forward","Length (m)":58.6,"Source":"NTA Active Travel Cycle Network (Feb 2025)","_style_key":"BIKE_LANE"}},{"type":"Feature","id":2039,"geometry":{"type":"LineString","coordinates":[[-6.272369999578792,53.33995000130175],[-6.27237999899667,53.34059000127924]]},"properties":{"Infrastructure type":"BIKE_LANE","Direction":"Forward","Length (m)":71.8,"Source":"NTA Active Travel Cycle Network (Feb 2025)","_style_key":"BIKE_LANE"}},{"type":"Feature","id":2042,"geometry":{"type":"LineString","coordinates":[[-6.272379999722649,53.34097000040431],[-6.272350000117277,53.341490001508475]]},"properties":{"Infrastructure type":"BIKE_LANE","Direction":"Forward","Length (m)":57.9,"Source":"NTA Active Travel Cycle Network (Feb 2025)","_style_key":"BIKE_LANE"}},{"type":"Feature","id":2045,"geometry":{"type":"LineString","coordinates":[[-6.2723500000796895,53.34188000073605],[-6.2723200001993575,53.342230000777995]]},"properties":{"Infrastructure type":"BIKE_LANE","Direction":"Forward","Length (m)":39.1,"Source":"NTA Active Travel Cycle Network (Feb 2025)","_style_key":"BIKE_LANE"}},{"type":"Feature","id":2051,"geometry":{"type":"LineString","coordinates":[[-6.232419999053098,53.32984000077258],[-6.2317399995115235,53.3294500006084],[-6.230549999484752,53.32897000091509]]},"properties":{"Infrastructure type":"BIKE_LANE","Direction":"Forward","Length (m)":158.5,"Source":"NTA Active Travel Cycle Network (Feb 2025)","_style_key":"BIKE_LANE"}},{"type":"Feature","id":2052,"geometry":{"type":"LineString","coordinates":[[-6.345681667336142,53.32590597208809],[-6.345945256864082,53.325816842133776]]},"properties":{"Infrastructure type":"BIKE_LANE","Direction":"Forward","Length (m)":20.2,"Source":"NTA Active Travel Cycle Network (Feb 2025)","_style_key":"BIKE_LANE"}},{"type":"Feature","id":2056,"geometry":{"type":"LineString","coordinates":[[-6.268040000518307,53.35606000153211],[-6.267989998868904,53.356290000917866]]},"properties":{"Infrastructure type":"BIKE_LANE","Direction":"Forward","Length (m)":25.9,"Source":"NTA Active Travel Cycle Network (Feb 2025)","_style_key":"BIKE_LANE"}},{"type":"Feature","id":2058,"geometry":{"type":"LineString","coordinates":[[-6.30036673872887,53.29963445112824],[-6.297354669663788,53.30184390400248],[-6.284885910995318,53.30948566782995],[-6.283757623211639,53.30982877517287]]},"properties":{"Infrastructure type":"BIKE_LANE","Direction":"Forward","Length (m)":1592.3,"Source":"NTA Active Travel Cycle Network (Feb 2025)","_style_key":"BIKE_LANE"}},{"type":"Feature","id":2059,"geometry":{"type":"LineString","coordinates":[[-6.303870000869932,53.35707000061885],[-6.304479999757197,53.35800000043193],[-6.309119999789875,53.3608600015345],[-6.310159999983862,53.36137000080114],[-6.318149999152173,53.36427000122795],[-6.319910000109167,53.364820000021574],[-6.322060000592009,53.365190000991504]]},"properties":{"Infrastructure type":"BIKE_LANE","Direction":"Forward","Length (m)":1548.5,"Source":"NTA Active Travel Cycle Network (Feb 2025)","_style_key":"BIKE_LANE"}},{"type":"Feature","id":2060,"geometry":{"type":"LineString","coordinates":[[-6.296269999226663,53.35334000111621],[-6.297999999680562,53.352260001296365]]},"properties":{"Infrastructure type":"BIKE_LANE","Direction":"Forward","Length (m)":166.6,"Source":"NTA Active Travel Cycle Network (Feb 2025)","_style_key":"BIKE_LANE"}},{"type":"Feature","id":2062,"geometry":{"type":"LineString","coordinates":[[-6.268390000395013,53.355350000497324],[-6.268310000089758,53.355490001051514]]},"properties":{"Infrastructure type":"BIKE_LANE","Direction":"Forward","Length (m)":16.5,"Source":"NTA Active Travel Cycle Network (Feb 2025)","_style_key":"BIKE_LANE"}},{"type":"Feature","id":2063,"geometry":{"type":"LineString","coordinates":[[-6.268249999229507,53.355600001048344],[-6.268040000518307,53.35606000153211]]},"properties":{"Infrastructure type":"BIKE_LANE","Direction":"Forward","Length (m)":53.1,"Source":"NTA Active Travel Cycle Network (Feb 2025)","_style_key":"BIKE_LANE"}},{"type":"Feature","id":2065,"geometry":{"type":"LineString","coordinates":[[-6.269535860430834,53.35042000835043],[-6.269733028541834,53.3506594650086],[-6.269828026649392,53.35120214880559]]},"properties":{"Infrastructure type":"BIKE_LANE","Direction":"Forward","Length (m)":90.9,"Source":"NTA Active Travel Cycle Network (Feb 2025)","_style_key":"BIKE_LANE"}},{"type":"Feature","id":2066,"geometry":{"type":"LineString","coordinates":[[-6.266440240424766,53.371862000774655],[-6.268382951269989,53.370288784286934]]},"properties":{"Infrastructure type":"BIKE_LANE","Direction":"Forward","Length (m)":217.8,"Source":"NTA Active Travel Cycle Network (Feb 2025)","_style_key":"BIKE_LANE"}},{"type":"Feature","id":2067,"geometry":{"type":"LineString","coordinates":[[-6.292399999696948,53.355780000588126],[-6.293689999731296,53.354970001061815]]},"properties":{"Infrastructure type":"BIKE_LANE","Direction":"Forward","Length (m)":124.6,"Source":"NTA Active Travel Cycle Network (Feb 2025)","_style_key":"BIKE_LANE"}},{"type":"Feature","id":2068,"geometry":{"type":"LineString","coordinates":[[-6.265885206800223,53.33767363165047],[-6.2657276847462215,53.33768744763339]]},"properties":{"Infrastructure type":"BIKE_LANE","Direction":"Forward","Length (m)":10.6,"Source":"NTA Active Travel Cycle Network (Feb 2025)","_style_key":"BIKE_LANE"}},{"type":"Feature","id":2069,"geometry":{"type":"LineString","coordinates":[[-6.286479999163598,53.37612000107601],[-6.285639999512567,53.37437000072849],[-6.285260000217573,53.373970000701284],[-6.284330000795123,53.3732900007553]]},"properties":{"Infrastructure type":"BIKE_FRIENDLY_PEDESTRIAN_PATH","Direction":"Forward","Length (m)":351.8,"Source":"NTA Active Travel Cycle Network (Feb 2025)","_style_key":"BIKE_FRIENDLY_PEDESTRIAN_PATH"}},{"type":"Feature","id":2071,"geometry":{"type":"LineString","coordinates":[[-6.32978999968685,53.32390000149658],[-6.330119999965669,53.32389000082102]]},"properties":{"Infrastructure type":"BIKE_LANE","Direction":"Forward","Length (m)":22.0,"Source":"NTA Active Travel Cycle Network (Feb 2025)","_style_key":"BIKE_LANE"}},{"type":"Feature","id":2073,"geometry":{"type":"LineString","coordinates":[[-6.272189999925692,53.34193000072014],[-6.272200000994193,53.3416600008991]]},"properties":{"Infrastructure type":"BIKE_LANE","Direction":"Forward","Length (m)":30.1,"Source":"NTA Active Travel Cycle Network (Feb 2025)","_style_key":"BIKE_LANE"}},{"type":"Feature","id":2074,"geometry":{"type":"LineString","coordinates":[[-6.29199000083566,53.38240000116616],[-6.294100000743348,53.384080001198875]]},"properties":{"Infrastructure type":"BIKE_FRIENDLY_PEDESTRIAN_PATH","Direction":"Forward","Length (m)":233.8,"Source":"NTA Active Travel Cycle Network (Feb 2025)","_style_key":"BIKE_FRIENDLY_PEDESTRIAN_PATH"}},{"type":"Feature","id":2077,"geometry":{"type":"LineString","coordinates":[[-6.268012798517708,53.35647560065771],[-6.268015430670733,53.35671973290175]]},"properties":{"Infrastructure type":"BIKE_LANE","Direction":"Forward","Length (m)":27.2,"Source":"NTA Active Travel Cycle Network (Feb 2025)","_style_key":"BIKE_LANE"}},{"type":"Feature","id":2079,"geometry":{"type":"LineString","coordinates":[[-6.22075000016769,53.31165000053822],[-6.220122431219485,53.31109979833488]]},"properties":{"Infrastructure type":"BIKE_LANE","Direction":"Forward","Length (m)":74.2,"Source":"NTA Active Travel Cycle Network (Feb 2025)","_style_key":"BIKE_LANE"}},{"type":"Feature","id":2080,"geometry":{"type":"LineString","coordinates":[[-6.265989999578246,53.337560000886164],[-6.2663778462008795,53.33756190035604]]},"properties":{"Infrastructure type":"BIKE_LANE","Direction":"Forward","Length (m)":25.9,"Source":"NTA Active Travel Cycle Network (Feb 2025)","_style_key":"BIKE_LANE"}},{"type":"Feature","id":2081,"geometry":{"type":"LineString","coordinates":[[-6.2646299996350985,53.401020001016796],[-6.265120000277629,53.40172000045046]]},"properties":{"Infrastructure type":"BIKE_FRIENDLY_PEDESTRIAN_PATH","Direction":"Forward","Length (m)":84.9,"Source":"NTA Active Travel Cycle Network (Feb 2025)","_style_key":"BIKE_FRIENDLY_PEDESTRIAN_PATH"}},{"type":"Feature","id":2083,"geometry":{"type":"LineString","coordinates":[[-6.297720000476185,53.38688000069126],[-6.298300000230896,53.387300000696726]]},"properties":{"Infrastructure type":"BIKE_FRIENDLY_PEDESTRIAN_PATH","Direction":"Forward","Length (m)":60.6,"Source":"NTA Active Travel Cycle Network (Feb 2025)","_style_key":"BIKE_FRIENDLY_PEDESTRIAN_PATH"}},{"type":"Feature","id":2084,"geometry":{"type":"LineString","coordinates":[[-6.345463229886718,53.32597253143598],[-6.345681667336142,53.32590597208809]]},"properties":{"Infrastructure type":"BIKE_LANE","Direction":"Forward","Length (m)":16.3,"Source":"NTA Active Travel Cycle Network (Feb 2025)","_style_key":"BIKE_LANE"}},{"type":"Feature","id":2087,"geometry":{"type":"LineString","coordinates":[[-6.34101999990822,53.323640000980326],[-6.343489999585628,53.32358000087894]]},"properties":{"Infrastructure type":"BIKE_LANE","Direction":"Forward","Length (m)":164.7,"Source":"NTA Active Travel Cycle Network (Feb 2025)","_style_key":"BIKE_LANE"}},{"type":"Feature","id":2088,"geometry":{"type":"LineString","coordinates":[[-6.220521836881541,53.31092229625888],[-6.220901128730107,53.31146158084265]]},"properties":{"Infrastructure type":"BIKE_LANE","Direction":"Forward","Length (m)":65.2,"Source":"NTA Active Travel Cycle Network (Feb 2025)","_style_key":"BIKE_LANE"}},{"type":"Feature","id":2089,"geometry":{"type":"LineString","coordinates":[[-6.289389999440104,53.38085000075091],[-6.291370000546506,53.38198000162644]]},"properties":{"Infrastructure type":"BIKE_FRIENDLY_PEDESTRIAN_PATH","Direction":"Forward","Length (m)":182.2,"Source":"NTA Active Travel Cycle Network (Feb 2025)","_style_key":"BIKE_FRIENDLY_PEDESTRIAN_PATH"}},{"type":"Feature","id":2091,"geometry":{"type":"LineString","coordinates":[[-6.271673892954579,53.34282574242948],[-6.272180000241517,53.34207000111257]]},"properties":{"Infrastructure type":"BIKE_LANE","Direction":"Forward","Length (m)":91.1,"Source":"NTA Active Travel Cycle Network (Feb 2025)","_style_key":"BIKE_LANE"}},{"type":"Feature","id":2093,"geometry":{"type":"LineString","coordinates":[[-6.272180000241517,53.34207000111257],[-6.272189999925692,53.34193000072014]]},"properties":{"Infrastructure type":"BIKE_LANE","Direction":"Forward","Length (m)":15.6,"Source":"NTA Active Travel Cycle Network (Feb 2025)","_style_key":"BIKE_LANE"}},{"type":"Feature","id":2094,"geometry":{"type":"LineString","coordinates":[[-6.182589999969837,53.40079000053518],[-6.182330000682941,53.40095000104237]]},"properties":{"Infrastructure type":"BIKE_LANE","Direction":"Forward","Length (m)":24.8,"Source":"NTA Active Travel Cycle Network (Feb 2025)","_style_key":"BIKE_LANE"}},{"type":"Feature","id":2095,"geometry":{"type":"LineString","coordinates":[[-6.182569999827739,53.40104000069316],[-6.180779999624093,53.40208000094835]]},"properties":{"Infrastructure type":"BIKE_LANE","Direction":"Forward","Length (m)":166.1,"Source":"NTA Active Travel Cycle Network (Feb 2025)","_style_key":"BIKE_LANE"}},{"type":"Feature","id":2096,"geometry":{"type":"LineString","coordinates":[[-6.180029999792356,53.40245000102818],[-6.180489999049645,53.40208000065872]]},"properties":{"Infrastructure type":"BIKE_LANE","Direction":"Forward","Length (m)":51.3,"Source":"NTA Active Travel Cycle Network (Feb 2025)","_style_key":"BIKE_LANE"}},{"type":"Feature","id":2097,"geometry":{"type":"LineString","coordinates":[[-6.223489999073824,53.31410000093877],[-6.222789999134784,53.31376000154571]]},"properties":{"Infrastructure type":"BIKE_LANE","Direction":"Forward","Length (m)":60.1,"Source":"NTA Active Travel Cycle Network (Feb 2025)","_style_key":"BIKE_LANE"}},{"type":"Feature","id":2098,"geometry":{"type":"LineString","coordinates":[[-6.308852933501741,53.34211045917438],[-6.313347546911365,53.34240050279237],[-6.31617358933766,53.34195041202361]]},"properties":{"Infrastructure type":"BIKE_LANE","Direction":"Bi-Directional","Length (m)":497.1,"Source":"NTA Active Travel Cycle Network (Feb 2025)","_style_key":"BIKE_LANE"}},{"type":"Feature","id":2099,"geometry":{"type":"LineString","coordinates":[[-6.257366264720157,53.33613303748612],[-6.260836283223578,53.337055409676815]]},"properties":{"Infrastructure type":"BIKE_LANE","Direction":"Forward","Length (m)":253.0,"Source":"NTA Active Travel Cycle Network (Feb 2025)","_style_key":"BIKE_LANE"}},{"type":"Feature","id":2100,"geometry":{"type":"LineString","coordinates":[[-6.343489999585628,53.32358000087894],[-6.344139999983536,53.32357000073841]]},"properties":{"Infrastructure type":"BIKE_LANE","Direction":"Forward","Length (m)":43.3,"Source":"NTA Active Travel Cycle Network (Feb 2025)","_style_key":"BIKE_LANE"}},{"type":"Feature","id":2101,"geometry":{"type":"LineString","coordinates":[[-6.342916316412423,53.32665273237817],[-6.344979137677422,53.32610996422844]]},"properties":{"Infrastructure type":"BIKE_LANE","Direction":"Forward","Length (m)":150.2,"Source":"NTA Active Travel Cycle Network (Feb 2025)","_style_key":"BIKE_LANE"}},{"type":"Feature","id":2103,"geometry":{"type":"LineString","coordinates":[[-6.2640699997907285,53.39587000085251],[-6.264050000979738,53.39638000062605]]},"properties":{"Infrastructure type":"BIKE_LANE","Direction":"Forward","Length (m)":56.8,"Source":"NTA Active Travel Cycle Network (Feb 2025)","_style_key":"BIKE_LANE"}},{"type":"Feature","id":2104,"geometry":{"type":"LineString","coordinates":[[-6.181559999487638,53.401400000754066],[-6.182330000682941,53.40095000104237]]},"properties":{"Infrastructure type":"BIKE_LANE","Direction":"Forward","Length (m)":71.6,"Source":"NTA Active Travel Cycle Network (Feb 2025)","_style_key":"BIKE_LANE"}},{"type":"Feature","id":2106,"geometry":{"type":"LineString","coordinates":[[-6.2723200001993575,53.342230000777995],[-6.27231999954689,53.34225000109609]]},"properties":{"Infrastructure type":"BIKE_LANE","Direction":"Forward","Length (m)":2.2,"Source":"NTA Active Travel Cycle Network (Feb 2025)","_style_key":"BIKE_LANE"}},{"type":"Feature","id":2107,"geometry":{"type":"LineString","coordinates":[[-6.185149999285795,53.39931000110164],[-6.184549999560282,53.39980000121913]]},"properties":{"Infrastructure type":"BIKE_LANE","Direction":"Forward","Length (m)":67.6,"Source":"NTA Active Travel Cycle Network (Feb 2025)","_style_key":"BIKE_LANE"}},{"type":"Feature","id":2109,"geometry":{"type":"LineString","coordinates":[[-6.336879999930273,53.32382000101033],[-6.336390000494625,53.323840001099704]]},"properties":{"Infrastructure type":"BIKE_LANE","Direction":"Forward","Length (m)":32.7,"Source":"NTA Active Travel Cycle Network (Feb 2025)","_style_key":"BIKE_LANE"}},{"type":"Feature","id":2110,"geometry":{"type":"LineString","coordinates":[[-6.336390000494625,53.323840001099704],[-6.335699999795896,53.323860001438895]]},"properties":{"Infrastructure type":"BIKE_LANE","Direction":"Forward","Length (m)":46.0,"Source":"NTA Active Travel Cycle Network (Feb 2025)","_style_key":"BIKE_LANE"}},{"type":"Feature","id":2111,"geometry":{"type":"LineString","coordinates":[[-6.265692557243992,53.33755478016908],[-6.2658493340075125,53.33755228831803]]},"properties":{"Infrastructure type":"BIKE_LANE","Direction":"Forward","Length (m)":10.4,"Source":"NTA Active Travel Cycle Network (Feb 2025)","_style_key":"BIKE_LANE"}},{"type":"Feature","id":2116,"geometry":{"type":"LineString","coordinates":[[-6.264059999265181,53.39187000080573],[-6.264070000130232,53.39315000076037]]},"properties":{"Infrastructure type":"BIKE_LANE","Direction":"Forward","Length (m)":142.5,"Source":"NTA Active Travel Cycle Network (Feb 2025)","_style_key":"BIKE_LANE"}},{"type":"Feature","id":2117,"geometry":{"type":"LineString","coordinates":[[-6.272379999051939,53.34064000031329],[-6.272379999722649,53.34097000040431]]},"properties":{"Infrastructure type":"BIKE_LANE","Direction":"Forward","Length (m)":36.7,"Source":"NTA Active Travel Cycle Network (Feb 2025)","_style_key":"BIKE_LANE"}},{"type":"Feature","id":2121,"geometry":{"type":"LineString","coordinates":[[-6.226010161457301,53.31479156538667],[-6.226259914068774,53.31493028994647]]},"properties":{"Infrastructure type":"BIKE_LANE","Direction":"Forward","Length (m)":22.7,"Source":"NTA Active Travel Cycle Network (Feb 2025)","_style_key":"BIKE_LANE"}},{"type":"Feature","id":2123,"geometry":{"type":"LineString","coordinates":[[-6.185619999546588,53.3970900013283],[-6.186510900740329,53.397107330500425]]},"properties":{"Infrastructure type":"BIKE_FRIENDLY_PEDESTRIAN_PATH","Direction":"Forward","Length (m)":59.8,"Source":"NTA Active Travel Cycle Network (Feb 2025)","_style_key":"BIKE_FRIENDLY_PEDESTRIAN_PATH"}},{"type":"Feature","id":2124,"geometry":{"type":"LineString","coordinates":[[-6.341019999988424,53.32373000000143],[-6.340080000528958,53.32375000077955]]},"properties":{"Infrastructure type":"BIKE_LANE","Direction":"Forward","Length (m)":62.7,"Source":"NTA Active Travel Cycle Network (Feb 2025)","_style_key":"BIKE_LANE"}},{"type":"Feature","id":2126,"geometry":{"type":"LineString","coordinates":[[-6.280259999490276,53.37077000088288],[-6.281459999517323,53.37168000106098],[-6.282329999527755,53.372110001042195]]},"properties":{"Infrastructure type":"BIKE_FRIENDLY_PEDESTRIAN_PATH","Direction":"Forward","Length (m)":204.4,"Source":"NTA Active Travel Cycle Network (Feb 2025)","_style_key":"BIKE_FRIENDLY_PEDESTRIAN_PATH"}},{"type":"Feature","id":2127,"geometry":{"type":"LineString","coordinates":[[-6.272219999913984,53.34053000126415],[-6.272189999360321,53.34020000079533],[-6.272289999693414,53.33992000084966]]},"properties":{"Infrastructure type":"BIKE_LANE","Direction":"Forward","Length (m)":68.8,"Source":"NTA Active Travel Cycle Network (Feb 2025)","_style_key":"BIKE_LANE"}},{"type":"Feature","id":2129,"geometry":{"type":"LineString","coordinates":[[-6.307129999503803,53.39882000100645],[-6.308510000392162,53.40055000023304]]},"properties":{"Infrastructure type":"BIKE_FRIENDLY_PEDESTRIAN_PATH","Direction":"Forward","Length (m)":213.3,"Source":"NTA Active Travel Cycle Network (Feb 2025)","_style_key":"BIKE_FRIENDLY_PEDESTRIAN_PATH"}},{"type":"Feature","id":2130,"geometry":{"type":"LineString","coordinates":[[-6.336670000098664,53.32373000033772],[-6.338890000413439,53.32370000060007]]},"properties":{"Infrastructure type":"BIKE_LANE","Direction":"Forward","Length (m)":148.0,"Source":"NTA Active Travel Cycle Network (Feb 2025)","_style_key":"BIKE_LANE"}},{"type":"Feature","id":2132,"geometry":{"type":"LineString","coordinates":[[-6.2833099998395605,53.37261000108108],[-6.282240000747955,53.3721800006817]]},"properties":{"Infrastructure type":"BIKE_FRIENDLY_PEDESTRIAN_PATH","Direction":"Forward","Length (m)":85.8,"Source":"NTA Active Travel Cycle Network (Feb 2025)","_style_key":"BIKE_FRIENDLY_PEDESTRIAN_PATH"}},{"type":"Feature","id":2135,"geometry":{"type":"LineString","coordinates":[[-6.186980000239721,53.39734000113967],[-6.187010000660667,53.39743000029821]]},"properties":{"Infrastructure type":"BIKE_FRIENDLY_PEDESTRIAN_PATH","Direction":"Forward","Length (m)":10.3,"Source":"NTA Active Travel Cycle Network (Feb 2025)","_style_key":"BIKE_FRIENDLY_PEDESTRIAN_PATH"}},{"type":"Feature","id":2137,"geometry":{"type":"LineString","coordinates":[[-6.183219999470237,53.40067000089167],[-6.182569999827739,53.40104000069316]]},"properties":{"Infrastructure type":"BIKE_LANE","Direction":"Forward","Length (m)":59.7,"Source":"NTA Active Travel Cycle Network (Feb 2025)","_style_key":"BIKE_LANE"}},{"type":"Feature","id":2139,"geometry":{"type":"LineString","coordinates":[[-6.2725100001482526,53.33934000054303],[-6.272461137635268,53.33891270483819]]},"properties":{"Infrastructure type":"BIKE_LANE","Direction":"Forward","Length (m)":47.7,"Source":"NTA Active Travel Cycle Network (Feb 2025)","_style_key":"BIKE_LANE"}},{"type":"Feature","id":2140,"geometry":{"type":"LineString","coordinates":[[-6.26255245414722,53.33750232323486],[-6.26319999930806,53.337550001190976]]},"properties":{"Infrastructure type":"BIKE_LANE","Direction":"Forward","Length (m)":43.6,"Source":"NTA Active Travel Cycle Network (Feb 2025)","_style_key":"BIKE_LANE"}},{"type":"Feature","id":2144,"geometry":{"type":"LineString","coordinates":[[-6.187160000405525,53.3969800002267],[-6.186980000239721,53.39734000113967]]},"properties":{"Infrastructure type":"BIKE_FRIENDLY_PEDESTRIAN_PATH","Direction":"Forward","Length (m)":41.8,"Source":"NTA Active Travel Cycle Network (Feb 2025)","_style_key":"BIKE_FRIENDLY_PEDESTRIAN_PATH"}},{"type":"Feature","id":2148,"geometry":{"type":"LineString","coordinates":[[-6.286019999701523,53.37467000035256],[-6.2861500003165975,53.374980000638665]]},"properties":{"Infrastructure type":"BIKE_FRIENDLY_PEDESTRIAN_PATH","Direction":"Forward","Length (m)":35.6,"Source":"NTA Active Travel Cycle Network (Feb 2025)","_style_key":"BIKE_FRIENDLY_PEDESTRIAN_PATH"}},{"type":"Feature","id":2149,"geometry":{"type":"LineString","coordinates":[[-6.2658493340075125,53.33755228831803],[-6.265989999578246,53.337560000886164]]},"properties":{"Infrastructure type":"BIKE_LANE","Direction":"Forward","Length (m)":9.4,"Source":"NTA Active Travel Cycle Network (Feb 2025)","_style_key":"BIKE_LANE"}},{"type":"Feature","id":2151,"geometry":{"type":"LineString","coordinates":[[-6.344979137677422,53.32610996422844],[-6.345463229886718,53.32597253143598]]},"properties":{"Infrastructure type":"BIKE_LANE","Direction":"Forward","Length (m)":35.7,"Source":"NTA Active Travel Cycle Network (Feb 2025)","_style_key":"BIKE_LANE"}},{"type":"Feature","id":2152,"geometry":{"type":"LineString","coordinates":[[-6.334680000256466,53.32388000112467],[-6.334230000520327,53.323890000606085]]},"properties":{"Infrastructure type":"BIKE_LANE","Direction":"Forward","Length (m)":30.0,"Source":"NTA Active Travel Cycle Network (Feb 2025)","_style_key":"BIKE_LANE"}},{"type":"Feature","id":2154,"geometry":{"type":"LineString","coordinates":[[-6.26319999930806,53.337550001190976],[-6.26371000053716,53.33756000091137]]},"properties":{"Infrastructure type":"BIKE_LANE","Direction":"Forward","Length (m)":34.0,"Source":"NTA Active Travel Cycle Network (Feb 2025)","_style_key":"BIKE_LANE"}},{"type":"Feature","id":2155,"geometry":{"type":"LineString","coordinates":[[-6.285939999789674,53.37453000147418],[-6.286019999701523,53.37467000035256]]},"properties":{"Infrastructure type":"BIKE_FRIENDLY_PEDESTRIAN_PATH","Direction":"Forward","Length (m)":16.5,"Source":"NTA Active Travel Cycle Network (Feb 2025)","_style_key":"BIKE_FRIENDLY_PEDESTRIAN_PATH"}},{"type":"Feature","id":2156,"geometry":{"type":"LineString","coordinates":[[-6.334230000520327,53.323890000606085],[-6.331389999928118,53.32395000066443]]},"properties":{"Infrastructure type":"BIKE_LANE","Direction":"Forward","Length (m)":189.4,"Source":"NTA Active Travel Cycle Network (Feb 2025)","_style_key":"BIKE_LANE"}},{"type":"Feature","id":2158,"geometry":{"type":"LineString","coordinates":[[-6.340080000528958,53.32375000077955],[-6.336879999930273,53.32382000101033]]},"properties":{"Infrastructure type":"BIKE_LANE","Direction":"Forward","Length (m)":213.4,"Source":"NTA Active Travel Cycle Network (Feb 2025)","_style_key":"BIKE_LANE"}},{"type":"Feature","id":2160,"geometry":{"type":"LineString","coordinates":[[-6.2912800000332325,53.34674000094323],[-6.2908633055897605,53.34744272668551]]},"properties":{"Infrastructure type":"BIKE_LANE","Direction":"Forward","Length (m)":83.2,"Source":"NTA Active Travel Cycle Network (Feb 2025)","_style_key":"BIKE_LANE"}},{"type":"Feature","id":2161,"geometry":{"type":"LineString","coordinates":[[-6.27237999899667,53.34059000127924],[-6.272379999051939,53.34064000031329]]},"properties":{"Infrastructure type":"BIKE_LANE","Direction":"Forward","Length (m)":5.6,"Source":"NTA Active Travel Cycle Network (Feb 2025)","_style_key":"BIKE_LANE"}},{"type":"Feature","id":2162,"geometry":{"type":"LineString","coordinates":[[-6.186907695747835,53.396892289105025],[-6.187420000151661,53.396360000289214]]},"properties":{"Infrastructure type":"BIKE_FRIENDLY_PEDESTRIAN_PATH","Direction":"Forward","Length (m)":68.3,"Source":"NTA Active Travel Cycle Network (Feb 2025)","_style_key":"BIKE_FRIENDLY_PEDESTRIAN_PATH"}},{"type":"Feature","id":2163,"geometry":{"type":"LineString","coordinates":[[-6.222789999134784,53.31376000154571],[-6.222450000213684,53.313530001118664]]},"properties":{"Infrastructure type":"BIKE_LANE","Direction":"Forward","Length (m)":34.2,"Source":"NTA Active Travel Cycle Network (Feb 2025)","_style_key":"BIKE_LANE"}},{"type":"Feature","id":2164,"geometry":{"type":"LineString","coordinates":[[-6.186604121461674,53.39708961540845],[-6.186907695747835,53.396892289105025]]},"properties":{"Infrastructure type":"BIKE_FRIENDLY_PEDESTRIAN_PATH","Direction":"Forward","Length (m)":29.9,"Source":"NTA Active Travel Cycle Network (Feb 2025)","_style_key":"BIKE_FRIENDLY_PEDESTRIAN_PATH"}},{"type":"Feature","id":2166,"geometry":{"type":"LineString","coordinates":[[-6.225892361579051,53.314732809086834],[-6.226010161457301,53.31479156538667]]},"properties":{"Infrastructure type":"BIKE_LANE","Direction":"Forward","Length (m)":10.2,"Source":"NTA Active Travel Cycle Network (Feb 2025)","_style_key":"BIKE_LANE"}},{"type":"Feature","id":2171,"geometry":{"type":"LineString","coordinates":[[-6.331389999928118,53.32395000066443],[-6.329810000270862,53.324000001282876]]},"properties":{"Infrastructure type":"BIKE_LANE","Direction":"Forward","Length (m)":105.4,"Source":"NTA Active Travel Cycle Network (Feb 2025)","_style_key":"BIKE_LANE"}},{"type":"Feature","id":2172,"geometry":{"type":"LineString","coordinates":[[-6.180489999049645,53.40208000065872],[-6.181559999487638,53.401400000754066]]},"properties":{"Infrastructure type":"BIKE_LANE","Direction":"Forward","Length (m)":103.9,"Source":"NTA Active Travel Cycle Network (Feb 2025)","_style_key":"BIKE_LANE"}},{"type":"Feature","id":2173,"geometry":{"type":"LineString","coordinates":[[-6.2699881318758415,53.35124366023051],[-6.268418133359433,53.35295366116903],[-6.2670321146166135,53.35422748741015]]},"properties":{"Infrastructure type":"BIKE_LANE","Direction":"Forward","Length (m)":386.4,"Source":"NTA Active Travel Cycle Network (Feb 2025)","_style_key":"BIKE_LANE"}},{"type":"Feature","id":2174,"geometry":{"type":"LineString","coordinates":[[-6.218705439592065,53.3668316490137],[-6.219211442215105,53.366777270941796]]},"properties":{"Infrastructure type":"BIKE_LANE","Direction":"Forward","Length (m)":34.3,"Source":"NTA Active Travel Cycle Network (Feb 2025)","_style_key":"BIKE_LANE"}},{"type":"Feature","id":2175,"geometry":{"type":"LineString","coordinates":[[-6.183939999178813,53.39997000121536],[-6.184899999158288,53.39922000102683]]},"properties":{"Infrastructure type":"BIKE_LANE","Direction":"Forward","Length (m)":105.2,"Source":"NTA Active Travel Cycle Network (Feb 2025)","_style_key":"BIKE_LANE"}},{"type":"Feature","id":2176,"geometry":{"type":"LineString","coordinates":[[-6.184549999560282,53.39980000121913],[-6.183830000369387,53.40029000095014]]},"properties":{"Infrastructure type":"BIKE_LANE","Direction":"Forward","Length (m)":72.6,"Source":"NTA Active Travel Cycle Network (Feb 2025)","_style_key":"BIKE_LANE"}},{"type":"Feature","id":2177,"geometry":{"type":"LineString","coordinates":[[-6.268654880846614,53.37059088189451],[-6.2694299998398595,53.37154000057515],[-6.269187272713915,53.37195361763905],[-6.268509999776993,53.37273000107376],[-6.268740000397655,53.37376000049038],[-6.268649999644692,53.37442000069934],[-6.2687300002524005,53.37476000135771],[-6.269009999544585,53.37508000038794],[-6.270320000385302,53.37581000105032],[-6.269169999269856,53.37730000088186],[-6.268929999891484,53.3775200010192],[-6.2674600005062935,53.37826000085733],[-6.266099999794561,53.37985000080006]]},"properties":{"Infrastructure type":"BIKE_LANE","Direction":"Forward","Length (m)":1189.3,"Source":"NTA Active Travel Cycle Network (Feb 2025)","_style_key":"BIKE_LANE"}},{"type":"Feature","id":2178,"geometry":{"type":"LineString","coordinates":[[-6.288825988140182,53.35715635513304],[-6.2905699995955615,53.35691000112722]]},"properties":{"Infrastructure type":"BIKE_LANE","Direction":"Forward","Length (m)":119.7,"Source":"NTA Active Travel Cycle Network (Feb 2025)","_style_key":"BIKE_LANE"}},{"type":"Feature","id":2179,"geometry":{"type":"LineString","coordinates":[[-6.272480000204782,53.35461000070404],[-6.2723099994526965,53.35497000096308],[-6.271770000500109,53.35524000085851]]},"properties":{"Infrastructure type":"BIKE_LANE","Direction":"Forward","Length (m)":89.3,"Source":"NTA Active Travel Cycle Network (Feb 2025)","_style_key":"BIKE_LANE"}},{"type":"Feature","id":2180,"geometry":{"type":"LineString","coordinates":[[-6.280061833951169,53.359305769621464],[-6.2806263469157395,53.359160561353434]]},"properties":{"Infrastructure type":"BIKE_LANE","Direction":"Forward","Length (m)":40.9,"Source":"NTA Active Travel Cycle Network (Feb 2025)","_style_key":"BIKE_LANE"}},{"type":"Feature","id":2181,"geometry":{"type":"LineString","coordinates":[[-6.281879999656497,53.3504700009349],[-6.282050000466541,53.35067000046619]]},"properties":{"Infrastructure type":"BIKE_LANE","Direction":"Forward","Length (m)":25.1,"Source":"NTA Active Travel Cycle Network (Feb 2025)","_style_key":"BIKE_LANE"}},{"type":"Feature","id":2182,"geometry":{"type":"LineString","coordinates":[[-6.187010000660667,53.39743000029821],[-6.187529999347179,53.3977400000844]]},"properties":{"Infrastructure type":"BIKE_FRIENDLY_PEDESTRIAN_PATH","Direction":"Forward","Length (m)":49.2,"Source":"NTA Active Travel Cycle Network (Feb 2025)","_style_key":"BIKE_FRIENDLY_PEDESTRIAN_PATH"}},{"type":"Feature","id":2184,"geometry":{"type":"LineString","coordinates":[[-6.221200712956912,53.397582191719835],[-6.219822072788862,53.39731090920408]]},"properties":{"Infrastructure type":"BIKE_LANE","Direction":"Forward","Length (m)":96.5,"Source":"NTA Active Travel Cycle Network (Feb 2025)","_style_key":"BIKE_LANE"}},{"type":"Feature","id":2188,"geometry":{"type":"LineString","coordinates":[[-6.184899999158288,53.39922000102683],[-6.185980000551107,53.398120001054174],[-6.186131904619186,53.397639619773315]]},"properties":{"Infrastructure type":"BIKE_LANE","Direction":"Forward","Length (m)":196.6,"Source":"NTA Active Travel Cycle Network (Feb 2025)","_style_key":"BIKE_LANE"}},{"type":"Feature","id":2189,"geometry":{"type":"LineString","coordinates":[[-6.335699999795896,53.323860001438895],[-6.334680000256466,53.32388000112467]]},"properties":{"Infrastructure type":"BIKE_LANE","Direction":"Forward","Length (m)":68.0,"Source":"NTA Active Travel Cycle Network (Feb 2025)","_style_key":"BIKE_LANE"}},{"type":"Feature","id":2190,"geometry":{"type":"LineString","coordinates":[[-6.334199999981568,53.323780001188894],[-6.33467000044859,53.323770000633075]]},"properties":{"Infrastructure type":"BIKE_LANE","Direction":"Forward","Length (m)":31.3,"Source":"NTA Active Travel Cycle Network (Feb 2025)","_style_key":"BIKE_LANE"}},{"type":"Feature","id":2191,"geometry":{"type":"LineString","coordinates":[[-6.33467000044859,53.323770000633075],[-6.335689999954349,53.32376000114673]]},"properties":{"Infrastructure type":"BIKE_LANE","Direction":"Forward","Length (m)":68.0,"Source":"NTA Active Travel Cycle Network (Feb 2025)","_style_key":"BIKE_LANE"}},{"type":"Feature","id":2192,"geometry":{"type":"LineString","coordinates":[[-6.2861500003165975,53.374980000638665],[-6.286220000687767,53.37512000047484]]},"properties":{"Infrastructure type":"BIKE_FRIENDLY_PEDESTRIAN_PATH","Direction":"Forward","Length (m)":16.3,"Source":"NTA Active Travel Cycle Network (Feb 2025)","_style_key":"BIKE_FRIENDLY_PEDESTRIAN_PATH"}},{"type":"Feature","id":2194,"geometry":{"type":"LineString","coordinates":[[-6.330119999965669,53.32389000082102],[-6.332649999503962,53.32382000071835]]},"properties":{"Infrastructure type":"BIKE_LANE","Direction":"Forward","Length (m)":168.8,"Source":"NTA Active Travel Cycle Network (Feb 2025)","_style_key":"BIKE_LANE"}},{"type":"Feature","id":2195,"geometry":{"type":"LineString","coordinates":[[-6.26461000083534,53.33755000127627],[-6.26371000053716,53.33756000091137]]},"properties":{"Infrastructure type":"BIKE_LANE","Direction":"Forward","Length (m)":60.0,"Source":"NTA Active Travel Cycle Network (Feb 2025)","_style_key":"BIKE_LANE"}},{"type":"Feature","id":2196,"geometry":{"type":"LineString","coordinates":[[-6.226840213928413,53.35020762742354],[-6.226050213483059,53.35127762764957]]},"properties":{"Infrastructure type":"BIKE_FRIENDLY_PEDESTRIAN_PATH","Direction":"Forward","Length (m)":130.2,"Source":"NTA Active Travel Cycle Network (Feb 2025)","_style_key":"BIKE_FRIENDLY_PEDESTRIAN_PATH"}},{"type":"Feature","id":2197,"geometry":{"type":"LineString","coordinates":[[-6.225717091409557,53.35117083497676],[-6.226557093869257,53.350020835033035]]},"properties":{"Infrastructure type":"BIKE_FRIENDLY_PEDESTRIAN_PATH","Direction":"Forward","Length (m)":139.7,"Source":"NTA Active Travel Cycle Network (Feb 2025)","_style_key":"BIKE_FRIENDLY_PEDESTRIAN_PATH"}},{"type":"Feature","id":2198,"geometry":{"type":"LineString","coordinates":[[-6.227030212798168,53.349767626100345],[-6.226840213928413,53.35020762742354]]},"properties":{"Infrastructure type":"BIKE_FRIENDLY_PEDESTRIAN_PATH","Direction":"Forward","Length (m)":51.0,"Source":"NTA Active Travel Cycle Network (Feb 2025)","_style_key":"BIKE_FRIENDLY_PEDESTRIAN_PATH"}},{"type":"Feature","id":2199,"geometry":{"type":"LineString","coordinates":[[-6.272350000117277,53.341490001508475],[-6.272349999398104,53.341660000703534]]},"properties":{"Infrastructure type":"BIKE_LANE","Direction":"Forward","Length (m)":18.9,"Source":"NTA Active Travel Cycle Network (Feb 2025)","_style_key":"BIKE_LANE"}},{"type":"Feature","id":2200,"geometry":{"type":"LineString","coordinates":[[-6.2642300000491,53.39639000085223],[-6.264210000273306,53.39682000164571]]},"properties":{"Infrastructure type":"BIKE_LANE","Direction":"Forward","Length (m)":47.9,"Source":"NTA Active Travel Cycle Network (Feb 2025)","_style_key":"BIKE_LANE"}},{"type":"Feature","id":2201,"geometry":{"type":"LineString","coordinates":[[-6.264760000007508,53.33755000084443],[-6.265500000104393,53.33756000080883]]},"properties":{"Infrastructure type":"BIKE_LANE","Direction":"Forward","Length (m)":49.3,"Source":"NTA Active Travel Cycle Network (Feb 2025)","_style_key":"BIKE_LANE"}},{"type":"Feature","id":2202,"geometry":{"type":"LineString","coordinates":[[-6.293519615277523,53.33212787338296],[-6.291441283640338,53.333511834644945]]},"properties":{"Infrastructure type":"BIKE_LANE","Direction":"Forward","Length (m)":207.3,"Source":"NTA Active Travel Cycle Network (Feb 2025)","_style_key":"BIKE_LANE"}},{"type":"Feature","id":2203,"geometry":{"type":"LineString","coordinates":[[-6.262600000469191,53.35203000042071],[-6.261960000620308,53.35238000053581]]},"properties":{"Infrastructure type":"BIKE_LANE","Direction":"Forward","Length (m)":58.1,"Source":"NTA Active Travel Cycle Network (Feb 2025)","_style_key":"BIKE_LANE"}},{"type":"Feature","id":2204,"geometry":{"type":"LineString","coordinates":[[-6.272089999742275,53.36655000145665],[-6.2724300002875895,53.36695000086363]]},"properties":{"Infrastructure type":"BIKE_LANE","Direction":"Forward","Length (m)":49.9,"Source":"NTA Active Travel Cycle Network (Feb 2025)","_style_key":"BIKE_LANE"}},{"type":"Feature","id":2206,"geometry":{"type":"MultiLineString","coordinates":[[[-6.308809301998312,53.30283527247962],[-6.3083956146680915,53.3030764937461],[-6.30737225240135,53.30445257151927],[-6.305092244541187,53.30888257087664],[-6.30426224387199,53.30953257039562],[-6.299805404154638,53.312026433694804]],[[-6.2998056903185935,53.312026257113175],[-6.297862230562271,53.31323256831386],[-6.293712221539845,53.31685256693914],[-6.292552218217733,53.31774256685856],[-6.29077221347242,53.31939256595935],[-6.2905322147347515,53.31952256493944],[-6.289592213284438,53.31969256533015],[-6.287072209019045,53.31998256489914],[-6.2846822043853905,53.321002564033265],[-6.2837022017466335,53.321882563322106],[-6.28333220089345,53.32209256357145],[-6.281352197642505,53.32275256252411],[-6.280072195417288,53.32361256216115],[-6.2785643539056055,53.32596078473223]]]},"properties":{"Infrastructure type":"BIKE_LANE","Direction":"Forward","Length (m)":3407.9,"Source":"NTA Active Travel Cycle Network (Feb 2025)","_style_key":"BIKE_LANE"}},{"type":"Feature","id":2207,"geometry":{"type":"LineString","coordinates":[[-6.249352929589279,53.34413652745099],[-6.2485329320055545,53.345436527783235],[-6.247982934242593,53.34660652860305]]},"properties":{"Infrastructure type":"BIKE_LANE","Direction":"Reverse","Length (m)":290.0,"Source":"NTA Active Travel Cycle Network (Feb 2025)","_style_key":"BIKE_LANE"}},{"type":"Feature","id":2208,"geometry":{"type":"LineString","coordinates":[[-6.264089999158541,53.39510000127205],[-6.2640699997907285,53.39587000085251]]},"properties":{"Infrastructure type":"BIKE_LANE","Direction":"Forward","Length (m)":85.7,"Source":"NTA Active Travel Cycle Network (Feb 2025)","_style_key":"BIKE_LANE"}},{"type":"Feature","id":2209,"geometry":{"type":"LineString","coordinates":[[-6.272239999764894,53.34097000071224],[-6.272240000175322,53.34064000062991]]},"properties":{"Infrastructure type":"BIKE_LANE","Direction":"Forward","Length (m)":36.7,"Source":"NTA Active Travel Cycle Network (Feb 2025)","_style_key":"BIKE_LANE"}},{"type":"Feature","id":2210,"geometry":{"type":"LineString","coordinates":[[-6.338890000413439,53.32370000060007],[-6.34101999990822,53.323640000980326]]},"properties":{"Infrastructure type":"BIKE_LANE","Direction":"Forward","Length (m)":142.1,"Source":"NTA Active Travel Cycle Network (Feb 2025)","_style_key":"BIKE_LANE"}},{"type":"Feature","id":2212,"geometry":{"type":"LineString","coordinates":[[-6.333220000617764,53.3238000013989],[-6.334199999981568,53.323780001188894]]},"properties":{"Infrastructure type":"BIKE_LANE","Direction":"Forward","Length (m)":65.3,"Source":"NTA Active Travel Cycle Network (Feb 2025)","_style_key":"BIKE_LANE"}},{"type":"Feature","id":2213,"geometry":{"type":"LineString","coordinates":[[-6.284330000795123,53.3732900007553],[-6.2833099998395605,53.37261000108108]]},"properties":{"Infrastructure type":"BIKE_FRIENDLY_PEDESTRIAN_PATH","Direction":"Forward","Length (m)":101.9,"Source":"NTA Active Travel Cycle Network (Feb 2025)","_style_key":"BIKE_FRIENDLY_PEDESTRIAN_PATH"}},{"type":"Feature","id":2215,"geometry":{"type":"LineString","coordinates":[[-6.272209999993895,53.34149000089094],[-6.272239999764894,53.34097000071224]]},"properties":{"Infrastructure type":"BIKE_LANE","Direction":"Forward","Length (m)":57.9,"Source":"NTA Active Travel Cycle Network (Feb 2025)","_style_key":"BIKE_LANE"}},{"type":"Feature","id":2217,"geometry":{"type":"LineString","coordinates":[[-6.343810000084584,53.323660000432106],[-6.341019999988424,53.32373000000143]]},"properties":{"Infrastructure type":"BIKE_LANE","Direction":"Forward","Length (m)":186.1,"Source":"NTA Active Travel Cycle Network (Feb 2025)","_style_key":"BIKE_LANE"}},{"type":"Feature","id":2220,"geometry":{"type":"LineString","coordinates":[[-6.226259914068774,53.31493028994647],[-6.226630472233824,53.315115812387184],[-6.228584060289927,53.31657444285972]]},"properties":{"Infrastructure type":"BIKE_LANE","Direction":"Forward","Length (m)":240.3,"Source":"NTA Active Travel Cycle Network (Feb 2025)","_style_key":"BIKE_LANE"}},{"type":"Feature","id":2223,"geometry":{"type":"LineString","coordinates":[[-6.2637900002109905,53.39186000072543],[-6.263839999201,53.39304000090131]]},"properties":{"Infrastructure type":"BIKE_LANE","Direction":"Forward","Length (m)":131.4,"Source":"NTA Active Travel Cycle Network (Feb 2025)","_style_key":"BIKE_LANE"}},{"type":"Feature","id":2228,"geometry":{"type":"LineString","coordinates":[[-6.293989999953316,53.38412000126574],[-6.291909999881822,53.38251000038817]]},"properties":{"Infrastructure type":"BIKE_FRIENDLY_PEDESTRIAN_PATH","Direction":"Forward","Length (m)":226.5,"Source":"NTA Active Travel Cycle Network (Feb 2025)","_style_key":"BIKE_FRIENDLY_PEDESTRIAN_PATH"}},{"type":"Feature","id":2229,"geometry":{"type":"LineString","coordinates":[[-6.2864700002247424,53.37576000075595],[-6.286539999656349,53.375910001348664]]},"properties":{"Infrastructure type":"BIKE_LANE","Direction":"Forward","Length (m)":17.3,"Source":"NTA Active Travel Cycle Network (Feb 2025)","_style_key":"BIKE_LANE"}},{"type":"Feature","id":2230,"geometry":{"type":"LineString","coordinates":[[-6.29125000065721,53.38206000012546],[-6.289560000304205,53.38109000054295]]},"properties":{"Infrastructure type":"BIKE_FRIENDLY_PEDESTRIAN_PATH","Direction":"Forward","Length (m)":155.9,"Source":"NTA Active Travel Cycle Network (Feb 2025)","_style_key":"BIKE_FRIENDLY_PEDESTRIAN_PATH"}},{"type":"Feature","id":2235,"geometry":{"type":"LineString","coordinates":[[-6.27138999932688,53.3673200004669],[-6.271120000717971,53.36729000131167]]},"properties":{"Infrastructure type":"BIKE_LANE","Direction":"Forward","Length (m)":18.3,"Source":"NTA Active Travel Cycle Network (Feb 2025)","_style_key":"BIKE_LANE"}},{"type":"Feature","id":2238,"geometry":{"type":"LineString","coordinates":[[-6.272289999693414,53.33992000084966],[-6.2725100001482526,53.33934000054303]]},"properties":{"Infrastructure type":"BIKE_LANE","Direction":"Forward","Length (m)":66.3,"Source":"NTA Active Travel Cycle Network (Feb 2025)","_style_key":"BIKE_LANE"}},{"type":"Feature","id":2244,"geometry":{"type":"LineString","coordinates":[[-6.250399999174149,53.34159000150019],[-6.250559999238344,53.3413500007599]]},"properties":{"Infrastructure type":"BIKE_LANE","Direction":"Forward","Length (m)":28.8,"Source":"NTA Active Travel Cycle Network (Feb 2025)","_style_key":"BIKE_LANE"}},{"type":"Feature","id":2245,"geometry":{"type":"LineString","coordinates":[[-6.273151640447159,53.36794994185253],[-6.272749999760556,53.36756000087742],[-6.272420000326186,53.367460000907265]]},"properties":{"Infrastructure type":"BIKE_LANE","Direction":"Forward","Length (m)":76.0,"Source":"NTA Active Travel Cycle Network (Feb 2025)","_style_key":"BIKE_LANE"}},{"type":"Feature","id":2247,"geometry":{"type":"LineString","coordinates":[[-6.338935728429933,53.36163088483734],[-6.333005283960104,53.36308587340275]]},"properties":{"Infrastructure type":"BIKE_FRIENDLY_PEDESTRIAN_PATH","Direction":"Bi-Directional","Length (m)":432.3,"Source":"NTA Active Travel Cycle Network (Feb 2025)","_style_key":"BIKE_FRIENDLY_PEDESTRIAN_PATH"}},{"type":"Feature","id":2252,"geometry":{"type":"LineString","coordinates":[[-6.293270195647454,53.33205689451931],[-6.291618064114505,53.33165055996384],[-6.284493036270955,53.33060859013207],[-6.279467953004879,53.329928069117024],[-6.27560037936212,53.329589862130966]]},"properties":{"Infrastructure type":"BIKE_LANE","Direction":"Forward","Length (m)":1212.1,"Source":"NTA Active Travel Cycle Network (Feb 2025)","_style_key":"BIKE_LANE"}},{"type":"Feature","id":2253,"geometry":{"type":"LineString","coordinates":[[-6.308231802504227,53.345383662267814],[-6.308378373101597,53.34796254756423],[-6.3086977402544235,53.34815553376727]]},"properties":{"Infrastructure type":"BIKE_LANE","Direction":"Forward","Length (m)":318.6,"Source":"NTA Active Travel Cycle Network (Feb 2025)","_style_key":"BIKE_LANE"}},{"type":"Feature","id":2254,"geometry":{"type":"LineString","coordinates":[[-6.251891415979391,53.34910059972013],[-6.2517817571421865,53.34920072506176],[-6.2518090419355135,53.34942156931416]]},"properties":{"Infrastructure type":"BIKE_FRIENDLY_PEDESTRIAN_PATH","Direction":"Forward","Length (m)":38.0,"Source":"NTA Active Travel Cycle Network (Feb 2025)","_style_key":"BIKE_FRIENDLY_PEDESTRIAN_PATH"}},{"type":"Feature","id":2256,"geometry":{"type":"LineString","coordinates":[[-6.234260000131807,53.35791000103487],[-6.234050000095609,53.358050001448746]]},"properties":{"Infrastructure type":"BIKE_FRIENDLY_PEDESTRIAN_PATH","Direction":"Forward","Length (m)":20.9,"Source":"NTA Active Travel Cycle Network (Feb 2025)","_style_key":"BIKE_FRIENDLY_PEDESTRIAN_PATH"}},{"type":"Feature","id":2258,"geometry":{"type":"LineString","coordinates":[[-6.272200000994193,53.3416600008991],[-6.272209999993895,53.34149000089094]]},"properties":{"Infrastructure type":"BIKE_LANE","Direction":"Forward","Length (m)":18.9,"Source":"NTA Active Travel Cycle Network (Feb 2025)","_style_key":"BIKE_LANE"}},{"type":"Feature","id":2259,"geometry":{"type":"LineString","coordinates":[[-6.2390801459855565,53.33859582795658],[-6.239007811243214,53.33874592570059]]},"properties":{"Infrastructure type":"BIKE_FRIENDLY_PEDESTRIAN_PATH","Direction":"Bi-Directional","Length (m)":21.5,"Source":"NTA Active Travel Cycle Network (Feb 2025)","_style_key":"BIKE_FRIENDLY_PEDESTRIAN_PATH"}},{"type":"Feature","id":2266,"geometry":{"type":"LineString","coordinates":[[-6.243929999850256,53.382250001113725],[-6.244500000632893,53.38244000128979]]},"properties":{"Infrastructure type":"BIKE_LANE","Direction":"Forward","Length (m)":43.4,"Source":"NTA Active Travel Cycle Network (Feb 2025)","_style_key":"BIKE_LANE"}},{"type":"Feature","id":2267,"geometry":{"type":"LineString","coordinates":[[-6.2724300002875895,53.36695000086363],[-6.272739999582495,53.36729000107831]]},"properties":{"Infrastructure type":"BIKE_LANE","Direction":"Forward","Length (m)":43.1,"Source":"NTA Active Travel Cycle Network (Feb 2025)","_style_key":"BIKE_LANE"}},{"type":"Feature","id":2268,"geometry":{"type":"LineString","coordinates":[[-6.271120000717971,53.36729000131167],[-6.270707117955215,53.36727989256075]]},"properties":{"Infrastructure type":"BIKE_LANE","Direction":"Forward","Length (m)":28.9,"Source":"NTA Active Travel Cycle Network (Feb 2025)","_style_key":"BIKE_LANE"}},{"type":"Feature","id":2271,"geometry":{"type":"LineString","coordinates":[[-6.291370000546506,53.38198000162644],[-6.29199000083566,53.38240000116616]]},"properties":{"Infrastructure type":"BIKE_FRIENDLY_PEDESTRIAN_PATH","Direction":"Forward","Length (m)":62.4,"Source":"NTA Active Travel Cycle Network (Feb 2025)","_style_key":"BIKE_FRIENDLY_PEDESTRIAN_PATH"}},{"type":"Feature","id":2278,"geometry":{"type":"LineString","coordinates":[[-6.272739999582495,53.36729000107831],[-6.2732568683792485,53.36789122915946]]},"properties":{"Infrastructure type":"BIKE_LANE","Direction":"Forward","Length (m)":75.4,"Source":"NTA Active Travel Cycle Network (Feb 2025)","_style_key":"BIKE_LANE"}},{"type":"Feature","id":2279,"geometry":{"type":"LineString","coordinates":[[-6.269363072243352,53.35022709300127],[-6.269535860430834,53.35042000835043]]},"properties":{"Infrastructure type":"BIKE_LANE","Direction":"Forward","Length (m)":25.1,"Source":"NTA Active Travel Cycle Network (Feb 2025)","_style_key":"BIKE_LANE"}},{"type":"Feature","id":2282,"geometry":{"type":"LineString","coordinates":[[-6.248640000926708,53.34400000106397],[-6.249207220082912,53.34411344514055]]},"properties":{"Infrastructure type":"BIKE_LANE","Direction":"Forward","Length (m)":39.8,"Source":"NTA Active Travel Cycle Network (Feb 2025)","_style_key":"BIKE_LANE"}},{"type":"Feature","id":2284,"geometry":{"type":"LineString","coordinates":[[-6.2260000006724265,53.31503000164944],[-6.225680000512464,53.31489000141729]]},"properties":{"Infrastructure type":"BIKE_LANE","Direction":"Forward","Length (m)":26.4,"Source":"NTA Active Travel Cycle Network (Feb 2025)","_style_key":"BIKE_LANE"}},{"type":"Feature","id":2286,"geometry":{"type":"LineString","coordinates":[[-6.222450000213684,53.313530001118664],[-6.221660000323967,53.312820001086024],[-6.22075000016769,53.31165000053822]]},"properties":{"Infrastructure type":"BIKE_LANE","Direction":"Forward","Length (m)":238.8,"Source":"NTA Active Travel Cycle Network (Feb 2025)","_style_key":"BIKE_LANE"}},{"type":"Feature","id":2289,"geometry":{"type":"LineString","coordinates":[[-6.291930000552686,53.3461500006638],[-6.292309999148631,53.34609000072899]]},"properties":{"Infrastructure type":"BIKE_LANE","Direction":"Forward","Length (m)":26.2,"Source":"NTA Active Travel Cycle Network (Feb 2025)","_style_key":"BIKE_LANE"}},{"type":"Feature","id":2290,"geometry":{"type":"LineString","coordinates":[[-6.296770000385724,53.36099000081489],[-6.2972700005042155,53.36113000128728]]},"properties":{"Infrastructure type":"BIKE_LANE","Direction":"Forward","Length (m)":36.8,"Source":"NTA Active Travel Cycle Network (Feb 2025)","_style_key":"BIKE_LANE"}},{"type":"Feature","id":2291,"geometry":{"type":"LineString","coordinates":[[-6.224959999882653,53.31461000046115],[-6.224249999848955,53.31438000066884]]},"properties":{"Infrastructure type":"BIKE_LANE","Direction":"Forward","Length (m)":53.8,"Source":"NTA Active Travel Cycle Network (Feb 2025)","_style_key":"BIKE_LANE"}},{"type":"Feature","id":2294,"geometry":{"type":"LineString","coordinates":[[-6.293689999731296,53.354970001061815],[-6.296269999226663,53.35334000111621]]},"properties":{"Infrastructure type":"BIKE_LANE","Direction":"Forward","Length (m)":249.9,"Source":"NTA Active Travel Cycle Network (Feb 2025)","_style_key":"BIKE_LANE"}},{"type":"Feature","id":2295,"geometry":{"type":"LineString","coordinates":[[-6.212340000630637,53.31878000071094],[-6.211489999954805,53.31837000013357]]},"properties":{"Infrastructure type":"BIKE_LANE","Direction":"Forward","Length (m)":72.8,"Source":"NTA Active Travel Cycle Network (Feb 2025)","_style_key":"BIKE_LANE"}},{"type":"Feature","id":2296,"geometry":{"type":"LineString","coordinates":[[-6.272659165688928,53.33936452817937],[-6.272369999578792,53.33995000130175]]},"properties":{"Infrastructure type":"BIKE_LANE","Direction":"Forward","Length (m)":68.0,"Source":"NTA Active Travel Cycle Network (Feb 2025)","_style_key":"BIKE_LANE"}},{"type":"Feature","id":2297,"geometry":{"type":"LineString","coordinates":[[-6.265849999754123,53.38176000100639],[-6.2656999995244,53.38288000020762]]},"properties":{"Infrastructure type":"BIKE_LANE","Direction":"Forward","Length (m)":125.0,"Source":"NTA Active Travel Cycle Network (Feb 2025)","_style_key":"BIKE_LANE"}},{"type":"Feature","id":2298,"geometry":{"type":"LineString","coordinates":[[-6.2656999995244,53.38288000020762],[-6.265259999559123,53.38480000067512]]},"properties":{"Infrastructure type":"BIKE_LANE","Direction":"Forward","Length (m)":215.7,"Source":"NTA Active Travel Cycle Network (Feb 2025)","_style_key":"BIKE_LANE"}},{"type":"Feature","id":2299,"geometry":{"type":"LineString","coordinates":[[-6.265729999156939,53.380670001248745],[-6.265649999726236,53.38175000068578]]},"properties":{"Infrastructure type":"BIKE_LANE","Direction":"Forward","Length (m)":120.3,"Source":"NTA Active Travel Cycle Network (Feb 2025)","_style_key":"BIKE_LANE"}},{"type":"Feature","id":2300,"geometry":{"type":"LineString","coordinates":[[-6.2982199989975705,53.345600000621985],[-6.298419999461121,53.34558000100703]]},"properties":{"Infrastructure type":"BIKE_LANE","Direction":"Forward","Length (m)":13.5,"Source":"NTA Active Travel Cycle Network (Feb 2025)","_style_key":"BIKE_LANE"}},{"type":"Feature","id":2304,"geometry":{"type":"LineString","coordinates":[[-6.27231999954689,53.34225000109609],[-6.272120000113305,53.34268000140935]]},"properties":{"Infrastructure type":"BIKE_LANE","Direction":"Forward","Length (m)":49.7,"Source":"NTA Active Travel Cycle Network (Feb 2025)","_style_key":"BIKE_LANE"}},{"type":"Feature","id":2305,"geometry":{"type":"LineString","coordinates":[[-6.272120000113305,53.34268000140935],[-6.271873584328104,53.34301187915154]]},"properties":{"Infrastructure type":"BIKE_LANE","Direction":"Forward","Length (m)":40.7,"Source":"NTA Active Travel Cycle Network (Feb 2025)","_style_key":"BIKE_LANE"}},{"type":"Feature","id":2306,"geometry":{"type":"LineString","coordinates":[[-6.273099999122369,53.35420000120997],[-6.272940000875728,53.354400000994595]]},"properties":{"Infrastructure type":"BIKE_LANE","Direction":"Forward","Length (m)":24.7,"Source":"NTA Active Travel Cycle Network (Feb 2025)","_style_key":"BIKE_LANE"}},{"type":"Feature","id":2307,"geometry":{"type":"LineString","coordinates":[[-6.272349999398104,53.341660000703534],[-6.2723500000796895,53.34188000073605]]},"properties":{"Infrastructure type":"BIKE_LANE","Direction":"Forward","Length (m)":24.5,"Source":"NTA Active Travel Cycle Network (Feb 2025)","_style_key":"BIKE_LANE"}},{"type":"Feature","id":2308,"geometry":{"type":"LineString","coordinates":[[-6.197519999358003,53.38937000086839],[-6.197790000121803,53.38915000076816]]},"properties":{"Infrastructure type":"BIKE_LANE","Direction":"Forward","Length (m)":30.4,"Source":"NTA Active Travel Cycle Network (Feb 2025)","_style_key":"BIKE_LANE"}},{"type":"Feature","id":2309,"geometry":{"type":"LineString","coordinates":[[-6.2612899991962845,53.352610001223326],[-6.259088626706566,53.347644373296774]]},"properties":{"Infrastructure type":"BIKE_LANE","Direction":"Forward","Length (m)":571.9,"Source":"NTA Active Travel Cycle Network (Feb 2025)","_style_key":"BIKE_LANE"}},{"type":"Feature","id":2310,"geometry":{"type":"LineString","coordinates":[[-6.259442722928758,53.34755460705942],[-6.260320000075974,53.34965000022605],[-6.261690000543128,53.35247000103626]]},"properties":{"Infrastructure type":"BIKE_LANE","Direction":"Forward","Length (m)":567.5,"Source":"NTA Active Travel Cycle Network (Feb 2025)","_style_key":"BIKE_LANE"}},{"type":"Feature","id":2311,"geometry":{"type":"LineString","coordinates":[[-6.283480000489314,53.37258000126996],[-6.285449999917936,53.37395000057967],[-6.285939999789674,53.37453000147418]]},"properties":{"Infrastructure type":"BIKE_FRIENDLY_PEDESTRIAN_PATH","Direction":"Forward","Length (m)":273.6,"Source":"NTA Active Travel Cycle Network (Feb 2025)","_style_key":"BIKE_FRIENDLY_PEDESTRIAN_PATH"}},{"type":"Feature","id":2312,"geometry":{"type":"LineString","coordinates":[[-6.272736825327108,53.33883083143871],[-6.272725334028524,53.33917530235236]]},"properties":{"Infrastructure type":"BIKE_LANE","Direction":"Forward","Length (m)":38.4,"Source":"NTA Active Travel Cycle Network (Feb 2025)","_style_key":"BIKE_LANE"}},{"type":"Feature","id":2314,"geometry":{"type":"LineString","coordinates":[[-6.327220000443101,53.32421000107266],[-6.326449999796794,53.32430000066601]]},"properties":{"Infrastructure type":"BIKE_LANE","Direction":"Forward","Length (m)":52.3,"Source":"NTA Active Travel Cycle Network (Feb 2025)","_style_key":"BIKE_LANE"}},{"type":"Feature","id":2318,"geometry":{"type":"LineString","coordinates":[[-6.291909999881822,53.38251000038817],[-6.29125000065721,53.38206000012546]]},"properties":{"Infrastructure type":"BIKE_FRIENDLY_PEDESTRIAN_PATH","Direction":"Forward","Length (m)":66.7,"Source":"NTA Active Travel Cycle Network (Feb 2025)","_style_key":"BIKE_FRIENDLY_PEDESTRIAN_PATH"}},{"type":"Feature","id":2320,"geometry":{"type":"LineString","coordinates":[[-6.286799999389877,53.37640000101753],[-6.2874700009341,53.377190001078915],[-6.287639999902838,53.37768000064689]]},"properties":{"Infrastructure type":"BIKE_FRIENDLY_PEDESTRIAN_PATH","Direction":"Forward","Length (m)":154.5,"Source":"NTA Active Travel Cycle Network (Feb 2025)","_style_key":"BIKE_FRIENDLY_PEDESTRIAN_PATH"}},{"type":"Feature","id":2321,"geometry":{"type":"LineString","coordinates":[[-6.289560000304205,53.38109000054295],[-6.288860000281547,53.38059000082968],[-6.288190000062975,53.37976000019545]]},"properties":{"Infrastructure type":"BIKE_FRIENDLY_PEDESTRIAN_PATH","Direction":"Forward","Length (m)":175.4,"Source":"NTA Active Travel Cycle Network (Feb 2025)","_style_key":"BIKE_FRIENDLY_PEDESTRIAN_PATH"}},{"type":"Feature","id":2325,"geometry":{"type":"LineString","coordinates":[[-6.295119999306432,53.38504000160487],[-6.293989999953316,53.38412000126574]]},"properties":{"Infrastructure type":"BIKE_FRIENDLY_PEDESTRIAN_PATH","Direction":"Forward","Length (m)":127.0,"Source":"NTA Active Travel Cycle Network (Feb 2025)","_style_key":"BIKE_FRIENDLY_PEDESTRIAN_PATH"}},{"type":"Feature","id":2326,"geometry":{"type":"LineString","coordinates":[[-6.288190000062975,53.37976000019545],[-6.287649999274377,53.37898000060609],[-6.2875100002788225,53.3777100016027]]},"properties":{"Infrastructure type":"BIKE_FRIENDLY_PEDESTRIAN_PATH","Direction":"Forward","Length (m)":236.3,"Source":"NTA Active Travel Cycle Network (Feb 2025)","_style_key":"BIKE_FRIENDLY_PEDESTRIAN_PATH"}},{"type":"Feature","id":2327,"geometry":{"type":"LineString","coordinates":[[-6.295769999961219,53.38539000079892],[-6.297720000476185,53.38688000069126]]},"properties":{"Infrastructure type":"BIKE_FRIENDLY_PEDESTRIAN_PATH","Direction":"Forward","Length (m)":210.6,"Source":"NTA Active Travel Cycle Network (Feb 2025)","_style_key":"BIKE_FRIENDLY_PEDESTRIAN_PATH"}},{"type":"Feature","id":2332,"geometry":{"type":"LineString","coordinates":[[-6.2875100002788225,53.3777100016027],[-6.287269999849261,53.37718000091986],[-6.286479999163598,53.37612000107601]]},"properties":{"Infrastructure type":"BIKE_FRIENDLY_PEDESTRIAN_PATH","Direction":"Forward","Length (m)":190.7,"Source":"NTA Active Travel Cycle Network (Feb 2025)","_style_key":"BIKE_FRIENDLY_PEDESTRIAN_PATH"}},{"type":"Feature","id":2334,"geometry":{"type":"LineString","coordinates":[[-6.226050213483059,53.35127762764957],[-6.225952071607949,53.35143482016294]]},"properties":{"Infrastructure type":"BIKE_FRIENDLY_PEDESTRIAN_PATH","Direction":"Forward","Length (m)":18.7,"Source":"NTA Active Travel Cycle Network (Feb 2025)","_style_key":"BIKE_FRIENDLY_PEDESTRIAN_PATH"}},{"type":"Feature","id":2337,"geometry":{"type":"LineString","coordinates":[[-6.226373802340546,53.36860632022089],[-6.225769999622846,53.369070000862]]},"properties":{"Infrastructure type":"BIKE_LANE","Direction":"Forward","Length (m)":65.4,"Source":"NTA Active Travel Cycle Network (Feb 2025)","_style_key":"BIKE_LANE"}},{"type":"Feature","id":2338,"geometry":{"type":"LineString","coordinates":[[-6.296149999976756,53.34579000065189],[-6.296540000776498,53.34576000107243]]},"properties":{"Infrastructure type":"BIKE_LANE","Direction":"Forward","Length (m)":26.2,"Source":"NTA Active Travel Cycle Network (Feb 2025)","_style_key":"BIKE_LANE"}},{"type":"Feature","id":2339,"geometry":{"type":"LineString","coordinates":[[-6.231892172415899,53.32935589761273],[-6.232081730309486,53.329455323749585]]},"properties":{"Infrastructure type":"BIKE_LANE","Direction":"Forward","Length (m)":16.8,"Source":"NTA Active Travel Cycle Network (Feb 2025)","_style_key":"BIKE_LANE"}},{"type":"Feature","id":2341,"geometry":{"type":"LineString","coordinates":[[-6.286220000687767,53.37512000047484],[-6.2864700002247424,53.37576000075595]]},"properties":{"Infrastructure type":"BIKE_LANE","Direction":"Forward","Length (m)":73.1,"Source":"NTA Active Travel Cycle Network (Feb 2025)","_style_key":"BIKE_LANE"}},{"type":"Feature","id":2343,"geometry":{"type":"LineString","coordinates":[[-6.2944300008224845,53.38434000108131],[-6.295769999961219,53.38539000079892]]},"properties":{"Infrastructure type":"BIKE_LANE","Direction":"Forward","Length (m)":147.0,"Source":"NTA Active Travel Cycle Network (Feb 2025)","_style_key":"BIKE_LANE"}},{"type":"Feature","id":2346,"geometry":{"type":"LineString","coordinates":[[-6.292330000068292,53.346150001047334],[-6.292030000013007,53.34620000107081]]},"properties":{"Infrastructure type":"BIKE_LANE","Direction":"Forward","Length (m)":20.7,"Source":"NTA Active Travel Cycle Network (Feb 2025)","_style_key":"BIKE_LANE"}},{"type":"Feature","id":2348,"geometry":{"type":"LineString","coordinates":[[-6.183649999952018,53.400160000896136],[-6.183939999178813,53.39997000121536]]},"properties":{"Infrastructure type":"BIKE_LANE","Direction":"Forward","Length (m)":28.6,"Source":"NTA Active Travel Cycle Network (Feb 2025)","_style_key":"BIKE_LANE"}},{"type":"Feature","id":2349,"geometry":{"type":"LineString","coordinates":[[-6.248231694811635,53.32915195358541],[-6.250010955026589,53.32951088790137],[-6.251113713943494,53.329923052401],[-6.251990217577503,53.33058150473916],[-6.252434817366594,53.331353808003016]]},"properties":{"Infrastructure type":"BIKE_LANE","Direction":"Forward","Length (m)":397.7,"Source":"NTA Active Travel Cycle Network (Feb 2025)","_style_key":"BIKE_LANE"}},{"type":"Feature","id":2350,"geometry":{"type":"LineString","coordinates":[[-6.270954175594508,53.33834019464477],[-6.271379999638288,53.33836000042922]]},"properties":{"Infrastructure type":"BIKE_LANE","Direction":"Forward","Length (m)":29.1,"Source":"NTA Active Travel Cycle Network (Feb 2025)","_style_key":"BIKE_LANE"}},{"type":"Feature","id":2351,"geometry":{"type":"LineString","coordinates":[[-6.270949999683943,53.338340000199246],[-6.273055081272086,53.33901292964403],[-6.274592243126759,53.33930872125125]]},"properties":{"Infrastructure type":"BIKE_LANE","Direction":"Forward","Length (m)":267.4,"Source":"NTA Active Travel Cycle Network (Feb 2025)","_style_key":"BIKE_LANE"}},{"type":"Feature","id":2352,"geometry":{"type":"LineString","coordinates":[[-6.271379999638288,53.33836000042922],[-6.272200000600947,53.33841000133642]]},"properties":{"Infrastructure type":"BIKE_LANE","Direction":"Forward","Length (m)":54.9,"Source":"NTA Active Travel Cycle Network (Feb 2025)","_style_key":"BIKE_LANE"}},{"type":"Feature","id":2353,"geometry":{"type":"LineString","coordinates":[[-6.252516656703594,53.33190438029047],[-6.251971163672489,53.331299249018194],[-6.251355371765356,53.33118852928068],[-6.250819907318592,53.33062444188437],[-6.248328323618345,53.32936908826187]]},"properties":{"Infrastructure type":"BIKE_LANE","Direction":"Forward","Length (m)":411.2,"Source":"NTA Active Travel Cycle Network (Feb 2025)","_style_key":"BIKE_LANE"}},{"type":"Feature","id":2355,"geometry":{"type":"LineString","coordinates":[[-6.246640000164705,53.34360000117329],[-6.248640000926708,53.34400000106397]]},"properties":{"Infrastructure type":"BIKE_LANE","Direction":"Forward","Length (m)":140.4,"Source":"NTA Active Travel Cycle Network (Feb 2025)","_style_key":"BIKE_LANE"}},{"type":"Feature","id":2357,"geometry":{"type":"LineString","coordinates":[[-6.232081730309486,53.329455323749585],[-6.232415307062237,53.32965350121317]]},"properties":{"Infrastructure type":"BIKE_LANE","Direction":"Forward","Length (m)":31.3,"Source":"NTA Active Travel Cycle Network (Feb 2025)","_style_key":"BIKE_LANE"}},{"type":"Feature","id":2358,"geometry":{"type":"LineString","coordinates":[[-6.273879999786704,53.35133000079775],[-6.273660000638009,53.35164000068708]]},"properties":{"Infrastructure type":"BIKE_LANE","Direction":"Forward","Length (m)":37.5,"Source":"NTA Active Travel Cycle Network (Feb 2025)","_style_key":"BIKE_LANE"}},{"type":"Feature","id":2360,"geometry":{"type":"LineString","coordinates":[[-6.199090000967773,53.388300000604765],[-6.197680000042105,53.389450001683144]]},"properties":{"Infrastructure type":"BIKE_LANE","Direction":"Forward","Length (m)":158.7,"Source":"NTA Active Travel Cycle Network (Feb 2025)","_style_key":"BIKE_LANE"}},{"type":"Feature","id":2363,"geometry":{"type":"LineString","coordinates":[[-6.287920000466909,53.34352000157601],[-6.286669912346427,53.34360354854912]]},"properties":{"Infrastructure type":"BIKE_LANE","Direction":"Forward","Length (m)":83.9,"Source":"NTA Active Travel Cycle Network (Feb 2025)","_style_key":"BIKE_LANE"}},{"type":"Feature","id":2364,"geometry":{"type":"LineString","coordinates":[[-6.192219999683851,53.39280000067652],[-6.192889999944252,53.392500000970365]]},"properties":{"Infrastructure type":"BIKE_LANE","Direction":"Forward","Length (m)":55.7,"Source":"NTA Active Travel Cycle Network (Feb 2025)","_style_key":"BIKE_LANE"}},{"type":"Feature","id":2367,"geometry":{"type":"LineString","coordinates":[[-6.292030000013007,53.34620000107081],[-6.2918099999449355,53.346240000533605]]},"properties":{"Infrastructure type":"BIKE_LANE","Direction":"Forward","Length (m)":15.3,"Source":"NTA Active Travel Cycle Network (Feb 2025)","_style_key":"BIKE_LANE"}},{"type":"Feature","id":2368,"geometry":{"type":"LineString","coordinates":[[-6.264940000128309,53.38593000045303],[-6.265060000373333,53.387270001008154]]},"properties":{"Infrastructure type":"BIKE_LANE","Direction":"Forward","Length (m)":149.5,"Source":"NTA Active Travel Cycle Network (Feb 2025)","_style_key":"BIKE_LANE"}},{"type":"Feature","id":2369,"geometry":{"type":"LineString","coordinates":[[-6.203860000065988,53.38359000046904],[-6.20320000009521,53.38418000154061],[-6.202179999700581,53.38578000150453]]},"properties":{"Infrastructure type":"BIKE_LANE","Direction":"Forward","Length (m)":270.0,"Source":"NTA Active Travel Cycle Network (Feb 2025)","_style_key":"BIKE_LANE"}},{"type":"Feature","id":2370,"geometry":{"type":"LineString","coordinates":[[-6.291009270060206,53.34679950365905],[-6.2914633107306415,53.34621503257506],[-6.291779999767153,53.34617000064209]]},"properties":{"Infrastructure type":"BIKE_LANE","Direction":"Forward","Length (m)":93.8,"Source":"NTA Active Travel Cycle Network (Feb 2025)","_style_key":"BIKE_LANE"}},{"type":"Feature","id":2371,"geometry":{"type":"LineString","coordinates":[[-6.187570000406326,53.39644000109145],[-6.187160000405525,53.3969800002267]]},"properties":{"Infrastructure type":"BIKE_LANE","Direction":"Forward","Length (m)":66.0,"Source":"NTA Active Travel Cycle Network (Feb 2025)","_style_key":"BIKE_LANE"}},{"type":"Feature","id":2372,"geometry":{"type":"LineString","coordinates":[[-6.186510900740329,53.397107330500425],[-6.186604121461674,53.39708961540845]]},"properties":{"Infrastructure type":"BIKE_FRIENDLY_PEDESTRIAN_PATH","Direction":"Forward","Length (m)":6.5,"Source":"NTA Active Travel Cycle Network (Feb 2025)","_style_key":"BIKE_FRIENDLY_PEDESTRIAN_PATH"}},{"type":"Feature","id":2375,"geometry":{"type":"LineString","coordinates":[[-6.257136068786284,53.33620264750828],[-6.258111900054992,53.33647329264013]]},"properties":{"Infrastructure type":"BIKE_LANE","Direction":"Forward","Length (m)":72.0,"Source":"NTA Active Travel Cycle Network (Feb 2025)","_style_key":"BIKE_LANE"}},{"type":"Feature","id":2383,"geometry":{"type":"LineString","coordinates":[[-6.246084664659297,53.39282959166166],[-6.245809884358529,53.3939324193537]]},"properties":{"Infrastructure type":"BIKE_LANE","Direction":"Forward","Length (m)":124.2,"Source":"NTA Active Travel Cycle Network (Feb 2025)","_style_key":"BIKE_LANE"}},{"type":"Feature","id":2386,"geometry":{"type":"LineString","coordinates":[[-6.241985509300324,53.318583597420854],[-6.239172727761079,53.31848296980702],[-6.2368374456681135,53.31858097783354],[-6.234144481425141,53.319112717284305],[-6.232903337539209,53.31956025731193],[-6.232866556757205,53.31967058618525]]},"properties":{"Infrastructure type":"BIKE_LANE","Direction":"Forward","Length (m)":642.6,"Source":"NTA Active Travel Cycle Network (Feb 2025)","_style_key":"BIKE_LANE"}},{"type":"Feature","id":2387,"geometry":{"type":"LineString","coordinates":[[-6.332163983260565,53.31722976784644],[-6.331979390389939,53.31750438095463],[-6.3313893903173,53.31784438174533],[-6.319339384670638,53.32320438240452],[-6.317322937694001,53.324960118107946]]},"properties":{"Infrastructure type":"BIKE_LANE","Direction":"Forward","Length (m)":1325.7,"Source":"NTA Active Travel Cycle Network (Feb 2025)","_style_key":"BIKE_LANE"}},{"type":"Feature","id":2388,"geometry":{"type":"LineString","coordinates":[[-6.369524700353118,53.34350683645484],[-6.372822333562182,53.34379236117636],[-6.37688858422037,53.34441232407532]]},"properties":{"Infrastructure type":"BIKE_LANE","Direction":"Forward","Length (m)":501.8,"Source":"NTA Active Travel Cycle Network (Feb 2025)","_style_key":"BIKE_LANE"}},{"type":"Feature","id":2389,"geometry":{"type":"MultiLineString","coordinates":[[[-6.246814700263549,53.35474070068817],[-6.250241416366094,53.35729259352108],[-6.250881415627716,53.357562593377786]],[[-6.250931414422172,53.357572593923635],[-6.261321408014101,53.359722588059476]]]},"properties":{"Infrastructure type":"BIKE_LANE","Direction":"Forward","Length (m)":1149.1,"Source":"NTA Active Travel Cycle Network (Feb 2025)","_style_key":"BIKE_LANE"}},{"type":"Feature","id":2390,"geometry":{"type":"LineString","coordinates":[[-6.291441283640338,53.333511834644945],[-6.290120000224126,53.33443000112063],[-6.289629999477495,53.33541000129481],[-6.289145246607854,53.33593109255244],[-6.287712024979817,53.33675162925502],[-6.285299999701861,53.337660000569095],[-6.284119998905954,53.33794000112856],[-6.281210000739178,53.3383100008157],[-6.278946170912674,53.33885938363004],[-6.27552917658077,53.33901120599509],[-6.275061488293711,53.339186984142955],[-6.27493149454863,53.33935655081695],[-6.274626922702356,53.33940945634351]]},"properties":{"Infrastructure type":"BIKE_LANE","Direction":"Forward","Length (m)":1393.2,"Source":"NTA Active Travel Cycle Network (Feb 2025)","_style_key":"BIKE_LANE"}},{"type":"Feature","id":2394,"geometry":{"type":"LineString","coordinates":[[-6.248996237050279,53.376808817595624],[-6.250069596814186,53.375935479646046]]},"properties":{"Infrastructure type":"BIKE_FRIENDLY_PEDESTRIAN_PATH","Direction":"Forward","Length (m)":120.7,"Source":"NTA Active Travel Cycle Network (Feb 2025)","_style_key":"BIKE_FRIENDLY_PEDESTRIAN_PATH"}},{"type":"Feature","id":2399,"geometry":{"type":"LineString","coordinates":[[-6.241004129131036,53.350461196828185],[-6.246608817167168,53.354621897642396]]},"properties":{"Infrastructure type":"BIKE_LANE","Direction":"Forward","Length (m)":595.0,"Source":"NTA Active Travel Cycle Network (Feb 2025)","_style_key":"BIKE_LANE"}},{"type":"Feature","id":2400,"geometry":{"type":"LineString","coordinates":[[-6.265983373397307,53.37258167237528],[-6.265927507521837,53.3730019382433],[-6.265730903701865,53.372991181794696]]},"properties":{"Infrastructure type":"BIKE_FRIENDLY_PEDESTRIAN_PATH","Direction":"Forward","Length (m)":60.1,"Source":"NTA Active Travel Cycle Network (Feb 2025)","_style_key":"BIKE_FRIENDLY_PEDESTRIAN_PATH"}},{"type":"Feature","id":2401,"geometry":{"type":"LineString","coordinates":[[-6.265874592958162,53.32186074331933],[-6.2660430539555625,53.32170787459759],[-6.267490991273891,53.32129934078818],[-6.273991925274411,53.31209143972508],[-6.274447218397979,53.311907510610204]]},"properties":{"Infrastructure type":"BIKE_LANE","Direction":"Forward","Length (m)":1277.8,"Source":"NTA Active Travel Cycle Network (Feb 2025)","_style_key":"BIKE_LANE"}},{"type":"Feature","id":2402,"geometry":{"type":"LineString","coordinates":[[-6.297019999581235,53.34814600092853],[-6.30521542659378,53.348293287463584],[-6.308119689149303,53.348194261354]]},"properties":{"Infrastructure type":"BIKE_LANE","Direction":"Forward","Length (m)":740.0,"Source":"NTA Active Travel Cycle Network (Feb 2025)","_style_key":"BIKE_LANE"}},{"type":"Feature","id":2403,"geometry":{"type":"LineString","coordinates":[[-6.259530565800821,53.36182197644837],[-6.2581002993435915,53.36336343178306]]},"properties":{"Infrastructure type":"BIKE_LANE","Direction":"Forward","Length (m)":196.2,"Source":"NTA Active Travel Cycle Network (Feb 2025)","_style_key":"BIKE_LANE"}},{"type":"Feature","id":2404,"geometry":{"type":"LineString","coordinates":[[-6.255620521965321,53.36682691337102],[-6.255508024803421,53.36777340651764]]},"properties":{"Infrastructure type":"BIKE_LANE","Direction":"Forward","Length (m)":106.4,"Source":"NTA Active Travel Cycle Network (Feb 2025)","_style_key":"BIKE_LANE"}},{"type":"Feature","id":2407,"geometry":{"type":"LineString","coordinates":[[-6.283372444908183,53.30994961389236],[-6.27758362496785,53.31144297945691]]},"properties":{"Infrastructure type":"BIKE_LANE","Direction":"Forward","Length (m)":420.3,"Source":"NTA Active Travel Cycle Network (Feb 2025)","_style_key":"BIKE_LANE"}},{"type":"Feature","id":2409,"geometry":{"type":"LineString","coordinates":[[-6.2299559271781755,53.364443889101395],[-6.229427454211312,53.36479832469849],[-6.229187895001556,53.36547360132134],[-6.228857895822192,53.366053601118544],[-6.227947896576868,53.36730360152236],[-6.227487896773748,53.36773360201994]]},"properties":{"Infrastructure type":"BIKE_LANE","Direction":"Forward","Length (m)":407.5,"Source":"NTA Active Travel Cycle Network (Feb 2025)","_style_key":"BIKE_LANE"}},{"type":"Feature","id":2410,"geometry":{"type":"LineString","coordinates":[[-6.212733728151431,53.31885291470094],[-6.216453726084256,53.32098291420425],[-6.2193637256385195,53.3231429129718],[-6.223483723600963,53.325602911200264],[-6.225223724311627,53.32721291052387],[-6.226278761814926,53.32763575470283],[-6.2301603660086835,53.32867208319045]]},"properties":{"Infrastructure type":"BIKE_LANE","Direction":"Forward","Length (m)":1622.1,"Source":"NTA Active Travel Cycle Network (Feb 2025)","_style_key":"BIKE_LANE"}},{"type":"Feature","id":2411,"geometry":{"type":"LineString","coordinates":[[-6.291779999767153,53.34617000064209],[-6.291930000552686,53.3461500006638]]},"properties":{"Infrastructure type":"BIKE_LANE","Direction":"Forward","Length (m)":10.2,"Source":"NTA Active Travel Cycle Network (Feb 2025)","_style_key":"BIKE_LANE"}},{"type":"Feature","id":2412,"geometry":{"type":"LineString","coordinates":[[-6.245678870018584,53.32822223495106],[-6.245508076268087,53.328323462528736],[-6.245189998521107,53.3289634028236],[-6.2434167530812115,53.33314086851291]]},"properties":{"Infrastructure type":"BIKE_LANE","Direction":"Forward","Length (m)":570.4,"Source":"NTA Active Travel Cycle Network (Feb 2025)","_style_key":"BIKE_LANE"}},{"type":"Feature","id":2413,"geometry":{"type":"LineString","coordinates":[[-6.252119999362258,53.341650000836076],[-6.251009999712527,53.341280000878854]]},"properties":{"Infrastructure type":"BIKE_LANE","Direction":"Forward","Length (m)":84.6,"Source":"NTA Active Travel Cycle Network (Feb 2025)","_style_key":"BIKE_LANE"}},{"type":"Feature","id":2415,"geometry":{"type":"LineString","coordinates":[[-6.2836076836967125,53.30990236490626],[-6.282685499120083,53.311968876216774],[-6.282279663144063,53.313446643343966],[-6.2825716289863855,53.314202293205206],[-6.282489974624749,53.314568005591255],[-6.281946777553651,53.31537739991775],[-6.2799867780008976,53.31748243914665],[-6.2790355299862695,53.31890887996835],[-6.278813886435736,53.31997336240287],[-6.278925309253314,53.32052541913552],[-6.2793299024046325,53.321323253843026],[-6.279485538016698,53.322248880097106]]},"properties":{"Infrastructure type":"BIKE_LANE","Direction":"Forward","Length (m)":1447.1,"Source":"NTA Active Travel Cycle Network (Feb 2025)","_style_key":"BIKE_LANE"}},{"type":"Feature","id":2419,"geometry":{"type":"LineString","coordinates":[[-6.271120379880974,53.35044392594378],[-6.2703847763638025,53.350766008515365],[-6.269828026649392,53.35120214880559]]},"properties":{"Infrastructure type":"BIKE_LANE","Direction":"Forward","Length (m)":122.0,"Source":"NTA Active Travel Cycle Network (Feb 2025)","_style_key":"BIKE_LANE"}},{"type":"Feature","id":2420,"geometry":{"type":"LineString","coordinates":[[-6.210258876557218,53.380026292375675],[-6.2090824068730655,53.38085704482302]]},"properties":{"Infrastructure type":"BIKE_LANE","Direction":"Forward","Length (m)":121.3,"Source":"NTA Active Travel Cycle Network (Feb 2025)","_style_key":"BIKE_LANE"}},{"type":"Feature","id":2422,"geometry":{"type":"LineString","coordinates":[[-6.251009999712527,53.341280000878854],[-6.250699999375461,53.34116000145973]]},"properties":{"Infrastructure type":"BIKE_LANE","Direction":"Forward","Length (m)":24.6,"Source":"NTA Active Travel Cycle Network (Feb 2025)","_style_key":"BIKE_LANE"}},{"type":"Feature","id":2423,"geometry":{"type":"LineString","coordinates":[[-6.2693871588751575,53.33829038207943],[-6.26933797970133,53.3384745262707]]},"properties":{"Infrastructure type":"BIKE_LANE","Direction":"Forward","Length (m)":20.8,"Source":"NTA Active Travel Cycle Network (Feb 2025)","_style_key":"BIKE_LANE"}},{"type":"Feature","id":2427,"geometry":{"type":"LineString","coordinates":[[-6.347666083560865,53.342448167355],[-6.345836561351207,53.34254485667882],[-6.345056561607254,53.342494857417655]]},"properties":{"Infrastructure type":"BIKE_LANE","Direction":"Forward","Length (m)":174.7,"Source":"NTA Active Travel Cycle Network (Feb 2025)","_style_key":"BIKE_LANE"}},{"type":"Feature","id":2428,"geometry":{"type":"LineString","coordinates":[[-6.2443388512712446,53.387606583012435],[-6.245678852057049,53.38847658254567],[-6.246278852118634,53.389776583146585]]},"properties":{"Infrastructure type":"BIKE_LANE","Direction":"Forward","Length (m)":282.6,"Source":"NTA Active Travel Cycle Network (Feb 2025)","_style_key":"BIKE_LANE"}},{"type":"Feature","id":2429,"geometry":{"type":"LineString","coordinates":[[-6.26439000051024,53.40105000140599],[-6.263840329533636,53.40110577337446]]},"properties":{"Infrastructure type":"BIKE_LANE","Direction":"Forward","Length (m)":37.2,"Source":"NTA Active Travel Cycle Network (Feb 2025)","_style_key":"BIKE_LANE"}},{"type":"Feature","id":2435,"geometry":{"type":"LineString","coordinates":[[-6.27607305707122,53.32893351398975],[-6.275696651645814,53.32946555496279]]},"properties":{"Infrastructure type":"BIKE_LANE","Direction":"Forward","Length (m)":64.4,"Source":"NTA Active Travel Cycle Network (Feb 2025)","_style_key":"BIKE_LANE"}},{"type":"Feature","id":2436,"geometry":{"type":"LineString","coordinates":[[-6.272330929962704,53.34304688188732],[-6.274501444001832,53.34345162841313]]},"properties":{"Infrastructure type":"BIKE_LANE","Direction":"Forward","Length (m)":151.5,"Source":"NTA Active Travel Cycle Network (Feb 2025)","_style_key":"BIKE_LANE"}},{"type":"Feature","id":2437,"geometry":{"type":"LineString","coordinates":[[-6.251753878908586,53.34836045473344],[-6.251778641346951,53.34823842539868]]},"properties":{"Infrastructure type":"BIKE_FRIENDLY_PEDESTRIAN_PATH","Direction":"Forward","Length (m)":13.7,"Source":"NTA Active Travel Cycle Network (Feb 2025)","_style_key":"BIKE_FRIENDLY_PEDESTRIAN_PATH"}},{"type":"Feature","id":2441,"geometry":{"type":"LineString","coordinates":[[-6.283388441997523,53.30579039644145],[-6.283753067502492,53.306764697624814],[-6.28408306929562,53.308174696163945],[-6.283963071208849,53.30899469627788],[-6.2837017834024085,53.3096493270805]]},"properties":{"Infrastructure type":"BIKE_LANE","Direction":"Forward","Length (m)":436.3,"Source":"NTA Active Travel Cycle Network (Feb 2025)","_style_key":"BIKE_LANE"}},{"type":"Feature","id":2442,"geometry":{"type":"LineString","coordinates":[[-6.296158983104349,53.36078136859131],[-6.296770000385724,53.36099000081489]]},"properties":{"Infrastructure type":"BIKE_LANE","Direction":"Forward","Length (m)":46.8,"Source":"NTA Active Travel Cycle Network (Feb 2025)","_style_key":"BIKE_LANE"}},{"type":"Feature","id":2443,"geometry":{"type":"LineString","coordinates":[[-6.255671030819856,53.338394201427086],[-6.255689999475846,53.33854000111288],[-6.255920000215424,53.33869000065054]]},"properties":{"Infrastructure type":"BIKE_LANE","Direction":"Forward","Length (m)":39.2,"Source":"NTA Active Travel Cycle Network (Feb 2025)","_style_key":"BIKE_LANE"}},{"type":"Feature","id":2444,"geometry":{"type":"LineString","coordinates":[[-6.293607727322392,53.33208190857304],[-6.296640664660515,53.33298690362898],[-6.29974066469254,53.3340569023347],[-6.304170664111052,53.33576690017461],[-6.306190662758862,53.33643689959203],[-6.306629368539051,53.33675560481044]]},"properties":{"Infrastructure type":"BIKE_LANE","Direction":"Forward","Length (m)":1016.0,"Source":"NTA Active Travel Cycle Network (Feb 2025)","_style_key":"BIKE_LANE"}},{"type":"Feature","id":2455,"geometry":{"type":"LineString","coordinates":[[-6.288825988140182,53.35715635513304],[-6.290500316882535,53.35823615426025],[-6.294775723789954,53.360237803378055]]},"properties":{"Infrastructure type":"BIKE_LANE","Direction":"Forward","Length (m)":526.5,"Source":"NTA Active Travel Cycle Network (Feb 2025)","_style_key":"BIKE_LANE"}},{"type":"Feature","id":2457,"geometry":{"type":"LineString","coordinates":[[-6.254864634475933,53.325244744518315],[-6.256404635024068,53.32649474320116],[-6.258345275546169,53.32712924631008],[-6.258914636984127,53.32881474251219],[-6.260078980971988,53.330282580230865]]},"properties":{"Infrastructure type":"BIKE_LANE","Direction":"Forward","Length (m)":694.6,"Source":"NTA Active Travel Cycle Network (Feb 2025)","_style_key":"BIKE_LANE"}},{"type":"Feature","id":2464,"geometry":{"type":"LineString","coordinates":[[-6.228056048166323,53.36872147590752],[-6.23709595768374,53.37205836709135],[-6.237316863393419,53.3720644658497]]},"properties":{"Infrastructure type":"BIKE_FRIENDLY_PEDESTRIAN_PATH","Direction":"Forward","Length (m)":726.5,"Source":"NTA Active Travel Cycle Network (Feb 2025)","_style_key":"BIKE_FRIENDLY_PEDESTRIAN_PATH"}},{"type":"Feature","id":2465,"geometry":{"type":"LineString","coordinates":[[-6.239007397503504,53.34255392599349],[-6.238802286063782,53.34253620532958]]},"properties":{"Infrastructure type":"BIKE_FRIENDLY_PEDESTRIAN_PATH","Direction":"Bi-Directional","Length (m)":13.8,"Source":"NTA Active Travel Cycle Network (Feb 2025)","_style_key":"BIKE_FRIENDLY_PEDESTRIAN_PATH"}},{"type":"Feature","id":2466,"geometry":{"type":"LineString","coordinates":[[-6.260296755857289,53.33051510310753],[-6.2633664554662625,53.33259998890191]]},"properties":{"Infrastructure type":"BIKE_LANE","Direction":"Forward","Length (m)":310.1,"Source":"NTA Active Travel Cycle Network (Feb 2025)","_style_key":"BIKE_LANE"}},{"type":"Feature","id":2469,"geometry":{"type":"LineString","coordinates":[[-6.329030347543293,53.34215892090372],[-6.330365789342679,53.34231001072705],[-6.333814480813935,53.34309991824726],[-6.335274479921172,53.3432699186524],[-6.336294478460252,53.343199919708006],[-6.337254477088345,53.34300991996435],[-6.339684476722081,53.342039921177374],[-6.3408244752628224,53.34182992049555],[-6.3424344734330855,53.34185992219921],[-6.3440444717002356,53.34226992233825],[-6.345061640969417,53.3424176462983]]},"properties":{"Infrastructure type":"BIKE_LANE","Direction":"Forward","Length (m)":1141.2,"Source":"NTA Active Travel Cycle Network (Feb 2025)","_style_key":"BIKE_LANE"}},{"type":"Feature","id":2470,"geometry":{"type":"LineString","coordinates":[[-6.270707117955215,53.36727989256075],[-6.268792711109663,53.37012610489219]]},"properties":{"Infrastructure type":"BIKE_LANE","Direction":"Forward","Length (m)":341.6,"Source":"NTA Active Travel Cycle Network (Feb 2025)","_style_key":"BIKE_LANE"}},{"type":"Feature","id":2471,"geometry":{"type":"LineString","coordinates":[[-6.182589999969837,53.40079000053518],[-6.183649999952018,53.400160000896136]]},"properties":{"Infrastructure type":"BIKE_LANE","Direction":"Forward","Length (m)":99.4,"Source":"NTA Active Travel Cycle Network (Feb 2025)","_style_key":"BIKE_LANE"}},{"type":"Feature","id":2472,"geometry":{"type":"LineString","coordinates":[[-6.216232511795354,53.384296813699095],[-6.215467477198351,53.3842073968608],[-6.214615350371263,53.383961154408446],[-6.213425350662972,53.38337115365506],[-6.212767172845988,53.38269804504209],[-6.2115559444544735,53.38092666020559],[-6.211014794700488,53.38045998342688],[-6.210258876557218,53.380026292375675]]},"properties":{"Infrastructure type":"BIKE_LANE","Direction":"Forward","Length (m)":653.2,"Source":"NTA Active Travel Cycle Network (Feb 2025)","_style_key":"BIKE_LANE"}},{"type":"Feature","id":2473,"geometry":{"type":"LineString","coordinates":[[-6.208544321585343,53.36991889207169],[-6.211208287490097,53.36848791427546],[-6.213305441666338,53.36774164880647],[-6.214855441521182,53.367331649174],[-6.217585440763243,53.36715164929525],[-6.218705439592065,53.3668316490137]]},"properties":{"Infrastructure type":"BIKE_LANE","Direction":"Forward","Length (m)":780.8,"Source":"NTA Active Travel Cycle Network (Feb 2025)","_style_key":"BIKE_LANE"}},{"type":"Feature","id":2474,"geometry":{"type":"LineString","coordinates":[[-6.24350928411514,53.31957783143223],[-6.2466135829524925,53.32150792678606],[-6.2494292434191845,53.32306630132267],[-6.2540298278139925,53.32485615470209]]},"properties":{"Infrastructure type":"BIKE_LANE","Direction":"Forward","Length (m)":920.3,"Source":"NTA Active Travel Cycle Network (Feb 2025)","_style_key":"BIKE_LANE"}},{"type":"Feature","id":2475,"geometry":{"type":"LineString","coordinates":[[-6.2525802249074545,53.33198156330036],[-6.2453835301451095,53.334041240573775]]},"properties":{"Infrastructure type":"BIKE_LANE","Direction":"Forward","Length (m)":532.0,"Source":"NTA Active Travel Cycle Network (Feb 2025)","_style_key":"BIKE_LANE"}},{"type":"Feature","id":2476,"geometry":{"type":"LineString","coordinates":[[-6.150715367968092,53.38206038050901],[-6.157545367721284,53.380840382478986],[-6.1616653669642725,53.38028038424076],[-6.166793465791596,53.37981557368162],[-6.169475475303575,53.379864327544354],[-6.173257353190564,53.38033573860451],[-6.176695363616337,53.380240389679514],[-6.178000319077971,53.379911310021924]]},"properties":{"Infrastructure type":"BIKE_LANE","Direction":"Forward","Length (m)":1861.0,"Source":"NTA Active Travel Cycle Network (Feb 2025)","_style_key":"BIKE_LANE"}},{"type":"Feature","id":2477,"geometry":{"type":"MultiLineString","coordinates":[[[-6.244105181051608,53.39883041782085],[-6.24402961008333,53.39915838531304],[-6.244088999243585,53.39988488321262]],[[-6.245258130732117,53.39722578500538],[-6.244830057829093,53.39799034862294],[-6.244396174687987,53.398454444165786]]]},"properties":{"Infrastructure type":"BIKE_LANE","Direction":"Forward","Length (m)":267.5,"Source":"NTA Active Travel Cycle Network (Feb 2025)","_style_key":"BIKE_LANE"}},{"type":"Feature","id":2480,"geometry":{"type":"LineString","coordinates":[[-6.299127186712513,53.32975015814032],[-6.314368538540411,53.3264459281565],[-6.315440756421507,53.32611201416327],[-6.316467714826878,53.325638143111206]]},"properties":{"Infrastructure type":"BIKE_LANE","Direction":"Forward","Length (m)":1247.8,"Source":"NTA Active Travel Cycle Network (Feb 2025)","_style_key":"BIKE_LANE"}},{"type":"Feature","id":2482,"geometry":{"type":"LineString","coordinates":[[-6.265069999946183,53.38476000068533],[-6.264940000128309,53.38593000045303]]},"properties":{"Infrastructure type":"BIKE_LANE","Direction":"Forward","Length (m)":130.5,"Source":"NTA Active Travel Cycle Network (Feb 2025)","_style_key":"BIKE_LANE"}},{"type":"Feature","id":2483,"geometry":{"type":"LineString","coordinates":[[-6.192609999499345,53.392780000922215],[-6.19136999935861,53.39334000062469]]},"properties":{"Infrastructure type":"BIKE_LANE","Direction":"Forward","Length (m)":103.4,"Source":"NTA Active Travel Cycle Network (Feb 2025)","_style_key":"BIKE_LANE"}},{"type":"Feature","id":2492,"geometry":{"type":"LineString","coordinates":[[-6.271873584328104,53.34301187915154],[-6.270630381542224,53.34315775147357],[-6.270296342093572,53.343308923644415],[-6.270015018095594,53.343671505415266],[-6.267876921112347,53.344088724528696],[-6.266550375939191,53.34421775021099],[-6.26444037664562,53.344227750417524]]},"properties":{"Infrastructure type":"BIKE_LANE","Direction":"Forward","Length (m)":537.9,"Source":"NTA Active Travel Cycle Network (Feb 2025)","_style_key":"BIKE_LANE"}},{"type":"Feature","id":2493,"geometry":{"type":"LineString","coordinates":[[-6.25274315093436,53.331870216507916],[-6.259922136467299,53.3303341520481]]},"properties":{"Infrastructure type":"BIKE_LANE","Direction":"Forward","Length (m)":508.3,"Source":"NTA Active Travel Cycle Network (Feb 2025)","_style_key":"BIKE_LANE"}},{"type":"Feature","id":2498,"geometry":{"type":"LineString","coordinates":[[-6.223960000420289,53.37065000142423],[-6.224389999384404,53.370180001253225]]},"properties":{"Infrastructure type":"BIKE_LANE","Direction":"Forward","Length (m)":59.6,"Source":"NTA Active Travel Cycle Network (Feb 2025)","_style_key":"BIKE_LANE"}},{"type":"Feature","id":2502,"geometry":{"type":"LineString","coordinates":[[-6.2785643539056055,53.32596078473223],[-6.27828090869672,53.326321285205815]]},"properties":{"Infrastructure type":"BIKE_LANE","Direction":"Forward","Length (m)":44.4,"Source":"NTA Active Travel Cycle Network (Feb 2025)","_style_key":"BIKE_LANE"}},{"type":"Feature","id":2504,"geometry":{"type":"LineString","coordinates":[[-6.265920000855438,53.38068000091238],[-6.265849999754123,53.38176000100639]]},"properties":{"Infrastructure type":"BIKE_LANE","Direction":"Forward","Length (m)":120.3,"Source":"NTA Active Travel Cycle Network (Feb 2025)","_style_key":"BIKE_LANE"}},{"type":"Feature","id":2505,"geometry":{"type":"LineString","coordinates":[[-6.265259999559123,53.38480000067512],[-6.265129999505284,53.38594000028315]]},"properties":{"Infrastructure type":"BIKE_LANE","Direction":"Forward","Length (m)":127.2,"Source":"NTA Active Travel Cycle Network (Feb 2025)","_style_key":"BIKE_LANE"}},{"type":"Feature","id":2507,"geometry":{"type":"LineString","coordinates":[[-6.199052692539543,53.31028759648267],[-6.200391206098445,53.31105700428926],[-6.201209306699902,53.31194286416526]]},"properties":{"Infrastructure type":"BIKE_LANE","Direction":"Forward","Length (m)":236.9,"Source":"NTA Active Travel Cycle Network (Feb 2025)","_style_key":"BIKE_LANE"}},{"type":"Feature","id":2508,"geometry":{"type":"LineString","coordinates":[[-6.272330929962704,53.34304688188732],[-6.271873584328104,53.34301187915154]]},"properties":{"Infrastructure type":"BIKE_LANE","Direction":"Forward","Length (m)":31.5,"Source":"NTA Active Travel Cycle Network (Feb 2025)","_style_key":"BIKE_LANE"}},{"type":"Feature","id":2513,"geometry":{"type":"LineString","coordinates":[[-6.238802286063782,53.34253620532958],[-6.238549413891838,53.34356234852428]]},"properties":{"Infrastructure type":"BIKE_FRIENDLY_PEDESTRIAN_PATH","Direction":"Bi-Directional","Length (m)":115.4,"Source":"NTA Active Travel Cycle Network (Feb 2025)","_style_key":"BIKE_FRIENDLY_PEDESTRIAN_PATH"}},{"type":"Feature","id":2516,"geometry":{"type":"LineString","coordinates":[[-6.2800076212419365,53.35940066350595],[-6.27532375865758,53.360708765266196]]},"properties":{"Infrastructure type":"BIKE_LANE","Direction":"Forward","Length (m)":344.3,"Source":"NTA Active Travel Cycle Network (Feb 2025)","_style_key":"BIKE_LANE"}},{"type":"Feature","id":2519,"geometry":{"type":"LineString","coordinates":[[-6.207972002879855,53.3815852407801],[-6.208975552842529,53.38081403932071]]},"properties":{"Infrastructure type":"BIKE_LANE","Direction":"Forward","Length (m)":108.7,"Source":"NTA Active Travel Cycle Network (Feb 2025)","_style_key":"BIKE_LANE"}},{"type":"Feature","id":2522,"geometry":{"type":"LineString","coordinates":[[-6.25641186901254,53.33743367135426],[-6.256068557712856,53.337845116524655]]},"properties":{"Infrastructure type":"BIKE_LANE","Direction":"Forward","Length (m)":51.2,"Source":"NTA Active Travel Cycle Network (Feb 2025)","_style_key":"BIKE_LANE"}},{"type":"Feature","id":2528,"geometry":{"type":"LineString","coordinates":[[-6.223583533550683,53.366111653999916],[-6.222331968566369,53.36658813250236],[-6.22134361579181,53.36678965722856],[-6.219266449669278,53.366830875559906]]},"properties":{"Infrastructure type":"BIKE_LANE","Direction":"Forward","Length (m)":306.8,"Source":"NTA Active Travel Cycle Network (Feb 2025)","_style_key":"BIKE_LANE"}},{"type":"Feature","id":2530,"geometry":{"type":"LineString","coordinates":[[-6.334010000359335,53.36928000068825],[-6.333646196847169,53.37075983606654]]},"properties":{"Infrastructure type":"BIKE_LANE","Direction":"Forward","Length (m)":166.6,"Source":"NTA Active Travel Cycle Network (Feb 2025)","_style_key":"BIKE_LANE"}},{"type":"Feature","id":2531,"geometry":{"type":"LineString","coordinates":[[-6.269433084797564,53.33809077605984],[-6.270949999683943,53.338340000199246]]},"properties":{"Infrastructure type":"BIKE_LANE","Direction":"Forward","Length (m)":106.5,"Source":"NTA Active Travel Cycle Network (Feb 2025)","_style_key":"BIKE_LANE"}},{"type":"Feature","id":2535,"geometry":{"type":"LineString","coordinates":[[-6.32565999901328,53.342130000553006],[-6.327987287554992,53.34222260236723]]},"properties":{"Infrastructure type":"BIKE_LANE","Direction":"Forward","Length (m)":155.4,"Source":"NTA Active Travel Cycle Network (Feb 2025)","_style_key":"BIKE_LANE"}},{"type":"Feature","id":2538,"geometry":{"type":"MultiLineString","coordinates":[[[-6.274866808604599,53.3432448621118],[-6.276130172438124,53.34304715728921]],[[-6.274501444001832,53.34345162841313],[-6.276106748065966,53.343162101954874]]]},"properties":{"Infrastructure type":"BIKE_LANE","Direction":"Forward","Length (m)":199.3,"Source":"NTA Active Travel Cycle Network (Feb 2025)","_style_key":"BIKE_LANE"}},{"type":"Feature","id":2542,"geometry":{"type":"LineString","coordinates":[[-6.271120379880974,53.35044392594378],[-6.272503086482693,53.350159985987084],[-6.273614713170897,53.35008038284819]]},"properties":{"Infrastructure type":"BIKE_LANE","Direction":"Forward","Length (m)":172.2,"Source":"NTA Active Travel Cycle Network (Feb 2025)","_style_key":"BIKE_LANE"}},{"type":"Feature","id":2545,"geometry":{"type":"LineString","coordinates":[[-6.2533429842575785,53.30816324412474],[-6.251355172919901,53.30840606290059],[-6.250797972014442,53.308571119139096],[-6.248730050311771,53.30972780784309],[-6.248227139055458,53.31029501569103],[-6.248055612001895,53.31078960271609]]},"properties":{"Infrastructure type":"BIKE_LANE","Direction":"Forward","Length (m)":493.3,"Source":"NTA Active Travel Cycle Network (Feb 2025)","_style_key":"BIKE_LANE"}},{"type":"Feature","id":2550,"geometry":{"type":"LineString","coordinates":[[-6.227615328024586,53.34172945799601],[-6.226611048133272,53.341788294431986],[-6.2259026029494935,53.34121639829895]]},"properties":{"Infrastructure type":"BIKE_LANE","Direction":"Forward","Length (m)":149.8,"Source":"NTA Active Travel Cycle Network (Feb 2025)","_style_key":"BIKE_LANE"}},{"type":"Feature","id":2552,"geometry":{"type":"LineString","coordinates":[[-6.297229999213465,53.34577000066635],[-6.296149999077283,53.34586000149687]]},"properties":{"Infrastructure type":"BIKE_LANE","Direction":"Forward","Length (m)":72.6,"Source":"NTA Active Travel Cycle Network (Feb 2025)","_style_key":"BIKE_LANE"}},{"type":"Feature","id":2554,"geometry":{"type":"LineString","coordinates":[[-6.2732568683792485,53.36789122915946],[-6.274637652925985,53.36846082226242]]},"properties":{"Infrastructure type":"BIKE_LANE","Direction":"Forward","Length (m)":112.4,"Source":"NTA Active Travel Cycle Network (Feb 2025)","_style_key":"BIKE_LANE"}},{"type":"Feature","id":2558,"geometry":{"type":"LineString","coordinates":[[-6.268015430670733,53.35671973290175],[-6.2681854311092655,53.35709973243706],[-6.269835432954851,53.35893973173837],[-6.26969820075061,53.36040873510086],[-6.26984309282786,53.36054258510542]]},"properties":{"Infrastructure type":"BIKE_LANE","Direction":"Forward","Length (m)":458.5,"Source":"NTA Active Travel Cycle Network (Feb 2025)","_style_key":"BIKE_LANE"}},{"type":"Feature","id":2559,"geometry":{"type":"LineString","coordinates":[[-6.274185754418774,53.343230539847184],[-6.274485640371541,53.34325044033858]]},"properties":{"Infrastructure type":"BIKE_LANE","Direction":"Forward","Length (m)":20.1,"Source":"NTA Active Travel Cycle Network (Feb 2025)","_style_key":"BIKE_LANE"}},{"type":"Feature","id":2561,"geometry":{"type":"LineString","coordinates":[[-6.227975638863545,53.36866682954178],[-6.226549999943983,53.368480001390246]]},"properties":{"Infrastructure type":"BIKE_LANE","Direction":"Forward","Length (m)":97.7,"Source":"NTA Active Travel Cycle Network (Feb 2025)","_style_key":"BIKE_LANE"}},{"type":"Feature","id":2563,"geometry":{"type":"LineString","coordinates":[[-6.2046860410441,53.383198274103684],[-6.204520000637514,53.383260001178954]]},"properties":{"Infrastructure type":"BIKE_LANE","Direction":"Forward","Length (m)":13.1,"Source":"NTA Active Travel Cycle Network (Feb 2025)","_style_key":"BIKE_LANE"}},{"type":"Feature","id":2565,"geometry":{"type":"LineString","coordinates":[[-6.226951900571818,53.368771369825645],[-6.228056048166323,53.36872147590752]]},"properties":{"Infrastructure type":"BIKE_LANE","Direction":"Forward","Length (m)":74.5,"Source":"NTA Active Travel Cycle Network (Feb 2025)","_style_key":"BIKE_LANE"}},{"type":"Feature","id":2569,"geometry":{"type":"LineString","coordinates":[[-6.285429911144982,53.34358354806661],[-6.281935529438789,53.34335784487156],[-6.27919966875414,53.34283916997495]]},"properties":{"Infrastructure type":"BIKE_LANE","Direction":"Forward","Length (m)":425.9,"Source":"NTA Active Travel Cycle Network (Feb 2025)","_style_key":"BIKE_LANE"}},{"type":"Feature","id":2571,"geometry":{"type":"LineString","coordinates":[[-6.31653572823108,53.3418677839145],[-6.316219999863918,53.341900001450476]]},"properties":{"Infrastructure type":"BIKE_LANE","Direction":"Forward","Length (m)":21.3,"Source":"NTA Active Travel Cycle Network (Feb 2025)","_style_key":"BIKE_LANE"}},{"type":"Feature","id":2572,"geometry":{"type":"LineString","coordinates":[[-6.237411444897432,53.372002802211114],[-6.229623034139282,53.36917223938727],[-6.227975638863545,53.36866682954178]]},"properties":{"Infrastructure type":"BIKE_LANE","Direction":"Forward","Length (m)":730.6,"Source":"NTA Active Travel Cycle Network (Feb 2025)","_style_key":"BIKE_LANE"}},{"type":"Feature","id":2573,"geometry":{"type":"LineString","coordinates":[[-6.252631012011188,53.34954882341261],[-6.251808861329924,53.349420109693405]]},"properties":{"Infrastructure type":"BIKE_LANE","Direction":"Forward","Length (m)":57.3,"Source":"NTA Active Travel Cycle Network (Feb 2025)","_style_key":"BIKE_LANE"}},{"type":"Feature","id":2575,"geometry":{"type":"LineString","coordinates":[[-6.264346648027993,53.32991936687498],[-6.272426641554967,53.329479365425414],[-6.275486356592262,53.329464654166195]]},"properties":{"Infrastructure type":"BIKE_LANE","Direction":"Forward","Length (m)":744.8,"Source":"NTA Active Travel Cycle Network (Feb 2025)","_style_key":"BIKE_LANE"}},{"type":"Feature","id":2580,"geometry":{"type":"LineString","coordinates":[[-6.226549999943983,53.368480001390246],[-6.226373802340546,53.36860632022089]]},"properties":{"Infrastructure type":"BIKE_LANE","Direction":"Forward","Length (m)":18.3,"Source":"NTA Active Travel Cycle Network (Feb 2025)","_style_key":"BIKE_LANE"}},{"type":"Feature","id":2581,"geometry":{"type":"LineString","coordinates":[[-6.3253200008087145,53.34205000053642],[-6.327989999493767,53.34209000043169]]},"properties":{"Infrastructure type":"BIKE_LANE","Direction":"Forward","Length (m)":178.1,"Source":"NTA Active Travel Cycle Network (Feb 2025)","_style_key":"BIKE_LANE"}},{"type":"Feature","id":2582,"geometry":{"type":"LineString","coordinates":[[-6.249168073215164,53.376890658430085],[-6.248535536417011,53.37745382694974],[-6.247037906422047,53.37913626057534]]},"properties":{"Infrastructure type":"BIKE_FRIENDLY_PEDESTRIAN_PATH","Direction":"Forward","Length (m)":287.8,"Source":"NTA Active Travel Cycle Network (Feb 2025)","_style_key":"BIKE_FRIENDLY_PEDESTRIAN_PATH"}},{"type":"Feature","id":2583,"geometry":{"type":"LineString","coordinates":[[-6.2918099999449355,53.346240000533605],[-6.291500000013796,53.346370000899896],[-6.2912800000332325,53.34674000094323]]},"properties":{"Infrastructure type":"BIKE_LANE","Direction":"Forward","Length (m)":69.3,"Source":"NTA Active Travel Cycle Network (Feb 2025)","_style_key":"BIKE_LANE"}},{"type":"Feature","id":2584,"geometry":{"type":"LineString","coordinates":[[-6.2984100001437175,53.33000000129093],[-6.299127186712513,53.32975015814032]]},"properties":{"Infrastructure type":"BIKE_LANE","Direction":"Forward","Length (m)":56.0,"Source":"NTA Active Travel Cycle Network (Feb 2025)","_style_key":"BIKE_LANE"}},{"type":"Feature","id":2585,"geometry":{"type":"LineString","coordinates":[[-6.223340000421804,53.3712700012782],[-6.223960000420289,53.37065000142423]]},"properties":{"Infrastructure type":"BIKE_LANE","Direction":"Forward","Length (m)":80.4,"Source":"NTA Active Travel Cycle Network (Feb 2025)","_style_key":"BIKE_LANE"}},{"type":"Feature","id":2587,"geometry":{"type":"LineString","coordinates":[[-6.321786857581346,53.32483929899246],[-6.321132078075091,53.324889931256806]]},"properties":{"Infrastructure type":"BIKE_LANE","Direction":"Forward","Length (m)":44.0,"Source":"NTA Active Travel Cycle Network (Feb 2025)","_style_key":"BIKE_LANE"}},{"type":"Feature","id":2589,"geometry":{"type":"LineString","coordinates":[[-6.256935779087872,53.33678754954866],[-6.256872576416132,53.33685991440043]]},"properties":{"Infrastructure type":"BIKE_LANE","Direction":"Forward","Length (m)":9.1,"Source":"NTA Active Travel Cycle Network (Feb 2025)","_style_key":"BIKE_LANE"}},{"type":"Feature","id":2591,"geometry":{"type":"LineString","coordinates":[[-6.342033047797124,53.36697903528597],[-6.341525983328057,53.36676550790684],[-6.341258632221088,53.366761792176035],[-6.341117610406508,53.366595984725826]]},"properties":{"Infrastructure type":"BIKE_LANE","Direction":"Forward","Length (m)":81.7,"Source":"NTA Active Travel Cycle Network (Feb 2025)","_style_key":"BIKE_LANE"}},{"type":"Feature","id":2593,"geometry":{"type":"LineString","coordinates":[[-6.298709999944481,53.36175000110806],[-6.30001000013525,53.362150000188294]]},"properties":{"Infrastructure type":"BIKE_LANE","Direction":"Forward","Length (m)":97.3,"Source":"NTA Active Travel Cycle Network (Feb 2025)","_style_key":"BIKE_LANE"}},{"type":"Feature","id":2594,"geometry":{"type":"LineString","coordinates":[[-6.332129532717202,53.37182155522489],[-6.332323715537022,53.371937487732126],[-6.332358318688089,53.37214958070935],[-6.33275062050428,53.372331403294694],[-6.3364500072002565,53.373500939737156],[-6.336950167969096,53.37358098613142],[-6.337691701896706,53.37392888434858],[-6.340747663184877,53.37490461399737],[-6.345391493722788,53.37604937172753],[-6.349912977859158,53.37779222467711],[-6.351373668308189,53.37820175282274]]},"properties":{"Infrastructure type":"BIKE_FRIENDLY_PEDESTRIAN_PATH","Direction":"Forward","Length (m)":1486.2,"Source":"NTA Active Travel Cycle Network (Feb 2025)","_style_key":"BIKE_FRIENDLY_PEDESTRIAN_PATH"}},{"type":"Feature","id":2596,"geometry":{"type":"LineString","coordinates":[[-6.265060000373333,53.387270001008154],[-6.265159999749125,53.388050000308695],[-6.265020000453946,53.38851000154431]]},"properties":{"Infrastructure type":"BIKE_LANE","Direction":"Forward","Length (m)":139.3,"Source":"NTA Active Travel Cycle Network (Feb 2025)","_style_key":"BIKE_LANE"}},{"type":"Feature","id":2599,"geometry":{"type":"LineString","coordinates":[[-6.281761953953736,53.34144781266206],[-6.282031953747607,53.341037811899426],[-6.282621953156101,53.340727812485504],[-6.284771952158177,53.34028781330765],[-6.285741950868936,53.33990781259831]]},"properties":{"Infrastructure type":"BIKE_LANE","Direction":"Forward","Length (m)":331.2,"Source":"NTA Active Travel Cycle Network (Feb 2025)","_style_key":"BIKE_LANE"}},{"type":"Feature","id":2600,"geometry":{"type":"LineString","coordinates":[[-6.230712802270707,53.32885759896696],[-6.231037238600797,53.32900108476406]]},"properties":{"Infrastructure type":"BIKE_LANE","Direction":"Forward","Length (m)":26.9,"Source":"NTA Active Travel Cycle Network (Feb 2025)","_style_key":"BIKE_LANE"}},{"type":"Feature","id":2602,"geometry":{"type":"LineString","coordinates":[[-6.179870230759884,53.403218394251134],[-6.1794677807599845,53.4033085152033],[-6.179161656334325,53.403724268873184]]},"properties":{"Infrastructure type":"BIKE_FRIENDLY_PEDESTRIAN_PATH","Direction":"Forward","Length (m)":82.7,"Source":"NTA Active Travel Cycle Network (Feb 2025)","_style_key":"BIKE_FRIENDLY_PEDESTRIAN_PATH"}},{"type":"Feature","id":2603,"geometry":{"type":"LineString","coordinates":[[-6.2663778462008795,53.33756190035604],[-6.268195480630837,53.337639985203644],[-6.269204244301359,53.33798732059297]]},"properties":{"Infrastructure type":"BIKE_LANE","Direction":"Forward","Length (m)":199.7,"Source":"NTA Active Travel Cycle Network (Feb 2025)","_style_key":"BIKE_LANE"}},{"type":"Feature","id":2605,"geometry":{"type":"LineString","coordinates":[[-6.24631096323875,53.39156694594293],[-6.246084664659297,53.39282959166166]]},"properties":{"Infrastructure type":"BIKE_LANE","Direction":"Forward","Length (m)":141.6,"Source":"NTA Active Travel Cycle Network (Feb 2025)","_style_key":"BIKE_LANE"}},{"type":"Feature","id":2608,"geometry":{"type":"LineString","coordinates":[[-6.275456795990749,53.32957771347338],[-6.275486356592262,53.329464654166195]]},"properties":{"Infrastructure type":"BIKE_LANE","Direction":"Forward","Length (m)":12.7,"Source":"NTA Active Travel Cycle Network (Feb 2025)","_style_key":"BIKE_LANE"}},{"type":"Feature","id":2620,"geometry":{"type":"LineString","coordinates":[[-6.294775723789954,53.360237803378055],[-6.2955257299961636,53.36055780101882]]},"properties":{"Infrastructure type":"BIKE_LANE","Direction":"Forward","Length (m)":61.3,"Source":"NTA Active Travel Cycle Network (Feb 2025)","_style_key":"BIKE_LANE"}},{"type":"Feature","id":2621,"geometry":{"type":"LineString","coordinates":[[-6.332649999503962,53.32382000071835],[-6.333220000617764,53.3238000013989]]},"properties":{"Infrastructure type":"BIKE_LANE","Direction":"Forward","Length (m)":38.0,"Source":"NTA Active Travel Cycle Network (Feb 2025)","_style_key":"BIKE_LANE"}},{"type":"Feature","id":2622,"geometry":{"type":"LineString","coordinates":[[-6.255916655951468,53.338042984290965],[-6.255671030819856,53.338394201427086]]},"properties":{"Infrastructure type":"BIKE_LANE","Direction":"Forward","Length (m)":42.4,"Source":"NTA Active Travel Cycle Network (Feb 2025)","_style_key":"BIKE_LANE"}},{"type":"Feature","id":2630,"geometry":{"type":"LineString","coordinates":[[-6.189260000301345,53.3945800005919],[-6.188639999729745,53.39515000048327],[-6.187570000406326,53.39644000109145]]},"properties":{"Infrastructure type":"BIKE_LANE","Direction":"Forward","Length (m)":235.9,"Source":"NTA Active Travel Cycle Network (Feb 2025)","_style_key":"BIKE_LANE"}},{"type":"Feature","id":2631,"geometry":{"type":"LineString","coordinates":[[-6.3281599995615405,53.34209000092298],[-6.329030347543293,53.34215892090372]]},"properties":{"Infrastructure type":"BIKE_LANE","Direction":"Forward","Length (m)":58.5,"Source":"NTA Active Travel Cycle Network (Feb 2025)","_style_key":"BIKE_LANE"}},{"type":"Feature","id":2632,"geometry":{"type":"LineString","coordinates":[[-6.3281599995615405,53.34209000092298],[-6.327989999493767,53.34209000043169]]},"properties":{"Infrastructure type":"BIKE_LANE","Direction":"Forward","Length (m)":11.3,"Source":"NTA Active Travel Cycle Network (Feb 2025)","_style_key":"BIKE_LANE"}},{"type":"Feature","id":2634,"geometry":{"type":"LineString","coordinates":[[-6.32902639008741,53.342260124597445],[-6.3283490139900005,53.342239005083904]]},"properties":{"Infrastructure type":"BIKE_LANE","Direction":"Forward","Length (m)":45.2,"Source":"NTA Active Travel Cycle Network (Feb 2025)","_style_key":"BIKE_LANE"}},{"type":"Feature","id":2635,"geometry":{"type":"LineString","coordinates":[[-6.187420000151661,53.396360000289214],[-6.188549999611574,53.3949800009095],[-6.188999999977439,53.394590001359276]]},"properties":{"Infrastructure type":"BIKE_LANE","Direction":"Forward","Length (m)":223.8,"Source":"NTA Active Travel Cycle Network (Feb 2025)","_style_key":"BIKE_LANE"}},{"type":"Feature","id":2639,"geometry":{"type":"LineString","coordinates":[[-6.252434817366594,53.331353808003016],[-6.25274315093436,53.331870216507916]]},"properties":{"Infrastructure type":"BIKE_LANE","Direction":"Forward","Length (m)":61.0,"Source":"NTA Active Travel Cycle Network (Feb 2025)","_style_key":"BIKE_LANE"}},{"type":"Feature","id":2641,"geometry":{"type":"LineString","coordinates":[[-6.257778453637669,53.36377947226094],[-6.256346255721382,53.365519365502365],[-6.255620521965321,53.36682691337102]]},"properties":{"Infrastructure type":"BIKE_FRIENDLY_PEDESTRIAN_PATH","Direction":"Forward","Length (m)":370.4,"Source":"NTA Active Travel Cycle Network (Feb 2025)","_style_key":"BIKE_FRIENDLY_PEDESTRIAN_PATH"}},{"type":"Feature","id":2648,"geometry":{"type":"LineString","coordinates":[[-6.257245746035499,53.336090687432566],[-6.25851240755994,53.33389817535523]]},"properties":{"Infrastructure type":"BIKE_LANE","Direction":"Forward","Length (m)":258.4,"Source":"NTA Active Travel Cycle Network (Feb 2025)","_style_key":"BIKE_LANE"}},{"type":"Feature","id":2649,"geometry":{"type":"LineString","coordinates":[[-6.279118456497483,53.37033289461318],[-6.274087309355319,53.368364309346916]]},"properties":{"Infrastructure type":"BIKE_LANE","Direction":"Forward","Length (m)":400.2,"Source":"NTA Active Travel Cycle Network (Feb 2025)","_style_key":"BIKE_LANE"}},{"type":"Feature","id":2652,"geometry":{"type":"LineString","coordinates":[[-6.275696651645814,53.32946555496279],[-6.27560037936212,53.329589862130966]]},"properties":{"Infrastructure type":"BIKE_LANE","Direction":"Forward","Length (m)":15.2,"Source":"NTA Active Travel Cycle Network (Feb 2025)","_style_key":"BIKE_LANE"}},{"type":"Feature","id":2654,"geometry":{"type":"LineString","coordinates":[[-6.232155809090542,53.319116528153046],[-6.232638781464483,53.31949090890277]]},"properties":{"Infrastructure type":"BIKE_LANE","Direction":"Forward","Length (m)":52.7,"Source":"NTA Active Travel Cycle Network (Feb 2025)","_style_key":"BIKE_LANE"}},{"type":"Feature","id":2656,"geometry":{"type":"LineString","coordinates":[[-6.253408672124539,53.33256805522077],[-6.256751076221224,53.3357858080568],[-6.257245746035499,53.336090687432566]]},"properties":{"Infrastructure type":"BIKE_LANE","Direction":"Forward","Length (m)":469.6,"Source":"NTA Active Travel Cycle Network (Feb 2025)","_style_key":"BIKE_LANE"}},{"type":"Feature","id":2659,"geometry":{"type":"LineString","coordinates":[[-6.260180821517643,53.33057244456012],[-6.259990521337967,53.330392976534405]]},"properties":{"Infrastructure type":"BIKE_LANE","Direction":"Forward","Length (m)":23.7,"Source":"NTA Active Travel Cycle Network (Feb 2025)","_style_key":"BIKE_LANE"}},{"type":"Feature","id":2664,"geometry":{"type":"LineString","coordinates":[[-6.283212317611362,53.305145026766425],[-6.283325375430918,53.305785700149166]]},"properties":{"Infrastructure type":"BIKE_LANE","Direction":"Forward","Length (m)":71.8,"Source":"NTA Active Travel Cycle Network (Feb 2025)","_style_key":"BIKE_LANE"}},{"type":"Feature","id":2667,"geometry":{"type":"LineString","coordinates":[[-6.194859999413268,53.39144000048273],[-6.197519999358003,53.38937000086839]]},"properties":{"Infrastructure type":"BIKE_LANE","Direction":"Forward","Length (m)":290.6,"Source":"NTA Active Travel Cycle Network (Feb 2025)","_style_key":"BIKE_LANE"}},{"type":"Feature","id":2669,"geometry":{"type":"LineString","coordinates":[[-6.225579999448237,53.368990001111264],[-6.226329999548582,53.36844000087422]]},"properties":{"Infrastructure type":"BIKE_LANE","Direction":"Forward","Length (m)":79.1,"Source":"NTA Active Travel Cycle Network (Feb 2025)","_style_key":"BIKE_LANE"}},{"type":"Feature","id":2671,"geometry":{"type":"LineString","coordinates":[[-6.272209999604835,53.34555000103471],[-6.272520070337887,53.34666294811454],[-6.27295000038822,53.346910001084005],[-6.273350000548093,53.34805000087036],[-6.273614713170897,53.35008038284819]]},"properties":{"Infrastructure type":"BIKE_LANE","Direction":"Forward","Length (m)":522.7,"Source":"NTA Active Travel Cycle Network (Feb 2025)","_style_key":"BIKE_LANE"}},{"type":"Feature","id":2673,"geometry":{"type":"LineString","coordinates":[[-6.186700000698462,53.39763000120458],[-6.185149999285795,53.39931000110164]]},"properties":{"Infrastructure type":"BIKE_LANE","Direction":"Forward","Length (m)":213.7,"Source":"NTA Active Travel Cycle Network (Feb 2025)","_style_key":"BIKE_LANE"}},{"type":"Feature","id":2679,"geometry":{"type":"LineString","coordinates":[[-6.279118456497483,53.37033289461318],[-6.280159998904903,53.3708200011314]]},"properties":{"Infrastructure type":"BIKE_LANE","Direction":"Forward","Length (m)":88.2,"Source":"NTA Active Travel Cycle Network (Feb 2025)","_style_key":"BIKE_LANE"}},{"type":"Feature","id":2680,"geometry":{"type":"LineString","coordinates":[[-6.300059999978386,53.362090000071966],[-6.3007600000949,53.362340000850864]]},"properties":{"Infrastructure type":"BIKE_LANE","Direction":"Forward","Length (m)":54.3,"Source":"NTA Active Travel Cycle Network (Feb 2025)","_style_key":"BIKE_LANE"}},{"type":"Feature","id":2681,"geometry":{"type":"LineString","coordinates":[[-6.203849999148311,53.38347000028883],[-6.204583024408981,53.38314010009841]]},"properties":{"Infrastructure type":"BIKE_LANE","Direction":"Forward","Length (m)":61.3,"Source":"NTA Active Travel Cycle Network (Feb 2025)","_style_key":"BIKE_LANE"}},{"type":"Feature","id":2683,"geometry":{"type":"LineString","coordinates":[[-6.231351888563681,53.3291282611204],[-6.231759732920906,53.32930203674772]]},"properties":{"Infrastructure type":"BIKE_LANE","Direction":"Forward","Length (m)":33.4,"Source":"NTA Active Travel Cycle Network (Feb 2025)","_style_key":"BIKE_LANE"}},{"type":"Feature","id":2684,"geometry":{"type":"LineString","coordinates":[[-6.30602549896369,53.34396838037075],[-6.3048713434762735,53.34440242424035]]},"properties":{"Infrastructure type":"BIKE_LANE","Direction":"Forward","Length (m)":90.8,"Source":"NTA Active Travel Cycle Network (Feb 2025)","_style_key":"BIKE_LANE"}},{"type":"Feature","id":2685,"geometry":{"type":"LineString","coordinates":[[-6.27430999917551,53.350720000059205],[-6.273879999786704,53.35133000079775]]},"properties":{"Infrastructure type":"BIKE_LANE","Direction":"Forward","Length (m)":73.7,"Source":"NTA Active Travel Cycle Network (Feb 2025)","_style_key":"BIKE_LANE"}},{"type":"Feature","id":2686,"geometry":{"type":"LineString","coordinates":[[-6.18974999903361,53.394220000746095],[-6.189260000301345,53.3945800005919]]},"properties":{"Infrastructure type":"BIKE_LANE","Direction":"Forward","Length (m)":51.7,"Source":"NTA Active Travel Cycle Network (Feb 2025)","_style_key":"BIKE_LANE"}},{"type":"Feature","id":2687,"geometry":{"type":"LineString","coordinates":[[-6.3007600000949,53.362340000850864],[-6.302326039294772,53.36289014513705]]},"properties":{"Infrastructure type":"BIKE_LANE","Direction":"Forward","Length (m)":121.0,"Source":"NTA Active Travel Cycle Network (Feb 2025)","_style_key":"BIKE_LANE"}},{"type":"Feature","id":2688,"geometry":{"type":"LineString","coordinates":[[-6.204170000025048,53.38343000065278],[-6.203860000065988,53.38359000046904]]},"properties":{"Infrastructure type":"BIKE_LANE","Direction":"Forward","Length (m)":27.3,"Source":"NTA Active Travel Cycle Network (Feb 2025)","_style_key":"BIKE_LANE"}},{"type":"Feature","id":2689,"geometry":{"type":"LineString","coordinates":[[-6.224389999384404,53.370180001253225],[-6.224580000251291,53.369990000325146]]},"properties":{"Infrastructure type":"BIKE_LANE","Direction":"Forward","Length (m)":24.6,"Source":"NTA Active Travel Cycle Network (Feb 2025)","_style_key":"BIKE_LANE"}},{"type":"Feature","id":2691,"geometry":{"type":"LineString","coordinates":[[-6.190179999550808,53.393770000540165],[-6.191230000861595,53.39323000086381]]},"properties":{"Infrastructure type":"BIKE_LANE","Direction":"Forward","Length (m)":92.2,"Source":"NTA Active Travel Cycle Network (Feb 2025)","_style_key":"BIKE_LANE"}},{"type":"Feature","id":2695,"geometry":{"type":"LineString","coordinates":[[-6.283210788025465,53.30513969185783],[-6.283204646940375,53.30449046108714]]},"properties":{"Infrastructure type":"BIKE_FRIENDLY_PEDESTRIAN_PATH","Direction":"Forward","Length (m)":72.3,"Source":"NTA Active Travel Cycle Network (Feb 2025)","_style_key":"BIKE_FRIENDLY_PEDESTRIAN_PATH"}},{"type":"Feature","id":2696,"geometry":{"type":"LineString","coordinates":[[-6.2885499998663255,53.38003000149585],[-6.289389999440104,53.38085000075091]]},"properties":{"Infrastructure type":"BIKE_LANE","Direction":"Forward","Length (m)":107.5,"Source":"NTA Active Travel Cycle Network (Feb 2025)","_style_key":"BIKE_LANE"}},{"type":"Feature","id":2698,"geometry":{"type":"LineString","coordinates":[[-6.22184999959458,53.372770001055926],[-6.222549999748721,53.372070001567494]]},"properties":{"Infrastructure type":"BIKE_LANE","Direction":"Forward","Length (m)":90.8,"Source":"NTA Active Travel Cycle Network (Feb 2025)","_style_key":"BIKE_LANE"}},{"type":"Feature","id":2699,"geometry":{"type":"LineString","coordinates":[[-6.294100000743348,53.384080001198875],[-6.2944300008224845,53.38434000108131]]},"properties":{"Infrastructure type":"BIKE_LANE","Direction":"Forward","Length (m)":36.3,"Source":"NTA Active Travel Cycle Network (Feb 2025)","_style_key":"BIKE_LANE"}},{"type":"Feature","id":2700,"geometry":{"type":"LineString","coordinates":[[-6.1902399996430235,53.39392000022603],[-6.18974999903361,53.394220000746095]]},"properties":{"Infrastructure type":"BIKE_LANE","Direction":"Forward","Length (m)":46.7,"Source":"NTA Active Travel Cycle Network (Feb 2025)","_style_key":"BIKE_LANE"}},{"type":"Feature","id":2701,"geometry":{"type":"LineString","coordinates":[[-6.224759999487836,53.37002000110078],[-6.2245799989191015,53.37020000079126]]},"properties":{"Infrastructure type":"BIKE_LANE","Direction":"Forward","Length (m)":23.3,"Source":"NTA Active Travel Cycle Network (Feb 2025)","_style_key":"BIKE_LANE"}},{"type":"Feature","id":2702,"geometry":{"type":"LineString","coordinates":[[-6.222040000484888,53.37279000098766],[-6.221699999722651,53.37307000090096]]},"properties":{"Infrastructure type":"BIKE_LANE","Direction":"Forward","Length (m)":38.5,"Source":"NTA Active Travel Cycle Network (Feb 2025)","_style_key":"BIKE_LANE"}},{"type":"Feature","id":2704,"geometry":{"type":"LineString","coordinates":[[-6.256872576416132,53.33685991440043],[-6.25641186901254,53.33743367135426]]},"properties":{"Infrastructure type":"BIKE_LANE","Direction":"Forward","Length (m)":70.8,"Source":"NTA Active Travel Cycle Network (Feb 2025)","_style_key":"BIKE_LANE"}},{"type":"Feature","id":2706,"geometry":{"type":"LineString","coordinates":[[-6.227487896773748,53.36773360201994],[-6.226549999943983,53.368480001390246]]},"properties":{"Infrastructure type":"BIKE_LANE","Direction":"Forward","Length (m)":104.0,"Source":"NTA Active Travel Cycle Network (Feb 2025)","_style_key":"BIKE_LANE"}},{"type":"Feature","id":2707,"geometry":{"type":"LineString","coordinates":[[-6.201380000484714,53.38662000123907],[-6.199090000967773,53.388300000604765]]},"properties":{"Infrastructure type":"BIKE_LANE","Direction":"Forward","Length (m)":241.3,"Source":"NTA Active Travel Cycle Network (Feb 2025)","_style_key":"BIKE_LANE"}},{"type":"Feature","id":2709,"geometry":{"type":"LineString","coordinates":[[-6.231037238600797,53.32900108476406],[-6.231145792889845,53.329039067882995]]},"properties":{"Infrastructure type":"BIKE_LANE","Direction":"Forward","Length (m)":8.4,"Source":"NTA Active Travel Cycle Network (Feb 2025)","_style_key":"BIKE_LANE"}},{"type":"Feature","id":2710,"geometry":{"type":"LineString","coordinates":[[-6.2301603660086835,53.32867208319045],[-6.230712802270707,53.32885759896696]]},"properties":{"Infrastructure type":"BIKE_LANE","Direction":"Forward","Length (m)":42.5,"Source":"NTA Active Travel Cycle Network (Feb 2025)","_style_key":"BIKE_LANE"}},{"type":"Feature","id":2712,"geometry":{"type":"LineString","coordinates":[[-6.288330000198576,53.379740000861425],[-6.2885499998663255,53.38003000149585]]},"properties":{"Infrastructure type":"BIKE_LANE","Direction":"Forward","Length (m)":35.4,"Source":"NTA Active Travel Cycle Network (Feb 2025)","_style_key":"BIKE_LANE"}},{"type":"Feature","id":2713,"geometry":{"type":"LineString","coordinates":[[-6.298649999779699,53.361620001006806],[-6.300059999978386,53.362090000071966]]},"properties":{"Infrastructure type":"BIKE_LANE","Direction":"Forward","Length (m)":107.5,"Source":"NTA Active Travel Cycle Network (Feb 2025)","_style_key":"BIKE_LANE"}},{"type":"Feature","id":2714,"geometry":{"type":"LineString","coordinates":[[-6.2414738623998804,53.34629387191565],[-6.241566100592238,53.34645326806936],[-6.241376225024554,53.34752432107322]]},"properties":{"Infrastructure type":"BIKE_FRIENDLY_PEDESTRIAN_PATH","Direction":"Forward","Length (m)":139.9,"Source":"NTA Active Travel Cycle Network (Feb 2025)","_style_key":"BIKE_FRIENDLY_PEDESTRIAN_PATH"}},{"type":"Feature","id":2715,"geometry":{"type":"LineString","coordinates":[[-6.265496315199369,53.379241582594304],[-6.265649999770281,53.37972000073546]]},"properties":{"Infrastructure type":"BIKE_LANE","Direction":"Forward","Length (m)":54.2,"Source":"NTA Active Travel Cycle Network (Feb 2025)","_style_key":"BIKE_LANE"}},{"type":"Feature","id":2716,"geometry":{"type":"LineString","coordinates":[[-6.230549999484752,53.32897000091509],[-6.230000478236662,53.32877976930377]]},"properties":{"Infrastructure type":"BIKE_LANE","Direction":"Forward","Length (m)":42.3,"Source":"NTA Active Travel Cycle Network (Feb 2025)","_style_key":"BIKE_LANE"}},{"type":"Feature","id":2717,"geometry":{"type":"LineString","coordinates":[[-6.223340000330423,53.37147000066936],[-6.222679999629258,53.37214000032681]]},"properties":{"Infrastructure type":"BIKE_LANE","Direction":"Forward","Length (m)":86.5,"Source":"NTA Active Travel Cycle Network (Feb 2025)","_style_key":"BIKE_LANE"}},{"type":"Feature","id":2719,"geometry":{"type":"LineString","coordinates":[[-6.298000000695463,53.36136000057352],[-6.298649999779699,53.361620001006806]]},"properties":{"Infrastructure type":"BIKE_LANE","Direction":"Forward","Length (m)":52.1,"Source":"NTA Active Travel Cycle Network (Feb 2025)","_style_key":"BIKE_LANE"}},{"type":"Feature","id":2720,"geometry":{"type":"LineString","coordinates":[[-6.2245799989191015,53.37020000079126],[-6.22410000061994,53.37069000040331]]},"properties":{"Infrastructure type":"BIKE_LANE","Direction":"Forward","Length (m)":63.2,"Source":"NTA Active Travel Cycle Network (Feb 2025)","_style_key":"BIKE_LANE"}},{"type":"Feature","id":2721,"geometry":{"type":"LineString","coordinates":[[-6.225769999622846,53.369070000862],[-6.225090000073728,53.36970000041455]]},"properties":{"Infrastructure type":"BIKE_LANE","Direction":"Forward","Length (m)":83.5,"Source":"NTA Active Travel Cycle Network (Feb 2025)","_style_key":"BIKE_LANE"}},{"type":"Feature","id":2722,"geometry":{"type":"LineString","coordinates":[[-6.298929999677926,53.345610001559386],[-6.298250000025004,53.345680000764546]]},"properties":{"Infrastructure type":"BIKE_LANE","Direction":"Forward","Length (m)":46.0,"Source":"NTA Active Travel Cycle Network (Feb 2025)","_style_key":"BIKE_LANE"}},{"type":"Feature","id":2723,"geometry":{"type":"LineString","coordinates":[[-6.299520000733701,53.345410001366595],[-6.299759999612762,53.34537000130776]]},"properties":{"Infrastructure type":"BIKE_LANE","Direction":"Forward","Length (m)":16.6,"Source":"NTA Active Travel Cycle Network (Feb 2025)","_style_key":"BIKE_LANE"}},{"type":"Feature","id":2725,"geometry":{"type":"LineString","coordinates":[[-6.300429999797352,53.36229000069204],[-6.302297472734157,53.363002452279396]]},"properties":{"Infrastructure type":"BIKE_LANE","Direction":"Forward","Length (m)":147.5,"Source":"NTA Active Travel Cycle Network (Feb 2025)","_style_key":"BIKE_LANE"}},{"type":"Feature","id":2726,"geometry":{"type":"LineString","coordinates":[[-6.265129999505284,53.38594000028315],[-6.265279999350497,53.38728000068316]]},"properties":{"Infrastructure type":"BIKE_LANE","Direction":"Forward","Length (m)":149.6,"Source":"NTA Active Travel Cycle Network (Feb 2025)","_style_key":"BIKE_LANE"}},{"type":"Feature","id":2728,"geometry":{"type":"LineString","coordinates":[[-6.231905241809388,53.341547390893105],[-6.234667997015969,53.341889912055635]]},"properties":{"Infrastructure type":"BIKE_LANE","Direction":"Forward","Length (m)":188.0,"Source":"NTA Active Travel Cycle Network (Feb 2025)","_style_key":"BIKE_LANE"}},{"type":"Feature","id":2730,"geometry":{"type":"LineString","coordinates":[[-6.274713851180819,53.35007189759409],[-6.274666920295352,53.3501803110019]]},"properties":{"Infrastructure type":"BIKE_LANE","Direction":"Forward","Length (m)":12.5,"Source":"NTA Active Travel Cycle Network (Feb 2025)","_style_key":"BIKE_LANE"}},{"type":"Feature","id":2731,"geometry":{"type":"LineString","coordinates":[[-6.204520000637514,53.383260001178954],[-6.204170000025048,53.38343000065278]]},"properties":{"Infrastructure type":"BIKE_LANE","Direction":"Forward","Length (m)":30.0,"Source":"NTA Active Travel Cycle Network (Feb 2025)","_style_key":"BIKE_LANE"}},{"type":"Feature","id":2732,"geometry":{"type":"LineString","coordinates":[[-6.279559999671025,53.3704100012913],[-6.280259999490276,53.37077000088288]]},"properties":{"Infrastructure type":"BIKE_LANE","Direction":"Forward","Length (m)":61.6,"Source":"NTA Active Travel Cycle Network (Feb 2025)","_style_key":"BIKE_LANE"}},{"type":"Feature","id":2734,"geometry":{"type":"LineString","coordinates":[[-6.223340000421804,53.3712700012782],[-6.223189999554288,53.37142000092901]]},"properties":{"Infrastructure type":"BIKE_LANE","Direction":"Forward","Length (m)":19.5,"Source":"NTA Active Travel Cycle Network (Feb 2025)","_style_key":"BIKE_LANE"}},{"type":"Feature","id":2735,"geometry":{"type":"LineString","coordinates":[[-6.221539999953694,53.373040000619184],[-6.22184999959458,53.372770001055926]]},"properties":{"Infrastructure type":"BIKE_LANE","Direction":"Forward","Length (m)":36.5,"Source":"NTA Active Travel Cycle Network (Feb 2025)","_style_key":"BIKE_LANE"}},{"type":"Feature","id":2737,"geometry":{"type":"LineString","coordinates":[[-6.24105952193908,53.34752282528703],[-6.241376225024554,53.34752432107322]]},"properties":{"Infrastructure type":"BIKE_FRIENDLY_PEDESTRIAN_PATH","Direction":"Forward","Length (m)":21.1,"Source":"NTA Active Travel Cycle Network (Feb 2025)","_style_key":"BIKE_FRIENDLY_PEDESTRIAN_PATH"}},{"type":"Feature","id":2741,"geometry":{"type":"LineString","coordinates":[[-6.193070000258578,53.39257000128581],[-6.192609999499345,53.392780000922215]]},"properties":{"Infrastructure type":"BIKE_LANE","Direction":"Forward","Length (m)":38.5,"Source":"NTA Active Travel Cycle Network (Feb 2025)","_style_key":"BIKE_LANE"}},{"type":"Feature","id":2743,"geometry":{"type":"LineString","coordinates":[[-6.293040000123663,53.3460600006671],[-6.292330000068292,53.346150001047334]]},"properties":{"Infrastructure type":"BIKE_LANE","Direction":"Forward","Length (m)":48.3,"Source":"NTA Active Travel Cycle Network (Feb 2025)","_style_key":"BIKE_LANE"}},{"type":"Feature","id":2744,"geometry":{"type":"LineString","coordinates":[[-6.222549999748721,53.372070001567494],[-6.223189999554288,53.37142000092901]]},"properties":{"Infrastructure type":"BIKE_LANE","Direction":"Forward","Length (m)":84.0,"Source":"NTA Active Travel Cycle Network (Feb 2025)","_style_key":"BIKE_LANE"}},{"type":"Feature","id":2745,"geometry":{"type":"LineString","coordinates":[[-6.296540000776498,53.34576000107243],[-6.2982199989975705,53.345600000621985]]},"properties":{"Infrastructure type":"BIKE_LANE","Direction":"Forward","Length (m)":113.3,"Source":"NTA Active Travel Cycle Network (Feb 2025)","_style_key":"BIKE_LANE"}},{"type":"Feature","id":2746,"geometry":{"type":"LineString","coordinates":[[-6.263879999712472,53.39333000131566],[-6.2640000000478935,53.39414000088261]]},"properties":{"Infrastructure type":"BIKE_LANE","Direction":"Forward","Length (m)":90.5,"Source":"NTA Active Travel Cycle Network (Feb 2025)","_style_key":"BIKE_LANE"}},{"type":"Feature","id":2747,"geometry":{"type":"LineString","coordinates":[[-6.266099999794561,53.37985000080006],[-6.265919999939372,53.380380001050916],[-6.265920000855438,53.38068000091238]]},"properties":{"Infrastructure type":"BIKE_LANE","Direction":"Forward","Length (m)":93.7,"Source":"NTA Active Travel Cycle Network (Feb 2025)","_style_key":"BIKE_LANE"}},{"type":"Feature","id":2748,"geometry":{"type":"LineString","coordinates":[[-6.298890000644054,53.34551000081833],[-6.299520000733701,53.345410001366595]]},"properties":{"Infrastructure type":"BIKE_LANE","Direction":"Forward","Length (m)":43.4,"Source":"NTA Active Travel Cycle Network (Feb 2025)","_style_key":"BIKE_LANE"}},{"type":"Feature","id":2753,"geometry":{"type":"LineString","coordinates":[[-6.1949900007683425,53.3915300007928],[-6.193070000258578,53.39257000128581]]},"properties":{"Infrastructure type":"BIKE_LANE","Direction":"Forward","Length (m)":172.6,"Source":"NTA Active Travel Cycle Network (Feb 2025)","_style_key":"BIKE_LANE"}},{"type":"Feature","id":2754,"geometry":{"type":"LineString","coordinates":[[-6.296990000121975,53.38649000062704],[-6.295639999979275,53.38544000092382]]},"properties":{"Infrastructure type":"BIKE_LANE","Direction":"Forward","Length (m)":147.4,"Source":"NTA Active Travel Cycle Network (Feb 2025)","_style_key":"BIKE_LANE"}},{"type":"Feature","id":2756,"geometry":{"type":"LineString","coordinates":[[-6.197790000121803,53.38915000076816],[-6.198899999078147,53.38825000077737]]},"properties":{"Infrastructure type":"BIKE_LANE","Direction":"Forward","Length (m)":124.5,"Source":"NTA Active Travel Cycle Network (Feb 2025)","_style_key":"BIKE_LANE"}},{"type":"Feature","id":2757,"geometry":{"type":"LineString","coordinates":[[-6.202179999700581,53.38578000150453],[-6.201380000484714,53.38662000123907]]},"properties":{"Infrastructure type":"BIKE_LANE","Direction":"Forward","Length (m)":107.7,"Source":"NTA Active Travel Cycle Network (Feb 2025)","_style_key":"BIKE_LANE"}},{"type":"Feature","id":2758,"geometry":{"type":"LineString","coordinates":[[-6.2745089946133135,53.35041688481509],[-6.27430999917551,53.350720000059205]]},"properties":{"Infrastructure type":"BIKE_LANE","Direction":"Forward","Length (m)":36.2,"Source":"NTA Active Travel Cycle Network (Feb 2025)","_style_key":"BIKE_LANE"}},{"type":"Feature","id":2759,"geometry":{"type":"LineString","coordinates":[[-6.191230000861595,53.39323000086381],[-6.192219999683851,53.39280000067652]]},"properties":{"Infrastructure type":"BIKE_LANE","Direction":"Forward","Length (m)":81.4,"Source":"NTA Active Travel Cycle Network (Feb 2025)","_style_key":"BIKE_LANE"}},{"type":"Feature","id":2760,"geometry":{"type":"LineString","coordinates":[[-6.265649999770281,53.37972000073546],[-6.26576000080229,53.3802000012449],[-6.265729999156939,53.380670001248745]]},"properties":{"Infrastructure type":"BIKE_LANE","Direction":"Forward","Length (m)":106.3,"Source":"NTA Active Travel Cycle Network (Feb 2025)","_style_key":"BIKE_LANE"}},{"type":"Feature","id":2762,"geometry":{"type":"LineString","coordinates":[[-6.274666920295352,53.3501803110019],[-6.2745089946133135,53.35041688481509]]},"properties":{"Infrastructure type":"BIKE_LANE","Direction":"Forward","Length (m)":28.4,"Source":"NTA Active Travel Cycle Network (Feb 2025)","_style_key":"BIKE_LANE"}},{"type":"Feature","id":2764,"geometry":{"type":"LineString","coordinates":[[-6.297130000120257,53.3611700010577],[-6.297920000558876,53.361430000762795],[-6.298050514664526,53.36163374000972]]},"properties":{"Infrastructure type":"BIKE_LANE","Direction":"Forward","Length (m)":84.9,"Source":"NTA Active Travel Cycle Network (Feb 2025)","_style_key":"BIKE_LANE"}},{"type":"Feature","id":2767,"geometry":{"type":"LineString","coordinates":[[-6.292830000804298,53.34602000025425],[-6.293419998811011,53.34595000107343]]},"properties":{"Infrastructure type":"BIKE_LANE","Direction":"Forward","Length (m)":40.1,"Source":"NTA Active Travel Cycle Network (Feb 2025)","_style_key":"BIKE_LANE"}},{"type":"Feature","id":2774,"geometry":{"type":"LineString","coordinates":[[-6.260143024705535,53.330357762635636],[-6.260296755857289,53.33051510310753]]},"properties":{"Infrastructure type":"BIKE_LANE","Direction":"Forward","Length (m)":20.3,"Source":"NTA Active Travel Cycle Network (Feb 2025)","_style_key":"BIKE_LANE"}},{"type":"Feature","id":2775,"geometry":{"type":"LineString","coordinates":[[-6.260078980971988,53.330282580230865],[-6.261763604400453,53.33001824136721],[-6.264189652660414,53.32990785078198]]},"properties":{"Infrastructure type":"BIKE_LANE","Direction":"Forward","Length (m)":278.5,"Source":"NTA Active Travel Cycle Network (Feb 2025)","_style_key":"BIKE_LANE"}},{"type":"Feature","id":2776,"geometry":{"type":"LineString","coordinates":[[-6.24105952193908,53.34752282528703],[-6.241057024722948,53.34765790266781]]},"properties":{"Infrastructure type":"BIKE_FRIENDLY_PEDESTRIAN_PATH","Direction":"Bi-Directional","Length (m)":15.0,"Source":"NTA Active Travel Cycle Network (Feb 2025)","_style_key":"BIKE_FRIENDLY_PEDESTRIAN_PATH"}},{"type":"Feature","id":2777,"geometry":{"type":"LineString","coordinates":[[-6.19136999935861,53.39334000062469],[-6.1902399996430235,53.39392000022603]]},"properties":{"Infrastructure type":"BIKE_LANE","Direction":"Forward","Length (m)":99.2,"Source":"NTA Active Travel Cycle Network (Feb 2025)","_style_key":"BIKE_LANE"}},{"type":"Feature","id":2779,"geometry":{"type":"LineString","coordinates":[[-6.298419999461121,53.34558000100703],[-6.298890000644054,53.34551000081833]]},"properties":{"Infrastructure type":"BIKE_LANE","Direction":"Forward","Length (m)":32.3,"Source":"NTA Active Travel Cycle Network (Feb 2025)","_style_key":"BIKE_LANE"}},{"type":"Feature","id":2783,"geometry":{"type":"LineString","coordinates":[[-6.224930000782744,53.36962000093414],[-6.225579999448237,53.368990001111264]]},"properties":{"Infrastructure type":"BIKE_LANE","Direction":"Forward","Length (m)":82.4,"Source":"NTA Active Travel Cycle Network (Feb 2025)","_style_key":"BIKE_LANE"}},{"type":"Feature","id":2786,"geometry":{"type":"LineString","coordinates":[[-6.265279999350497,53.38728000068316],[-6.265370000584747,53.38777000155047],[-6.265330000306113,53.388320000305754],[-6.264900000389049,53.38916000047211]]},"properties":{"Infrastructure type":"BIKE_LANE","Direction":"Forward","Length (m)":214.0,"Source":"NTA Active Travel Cycle Network (Feb 2025)","_style_key":"BIKE_LANE"}},{"type":"Feature","id":2787,"geometry":{"type":"LineString","coordinates":[[-6.286539999656349,53.375910001348664],[-6.286799999389877,53.37640000101753]]},"properties":{"Infrastructure type":"BIKE_LANE","Direction":"Forward","Length (m)":57.3,"Source":"NTA Active Travel Cycle Network (Feb 2025)","_style_key":"BIKE_LANE"}},{"type":"Feature","id":2790,"geometry":{"type":"LineString","coordinates":[[-6.2962700003291685,53.36087000111864],[-6.297130000120257,53.3611700010577]]},"properties":{"Infrastructure type":"BIKE_LANE","Direction":"Forward","Length (m)":66.3,"Source":"NTA Active Travel Cycle Network (Feb 2025)","_style_key":"BIKE_LANE"}},{"type":"Feature","id":2792,"geometry":{"type":"LineString","coordinates":[[-6.335689999954349,53.32376000114673],[-6.336670000098664,53.32373000033772]]},"properties":{"Infrastructure type":"BIKE_LANE","Direction":"Forward","Length (m)":65.4,"Source":"NTA Active Travel Cycle Network (Feb 2025)","_style_key":"BIKE_LANE"}},{"type":"Feature","id":2794,"geometry":{"type":"LineString","coordinates":[[-6.188999999977439,53.394590001359276],[-6.190179999550808,53.393770000540165]]},"properties":{"Infrastructure type":"BIKE_LANE","Direction":"Forward","Length (m)":120.6,"Source":"NTA Active Travel Cycle Network (Feb 2025)","_style_key":"BIKE_LANE"}},{"type":"Feature","id":2795,"geometry":{"type":"LineString","coordinates":[[-6.292309999148631,53.34609000072899],[-6.292830000804298,53.34602000025425]]},"properties":{"Infrastructure type":"BIKE_LANE","Direction":"Forward","Length (m)":35.5,"Source":"NTA Active Travel Cycle Network (Feb 2025)","_style_key":"BIKE_LANE"}},{"type":"Feature","id":2797,"geometry":{"type":"LineString","coordinates":[[-6.298050514664526,53.36163374000972],[-6.298709999944481,53.36175000110806]]},"properties":{"Infrastructure type":"BIKE_LANE","Direction":"Forward","Length (m)":45.8,"Source":"NTA Active Travel Cycle Network (Feb 2025)","_style_key":"BIKE_LANE"}},{"type":"Feature","id":2798,"geometry":{"type":"LineString","coordinates":[[-6.192889999944252,53.392500000970365],[-6.194859999413268,53.39144000048273]]},"properties":{"Infrastructure type":"BIKE_LANE","Direction":"Forward","Length (m)":176.5,"Source":"NTA Active Travel Cycle Network (Feb 2025)","_style_key":"BIKE_LANE"}},{"type":"Feature","id":2799,"geometry":{"type":"LineString","coordinates":[[-6.296149999077283,53.34586000149687],[-6.293449999940969,53.34601000042602]]},"properties":{"Infrastructure type":"BIKE_LANE","Direction":"Forward","Length (m)":180.7,"Source":"NTA Active Travel Cycle Network (Feb 2025)","_style_key":"BIKE_LANE"}},{"type":"Feature","id":2802,"geometry":{"type":"LineString","coordinates":[[-6.201209999708466,53.386560001538825],[-6.2021100006191405,53.38567000096281],[-6.203029998954296,53.384180001103765],[-6.203600000054399,53.38361000134481]]},"properties":{"Infrastructure type":"BIKE_LANE","Direction":"Forward","Length (m)":367.0,"Source":"NTA Active Travel Cycle Network (Feb 2025)","_style_key":"BIKE_LANE"}},{"type":"Feature","id":2803,"geometry":{"type":"LineString","coordinates":[[-6.295639999979275,53.38544000092382],[-6.295119999306432,53.38504000160487]]},"properties":{"Infrastructure type":"BIKE_LANE","Direction":"Forward","Length (m)":56.4,"Source":"NTA Active Travel Cycle Network (Feb 2025)","_style_key":"BIKE_LANE"}},{"type":"Feature","id":2804,"geometry":{"type":"LineString","coordinates":[[-6.198899999078147,53.38825000077737],[-6.201209999708466,53.386560001538825]]},"properties":{"Infrastructure type":"BIKE_LANE","Direction":"Forward","Length (m)":243.0,"Source":"NTA Active Travel Cycle Network (Feb 2025)","_style_key":"BIKE_LANE"}},{"type":"Feature","id":2808,"geometry":{"type":"LineString","coordinates":[[-6.203600000054399,53.38361000134481],[-6.203849999148311,53.38347000028883]]},"properties":{"Infrastructure type":"BIKE_LANE","Direction":"Forward","Length (m)":22.8,"Source":"NTA Active Travel Cycle Network (Feb 2025)","_style_key":"BIKE_LANE"}},{"type":"Feature","id":2809,"geometry":{"type":"LineString","coordinates":[[-6.197680000042105,53.389450001683144],[-6.1949900007683425,53.3915300007928]]},"properties":{"Infrastructure type":"BIKE_LANE","Direction":"Forward","Length (m)":292.8,"Source":"NTA Active Travel Cycle Network (Feb 2025)","_style_key":"BIKE_LANE"}},{"type":"Feature","id":2810,"geometry":{"type":"LineString","coordinates":[[-6.272240000175322,53.34064000062991],[-6.272219999913984,53.34053000126415]]},"properties":{"Infrastructure type":"BIKE_LANE","Direction":"Forward","Length (m)":12.3,"Source":"NTA Active Travel Cycle Network (Feb 2025)","_style_key":"BIKE_LANE"}},{"type":"Feature","id":2811,"geometry":{"type":"LineString","coordinates":[[-6.258390000385264,53.34535000124484],[-6.2587600007609305,53.34531000099665],[-6.259090000613746,53.34540000069356]]},"properties":{"Infrastructure type":"BIKE_LANE","Direction":"Forward","Length (m)":50.3,"Source":"NTA Active Travel Cycle Network (Feb 2025)","_style_key":"BIKE_LANE"}},{"type":"Feature","id":2813,"geometry":{"type":"LineString","coordinates":[[-6.265356096875317,53.35603885855177],[-6.268015430670733,53.35671973290175]]},"properties":{"Infrastructure type":"BIKE_LANE","Direction":"Forward","Length (m)":192.8,"Source":"NTA Active Travel Cycle Network (Feb 2025)","_style_key":"BIKE_LANE"}},{"type":"Feature","id":2816,"geometry":{"type":"LineString","coordinates":[[-6.3070818054297435,53.344008325156786],[-6.30602549896369,53.34396838037075]]},"properties":{"Infrastructure type":"BIKE_LANE","Direction":"Forward","Length (m)":72.1,"Source":"NTA Active Travel Cycle Network (Feb 2025)","_style_key":"BIKE_LANE"}},{"type":"Feature","id":2817,"geometry":{"type":"LineString","coordinates":[[-6.293419998811011,53.34595000107343],[-6.296149999976756,53.34579000065189]]},"properties":{"Infrastructure type":"BIKE_LANE","Direction":"Forward","Length (m)":182.8,"Source":"NTA Active Travel Cycle Network (Feb 2025)","_style_key":"BIKE_LANE"}},{"type":"Feature","id":2818,"geometry":{"type":"LineString","coordinates":[[-6.22410000061994,53.37069000040331],[-6.223340000330423,53.37147000066936]]},"properties":{"Infrastructure type":"BIKE_LANE","Direction":"Forward","Length (m)":100.5,"Source":"NTA Active Travel Cycle Network (Feb 2025)","_style_key":"BIKE_LANE"}},{"type":"Feature","id":2819,"geometry":{"type":"LineString","coordinates":[[-6.225090000073728,53.36970000041455],[-6.224759999487836,53.37002000110078]]},"properties":{"Infrastructure type":"BIKE_LANE","Direction":"Forward","Length (m)":41.8,"Source":"NTA Active Travel Cycle Network (Feb 2025)","_style_key":"BIKE_LANE"}},{"type":"Feature","id":2820,"geometry":{"type":"LineString","coordinates":[[-6.293449999940969,53.34601000042602],[-6.293040000123663,53.3460600006671]]},"properties":{"Infrastructure type":"BIKE_LANE","Direction":"Forward","Length (m)":27.9,"Source":"NTA Active Travel Cycle Network (Feb 2025)","_style_key":"BIKE_LANE"}},{"type":"Feature","id":2822,"geometry":{"type":"LineString","coordinates":[[-6.222679999629258,53.37214000032681],[-6.222040000484888,53.37279000098766]]},"properties":{"Infrastructure type":"BIKE_LANE","Direction":"Forward","Length (m)":84.0,"Source":"NTA Active Travel Cycle Network (Feb 2025)","_style_key":"BIKE_LANE"}},{"type":"Feature","id":2824,"geometry":{"type":"LineString","coordinates":[[-6.246550000479638,53.34380000014458],[-6.246334248236336,53.3436016857784]]},"properties":{"Infrastructure type":"BIKE_LANE","Direction":"Forward","Length (m)":26.3,"Source":"NTA Active Travel Cycle Network (Feb 2025)","_style_key":"BIKE_LANE"}},{"type":"Feature","id":2825,"geometry":{"type":"LineString","coordinates":[[-6.231145792889845,53.329039067882995],[-6.231351888563681,53.3291282611204]]},"properties":{"Infrastructure type":"BIKE_LANE","Direction":"Forward","Length (m)":16.9,"Source":"NTA Active Travel Cycle Network (Feb 2025)","_style_key":"BIKE_LANE"}},{"type":"Feature","id":2826,"geometry":{"type":"LineString","coordinates":[[-6.224580000251291,53.369990000325146],[-6.224930000782744,53.36962000093414]]},"properties":{"Infrastructure type":"BIKE_LANE","Direction":"Forward","Length (m)":47.3,"Source":"NTA Active Travel Cycle Network (Feb 2025)","_style_key":"BIKE_LANE"}},{"type":"Feature","id":2827,"geometry":{"type":"LineString","coordinates":[[-6.24105952193908,53.34752282528703],[-6.24125504290084,53.34641140752643],[-6.241193176150907,53.34633673704912]]},"properties":{"Infrastructure type":"BIKE_FRIENDLY_PEDESTRIAN_PATH","Direction":"Bi-Directional","Length (m)":133.7,"Source":"NTA Active Travel Cycle Network (Feb 2025)","_style_key":"BIKE_FRIENDLY_PEDESTRIAN_PATH"}},{"type":"Feature","id":2828,"geometry":{"type":"LineString","coordinates":[[-6.298250000025004,53.345680000764546],[-6.297229999213465,53.34577000066635]]},"properties":{"Infrastructure type":"BIKE_LANE","Direction":"Forward","Length (m)":68.7,"Source":"NTA Active Travel Cycle Network (Feb 2025)","_style_key":"BIKE_LANE"}},{"type":"Feature","id":2831,"geometry":{"type":"LineString","coordinates":[[-6.2649299994953225,53.34543000114191],[-6.264300000453065,53.34553000087648]]},"properties":{"Infrastructure type":"BIKE_FRIENDLY_PEDESTRIAN_PATH","Direction":"Forward","Length (m)":43.4,"Source":"NTA Active Travel Cycle Network (Feb 2025)","_style_key":"BIKE_FRIENDLY_PEDESTRIAN_PATH"}},{"type":"Feature","id":2832,"geometry":{"type":"LineString","coordinates":[[-6.264300000453065,53.34553000087648],[-6.263419999617394,53.345580000722954]]},"properties":{"Infrastructure type":"BIKE_FRIENDLY_PEDESTRIAN_PATH","Direction":"Forward","Length (m)":58.9,"Source":"NTA Active Travel Cycle Network (Feb 2025)","_style_key":"BIKE_FRIENDLY_PEDESTRIAN_PATH"}},{"type":"Feature","id":2834,"geometry":{"type":"LineString","coordinates":[[-6.246669999732209,53.344000000663364],[-6.246599999394128,53.343880000448685]]},"properties":{"Infrastructure type":"BIKE_LANE","Direction":"Forward","Length (m)":14.1,"Source":"NTA Active Travel Cycle Network (Feb 2025)","_style_key":"BIKE_LANE"}},{"type":"Feature","id":2841,"geometry":{"type":"LineString","coordinates":[[-6.271887081714144,53.34357893810249],[-6.2717999995348785,53.34394000058826]]},"properties":{"Infrastructure type":"BIKE_LANE","Direction":"Forward","Length (m)":40.6,"Source":"NTA Active Travel Cycle Network (Feb 2025)","_style_key":"BIKE_LANE"}},{"type":"Feature","id":2843,"geometry":{"type":"LineString","coordinates":[[-6.328620000241756,53.32398000137575],[-6.32978999968685,53.32390000149658]]},"properties":{"Infrastructure type":"BIKE_LANE","Direction":"Forward","Length (m)":78.5,"Source":"NTA Active Travel Cycle Network (Feb 2025)","_style_key":"BIKE_LANE"}},{"type":"Feature","id":2844,"geometry":{"type":"LineString","coordinates":[[-6.282329999527755,53.372110001042195],[-6.282630000199686,53.372230000957245]]},"properties":{"Infrastructure type":"BIKE_FRIENDLY_PEDESTRIAN_PATH","Direction":"Forward","Length (m)":24.0,"Source":"NTA Active Travel Cycle Network (Feb 2025)","_style_key":"BIKE_FRIENDLY_PEDESTRIAN_PATH"}},{"type":"Feature","id":2845,"geometry":{"type":"LineString","coordinates":[[-6.2972700005042155,53.36113000128728],[-6.298000000695463,53.36136000057352]]},"properties":{"Infrastructure type":"BIKE_LANE","Direction":"Forward","Length (m)":54.9,"Source":"NTA Active Travel Cycle Network (Feb 2025)","_style_key":"BIKE_LANE"}},{"type":"Feature","id":2847,"geometry":{"type":"LineString","coordinates":[[-6.271873584328104,53.34301187915154],[-6.271887081714144,53.34357893810249]]},"properties":{"Infrastructure type":"BIKE_LANE","Direction":"Forward","Length (m)":63.4,"Source":"NTA Active Travel Cycle Network (Feb 2025)","_style_key":"BIKE_LANE"}},{"type":"Feature","id":2849,"geometry":{"type":"LineString","coordinates":[[-6.263419999617394,53.345580000722954],[-6.262860000032035,53.345610001155805]]},"properties":{"Infrastructure type":"BIKE_FRIENDLY_PEDESTRIAN_PATH","Direction":"Forward","Length (m)":37.5,"Source":"NTA Active Travel Cycle Network (Feb 2025)","_style_key":"BIKE_FRIENDLY_PEDESTRIAN_PATH"}},{"type":"Feature","id":2850,"geometry":{"type":"LineString","coordinates":[[-6.2717999995348785,53.34394000058826],[-6.271849999828346,53.34421000027788]]},"properties":{"Infrastructure type":"BIKE_LANE","Direction":"Forward","Length (m)":30.2,"Source":"NTA Active Travel Cycle Network (Feb 2025)","_style_key":"BIKE_LANE"}},{"type":"Feature","id":2857,"geometry":{"type":"LineString","coordinates":[[-6.246436855454448,53.34350909624852],[-6.246640000164705,53.34360000117329]]},"properties":{"Infrastructure type":"BIKE_LANE","Direction":"Forward","Length (m)":16.9,"Source":"NTA Active Travel Cycle Network (Feb 2025)","_style_key":"BIKE_LANE"}},{"type":"Feature","id":2858,"geometry":{"type":"LineString","coordinates":[[-6.30001000013525,53.362150000188294],[-6.300429999797352,53.36229000069204]]},"properties":{"Infrastructure type":"BIKE_LANE","Direction":"Forward","Length (m)":32.0,"Source":"NTA Active Travel Cycle Network (Feb 2025)","_style_key":"BIKE_LANE"}},{"type":"Feature","id":2861,"geometry":{"type":"LineString","coordinates":[[-6.27980999967245,53.348620000493206],[-6.27960000043171,53.34942000045351]]},"properties":{"Infrastructure type":"BIKE_LANE","Direction":"Forward","Length (m)":90.1,"Source":"NTA Active Travel Cycle Network (Feb 2025)","_style_key":"BIKE_LANE"}},{"type":"Feature","id":2863,"geometry":{"type":"LineString","coordinates":[[-6.27960000043171,53.34942000045351],[-6.279600000474021,53.34961000044893]]},"properties":{"Infrastructure type":"BIKE_LANE","Direction":"Forward","Length (m)":21.1,"Source":"NTA Active Travel Cycle Network (Feb 2025)","_style_key":"BIKE_LANE"}},{"type":"Feature","id":2865,"geometry":{"type":"LineString","coordinates":[[-6.272060000917594,53.34472000046424],[-6.2720811871943045,53.3449480352002]]},"properties":{"Infrastructure type":"BIKE_LANE","Direction":"Forward","Length (m)":25.4,"Source":"NTA Active Travel Cycle Network (Feb 2025)","_style_key":"BIKE_LANE"}},{"type":"Feature","id":2870,"geometry":{"type":"LineString","coordinates":[[-6.2468899997710166,53.34442000085065],[-6.246770000750235,53.34419000088391]]},"properties":{"Infrastructure type":"BIKE_LANE","Direction":"Forward","Length (m)":26.8,"Source":"NTA Active Travel Cycle Network (Feb 2025)","_style_key":"BIKE_LANE"}},{"type":"Feature","id":2871,"geometry":{"type":"LineString","coordinates":[[-6.246770000750235,53.34419000088391],[-6.246669999732209,53.344000000663364]]},"properties":{"Infrastructure type":"BIKE_LANE","Direction":"Forward","Length (m)":22.2,"Source":"NTA Active Travel Cycle Network (Feb 2025)","_style_key":"BIKE_LANE"}},{"type":"Feature","id":2872,"geometry":{"type":"LineString","coordinates":[[-6.246599999394128,53.343880000448685],[-6.246550000479638,53.34380000014458]]},"properties":{"Infrastructure type":"BIKE_LANE","Direction":"Forward","Length (m)":9.5,"Source":"NTA Active Travel Cycle Network (Feb 2025)","_style_key":"BIKE_LANE"}},{"type":"Feature","id":2885,"geometry":{"type":"LineString","coordinates":[[-6.357142471725832,53.35244164717464],[-6.356278459528459,53.35215337936939]]},"properties":{"Infrastructure type":"BIKE_LANE","Direction":"Forward","Length (m)":65.9,"Source":"NTA Active Travel Cycle Network (Feb 2025)","_style_key":"BIKE_LANE"}},{"type":"Feature","id":2886,"geometry":{"type":"LineString","coordinates":[[-6.252797232483601,53.33196537695207],[-6.252989015308491,53.33217060414244]]},"properties":{"Infrastructure type":"BIKE_LANE","Direction":"Forward","Length (m)":26.3,"Source":"NTA Active Travel Cycle Network (Feb 2025)","_style_key":"BIKE_LANE"}},{"type":"Feature","id":2890,"geometry":{"type":"LineString","coordinates":[[-6.162469999181493,53.402030000564],[-6.162700280047258,53.402873726341056]]},"properties":{"Infrastructure type":"BIKE_LANE","Direction":"Forward","Length (m)":95.1,"Source":"NTA Active Travel Cycle Network (Feb 2025)","_style_key":"BIKE_LANE"}},{"type":"Feature","id":2893,"geometry":{"type":"LineString","coordinates":[[-6.246489323568076,53.33956568840275],[-6.247257580067844,53.3398886489535]]},"properties":{"Infrastructure type":"BIKE_LANE","Direction":"Forward","Length (m)":62.6,"Source":"NTA Active Travel Cycle Network (Feb 2025)","_style_key":"BIKE_LANE"}},{"type":"Feature","id":2894,"geometry":{"type":"LineString","coordinates":[[-6.252590000201534,53.341860001343115],[-6.252119999362258,53.341650000836076]]},"properties":{"Infrastructure type":"BIKE_LANE","Direction":"Forward","Length (m)":39.4,"Source":"NTA Active Travel Cycle Network (Feb 2025)","_style_key":"BIKE_LANE"}},{"type":"Feature","id":2895,"geometry":{"type":"LineString","coordinates":[[-6.332930830943561,53.349516334494666],[-6.332342533198711,53.34942478288838]]},"properties":{"Infrastructure type":"BIKE_FRIENDLY_PEDESTRIAN_PATH","Direction":"Forward","Length (m)":41.6,"Source":"NTA Active Travel Cycle Network (Feb 2025)","_style_key":"BIKE_FRIENDLY_PEDESTRIAN_PATH"}},{"type":"Feature","id":2897,"geometry":{"type":"LineString","coordinates":[[-6.37688858422037,53.34441232407532],[-6.378804633378939,53.34494307180843]]},"properties":{"Infrastructure type":"BIKE_LANE","Direction":"Forward","Length (m)":140.8,"Source":"NTA Active Travel Cycle Network (Feb 2025)","_style_key":"BIKE_LANE"}},{"type":"Feature","id":2898,"geometry":{"type":"LineString","coordinates":[[-6.286669912346427,53.34360354854912],[-6.285429911144982,53.34358354806661]]},"properties":{"Infrastructure type":"BIKE_LANE","Direction":"Forward","Length (m)":82.7,"Source":"NTA Active Travel Cycle Network (Feb 2025)","_style_key":"BIKE_LANE"}},{"type":"Feature","id":2899,"geometry":{"type":"LineString","coordinates":[[-6.241804243354423,53.34288168319303],[-6.241020036702498,53.342790385384994]]},"properties":{"Infrastructure type":"BIKE_LANE","Direction":"Forward","Length (m)":53.2,"Source":"NTA Active Travel Cycle Network (Feb 2025)","_style_key":"BIKE_LANE"}},{"type":"Feature","id":2908,"geometry":{"type":"LineString","coordinates":[[-6.228633735163993,53.397728477528325],[-6.22678342964396,53.397874213494404]]},"properties":{"Infrastructure type":"BIKE_LANE","Direction":"Forward","Length (m)":124.2,"Source":"NTA Active Travel Cycle Network (Feb 2025)","_style_key":"BIKE_LANE"}},{"type":"Feature","id":2909,"geometry":{"type":"LineString","coordinates":[[-6.3736617843838435,53.33179824799207],[-6.3736146142914185,53.332032555327274]]},"properties":{"Infrastructure type":"BIKE_FRIENDLY_PEDESTRIAN_PATH","Direction":"Forward","Length (m)":28.3,"Source":"NTA Active Travel Cycle Network (Feb 2025)","_style_key":"BIKE_FRIENDLY_PEDESTRIAN_PATH"}},{"type":"Feature","id":2915,"geometry":{"type":"LineString","coordinates":[[-6.256068557712856,53.337845116524655],[-6.255916655951468,53.338042984290965]]},"properties":{"Infrastructure type":"BIKE_LANE","Direction":"Forward","Length (m)":24.2,"Source":"NTA Active Travel Cycle Network (Feb 2025)","_style_key":"BIKE_LANE"}},{"type":"Feature","id":2919,"geometry":{"type":"LineString","coordinates":[[-6.157153950061659,53.402758327071076],[-6.16145787294023,53.4026696000661],[-6.16232726449566,53.40255746849115],[-6.1616227827438115,53.39954898330498]]},"properties":{"Infrastructure type":"BIKE_FRIENDLY_PEDESTRIAN_PATH","Direction":"Forward","Length (m)":685.3,"Source":"NTA Active Travel Cycle Network (Feb 2025)","_style_key":"BIKE_FRIENDLY_PEDESTRIAN_PATH"}},{"type":"Feature","id":2921,"geometry":{"type":"LineString","coordinates":[[-6.297739999861505,53.3303700011315],[-6.298477959120673,53.330108028634136]]},"properties":{"Infrastructure type":"BIKE_LANE","Direction":"Forward","Length (m)":57.2,"Source":"NTA Active Travel Cycle Network (Feb 2025)","_style_key":"BIKE_LANE"}},{"type":"Feature","id":2928,"geometry":{"type":"LineString","coordinates":[[-6.265710192121344,53.32207866228484],[-6.265874592958162,53.32186074331933]]},"properties":{"Infrastructure type":"BIKE_LANE","Direction":"Forward","Length (m)":26.9,"Source":"NTA Active Travel Cycle Network (Feb 2025)","_style_key":"BIKE_LANE"}},{"type":"Feature","id":2936,"geometry":{"type":"LineString","coordinates":[[-6.274485640371541,53.34325044033858],[-6.274866808604599,53.3432448621118]]},"properties":{"Infrastructure type":"BIKE_LANE","Direction":"Forward","Length (m)":25.4,"Source":"NTA Active Travel Cycle Network (Feb 2025)","_style_key":"BIKE_LANE"}},{"type":"Feature","id":2938,"geometry":{"type":"LineString","coordinates":[[-6.298477959120673,53.330108028634136],[-6.29921716901148,53.329874282145454]]},"properties":{"Infrastructure type":"BIKE_LANE","Direction":"Forward","Length (m)":55.9,"Source":"NTA Active Travel Cycle Network (Feb 2025)","_style_key":"BIKE_LANE"}},{"type":"Feature","id":2949,"geometry":{"type":"LineString","coordinates":[[-6.265283651787406,53.378703274281634],[-6.265496315199369,53.379241582594304]]},"properties":{"Infrastructure type":"BIKE_LANE","Direction":"Forward","Length (m)":61.6,"Source":"NTA Active Travel Cycle Network (Feb 2025)","_style_key":"BIKE_LANE"}},{"type":"Feature","id":2950,"geometry":{"type":"LineString","coordinates":[[-6.227838860003216,53.36425215719371],[-6.2268915033466845,53.36469221173524]]},"properties":{"Infrastructure type":"BIKE_LANE","Direction":"Forward","Length (m)":79.8,"Source":"NTA Active Travel Cycle Network (Feb 2025)","_style_key":"BIKE_LANE"}},{"type":"Feature","id":2952,"geometry":{"type":"LineString","coordinates":[[-6.255130502167693,53.368657812469124],[-6.255027423506855,53.36887783744232]]},"properties":{"Infrastructure type":"BIKE_LANE","Direction":"Forward","Length (m)":25.6,"Source":"NTA Active Travel Cycle Network (Feb 2025)","_style_key":"BIKE_LANE"}},{"type":"Feature","id":2955,"geometry":{"type":"LineString","coordinates":[[-6.261684830767196,53.34355599832435],[-6.260849999959261,53.34385000115813]]},"properties":{"Infrastructure type":"BIKE_LANE","Direction":"Bi-Directional","Length (m)":64.5,"Source":"NTA Active Travel Cycle Network (Feb 2025)","_style_key":"BIKE_LANE"}},{"type":"Feature","id":2956,"geometry":{"type":"LineString","coordinates":[[-6.295895732152416,53.360687800023065],[-6.296158983104349,53.36078136859131]]},"properties":{"Infrastructure type":"BIKE_LANE","Direction":"Forward","Length (m)":20.4,"Source":"NTA Active Travel Cycle Network (Feb 2025)","_style_key":"BIKE_LANE"}},{"type":"Feature","id":2962,"geometry":{"type":"LineString","coordinates":[[-6.332342533198711,53.34942478288838],[-6.3312098330397895,53.350035345920595],[-6.3286666633810045,53.35179118884212],[-6.326582533627235,53.35363818570386],[-6.324570154212802,53.35595226638107]]},"properties":{"Infrastructure type":"BIKE_FRIENDLY_PEDESTRIAN_PATH","Direction":"Forward","Length (m)":899.2,"Source":"NTA Active Travel Cycle Network (Feb 2025)","_style_key":"BIKE_FRIENDLY_PEDESTRIAN_PATH"}},{"type":"Feature","id":2963,"geometry":{"type":"LineString","coordinates":[[-6.296401277563395,53.335659070054874],[-6.298846383577621,53.33626690391011]]},"properties":{"Infrastructure type":"BIKE_LANE","Direction":"Forward","Length (m)":177.0,"Source":"NTA Active Travel Cycle Network (Feb 2025)","_style_key":"BIKE_LANE"}},{"type":"Feature","id":2966,"geometry":{"type":"LineString","coordinates":[[-6.226373802340546,53.36860632022089],[-6.226951900571818,53.368771369825645]]},"properties":{"Infrastructure type":"BIKE_LANE","Direction":"Forward","Length (m)":42.6,"Source":"NTA Active Travel Cycle Network (Feb 2025)","_style_key":"BIKE_LANE"}},{"type":"Feature","id":2969,"geometry":{"type":"LineString","coordinates":[[-6.225952071607949,53.35143482016294],[-6.225552947560279,53.35135687554934],[-6.225717091409557,53.35117083497676]]},"properties":{"Infrastructure type":"BIKE_FRIENDLY_PEDESTRIAN_PATH","Direction":"Forward","Length (m)":51.4,"Source":"NTA Active Travel Cycle Network (Feb 2025)","_style_key":"BIKE_FRIENDLY_PEDESTRIAN_PATH"}},{"type":"Feature","id":2981,"geometry":{"type":"LineString","coordinates":[[-6.2955257299961636,53.36055780101882],[-6.295895732152416,53.360687800023065]]},"properties":{"Infrastructure type":"BIKE_LANE","Direction":"Forward","Length (m)":28.6,"Source":"NTA Active Travel Cycle Network (Feb 2025)","_style_key":"BIKE_LANE"}},{"type":"Feature","id":2991,"geometry":{"type":"LineString","coordinates":[[-6.247100000946255,53.34478000078571],[-6.2468899997710166,53.34442000085065]]},"properties":{"Infrastructure type":"BIKE_LANE","Direction":"Forward","Length (m)":42.5,"Source":"NTA Active Travel Cycle Network (Feb 2025)","_style_key":"BIKE_LANE"}},{"type":"Feature","id":2995,"geometry":{"type":"LineString","coordinates":[[-6.271849999828346,53.34421000027788],[-6.272060000917594,53.34472000046424]]},"properties":{"Infrastructure type":"BIKE_LANE","Direction":"Forward","Length (m)":58.5,"Source":"NTA Active Travel Cycle Network (Feb 2025)","_style_key":"BIKE_LANE"}},{"type":"Feature","id":2996,"geometry":{"type":"LineString","coordinates":[[-6.16548000074168,53.40253000075276],[-6.162639112682577,53.40264961752883]]},"properties":{"Infrastructure type":"BIKE_LANE","Direction":"Forward","Length (m)":189.4,"Source":"NTA Active Travel Cycle Network (Feb 2025)","_style_key":"BIKE_LANE"}},{"type":"Feature","id":3001,"geometry":{"type":"LineString","coordinates":[[-6.226549999943983,53.368480001390246],[-6.226329999548582,53.36844000087422]]},"properties":{"Infrastructure type":"BIKE_LANE","Direction":"Forward","Length (m)":15.4,"Source":"NTA Active Travel Cycle Network (Feb 2025)","_style_key":"BIKE_LANE"}},{"type":"Feature","id":3006,"geometry":{"type":"LineString","coordinates":[[-6.2634741714621915,53.35440371589782],[-6.2641012045291395,53.35496181660385]]},"properties":{"Infrastructure type":"BIKE_LANE","Direction":"Forward","Length (m)":74.9,"Source":"NTA Active Travel Cycle Network (Feb 2025)","_style_key":"BIKE_LANE"}},{"type":"Feature","id":3007,"geometry":{"type":"LineString","coordinates":[[-6.2641012045291395,53.35496181660385],[-6.265160626394203,53.355916947861154]]},"properties":{"Infrastructure type":"BIKE_FRIENDLY_PEDESTRIAN_PATH","Direction":"Forward","Length (m)":127.9,"Source":"NTA Active Travel Cycle Network (Feb 2025)","_style_key":"BIKE_FRIENDLY_PEDESTRIAN_PATH"}},{"type":"Feature","id":3008,"geometry":{"type":"LineString","coordinates":[[-6.265131205707535,53.35602880117586],[-6.263531076331767,53.35461977125757]]},"properties":{"Infrastructure type":"BIKE_LANE","Direction":"Forward","Length (m)":189.9,"Source":"NTA Active Travel Cycle Network (Feb 2025)","_style_key":"BIKE_LANE"}},{"type":"Feature","id":3009,"geometry":{"type":"LineString","coordinates":[[-6.263531076331767,53.35461977125757],[-6.2612899991962845,53.352610001223326]]},"properties":{"Infrastructure type":"BIKE_FRIENDLY_PEDESTRIAN_PATH","Direction":"Forward","Length (m)":271.2,"Source":"NTA Active Travel Cycle Network (Feb 2025)","_style_key":"BIKE_FRIENDLY_PEDESTRIAN_PATH"}},{"type":"Feature","id":3010,"geometry":{"type":"LineString","coordinates":[[-6.255916655951468,53.338042984290965],[-6.2554267500313365,53.33856818008996],[-6.255277948811463,53.33859461952174]]},"properties":{"Infrastructure type":"BIKE_LANE","Direction":"Forward","Length (m)":77.5,"Source":"NTA Active Travel Cycle Network (Feb 2025)","_style_key":"BIKE_LANE"}},{"type":"Feature","id":3011,"geometry":{"type":"LineString","coordinates":[[-6.216813482826567,53.33900334730809],[-6.218357155536954,53.33813124194202],[-6.2192067825471895,53.33754191355298]]},"properties":{"Infrastructure type":"BIKE_LANE","Direction":"Forward","Length (m)":228.1,"Source":"NTA Active Travel Cycle Network (Feb 2025)","_style_key":"BIKE_LANE"}},{"type":"Feature","id":3012,"geometry":{"type":"LineString","coordinates":[[-6.220048537332659,53.33815605389298],[-6.2183958197351785,53.33841014204866]]},"properties":{"Infrastructure type":"BIKE_LANE","Direction":"Forward","Length (m)":113.9,"Source":"NTA Active Travel Cycle Network (Feb 2025)","_style_key":"BIKE_LANE"}},{"type":"Feature","id":3014,"geometry":{"type":"LineString","coordinates":[[-6.164981191394603,53.411082189537126],[-6.166792934904559,53.41098962011459],[-6.167957303858643,53.410602662403114],[-6.171021652064641,53.409290320760924],[-6.173412791041653,53.40903203038064],[-6.173505789033724,53.40696392769255],[-6.173246052684154,53.406755792159935]]},"properties":{"Infrastructure type":"BIKE_FRIENDLY_PEDESTRIAN_PATH","Direction":"Forward","Length (m)":884.0,"Source":"NTA Active Travel Cycle Network (Feb 2025)","_style_key":"BIKE_FRIENDLY_PEDESTRIAN_PATH"}},{"type":"Feature","id":3025,"geometry":{"type":"LineString","coordinates":[[-6.254596368015859,53.38627331373848],[-6.255890177481644,53.38676311625027]]},"properties":{"Infrastructure type":"BIKE_LANE","Direction":"Forward","Length (m)":101.9,"Source":"NTA Active Travel Cycle Network (Feb 2025)","_style_key":"BIKE_LANE"}},{"type":"Feature","id":3026,"geometry":{"type":"LineString","coordinates":[[-6.254825763787851,53.386244277684646],[-6.255464911253372,53.386483053979916]]},"properties":{"Infrastructure type":"BIKE_LANE","Direction":"Forward","Length (m)":50.1,"Source":"NTA Active Travel Cycle Network (Feb 2025)","_style_key":"BIKE_LANE"}},{"type":"Feature","id":3027,"geometry":{"type":"LineString","coordinates":[[-6.257570431573835,53.38726860676496],[-6.256343000002227,53.386810956738074]]},"properties":{"Infrastructure type":"BIKE_LANE","Direction":"Forward","Length (m)":96.2,"Source":"NTA Active Travel Cycle Network (Feb 2025)","_style_key":"BIKE_LANE"}},{"type":"Feature","id":3028,"geometry":{"type":"LineString","coordinates":[[-6.260258780639358,53.38817745761745],[-6.264699999333695,53.38911000106203]]},"properties":{"Infrastructure type":"BIKE_LANE","Direction":"Forward","Length (m)":314.1,"Source":"NTA Active Travel Cycle Network (Feb 2025)","_style_key":"BIKE_LANE"}},{"type":"Feature","id":3029,"geometry":{"type":"LineString","coordinates":[[-6.258248087125529,53.38764068279441],[-6.260208915620366,53.388272920991916],[-6.264563130234628,53.38918123233831]]},"properties":{"Infrastructure type":"BIKE_LANE","Direction":"Forward","Length (m)":455.5,"Source":"NTA Active Travel Cycle Network (Feb 2025)","_style_key":"BIKE_LANE"}},{"type":"Feature","id":3030,"geometry":{"type":"LineString","coordinates":[[-6.308227014885399,53.347041009610464],[-6.307967179550903,53.34426541826459]]},"properties":{"Infrastructure type":"BIKE_LANE","Direction":"Forward","Length (m)":309.4,"Source":"NTA Active Travel Cycle Network (Feb 2025)","_style_key":"BIKE_LANE"}},{"type":"Feature","id":3031,"geometry":{"type":"LineString","coordinates":[[-6.307820255090077,53.343211953333274],[-6.307786350951912,53.34291787405643]]},"properties":{"Infrastructure type":"BIKE_LANE","Direction":"Forward","Length (m)":32.9,"Source":"NTA Active Travel Cycle Network (Feb 2025)","_style_key":"BIKE_LANE"}},{"type":"Feature","id":3032,"geometry":{"type":"LineString","coordinates":[[-6.307786350951912,53.34291787405643],[-6.307758148459436,53.34209491057759]]},"properties":{"Infrastructure type":"BIKE_LANE","Direction":"Forward","Length (m)":91.6,"Source":"NTA Active Travel Cycle Network (Feb 2025)","_style_key":"BIKE_LANE"}},{"type":"Feature","id":3033,"geometry":{"type":"LineString","coordinates":[[-6.307761919034818,53.34191967898978],[-6.30761091661959,53.34079417463287]]},"properties":{"Infrastructure type":"BIKE_LANE","Direction":"Forward","Length (m)":125.9,"Source":"NTA Active Travel Cycle Network (Feb 2025)","_style_key":"BIKE_LANE"}},{"type":"Feature","id":3034,"geometry":{"type":"LineString","coordinates":[[-6.30761091661959,53.34079417463287],[-6.30754713131909,53.340090984243716],[-6.307630553460685,53.339552938919326]]},"properties":{"Infrastructure type":"BIKE_LANE","Direction":"Forward","Length (m)":138.6,"Source":"NTA Active Travel Cycle Network (Feb 2025)","_style_key":"BIKE_LANE"}},{"type":"Feature","id":3035,"geometry":{"type":"LineString","coordinates":[[-6.3077676345990925,53.33964763837705],[-6.3077007997012515,53.34052785986423]]},"properties":{"Infrastructure type":"BIKE_LANE","Direction":"Forward","Length (m)":98.4,"Source":"NTA Active Travel Cycle Network (Feb 2025)","_style_key":"BIKE_LANE"}},{"type":"Feature","id":3036,"geometry":{"type":"LineString","coordinates":[[-6.3077007997012515,53.34052785986423],[-6.3078121688998605,53.341163262997874]]},"properties":{"Infrastructure type":"BIKE_LANE","Direction":"Forward","Length (m)":71.1,"Source":"NTA Active Travel Cycle Network (Feb 2025)","_style_key":"BIKE_LANE"}},{"type":"Feature","id":3037,"geometry":{"type":"LineString","coordinates":[[-6.3078121688998605,53.341163262997874],[-6.30794286040273,53.34227375650275]]},"properties":{"Infrastructure type":"BIKE_LANE","Direction":"Forward","Length (m)":124.0,"Source":"NTA Active Travel Cycle Network (Feb 2025)","_style_key":"BIKE_LANE"}},{"type":"Feature","id":3038,"geometry":{"type":"LineString","coordinates":[[-6.30794286040273,53.34227375650275],[-6.307984087465835,53.34297220883473]]},"properties":{"Infrastructure type":"BIKE_LANE","Direction":"Forward","Length (m)":77.8,"Source":"NTA Active Travel Cycle Network (Feb 2025)","_style_key":"BIKE_LANE"}},{"type":"Feature","id":3039,"geometry":{"type":"LineString","coordinates":[[-6.308126851570069,53.344038391103396],[-6.308231802504227,53.345383662267814]]},"properties":{"Infrastructure type":"BIKE_LANE","Direction":"Forward","Length (m)":149.9,"Source":"NTA Active Travel Cycle Network (Feb 2025)","_style_key":"BIKE_LANE"}},{"type":"Feature","id":3043,"geometry":{"type":"LineString","coordinates":[[-6.2813006733326,53.34372272505922],[-6.281160269972887,53.34398705091196]]},"properties":{"Infrastructure type":"BIKE_LANE","Direction":"Forward","Length (m)":30.9,"Source":"NTA Active Travel Cycle Network (Feb 2025)","_style_key":"BIKE_LANE"}},{"type":"Feature","id":3052,"geometry":{"type":"LineString","coordinates":[[-6.302250361741433,53.350261309913094],[-6.303752694961475,53.35075410212795],[-6.303936550066857,53.350964641656645],[-6.304317009989672,53.351120486644746]]},"properties":{"Infrastructure type":"BIKE_LANE","Direction":"Forward","Length (m)":173.4,"Source":"NTA Active Travel Cycle Network (Feb 2025)","_style_key":"BIKE_LANE"}},{"type":"Feature","id":3053,"geometry":{"type":"LineString","coordinates":[[-6.3045128539394995,53.35128530085611],[-6.3037538818588,53.35101035480001],[-6.303449904576845,53.350997232791535],[-6.303107834641396,53.350713612188414],[-6.302099098620917,53.35038717162603]]},"properties":{"Infrastructure type":"BIKE_LANE","Direction":"Forward","Length (m)":197.5,"Source":"NTA Active Travel Cycle Network (Feb 2025)","_style_key":"BIKE_LANE"}},{"type":"Feature","id":3088,"geometry":{"type":"LineString","coordinates":[[-6.34125247649096,53.36653287989012],[-6.341475661248815,53.36653096924817],[-6.341604682056057,53.366697592782266],[-6.342103113576662,53.36689423552669]]},"properties":{"Infrastructure type":"BIKE_LANE","Direction":"Forward","Length (m)":76.1,"Source":"NTA Active Travel Cycle Network (Feb 2025)","_style_key":"BIKE_LANE"}},{"type":"Feature","id":3089,"geometry":{"type":"LineString","coordinates":[[-6.341223033467209,53.366741714362185],[-6.341109999449324,53.36681000042504]]},"properties":{"Infrastructure type":"BIKE_LANE","Direction":"Forward","Length (m)":10.7,"Source":"NTA Active Travel Cycle Network (Feb 2025)","_style_key":"BIKE_LANE"}},{"type":"Feature","id":3135,"geometry":{"type":"LineString","coordinates":[[-6.177079880845716,53.406552854817896],[-6.177427709808859,53.406397537428184],[-6.178266788329643,53.40428281286983],[-6.179191554406749,53.40310845510551]]},"properties":{"Infrastructure type":"BIKE_FRIENDLY_PEDESTRIAN_PATH","Direction":"Forward","Length (m)":416.6,"Source":"NTA Active Travel Cycle Network (Feb 2025)","_style_key":"BIKE_FRIENDLY_PEDESTRIAN_PATH"}},{"type":"Feature","id":3136,"geometry":{"type":"LineString","coordinates":[[-6.177395869995143,53.40679944442674],[-6.175356254170323,53.40664583467817],[-6.174289779879213,53.406718476633635],[-6.17376113804801,53.40692118292114]]},"properties":{"Infrastructure type":"BIKE_FRIENDLY_PEDESTRIAN_PATH","Direction":"Forward","Length (m)":252.0,"Source":"NTA Active Travel Cycle Network (Feb 2025)","_style_key":"BIKE_FRIENDLY_PEDESTRIAN_PATH"}},{"type":"Feature","id":3137,"geometry":{"type":"LineString","coordinates":[[-6.177454927190762,53.406562747942694],[-6.177484239442813,53.40673560698244],[-6.177395869995143,53.40679944442674]]},"properties":{"Infrastructure type":"BIKE_FRIENDLY_PEDESTRIAN_PATH","Direction":"Forward","Length (m)":28.6,"Source":"NTA Active Travel Cycle Network (Feb 2025)","_style_key":"BIKE_FRIENDLY_PEDESTRIAN_PATH"}},{"type":"Feature","id":3138,"geometry":{"type":"LineString","coordinates":[[-6.177739188061206,53.40656708726073],[-6.177454927190762,53.406562747942694]]},"properties":{"Infrastructure type":"BIKE_FRIENDLY_PEDESTRIAN_PATH","Direction":"Forward","Length (m)":18.9,"Source":"NTA Active Travel Cycle Network (Feb 2025)","_style_key":"BIKE_FRIENDLY_PEDESTRIAN_PATH"}},{"type":"Feature","id":3140,"geometry":{"type":"LineString","coordinates":[[-6.302910402022378,53.40273477776057],[-6.303664560276875,53.402869381921136],[-6.305395162872418,53.402769822403876],[-6.306232003445826,53.40282014422544],[-6.3085292521763225,53.40222711057627]]},"properties":{"Infrastructure type":"BIKE_FRIENDLY_PEDESTRIAN_PATH","Direction":"Forward","Length (m)":400.4,"Source":"NTA Active Travel Cycle Network (Feb 2025)","_style_key":"BIKE_FRIENDLY_PEDESTRIAN_PATH"}},{"type":"Feature","id":3177,"geometry":{"type":"LineString","coordinates":[[-6.162467863755359,53.40285651399497],[-6.162344771920918,53.40277253470968],[-6.158036351419342,53.40287198860861]]},"properties":{"Infrastructure type":"BIKE_FRIENDLY_PEDESTRIAN_PATH","Direction":"Forward","Length (m)":300.3,"Source":"NTA Active Travel Cycle Network (Feb 2025)","_style_key":"BIKE_FRIENDLY_PEDESTRIAN_PATH"}},{"type":"Feature","id":3190,"geometry":{"type":"LineString","coordinates":[[-6.255358985897585,53.36680108903574],[-6.255348392888557,53.366568698028466],[-6.255508394245862,53.36620869831542],[-6.256908402824326,53.36425870016338]]},"properties":{"Infrastructure type":"BIKE_FRIENDLY_PEDESTRIAN_PATH","Direction":"Forward","Length (m)":304.6,"Source":"NTA Active Travel Cycle Network (Feb 2025)","_style_key":"BIKE_FRIENDLY_PEDESTRIAN_PATH"}},{"type":"Feature","id":3191,"geometry":{"type":"LineString","coordinates":[[-6.258170728868635,53.36297182574455],[-6.257791061210455,53.36333162591857]]},"properties":{"Infrastructure type":"BIKE_LANE","Direction":"Forward","Length (m)":47.5,"Source":"NTA Active Travel Cycle Network (Feb 2025)","_style_key":"BIKE_LANE"}},{"type":"Feature","id":3192,"geometry":{"type":"LineString","coordinates":[[-6.257791061210455,53.36333162591857],[-6.256908402824326,53.36425870016338]]},"properties":{"Infrastructure type":"BIKE_LANE","Direction":"Forward","Length (m)":119.4,"Source":"NTA Active Travel Cycle Network (Feb 2025)","_style_key":"BIKE_LANE"}},{"type":"Feature","id":3200,"geometry":{"type":"LineString","coordinates":[[-6.2498529638885865,53.37644793254175],[-6.249168073215164,53.376890658430085]]},"properties":{"Infrastructure type":"BIKE_FRIENDLY_PEDESTRIAN_PATH","Direction":"Forward","Length (m)":67.1,"Source":"NTA Active Travel Cycle Network (Feb 2025)","_style_key":"BIKE_FRIENDLY_PEDESTRIAN_PATH"}},{"type":"Feature","id":3201,"geometry":{"type":"LineString","coordinates":[[-6.248996237050279,53.376808817595624],[-6.248065635764794,53.377653546496084]]},"properties":{"Infrastructure type":"BIKE_FRIENDLY_PEDESTRIAN_PATH","Direction":"Forward","Length (m)":112.8,"Source":"NTA Active Travel Cycle Network (Feb 2025)","_style_key":"BIKE_FRIENDLY_PEDESTRIAN_PATH"}},{"type":"Feature","id":3202,"geometry":{"type":"LineString","coordinates":[[-6.307758148459436,53.34209491057759],[-6.308852933501741,53.34211045917438]]},"properties":{"Infrastructure type":"BIKE_LANE","Direction":"Forward","Length (m)":73.5,"Source":"NTA Active Travel Cycle Network (Feb 2025)","_style_key":"BIKE_LANE"}},{"type":"Feature","id":3203,"geometry":{"type":"LineString","coordinates":[[-6.308852933501741,53.34211045917438],[-6.308047019141483,53.34213876893644],[-6.30794286040273,53.34227375650275]]},"properties":{"Infrastructure type":"BIKE_LANE","Direction":"Forward","Length (m)":71.7,"Source":"NTA Active Travel Cycle Network (Feb 2025)","_style_key":"BIKE_LANE"}},{"type":"Feature","id":3204,"geometry":{"type":"LineString","coordinates":[[-6.307758148459436,53.34209491057759],[-6.307761919034818,53.34191967898978]]},"properties":{"Infrastructure type":"BIKE_LANE","Direction":"Forward","Length (m)":19.5,"Source":"NTA Active Travel Cycle Network (Feb 2025)","_style_key":"BIKE_LANE"}},{"type":"Feature","id":3205,"geometry":{"type":"LineString","coordinates":[[-6.308119689149303,53.348194261354],[-6.308257013736575,53.3479710103338],[-6.308227014885399,53.347041009610464]]},"properties":{"Infrastructure type":"BIKE_LANE","Direction":"Forward","Length (m)":131.0,"Source":"NTA Active Travel Cycle Network (Feb 2025)","_style_key":"BIKE_LANE"}},{"type":"Feature","id":3206,"geometry":{"type":"LineString","coordinates":[[-6.307984087465835,53.34297220883473],[-6.308040692349435,53.34345809776686]]},"properties":{"Infrastructure type":"BIKE_LANE","Direction":"Forward","Length (m)":54.2,"Source":"NTA Active Travel Cycle Network (Feb 2025)","_style_key":"BIKE_LANE"}},{"type":"Feature","id":3207,"geometry":{"type":"LineString","coordinates":[[-6.3086977402544235,53.34815553376727],[-6.311589685945687,53.34792426106833]]},"properties":{"Infrastructure type":"BIKE_LANE","Direction":"Forward","Length (m)":195.4,"Source":"NTA Active Travel Cycle Network (Feb 2025)","_style_key":"BIKE_LANE"}},{"type":"Feature","id":3208,"geometry":{"type":"LineString","coordinates":[[-6.308119689149303,53.348194261354],[-6.3086977402544235,53.34815553376727]]},"properties":{"Infrastructure type":"BIKE_LANE","Direction":"Forward","Length (m)":38.7,"Source":"NTA Active Travel Cycle Network (Feb 2025)","_style_key":"BIKE_LANE"}},{"type":"Feature","id":3209,"geometry":{"type":"LineString","coordinates":[[-6.308195201060783,53.34829665524598],[-6.308119689149303,53.348194261354]]},"properties":{"Infrastructure type":"BIKE_FRIENDLY_PEDESTRIAN_PATH","Direction":"Forward","Length (m)":12.5,"Source":"NTA Active Travel Cycle Network (Feb 2025)","_style_key":"BIKE_FRIENDLY_PEDESTRIAN_PATH"}},{"type":"Feature","id":3210,"geometry":{"type":"LineString","coordinates":[[-6.308040692349435,53.34345809776686],[-6.308126851570069,53.344038391103396]]},"properties":{"Infrastructure type":"BIKE_LANE","Direction":"Forward","Length (m)":64.9,"Source":"NTA Active Travel Cycle Network (Feb 2025)","_style_key":"BIKE_LANE"}},{"type":"Feature","id":3211,"geometry":{"type":"LineString","coordinates":[[-6.309136193147527,53.343590381522795],[-6.3070818054297435,53.344008325156786]]},"properties":{"Infrastructure type":"BIKE_LANE","Direction":"Forward","Length (m)":144.8,"Source":"NTA Active Travel Cycle Network (Feb 2025)","_style_key":"BIKE_LANE"}},{"type":"Feature","id":3212,"geometry":{"type":"LineString","coordinates":[[-6.307967179550903,53.34426541826459],[-6.307820255090077,53.343211953333274]]},"properties":{"Infrastructure type":"BIKE_LANE","Direction":"Forward","Length (m)":117.7,"Source":"NTA Active Travel Cycle Network (Feb 2025)","_style_key":"BIKE_LANE"}},{"type":"Feature","id":3213,"geometry":{"type":"LineString","coordinates":[[-6.307967179550903,53.34426541826459],[-6.3070818054297435,53.344008325156786]]},"properties":{"Infrastructure type":"BIKE_LANE","Direction":"Forward","Length (m)":67.4,"Source":"NTA Active Travel Cycle Network (Feb 2025)","_style_key":"BIKE_LANE"}},{"type":"Feature","id":3214,"geometry":{"type":"LineString","coordinates":[[-6.307630553460685,53.339552938919326],[-6.308048705658965,53.33840215330382],[-6.308030527013589,53.33820609687635],[-6.306298672773538,53.3366375070398],[-6.299649203005035,53.33410522551718],[-6.2965492018372835,53.33303522443338],[-6.293519615277523,53.33212787338296]]},"properties":{"Infrastructure type":"BIKE_LANE","Direction":"Forward","Length (m)":1353.3,"Source":"NTA Active Travel Cycle Network (Feb 2025)","_style_key":"BIKE_LANE"}},{"type":"Feature","id":3215,"geometry":{"type":"LineString","coordinates":[[-6.275696651645814,53.32946555496279],[-6.2796953887165525,53.32988730030646],[-6.288915383259844,53.3311672973604],[-6.291835382165218,53.33160729701267],[-6.293383159941173,53.33201237119512]]},"properties":{"Infrastructure type":"BIKE_LANE","Direction":"Forward","Length (m)":1214.6,"Source":"NTA Active Travel Cycle Network (Feb 2025)","_style_key":"BIKE_LANE"}},{"type":"Feature","id":3216,"geometry":{"type":"LineString","coordinates":[[-6.291308630275303,53.33338434141104],[-6.293270195647454,53.33205689451931]]},"properties":{"Infrastructure type":"BIKE_LANE","Direction":"Forward","Length (m)":197.5,"Source":"NTA Active Travel Cycle Network (Feb 2025)","_style_key":"BIKE_LANE"}},{"type":"Feature","id":3217,"geometry":{"type":"LineString","coordinates":[[-6.293607727322392,53.33208190857304],[-6.293519615277523,53.33212787338296]]},"properties":{"Infrastructure type":"BIKE_LANE","Direction":"Forward","Length (m)":7.8,"Source":"NTA Active Travel Cycle Network (Feb 2025)","_style_key":"BIKE_LANE"}},{"type":"Feature","id":3218,"geometry":{"type":"LineString","coordinates":[[-6.293270195647454,53.33205689451931],[-6.293383159941173,53.33201237119512]]},"properties":{"Infrastructure type":"BIKE_LANE","Direction":"Forward","Length (m)":9.0,"Source":"NTA Active Travel Cycle Network (Feb 2025)","_style_key":"BIKE_LANE"}},{"type":"Feature","id":3219,"geometry":{"type":"LineString","coordinates":[[-6.293519615277523,53.33212787338296],[-6.293270195647454,53.33205689451931]]},"properties":{"Infrastructure type":"BIKE_LANE","Direction":"Forward","Length (m)":18.4,"Source":"NTA Active Travel Cycle Network (Feb 2025)","_style_key":"BIKE_LANE"}},{"type":"Feature","id":3220,"geometry":{"type":"LineString","coordinates":[[-6.293383159941173,53.33201237119512],[-6.293607727322392,53.33208190857304]]},"properties":{"Infrastructure type":"BIKE_LANE","Direction":"Forward","Length (m)":16.8,"Source":"NTA Active Travel Cycle Network (Feb 2025)","_style_key":"BIKE_LANE"}},{"type":"Feature","id":3221,"geometry":{"type":"LineString","coordinates":[[-6.275456795990749,53.32957771347338],[-6.272429461696586,53.329543294728445],[-6.264334815438169,53.33000885671104]]},"properties":{"Infrastructure type":"BIKE_LANE","Direction":"Forward","Length (m)":744.2,"Source":"NTA Active Travel Cycle Network (Feb 2025)","_style_key":"BIKE_LANE"}},{"type":"Feature","id":3222,"geometry":{"type":"LineString","coordinates":[[-6.275486356592262,53.329464654166195],[-6.2759387845235315,53.328916334984804]]},"properties":{"Infrastructure type":"BIKE_LANE","Direction":"Forward","Length (m)":68.1,"Source":"NTA Active Travel Cycle Network (Feb 2025)","_style_key":"BIKE_LANE"}},{"type":"Feature","id":3223,"geometry":{"type":"LineString","coordinates":[[-6.275486356592262,53.329464654166195],[-6.275696651645814,53.32946555496279]]},"properties":{"Infrastructure type":"BIKE_LANE","Direction":"Forward","Length (m)":14.0,"Source":"NTA Active Travel Cycle Network (Feb 2025)","_style_key":"BIKE_LANE"}},{"type":"Feature","id":3224,"geometry":{"type":"LineString","coordinates":[[-6.27560037936212,53.329589862130966],[-6.275456795990749,53.32957771347338]]},"properties":{"Infrastructure type":"BIKE_LANE","Direction":"Forward","Length (m)":9.7,"Source":"NTA Active Travel Cycle Network (Feb 2025)","_style_key":"BIKE_LANE"}},{"type":"Feature","id":3225,"geometry":{"type":"LineString","coordinates":[[-6.264335332635206,53.33017813500954],[-6.264192066150987,53.33019093114032]]},"properties":{"Infrastructure type":"BIKE_LANE","Direction":"Forward","Length (m)":9.7,"Source":"NTA Active Travel Cycle Network (Feb 2025)","_style_key":"BIKE_LANE"}},{"type":"Feature","id":3226,"geometry":{"type":"LineString","coordinates":[[-6.264224458309202,53.33031594561827],[-6.264192066150987,53.33019093114032]]},"properties":{"Infrastructure type":"BIKE_LANE","Direction":"Forward","Length (m)":14.1,"Source":"NTA Active Travel Cycle Network (Feb 2025)","_style_key":"BIKE_LANE"}},{"type":"Feature","id":3227,"geometry":{"type":"LineString","coordinates":[[-6.264335332635206,53.33017813500954],[-6.264339704386772,53.33023161867498]]},"properties":{"Infrastructure type":"BIKE_LANE","Direction":"Forward","Length (m)":6.0,"Source":"NTA Active Travel Cycle Network (Feb 2025)","_style_key":"BIKE_LANE"}},{"type":"Feature","id":3228,"geometry":{"type":"LineString","coordinates":[[-6.264189652660414,53.32990785078198],[-6.264346648027993,53.32991936687498]]},"properties":{"Infrastructure type":"BIKE_LANE","Direction":"Forward","Length (m)":10.5,"Source":"NTA Active Travel Cycle Network (Feb 2025)","_style_key":"BIKE_LANE"}},{"type":"Feature","id":3229,"geometry":{"type":"LineString","coordinates":[[-6.264334815438169,53.33000885671104],[-6.264176419533567,53.32999843475322]]},"properties":{"Infrastructure type":"BIKE_LANE","Direction":"Forward","Length (m)":10.6,"Source":"NTA Active Travel Cycle Network (Feb 2025)","_style_key":"BIKE_LANE"}},{"type":"Feature","id":3230,"geometry":{"type":"LineString","coordinates":[[-6.264176419533567,53.32999843475322],[-6.264189652660414,53.32990785078198]]},"properties":{"Infrastructure type":"BIKE_LANE","Direction":"Forward","Length (m)":10.1,"Source":"NTA Active Travel Cycle Network (Feb 2025)","_style_key":"BIKE_LANE"}},{"type":"Feature","id":3231,"geometry":{"type":"LineString","coordinates":[[-6.264176419533567,53.32999843475322],[-6.261778679628855,53.330092476526616],[-6.260143024705535,53.330357762635636]]},"properties":{"Infrastructure type":"BIKE_LANE","Direction":"Forward","Length (m)":273.6,"Source":"NTA Active Travel Cycle Network (Feb 2025)","_style_key":"BIKE_LANE"}},{"type":"Feature","id":3232,"geometry":{"type":"LineString","coordinates":[[-6.263075942480118,53.332580253898385],[-6.2625968319850225,53.33217196505332],[-6.260180821517643,53.33057244456012]]},"properties":{"Infrastructure type":"BIKE_LANE","Direction":"Forward","Length (m)":296.5,"Source":"NTA Active Travel Cycle Network (Feb 2025)","_style_key":"BIKE_LANE"}},{"type":"Feature","id":3233,"geometry":{"type":"LineString","coordinates":[[-6.259990521337967,53.330392976534405],[-6.252797232483601,53.33196537695207]]},"properties":{"Infrastructure type":"BIKE_LANE","Direction":"Forward","Length (m)":510.3,"Source":"NTA Active Travel Cycle Network (Feb 2025)","_style_key":"BIKE_LANE"}},{"type":"Feature","id":3234,"geometry":{"type":"LineString","coordinates":[[-6.260143024705535,53.330357762635636],[-6.259990521337967,53.330392976534405]]},"properties":{"Infrastructure type":"BIKE_LANE","Direction":"Forward","Length (m)":10.9,"Source":"NTA Active Travel Cycle Network (Feb 2025)","_style_key":"BIKE_LANE"}},{"type":"Feature","id":3235,"geometry":{"type":"LineString","coordinates":[[-6.259990521337967,53.330392976534405],[-6.259922136467299,53.3303341520481]]},"properties":{"Infrastructure type":"BIKE_LANE","Direction":"Forward","Length (m)":8.0,"Source":"NTA Active Travel Cycle Network (Feb 2025)","_style_key":"BIKE_LANE"}},{"type":"Feature","id":3236,"geometry":{"type":"LineString","coordinates":[[-6.259922136467299,53.3303341520481],[-6.260078980971988,53.330282580230865]]},"properties":{"Infrastructure type":"BIKE_LANE","Direction":"Forward","Length (m)":11.9,"Source":"NTA Active Travel Cycle Network (Feb 2025)","_style_key":"BIKE_LANE"}},{"type":"Feature","id":3237,"geometry":{"type":"LineString","coordinates":[[-6.260078980971988,53.330282580230865],[-6.260143024705535,53.330357762635636]]},"properties":{"Infrastructure type":"BIKE_LANE","Direction":"Forward","Length (m)":9.4,"Source":"NTA Active Travel Cycle Network (Feb 2025)","_style_key":"BIKE_LANE"}},{"type":"Feature","id":3238,"geometry":{"type":"LineString","coordinates":[[-6.260296755857289,53.33051510310753],[-6.260180821517643,53.33057244456012]]},"properties":{"Infrastructure type":"BIKE_FRIENDLY_PEDESTRIAN_PATH","Direction":"Bi-Directional","Length (m)":10.0,"Source":"NTA Active Travel Cycle Network (Feb 2025)","_style_key":"BIKE_FRIENDLY_PEDESTRIAN_PATH"}},{"type":"Feature","id":3239,"geometry":{"type":"LineString","coordinates":[[-6.259922136467299,53.3303341520481],[-6.259315795716638,53.32964765861804],[-6.258766156262622,53.32883450000758],[-6.25825607668314,53.327432965529745],[-6.2580760773312685,53.32719296656899],[-6.256236079377803,53.32651296370465],[-6.254796083096004,53.32532296223556],[-6.253898363729915,53.32488372766817]]},"properties":{"Infrastructure type":"BIKE_LANE","Direction":"Forward","Length (m)":759.4,"Source":"NTA Active Travel Cycle Network (Feb 2025)","_style_key":"BIKE_LANE"}},{"type":"Feature","id":3240,"geometry":{"type":"LineString","coordinates":[[-6.2525802249074545,53.33198156330036],[-6.252797414250936,53.332235964990446]]},"properties":{"Infrastructure type":"BIKE_LANE","Direction":"Forward","Length (m)":31.8,"Source":"NTA Active Travel Cycle Network (Feb 2025)","_style_key":"BIKE_LANE"}},{"type":"Feature","id":3241,"geometry":{"type":"LineString","coordinates":[[-6.252516656703594,53.33190438029047],[-6.250935766689326,53.33228769502573],[-6.245248661747839,53.33397757201185]]},"properties":{"Infrastructure type":"BIKE_LANE","Direction":"Forward","Length (m)":537.5,"Source":"NTA Active Travel Cycle Network (Feb 2025)","_style_key":"BIKE_LANE"}},{"type":"Feature","id":3242,"geometry":{"type":"LineString","coordinates":[[-6.2457142523913864,53.33433136325172],[-6.245495712003058,53.33441463327317]]},"properties":{"Infrastructure type":"BIKE_FRIENDLY_PEDESTRIAN_PATH","Direction":"Bi-Directional","Length (m)":17.5,"Source":"NTA Active Travel Cycle Network (Feb 2025)","_style_key":"BIKE_FRIENDLY_PEDESTRIAN_PATH"}},{"type":"Feature","id":3244,"geometry":{"type":"LineString","coordinates":[[-6.252797232483601,53.33196537695207],[-6.2525802249074545,53.33198156330036]]},"properties":{"Infrastructure type":"BIKE_LANE","Direction":"Forward","Length (m)":14.6,"Source":"NTA Active Travel Cycle Network (Feb 2025)","_style_key":"BIKE_LANE"}},{"type":"Feature","id":3245,"geometry":{"type":"LineString","coordinates":[[-6.2525802249074545,53.33198156330036],[-6.252516656703594,53.33190438029047]]},"properties":{"Infrastructure type":"BIKE_LANE","Direction":"Forward","Length (m)":9.6,"Source":"NTA Active Travel Cycle Network (Feb 2025)","_style_key":"BIKE_LANE"}},{"type":"Feature","id":3246,"geometry":{"type":"LineString","coordinates":[[-6.252516656703594,53.33190438029047],[-6.25274315093436,53.331870216507916]]},"properties":{"Infrastructure type":"BIKE_LANE","Direction":"Forward","Length (m)":15.6,"Source":"NTA Active Travel Cycle Network (Feb 2025)","_style_key":"BIKE_LANE"}},{"type":"Feature","id":3247,"geometry":{"type":"LineString","coordinates":[[-6.25274315093436,53.331870216507916],[-6.252797232483601,53.33196537695207]]},"properties":{"Infrastructure type":"BIKE_LANE","Direction":"Forward","Length (m)":11.2,"Source":"NTA Active Travel Cycle Network (Feb 2025)","_style_key":"BIKE_LANE"}},{"type":"Feature","id":3248,"geometry":{"type":"LineString","coordinates":[[-6.257136068786284,53.33620264750828],[-6.256643992394627,53.33583862951247],[-6.25335638004462,53.33275311763013]]},"properties":{"Infrastructure type":"BIKE_LANE","Direction":"Forward","Length (m)":459.6,"Source":"NTA Active Travel Cycle Network (Feb 2025)","_style_key":"BIKE_LANE"}},{"type":"Feature","id":3249,"geometry":{"type":"LineString","coordinates":[[-6.252989015308491,53.33217060414244],[-6.252797414250936,53.332235964990446]]},"properties":{"Infrastructure type":"BIKE_FRIENDLY_PEDESTRIAN_PATH","Direction":"Forward","Length (m)":14.7,"Source":"NTA Active Travel Cycle Network (Feb 2025)","_style_key":"BIKE_FRIENDLY_PEDESTRIAN_PATH"}},{"type":"Feature","id":3250,"geometry":{"type":"LineString","coordinates":[[-6.258728251368806,53.33393583695078],[-6.257366264720157,53.33613303748612]]},"properties":{"Infrastructure type":"BIKE_LANE","Direction":"Forward","Length (m)":261.2,"Source":"NTA Active Travel Cycle Network (Feb 2025)","_style_key":"BIKE_LANE"}},{"type":"Feature","id":3251,"geometry":{"type":"LineString","coordinates":[[-6.255277948811463,53.33859461952174],[-6.256847770640999,53.3366760385592],[-6.257136068786284,53.33620264750828]]},"properties":{"Infrastructure type":"BIKE_LANE","Direction":"Forward","Length (m)":295.2,"Source":"NTA Active Travel Cycle Network (Feb 2025)","_style_key":"BIKE_LANE"}},{"type":"Feature","id":3252,"geometry":{"type":"LineString","coordinates":[[-6.257245746035499,53.336090687432566],[-6.257366264720157,53.33613303748612]]},"properties":{"Infrastructure type":"BIKE_LANE","Direction":"Forward","Length (m)":9.3,"Source":"NTA Active Travel Cycle Network (Feb 2025)","_style_key":"BIKE_LANE"}},{"type":"Feature","id":3253,"geometry":{"type":"LineString","coordinates":[[-6.257136068786284,53.33620264750828],[-6.257245746035499,53.336090687432566]]},"properties":{"Infrastructure type":"BIKE_LANE","Direction":"Forward","Length (m)":14.4,"Source":"NTA Active Travel Cycle Network (Feb 2025)","_style_key":"BIKE_LANE"}},{"type":"Feature","id":3254,"geometry":{"type":"LineString","coordinates":[[-6.2377800784829205,53.322522991501536],[-6.244586996196225,53.32764768716832],[-6.247034552253252,53.32856724779655],[-6.248231694811635,53.32915195358541]]},"properties":{"Infrastructure type":"BIKE_LANE","Direction":"Forward","Length (m)":1024.3,"Source":"NTA Active Travel Cycle Network (Feb 2025)","_style_key":"BIKE_LANE"}},{"type":"Feature","id":3255,"geometry":{"type":"LineString","coordinates":[[-6.239667048974767,53.32412604021695],[-6.244459790465678,53.327743402295205],[-6.245326301754146,53.32810751146395]]},"properties":{"Infrastructure type":"BIKE_LANE","Direction":"Forward","Length (m)":584.6,"Source":"NTA Active Travel Cycle Network (Feb 2025)","_style_key":"BIKE_LANE"}},{"type":"Feature","id":3256,"geometry":{"type":"LineString","coordinates":[[-6.237197070424475,53.32237434629379],[-6.236870063139232,53.32221448582021],[-6.235901101329952,53.32201973925651],[-6.2325654501152385,53.31967378175269]]},"properties":{"Infrastructure type":"BIKE_LANE","Direction":"Forward","Length (m)":440.1,"Source":"NTA Active Travel Cycle Network (Feb 2025)","_style_key":"BIKE_LANE"}},{"type":"Feature","id":3257,"geometry":{"type":"LineString","coordinates":[[-6.232866556757205,53.31967058618525],[-6.234503434935461,53.32091438108776]]},"properties":{"Infrastructure type":"BIKE_LANE","Direction":"Forward","Length (m)":176.5,"Source":"NTA Active Travel Cycle Network (Feb 2025)","_style_key":"BIKE_LANE"}},{"type":"Feature","id":3258,"geometry":{"type":"LineString","coordinates":[[-6.2450130746791785,53.33401217212169],[-6.2444451213406476,53.33368620903801],[-6.243245121026252,53.33321620818738]]},"properties":{"Infrastructure type":"BIKE_LANE","Direction":"Forward","Length (m)":148.1,"Source":"NTA Active Travel Cycle Network (Feb 2025)","_style_key":"BIKE_LANE"}},{"type":"Feature","id":3259,"geometry":{"type":"LineString","coordinates":[[-6.247113850679684,53.32880148497694],[-6.245678870018584,53.32822223495106]]},"properties":{"Infrastructure type":"BIKE_LANE","Direction":"Forward","Length (m)":115.4,"Source":"NTA Active Travel Cycle Network (Feb 2025)","_style_key":"BIKE_LANE"}},{"type":"Feature","id":3260,"geometry":{"type":"LineString","coordinates":[[-6.245678870018584,53.32822223495106],[-6.245326301754146,53.32810751146395]]},"properties":{"Infrastructure type":"BIKE_LANE","Direction":"Forward","Length (m)":26.7,"Source":"NTA Active Travel Cycle Network (Feb 2025)","_style_key":"BIKE_LANE"}},{"type":"Feature","id":3261,"geometry":{"type":"LineString","coordinates":[[-6.232638781464483,53.31949090890277],[-6.23414236453961,53.31905445327473],[-6.236812362753367,53.31852445335979],[-6.239152360942825,53.318414453328394],[-6.241502358437329,53.31848445236324],[-6.241637673109237,53.31831143037796]]},"properties":{"Infrastructure type":"BIKE_LANE","Direction":"Forward","Length (m)":636.7,"Source":"NTA Active Travel Cycle Network (Feb 2025)","_style_key":"BIKE_LANE"}},{"type":"Feature","id":3262,"geometry":{"type":"LineString","coordinates":[[-6.232903337539209,53.31956025731193],[-6.2325654501152385,53.31967378175269]]},"properties":{"Infrastructure type":"BIKE_LANE","Direction":"Forward","Length (m)":25.9,"Source":"NTA Active Travel Cycle Network (Feb 2025)","_style_key":"BIKE_LANE"}},{"type":"Feature","id":3263,"geometry":{"type":"LineString","coordinates":[[-6.253898363729915,53.32488372766817],[-6.249388360073573,53.32312372617535],[-6.246538357874772,53.321573725270994],[-6.243440545796769,53.319663790514404]]},"properties":{"Infrastructure type":"BIKE_LANE","Direction":"Forward","Length (m)":912.2,"Source":"NTA Active Travel Cycle Network (Feb 2025)","_style_key":"BIKE_LANE"}},{"type":"Feature","id":3264,"geometry":{"type":"LineString","coordinates":[[-6.2540298278139925,53.32485615470209],[-6.254864634475933,53.325244744518315]]},"properties":{"Infrastructure type":"BIKE_LANE","Direction":"Forward","Length (m)":70.5,"Source":"NTA Active Travel Cycle Network (Feb 2025)","_style_key":"BIKE_LANE"}},{"type":"Feature","id":3265,"geometry":{"type":"LineString","coordinates":[[-6.241637673109237,53.31831143037796],[-6.24026689757645,53.31732801732067],[-6.23828756617894,53.31650616860246],[-6.237723320137728,53.316130396819844],[-6.237635708223822,53.31591589080479],[-6.237669110142026,53.315677980780286],[-6.238102750553429,53.31501464617117],[-6.238580499780724,53.313478847912066]]},"properties":{"Infrastructure type":"BIKE_LANE","Direction":"Forward","Length (m)":664.5,"Source":"NTA Active Travel Cycle Network (Feb 2025)","_style_key":"BIKE_LANE"}},{"type":"Feature","id":3267,"geometry":{"type":"MultiLineString","coordinates":[[[-6.237561273023653,53.3092808286511],[-6.236747645176503,53.30780195786539]],[[-6.238580499780724,53.313478847912066],[-6.238620500930222,53.313358847731834],[-6.238580499780724,53.313478847912066]],[[-6.24347550430362,53.31969137772063],[-6.241985509300324,53.318583597420854]]]},"properties":{"Infrastructure type":"BIKE_LANE","Direction":"Forward","Length (m)":359.3,"Source":"NTA Active Travel Cycle Network (Feb 2025)","_style_key":"BIKE_LANE"}},{"type":"Feature","id":3268,"geometry":{"type":"LineString","coordinates":[[-6.241985509300324,53.318583597420854],[-6.241637673109237,53.31831143037796]]},"properties":{"Infrastructure type":"BIKE_LANE","Direction":"Forward","Length (m)":38.1,"Source":"NTA Active Travel Cycle Network (Feb 2025)","_style_key":"BIKE_LANE"}},{"type":"Feature","id":3269,"geometry":{"type":"LineString","coordinates":[[-6.241502358437329,53.31848445236324],[-6.242003084750175,53.31846722318324]]},"properties":{"Infrastructure type":"BIKE_LANE","Direction":"Forward","Length (m)":33.5,"Source":"NTA Active Travel Cycle Network (Feb 2025)","_style_key":"BIKE_LANE"}},{"type":"Feature","id":3270,"geometry":{"type":"MultiLineString","coordinates":[[[-6.2387497463973585,53.31337808833005],[-6.2387097455902305,53.31349808855609]],[[-6.2387097455902305,53.31349808855609],[-6.23821974758146,53.315028088750644],[-6.23784644541152,53.315604333486895],[-6.237773224249977,53.31582502618636],[-6.237827826736158,53.31605624869165],[-6.238304240438401,53.31640026981515],[-6.24041478828958,53.317318524449426],[-6.242003084750175,53.31846722318324]]]},"properties":{"Infrastructure type":"BIKE_LANE","Direction":"Forward","Length (m)":697.9,"Source":"NTA Active Travel Cycle Network (Feb 2025)","_style_key":"BIKE_LANE"}},{"type":"Feature","id":3271,"geometry":{"type":"LineString","coordinates":[[-6.2325654501152385,53.31967378175269],[-6.231908967866464,53.319224936746345]]},"properties":{"Infrastructure type":"BIKE_LANE","Direction":"Forward","Length (m)":66.4,"Source":"NTA Active Travel Cycle Network (Feb 2025)","_style_key":"BIKE_LANE"}},{"type":"Feature","id":3272,"geometry":{"type":"LineString","coordinates":[[-6.232638781464483,53.31949090890277],[-6.232866556757205,53.31967058618525]]},"properties":{"Infrastructure type":"BIKE_LANE","Direction":"Forward","Length (m)":25.1,"Source":"NTA Active Travel Cycle Network (Feb 2025)","_style_key":"BIKE_LANE"}},{"type":"Feature","id":3276,"geometry":{"type":"LineString","coordinates":[[-6.265692557243992,53.33755478016908],[-6.265629226461698,53.33731558624132]]},"properties":{"Infrastructure type":"BIKE_LANE","Direction":"Forward","Length (m)":27.0,"Source":"NTA Active Travel Cycle Network (Feb 2025)","_style_key":"BIKE_LANE"}},{"type":"Feature","id":3277,"geometry":{"type":"LineString","coordinates":[[-6.2657276847462215,53.33768744763339],[-6.265692557243992,53.33755478016908]]},"properties":{"Infrastructure type":"BIKE_LANE","Direction":"Forward","Length (m)":14.9,"Source":"NTA Active Travel Cycle Network (Feb 2025)","_style_key":"BIKE_LANE"}},{"type":"Feature","id":3278,"geometry":{"type":"LineString","coordinates":[[-6.265885206800223,53.33767363165047],[-6.265921808807525,53.33779743752671]]},"properties":{"Infrastructure type":"BIKE_LANE","Direction":"Forward","Length (m)":14.0,"Source":"NTA Active Travel Cycle Network (Feb 2025)","_style_key":"BIKE_LANE"}},{"type":"Feature","id":3279,"geometry":{"type":"LineString","coordinates":[[-6.2658493340075125,53.33755228831803],[-6.265885206800223,53.33767363165047]]},"properties":{"Infrastructure type":"BIKE_LANE","Direction":"Forward","Length (m)":13.7,"Source":"NTA Active Travel Cycle Network (Feb 2025)","_style_key":"BIKE_LANE"}},{"type":"Feature","id":3280,"geometry":{"type":"LineString","coordinates":[[-6.269210106429231,53.33819973094163],[-6.268562434951159,53.33785164539226],[-6.268244518447733,53.3377838498623],[-6.266419733936157,53.33763269366796]]},"properties":{"Infrastructure type":"BIKE_LANE","Direction":"Forward","Length (m)":203.9,"Source":"NTA Active Travel Cycle Network (Feb 2025)","_style_key":"BIKE_LANE"}},{"type":"Feature","id":3281,"geometry":{"type":"LineString","coordinates":[[-6.269204244301359,53.33798732059297],[-6.269433084797564,53.33809077605984]]},"properties":{"Infrastructure type":"BIKE_LANE","Direction":"Forward","Length (m)":19.1,"Source":"NTA Active Travel Cycle Network (Feb 2025)","_style_key":"BIKE_LANE"}},{"type":"Feature","id":3282,"geometry":{"type":"LineString","coordinates":[[-6.27089177195835,53.33846597941181],[-6.2693871588751575,53.33829038207943]]},"properties":{"Infrastructure type":"BIKE_LANE","Direction":"Forward","Length (m)":103.3,"Source":"NTA Active Travel Cycle Network (Feb 2025)","_style_key":"BIKE_LANE"}},{"type":"Feature","id":3283,"geometry":{"type":"LineString","coordinates":[[-6.272461137635268,53.33891270483819],[-6.27089177195835,53.33846597941181]]},"properties":{"Infrastructure type":"BIKE_LANE","Direction":"Forward","Length (m)":116.0,"Source":"NTA Active Travel Cycle Network (Feb 2025)","_style_key":"BIKE_LANE"}},{"type":"Feature","id":3284,"geometry":{"type":"LineString","coordinates":[[-6.272200000600947,53.33841000133642],[-6.272419694168869,53.338403354417274]]},"properties":{"Infrastructure type":"BIKE_LANE","Direction":"Forward","Length (m)":14.7,"Source":"NTA Active Travel Cycle Network (Feb 2025)","_style_key":"BIKE_LANE"}},{"type":"Feature","id":3285,"geometry":{"type":"LineString","coordinates":[[-6.272200000600947,53.33841000133642],[-6.272345073148335,53.33847094385749],[-6.2724265944909146,53.33872670446347],[-6.27274173590656,53.338736048339975],[-6.272736825327108,53.33883083143871]]},"properties":{"Infrastructure type":"BIKE_LANE","Direction":"Forward","Length (m)":72.4,"Source":"NTA Active Travel Cycle Network (Feb 2025)","_style_key":"BIKE_LANE"}},{"type":"Feature","id":3286,"geometry":{"type":"LineString","coordinates":[[-6.274626922702356,53.33940945634351],[-6.272994506914479,53.33913263272846],[-6.272725334028524,53.33917530235236]]},"properties":{"Infrastructure type":"BIKE_LANE","Direction":"Forward","Length (m)":133.0,"Source":"NTA Active Travel Cycle Network (Feb 2025)","_style_key":"BIKE_LANE"}},{"type":"Feature","id":3287,"geometry":{"type":"LineString","coordinates":[[-6.272725334028524,53.33917530235236],[-6.272659165688928,53.33936452817937]]},"properties":{"Infrastructure type":"BIKE_LANE","Direction":"Forward","Length (m)":21.5,"Source":"NTA Active Travel Cycle Network (Feb 2025)","_style_key":"BIKE_LANE"}},{"type":"Feature","id":3288,"geometry":{"type":"LineString","coordinates":[[-6.274592243126759,53.33930872125125],[-6.275156365131054,53.338952098197026],[-6.27557017683532,53.338865096610796],[-6.278891659436307,53.33873543869604],[-6.280648652467832,53.33827434101726],[-6.283728645389187,53.33790434066678],[-6.285128705805055,53.337571175445575],[-6.286310082087816,53.337166151416554],[-6.287828637560571,53.33650434182441],[-6.289058635114615,53.33579434148817],[-6.28944863364763,53.335384341058706],[-6.289827641806167,53.33455262602019],[-6.290052276733929,53.33428518142064],[-6.291308630275303,53.33338434141104]]},"properties":{"Infrastructure type":"BIKE_LANE","Direction":"Forward","Length (m)":1389.4,"Source":"NTA Active Travel Cycle Network (Feb 2025)","_style_key":"BIKE_LANE"}},{"type":"Feature","id":3289,"geometry":{"type":"LineString","coordinates":[[-6.253152829154101,53.33256040461738],[-6.252797414250936,53.332235964990446]]},"properties":{"Infrastructure type":"BIKE_LANE","Direction":"Forward","Length (m)":43.2,"Source":"NTA Active Travel Cycle Network (Feb 2025)","_style_key":"BIKE_LANE"}},{"type":"Feature","id":3290,"geometry":{"type":"LineString","coordinates":[[-6.252989015308491,53.33217060414244],[-6.253321119258325,53.33248382083182]]},"properties":{"Infrastructure type":"BIKE_LANE","Direction":"Forward","Length (m)":41.3,"Source":"NTA Active Travel Cycle Network (Feb 2025)","_style_key":"BIKE_LANE"}},{"type":"Feature","id":3291,"geometry":{"type":"LineString","coordinates":[[-6.253321119258325,53.33248382083182],[-6.253408672124539,53.33256805522077]]},"properties":{"Infrastructure type":"BIKE_LANE","Direction":"Forward","Length (m)":11.0,"Source":"NTA Active Travel Cycle Network (Feb 2025)","_style_key":"BIKE_LANE"}},{"type":"Feature","id":3292,"geometry":{"type":"LineString","coordinates":[[-6.25335638004462,53.33275311763013],[-6.253152829154101,53.33256040461738]]},"properties":{"Infrastructure type":"BIKE_LANE","Direction":"Forward","Length (m)":25.4,"Source":"NTA Active Travel Cycle Network (Feb 2025)","_style_key":"BIKE_LANE"}},{"type":"Feature","id":3293,"geometry":{"type":"LineString","coordinates":[[-6.253152829154101,53.33256040461738],[-6.253321119258325,53.33248382083182]]},"properties":{"Infrastructure type":"BIKE_LANE","Direction":"Forward","Length (m)":14.1,"Source":"NTA Active Travel Cycle Network (Feb 2025)","_style_key":"BIKE_LANE"}},{"type":"Feature","id":3294,"geometry":{"type":"LineString","coordinates":[[-6.253408672124539,53.33256805522077],[-6.25335638004462,53.33275311763013]]},"properties":{"Infrastructure type":"BIKE_LANE","Direction":"Forward","Length (m)":20.9,"Source":"NTA Active Travel Cycle Network (Feb 2025)","_style_key":"BIKE_LANE"}},{"type":"Feature","id":3295,"geometry":{"type":"LineString","coordinates":[[-6.253371479923814,53.3082269921469],[-6.2509819290893525,53.308648060338136],[-6.248864511511966,53.309764650955174],[-6.248511931327735,53.3100966156574],[-6.248283163198521,53.310670680726574]]},"properties":{"Infrastructure type":"BIKE_LANE","Direction":"Forward","Length (m)":464.3,"Source":"NTA Active Travel Cycle Network (Feb 2025)","_style_key":"BIKE_LANE"}},{"type":"Feature","id":3297,"geometry":{"type":"LineString","coordinates":[[-6.274681846595001,53.31196630698942],[-6.274292818778466,53.31210331509257],[-6.273974203184037,53.31237548359257],[-6.267635474058881,53.32136206789226],[-6.2660036342049406,53.32190322951704]]},"properties":{"Infrastructure type":"BIKE_LANE","Direction":"Forward","Length (m)":1279.0,"Source":"NTA Active Travel Cycle Network (Feb 2025)","_style_key":"BIKE_LANE"}},{"type":"Feature","id":3298,"geometry":{"type":"LineString","coordinates":[[-6.278803092560824,53.311060944031986],[-6.283386179735111,53.309877273754175]]},"properties":{"Infrastructure type":"BIKE_LANE","Direction":"Forward","Length (m)":332.7,"Source":"NTA Active Travel Cycle Network (Feb 2025)","_style_key":"BIKE_LANE"}},{"type":"Feature","id":3299,"geometry":{"type":"LineString","coordinates":[[-6.275197301141528,53.31178667159708],[-6.274447218397979,53.311907510610204]]},"properties":{"Infrastructure type":"BIKE_LANE","Direction":"Forward","Length (m)":51.8,"Source":"NTA Active Travel Cycle Network (Feb 2025)","_style_key":"BIKE_LANE"}},{"type":"Feature","id":3300,"geometry":{"type":"LineString","coordinates":[[-6.279144571756435,53.32273855080944],[-6.279298115886447,53.32238040424815],[-6.2793076690636545,53.321666555326374],[-6.278767671115124,53.32033655547603],[-6.278717671237015,53.3198465554594],[-6.278827671877124,53.31918655564083],[-6.2790285592572435,53.31868111463855],[-6.279617672015811,53.31777655527929],[-6.282057674634238,53.31505655630648],[-6.282447675577704,53.314336556178404],[-6.2824676745593155,53.314206555861],[-6.282152522135453,53.31348690629161],[-6.282527677028554,53.31209655584973],[-6.283372444908183,53.30994961389236]]},"properties":{"Infrastructure type":"BIKE_LANE","Direction":"Forward","Length (m)":1495.6,"Source":"NTA Active Travel Cycle Network (Feb 2025)","_style_key":"BIKE_LANE"}},{"type":"Feature","id":3306,"geometry":{"type":"LineString","coordinates":[[-6.278456361168296,53.32594146568468],[-6.279986336809753,53.323585747541394],[-6.280986336980129,53.32287574867378],[-6.281576336627086,53.32256574793916],[-6.2833163371746865,53.322015749319384],[-6.2836863374316225,53.32180574911195],[-6.284666338598347,53.32092574993111],[-6.286916339163879,53.31995575017006],[-6.287306338084742,53.31984575103672],[-6.289126339065498,53.31968575176547],[-6.290636338039536,53.319385752635526],[-6.292536339351456,53.31766575366032],[-6.293696340881784,53.31677575387036],[-6.29833634473278,53.31279575518207],[-6.30446634557898,53.30931575884413],[-6.305076346058932,53.30880575908676],[-6.305306346782496,53.30844575885531],[-6.3073563512903545,53.30437575995915],[-6.308493548354222,53.30273976366028]]},"properties":{"Infrastructure type":"BIKE_LANE","Direction":"Forward","Length (m)":3407.4,"Source":"NTA Active Travel Cycle Network (Feb 2025)","_style_key":"BIKE_LANE"}},{"type":"Feature","id":3314,"geometry":{"type":"LineString","coordinates":[[-6.316924005008365,53.32557679765532],[-6.3156016140477105,53.32621603689973],[-6.314854485347174,53.326419957932046],[-6.303360628650572,53.32889412778973],[-6.29921716901148,53.329874282145454]]},"properties":{"Infrastructure type":"BIKE_LANE","Direction":"Forward","Length (m)":1279.4,"Source":"NTA Active Travel Cycle Network (Feb 2025)","_style_key":"BIKE_LANE"}},{"type":"Feature","id":3315,"geometry":{"type":"LineString","coordinates":[[-6.28388915500556,53.309730967909424],[-6.284826067888828,53.30943598908488],[-6.296856062524819,53.302035990711225],[-6.299967139508672,53.29968980255763]]},"properties":{"Infrastructure type":"BIKE_LANE","Direction":"Forward","Length (m)":1554.3,"Source":"NTA Active Travel Cycle Network (Feb 2025)","_style_key":"BIKE_LANE"}},{"type":"Feature","id":3317,"geometry":{"type":"LineString","coordinates":[[-6.28324298325867,53.30579345283481],[-6.283607605465869,53.30676775443613],[-6.283937602477423,53.30817775333889],[-6.283817601595887,53.30899775328369],[-6.283386179735111,53.309877273754175]]},"properties":{"Infrastructure type":"BIKE_LANE","Direction":"Forward","Length (m)":463.5,"Source":"NTA Active Travel Cycle Network (Feb 2025)","_style_key":"BIKE_LANE"}},{"type":"Feature","id":3318,"geometry":{"type":"LineString","coordinates":[[-6.2837017834024085,53.3096493270805],[-6.2836076836967125,53.30990236490626]]},"properties":{"Infrastructure type":"BIKE_LANE","Direction":"Forward","Length (m)":28.9,"Source":"NTA Active Travel Cycle Network (Feb 2025)","_style_key":"BIKE_LANE"}},{"type":"Feature","id":3319,"geometry":{"type":"LineString","coordinates":[[-6.2837017834024085,53.3096493270805],[-6.28388915500556,53.309730967909424]]},"properties":{"Infrastructure type":"BIKE_LANE","Direction":"Forward","Length (m)":16.5,"Source":"NTA Active Travel Cycle Network (Feb 2025)","_style_key":"BIKE_LANE"}},{"type":"Feature","id":3320,"geometry":{"type":"LineString","coordinates":[[-6.2837263243289545,53.30977172919605],[-6.28388915500556,53.309730967909424]]},"properties":{"Infrastructure type":"BIKE_LANE","Direction":"Forward","Length (m)":11.8,"Source":"NTA Active Travel Cycle Network (Feb 2025)","_style_key":"BIKE_LANE"}},{"type":"Feature","id":3321,"geometry":{"type":"LineString","coordinates":[[-6.283386179735111,53.309877273754175],[-6.2837263243289545,53.30977172919605]]},"properties":{"Infrastructure type":"BIKE_LANE","Direction":"Forward","Length (m)":25.8,"Source":"NTA Active Travel Cycle Network (Feb 2025)","_style_key":"BIKE_LANE"}},{"type":"Feature","id":3322,"geometry":{"type":"LineString","coordinates":[[-6.283372444908183,53.30994961389236],[-6.283757623211639,53.30982877517287]]},"properties":{"Infrastructure type":"BIKE_LANE","Direction":"Forward","Length (m)":29.0,"Source":"NTA Active Travel Cycle Network (Feb 2025)","_style_key":"BIKE_LANE"}},{"type":"Feature","id":3323,"geometry":{"type":"LineString","coordinates":[[-6.283372444908183,53.30994961389236],[-6.283386179735111,53.309877273754175]]},"properties":{"Infrastructure type":"BIKE_LANE","Direction":"Forward","Length (m)":8.1,"Source":"NTA Active Travel Cycle Network (Feb 2025)","_style_key":"BIKE_LANE"}},{"type":"Feature","id":3324,"geometry":{"type":"LineString","coordinates":[[-6.278456361168296,53.32594146568468],[-6.277814485526223,53.32660709915609]]},"properties":{"Infrastructure type":"BIKE_LANE","Direction":"Forward","Length (m)":85.7,"Source":"NTA Active Travel Cycle Network (Feb 2025)","_style_key":"BIKE_LANE"}},{"type":"Feature","id":3325,"geometry":{"type":"LineString","coordinates":[[-6.27828090869672,53.326321285205815],[-6.278139487551147,53.3265024855448]]},"properties":{"Infrastructure type":"BIKE_LANE","Direction":"Forward","Length (m)":22.3,"Source":"NTA Active Travel Cycle Network (Feb 2025)","_style_key":"BIKE_LANE"}},{"type":"Feature","id":3326,"geometry":{"type":"LineString","coordinates":[[-6.3173136394985185,53.32484551132572],[-6.319259452854278,53.32313140645326],[-6.331340218548,53.317798090239215],[-6.33178300819571,53.31757672431663],[-6.332047063163312,53.31724284994071]]},"properties":{"Infrastructure type":"BIKE_LANE","Direction":"Forward","Length (m)":1311.0,"Source":"NTA Active Travel Cycle Network (Feb 2025)","_style_key":"BIKE_LANE"}},{"type":"Feature","id":3327,"geometry":{"type":"LineString","coordinates":[[-6.317322937694001,53.324960118107946],[-6.317402280491615,53.32509361446688],[-6.317557315622307,53.3251164126754]]},"properties":{"Infrastructure type":"BIKE_LANE","Direction":"Forward","Length (m)":27.6,"Source":"NTA Active Travel Cycle Network (Feb 2025)","_style_key":"BIKE_LANE"}},{"type":"Feature","id":3328,"geometry":{"type":"LineString","coordinates":[[-6.317322937694001,53.324960118107946],[-6.317098342282552,53.32505429853026]]},"properties":{"Infrastructure type":"BIKE_LANE","Direction":"Forward","Length (m)":18.3,"Source":"NTA Active Travel Cycle Network (Feb 2025)","_style_key":"BIKE_LANE"}},{"type":"Feature","id":3329,"geometry":{"type":"LineString","coordinates":[[-6.316467714826878,53.325638143111206],[-6.316975618326445,53.325316376707924],[-6.317098342282552,53.32505429853026]]},"properties":{"Infrastructure type":"BIKE_LANE","Direction":"Forward","Length (m)":80.8,"Source":"NTA Active Travel Cycle Network (Feb 2025)","_style_key":"BIKE_LANE"}},{"type":"Feature","id":3330,"geometry":{"type":"LineString","coordinates":[[-6.317098342282552,53.32505429853026],[-6.3173136394985185,53.32484551132572]]},"properties":{"Infrastructure type":"BIKE_LANE","Direction":"Forward","Length (m)":27.7,"Source":"NTA Active Travel Cycle Network (Feb 2025)","_style_key":"BIKE_LANE"}},{"type":"Feature","id":3331,"geometry":{"type":"LineString","coordinates":[[-6.240478891569067,53.33767585047628],[-6.239741649109758,53.33727468468349],[-6.237961648076908,53.33605468440123],[-6.235621650780873,53.3326746833596],[-6.23494165010079,53.33185468294402],[-6.232831651285069,53.33014468250089]]},"properties":{"Infrastructure type":"BIKE_LANE","Direction":"Forward","Length (m)":993.0,"Source":"NTA Active Travel Cycle Network (Feb 2025)","_style_key":"BIKE_LANE"}},{"type":"Feature","id":3332,"geometry":{"type":"LineString","coordinates":[[-6.240058725181178,53.337350975012185],[-6.240569366872127,53.33761436306326]]},"properties":{"Infrastructure type":"BIKE_LANE","Direction":"Forward","Length (m)":45.0,"Source":"NTA Active Travel Cycle Network (Feb 2025)","_style_key":"BIKE_LANE"}},{"type":"Feature","id":3333,"geometry":{"type":"LineString","coordinates":[[-6.230000478236662,53.32877976930377],[-6.226200474997298,53.327709766873056],[-6.225140475789606,53.32729976691034],[-6.223400474782446,53.325689766391484],[-6.21928047342254,53.3232297652921],[-6.21637047231176,53.32106976450933],[-6.2126504711313695,53.31893976241069]]},"properties":{"Infrastructure type":"BIKE_LANE","Direction":"Forward","Length (m)":1618.1,"Source":"NTA Active Travel Cycle Network (Feb 2025)","_style_key":"BIKE_LANE"}},{"type":"Feature","id":3370,"geometry":{"type":"LineString","coordinates":[[-6.259316564129442,53.34758658970859],[-6.259088626706566,53.347644373296774]]},"properties":{"Infrastructure type":"BIKE_LANE","Direction":"Forward","Length (m)":16.5,"Source":"NTA Active Travel Cycle Network (Feb 2025)","_style_key":"BIKE_LANE"}},{"type":"Feature","id":3474,"geometry":{"type":"LineString","coordinates":[[-6.346838657546662,53.33571834388154],[-6.34628101754993,53.33419693459885],[-6.3464590187385745,53.33269046215795],[-6.346313159014131,53.33204681532559]]},"properties":{"Infrastructure type":"BIKE_LANE","Direction":"Forward","Length (m)":414.2,"Source":"NTA Active Travel Cycle Network (Feb 2025)","_style_key":"BIKE_LANE"}},{"type":"Feature","id":3475,"geometry":{"type":"LineString","coordinates":[[-6.257366264720157,53.33613303748612],[-6.256935779087872,53.33678754954866]]},"properties":{"Infrastructure type":"BIKE_LANE","Direction":"Forward","Length (m)":78.9,"Source":"NTA Active Travel Cycle Network (Feb 2025)","_style_key":"BIKE_LANE"}},{"type":"Feature","id":3476,"geometry":{"type":"LineString","coordinates":[[-6.251653334926192,53.34747248639588],[-6.2516252664006595,53.34739393952042]]},"properties":{"Infrastructure type":"BIKE_LANE","Direction":"Forward","Length (m)":8.9,"Source":"NTA Active Travel Cycle Network (Feb 2025)","_style_key":"BIKE_LANE"}},{"type":"Feature","id":3477,"geometry":{"type":"LineString","coordinates":[[-6.251463833216938,53.34818107352147],[-6.251653334926192,53.34747248639588]]},"properties":{"Infrastructure type":"BIKE_LANE","Direction":"Forward","Length (m)":80.1,"Source":"NTA Active Travel Cycle Network (Feb 2025)","_style_key":"BIKE_LANE"}},{"type":"Feature","id":3478,"geometry":{"type":"LineString","coordinates":[[-6.251463833216938,53.34818107352147],[-6.251446724251051,53.348359991140256]]},"properties":{"Infrastructure type":"BIKE_LANE","Direction":"Forward","Length (m)":19.9,"Source":"NTA Active Travel Cycle Network (Feb 2025)","_style_key":"BIKE_LANE"}},{"type":"Feature","id":3479,"geometry":{"type":"LineString","coordinates":[[-6.251463833216938,53.34818107352147],[-6.251778641346951,53.34823842539868]]},"properties":{"Infrastructure type":"BIKE_LANE","Direction":"Forward","Length (m)":21.9,"Source":"NTA Active Travel Cycle Network (Feb 2025)","_style_key":"BIKE_LANE"}},{"type":"Feature","id":3480,"geometry":{"type":"LineString","coordinates":[[-6.251753878908586,53.34836045473344],[-6.251271837785587,53.34833698989822]]},"properties":{"Infrastructure type":"BIKE_LANE","Direction":"Forward","Length (m)":32.2,"Source":"NTA Active Travel Cycle Network (Feb 2025)","_style_key":"BIKE_LANE"}},{"type":"Feature","id":3481,"geometry":{"type":"LineString","coordinates":[[-6.251446724251051,53.348359991140256],[-6.251436728475076,53.3488406184537]]},"properties":{"Infrastructure type":"BIKE_LANE","Direction":"Forward","Length (m)":53.6,"Source":"NTA Active Travel Cycle Network (Feb 2025)","_style_key":"BIKE_LANE"}},{"type":"Feature","id":3482,"geometry":{"type":"LineString","coordinates":[[-6.251436728475076,53.3488406184537],[-6.251271837785587,53.34833698989822]]},"properties":{"Infrastructure type":"BIKE_LANE","Direction":"Forward","Length (m)":58.7,"Source":"NTA Active Travel Cycle Network (Feb 2025)","_style_key":"BIKE_LANE"}},{"type":"Feature","id":3501,"geometry":{"type":"LineString","coordinates":[[-6.236386467797671,53.36297046955611],[-6.232043981500079,53.36418553763529],[-6.2299559271781755,53.364443889101395]]},"properties":{"Infrastructure type":"BIKE_LANE","Direction":"Forward","Length (m)":461.9,"Source":"NTA Active Travel Cycle Network (Feb 2025)","_style_key":"BIKE_LANE"}},{"type":"Feature","id":3518,"geometry":{"type":"LineString","coordinates":[[-6.237445565158277,53.362751947363805],[-6.236464732848154,53.36294588424982]]},"properties":{"Infrastructure type":"BIKE_LANE","Direction":"Forward","Length (m)":69.4,"Source":"NTA Active Travel Cycle Network (Feb 2025)","_style_key":"BIKE_LANE"}},{"type":"Feature","id":3531,"geometry":{"type":"LineString","coordinates":[[-6.252639497630975,53.37267171677794],[-6.252191060676097,53.37333686682474]]},"properties":{"Infrastructure type":"BIKE_FRIENDLY_PEDESTRIAN_PATH","Direction":"Forward","Length (m)":80.0,"Source":"NTA Active Travel Cycle Network (Feb 2025)","_style_key":"BIKE_FRIENDLY_PEDESTRIAN_PATH"}},{"type":"Feature","id":3532,"geometry":{"type":"LineString","coordinates":[[-6.252191060676097,53.37333686682474],[-6.2520679900684035,53.373606609785014]]},"properties":{"Infrastructure type":"BIKE_FRIENDLY_PEDESTRIAN_PATH","Direction":"Forward","Length (m)":31.5,"Source":"NTA Active Travel Cycle Network (Feb 2025)","_style_key":"BIKE_FRIENDLY_PEDESTRIAN_PATH"}},{"type":"Feature","id":3533,"geometry":{"type":"LineString","coordinates":[[-6.2520679900684035,53.373606609785014],[-6.251661994670245,53.37443852246367],[-6.2505156506537185,53.37583207144757]]},"properties":{"Infrastructure type":"BIKE_FRIENDLY_PEDESTRIAN_PATH","Direction":"Forward","Length (m)":269.3,"Source":"NTA Active Travel Cycle Network (Feb 2025)","_style_key":"BIKE_FRIENDLY_PEDESTRIAN_PATH"}},{"type":"Feature","id":3534,"geometry":{"type":"LineString","coordinates":[[-6.246761343602773,53.379456536062555],[-6.246487575914431,53.37978301961174]]},"properties":{"Infrastructure type":"BIKE_FRIENDLY_PEDESTRIAN_PATH","Direction":"Forward","Length (m)":40.6,"Source":"NTA Active Travel Cycle Network (Feb 2025)","_style_key":"BIKE_FRIENDLY_PEDESTRIAN_PATH"}},{"type":"Feature","id":3535,"geometry":{"type":"LineString","coordinates":[[-6.245683019970456,53.38072170726842],[-6.245209997311781,53.381480120614675]]},"properties":{"Infrastructure type":"BIKE_LANE","Direction":"Forward","Length (m)":90.1,"Source":"NTA Active Travel Cycle Network (Feb 2025)","_style_key":"BIKE_LANE"}},{"type":"Feature","id":3536,"geometry":{"type":"LineString","coordinates":[[-6.245209997311781,53.381480120614675],[-6.244762790380528,53.382257553949]]},"properties":{"Infrastructure type":"BIKE_FRIENDLY_PEDESTRIAN_PATH","Direction":"Forward","Length (m)":91.5,"Source":"NTA Active Travel Cycle Network (Feb 2025)","_style_key":"BIKE_FRIENDLY_PEDESTRIAN_PATH"}},{"type":"Feature","id":3537,"geometry":{"type":"LineString","coordinates":[[-6.161821169458692,53.39928496446867],[-6.162024161475115,53.40030082064614]]},"properties":{"Infrastructure type":"BIKE_LANE","Direction":"Forward","Length (m)":114.0,"Source":"NTA Active Travel Cycle Network (Feb 2025)","_style_key":"BIKE_LANE"}},{"type":"Feature","id":3538,"geometry":{"type":"LineString","coordinates":[[-6.1616227827438115,53.39954898330498],[-6.16154815892203,53.39927326670305]]},"properties":{"Infrastructure type":"BIKE_LANE","Direction":"Forward","Length (m)":31.1,"Source":"NTA Active Travel Cycle Network (Feb 2025)","_style_key":"BIKE_LANE"}},{"type":"Feature","id":3539,"geometry":{"type":"LineString","coordinates":[[-6.162353946054269,53.40740422872327],[-6.162873228446458,53.406593498479474],[-6.1631119363504165,53.40561048187261],[-6.162999292407647,53.40550254796109],[-6.163072496721457,53.40512347568154],[-6.162467863755359,53.40285651399497]]},"properties":{"Infrastructure type":"BIKE_FRIENDLY_PEDESTRIAN_PATH","Direction":"Forward","Length (m)":521.0,"Source":"NTA Active Travel Cycle Network (Feb 2025)","_style_key":"BIKE_FRIENDLY_PEDESTRIAN_PATH"}},{"type":"Feature","id":3540,"geometry":{"type":"LineString","coordinates":[[-6.253496175105859,53.37141652472757],[-6.252754282313408,53.3724947492072]]},"properties":{"Infrastructure type":"BIKE_LANE","Direction":"Forward","Length (m)":129.8,"Source":"NTA Active Travel Cycle Network (Feb 2025)","_style_key":"BIKE_LANE"}},{"type":"Feature","id":3541,"geometry":{"type":"LineString","coordinates":[[-6.252409519854343,53.37262109444731],[-6.25312158208625,53.37167074488097],[-6.253457843891763,53.37103644708705]]},"properties":{"Infrastructure type":"BIKE_LANE","Direction":"Forward","Length (m)":190.1,"Source":"NTA Active Travel Cycle Network (Feb 2025)","_style_key":"BIKE_LANE"}},{"type":"Feature","id":3545,"geometry":{"type":"LineString","coordinates":[[-6.3594723003416735,53.342633464193476],[-6.365626910917965,53.343179237178894]]},"properties":{"Infrastructure type":"BIKE_LANE","Direction":"Forward","Length (m)":414.7,"Source":"NTA Active Travel Cycle Network (Feb 2025)","_style_key":"BIKE_LANE"}},{"type":"Feature","id":3546,"geometry":{"type":"LineString","coordinates":[[-6.365626910917965,53.343179237178894],[-6.369524700353118,53.34350683645484]]},"properties":{"Infrastructure type":"BIKE_FRIENDLY_PEDESTRIAN_PATH","Direction":"Forward","Length (m)":262.2,"Source":"NTA Active Travel Cycle Network (Feb 2025)","_style_key":"BIKE_FRIENDLY_PEDESTRIAN_PATH"}},{"type":"Feature","id":3547,"geometry":{"type":"LineString","coordinates":[[-6.369899392527403,53.343665218356044],[-6.364354235197108,53.343193807260874]]},"properties":{"Infrastructure type":"BIKE_LANE","Direction":"Forward","Length (m)":373.0,"Source":"NTA Active Travel Cycle Network (Feb 2025)","_style_key":"BIKE_LANE"}},{"type":"Feature","id":3548,"geometry":{"type":"LineString","coordinates":[[-6.364354235197108,53.343193807260874],[-6.362327673856259,53.342998582893465]]},"properties":{"Infrastructure type":"BIKE_FRIENDLY_PEDESTRIAN_PATH","Direction":"Forward","Length (m)":136.7,"Source":"NTA Active Travel Cycle Network (Feb 2025)","_style_key":"BIKE_FRIENDLY_PEDESTRIAN_PATH"}},{"type":"Feature","id":3549,"geometry":{"type":"LineString","coordinates":[[-6.362327673856259,53.342998582893465],[-6.3590612775635265,53.342707941531245]]},"properties":{"Infrastructure type":"BIKE_LANE","Direction":"Forward","Length (m)":220.0,"Source":"NTA Active Travel Cycle Network (Feb 2025)","_style_key":"BIKE_LANE"}},{"type":"Feature","id":3561,"geometry":{"type":"LineString","coordinates":[[-6.2390230810929355,53.34242697069439],[-6.238993254683301,53.34252451024786]]},"properties":{"Infrastructure type":"BIKE_FRIENDLY_PEDESTRIAN_PATH","Direction":"Bi-Directional","Length (m)":11.0,"Source":"NTA Active Travel Cycle Network (Feb 2025)","_style_key":"BIKE_FRIENDLY_PEDESTRIAN_PATH"}},{"type":"Feature","id":3562,"geometry":{"type":"LineString","coordinates":[[-6.238993254683301,53.34252451024786],[-6.239007397503504,53.34255392599349]]},"properties":{"Infrastructure type":"BIKE_FRIENDLY_PEDESTRIAN_PATH","Direction":"Bi-Directional","Length (m)":3.4,"Source":"NTA Active Travel Cycle Network (Feb 2025)","_style_key":"BIKE_FRIENDLY_PEDESTRIAN_PATH"}},{"type":"Feature","id":3563,"geometry":{"type":"LineString","coordinates":[[-6.2354294339147325,53.34206680766416],[-6.2317941137127955,53.34162962589254]]},"properties":{"Infrastructure type":"BIKE_LANE","Direction":"Forward","Length (m)":247.7,"Source":"NTA Active Travel Cycle Network (Feb 2025)","_style_key":"BIKE_LANE"}},{"type":"Feature","id":3564,"geometry":{"type":"LineString","coordinates":[[-6.264913498403379,53.33255972012447],[-6.264936594506456,53.3326631166074]]},"properties":{"Infrastructure type":"BIKE_LANE","Direction":"Forward","Length (m)":11.6,"Source":"NTA Active Travel Cycle Network (Feb 2025)","_style_key":"BIKE_LANE"}},{"type":"Feature","id":3565,"geometry":{"type":"LineString","coordinates":[[-6.345056561607254,53.342494857417655],[-6.342475327004317,53.34193617152645],[-6.3408650414553716,53.341907037334586],[-6.339725188527681,53.342117687576525],[-6.337296289481258,53.34308914691507],[-6.336336433095795,53.343279695457724],[-6.335316386750601,53.34335025765312],[-6.333855910327131,53.343181023186396],[-6.330171478463521,53.34234858858956],[-6.32902639008741,53.342260124597445]]},"properties":{"Infrastructure type":"BIKE_LANE","Direction":"Forward","Length (m)":1141.1,"Source":"NTA Active Travel Cycle Network (Feb 2025)","_style_key":"BIKE_LANE"}},{"type":"Feature","id":3566,"geometry":{"type":"LineString","coordinates":[[-6.2693871588751575,53.33829038207943],[-6.269210106429231,53.33819973094163]]},"properties":{"Infrastructure type":"BIKE_LANE","Direction":"Forward","Length (m)":15.6,"Source":"NTA Active Travel Cycle Network (Feb 2025)","_style_key":"BIKE_LANE"}},{"type":"Feature","id":3567,"geometry":{"type":"LineString","coordinates":[[-6.243245121026252,53.33321620818738],[-6.24326380385552,53.333064133182155]]},"properties":{"Infrastructure type":"BIKE_LANE","Direction":"Forward","Length (m)":17.0,"Source":"NTA Active Travel Cycle Network (Feb 2025)","_style_key":"BIKE_LANE"}},{"type":"Feature","id":3569,"geometry":{"type":"LineString","coordinates":[[-6.264129270682988,53.360180996840526],[-6.270169274872713,53.3606609970769]]},"properties":{"Infrastructure type":"BIKE_LANE","Direction":"Forward","Length (m)":405.8,"Source":"NTA Active Travel Cycle Network (Feb 2025)","_style_key":"BIKE_LANE"}},{"type":"Feature","id":3576,"geometry":{"type":"LineString","coordinates":[[-6.255027423506855,53.36887783744232],[-6.253856731988453,53.37079706928305]]},"properties":{"Infrastructure type":"BIKE_LANE","Direction":"Forward","Length (m)":227.4,"Source":"NTA Active Travel Cycle Network (Feb 2025)","_style_key":"BIKE_LANE"}},{"type":"Feature","id":3577,"geometry":{"type":"LineString","coordinates":[[-6.219938985786989,53.37456211506363],[-6.219713913675292,53.374928648165586],[-6.2191888536932876,53.37535902820238],[-6.218189427729998,53.375877401130644]]},"properties":{"Infrastructure type":"BIKE_LANE","Direction":"Forward","Length (m)":191.2,"Source":"NTA Active Travel Cycle Network (Feb 2025)","_style_key":"BIKE_LANE"}},{"type":"Feature","id":3578,"geometry":{"type":"LineString","coordinates":[[-6.208705224961019,53.369903593546475],[-6.206819964335707,53.370979816611275],[-6.203493808487534,53.371269699282436],[-6.202827880344377,53.371474610097515]]},"properties":{"Infrastructure type":"BIKE_LANE","Direction":"Forward","Length (m)":448.2,"Source":"NTA Active Travel Cycle Network (Feb 2025)","_style_key":"BIKE_LANE"}},{"type":"Feature","id":3579,"geometry":{"type":"LineString","coordinates":[[-6.2664674184320495,53.35458634308291],[-6.265211196701501,53.355950969607896]]},"properties":{"Infrastructure type":"BIKE_LANE","Direction":"Forward","Length (m)":173.5,"Source":"NTA Active Travel Cycle Network (Feb 2025)","_style_key":"BIKE_LANE"}},{"type":"Feature","id":3580,"geometry":{"type":"LineString","coordinates":[[-6.202259075132197,53.37241174647903],[-6.201929075826183,53.37287174676307],[-6.198299071974376,53.374651746665094],[-6.194887945286269,53.375529253323776],[-6.191482152679076,53.37617988002571],[-6.18947317509662,53.37705289072442],[-6.1883859684511755,53.37735531873458],[-6.183547902468933,53.37810253373277],[-6.179869144115732,53.37926980399452],[-6.178380227173212,53.37990641683351]]},"properties":{"Infrastructure type":"BIKE_LANE","Direction":"Forward","Length (m)":1832.0,"Source":"NTA Active Travel Cycle Network (Feb 2025)","_style_key":"BIKE_LANE"}},{"type":"Feature","id":3581,"geometry":{"type":"LineString","coordinates":[[-6.250664422705485,53.34108784257493],[-6.252018355923103,53.33971420965545]]},"properties":{"Infrastructure type":"BIKE_LANE","Direction":"Forward","Length (m)":177.6,"Source":"NTA Active Travel Cycle Network (Feb 2025)","_style_key":"BIKE_LANE"}},{"type":"Feature","id":3582,"geometry":{"type":"LineString","coordinates":[[-6.27435452083112,53.35020961088428],[-6.272966253408569,53.350236856570646],[-6.27124959590362,53.350536748733724],[-6.270636108369739,53.350766763719534],[-6.2699881318758415,53.35124366023051]]},"properties":{"Infrastructure type":"BIKE_LANE","Direction":"Forward","Length (m)":329.0,"Source":"NTA Active Travel Cycle Network (Feb 2025)","_style_key":"BIKE_LANE"}},{"type":"Feature","id":3592,"geometry":{"type":"LineString","coordinates":[[-6.2664674184320495,53.35458634308291],[-6.266861867252058,53.3541713764128]]},"properties":{"Infrastructure type":"BIKE_LANE","Direction":"Forward","Length (m)":53.2,"Source":"NTA Active Travel Cycle Network (Feb 2025)","_style_key":"BIKE_LANE"}},{"type":"Feature","id":3596,"geometry":{"type":"LineString","coordinates":[[-6.240817267595552,53.34927547193751],[-6.240880743536365,53.34886214190076]]},"properties":{"Infrastructure type":"BIKE_FRIENDLY_PEDESTRIAN_PATH","Direction":"Bi-Directional","Length (m)":46.5,"Source":"NTA Active Travel Cycle Network (Feb 2025)","_style_key":"BIKE_FRIENDLY_PEDESTRIAN_PATH"}},{"type":"Feature","id":3597,"geometry":{"type":"LineString","coordinates":[[-6.237316863393419,53.3720644658497],[-6.228056048166323,53.36872147590752]]},"properties":{"Infrastructure type":"BIKE_LANE","Direction":"Forward","Length (m)":720.4,"Source":"NTA Active Travel Cycle Network (Feb 2025)","_style_key":"BIKE_LANE"}},{"type":"Feature","id":3604,"geometry":{"type":"LineString","coordinates":[[-6.279907966594899,53.35000512291633],[-6.279913224864967,53.35052823588491]]},"properties":{"Infrastructure type":"BIKE_LANE","Direction":"Forward","Length (m)":59.9,"Source":"NTA Active Travel Cycle Network (Feb 2025)","_style_key":"BIKE_LANE"}},{"type":"Feature","id":3631,"geometry":{"type":"LineString","coordinates":[[-6.247838411327348,53.346574395776365],[-6.248388412599281,53.34540439564561],[-6.249207220082912,53.34411344514055]]},"properties":{"Infrastructure type":"BIKE_LANE","Direction":"Forward","Length (m)":289.0,"Source":"NTA Active Travel Cycle Network (Feb 2025)","_style_key":"BIKE_LANE"}},{"type":"Feature","id":3632,"geometry":{"type":"LineString","coordinates":[[-6.249514070503822,53.34378313259399],[-6.249352929589279,53.34413652745099]]},"properties":{"Infrastructure type":"BIKE_LANE","Direction":"Reverse","Length (m)":40.8,"Source":"NTA Active Travel Cycle Network (Feb 2025)","_style_key":"BIKE_LANE"}},{"type":"Feature","id":3633,"geometry":{"type":"LineString","coordinates":[[-6.2645192474026805,53.34414909318303],[-6.266428078555191,53.34413909526271],[-6.267785621761349,53.34400542475951],[-6.269945781012555,53.34357604813936],[-6.270154871792097,53.343242290290796]]},"properties":{"Infrastructure type":"BIKE_LANE","Direction":"Forward","Length (m)":411.2,"Source":"NTA Active Travel Cycle Network (Feb 2025)","_style_key":"BIKE_LANE"}},{"type":"Feature","id":3634,"geometry":{"type":"LineString","coordinates":[[-6.27197454961303,53.342821104030705],[-6.272797667915234,53.342982634702224]]},"properties":{"Infrastructure type":"BIKE_LANE","Direction":"Forward","Length (m)":57.8,"Source":"NTA Active Travel Cycle Network (Feb 2025)","_style_key":"BIKE_LANE"}},{"type":"Feature","id":3635,"geometry":{"type":"LineString","coordinates":[[-6.271673892954579,53.34282574242948],[-6.27197454961303,53.342821104030705]]},"properties":{"Infrastructure type":"BIKE_LANE","Direction":"Forward","Length (m)":20.0,"Source":"NTA Active Travel Cycle Network (Feb 2025)","_style_key":"BIKE_LANE"}},{"type":"Feature","id":3636,"geometry":{"type":"LineString","coordinates":[[-6.271873584328104,53.34301187915154],[-6.271673892954579,53.34282574242948]]},"properties":{"Infrastructure type":"BIKE_LANE","Direction":"Forward","Length (m)":25.7,"Source":"NTA Active Travel Cycle Network (Feb 2025)","_style_key":"BIKE_LANE"}},{"type":"Feature","id":3637,"geometry":{"type":"LineString","coordinates":[[-6.264346648027993,53.32991936687498],[-6.264334815438169,53.33000885671104]]},"properties":{"Infrastructure type":"BIKE_LANE","Direction":"Forward","Length (m)":10.0,"Source":"NTA Active Travel Cycle Network (Feb 2025)","_style_key":"BIKE_LANE"}},{"type":"Feature","id":3640,"geometry":{"type":"LineString","coordinates":[[-6.302297472734157,53.363002452279396],[-6.313957596772171,53.36687040614837],[-6.320318721993618,53.36838120360337],[-6.329597646574972,53.37144238923712]]},"properties":{"Infrastructure type":"BIKE_LANE","Direction":"Forward","Length (m)":2049.4,"Source":"NTA Active Travel Cycle Network (Feb 2025)","_style_key":"BIKE_LANE"}},{"type":"Feature","id":3641,"geometry":{"type":"LineString","coordinates":[[-6.265283651787406,53.378703274281634],[-6.265195714502995,53.37858948444252]]},"properties":{"Infrastructure type":"BIKE_LANE","Direction":"Forward","Length (m)":14.0,"Source":"NTA Active Travel Cycle Network (Feb 2025)","_style_key":"BIKE_LANE"}},{"type":"Feature","id":3642,"geometry":{"type":"LineString","coordinates":[[-6.2962700003291685,53.36087000111864],[-6.294679516482057,53.36028830753627],[-6.291169490560389,53.35863831676715],[-6.289619464068812,53.35782426231419],[-6.288666022426441,53.357194912669065]]},"properties":{"Infrastructure type":"BIKE_LANE","Direction":"Forward","Length (m)":653.5,"Source":"NTA Active Travel Cycle Network (Feb 2025)","_style_key":"BIKE_LANE"}},{"type":"Feature","id":3643,"geometry":{"type":"LineString","coordinates":[[-6.275237748536714,53.360666717156995],[-6.280061833951169,53.359305769621464]]},"properties":{"Infrastructure type":"BIKE_LANE","Direction":"Forward","Length (m)":355.2,"Source":"NTA Active Travel Cycle Network (Feb 2025)","_style_key":"BIKE_LANE"}},{"type":"Feature","id":3644,"geometry":{"type":"LineString","coordinates":[[-6.276315673886189,53.3446842301028],[-6.276060689184389,53.34528859416885]]},"properties":{"Infrastructure type":"BIKE_LANE","Direction":"Forward","Length (m)":70.3,"Source":"NTA Active Travel Cycle Network (Feb 2025)","_style_key":"BIKE_LANE"}},{"type":"Feature","id":3645,"geometry":{"type":"LineString","coordinates":[[-6.275524190631859,53.34575972386876],[-6.27578645805092,53.34523118188295]]},"properties":{"Infrastructure type":"BIKE_LANE","Direction":"Forward","Length (m)":63.7,"Source":"NTA Active Travel Cycle Network (Feb 2025)","_style_key":"BIKE_LANE"}},{"type":"Feature","id":3646,"geometry":{"type":"LineString","coordinates":[[-6.275494399923523,53.34582165806597],[-6.275524190631859,53.34575972386876]]},"properties":{"Infrastructure type":"BIKE_LANE","Direction":"Forward","Length (m)":7.2,"Source":"NTA Active Travel Cycle Network (Feb 2025)","_style_key":"BIKE_LANE"}},{"type":"Feature","id":3647,"geometry":{"type":"LineString","coordinates":[[-6.279177371872959,53.342786029845385],[-6.282310012346262,53.343324992671576],[-6.285842225960208,53.34352871780574]]},"properties":{"Infrastructure type":"BIKE_LANE","Direction":"Forward","Length (m)":454.0,"Source":"NTA Active Travel Cycle Network (Feb 2025)","_style_key":"BIKE_LANE"}},{"type":"Feature","id":3648,"geometry":{"type":"LineString","coordinates":[[-6.269828026649392,53.35120214880559],[-6.268089946953357,53.353086158761464],[-6.266861867252058,53.3541713764128]]},"properties":{"Infrastructure type":"BIKE_LANE","Direction":"Forward","Length (m)":385.7,"Source":"NTA Active Travel Cycle Network (Feb 2025)","_style_key":"BIKE_LANE"}},{"type":"Feature","id":3649,"geometry":{"type":"LineString","coordinates":[[-6.273614713170897,53.35008038284819],[-6.274456210205576,53.35005704099225]]},"properties":{"Infrastructure type":"BIKE_LANE","Direction":"Forward","Length (m)":56.1,"Source":"NTA Active Travel Cycle Network (Feb 2025)","_style_key":"BIKE_LANE"}},{"type":"Feature","id":3650,"geometry":{"type":"LineString","coordinates":[[-6.274456210205576,53.35005704099225],[-6.274713851180819,53.35007189759409]]},"properties":{"Infrastructure type":"BIKE_LANE","Direction":"Forward","Length (m)":17.2,"Source":"NTA Active Travel Cycle Network (Feb 2025)","_style_key":"BIKE_LANE"}},{"type":"Feature","id":3651,"geometry":{"type":"LineString","coordinates":[[-6.219266449669278,53.366830875559906],[-6.217344482076827,53.36725321130504],[-6.21506309288958,53.3673615480635],[-6.213284253362165,53.36779078796604],[-6.2105518183744675,53.36888781426033],[-6.208705224961019,53.369903593546475]]},"properties":{"Infrastructure type":"BIKE_LANE","Direction":"Forward","Length (m)":804.7,"Source":"NTA Active Travel Cycle Network (Feb 2025)","_style_key":"BIKE_LANE"}},{"type":"Feature","id":3652,"geometry":{"type":"LineString","coordinates":[[-6.22355869601863,53.36603522124595],[-6.221597025328725,53.36668493097701],[-6.219211442215105,53.366777270941796]]},"properties":{"Infrastructure type":"BIKE_LANE","Direction":"Forward","Length (m)":309.3,"Source":"NTA Active Travel Cycle Network (Feb 2025)","_style_key":"BIKE_LANE"}},{"type":"Feature","id":3653,"geometry":{"type":"LineString","coordinates":[[-6.2267821908348395,53.36464128392663],[-6.227708291038833,53.36421292629538]]},"properties":{"Infrastructure type":"BIKE_LANE","Direction":"Forward","Length (m)":77.9,"Source":"NTA Active Travel Cycle Network (Feb 2025)","_style_key":"BIKE_LANE"}},{"type":"Feature","id":3654,"geometry":{"type":"LineString","coordinates":[[-6.178380227173212,53.37990641683351],[-6.176725807195141,53.38032055120207],[-6.173272156088796,53.38043582845601],[-6.169515335557281,53.379936269223236],[-6.16625179695352,53.37992754229677],[-6.160681269320494,53.3804681092279],[-6.156357001774569,53.381097578235014],[-6.150715367968092,53.38206038050901]]},"properties":{"Infrastructure type":"BIKE_LANE","Direction":"Forward","Length (m)":1892.3,"Source":"NTA Active Travel Cycle Network (Feb 2025)","_style_key":"BIKE_LANE"}},{"type":"Feature","id":3655,"geometry":{"type":"LineString","coordinates":[[-6.161252503325421,53.390911897567364],[-6.159650896997452,53.390826588950056],[-6.15368205609712,53.38967445290492]]},"properties":{"Infrastructure type":"BIKE_LANE","Direction":"Forward","Length (m)":525.2,"Source":"NTA Active Travel Cycle Network (Feb 2025)","_style_key":"BIKE_LANE"}},{"type":"Feature","id":3656,"geometry":{"type":"LineString","coordinates":[[-6.143199270581866,53.38485960977296],[-6.143703102676635,53.38523551568407],[-6.145345499373652,53.385788296687096],[-6.147130377562108,53.38675818986633],[-6.150515951643828,53.38809237431316],[-6.152887775847239,53.38929231180199],[-6.153745560821981,53.389628268705366]]},"properties":{"Infrastructure type":"BIKE_LANE","Direction":"Forward","Length (m)":885.1,"Source":"NTA Active Travel Cycle Network (Feb 2025)","_style_key":"BIKE_LANE"}},{"type":"Feature","id":3657,"geometry":{"type":"LineString","coordinates":[[-6.15336032994064,53.38956160569113],[-6.150426537694213,53.38812988437197],[-6.14718244813333,53.3868676405918],[-6.145262067037689,53.3858412117667],[-6.1433898695990745,53.38516457293265],[-6.1430321757416975,53.38492909930839]]},"properties":{"Infrastructure type":"BIKE_LANE","Direction":"Forward","Length (m)":862.6,"Source":"NTA Active Travel Cycle Network (Feb 2025)","_style_key":"BIKE_LANE"}},{"type":"Feature","id":3658,"geometry":{"type":"LineString","coordinates":[[-6.153745560821981,53.389628268705366],[-6.1596505995192885,53.390762672004215],[-6.1612621221383534,53.39085883923782]]},"properties":{"Infrastructure type":"BIKE_LANE","Direction":"Forward","Length (m)":521.3,"Source":"NTA Active Travel Cycle Network (Feb 2025)","_style_key":"BIKE_LANE"}},{"type":"Feature","id":3660,"geometry":{"type":"LineString","coordinates":[[-6.1430321757416975,53.38492909930839],[-6.143199270581866,53.38485960977296]]},"properties":{"Infrastructure type":"BIKE_FRIENDLY_PEDESTRIAN_PATH","Direction":"Forward","Length (m)":13.5,"Source":"NTA Active Travel Cycle Network (Feb 2025)","_style_key":"BIKE_FRIENDLY_PEDESTRIAN_PATH"}},{"type":"Feature","id":3661,"geometry":{"type":"LineString","coordinates":[[-6.143199270581866,53.38485960977296],[-6.1431083160961055,53.384704865468414],[-6.142952599683489,53.384719500592404]]},"properties":{"Infrastructure type":"BIKE_FRIENDLY_PEDESTRIAN_PATH","Direction":"Forward","Length (m)":30.1,"Source":"NTA Active Travel Cycle Network (Feb 2025)","_style_key":"BIKE_FRIENDLY_PEDESTRIAN_PATH"}},{"type":"Feature","id":3663,"geometry":{"type":"LineString","coordinates":[[-6.246344540717792,53.339666165295434],[-6.247038270059456,53.3399326144376]]},"properties":{"Infrastructure type":"BIKE_LANE","Direction":"Forward","Length (m)":54.9,"Source":"NTA Active Travel Cycle Network (Feb 2025)","_style_key":"BIKE_LANE"}},{"type":"Feature","id":3664,"geometry":{"type":"LineString","coordinates":[[-6.246277837396851,53.339518196284686],[-6.246489323568076,53.33956568840275]]},"properties":{"Infrastructure type":"BIKE_LANE","Direction":"Forward","Length (m)":15.0,"Source":"NTA Active Travel Cycle Network (Feb 2025)","_style_key":"BIKE_LANE"}},{"type":"Feature","id":3665,"geometry":{"type":"LineString","coordinates":[[-6.246344540717792,53.339666165295434],[-6.246489323568076,53.33956568840275]]},"properties":{"Infrastructure type":"BIKE_LANE","Direction":"Forward","Length (m)":14.8,"Source":"NTA Active Travel Cycle Network (Feb 2025)","_style_key":"BIKE_LANE"}},{"type":"Feature","id":3687,"geometry":{"type":"LineString","coordinates":[[-6.245699318342996,53.39378693774212],[-6.245926254115932,53.39280913323759]]},"properties":{"Infrastructure type":"BIKE_LANE","Direction":"Forward","Length (m)":109.9,"Source":"NTA Active Travel Cycle Network (Feb 2025)","_style_key":"BIKE_LANE"}},{"type":"Feature","id":3689,"geometry":{"type":"LineString","coordinates":[[-6.244228868193769,53.398244870658765],[-6.243889683443105,53.39836556603149],[-6.243421226683457,53.398308911264664]]},"properties":{"Infrastructure type":"BIKE_LANE","Direction":"Forward","Length (m)":59.3,"Source":"NTA Active Travel Cycle Network (Feb 2025)","_style_key":"BIKE_LANE"}},{"type":"Feature","id":3690,"geometry":{"type":"LineString","coordinates":[[-6.242445428528114,53.398145486859846],[-6.243421226683457,53.398308911264664]]},"properties":{"Infrastructure type":"BIKE_LANE","Direction":"Forward","Length (m)":67.4,"Source":"NTA Active Travel Cycle Network (Feb 2025)","_style_key":"BIKE_LANE"}},{"type":"Feature","id":3692,"geometry":{"type":"MultiLineString","coordinates":[[[-6.243846222899672,53.39879012866122],[-6.243980375270847,53.399855550049516]],[[-6.244902153820147,53.39726850398026],[-6.244228868193769,53.398244870658765]]]},"properties":{"Infrastructure type":"BIKE_LANE","Direction":"Forward","Length (m)":236.9,"Source":"NTA Active Travel Cycle Network (Feb 2025)","_style_key":"BIKE_LANE"}},{"type":"Feature","id":3693,"geometry":{"type":"LineString","coordinates":[[-6.244228868193769,53.398244870658765],[-6.243846222899672,53.39879012866122]]},"properties":{"Infrastructure type":"BIKE_LANE","Direction":"Forward","Length (m)":66.0,"Source":"NTA Active Travel Cycle Network (Feb 2025)","_style_key":"BIKE_LANE"}},{"type":"Feature","id":3695,"geometry":{"type":"LineString","coordinates":[[-6.226329999548582,53.36844000087422],[-6.226373802340546,53.36860632022089]]},"properties":{"Infrastructure type":"BIKE_LANE","Direction":"Forward","Length (m)":18.7,"Source":"NTA Active Travel Cycle Network (Feb 2025)","_style_key":"BIKE_LANE"}},{"type":"Feature","id":3705,"geometry":{"type":"LineString","coordinates":[[-6.216595813410924,53.3842003515214],[-6.221643316089469,53.38459728679698],[-6.225856435326577,53.38536410812251],[-6.228075637872035,53.38560771738435],[-6.231171490993429,53.38561592522995],[-6.2327585304330535,53.38545895910813],[-6.235714308430471,53.38475762191579],[-6.236521856046735,53.384290656851896],[-6.23690839717601,53.38390360107721],[-6.238618023271556,53.38153903365524],[-6.239181857188238,53.381000657737275]]},"properties":{"Infrastructure type":"BIKE_LANE","Direction":"Forward","Length (m)":1790.3,"Source":"NTA Active Travel Cycle Network (Feb 2025)","_style_key":"BIKE_LANE"}},{"type":"Feature","id":3712,"geometry":{"type":"LineString","coordinates":[[-6.376820086682675,53.34453350717584],[-6.375026084258476,53.34418368329559],[-6.369899392527403,53.343665218356044]]},"properties":{"Infrastructure type":"BIKE_LANE","Direction":"Forward","Length (m)":474.6,"Source":"NTA Active Travel Cycle Network (Feb 2025)","_style_key":"BIKE_LANE"}},{"type":"Feature","id":3722,"geometry":{"type":"LineString","coordinates":[[-6.267737824138453,53.35674862646592],[-6.269712564183967,53.35893292759921],[-6.269732564111453,53.359322927428785],[-6.269538104594002,53.36052403606769]]},"properties":{"Infrastructure type":"BIKE_LANE","Direction":"Forward","Length (m)":454.9,"Source":"NTA Active Travel Cycle Network (Feb 2025)","_style_key":"BIKE_LANE"}},{"type":"Feature","id":3723,"geometry":{"type":"LineString","coordinates":[[-6.2652762898338485,53.356129991673114],[-6.267737824138453,53.35674862646592]]},"properties":{"Infrastructure type":"BIKE_LANE","Direction":"Forward","Length (m)":177.9,"Source":"NTA Active Travel Cycle Network (Feb 2025)","_style_key":"BIKE_LANE"}},{"type":"Feature","id":3724,"geometry":{"type":"MultiLineString","coordinates":[[[-6.261199783868578,53.35980976292109],[-6.25080977553066,53.357659758102166]],[[-6.250759776664257,53.357649757504916],[-6.250119776892738,53.35737975699517],[-6.24669371131168,53.35482110130487]]]},"properties":{"Infrastructure type":"BIKE_LANE","Direction":"Forward","Length (m)":1149.6,"Source":"NTA Active Travel Cycle Network (Feb 2025)","_style_key":"BIKE_LANE"}},{"type":"Feature","id":3725,"geometry":{"type":"LineString","coordinates":[[-6.246536715855576,53.354697139158965],[-6.241983158245417,53.3512978902916],[-6.240794217315783,53.35045733441415],[-6.240634669406811,53.35043702627986]]},"properties":{"Infrastructure type":"BIKE_LANE","Direction":"Forward","Length (m)":618.5,"Source":"NTA Active Travel Cycle Network (Feb 2025)","_style_key":"BIKE_LANE"}},{"type":"Feature","id":3726,"geometry":{"type":"LineString","coordinates":[[-6.24669371131168,53.35482110130487],[-6.246536715855576,53.354697139158965]]},"properties":{"Infrastructure type":"BIKE_LANE","Direction":"Forward","Length (m)":17.3,"Source":"NTA Active Travel Cycle Network (Feb 2025)","_style_key":"BIKE_LANE"}},{"type":"Feature","id":3727,"geometry":{"type":"LineString","coordinates":[[-6.246608817167168,53.354621897642396],[-6.246814700263549,53.35474070068817]]},"properties":{"Infrastructure type":"BIKE_LANE","Direction":"Forward","Length (m)":19.2,"Source":"NTA Active Travel Cycle Network (Feb 2025)","_style_key":"BIKE_LANE"}},{"type":"Feature","id":3741,"geometry":{"type":"LineString","coordinates":[[-6.268382951269989,53.370288784286934],[-6.269022951903906,53.36965878528933],[-6.270582952463135,53.36724878582261]]},"properties":{"Infrastructure type":"BIKE_LANE","Direction":"Forward","Length (m)":370.0,"Source":"NTA Active Travel Cycle Network (Feb 2025)","_style_key":"BIKE_LANE"}},{"type":"Feature","id":3742,"geometry":{"type":"LineString","coordinates":[[-6.268792711109663,53.37012610489219],[-6.268611018251624,53.370450576339735],[-6.268654696463155,53.3705918337525]]},"properties":{"Infrastructure type":"BIKE_LANE","Direction":"Forward","Length (m)":54.1,"Source":"NTA Active Travel Cycle Network (Feb 2025)","_style_key":"BIKE_LANE"}},{"type":"Feature","id":3743,"geometry":{"type":"LineString","coordinates":[[-6.268792711109663,53.37012610489219],[-6.268487118391123,53.37036193690678]]},"properties":{"Infrastructure type":"BIKE_LANE","Direction":"Forward","Length (m)":33.2,"Source":"NTA Active Travel Cycle Network (Feb 2025)","_style_key":"BIKE_LANE"}},{"type":"Feature","id":3746,"geometry":{"type":"LineString","coordinates":[[-6.210419166901323,53.37994120181643],[-6.211627723482959,53.38083366146513],[-6.213033369181488,53.3828840485569],[-6.213525550041044,53.38334880885727],[-6.214753891386862,53.38394024946053],[-6.215579751037865,53.38412933282111],[-6.216595813410924,53.3842003515214]]},"properties":{"Infrastructure type":"BIKE_LANE","Direction":"Forward","Length (m)":671.2,"Source":"NTA Active Travel Cycle Network (Feb 2025)","_style_key":"BIKE_LANE"}},{"type":"Feature","id":3789,"geometry":{"type":"LineString","coordinates":[[-6.205804560147898,53.382780907101065],[-6.206754143191642,53.38239847127277],[-6.207972002879855,53.3815852407801]]},"properties":{"Infrastructure type":"BIKE_LANE","Direction":"Forward","Length (m)":198.2,"Source":"NTA Active Travel Cycle Network (Feb 2025)","_style_key":"BIKE_LANE"}},{"type":"Feature","id":3790,"geometry":{"type":"LineString","coordinates":[[-6.2090824068730655,53.38085704482302],[-6.207208937516834,53.38230578780034],[-6.206024079748797,53.382896435463415]]},"properties":{"Infrastructure type":"BIKE_LANE","Direction":"Forward","Length (m)":306.9,"Source":"NTA Active Travel Cycle Network (Feb 2025)","_style_key":"BIKE_LANE"}},{"type":"Feature","id":3791,"geometry":{"type":"LineString","coordinates":[[-6.210419166901323,53.37994120181643],[-6.210258876557218,53.380026292375675]]},"properties":{"Infrastructure type":"BIKE_LANE","Direction":"Forward","Length (m)":14.3,"Source":"NTA Active Travel Cycle Network (Feb 2025)","_style_key":"BIKE_LANE"}},{"type":"Feature","id":3834,"geometry":{"type":"LineString","coordinates":[[-6.225812747828641,53.341280298185524],[-6.226555878134098,53.341880345468375],[-6.227867508649867,53.34176867687802]]},"properties":{"Infrastructure type":"BIKE_LANE","Direction":"Forward","Length (m)":173.6,"Source":"NTA Active Travel Cycle Network (Feb 2025)","_style_key":"BIKE_LANE"}},{"type":"Feature","id":3835,"geometry":{"type":"LineString","coordinates":[[-6.274087309355319,53.368364309346916],[-6.273151640447159,53.36794994185253]]},"properties":{"Infrastructure type":"BIKE_LANE","Direction":"Forward","Length (m)":78.2,"Source":"NTA Active Travel Cycle Network (Feb 2025)","_style_key":"BIKE_LANE"}},{"type":"Feature","id":3841,"geometry":{"type":"LineString","coordinates":[[-6.3210687690033325,53.32479967998771],[-6.321741662128009,53.32473218965714]]},"properties":{"Infrastructure type":"BIKE_LANE","Direction":"Forward","Length (m)":45.5,"Source":"NTA Active Travel Cycle Network (Feb 2025)","_style_key":"BIKE_LANE"}},{"type":"Feature","id":3843,"geometry":{"type":"LineString","coordinates":[[-6.285841772464514,53.33995100105717],[-6.284661275175743,53.34040402713302],[-6.282721773437179,53.340771003539345],[-6.282122844141852,53.34105889358447],[-6.281956587264253,53.341213932225855],[-6.281861775015186,53.34149100443695]]},"properties":{"Infrastructure type":"BIKE_LANE","Direction":"Forward","Length (m)":332.9,"Source":"NTA Active Travel Cycle Network (Feb 2025)","_style_key":"BIKE_LANE"}},{"type":"Feature","id":3862,"geometry":{"type":"LineString","coordinates":[[-6.298697701032477,53.33636708953388],[-6.298259595457453,53.33616793885822],[-6.296336682655341,53.33571350519143]]},"properties":{"Infrastructure type":"BIKE_LANE","Direction":"Forward","Length (m)":174.5,"Source":"NTA Active Travel Cycle Network (Feb 2025)","_style_key":"BIKE_LANE"}},{"type":"Feature","id":3867,"geometry":{"type":"LineString","coordinates":[[-6.244487999657554,53.35628660069361],[-6.2446335001053805,53.3563602013368]]},"properties":{"Infrastructure type":"BIKE_FRIENDLY_PEDESTRIAN_PATH","Direction":"Forward","Length (m)":12.7,"Source":"NTA Active Travel Cycle Network (Feb 2025)","_style_key":"BIKE_FRIENDLY_PEDESTRIAN_PATH"}},{"type":"Feature","id":3868,"geometry":{"type":"LineString","coordinates":[[-6.241057024722948,53.34765790266781],[-6.237120999693981,53.34740200124801]]},"properties":{"Infrastructure type":"BIKE_LANE","Direction":"Forward","Length (m)":263.7,"Source":"NTA Active Travel Cycle Network (Feb 2025)","_style_key":"BIKE_LANE"}},{"type":"Feature","id":3869,"geometry":{"type":"LineString","coordinates":[[-6.238549413891838,53.34356234852428],[-6.238457005511187,53.34393198522248]]},"properties":{"Infrastructure type":"BIKE_FRIENDLY_PEDESTRIAN_PATH","Direction":"Bi-Directional","Length (m)":41.6,"Source":"NTA Active Travel Cycle Network (Feb 2025)","_style_key":"BIKE_FRIENDLY_PEDESTRIAN_PATH"}},{"type":"Feature","id":3870,"geometry":{"type":"LineString","coordinates":[[-6.238457005511187,53.34393198522248],[-6.238381449624372,53.34423420520873]]},"properties":{"Infrastructure type":"BIKE_FRIENDLY_PEDESTRIAN_PATH","Direction":"Bi-Directional","Length (m)":34.0,"Source":"NTA Active Travel Cycle Network (Feb 2025)","_style_key":"BIKE_FRIENDLY_PEDESTRIAN_PATH"}},{"type":"Feature","id":3871,"geometry":{"type":"LineString","coordinates":[[-6.231759732920906,53.32930203674772],[-6.231892172415899,53.32935589761273]]},"properties":{"Infrastructure type":"BIKE_LANE","Direction":"Forward","Length (m)":10.7,"Source":"NTA Active Travel Cycle Network (Feb 2025)","_style_key":"BIKE_LANE"}},{"type":"Feature","id":3900,"geometry":{"type":"LineString","coordinates":[[-6.306629368539051,53.33675560481044],[-6.30817331637658,53.3381667192723],[-6.308185665604531,53.33836441781717],[-6.3077676345990925,53.33964763837705]]},"properties":{"Infrastructure type":"BIKE_LANE","Direction":"Forward","Length (m)":355.5,"Source":"NTA Active Travel Cycle Network (Feb 2025)","_style_key":"BIKE_LANE"}},{"type":"Feature","id":3901,"geometry":{"type":"LineString","coordinates":[[-6.328170736361517,53.33425436226802],[-6.328526188844861,53.33419728692593]]},"properties":{"Infrastructure type":"BIKE_FRIENDLY_PEDESTRIAN_PATH","Direction":"Forward","Length (m)":31.0,"Source":"NTA Active Travel Cycle Network (Feb 2025)","_style_key":"BIKE_FRIENDLY_PEDESTRIAN_PATH"}},{"type":"Feature","id":3906,"geometry":{"type":"LineString","coordinates":[[-6.2908633055897605,53.34744272668551],[-6.290907999336274,53.34748900114516]]},"properties":{"Infrastructure type":"BIKE_LANE","Direction":"Forward","Length (m)":5.9,"Source":"NTA Active Travel Cycle Network (Feb 2025)","_style_key":"BIKE_LANE"}},{"type":"Feature","id":3907,"geometry":{"type":"LineString","coordinates":[[-6.2908633055897605,53.34744272668551],[-6.29058202025098,53.34751630716687]]},"properties":{"Infrastructure type":"BIKE_LANE","Direction":"Forward","Length (m)":20.6,"Source":"NTA Active Travel Cycle Network (Feb 2025)","_style_key":"BIKE_LANE"}},{"type":"Feature","id":3908,"geometry":{"type":"LineString","coordinates":[[-6.282768446472578,53.34638898098037],[-6.282529999501095,53.34688000033455]]},"properties":{"Infrastructure type":"BIKE_LANE","Direction":"Forward","Length (m)":57.0,"Source":"NTA Active Travel Cycle Network (Feb 2025)","_style_key":"BIKE_LANE"}},{"type":"Feature","id":3909,"geometry":{"type":"LineString","coordinates":[[-6.259442722928758,53.34755460705942],[-6.259316564129442,53.34758658970859]]},"properties":{"Infrastructure type":"BIKE_LANE","Direction":"Forward","Length (m)":9.1,"Source":"NTA Active Travel Cycle Network (Feb 2025)","_style_key":"BIKE_LANE"}},{"type":"Feature","id":3915,"geometry":{"type":"LineString","coordinates":[[-6.270154871792097,53.343242290290796],[-6.27034842663292,53.343102806740994],[-6.271673892954579,53.34282574242948]]},"properties":{"Infrastructure type":"BIKE_LANE","Direction":"Forward","Length (m)":113.7,"Source":"NTA Active Travel Cycle Network (Feb 2025)","_style_key":"BIKE_LANE"}},{"type":"Feature","id":3923,"geometry":{"type":"LineString","coordinates":[[-6.161554243775142,53.39837425105202],[-6.161789849688776,53.39838778617981]]},"properties":{"Infrastructure type":"BIKE_FRIENDLY_PEDESTRIAN_PATH","Direction":"Forward","Length (m)":15.7,"Source":"NTA Active Travel Cycle Network (Feb 2025)","_style_key":"BIKE_FRIENDLY_PEDESTRIAN_PATH"}},{"type":"Feature","id":3924,"geometry":{"type":"LineString","coordinates":[[-6.16154815892203,53.39927326670305],[-6.161821169458692,53.39928496446867]]},"properties":{"Infrastructure type":"BIKE_FRIENDLY_PEDESTRIAN_PATH","Direction":"Bi-Directional","Length (m)":18.2,"Source":"NTA Active Travel Cycle Network (Feb 2025)","_style_key":"BIKE_FRIENDLY_PEDESTRIAN_PATH"}},{"type":"Feature","id":3925,"geometry":{"type":"LineString","coordinates":[[-6.16248231560207,53.3989233509664],[-6.162365071344274,53.399115016717715]]},"properties":{"Infrastructure type":"BIKE_FRIENDLY_PEDESTRIAN_PATH","Direction":"Forward","Length (m)":22.7,"Source":"NTA Active Travel Cycle Network (Feb 2025)","_style_key":"BIKE_FRIENDLY_PEDESTRIAN_PATH"}},{"type":"Feature","id":4227,"geometry":{"type":"LineString","coordinates":[[-6.162065459575772,53.40818556578111],[-6.161866551121025,53.408181006851834]]},"properties":{"Infrastructure type":"BIKE_LANE","Direction":"Forward","Length (m)":13.2,"Source":"NTA Active Travel Cycle Network (Feb 2025)","_style_key":"BIKE_LANE"}},{"type":"Feature","id":4228,"geometry":{"type":"LineString","coordinates":[[-6.161906931105038,53.4081157821479],[-6.162094446813181,53.40812315868163]]},"properties":{"Infrastructure type":"BIKE_LANE","Direction":"Forward","Length (m)":12.5,"Source":"NTA Active Travel Cycle Network (Feb 2025)","_style_key":"BIKE_LANE"}},{"type":"Feature","id":4229,"geometry":{"type":"LineString","coordinates":[[-6.162094446813181,53.40812315868163],[-6.162065459575772,53.40818556578111]]},"properties":{"Infrastructure type":"BIKE_LANE","Direction":"Forward","Length (m)":7.2,"Source":"NTA Active Travel Cycle Network (Feb 2025)","_style_key":"BIKE_LANE"}},{"type":"Feature","id":4230,"geometry":{"type":"LineString","coordinates":[[-6.161866551121025,53.408181006851834],[-6.161906931105038,53.4081157821479]]},"properties":{"Infrastructure type":"BIKE_LANE","Direction":"Forward","Length (m)":7.7,"Source":"NTA Active Travel Cycle Network (Feb 2025)","_style_key":"BIKE_LANE"}},{"type":"Feature","id":4231,"geometry":{"type":"LineString","coordinates":[[-6.161282133299956,53.408085209370725],[-6.161906931105038,53.4081157821479]]},"properties":{"Infrastructure type":"BIKE_LANE","Direction":"Forward","Length (m)":41.7,"Source":"NTA Active Travel Cycle Network (Feb 2025)","_style_key":"BIKE_LANE"}},{"type":"Feature","id":4232,"geometry":{"type":"LineString","coordinates":[[-6.161866551121025,53.408181006851834],[-6.161272715960252,53.40815839340651]]},"properties":{"Infrastructure type":"BIKE_LANE","Direction":"Forward","Length (m)":39.6,"Source":"NTA Active Travel Cycle Network (Feb 2025)","_style_key":"BIKE_LANE"}},{"type":"Feature","id":4233,"geometry":{"type":"LineString","coordinates":[[-6.161707378515726,53.40841650156638],[-6.161866551121025,53.408181006851834]]},"properties":{"Infrastructure type":"BIKE_LANE","Direction":"Forward","Length (m)":28.3,"Source":"NTA Active Travel Cycle Network (Feb 2025)","_style_key":"BIKE_LANE"}},{"type":"Feature","id":4234,"geometry":{"type":"LineString","coordinates":[[-6.162065459575772,53.40818556578111],[-6.16196063337969,53.408322379590906]]},"properties":{"Infrastructure type":"BIKE_LANE","Direction":"Forward","Length (m)":16.7,"Source":"NTA Active Travel Cycle Network (Feb 2025)","_style_key":"BIKE_LANE"}},{"type":"Feature","id":4235,"geometry":{"type":"LineString","coordinates":[[-6.162415280055167,53.407681387318654],[-6.162094446813181,53.40812315868163]]},"properties":{"Infrastructure type":"BIKE_LANE","Direction":"Forward","Length (m)":53.7,"Source":"NTA Active Travel Cycle Network (Feb 2025)","_style_key":"BIKE_LANE"}},{"type":"Feature","id":4236,"geometry":{"type":"LineString","coordinates":[[-6.162094446813181,53.40812315868163],[-6.162419392622123,53.4081378877606]]},"properties":{"Infrastructure type":"BIKE_LANE","Direction":"Forward","Length (m)":21.7,"Source":"NTA Active Travel Cycle Network (Feb 2025)","_style_key":"BIKE_LANE"}},{"type":"Feature","id":4237,"geometry":{"type":"LineString","coordinates":[[-6.162407730768916,53.4082050512044],[-6.162065459575772,53.40818556578111]]},"properties":{"Infrastructure type":"BIKE_LANE","Direction":"Forward","Length (m)":22.9,"Source":"NTA Active Travel Cycle Network (Feb 2025)","_style_key":"BIKE_LANE"}},{"type":"Feature","id":4238,"geometry":{"type":"LineString","coordinates":[[-6.161906931105038,53.4081157821479],[-6.162148979742962,53.407729666588466]]},"properties":{"Infrastructure type":"BIKE_LANE","Direction":"Forward","Length (m)":46.3,"Source":"NTA Active Travel Cycle Network (Feb 2025)","_style_key":"BIKE_LANE"}},{"type":"Feature","id":4248,"geometry":{"type":"LineString","coordinates":[[-6.16196063337969,53.408322379590906],[-6.161364812005184,53.40910521972976],[-6.160954815265358,53.410273308563276]]},"properties":{"Infrastructure type":"SEPARATE_TRAIL","Direction":"Forward","Length (m)":228.9,"Source":"NTA Active Travel Cycle Network (Feb 2025)","_style_key":"SEPARATE_TRAIL"}},{"type":"Feature","id":4249,"geometry":{"type":"LineString","coordinates":[[-6.160679566523499,53.41049953116521],[-6.161041306499672,53.409265930295525],[-6.161707378515726,53.40841650156638]]},"properties":{"Infrastructure type":"SEPARATE_TRAIL","Direction":"Forward","Length (m)":244.4,"Source":"NTA Active Travel Cycle Network (Feb 2025)","_style_key":"SEPARATE_TRAIL"}},{"type":"Feature","id":4250,"geometry":{"type":"LineString","coordinates":[[-6.162419392622123,53.4081378877606],[-6.163280310819352,53.40813766733771]]},"properties":{"Infrastructure type":"BIKE_LANE","Direction":"Forward","Length (m)":57.5,"Source":"NTA Active Travel Cycle Network (Feb 2025)","_style_key":"BIKE_LANE"}},{"type":"Feature","id":4251,"geometry":{"type":"LineString","coordinates":[[-6.163280310819352,53.40813766733771],[-6.163657036627447,53.408138418516124]]},"properties":{"Infrastructure type":"BIKE_FRIENDLY_PEDESTRIAN_PATH","Direction":"Forward","Length (m)":25.3,"Source":"NTA Active Travel Cycle Network (Feb 2025)","_style_key":"BIKE_FRIENDLY_PEDESTRIAN_PATH"}},{"type":"Feature","id":4295,"geometry":{"type":"LineString","coordinates":[[-6.2325654501152385,53.31967378175269],[-6.232029900396051,53.320052601074515],[-6.232165599458828,53.32144410087735],[-6.233736299306818,53.32292490133507],[-6.234019100644709,53.32331460079636],[-6.234375664840287,53.323393122233966]]},"properties":{"Infrastructure type":"NON_TRAFFIC_TRAIL","Direction":"Bi-Directional","Length (m)":482.4,"Source":"NTA Active Travel Cycle Network (Feb 2025)","_style_key":"NON_TRAFFIC_TRAIL"}},{"type":"Feature","id":4316,"geometry":{"type":"LineString","coordinates":[[-6.21330150006821,53.360750201341],[-6.2121205997147,53.36045570063805],[-6.210996499430161,53.360326201335546],[-6.207657699393867,53.36012780123135],[-6.2060772356320495,53.3601799876226]]},"properties":{"Infrastructure type":"SEPARATE_TRAIL","Direction":"Bi-Directional","Length (m)":490.6,"Source":"NTA Active Travel Cycle Network (Feb 2025)","_style_key":"SEPARATE_TRAIL"}},{"type":"Feature","id":4317,"geometry":{"type":"LineString","coordinates":[[-6.220337822283603,53.3626329941348],[-6.219104000065752,53.36244700071633],[-6.217018631349877,53.361815862772175],[-6.216214999733453,53.36180270086245],[-6.214546399742071,53.36113440051652],[-6.21330150006821,53.360750201341]]},"properties":{"Infrastructure type":"SEPARATE_TRAIL","Direction":"Bi-Directional","Length (m)":521.7,"Source":"NTA Active Travel Cycle Network (Feb 2025)","_style_key":"SEPARATE_TRAIL"}},{"type":"Feature","id":4318,"geometry":{"type":"LineString","coordinates":[[-6.221765149584852,53.36307124264049],[-6.2216779001188485,53.362909501344305],[-6.2218861995730395,53.362801801338826],[-6.222334699278941,53.36212650092863],[-6.2229087993777075,53.361686601217144],[-6.223628099708469,53.36137600131374],[-6.2246232000273425,53.36117180122716],[-6.227211099346004,53.36111570071975],[-6.228793999879786,53.36090640046499],[-6.230486600290184,53.36037920125693],[-6.231704600032632,53.35966550063444]]},"properties":{"Infrastructure type":"SEPARATE_TRAIL","Direction":"Bi-Directional","Length (m)":833.8,"Source":"NTA Active Travel Cycle Network (Feb 2025)","_style_key":"SEPARATE_TRAIL"}},{"type":"Feature","id":4321,"geometry":{"type":"LineString","coordinates":[[-6.222657899989025,53.36319550074013],[-6.2244099267507105,53.36354274574806]]},"properties":{"Infrastructure type":"SEPARATE_TRAIL","Direction":"Forward","Length (m)":123.4,"Source":"NTA Active Travel Cycle Network (Feb 2025)","_style_key":"SEPARATE_TRAIL"}},{"type":"Feature","id":4322,"geometry":{"type":"LineString","coordinates":[[-6.221765149584852,53.36307124264049],[-6.222657899989025,53.36319550074013]]},"properties":{"Infrastructure type":"SEPARATE_TRAIL","Direction":"Bi-Directional","Length (m)":61.6,"Source":"NTA Active Travel Cycle Network (Feb 2025)","_style_key":"SEPARATE_TRAIL"}},{"type":"Feature","id":4326,"geometry":{"type":"LineString","coordinates":[[-6.1496767724903725,53.38218206107658],[-6.151114400435836,53.381401700483934],[-6.157227300280837,53.37875470131182],[-6.158490299553417,53.37811960064367],[-6.160488199267299,53.37689880046984],[-6.162968899708111,53.375117800848585],[-6.1638426006831475,53.37444420120042],[-6.164101800073858,53.373933601234036]]},"properties":{"Infrastructure type":"SEPARATE_TRAIL","Direction":"Bi-Directional","Length (m)":1345.0,"Source":"NTA Active Travel Cycle Network (Feb 2025)","_style_key":"SEPARATE_TRAIL"}},{"type":"Feature","id":4327,"geometry":{"type":"LineString","coordinates":[[-6.124541353229498,53.38833500916182],[-6.127900699974294,53.38797450115875],[-6.131309099477199,53.38745110073311],[-6.140361899278526,53.385468601136715],[-6.142952599683489,53.384719500592404]]},"properties":{"Infrastructure type":"SEPARATE_TRAIL","Direction":"Bi-Directional","Length (m)":1294.7,"Source":"NTA Active Travel Cycle Network (Feb 2025)","_style_key":"SEPARATE_TRAIL"}},{"type":"Feature","id":4330,"geometry":{"type":"MultiLineString","coordinates":[[[-6.198684799652696,53.359406401305286],[-6.198886600017931,53.35952010103051],[-6.20345909945969,53.36022580132269],[-6.2060772356320495,53.3601799876226]],[[-6.164258600540901,53.3738052006741],[-6.164957599986321,53.37356640045664],[-6.165335099941356,53.37324180060506],[-6.166534299995318,53.3714413007443],[-6.166713899657632,53.371292000966655]],[[-6.178384899479616,53.362889701283734],[-6.1782915994000485,53.362839601320616]],[[-6.204323000289564,53.36025290115288],[-6.20345909945969,53.36022580132269],[-6.198886600017931,53.35952010103051],[-6.198541999581269,53.35932920047008],[-6.1970210004329,53.35902930094543],[-6.1966214002706685,53.359062600873166],[-6.194537599332061,53.35825300064362],[-6.19331890035774,53.35807690046106],[-6.191767599642289,53.35813320065851],[-6.190091599313469,53.35842650091903],[-6.187622799364392,53.35927610103212],[-6.184541099520778,53.3599476006562],[-6.183091199584603,53.36044860066913],[-6.180141600196876,53.36168770130976],[-6.179267599459272,53.3621816008705],[-6.173838500478477,53.36618040073447],[-6.167654999866767,53.370450401312205],[-6.166713899657632,53.371292000966655]],[[-6.1803274002382915,53.36167540050132],[-6.180260199542338,53.36163860084103]]]},"properties":{"Infrastructure type":"SEPARATE_TRAIL","Direction":"Bi-Directional","Length (m)":4026.1,"Source":"NTA Active Travel Cycle Network (Feb 2025)","_style_key":"SEPARATE_TRAIL"}},{"type":"Feature","id":4331,"geometry":{"type":"LineString","coordinates":[[-6.164239799991001,53.373822000761116],[-6.164258600540901,53.3738052006741]]},"properties":{"Infrastructure type":"SEPARATE_TRAIL","Direction":"Bi-Directional","Length (m)":2.2,"Source":"NTA Active Travel Cycle Network (Feb 2025)","_style_key":"SEPARATE_TRAIL"}},{"type":"Feature","id":4332,"geometry":{"type":"LineString","coordinates":[[-6.2216779001188485,53.362909501344305],[-6.221358999922891,53.36294700081538],[-6.221023999857752,53.36275500058443],[-6.220337822283603,53.3626329941348]]},"properties":{"Infrastructure type":"SEPARATE_TRAIL","Direction":"Forward","Length (m)":101.4,"Source":"NTA Active Travel Cycle Network (Feb 2025)","_style_key":"SEPARATE_TRAIL"}},{"type":"Feature","id":4333,"geometry":{"type":"LineString","coordinates":[[-6.231704600032632,53.35966550063444],[-6.234004500335416,53.357963800566274],[-6.233930200673301,53.35779750078489],[-6.233324828390563,53.357438817208454]]},"properties":{"Infrastructure type":"SEPARATE_TRAIL","Direction":"Bi-Directional","Length (m)":320.9,"Source":"NTA Active Travel Cycle Network (Feb 2025)","_style_key":"SEPARATE_TRAIL"}},{"type":"Feature","id":4334,"geometry":{"type":"LineString","coordinates":[[-6.233460089595618,53.358578864192765],[-6.2319555006357525,53.35977260092377],[-6.231353758734299,53.35952736283223]]},"properties":{"Infrastructure type":"SEPARATE_TRAIL","Direction":"Forward","Length (m)":216.5,"Source":"NTA Active Travel Cycle Network (Feb 2025)","_style_key":"SEPARATE_TRAIL"}},{"type":"Feature","id":4335,"geometry":{"type":"LineString","coordinates":[[-6.232937700028769,53.35902090094134],[-6.233417599699351,53.359102901279336],[-6.234527600009378,53.35867800052304],[-6.2350821954329865,53.35882882309294],[-6.237969321330682,53.36065445796428],[-6.238306141209495,53.360931792861756],[-6.238105368386003,53.36113874980927],[-6.23821483009722,53.36115306620506]]},"properties":{"Infrastructure type":"NON_TRAFFIC_TRAIL","Direction":"Bi-Directional","Length (m)":516.4,"Source":"NTA Active Travel Cycle Network (Feb 2025)","_style_key":"NON_TRAFFIC_TRAIL"}},{"type":"Feature","id":4336,"geometry":{"type":"LineString","coordinates":[[-6.223434177341068,53.363520527259375],[-6.221770500285299,53.36322310067431],[-6.221765149584852,53.36307124264049]]},"properties":{"Infrastructure type":"SEPARATE_TRAIL","Direction":"Forward","Length (m)":133.3,"Source":"NTA Active Travel Cycle Network (Feb 2025)","_style_key":"SEPARATE_TRAIL"}},{"type":"Feature","id":4337,"geometry":{"type":"LineString","coordinates":[[-6.164101800073858,53.373933601234036],[-6.164239799991001,53.373822000761116]]},"properties":{"Infrastructure type":"SEPARATE_TRAIL","Direction":"Bi-Directional","Length (m)":15.4,"Source":"NTA Active Travel Cycle Network (Feb 2025)","_style_key":"SEPARATE_TRAIL"}},{"type":"Feature","id":4338,"geometry":{"type":"LineString","coordinates":[[-6.24669371131168,53.35482110130487],[-6.244825199614899,53.35626280106542],[-6.241317400616711,53.35857930083486],[-6.238998400074103,53.360775900658545]]},"properties":{"Infrastructure type":"SEPARATE_TRAIL","Direction":"Bi-Directional","Length (m)":842.1,"Source":"NTA Active Travel Cycle Network (Feb 2025)","_style_key":"SEPARATE_TRAIL"}},{"type":"Feature","id":4339,"geometry":{"type":"LineString","coordinates":[[-6.246608817167168,53.354621897642396],[-6.249342900712285,53.35222980085431],[-6.249974599851022,53.351323200675985]]},"properties":{"Infrastructure type":"SEPARATE_TRAIL","Direction":"Forward","Length (m)":432.8,"Source":"NTA Active Travel Cycle Network (Feb 2025)","_style_key":"SEPARATE_TRAIL"}},{"type":"Feature","id":4340,"geometry":{"type":"LineString","coordinates":[[-6.23878359942124,53.36069820095845],[-6.239524900339783,53.35990300056459],[-6.241814599301411,53.35801910068994],[-6.244466919171276,53.35629952645459]]},"properties":{"Infrastructure type":"SEPARATE_TRAIL","Direction":"Forward","Length (m)":623.0,"Source":"NTA Active Travel Cycle Network (Feb 2025)","_style_key":"SEPARATE_TRAIL"}},{"type":"Feature","id":4341,"geometry":{"type":"LineString","coordinates":[[-6.244466919171276,53.35629952645459],[-6.246536715855576,53.354697139158965]]},"properties":{"Infrastructure type":"SEPARATE_TRAIL","Direction":"Forward","Length (m)":226.4,"Source":"NTA Active Travel Cycle Network (Feb 2025)","_style_key":"SEPARATE_TRAIL"}},{"type":"Feature","id":4342,"geometry":{"type":"LineString","coordinates":[[-6.246608817167168,53.354621897642396],[-6.246536715855576,53.354697139158965]]},"properties":{"Infrastructure type":"BIKE_LANE","Direction":"Forward","Length (m)":9.7,"Source":"NTA Active Travel Cycle Network (Feb 2025)","_style_key":"BIKE_LANE"}},{"type":"Feature","id":4343,"geometry":{"type":"LineString","coordinates":[[-6.250143300463491,53.351461000974446],[-6.2495119004013056,53.35225070061608],[-6.246814700263549,53.35474070068817]]},"properties":{"Infrastructure type":"SEPARATE_TRAIL","Direction":"Bi-Directional","Length (m)":428.8,"Source":"NTA Active Travel Cycle Network (Feb 2025)","_style_key":"SEPARATE_TRAIL"}},{"type":"Feature","id":4344,"geometry":{"type":"LineString","coordinates":[[-6.246814700263549,53.35474070068817],[-6.24669371131168,53.35482110130487]]},"properties":{"Infrastructure type":"SEPARATE_TRAIL","Direction":"Bi-Directional","Length (m)":12.0,"Source":"NTA Active Travel Cycle Network (Feb 2025)","_style_key":"SEPARATE_TRAIL"}},{"type":"Feature","id":4345,"geometry":{"type":"LineString","coordinates":[[-6.258624187858821,53.34709284572807],[-6.256103307372123,53.34751934641096],[-6.252041015729047,53.347448667715874],[-6.251880070828605,53.347549061919096]]},"properties":{"Infrastructure type":"SEPARATE_TRAIL","Direction":"Bi-Directional","Length (m)":461.9,"Source":"NTA Active Travel Cycle Network (Feb 2025)","_style_key":"SEPARATE_TRAIL"}},{"type":"Feature","id":4391,"geometry":{"type":"LineString","coordinates":[[-6.142952599683489,53.384719500592404],[-6.1496767724903725,53.38218206107658]]},"properties":{"Infrastructure type":"SEPARATE_TRAIL","Direction":"Bi-Directional","Length (m)":529.5,"Source":"NTA Active Travel Cycle Network (Feb 2025)","_style_key":"SEPARATE_TRAIL"}},{"type":"Feature","id":4393,"geometry":{"type":"LineString","coordinates":[[-6.296961704902078,53.34825414192476],[-6.296957414559247,53.348346167872855],[-6.297491468847787,53.34853942270503]]},"properties":{"Infrastructure type":"BIKE_FRIENDLY_PEDESTRIAN_PATH","Direction":"Forward","Length (m)":52.1,"Source":"NTA Active Travel Cycle Network (Feb 2025)","_style_key":"BIKE_FRIENDLY_PEDESTRIAN_PATH"}},{"type":"Feature","id":4394,"geometry":{"type":"LineString","coordinates":[[-6.296867353432762,53.348485363944086],[-6.296137752416047,53.3482367868014]]},"properties":{"Infrastructure type":"BIKE_LANE","Direction":"Forward","Length (m)":56.0,"Source":"NTA Active Travel Cycle Network (Feb 2025)","_style_key":"BIKE_LANE"}},{"type":"Feature","id":4395,"geometry":{"type":"LineString","coordinates":[[-6.296137752416047,53.3482367868014],[-6.295435999962628,53.34822200054746]]},"properties":{"Infrastructure type":"BIKE_LANE","Direction":"Forward","Length (m)":46.8,"Source":"NTA Active Travel Cycle Network (Feb 2025)","_style_key":"BIKE_LANE"}},{"type":"Feature","id":4396,"geometry":{"type":"LineString","coordinates":[[-6.172445226595258,53.367145454033626],[-6.1726343122516,53.367208283978776]]},"properties":{"Infrastructure type":"BIKE_LANE","Direction":"Bi-Directional","Length (m)":14.5,"Source":"NTA Active Travel Cycle Network (Feb 2025)","_style_key":"BIKE_LANE"}},{"type":"Feature","id":4401,"geometry":{"type":"LineString","coordinates":[[-6.242003084750175,53.31846722318324],[-6.24350928411514,53.31957783143223]]},"properties":{"Infrastructure type":"SEPARATE_TRAIL","Direction":"Forward","Length (m)":159.5,"Source":"NTA Active Travel Cycle Network (Feb 2025)","_style_key":"SEPARATE_TRAIL"}}]}