{"type":"FeatureCollection","features":[{"type":"Feature","geometry":{"type":"LineString","coordinates":[[-6.2685067,53.3702926],[-6.2689481,53.369859]]},"properties":{"alt_name:ga":"B\u00f3thar na nGarrdha\u00ed","cycleway":"lane","cycleway:both:lane":"advisory","highway":"secondary","lane_markings":"yes","lanes":"2","lit":"yes","logainm:ref":"1380609","logainm:url":"https://www.logainm.ie/1380609.aspx","maxspeed":"50","name":"Botanic Road","name:en":"Botanic Road","name:ga":"B\u00f3thar Gharraithe na Lus","oneway":"no","ref":"R108","sidewalk:both":"separate","surface":"asphalt","osm_type":"way","osm_id":3787625,"length_m":56.43}},{"type":"Feature","geometry":{"type":"LineString","coordinates":[[-6.2650304,53.3786023],[-6.2536282,53.3765747],[-6.2503529,53.3758166]]},"properties":{"cycleway":"lane","highway":"secondary","lanes":"2","lit":"yes","logainm:ref":"1380053","logainm:url":"https://www.logainm.ie/1380053.aspx","maxspeed":"50","name":"Griffith Avenue","name:en":"Griffith Avenue","name:ga":"Ascaill U\u00ed Ghr\u00edofa","oneway":"no","ref":"R102","sidewalk":"both","surface":"asphalt","osm_type":"way","osm_id":3792286,"length_m":1022.38}},{"type":"Feature","geometry":{"type":"LineString","coordinates":[[-6.2646874,53.3761563],[-6.2611891,53.3753901]]},"properties":{"cycleway":"shared_lane","highway":"tertiary","lanes":"2","maxspeed":"50","name":"Home Farm Road","name:en":"Home Farm Road","name:ga":"B\u00f3thar Na Buaille","sidewalk":"both","surface":"asphalt","osm_type":"way","osm_id":3809974,"length_m":247.21}},{"type":"Feature","geometry":{"type":"LineString","coordinates":[[-6.2973899,53.3485914],[-6.3020641,53.350289]]},"properties":{"bus":"private","cycleway":"track","hgv":"private","highway":"tertiary","lane_markings":"yes","lanes":"2","lit":"yes","logainm:ref":"1379752","logainm:url":"https://www.logainm.ie/1379752.aspx","maxspeed":"30","name":"Chesterfield Avenue","name:en":"Chesterfield Avenue","name:ga":"Ascaill Chesterfield","sidewalk":"separate","smoothness":"excellent","surface":"asphalt","osm_type":"way","osm_id":4215578,"length_m":363.17}},{"type":"Feature","geometry":{"type":"LineString","coordinates":[[-6.3255833,53.360021],[-6.3086813,53.3529571]]},"properties":{"bus":"private","cycleway":"track","hgv":"private","highway":"tertiary","lane_markings":"yes","lanes":"2","lit":"yes","logainm:ref":"1379752","logainm:url":"https://www.logainm.ie/1379752.aspx","maxspeed":"30","name":"Chesterfield Avenue","name:en":"Chesterfield Avenue","name:ga":"Ascaill Chesterfield","sidewalk":"separate","surface":"asphalt","osm_type":"way","osm_id":4215580,"length_m":1369.37}},{"type":"Feature","geometry":{"type":"LineString","coordinates":[[-6.3082695,53.3649203],[-6.3085664,53.3650164]]},"properties":{"cycleway":"lane","highway":"secondary","lane_markings":"yes","lanes":"3","lit":"yes","logainm:ref":"1380791","logainm:url":"https://www.logainm.ie/1380791.aspx","maxspeed":"50","name":"Navan Road","name:en":"Navan Road","name:ga":"B\u00f3thar na hUaimhe","ref":"R147","surface":"asphalt","osm_type":"way","osm_id":4253693,"length_m":22.42}},{"type":"Feature","geometry":{"type":"LineString","coordinates":[[-6.3589392,53.3308622],[-6.3587253,53.3311457],[-6.3582783,53.331477],[-6.3565604,53.3319919],[-6.3560333,53.3323054]]},"properties":{"cycleway":"track","highway":"tertiary","lanes":"2","lit":"yes","logainm:ref":"1380979","logainm:url":"https://www.logainm.ie/1380979.aspx","maxspeed":"50","name":"Killeen Road","name:en":"Killeen Road","name:ga":"B\u00f3thar U\u00ed Chill\u00edn","surface":"asphalt","osm_type":"way","osm_id":4278352,"length_m":260.17}},{"type":"Feature","geometry":{"type":"LineString","coordinates":[[-6.2752072,53.3322379],[-6.2752144,53.331259]]},"properties":{"cycleway":"lane","highway":"secondary","lane_markings":"yes","lanes":"3","lit":"yes","logainm:ref":"1383363","logainm:url":"https://www.logainm.ie/1383363.aspx","maxspeed":"50","name":"Clanbrassil Street Upper","name:en":"Clanbrassil Street Upper","name:ga":"Sr\u00e1id Chlann Bhreasail Uachtarach","ref":"R137","surface":"asphalt","wikipedia":"en:Clanbrassil Street","osm_type":"way","osm_id":4287294,"length_m":108.99}},{"type":"Feature","geometry":{"type":"LineString","coordinates":[[-6.2745882,53.3119159],[-6.2743119,53.312026]]},"properties":{"alt_name:ga":"B\u00f3thar R\u00e1th gCearr","cycleway":"lane","highway":"secondary","lane_markings":"yes","lanes":"4","lit":"yes","logainm:ref":"1380886","logainm:url":"https://www.logainm.ie/1380886.aspx","maxspeed":"50","name":"Rathgar Road","name:en":"Rathgar Road","name:ga":"B\u00f3thar R\u00e1th Garbh","ref":"R114","sidewalk":"both","surface":"asphalt","osm_type":"way","osm_id":4287302,"length_m":22.06}},{"type":"Feature","geometry":{"type":"LineString","coordinates":[[-6.28351,53.3098572],[-6.2808218,53.3105587]]},"properties":{"alt_name:ga":"B\u00f3thar Thiorfhionnabhair O","cycleway":"lane","highway":"secondary","lane_markings":"yes","lanes":"2","lit":"yes","logainm:ref":"1380959","logainm:url":"https://www.logainm.ie/1380959.aspx","maxspeed":"50","name":"Terenure Road East","name:en":"Terenure Road East","name:ga":"B\u00f3thar Th\u00edr an I\u00fair Thoir","ref":"R114","sidewalk":"both","surface":"asphalt","osm_type":"way","osm_id":4287303,"length_m":194.96}},{"type":"Feature","geometry":{"type":"LineString","coordinates":[[-6.2672337,53.3441129],[-6.2668041,53.344155]]},"properties":{"cycleway":"lane","cycleway:lane":"advisory","highway":"secondary","lane_markings":"yes","lanes":"3","lanes:backward":"1","lanes:forward":"2","lit":"yes","logainm:ref":"1383248","logainm:url":"https://www.logainm.ie/1383248.aspx","maxspeed":"30","name":"Dame Street","name:en":"Dame Street","name:ga":"Sr\u00e1id An D\u00e1ma","old_name":"Street of the theng-mote","old_name:c14":"Street of the theng-mote","ref":"R137","sidewalk:both:surface":"paving_stones","sidewalk:left":"yes","sidewalk:right":"separate","smoothness":"excellent","source:old_name":"T C Macready","surface":"asphalt","turn:lanes:forward":"through|through","osm_type":"way","osm_id":4396059,"length_m":28.9}},{"type":"Feature","geometry":{"type":"LineString","coordinates":[[-6.3189959,53.341539],[-6.318551,53.3416733]]},"properties":{"cycleway":"lane","highway":"secondary","lane_markings":"yes","lanes":"2","lit":"yes","logainm:ref":"1380675","logainm:url":"https://www.logainm.ie/1380675.aspx","maxspeed":"50","name":"Inchicore Road","name:en":"Inchicore Road","name:ga":"B\u00f3thar Inse Ch\u00f3r","ref":"R839","surface":"asphalt","osm_type":"way","osm_id":4402029,"length_m":33.26}},{"type":"Feature","geometry":{"type":"LineString","coordinates":[[-6.3351823,53.3432913],[-6.3345704,53.3432466]]},"properties":{"alt_name:ga":"B\u00f3thar Sairs\u00e9al","cycleway":"lane","highway":"secondary","lanes":"2","logainm:ref":"1380296","logainm:url":"https://www.logainm.ie/1380296.aspx","maxspeed":"50","name":"Sarsfield Road","name:en":"Sarsfield Road","name:ga":"B\u00f3thar an tS\u00e1irs\u00e9alaigh","ref":"R833","surface":"asphalt","osm_type":"way","osm_id":4402064,"length_m":40.94}},{"type":"Feature","geometry":{"type":"LineString","coordinates":[[-6.3083172,53.3474635],[-6.3083109,53.3473791]]},"properties":{"bridge":"yes","bridge:name":"Islandbridge","bridge:name:ga":"Droichead na hInse","bridge:old_name":"Sarah Bridge","bridge:old_name_date":"1728","cycleway":"lane","highway":"secondary","lane_markings":"yes","lanes":"2","layer":"1","lit":"yes","logainm:ref":"1379353","logainm:url":"https://www.logainm.ie/1379353.aspx","maxspeed":"50","name":"South Circular Road","name:en":"South Circular Road","name:ga":"Cuarb\u00f3thar Theas","ref":"R111","sidewalk":"both","source:old_name":"Dublin Street Names C T M'Cready","surface":"asphalt","osm_type":"way","osm_id":4486068,"length_m":9.39}},{"type":"Feature","geometry":{"type":"LineString","coordinates":[[-6.28351,53.3098572],[-6.2838765,53.3097588]]},"properties":{"alt_name:ga":"Pl\u00e1s Tor Fhionnabhair","cycleway":"lane","highway":"secondary","lane_markings":"yes","lanes":"3","lit":"yes","logainm:ref":"1383019","logainm:url":"https://www.logainm.ie/1383019.aspx","maxspeed":"50","name":"Terenure Place","name:en":"Terenure Place","name:ga":"Pl\u00e1s Th\u00edr an I\u00fair","ref":"R137","sidewalk":"both","surface":"asphalt","osm_type":"way","osm_id":4518390,"length_m":26.69}},{"type":"Feature","geometry":{"type":"LineString","coordinates":[[-6.2639063,53.375988],[-6.2626747,53.3781773]]},"properties":{"cycleway":"shared_lane","highway":"residential","lanes":"2","lit":"yes","maxspeed":"30","name":"Rathlin Road","name:en":"Rathlin Road","name:ga":"B\u00f3thar Reachlainn","oneway":"no","sidewalk":"both","surface":"concrete","osm_type":"way","osm_id":4539265,"length_m":256.78}},{"type":"Feature","geometry":{"type":"LineString","coordinates":[[-6.3019241,53.3521978],[-6.3017979,53.352713],[-6.3018052,53.3531868],[-6.3019239,53.3533538],[-6.3022492,53.3534941]]},"properties":{"access":"private","bus":"designated","cycleway":"shared_lane","foot":"yes","highway":"service","maxspeed":"30","oneway":"yes","surface":"asphalt","osm_type":"way","osm_id":4545230,"length_m":157.72}},{"type":"Feature","geometry":{"type":"LineString","coordinates":[[-6.2572592,53.3361445],[-6.2586193,53.3338607]]},"properties":{"bicycle:backward":"designated","bus:backward":"designated","cycleway":"lane","highway":"secondary","lane_markings":"yes","lanes":"2","lanes:psv:backward":"1","lit":"yes","logainm:ref":"1379563","logainm:url":"https://www.logainm.ie/1379563.aspx","maxspeed":"30","name":"Earlsfort Terrace","name:en":"Earlsfort Terrace","name:ga":"Ard\u00e1n Phort An Iarla","ref":"R840","surface":"asphalt","vehicle:backward":"no","osm_type":"way","osm_id":4628796,"length_m":269.74}},{"type":"Feature","geometry":{"type":"LineString","coordinates":[[-6.2159638,53.3842101],[-6.2143661,53.3838329],[-6.2137272,53.3835374],[-6.2133125,53.3832208]]},"properties":{"cycleway":"lane","highway":"tertiary","lanes":"2","maxspeed":"50","name":"Kilmore Road","name:en":"Kilmore Road","name:ga":"B\u00f3thar Chill Mh\u00f3r","surface":"asphalt","osm_type":"way","osm_id":4631462,"length_m":213.25}},{"type":"Feature","geometry":{"type":"LineString","coordinates":[[-6.3336141,53.3709289],[-6.3336181,53.3707701]]},"properties":{"cycleway":"lane","highway":"unclassified","lane_markings":"no","lanes":"2","lit":"yes","maxspeed":"50","name":"Ashtown Gate Road","sidewalk":"both","surface":"asphalt","osm_type":"way","osm_id":4675058,"length_m":17.81}},{"type":"Feature","geometry":{"type":"LineString","coordinates":[[-6.2269696,53.3418531],[-6.227571,53.3417709]]},"properties":{"cycleway":"lane","highway":"secondary","lane_markings":"yes","lanes":"2","lit":"yes","logainm:ref":"1383251","logainm:url":"https://www.logainm.ie/1383251.aspx","maxspeed":"50","name":"Bridge Street","name:en":"Bridge Street","name:ga":"Sr\u00e1id An Droicid","ref":"R802","surface":"asphalt","osm_type":"way","osm_id":4820655,"length_m":40.96}},{"type":"Feature","geometry":{"type":"LineString","coordinates":[[-6.2463552,53.3395938],[-6.2452282,53.3392075]]},"properties":{"alt_name:ga":"Sr\u00e1id Mh\u00f3ta \u00cdocht","cycleway":"lane","highway":"secondary","lane_markings":"yes","lanes":"3","lit":"yes","logainm:ref":"1383276","logainm:url":"https://www.logainm.ie/1383276.aspx","maxspeed":"50","name":"Mount Street Lower","name:en":"Mount Street Lower","name:ga":"Sr\u00e1id an Mh\u00f3ta \u00cdochtarach","ref":"R118","sidewalk":"separate","surface":"asphalt","wikidata":"Q105102150","wikipedia":"en:Mount Street Lower","osm_type":"way","osm_id":4925959,"length_m":86.28}},{"type":"Feature","geometry":{"type":"LineString","coordinates":[[-6.2400932,53.3374225],[-6.238135,53.3361423]]},"properties":{"alt_name:ga":"B\u00f3thar Northumberland","cycleway":"lane","highway":"secondary","lane_markings":"yes","lanes":"3","lit":"yes","logainm:ref":"1380836","logainm:url":"https://www.logainm.ie/1380836.aspx","maxspeed":"50","name":"Northumberland Road","name:en":"Northumberland Road","name:ga":"B\u00f3thar Nortumbar","ref":"R118","sidewalk":"both","surface":"asphalt","osm_type":"way","osm_id":4926004,"length_m":192.83}},{"type":"Feature","geometry":{"type":"LineString","coordinates":[[-6.2536643,53.3317572],[-6.2600464,53.3303381]]},"properties":{"cycleway":"lane","highway":"secondary","lane_markings":"yes","lanes":"2","lit":"yes","maxheight:signed":"no","maxspeed":"50","name":"Grand Parade","name:en":"Grand Parade","name:ga":"An Phar\u00e1id Mh\u00f3r","ref":"R111","sidewalk":"separate","sraidainm:ref":"1379379","sraidainm:url":"https://www.sraidainm.ie/1379379.aspx","surface":"asphalt","osm_type":"way","osm_id":4926189,"length_m":452.24}},{"type":"Feature","geometry":{"type":"LineString","coordinates":[[-6.2755042,53.3296533],[-6.2755716,53.3295075]]},"properties":{"cycleway":"lane","highway":"secondary","lane_markings":"yes","lanes":"3","lit":"yes","logainm:ref":"No entry","logainm:url":"No entry","maxspeed":"50","name":"Robert Emmet Bridge","name:en":"Robert Emmet Bridge","ref":"R137","sidewalk":"separate","surface":"asphalt","osm_type":"way","osm_id":4934502,"length_m":16.83}},{"type":"Feature","geometry":{"type":"LineString","coordinates":[[-6.2754685,53.3297684],[-6.2754795,53.3297322]]},"properties":{"alt_name":"Harold's Cross Bridge","bridge":"yes","cycleway":"lane","highway":"secondary","lane_markings":"yes","lanes":"3","layer":"1","lit":"yes","logainm:ref":"No entry","logainm:url":"No entry","maxspeed":"50","name":"Robert Emmet Bridge","name:en":"Robert Emmet Bridge","ref":"R137","sidewalk":"separate","surface":"asphalt","osm_type":"way","osm_id":4934503,"length_m":4.09}},{"type":"Feature","geometry":{"type":"LineString","coordinates":[[-6.3066238,53.3368085],[-6.3066564,53.3368383]]},"properties":{"bicycle":"yes","bridge":"yes","bridge:logainm:ref":"No entry","bridge:logainm:url":"No entry","bridge:name":"Suir Road Bridge","cycleway":"lane","foot":"yes","highway":"secondary","horse":"yes","lane_markings":"yes","lanes":"2","layer":"1","lit":"yes","logainm:ref":"1380819","logainm:url":"https://www.logainm.ie/1380819.aspx","maxspeed":"50","maxweight:signed":"no","name":"Suir Road","name:en":"Suir Road","name:ga":"B\u00f3thar na Si\u00faire","oneway":"no","ref":"R111","surface":"asphalt","osm_type":"way","osm_id":4934506,"length_m":3.96}},{"type":"Feature","geometry":{"type":"LineString","coordinates":[[-6.2985879,53.3362609],[-6.296479,53.3357169]]},"properties":{"cycleway":"lane","highway":"secondary","lane_markings":"yes","lanes":"2","lit":"yes","logainm:ref":"1379353","logainm:url":"https://www.logainm.ie/1379353.aspx","maxspeed":"50","name":"South Circular Road","name:en":"South Circular Road","name:ga":"Cuarb\u00f3thar Theas","ref":"R811","surface":"asphalt","osm_type":"way","osm_id":4934645,"length_m":152.84}},{"type":"Feature","geometry":{"type":"LineString","coordinates":[[-6.232014,53.3295282],[-6.2318757,53.3294616]]},"properties":{"alt_name:ga":"B\u00f3thar Pheambr\u00f3g","cycleway":"lane","highway":"secondary","lane_markings":"yes","lanes":"5","lit":"yes","logainm:ref":"1380868","logainm:url":"https://www.logainm.ie/1380868.aspx","maxspeed":"50","name":"Pembroke Road","name:en":"Pembroke Road","name:ga":"B\u00f3thar Pembr\u00f3c","ref":"R118","sidewalk":"both","sidewalk:left:surface":"paving_stones","sidewalk:right:surface":"concrete","smoothness":"good","surface":"asphalt","osm_type":"way","osm_id":4934698,"length_m":11.8}},{"type":"Feature","geometry":{"type":"LineString","coordinates":[[-6.3464578,53.3322804],[-6.3464458,53.3322431]]},"properties":{"alt_name:ga":"B\u00f3thar an Choill Mh\u00f3ir","bicycle":"yes","bridge":"yes","cycleway":"lane","foot":"yes","highway":"secondary","horse":"yes","lanes":"2","layer":"1","logainm:ref":"1376648","logainm:url":"https://www.logainm.ie/1376648.aspx","maxspeed":"60","name":"Kylemore Road","name:en":"Kylemore Road","name:ga":"B\u00f3thar na Coille M\u00f3ire","oneway":"no","ref":"R112","surface":"asphalt","osm_type":"way","osm_id":4937550,"length_m":4.22}},{"type":"Feature","geometry":{"type":"LineString","coordinates":[[-6.3590061,53.3305713],[-6.3589871,53.3307359]]},"properties":{"bridge":"yes","cycleway":"track","highway":"tertiary","lanes":"2","layer":"1","maxspeed":"50","name":"Ballyfermot Bridge (New)","ref":"L1014","surface":"asphalt","osm_type":"way","osm_id":4937560,"length_m":18.35}},{"type":"Feature","geometry":{"type":"LineString","coordinates":[[-6.2421097,53.3185992],[-6.2418744,53.3184164]]},"properties":{"cycleway":"lane","highway":"secondary","lane_markings":"yes","lanes":"2","lit":"yes","logainm:ref":"1380469","logainm:url":"https://www.logainm.ie/1380469.aspx","maxspeed":"50","name":"Clonskeagh Road","name:en":"Clonskeagh Road","name:ga":"B\u00f3thar Chluain Sceach","ref":"R825","sidewalk":"both","surface":"asphalt","osm_type":"way","osm_id":5726207,"length_m":25.64}},{"type":"Feature","geometry":{"type":"LineString","coordinates":[[-6.28351,53.3098572],[-6.2836515,53.3095907]]},"properties":{"cycleway":"lane","highway":"secondary","lane_markings":"yes","lanes":"3","lit":"yes","logainm:ref":"1380885","logainm:url":"https://www.logainm.ie/1380885.aspx","maxspeed":"50","name":"Rathfarnham Road","name:en":"Rathfarnham Road","name:ga":"B\u00f3thar R\u00e1th Fhearn\u00e1in","ref":"R114","sidewalk":"both","surface":"asphalt","osm_type":"way","osm_id":5823670,"length_m":31.09}},{"type":"Feature","geometry":{"type":"LineString","coordinates":[[-6.2562147,53.3264403],[-6.2550555,53.325461]]},"properties":{"cycleway":"lane","highway":"secondary","lane_markings":"yes","lanes":"2","lit":"yes","logainm:ref":"57180","logainm:url":"https://www.logainm.ie/57180.aspx","maxspeed":"50","name":"Ranelagh","name:en":"Ranelagh","name:ga":"Raghnallach","ref":"R117","sidewalk":"both","surface":"asphalt","osm_type":"way","osm_id":5825195,"length_m":133.69}},{"type":"Feature","geometry":{"type":"LineString","coordinates":[[-6.2935704,53.3597195],[-6.2907794,53.3584139],[-6.2895042,53.3576914]]},"properties":{"cycleway":"lane","highway":"secondary","lane_markings":"yes","lanes":"2","lit":"yes","logainm:ref":"1383187","logainm:url":"https://www.logainm.ie/1383187.aspx","maxspeed":"50","name":"Old Cabra Road","name:en":"Old Cabra Road","name:ga":"Seanbh\u00f3thar na Cabra\u00ed","ref":"R805","sidewalk":"both","surface":"asphalt","osm_type":"way","osm_id":5825856,"length_m":352.15}},{"type":"Feature","geometry":{"type":"LineString","coordinates":[[-6.2763269,53.3441495],[-6.2762257,53.3446873]]},"properties":{"cycleway":"track","highway":"secondary","lane_markings":"yes","lanes":"4","lit":"yes","logainm:ref":"1383252","logainm:url":"https://www.logainm.ie/1383252.aspx","maxspeed":"50","name":"Bridge Street Lower","name:en":"Bridge Street Lower","name:ga":"Sr\u00e1id An Droichid \u00cdochtarach","ref":"R108","sidewalk":"both","surface":"asphalt","osm_type":"way","osm_id":5976030,"length_m":60.51}},{"type":"Feature","geometry":{"type":"LineString","coordinates":[[-6.3200135,53.3228331],[-6.3197203,53.3229787]]},"properties":{"cycleway":"lane","highway":"tertiary","lanes":"2","maxspeed":"30","name":"Saint Mary's Road","surface":"asphalt","osm_type":"way","osm_id":8052973,"length_m":25.34}},{"type":"Feature","geometry":{"type":"LineString","coordinates":[[-6.2456126,53.3343427],[-6.2527928,53.3322304]]},"properties":{"foot":"no","highway":"cycleway","name":"Wilton Terrace","name:en":"Wilton Terrace","name:ga":"Ard\u00e1n Wilton","oneway":"no","smoothness":"excellent","surface":"asphalt","width":"3.1","osm_type":"way","osm_id":10577139,"length_m":531.54}},{"type":"Feature","geometry":{"type":"LineString","coordinates":[[-6.2617155,53.3387426],[-6.261468,53.3390497]]},"properties":{"alt_name":"St. Stephen's Green West","alt_name:en":"St. Stephen's Green West","alt_name:ga":"Faiche Stiabhna Thiar","cycleway:surface":"paving_stones","highway":"cycleway","lane_markings":"yes","lit":"yes","loc_name":"St. Stephen's Green West","loc_name:en":"St. Stephen's Green West","loc_name:ga":"Faiche Stiabhna Thiar","logainm:ref":"1381918","logainm:url":"https://www.logainm.ie/1381918.aspx","maxspeed":"30","name":"St. Stephen's Green","name:en":"St. Stephen's Green","name:ga":"Faiche Stiabhna","old_name":"French Walk","segregated":"yes","source:name":"sign","surface":"paving_stones","width":"10","osm_type":"way","osm_id":10577342,"length_m":37.98}},{"type":"Feature","geometry":{"type":"LineString","coordinates":[[-6.2891957,53.3987848],[-6.2874749,53.3989793],[-6.286247,53.3994284],[-6.2853505,53.4000605],[-6.2840563,53.4016208]]},"properties":{"cycleway":"lane","highway":"tertiary","lane_markings":"no","lanes":"2","lit":"yes","logainm:ref":"1406587","logainm:url":"https://www.logainm.ie/1406587.aspx","maxspeed":"50","name":"Poppintree Park Lane West","name:en":"Poppintree Park Lane West","name:ga":"L\u00e1na Ph\u00e1irc Chrann Phap\u00e1in Thiar","surface":"asphalt","osm_type":"way","osm_id":12529115,"length_m":498.73}},{"type":"Feature","geometry":{"type":"LineString","coordinates":[[-6.264275,53.3300179],[-6.2642883,53.3299501]]},"properties":{"alt_name":"Portobello Bridge","cycleway":"lane","highway":"secondary","incline":"down","lane_markings":"yes","lanes":"3","lit":"yes","logainm:ref":"No entry","logainm:url":"No entry","maxspeed":"50","name":"La Touche Bridge","name:en":"La Touche Bridge","ref":"R114","sidewalk":"separate","surface":"asphalt","turn:lanes:forward":"left;through|through","osm_type":"way","osm_id":13866426,"length_m":7.59}},{"type":"Feature","geometry":{"type":"LineString","coordinates":[[-6.2529015,53.3322163],[-6.2527928,53.3322304]]},"properties":{"crossing":"marked","cycleway":"crossing","foot":"no","highway":"cycleway","oneway":"no","surface":"asphalt","width":"3.1","osm_type":"way","osm_id":13872814,"length_m":7.39}},{"type":"Feature","geometry":{"type":"LineString","coordinates":[[-6.2575327,53.3314045],[-6.2575037,53.3313216]]},"properties":{"foot":"yes","highway":"cycleway","lit":"yes","name":"Harcourt Terrace","name:en":"Harcourt Terrace","name:ga":"Ard\u00e1n Fhearchair","sidewalk":"yes","surface":"concrete","osm_type":"way","osm_id":13892010,"length_m":9.42}},{"type":"Feature","geometry":{"type":"LineString","coordinates":[[-6.2779901,53.3388106],[-6.2761266,53.3389012]]},"properties":{"cycleway":"lane","highway":"tertiary","lane_markings":"yes","lanes":"4","lit":"yes","logainm:ref":"1379896","logainm:url":"https://www.logainm.ie/1379896.aspx","maxspeed":"50","name":"St Luke's Avenue","name:en":"St Luke's Avenue","name:ga":"Ascaill L\u00fac\u00e1is","ref":"L1624","surface":"asphalt","osm_type":"way","osm_id":20848447,"length_m":124.17}},{"type":"Feature","geometry":{"type":"LineString","coordinates":[[-6.2486996,53.3097077],[-6.2485712,53.3096791]]},"properties":{"foot":"yes","highway":"cycleway","segregated":"no","surface":"asphalt","osm_type":"way","osm_id":22716644,"length_m":9.1}},{"type":"Feature","geometry":{"type":"LineString","coordinates":[[-6.2892663,53.3066792],[-6.2892246,53.3066525]]},"properties":{"bicycle":"designated","foot":"designated","highway":"cycleway","segregated":"no","surface":"concrete","osm_type":"way","osm_id":23576685,"length_m":4.07}},{"type":"Feature","geometry":{"type":"LineString","coordinates":[[-6.2428645,53.3158534],[-6.2428435,53.3158957]]},"properties":{"bicycle":"yes","foot":"yes","highway":"cycleway","osm_type":"way","osm_id":23948179,"length_m":4.93}},{"type":"Feature","geometry":{"type":"LineString","coordinates":[[-6.2345276,53.358678],[-6.2334176,53.3591029],[-6.2329377,53.3590209]]},"properties":{"highway":"cycleway","oneway":"no","segregated":"no","surface":"paved","osm_type":"way","osm_id":24450983,"length_m":122.19}},{"type":"Feature","geometry":{"type":"LineString","coordinates":[[-6.2345276,53.358678],[-6.2350851,53.3588109],[-6.2357894,53.359254]]},"properties":{"bicycle":"yes","foot":"yes","highway":"cycleway","segregated":"no","osm_type":"way","osm_id":24450984,"length_m":107.99}},{"type":"Feature","geometry":{"type":"LineString","coordinates":[[-6.2488867,53.3329451],[-6.2451835,53.3340381]]},"properties":{"cycleway":"lane","highway":"secondary","lane_markings":"yes","lanes":"2","lit":"yes","logainm:ref":"1380722","logainm:url":"https://www.logainm.ie/1380722.aspx","maxspeed":"50","name":"Mespil Road","name:en":"Mespil Road","name:ga":"B\u00f3thar Mespil","old_name":"Gibbet Meadow","ref":"R111","sidewalk:left":"yes","sidewalk:right":"separate","surface":"asphalt","osm_type":"way","osm_id":25466631,"length_m":274.31}},{"type":"Feature","geometry":{"type":"LineString","coordinates":[[-6.2874599,53.3776569],[-6.2862867,53.3759269]]},"properties":{"foot":"yes","highway":"cycleway","oneway":"yes","surface":"concrete","osm_type":"way","osm_id":26500147,"length_m":210.76}},{"type":"Feature","geometry":{"type":"LineString","coordinates":[[-6.2714985,53.3643833],[-6.2639037,53.3626002]]},"properties":{"bicycle":"designated","cycleway:width":"2","foot":"designated","highway":"cycleway","incline":"down","lit":"yes","motor_vehicle":"no","name":"Royal Canal Greenway","segregated":"yes","sidewalk":"right","smoothness":"excellent","surface":"asphalt","wheelchair":"yes","osm_type":"way","osm_id":26500149,"length_m":541.83}},{"type":"Feature","geometry":{"type":"LineString","coordinates":[[-6.2516701,53.3595636],[-6.2496727,53.3591079],[-6.2485889,53.3586756]]},"properties":{"bicycle":"designated","check_date:surface":"2025-10-19","cycleway:surface":"asphalt","cycleway:width":"2.2","foot":"designated","footway:surface":"asphalt","highway":"cycleway","incline":"0%","lit":"yes","name":"Royal Canal Greenway","segregated":"yes","smoothness":"excellent","source:cycleway:width":"ARCore","surface":"asphalt","towpath":"yes","wheelchair":"yes","osm_type":"way","osm_id":26500150,"length_m":228.74}},{"type":"Feature","geometry":{"type":"LineString","coordinates":[[-6.244941,53.3566814],[-6.2462392,53.3573635]]},"properties":{"bicycle":"designated","bicycle_road":"yes","cycleway":"shared_lane","cycleway:both":"shared_lane","highway":"residential","lanes":"1","lit":"yes","maxspeed":"30","name":"Charleville Mall","name:ga":"Meal R\u00e1th Luirc","parking:right":"street_side","surface":"asphalt","osm_type":"way","osm_id":26500151,"length_m":114.8}},{"type":"Feature","geometry":{"type":"LineString","coordinates":[[-6.2258491,53.3516206],[-6.2252551,53.3524806],[-6.2252989,53.3526441]]},"properties":{"check_date:surface":"2024-10-27","cycleway":"sidewalk","cycleway:surface":"concrete","footway:surface":"concrete","highway":"cycleway","lit":"yes","oneway":"yes","segregated":"yes","surface":"concrete","osm_type":"way","osm_id":26578116,"length_m":122.67}},{"type":"Feature","geometry":{"type":"LineString","coordinates":[[-6.3223252,53.345125],[-6.3247981,53.3446135],[-6.3264693,53.3444709],[-6.3292154,53.3451931],[-6.3319526,53.3454687],[-6.3334894,53.345749],[-6.334641,53.3456835],[-6.3367194,53.3451089],[-6.3382342,53.3449939],[-6.3398119,53.3452161],[-6.3412309,53.345591],[-6.3416893,53.3455545]]},"properties":{"bicycle":"designated","check_date:surface":"2025-12-30","cycleway:surface":"asphalt","embankment":"yes","foot":"designated","footway:surface":"asphalt","highway":"cycleway","lit":"no","name":"Liffey Tow Path","oneway":"no","segregated":"yes","surface":"asphalt","width":"3","osm_type":"way","osm_id":26582202,"length_m":1352.08}},{"type":"Feature","geometry":{"type":"LineString","coordinates":[[-6.2216779,53.3629095],[-6.2217113,53.3629497]]},"properties":{"bicycle":"designated","foot":"designated","highway":"cycleway","oneway":"no","surface":"asphalt","osm_type":"way","osm_id":28164728,"length_m":4.99}},{"type":"Feature","geometry":{"type":"LineString","coordinates":[[-6.2299901,53.3642363],[-6.2310852,53.363248]]},"properties":{"foot":"yes","highway":"cycleway","segregated":"no","surface":"asphalt","osm_type":"way","osm_id":28616569,"length_m":131.82}},{"type":"Feature","geometry":{"type":"LineString","coordinates":[[-6.2254861,53.3342826],[-6.226547,53.3339566],[-6.2270768,53.3336878],[-6.2277629,53.3331539]]},"properties":{"bicycle":"designated","foot":"designated","highway":"cycleway","lit":"yes","segregated":"no","surface":"asphalt","osm_type":"way","osm_id":29381371,"length_m":200.24}},{"type":"Feature","geometry":{"type":"LineString","coordinates":[[-6.3050337,53.3369249],[-6.3037293,53.3371017],[-6.3016875,53.3372037],[-6.30072,53.3374499],[-6.2994853,53.337569]]},"properties":{"bicycle":"designated","foot":"designated","highway":"cycleway","lit":"yes","oneway":"no","segregated":"no","surface":"asphalt","osm_type":"way","osm_id":30406195,"length_m":378.17}},{"type":"Feature","geometry":{"type":"LineString","coordinates":[[-6.3079197,53.3430191],[-6.3078779,53.3424989]]},"properties":{"cycleway":"lane","highway":"secondary","lane_markings":"yes","lanes":"4","lanes:left":"2","lanes:right":"2","lit":"yes","logainm:ref":"1379353","logainm:url":"https://www.logainm.ie/1379353.aspx","maxspeed":"50","name":"South Circular Road","name:en":"South Circular Road","name:ga":"Cuarb\u00f3thar Theas","ref":"R111","surface":"asphalt","turn:lanes:forward":"left;through|right","osm_type":"way","osm_id":30421229,"length_m":57.91}},{"type":"Feature","geometry":{"type":"LineString","coordinates":[[-6.3316368,53.3176966],[-6.3248815,53.320708]]},"properties":{"cycleway":"lane","highway":"residential","lanes":"2","maxspeed":"30","maxweight":"3.5","name":"Bunting Road","name:ga":"B\u00f3thar Bunting","surface":"asphalt","osm_type":"way","osm_id":32456000,"length_m":559.89}},{"type":"Feature","geometry":{"type":"LineString","coordinates":[[-6.2117499,53.3604046],[-6.2137198,53.3608753],[-6.2151924,53.3613879]]},"properties":{"bicycle":"designated","highway":"cycleway","oneway":"no","surface":"asphalt","osm_type":"way","osm_id":32866631,"length_m":254.32}},{"type":"Feature","geometry":{"type":"LineString","coordinates":[[-6.2485289,53.3096678],[-6.2481199,53.3095554]]},"properties":{"bridge":"yes","foot":"yes","highway":"cycleway","lit":"no","logainm:ref":"No entry","logainm:url":"No entry","name":"Packhorse Bridge","name:en":"Packhorse Bridge","segregated":"no","surface":"sett","osm_type":"way","osm_id":35363595,"length_m":29.91}},{"type":"Feature","geometry":{"type":"LineString","coordinates":[[-6.2962218,53.3022692],[-6.2936361,53.3037586]]},"properties":{"bicycle":"designated","foot":"designated","highway":"cycleway","image":"http://storage2.openstreetcam.org/files/photo/2016/11/12/lth/27232_8851f_58277e68e20ae.jpg","lit":"yes","segregated":"no","smoothness":"excellent","surface":"asphalt","survey:date":"2016-11-12","osm_type":"way","osm_id":35582153,"length_m":239.6}},{"type":"Feature","geometry":{"type":"LineString","coordinates":[[-6.2596911,53.3299724],[-6.2590593,53.3291639]]},"properties":{"cycleway":"lane","highway":"secondary","lane_markings":"yes","lanes":"2","lit":"yes","logainm:ref":"1380874","logainm:url":"https://www.logainm.ie/1380874.aspx","maxspeed":"50","name":"Ranelagh Road","name:en":"Ranelagh Road","name:ga":"B\u00f3thar Raghnallach","ref":"R117","sidewalk":"both","surface":"asphalt","osm_type":"way","osm_id":36819764,"length_m":99.31}},{"type":"Feature","geometry":{"type":"LineString","coordinates":[[-6.2560402,53.3530263],[-6.2568923,53.3542062]]},"properties":{"alt_name:ga":"Sr\u00e1id Ghardnar \u00cdochtarach","cycleway":"lane","highway":"secondary","lane_markings":"yes","lanes":"2","lit":"yes","logainm:ref":"1383418","logainm:url":"https://www.logainm.ie/1383418.aspx","maxspeed":"50","name":"Gardiner Street Lower","name:en":"Gardiner Street Lower","name:ga":"Sr\u00e1id Ghairdin\u00e9ir \u00cdochtarach","ref":"R802","sidewalk":"both","surface":"asphalt","osm_type":"way","osm_id":37746962,"length_m":142.87}},{"type":"Feature","geometry":{"type":"LineString","coordinates":[[-6.3223203,53.3650934],[-6.3239207,53.3654957],[-6.3254177,53.3661574]]},"properties":{"foot":"no","highway":"cycleway","motor_vehicle":"no","osm_type":"way","osm_id":38099472,"length_m":240.92}},{"type":"Feature","geometry":{"type":"LineString","coordinates":[[-6.2755716,53.3295075],[-6.2759158,53.32904]]},"properties":{"cycleway":"lane","highway":"secondary","lane_markings":"yes","lanes":"3","lit":"yes","logainm:ref":"1380511","logainm:url":"https://www.logainm.ie/1380511.aspx","maxspeed":"50","name":"Harold's Cross Road","name:en":"Harold's Cross Road","name:ga":"B\u00f3thar Chrois Araild","ref":"R137","sidewalk":"separate","source":"Bing","surface":"asphalt","turn:lanes:backward":"left;through|through;right","osm_type":"way","osm_id":38375201,"length_m":56.82}},{"type":"Feature","geometry":{"type":"LineString","coordinates":[[-6.244664,53.3277494],[-6.2445852,53.3277124]]},"properties":{"alt_name:ga":"B\u00f3thar Morehampton","cycleway":"lane","highway":"secondary","incline":"up","lane_markings":"yes","lanes":"4","lit":"yes","logainm:ref":"1380756","logainm:url":"https://www.logainm.ie/1380756.aspx","maxspeed":"50","name":"Morehampton Road","name:en":"Morehampton Road","name:ga":"B\u00f3thar M\u00f3ramton","ref":"R138","surface":"asphalt","osm_type":"way","osm_id":39540888,"length_m":6.66}},{"type":"Feature","geometry":{"type":"LineString","coordinates":[[-6.2479239,53.3480635],[-6.2481521,53.34797],[-6.2487936,53.348013]]},"properties":{"highway":"cycleway","lit":"yes","oneway":"yes","smoothness":"excellent","surface":"asphalt","osm_type":"way","osm_id":40047170,"length_m":61.23}},{"type":"Feature","geometry":{"type":"LineString","coordinates":[[-6.2490437,53.3480251],[-6.2510031,53.3481375]]},"properties":{"comment":"This cycleway stops dead on the western end. Cyclists are left with no option but to dismount","highway":"cycleway","lit":"yes","oneway":"yes","smoothness":"excellent","surface":"asphalt","osm_type":"way","osm_id":40047171,"length_m":130.66}},{"type":"Feature","geometry":{"type":"LineString","coordinates":[[-6.2487936,53.348013],[-6.2490437,53.3480251]]},"properties":{"bicycle":"designated","bridge":"yes","foot":"designated","highway":"cycleway","layer":"1","oneway":"yes","segregated":"no","year_of_construction":"2019","osm_type":"way","osm_id":40047172,"length_m":16.66}},{"type":"Feature","geometry":{"type":"LineString","coordinates":[[-6.2584894,53.359169],[-6.2579744,53.3590799]]},"properties":{"cycleway":"lane","highway":"secondary","lane_markings":"yes","lanes":"2","lit":"yes","logainm:ref":"1379354","logainm:url":"https://www.logainm.ie/1379354.aspx","maxspeed":"50","name":"North Circular Road","name:en":"North Circular Road","name:ga":"Cuarbh\u00f3thar Thuaidh","ref":"R101","surface":"asphalt","osm_type":"way","osm_id":40260270,"length_m":35.58}},{"type":"Feature","geometry":{"type":"LineString","coordinates":[[-6.2554741,53.3669328],[-6.2553782,53.3668594],[-6.2554082,53.3665171],[-6.255615,53.3660754],[-6.2569292,53.3642612],[-6.2571906,53.3641992]]},"properties":{"bicycle":"designated","foot":"designated","highway":"cycleway","lit":"yes","oneway":"yes","segregated":"no","surface":"asphalt","osm_type":"way","osm_id":40260273,"length_m":338.26}},{"type":"Feature","geometry":{"type":"LineString","coordinates":[[-6.2338669,53.3191697],[-6.2331129,53.3194457]]},"properties":{"cycleway":"lane","highway":"secondary","lanes":"2","lit":"yes","logainm:ref":"1380584","logainm:url":"https://www.logainm.ie/1380584.aspx","maxspeed":"50","name":"Eglinton Road","name:en":"Eglinton Road","name:ga":"B\u00f3thar Eglinton","ref":"R824","surface":"asphalt","osm_type":"way","osm_id":40387493,"length_m":58.74}},{"type":"Feature","geometry":{"type":"LineString","coordinates":[[-6.3327702,53.3630402],[-6.3260509,53.3602191]]},"properties":{"bus":"private","cycleway":"track","hgv":"private","highway":"tertiary","lane_markings":"yes","lanes":"2","lit":"yes","logainm:ref":"1379752","logainm:url":"https://www.logainm.ie/1379752.aspx","maxspeed":"30","name":"Chesterfield Avenue","name:en":"Chesterfield Avenue","name:ga":"Ascaill Chesterfield","parking:both":"no","sidewalk":"separate","surface":"asphalt","osm_type":"way","osm_id":41738545,"length_m":545.17}},{"type":"Feature","geometry":{"type":"LineString","coordinates":[[-6.2577735,53.3635651],[-6.2578818,53.3636627],[-6.2563643,53.3655729],[-6.2558516,53.3663308],[-6.2556143,53.3669113],[-6.2554741,53.3669328]]},"properties":{"foot":"yes","highway":"cycleway","lit":"yes","oneway":"yes","surface":"paved","osm_type":"way","osm_id":43175825,"length_m":415.55}},{"type":"Feature","geometry":{"type":"LineString","coordinates":[[-6.2668041,53.344155],[-6.2665451,53.3441717]]},"properties":{"cycleway":"lane","cycleway:lane":"advisory","highway":"secondary","lane_markings":"yes","lanes":"3","lanes:backward":"1","lanes:forward":"2","lit":"yes","logainm:ref":"1383248","logainm:url":"https://www.logainm.ie/1383248.aspx","maxspeed":"30","name":"Dame Street","name:en":"Dame Street","name:ga":"Sr\u00e1id An D\u00e1ma","old_name":"Street of the theng-mote","old_name:c14":"Street of the theng-mote","ref":"R137","sidewalk:both:surface":"paving_stones","sidewalk:left":"yes","sidewalk:right":"separate","smoothness":"excellent","source:old_name":"T C Macready","surface":"asphalt","turn:lanes:forward":"through|through","osm_type":"way","osm_id":43538577,"length_m":17.29}},{"type":"Feature","geometry":{"type":"LineString","coordinates":[[-6.2874994,53.3771008],[-6.2880084,53.3770342],[-6.2884502,53.3771407],[-6.288717,53.3772624],[-6.2889042,53.3775428],[-6.2895234,53.3776966],[-6.2910996,53.3777564],[-6.2919564,53.3776569]]},"properties":{"foot":"yes","highway":"cycleway","name":"Tolka Greenway","oneway":"no","surface":"paved","osm_type":"way","osm_id":43675075,"length_m":331.72}},{"type":"Feature","geometry":{"type":"LineString","coordinates":[[-6.2656764,53.3224815],[-6.2657518,53.3220983]]},"properties":{"cycleway":"lane","highway":"secondary","lane_markings":"yes","lanes":"3","lit":"yes","logainm:ref":"1380887","logainm:url":"https://www.logainm.ie/1380887.aspx","maxspeed":"50","name":"Rathmines Road Lower","name:en":"Rathmines Road Lower","name:ga":"B\u00f3thar R\u00e1th Maonais \u00cdochtarach","ref":"R114","sidewalk":"both","surface":"asphalt","osm_type":"way","osm_id":44116652,"length_m":42.99}},{"type":"Feature","geometry":{"type":"LineString","coordinates":[[-6.2676462,53.3215069],[-6.2674758,53.3213861]]},"properties":{"alt_name:ga":"B\u00f3thar R\u00e1th Luirc","foot":"no","highway":"cycleway","lit":"yes","logainm:ref":"1380422","logainm:url":"https://www.logainm.ie/1380422.aspx","maxspeed":"30","name":"Charleville Road","name:en":"Charleville Road","name:ga":"B\u00f3thar Charleville","oneway":"yes","surface":"asphalt","width":"2","osm_type":"way","osm_id":44116656,"length_m":17.6}},{"type":"Feature","geometry":{"type":"LineString","coordinates":[[-6.2656268,53.3227871],[-6.2656559,53.3226164]]},"properties":{"cycleway":"lane","highway":"secondary","lane_markings":"yes","lanes":"2","lit":"yes","logainm:ref":"1380887","logainm:url":"https://www.logainm.ie/1380887.aspx","maxspeed":"50","name":"Rathmines Road Lower","name:en":"Rathmines Road Lower","name:ga":"B\u00f3thar R\u00e1th Maonais \u00cdochtarach","ref":"R114","sidewalk":"both","surface":"asphalt","osm_type":"way","osm_id":44116671,"length_m":19.08}},{"type":"Feature","geometry":{"type":"LineString","coordinates":[[-6.2675625,53.3213408],[-6.2674758,53.3213861]]},"properties":{"alt_name:ga":"B\u00f3thar R\u00e1th gCearr","cycleway":"lane","highway":"secondary","lane_markings":"yes","lanes":"2","lit":"yes","logainm:ref":"1380886","logainm:url":"https://www.logainm.ie/1380886.aspx","maxspeed":"50","name":"Rathgar Road","name:en":"Rathgar Road","name:ga":"B\u00f3thar R\u00e1th Garbh","ref":"R114","sidewalk":"both","surface":"asphalt","osm_type":"way","osm_id":44406766,"length_m":7.65}},{"type":"Feature","geometry":{"type":"LineString","coordinates":[[-6.2657518,53.3220983],[-6.2659221,53.3218616]]},"properties":{"alt_name":"Rathmines Terrace","cycleway":"lane","highway":"secondary","lane_markings":"yes","lanes":"3","lit":"yes","logainm:ref":"1380887","logainm:url":"https://www.logainm.ie/1380887.aspx","maxspeed":"50","name":"Rathmines Road Lower","name:en":"Rathmines Road Lower","name:ga":"B\u00f3thar R\u00e1th Maonais \u00cdochtarach","ref":"R114","sidewalk":"both","surface":"asphalt","osm_type":"way","osm_id":44433289,"length_m":28.71}},{"type":"Feature","geometry":{"type":"LineString","coordinates":[[-6.2582277,53.32721],[-6.2581761,53.3271664]]},"properties":{"cycleway":"lane","highway":"secondary","lane_markings":"yes","lanes":"3","lit":"yes","logainm:ref":"1380874","logainm:url":"https://www.logainm.ie/1380874.aspx","maxspeed":"50","name":"Ranelagh Road","name:en":"Ranelagh Road","name:ga":"B\u00f3thar Raghnallach","ref":"R117","sidewalk":"both","surface":"asphalt","osm_type":"way","osm_id":44464170,"length_m":5.94}},{"type":"Feature","geometry":{"type":"LineString","coordinates":[[-6.2581071,53.327124],[-6.2567358,53.326676]]},"properties":{"cycleway":"lane","highway":"secondary","lane_markings":"yes","lanes":"3","lit":"yes","logainm:ref":"1380874","logainm:url":"https://www.logainm.ie/1380874.aspx","maxspeed":"50","name":"Ranelagh Road","name:en":"Ranelagh Road","name:ga":"B\u00f3thar Raghnallach","ref":"R117","sidewalk":"both","surface":"asphalt","osm_type":"way","osm_id":44464171,"length_m":103.87}},{"type":"Feature","geometry":{"type":"LineString","coordinates":[[-6.2567358,53.326676],[-6.2562147,53.3264403]]},"properties":{"cycleway":"lane","highway":"secondary","lane_markings":"yes","lanes":"2","lit":"yes","logainm:ref":"1380874","logainm:url":"https://www.logainm.ie/1380874.aspx","maxspeed":"50","name":"Ranelagh Road","name:en":"Ranelagh Road","name:ga":"B\u00f3thar Raghnallach","ref":"R117","sidewalk":"both","surface":"asphalt","osm_type":"way","osm_id":44464172,"length_m":43.57}},{"type":"Feature","geometry":{"type":"LineString","coordinates":[[-6.2499742,53.3233537],[-6.2487343,53.3227492]]},"properties":{"cycleway":"lane","highway":"secondary","lane_markings":"yes","lanes":"2","lit":"yes","logainm:ref":"1380918","logainm:url":"https://www.logainm.ie/1380918.aspx","maxspeed":"50","name":"Sandford Road","name:en":"Sandford Road","name:ga":"B\u00f3thar Sandford","ref":"R117","sidewalk":"both","surface":"asphalt","osm_type":"way","osm_id":44540615,"length_m":106.4}},{"type":"Feature","geometry":{"type":"LineString","coordinates":[[-6.245463,53.353803],[-6.2453123,53.3536897]]},"properties":{"cycleway":"lane","highway":"secondary","lane_markings":"yes","lanes":"2","layer":"-1","lit":"yes","logainm:ref":"1383007","logainm:url":"https://www.logainm.ie/1383007.aspx","maxheight":"5.06","maxspeed":"50","name":"Seville Place","name:en":"Seville Place","name:ga":"Pl\u00e1s Seville","ref":"R101","sidewalk":"both","surface":"asphalt","tunnel":"yes","osm_type":"way","osm_id":44658729,"length_m":16.09}},{"type":"Feature","geometry":{"type":"LineString","coordinates":[[-6.2483443,53.3517257],[-6.2489158,53.3517603]]},"properties":{"cycleway":"track","cycleway:surface":"asphalt","highway":"tertiary","lane_markings":"no","lanes":"2","layer":"-1","lit":"yes","logainm:ref":"1383310","logainm:url":"https://www.logainm.ie/1383310.aspx","maxheight":"5.07","maxspeed":"30","name":"Sheriff Street Lower","name:en":"Sheriff Street Lower","name:ga":"Sr\u00e1id an tSirriam \u00cdochtarach","ref":"L1557","shoulder":"no","sidewalk":"both","sidewalk:both:surface":"paving_stones","surface":"sett","tunnel":"yes","osm_type":"way","osm_id":44705512,"length_m":38.13}},{"type":"Feature","geometry":{"type":"LineString","coordinates":[[-6.2491398,53.3517763],[-6.2494127,53.3518001]]},"properties":{"cycleway":"track","cycleway:surface":"asphalt","highway":"tertiary","lane_markings":"no","lanes":"2","lit":"yes","logainm:ref":"1383310","logainm:url":"https://www.logainm.ie/1383310.aspx","maxspeed":"30","name":"Sheriff Street Lower","name:en":"Sheriff Street Lower","name:ga":"Sr\u00e1id an tSirriam \u00cdochtarach","ref":"L1557","sidewalk":"both","sidewalk:both:surface":"paving_stones","surface":"sett","osm_type":"way","osm_id":44705513,"length_m":18.31}},{"type":"Feature","geometry":{"type":"LineString","coordinates":[[-6.1601397,53.4032076],[-6.1620089,53.4030044],[-6.1622815,53.4030673],[-6.1624341,53.403178],[-6.1624824,53.4038624],[-6.162815,53.4045932],[-6.1628472,53.4054806],[-6.1626594,53.4068301],[-6.1622946,53.4071723],[-6.1611413,53.407281]]},"properties":{"foot":"yes","highway":"cycleway","osm_type":"way","osm_id":46823635,"length_m":694.87}},{"type":"Feature","geometry":{"type":"LineString","coordinates":[[-6.2903686,53.3127871],[-6.2903209,53.3127719]]},"properties":{"foot":"yes","highway":"cycleway","lit":"yes","surface":"concrete","width":"1","osm_type":"way","osm_id":48119976,"length_m":3.59}},{"type":"Feature","geometry":{"type":"LineString","coordinates":[[-6.1629617,53.3801985],[-6.1607134,53.3804273]]},"properties":{"cycleway":"lane","highway":"secondary","lane_markings":"yes","lanes":"2","lit":"yes","logainm:ref":"1380376","logainm:url":"https://www.logainm.ie/1380376.aspx","maxspeed":"60","name":"Howth Road","name:en":"Howth Road","name:ga":"B\u00f3thar Bhinn \u00c9adair","ref":"R105","sidewalk":"both","surface":"asphalt","osm_type":"way","osm_id":49214036,"length_m":151.34}},{"type":"Feature","geometry":{"type":"LineString","coordinates":[[-6.3079249,53.3431255],[-6.3079197,53.3430191]]},"properties":{"cycleway":"lane","highway":"secondary","lane_markings":"yes","lanes":"4","lanes:backward":"2","lanes:forward":"2","lit":"yes","logainm:ref":"1379353","logainm:url":"https://www.logainm.ie/1379353.aspx","maxspeed":"50","name":"South Circular Road","name:en":"South Circular Road","name:ga":"Cuarb\u00f3thar Theas","ref":"R111","surface":"asphalt","osm_type":"way","osm_id":52881501,"length_m":11.84}},{"type":"Feature","geometry":{"type":"LineString","coordinates":[[-6.3335814,53.3336],[-6.3461421,53.3320623]]},"properties":{"bicycle":"designated","embankment":"yes","foot":"designated","highway":"cycleway","lit":"yes","motor_vehicle":"private","name":"Grand Canal Way","oneway":"no","segregated":"no","surface":"asphalt","width":"3","osm_type":"way","osm_id":55447666,"length_m":851.77}},{"type":"Feature","geometry":{"type":"LineString","coordinates":[[-6.2415852,53.3463645],[-6.241373,53.347459]]},"properties":{"bicycle":"designated","bridge":"movable","bridge:movable":"swing","bridge:structure":"cable-stayed","foot":"designated","highway":"cycleway","layer":"1","lit":"yes","logainm:ref":"1381803","logainm:url":"https://www.logainm.ie/1381803.aspx","name":"Samuel Beckett Bridge","name:en":"Samuel Beckett Bridge","name:ga":"Droichead Samuel Beckett","old_name":"Macken Street Bridge","oneway":"yes","segregated":"no","sidewalk":"separate","smoothness":"excellent","start_date":"2009","surface":"asphalt","wikidata":"Q1193916","wikimedia_commons":"Category:Samuel Beckett Bridge","wikipedia":"en:Samuel Beckett Bridge","osm_type":"way","osm_id":55643245,"length_m":122.52}},{"type":"Feature","geometry":{"type":"LineString","coordinates":[[-6.2410619,53.3463051],[-6.2402546,53.346171]]},"properties":{"bicycle":"designated","cycleway:surface":"asphalt","foot":"yes","footway:surface":"paving_stones","highway":"cycleway","lit":"yes","oneway":"no","segregated":"no","surface":"asphalt","osm_type":"way","osm_id":56052076,"length_m":56.47}},{"type":"Feature","geometry":{"type":"LineString","coordinates":[[-6.2223735,53.3621052],[-6.223077,53.3615947],[-6.2241907,53.3612394],[-6.2275657,53.3610877],[-6.2291721,53.3608153],[-6.2304866,53.3603792],[-6.2317352,53.3596803]]},"properties":{"bicycle":"yes","foot":"no","highway":"cycleway","name":"Alfie Byrne Road","name:en":"Alfie Byrne Road","name:ga":"B\u00f3thar Ailf U\u00ed Bhroin","oneway":"no","sidewalk":"left","surface":"asphalt","osm_type":"way","osm_id":59434270,"length_m":708.81}},{"type":"Feature","geometry":{"type":"LineString","coordinates":[[-6.2179362,53.3621133],[-6.2192406,53.3624735],[-6.2205464,53.3626577]]},"properties":{"highway":"cycleway","oneway":"no","surface":"asphalt","osm_type":"way","osm_id":59434272,"length_m":184.5}},{"type":"Feature","geometry":{"type":"LineString","coordinates":[[-6.2301104,53.3468078],[-6.2350951,53.3471656]]},"properties":{"highway":"cycleway","lit":"yes","surface":"asphalt","width":"2","osm_type":"way","osm_id":59610087,"length_m":338.15}},{"type":"Feature","geometry":{"type":"LineString","coordinates":[[-6.238494,53.3473866],[-6.2392549,53.3474314]]},"properties":{"highway":"cycleway","lit":"yes","oneway":"no","surface":"asphalt","osm_type":"way","osm_id":59610134,"length_m":50.75}},{"type":"Feature","geometry":{"type":"LineString","coordinates":[[-6.2383407,53.3474379],[-6.238494,53.3473866]]},"properties":{"highway":"cycleway","lit":"yes","oneway":"yes","surface":"paving_stones","osm_type":"way","osm_id":59610135,"length_m":12.17}},{"type":"Feature","geometry":{"type":"LineString","coordinates":[[-6.2440423,53.3478133],[-6.2442971,53.3477485],[-6.2456799,53.3478319],[-6.2457072,53.347925]]},"properties":{"cycleway:surface":"asphalt","foot":"yes","footway:surface":"paving_stones","highway":"cycleway","lit":"yes","oneway":"yes","segregated":"yes","smoothness":"excellent","surface":"asphalt","osm_type":"way","osm_id":64059588,"length_m":122.17}},{"type":"Feature","geometry":{"type":"LineString","coordinates":[[-6.2315142,53.3268349],[-6.2316265,53.3265762],[-6.2322045,53.3260745]]},"properties":{"highway":"cycleway","network":"lcn","segregated":"no","smoothness":"good","surface":"asphalt","width":"4","osm_type":"way","osm_id":66419690,"length_m":97.55}},{"type":"Feature","geometry":{"type":"LineString","coordinates":[[-6.2393494,53.3402136],[-6.239306,53.3404085]]},"properties":{"bicycle":"designated","foot":"designated","highway":"cycleway","horse":"yes","lit":"no","maxheight":"2.36","motor_vehicle":"no","name":"Grand Canal Quay","name:ga":"C\u00e9 na M\u00f3rchan\u00e1lach","oneway":"no","ref":"L1543","sidewalk":"yes","surface":"sett","tunnel":"yes","osm_type":"way","osm_id":74073872,"length_m":21.86}},{"type":"Feature","geometry":{"type":"LineString","coordinates":[[-6.2192169,53.3374757],[-6.2190933,53.3372282]]},"properties":{"cycleway:left":"no","highway":"cycleway","lanes":"1","lit":"yes","logainm:ref":"1417002","logainm:url":"https://www.logainm.ie/1417002.aspx","name":"Sean Moore Road","name:en":"Sean Moore Road","name:etymology:wikidata":"Q1312995","name:ga":"B\u00f3thar She\u00e1in U\u00ed Mh\u00f3ra","old_name":"South Link Road","oneway":"yes","ref":"R131","surface":"asphalt","osm_type":"way","osm_id":76907213,"length_m":29.75}},{"type":"Feature","geometry":{"type":"LineString","coordinates":[[-6.2101262,53.3178217],[-6.2103959,53.317895]]},"properties":{"cycleway":"lane","highway":"secondary","lane_markings":"yes","lanes":"2","lit":"yes","logainm:ref":"1380751","logainm:url":"https://www.logainm.ie/1380751.aspx","maxspeed":"50","name":"Merrion Road","name:en":"Merrion Road","name:ga":"B\u00f3thar Muirbhthean","oneway":"yes","ref":"R118","sidewalk:left":"separate","sidewalk:right":"yes","surface":"asphalt","osm_type":"way","osm_id":81176044,"length_m":19.68}},{"type":"Feature","geometry":{"type":"LineString","coordinates":[[-6.3039383,53.3634886],[-6.3018582,53.3627618]]},"properties":{"cycleway":"lane","highway":"secondary","lane_markings":"yes","lanes":"3","lit":"yes","logainm:ref":"1380791","logainm:url":"https://www.logainm.ie/1380791.aspx","maxspeed":"50","name":"Navan Road","name:en":"Navan Road","name:ga":"B\u00f3thar na hUaimhe","ref":"R147","sidewalk":"both","sidewalk:both:surface":"concrete","surface":"asphalt","osm_type":"way","osm_id":81982570,"length_m":159.97}},{"type":"Feature","geometry":{"type":"LineString","coordinates":[[-6.2808218,53.3105587],[-6.279975,53.3107849]]},"properties":{"alt_name:ga":"B\u00f3thar Thiorfhionnabhair O","cycleway":"lane","highway":"secondary","lane_markings":"yes","lanes":"2","lit":"yes","logainm:ref":"1380959","logainm:url":"https://www.logainm.ie/1380959.aspx","maxspeed":"50","name":"Terenure Road East","name:en":"Terenure Road East","name:ga":"B\u00f3thar Th\u00edr an I\u00fair Thoir","ref":"R114","sidewalk":"both","surface":"asphalt","osm_type":"way","osm_id":85195095,"length_m":61.63}},{"type":"Feature","geometry":{"type":"LineString","coordinates":[[-6.286445,53.3084681],[-6.284684,53.3095497]]},"properties":{"cycleway":"lane","highway":"secondary","lane_markings":"yes","lanes":"2","lit":"yes","logainm:ref":"1380955","logainm:url":"https://www.logainm.ie/1380955.aspx","maxspeed":"50","name":"Templeogue Road","name:en":"Templeogue Road","name:ga":"B\u00f3thar Theach Meal\u00f3g","ref":"R137","sidewalk":"both","surface":"asphalt","osm_type":"way","osm_id":87148854,"length_m":167.84}},{"type":"Feature","geometry":{"type":"LineString","coordinates":[[-6.3415125,53.3667018],[-6.3484097,53.3695938]]},"properties":{"bus":"private","cycleway":"track","hgv":"private","highway":"tertiary","lane_markings":"yes","lanes":"2","lit":"yes","logainm:ref":"1379752","logainm:url":"https://www.logainm.ie/1379752.aspx","maxspeed":"30","name":"Chesterfield Avenue","name:en":"Chesterfield Avenue","name:ga":"Ascaill Chesterfield","sidewalk":"separate","surface":"asphalt","osm_type":"way","osm_id":110225055,"length_m":559.3}},{"type":"Feature","geometry":{"type":"LineString","coordinates":[[-6.2354082,53.3323049],[-6.2353118,53.332199]]},"properties":{"alt_name:ga":"B\u00f3thar Pheambr\u00f3g","cycleway":"lane","highway":"secondary","lane_markings":"yes","lanes":"3","lit":"yes","logainm:ref":"1380868","logainm:url":"https://www.logainm.ie/1380868.aspx","maxspeed":"50","name":"Pembroke Road","name:en":"Pembroke Road","name:ga":"B\u00f3thar Pembr\u00f3c","ref":"R118","sidewalk":"both","surface":"asphalt","osm_type":"way","osm_id":110445434,"length_m":13.4}},{"type":"Feature","geometry":{"type":"LineString","coordinates":[[-6.2353118,53.332199],[-6.2349646,53.3318179]]},"properties":{"alt_name:ga":"B\u00f3thar Pheambr\u00f3g","cycleway":"lane","highway":"secondary","lane_markings":"yes","lanes":"3","lit":"yes","logainm:ref":"1380868","logainm:url":"https://www.logainm.ie/1380868.aspx","maxspeed":"50","name":"Pembroke Road","name:en":"Pembroke Road","name:ga":"B\u00f3thar Pembr\u00f3c","ref":"R118","sidewalk":"both","sidewalk:both":"separate","surface":"asphalt","osm_type":"way","osm_id":110445437,"length_m":48.3}},{"type":"Feature","geometry":{"type":"LineString","coordinates":[[-6.2354691,53.3323976],[-6.2354082,53.3323049]]},"properties":{"alt_name:ga":"B\u00f3thar Northumberland","cycleway":"lane","highway":"secondary","lane_markings":"yes","lanes":"3","lit":"yes","logainm:ref":"1380836","logainm:url":"https://www.logainm.ie/1380836.aspx","maxspeed":"50","name":"Northumberland Road","name:en":"Northumberland Road","name:ga":"B\u00f3thar Nortumbar","ref":"R118","sidewalk":"both","surface":"asphalt","osm_type":"way","osm_id":110445438,"length_m":11.07}},{"type":"Feature","geometry":{"type":"LineString","coordinates":[[-6.2590593,53.3291639],[-6.2585683,53.3282414],[-6.2583652,53.3274063],[-6.2582277,53.32721]]},"properties":{"cycleway":"lane","highway":"secondary","lane_markings":"yes","lanes":"3","lit":"yes","logainm:ref":"1380874","logainm:url":"https://www.logainm.ie/1380874.aspx","maxspeed":"50","name":"Ranelagh Road","name:en":"Ranelagh Road","name:ga":"B\u00f3thar Raghnallach","ref":"R117","sidewalk":"both","surface":"asphalt","osm_type":"way","osm_id":116689248,"length_m":225.25}},{"type":"Feature","geometry":{"type":"LineString","coordinates":[[-6.1429526,53.3847195],[-6.149534,53.382258],[-6.1511144,53.3814017],[-6.1578519,53.3784511],[-6.1604882,53.3768988],[-6.16237,53.375555],[-6.1638426,53.3744442],[-6.1641018,53.3739336]]},"properties":{"bicycle":"designated","check_date:surface":"2024-08-21","cycleway:surface":"asphalt","cycleway:width":"2","foot":"designated","footway:surface":"asphalt","highway":"cycleway","oneway":"no","segregated":"yes","surface":"asphalt","width":"2","osm_type":"way","osm_id":128335652,"length_m":1870.19}},{"type":"Feature","geometry":{"type":"LineString","coordinates":[[-6.244723,53.3277763],[-6.244664,53.3277494]]},"properties":{"cycleway":"lane","highway":"secondary","incline":"up","lane_markings":"yes","lanes":"4","lit":"yes","logainm:ref":"1383467","logainm:url":"https://www.logainm.ie/1383467.aspx","maxspeed":"50","name":"Leeson Street Upper","name:en":"Leeson Street Upper","name:ga":"Sr\u00e1id L\u00edosain Uachtarach","ref":"R138","surface":"asphalt","osm_type":"way","osm_id":128521557,"length_m":4.93}},{"type":"Feature","geometry":{"type":"LineString","coordinates":[[-6.2299901,53.3642363],[-6.2314995,53.3641097],[-6.2328452,53.3637482]]},"properties":{"highway":"cycleway","surface":"asphalt","osm_type":"way","osm_id":128777045,"length_m":199.67}},{"type":"Feature","geometry":{"type":"LineString","coordinates":[[-6.2452282,53.3392075],[-6.2405988,53.3376736]]},"properties":{"alt_name:ga":"Sr\u00e1id Mh\u00f3ta \u00cdocht","cycleway":"lane","highway":"secondary","lane_markings":"yes","lanes":"3","lit":"yes","logainm:ref":"1383276","logainm:url":"https://www.logainm.ie/1383276.aspx","maxspeed":"50","name":"Mount Street Lower","name:en":"Mount Street Lower","name:ga":"Sr\u00e1id an Mh\u00f3ta \u00cdochtarach","ref":"R118","sidewalk":"separate","surface":"asphalt","wikidata":"Q105102150","wikipedia":"en:Mount Street Lower","osm_type":"way","osm_id":128946815,"length_m":351.51}},{"type":"Feature","geometry":{"type":"LineString","coordinates":[[-6.3151948,53.3555715],[-6.3146297,53.3560831],[-6.3141354,53.3563715],[-6.3129157,53.356705],[-6.3101939,53.3568483],[-6.3095363,53.3566998],[-6.3086534,53.3566724],[-6.3077127,53.3568872]]},"properties":{"highway":"cycleway","osm_type":"way","osm_id":129055448,"length_m":559.72}},{"type":"Feature","geometry":{"type":"LineString","coordinates":[[-6.2604219,53.3615795],[-6.2598566,53.3614264]]},"properties":{"bicycle":"designated","foot":"designated","highway":"cycleway","lit":"yes","motorcar":"no","name":"Royal Canal Greenway","oneway":"no","segregated":"no","smoothness":"excellent","surface":"asphalt","wheelchair":"yes","osm_type":"way","osm_id":129062702,"length_m":41.27}},{"type":"Feature","geometry":{"type":"LineString","coordinates":[[-6.2623303,53.3620456],[-6.2623792,53.361902]]},"properties":{"highway":"cycleway","maxspeed":"30","source:width":"ARCore","surface":"asphalt","width":"3.8","osm_type":"way","osm_id":129062703,"length_m":16.39}},{"type":"Feature","geometry":{"type":"LineString","coordinates":[[-6.238135,53.3361423],[-6.2378272,53.3357384]]},"properties":{"alt_name:ga":"B\u00f3thar Northumberland","cycleway":"lane","highway":"secondary","lane_markings":"yes","lanes":"3","lit":"yes","logainm:ref":"1380836","logainm:url":"https://www.logainm.ie/1380836.aspx","maxspeed":"50","name":"Northumberland Road","name:en":"Northumberland Road","name:ga":"B\u00f3thar Nortumbar","ref":"R118","sidewalk":"both","surface":"asphalt","osm_type":"way","osm_id":129068838,"length_m":49.4}},{"type":"Feature","geometry":{"type":"LineString","coordinates":[[-6.2342767,53.3457388],[-6.234286,53.3456975]]},"properties":{"cycleway:surface":"asphalt","foot":"yes","footway:surface":"asphalt","highway":"cycleway","lit":"yes","segregated":"yes","smoothness":"excellent","surface":"asphalt","osm_type":"way","osm_id":129217483,"length_m":4.63}},{"type":"Feature","geometry":{"type":"LineString","coordinates":[[-6.2368963,53.3459374],[-6.2369051,53.3458856]]},"properties":{"foot":"yes","highway":"cycleway","lit":"yes","segregated":"no","smoothness":"excellent","surface":"asphalt","osm_type":"way","osm_id":129217484,"length_m":5.79}},{"type":"Feature","geometry":{"type":"LineString","coordinates":[[-6.2380047,53.3460086],[-6.2380164,53.3459616]]},"properties":{"bicycle":"designated","foot":"yes","highway":"cycleway","lit":"yes","oneway":"no","segregated":"no","smoothness":"excellent","surface":"asphalt","osm_type":"way","osm_id":129217485,"length_m":5.28}},{"type":"Feature","geometry":{"type":"LineString","coordinates":[[-6.2358818,53.3458622],[-6.2358678,53.3458151]]},"properties":{"foot":"yes","highway":"cycleway","lit":"yes","segregated":"no","smoothness":"excellent","surface":"asphalt","osm_type":"way","osm_id":129217487,"length_m":5.32}},{"type":"Feature","geometry":{"type":"LineString","coordinates":[[-6.2515436,53.3473622],[-6.2513027,53.3472813]]},"properties":{"foot":"yes","highway":"cycleway","lanes":"2","lit":"yes","name":"City Quay","name:en":"City Quay","name:ga":"C\u00e9 Na Cathrach","oneway":"no","segregated":"yes","sidewalk":"left","smoothness":"excellent","source":"Bing Aerial Imagery (2021-02-22)","surface":"asphalt","turn:backward":"right","width":"3","osm_type":"way","osm_id":129217490,"length_m":18.72}},{"type":"Feature","geometry":{"type":"LineString","coordinates":[[-6.2462395,53.3466123],[-6.2415856,53.3462653]]},"properties":{"foot":"yes","highway":"cycleway","oneway":"no","segregated":"yes","surface":"asphalt","osm_type":"way","osm_id":129217491,"length_m":311.34}},{"type":"Feature","geometry":{"type":"LineString","coordinates":[[-6.2103159,53.3799376],[-6.20806,53.3815932]]},"properties":{"cycleway":"lane","highway":"secondary","lanes":"3","lit":"yes","logainm:ref":"1380753","logainm:url":"https://www.logainm.ie/1380753.aspx","maxspeed":"50","name":"Malahide Road","name:en":"Malahide Road","name:ga":"B\u00f3thar Mhullach \u00cdde","ref":"R107","sidewalk":"both","surface":"asphalt","osm_type":"way","osm_id":129313733,"length_m":237.54}},{"type":"Feature","geometry":{"type":"LineString","coordinates":[[-6.3038361,53.3570374],[-6.3030062,53.3557018],[-6.3024194,53.3540988],[-6.3017584,53.3533661]]},"properties":{"cycleway":"shared_lane","highway":"unclassified","lanes":"2","maxspeed":"30","name":"North Road","surface":"asphalt","osm_type":"way","osm_id":132081507,"length_m":433.73}},{"type":"Feature","geometry":{"type":"LineString","coordinates":[[-6.3245255,53.3757578],[-6.3227365,53.3757571]]},"properties":{"bicycle":"designated","foot":"designated","highway":"cycleway","segregated":"yes","surface":"asphalt","osm_type":"way","osm_id":134519995,"length_m":118.67}},{"type":"Feature","geometry":{"type":"LineString","coordinates":[[-6.3077348,53.3410741],[-6.3077251,53.3410222]]},"properties":{"bridge":"yes","cycleway":"lane","highway":"secondary","lane_markings":"yes","lanes":"4","lanes:left":"2","lanes:right":"2","layer":"1","lit":"yes","logainm:ref":"1379353","logainm:url":"https://www.logainm.ie/1379353.aspx","maxspeed":"50","maxweight:signed":"no","name":"South Circular Road","name:en":"South Circular Road","name:ga":"Cuarb\u00f3thar Theas","ref":"R111","surface":"asphalt","osm_type":"way","osm_id":148122340,"length_m":5.81}},{"type":"Feature","geometry":{"type":"LineString","coordinates":[[-6.3153027,53.3502605],[-6.3154472,53.3507153],[-6.3157106,53.3510996],[-6.3172057,53.3521872],[-6.3214535,53.3534293],[-6.3227144,53.3540393],[-6.323831,53.3549869],[-6.324711,53.356135]]},"properties":{"bicycle":"designated","check_date:surface":"2025-12-16","cycleway:left":"lane","cycleway:left:lane":"exclusive","cycleway:right":"no","cycleway:surface":"asphalt","cycleway:width":"1.5","foot":"designated","footway:surface":"asphalt","highway":"cycleway","lit":"no","motorcycle":"yes","name":"Khyber Road","oneway":"no","segregated":"yes","surface":"asphalt","osm_type":"way","osm_id":153296488,"length_m":947.22}},{"type":"Feature","geometry":{"type":"LineString","coordinates":[[-6.272174,53.3406645],[-6.2716398,53.3406124]]},"properties":{"highway":"cycleway","oneway":"yes","surface":"asphalt","osm_type":"way","osm_id":153300349,"length_m":36.62}},{"type":"Feature","geometry":{"type":"LineString","coordinates":[[-6.2395358,53.3388898],[-6.2390005,53.3387473]]},"properties":{"cycleway:surface":"asphalt","highway":"cycleway","name":"Grand Canal Street Lower","name:en":"Grand Canal Street Lower","name:ga":"Sr\u00e1id na Can\u00e1lach M\u00f3ire \u00cdochtarach","oneway":"no","segregated":"yes","surface":"asphalt","osm_type":"way","osm_id":153300353,"length_m":38.92}},{"type":"Feature","geometry":{"type":"LineString","coordinates":[[-6.2380047,53.3460086],[-6.2307654,53.3454751],[-6.2307844,53.3454115]]},"properties":{"cycleway:surface":"asphalt","cycleway:width":"1.2","foot":"yes","footway:surface":"paving_stones","highway":"cycleway","lit":"yes","oneway":"no","segregated":"yes","smoothness":"good","surface":"asphalt","osm_type":"way","osm_id":153341561,"length_m":491.42}},{"type":"Feature","geometry":{"type":"LineString","coordinates":[[-6.2408111,53.3503428],[-6.2406786,53.3502811]]},"properties":{"bicycle":"designated","highway":"cycleway","oneway":"yes","source:width":"ARCore","surface":"asphalt","width":"3","osm_type":"way","osm_id":154110398,"length_m":11.17}},{"type":"Feature","geometry":{"type":"LineString","coordinates":[[-6.2349646,53.3318179],[-6.2348387,53.3317275]]},"properties":{"alt_name:ga":"B\u00f3thar Pheambr\u00f3g","cycleway":"lane","highway":"secondary","lane_markings":"yes","lanes":"5","lit":"yes","logainm:ref":"1380868","logainm:url":"https://www.logainm.ie/1380868.aspx","maxspeed":"50","name":"Pembroke Road","name:en":"Pembroke Road","name:ga":"B\u00f3thar Pembr\u00f3c","ref":"R118","sidewalk":"both","sidewalk:both":"separate","surface":"asphalt","osm_type":"way","osm_id":156375819,"length_m":13.07}},{"type":"Feature","geometry":{"type":"LineString","coordinates":[[-6.2410752,53.3474311],[-6.2412378,53.3464369]]},"properties":{"bicycle":"designated","bridge":"movable","bridge:movable":"swing","bridge:structure":"cable-stayed","cycleway:surface":"asphalt","cycleway:width":"3","foot":"designated","footway:surface":"asphalt","highway":"cycleway","layer":"1","lit":"yes","logainm:ref":"1381803","logainm:url":"https://www.logainm.ie/1381803.aspx","name":"Samuel Beckett Bridge","name:en":"Samuel Beckett Bridge","name:ga":"Droichead Samuel Beckett","old_name":"Macken Street Bridge","oneway":"no","segregated":"yes","start_date":"2009","surface":"asphalt","wikidata":"Q1193916","wikimedia_commons":"Category:Samuel Beckett Bridge","wikipedia":"en:Samuel Beckett Bridge","osm_type":"way","osm_id":156771911,"length_m":111.08}},{"type":"Feature","geometry":{"type":"LineString","coordinates":[[-6.25301,53.3322015],[-6.2529015,53.3322163]]},"properties":{"crossing":"marked","cycleway":"crossing","foot":"no","highway":"cycleway","oneway":"no","smoothness":"good","surface":"asphalt","width":"3.1","osm_type":"way","osm_id":156771914,"length_m":7.39}},{"type":"Feature","geometry":{"type":"LineString","coordinates":[[-6.2534921,53.3319994],[-6.2530297,53.3321006]]},"properties":{"bicycle":"designated","foot":"designated","highway":"cycleway","lit":"yes","oneway":"no","segregated":"no","surface":"asphalt","osm_type":"way","osm_id":156771917,"length_m":34.21}},{"type":"Feature","geometry":{"type":"LineString","coordinates":[[-6.2345842,53.3448269],[-6.234653,53.344263]]},"properties":{"bicycle":"designated","foot":"designated","highway":"cycleway","surface":"paving_stones","osm_type":"way","osm_id":160476589,"length_m":62.87}},{"type":"Feature","geometry":{"type":"LineString","coordinates":[[-6.3339807,53.3692172],[-6.3339765,53.3692615]]},"properties":{"highway":"cycleway","lit":"no","surface":"asphalt","osm_type":"way","osm_id":161736179,"length_m":4.93}},{"type":"Feature","geometry":{"type":"LineString","coordinates":[[-6.3038069,53.3506036],[-6.303854,53.3506157]]},"properties":{"bicycle":"designated","crossing":"marked","cycleway":"crossing","foot":"designated","highway":"cycleway","lit":"yes","segregated":"no","surface":"asphalt","osm_type":"way","osm_id":161736180,"length_m":3.4}},{"type":"Feature","geometry":{"type":"LineString","coordinates":[[-6.3187732,53.3482302],[-6.3179892,53.3482136],[-6.3178864,53.3482975],[-6.320123,53.351809],[-6.3209743,53.3520967],[-6.3221331,53.3526834],[-6.3252236,53.3539361],[-6.3259901,53.3544121]]},"properties":{"foot":"yes","highway":"cycleway","surface":"asphalt","osm_type":"way","osm_id":162763465,"length_m":971.0}},{"type":"Feature","geometry":{"type":"LineString","coordinates":[[-6.279975,53.3107849],[-6.2794352,53.3109324]]},"properties":{"alt_name:ga":"B\u00f3thar Thiorfhionnabhair O","cycleway":"lane","highway":"secondary","lane_markings":"yes","lanes":"2","lit":"yes","logainm:ref":"1380959","logainm:url":"https://www.logainm.ie/1380959.aspx","maxspeed":"50","name":"Terenure Road East","name:en":"Terenure Road East","name:ga":"B\u00f3thar Th\u00edr an I\u00fair Thoir","ref":"R114","sidewalk":"both","surface":"asphalt","osm_type":"way","osm_id":165568789,"length_m":39.43}},{"type":"Feature","geometry":{"type":"LineString","coordinates":[[-6.3412106,53.3665798],[-6.3327702,53.3630402]]},"properties":{"bus":"private","cycleway":"track","hgv":"private","highway":"tertiary","lane_markings":"yes","lanes":"2","lit":"yes","logainm:ref":"1379752","logainm:url":"https://www.logainm.ie/1379752.aspx","maxspeed":"30","name":"Chesterfield Avenue","name:en":"Chesterfield Avenue","name:ga":"Ascaill Chesterfield","parking:both":"no","sidewalk":"separate","surface":"asphalt","osm_type":"way","osm_id":172562145,"length_m":684.51}},{"type":"Feature","geometry":{"type":"LineString","coordinates":[[-6.3465113,53.332855],[-6.3465223,53.3327656]]},"properties":{"alt_name:ga":"B\u00f3thar an Choill Mh\u00f3ir","bridge":"yes","cycleway":"lane","highway":"secondary","lanes":"2","layer":"1","logainm:ref":"1376648","logainm:url":"https://www.logainm.ie/1376648.aspx","maxspeed":"60","name":"Kylemore Road","name:en":"Kylemore Road","name:ga":"B\u00f3thar na Coille M\u00f3ire","ref":"R112","surface":"asphalt","osm_type":"way","osm_id":192996230,"length_m":9.97}},{"type":"Feature","geometry":{"type":"LineString","coordinates":[[-6.3465223,53.3327656],[-6.3464578,53.3322804]]},"properties":{"alt_name:ga":"B\u00f3thar an Choill Mh\u00f3ir","cycleway":"lane","highway":"secondary","lanes":"2","logainm:ref":"1376648","logainm:url":"https://www.logainm.ie/1376648.aspx","maxspeed":"60","name":"Kylemore Road","name:en":"Kylemore Road","name:ga":"B\u00f3thar na Coille M\u00f3ire","ref":"R112","surface":"asphalt","osm_type":"way","osm_id":192996231,"length_m":54.2}},{"type":"Feature","geometry":{"type":"LineString","coordinates":[[-6.3181143,53.3677898],[-6.3199679,53.3682162],[-6.3220471,53.3688923]]},"properties":{"cycleway":"lane","highway":"secondary","lane_markings":"yes","lanes":"3","lit":"yes","logainm:ref":"1380791","logainm:url":"https://www.logainm.ie/1380791.aspx","maxspeed":"50","name":"Navan Road","name:en":"Navan Road","name:ga":"B\u00f3thar na hUaimhe","ref":"R147","surface":"asphalt","osm_type":"way","osm_id":200170064,"length_m":289.02}},{"type":"Feature","geometry":{"type":"LineString","coordinates":[[-6.1619841,53.4081505],[-6.1627718,53.4081781]]},"properties":{"cycleway":"lane","fixme":"Name suspect","highway":"tertiary","lanes":"2","lit":"yes","maxspeed":"50","name":"Clongriffin Avenue","name:en":"Clongriffin Avenue","name:ga":"Ascaill Chluain Ghr\u00edf\u00edn","oneway":"no","surface":"asphalt","osm_type":"way","osm_id":205742488,"length_m":52.3}},{"type":"Feature","geometry":{"type":"LineString","coordinates":[[-6.2041624,53.3138644],[-6.2031898,53.3144038]]},"properties":{"bicycle":"designated","foot":"designated","highway":"cycleway","segregated":"yes","osm_type":"way","osm_id":224746484,"length_m":89.56}},{"type":"Feature","geometry":{"type":"LineString","coordinates":[[-6.2963344,53.3608574],[-6.2960545,53.3607482]]},"properties":{"cycleway":"lane","highway":"secondary","lane_markings":"yes","lanes":"2","lit":"yes","logainm:ref":"1383187","logainm:url":"https://www.logainm.ie/1383187.aspx","maxspeed":"50","name":"Old Cabra Road","name:en":"Old Cabra Road","name:ga":"Seanbh\u00f3thar na Cabra\u00ed","ref":"R805","surface":"asphalt","osm_type":"way","osm_id":227711230,"length_m":22.19}},{"type":"Feature","geometry":{"type":"LineString","coordinates":[[-6.2630178,53.3324182],[-6.2603245,53.3305855]]},"properties":{"cycleway":"lane","highway":"secondary","lanes":"3","lit":"yes","logainm:ref":"1383352","logainm:url":"https://www.logainm.ie/1383352.aspx","maxspeed":"50","name":"Charlemont Street","name:en":"Charlemont Street","name:ga":"Sr\u00e1id Charlemont","ref":"R117","surface":"asphalt","osm_type":"way","osm_id":228373543,"length_m":271.33}},{"type":"Feature","geometry":{"type":"LineString","coordinates":[[-6.2932991,53.3320934],[-6.2933714,53.3320423]]},"properties":{"cycleway":"lane","highway":"secondary","lane_markings":"yes","lanes":"2","lit":"yes","logainm:ref":"1379329","logainm:url":"https://www.logainm.ie/1379329.aspx","maxspeed":"50","name":"Dolphin's Barn","name:en":"Dolphin's Barn","name:ga":"Sr\u00e1id An Charn\u00e1in","oneway":"yes","ref":"R110","surface":"asphalt","osm_type":"way","osm_id":228694853,"length_m":7.44}},{"type":"Feature","geometry":{"type":"LineString","coordinates":[[-6.2749914,53.333706],[-6.2752599,53.3330706]]},"properties":{"cycleway":"lane","highway":"secondary","lanes":"3","logainm:ref":"1383362","logainm:url":"https://www.logainm.ie/1383362.aspx","maxspeed":"50","name":"Clanbrassil Street Lower","name:en":"Clanbrassil Street Lower","name:ga":"Sr\u00e1id Chlann Bhreasail \u00cdochtarach","ref":"R137","surface":"asphalt","wikipedia":"en:Clanbrassil Street","osm_type":"way","osm_id":228818579,"length_m":72.88}},{"type":"Feature","geometry":{"type":"LineString","coordinates":[[-6.204984,53.3827065],[-6.2057111,53.3827989]]},"properties":{"bicycle":"designated","highway":"cycleway","oneway":"no","source":"Bing","surface":"asphalt","osm_type":"way","osm_id":229120785,"length_m":51.08}},{"type":"Feature","geometry":{"type":"LineString","coordinates":[[-6.2602708,53.3305438],[-6.2597556,53.3307448],[-6.2574529,53.3311938]]},"properties":{"bicycle":"designated","foot":"no","highway":"cycleway","name":"Charlemont Place","name:en":"Charlemont Place","name:ga":"Pl\u00e1s Achadh","oneway":"no","surface":"asphalt","osm_type":"way","osm_id":229472637,"length_m":202.04}},{"type":"Feature","geometry":{"type":"LineString","coordinates":[[-6.2562074,53.3314483],[-6.2534921,53.3319994]]},"properties":{"bicycle":"designated","foot":"no","highway":"cycleway","lit":"yes","oneway":"no","surface":"asphalt","osm_type":"way","osm_id":229472638,"length_m":191.55}},{"type":"Feature","geometry":{"type":"LineString","coordinates":[[-6.2554801,53.3482633],[-6.2549468,53.3483834]]},"properties":{"highway":"cycleway","lit":"yes","oneway":"yes","smoothness":"excellent","surface":"asphalt","osm_type":"way","osm_id":229727179,"length_m":38.22}},{"type":"Feature","geometry":{"type":"LineString","coordinates":[[-6.2907191,53.3339604],[-6.2905796,53.3340472]]},"properties":{"cycleway":"track","highway":"secondary","lane_markings":"yes","lanes":"4","lit":"yes","logainm:ref":"1383242","logainm:url":"https://www.logainm.ie/1383242.aspx","maxspeed":"50","name":"Dolphin's Barn Street","name:en":"Dolphin's Barn Street","name:ga":"Sr\u00e1id an Charn\u00e1in","ref":"R110","surface":"asphalt","osm_type":"way","osm_id":230478913,"length_m":13.38}},{"type":"Feature","geometry":{"type":"LineString","coordinates":[[-6.1498861,53.3822898],[-6.1500969,53.3823773],[-6.1506774,53.3820496]]},"properties":{"highway":"cycleway","surface":"asphalt","width":"1.5","osm_type":"way","osm_id":234000194,"length_m":74.49}},{"type":"Feature","geometry":{"type":"LineString","coordinates":[[-6.2064908,53.3129217],[-6.2064344,53.3138878]]},"properties":{"foot":"yes","highway":"cycleway","oneway":"no","osm_type":"way","osm_id":239578419,"length_m":107.5}},{"type":"Feature","geometry":{"type":"LineString","coordinates":[[-6.2069281,53.3130557],[-6.2073303,53.3131164],[-6.2071533,53.3136788],[-6.2071789,53.3139322],[-6.2076242,53.3145043],[-6.2073862,53.3145773]]},"properties":{"bicycle":"designated","foot":"designated","highway":"cycleway","osm_type":"way","osm_id":239578427,"length_m":211.28}},{"type":"Feature","geometry":{"type":"LineString","coordinates":[[-6.2071789,53.3139322],[-6.2069699,53.3139882],[-6.2047135,53.3138255],[-6.2041624,53.3138644]]},"properties":{"bicycle":"designated","foot":"designated","highway":"cycleway","segregated":"yes","osm_type":"way","osm_id":239578642,"length_m":203.94}},{"type":"Feature","geometry":{"type":"LineString","coordinates":[[-6.2033211,53.3120354],[-6.2033529,53.312201],[-6.2032453,53.3122606],[-6.2032145,53.3125051],[-6.2027961,53.3126132],[-6.2026713,53.312743],[-6.2029845,53.3133821]]},"properties":{"bicycle":"designated","foot":"designated","highway":"cycleway","lit":"yes","segregated":"yes","surface":"asphalt","osm_type":"way","osm_id":239578644,"length_m":177.92}},{"type":"Feature","geometry":{"type":"LineString","coordinates":[[-6.3068645,53.3741345],[-6.3064403,53.3735825],[-6.3061623,53.372979]]},"properties":{"cycleway":"lane","highway":"secondary","incline":"down","lanes":"2","lit":"yes","logainm:ref":"1380889","logainm:url":"https://www.logainm.ie/1380889.aspx","maxspeed":"50","maxweight":"3.5","name":"Ratoath Road","name:en":"Ratoath Road","name:etymology":"Ratoath, County Meath.","name:ga":"B\u00f3thar R\u00e1th T\u00f3","oneway":"no","ref":"R805","surface":"asphalt","osm_type":"way","osm_id":239827981,"length_m":137.19}},{"type":"Feature","geometry":{"type":"LineString","coordinates":[[-6.3090029,53.3764511],[-6.3075137,53.3749735]]},"properties":{"cycleway":"lane","highway":"secondary","incline":"up","lanes":"2","lit":"yes","logainm:ref":"1380889","logainm:url":"https://www.logainm.ie/1380889.aspx","maxspeed":"50","maxweight":"3.5","name":"Ratoath Road","name:en":"Ratoath Road","name:etymology":"Ratoath, County Meath.","name:ga":"B\u00f3thar R\u00e1th T\u00f3","oneway":"no","ref":"R805","surface":"asphalt","osm_type":"way","osm_id":239827982,"length_m":191.97}},{"type":"Feature","geometry":{"type":"LineString","coordinates":[[-6.2054764,53.3832751],[-6.2047356,53.3832471]]},"properties":{"bicycle":"designated","highway":"cycleway","oneway":"no","surface":"asphalt","osm_type":"way","osm_id":240028075,"length_m":50.4}},{"type":"Feature","geometry":{"type":"LineString","coordinates":[[-6.3726927,53.3419368],[-6.3721057,53.3437622]]},"properties":{"cycleway":"lane","highway":"unclassified","lanes":"2","maxspeed":"30","surface":"asphalt","osm_type":"way","osm_id":257155917,"length_m":206.69}},{"type":"Feature","geometry":{"type":"LineString","coordinates":[[-6.242495,53.3363483],[-6.2405098,53.3376403]]},"properties":{"highway":"cycleway","name":"Warrington Place","name:en":"Warrington Place","name:ga":"Pl\u00e1s Uaraington","oneway":"no","surface":"asphalt","osm_type":"way","osm_id":260607175,"length_m":194.98}},{"type":"Feature","geometry":{"type":"LineString","coordinates":[[-6.3329456,53.377574],[-6.3315743,53.3777655],[-6.3303726,53.3785351],[-6.3288335,53.3783273]]},"properties":{"bicycle":"designated","foot":"designated","highway":"cycleway","horse":"no","lit":"yes","name":"Tolka Greenway","oneway":"no","segregated":"yes","surface":"asphalt","osm_type":"way","osm_id":273964585,"length_m":317.6}},{"type":"Feature","geometry":{"type":"LineString","coordinates":[[-6.3190573,53.3793205],[-6.3188021,53.3794224],[-6.3182303,53.3794183],[-6.3170581,53.3791639],[-6.3155749,53.3789879],[-6.3150612,53.3790178]]},"properties":{"foot":"yes","highway":"cycleway","horse":"no","name":"Tolka Greenway","oneway":"no","segregated":"yes","surface":"asphalt","osm_type":"way","osm_id":273964588,"length_m":277.25}},{"type":"Feature","geometry":{"type":"LineString","coordinates":[[-6.319279,53.3790711],[-6.3191503,53.3792103]]},"properties":{"bridge":"yes","foot":"yes","highway":"cycleway","horse":"no","name":"Tolka Greenway","oneway":"no","segregated":"no","surface":"asphalt","osm_type":"way","osm_id":273964591,"length_m":17.68}},{"type":"Feature","geometry":{"type":"LineString","coordinates":[[-6.3144653,53.3789636],[-6.3143419,53.3789909]]},"properties":{"foot":"yes","highway":"cycleway","oneway":"no","segregated":"no","surface":"asphalt","osm_type":"way","osm_id":273972271,"length_m":11.91}},{"type":"Feature","geometry":{"type":"LineString","coordinates":[[-6.3253947,53.3785474],[-6.3265073,53.3790142]]},"properties":{"foot":"yes","highway":"cycleway","horse":"no","oneway":"no","segregated":"yes","surface":"asphalt","osm_type":"way","osm_id":273972279,"length_m":92.08}},{"type":"Feature","geometry":{"type":"LineString","coordinates":[[-6.328711,53.3783456],[-6.328683,53.3783066]]},"properties":{"bicycle":"designated","foot":"designated","highway":"cycleway","lit":"yes","segregated":"no","surface":"asphalt","osm_type":"way","osm_id":273985050,"length_m":4.72}},{"type":"Feature","geometry":{"type":"LineString","coordinates":[[-6.3217684,53.3791831],[-6.3206174,53.3792711],[-6.3201346,53.3792023],[-6.3196225,53.3789978]]},"properties":{"foot":"yes","highway":"cycleway","horse":"no","name":"Tolka Greenway","oneway":"no","segregated":"yes","surface":"asphalt","osm_type":"way","osm_id":273985055,"length_m":151.22}},{"type":"Feature","geometry":{"type":"LineString","coordinates":[[-6.3218412,53.3791766],[-6.3217684,53.3791831]]},"properties":{"bridge":"yes","foot":"yes","highway":"cycleway","horse":"no","name":"Tolka Greenway","oneway":"no","segregated":"yes","surface":"asphalt","osm_type":"way","osm_id":273985061,"length_m":4.88}},{"type":"Feature","geometry":{"type":"LineString","coordinates":[[-6.2462395,53.3466123],[-6.2476483,53.3467818]]},"properties":{"highway":"cycleway","oneway":"no","surface":"asphalt","osm_type":"way","osm_id":275448699,"length_m":95.45}},{"type":"Feature","geometry":{"type":"LineString","coordinates":[[-6.1643982,53.3800688],[-6.1629617,53.3801985]]},"properties":{"cycleway":"lane","highway":"secondary","lane_markings":"yes","lanes":"2","lit":"yes","logainm:ref":"1380376","logainm:url":"https://www.logainm.ie/1380376.aspx","maxspeed":"60","name":"Howth Road","name:en":"Howth Road","name:ga":"B\u00f3thar Bhinn \u00c9adair","ref":"R105","sidewalk":"both","surface":"asphalt","osm_type":"way","osm_id":276822957,"length_m":96.37}},{"type":"Feature","geometry":{"type":"LineString","coordinates":[[-6.3149323,53.3263577],[-6.3146885,53.3265812]]},"properties":{"bicycle":"designated","cycleway:surface":"asphalt","foot":"designated","footway:surface":"concrete","highway":"cycleway","oneway":"yes","segregated":"yes","osm_type":"way","osm_id":280347777,"length_m":30.73}},{"type":"Feature","geometry":{"type":"LineString","coordinates":[[-6.3067998,53.3369608],[-6.3081095,53.3382151],[-6.3078037,53.3392543]]},"properties":{"cycleway":"lane","highway":"secondary","lane_markings":"yes","lanes":"2","lit":"yes","logainm:ref":"1380819","logainm:url":"https://www.logainm.ie/1380819.aspx","maxspeed":"50","name":"Suir Road","name:en":"Suir Road","name:ga":"B\u00f3thar na Si\u00faire","ref":"R111","surface":"asphalt","osm_type":"way","osm_id":282195032,"length_m":282.36}},{"type":"Feature","geometry":{"type":"LineString","coordinates":[[-6.2410848,53.3482926],[-6.2411198,53.3480666]]},"properties":{"alt_name:ga":"Sr\u00e1id An Chumainn","cycleway":"lane","highway":"tertiary","lane_markings":"yes","lanes":"3","lanes:backward":"1","lanes:forward":"2","lit":"yes","logainm:ref":"1411383","logainm:url":"https://www.logainm.ie/1411383.aspx","maxspeed":"50","name":"Guild Street","name:en":"Guild Street","name:ga":"Sr\u00e1id na nGildeanna","ref":"L1317","surface":"asphalt","osm_type":"way","osm_id":282243995,"length_m":25.24}},{"type":"Feature","geometry":{"type":"LineString","coordinates":[[-6.2529551,53.3322648],[-6.2529015,53.3322163]]},"properties":{"cycleway":"lane","highway":"secondary","incline":"up","lane_markings":"yes","lanes":"4","lanes:forward":"2","lit":"yes","logainm:ref":"1383467","logainm:url":"https://www.logainm.ie/1383467.aspx","maxspeed":"50","name":"Leeson Street Upper","name:en":"Leeson Street Upper","name:ga":"Sr\u00e1id L\u00edosain Uachtarach","ref":"R138","sidewalk:both":"separate","surface":"asphalt","turn:lanes:backward":"left;through|through","turn:lanes:forward":"left;through|through","osm_type":"way","osm_id":290637300,"length_m":6.46}},{"type":"Feature","geometry":{"type":"LineString","coordinates":[[-6.3241932,53.3696104],[-6.3279469,53.3707956]]},"properties":{"cycleway":"lane","highway":"secondary","lane_markings":"yes","lanes":"3","lit":"yes","logainm:ref":"1380791","logainm:url":"https://www.logainm.ie/1380791.aspx","maxspeed":"50","name":"Navan Road","name:en":"Navan Road","name:ga":"B\u00f3thar na hUaimhe","ref":"R147","surface":"asphalt","osm_type":"way","osm_id":292300701,"length_m":281.78}},{"type":"Feature","geometry":{"type":"LineString","coordinates":[[-6.2612039,53.3597444],[-6.2586973,53.3592049]]},"properties":{"cycleway":"lane","highway":"secondary","lane_markings":"yes","lanes":"2","lit":"yes","logainm:ref":"1379354","logainm:url":"https://www.logainm.ie/1379354.aspx","maxspeed":"50","name":"North Circular Road","name:en":"North Circular Road","name:ga":"Cuarbh\u00f3thar Thuaidh","ref":"R101","sidewalk:both":"separate","surface":"asphalt","osm_type":"way","osm_id":293281654,"length_m":176.94}},{"type":"Feature","geometry":{"type":"LineString","coordinates":[[-6.2839865,53.3081745],[-6.2837651,53.3071898]]},"properties":{"cycleway":"lane","highway":"secondary","lane_markings":"yes","lanes":"3","lit":"yes","logainm:ref":"1380885","logainm:url":"https://www.logainm.ie/1380885.aspx","maxspeed":"50","name":"Rathfarnham Road","name:en":"Rathfarnham Road","name:ga":"B\u00f3thar R\u00e1th Fhearn\u00e1in","ref":"R114","sidewalk":"both","surface":"asphalt","osm_type":"way","osm_id":293968261,"length_m":110.79}},{"type":"Feature","geometry":{"type":"LineString","coordinates":[[-6.2481673,53.3776804],[-6.2481203,53.3775794],[-6.2491839,53.3766598]]},"properties":{"highway":"cycleway","lit":"yes","mapillary":"265100938657631","name":"Swords Road","oneway":"yes","smoothness":"good","surface":"concrete","survey:date":"2017-04-14","width":"1","osm_type":"way","osm_id":297328928,"length_m":135.97}},{"type":"Feature","geometry":{"type":"LineString","coordinates":[[-6.2491839,53.3766598],[-6.2493253,53.3765367]]},"properties":{"highway":"cycleway","lit":"yes","mapillary":"4150407288344442","name":"Swords Road","oneway":"yes","smoothness":"good","surface":"asphalt","survey:date":"2017-02-05","width":"1","osm_type":"way","osm_id":297329036,"length_m":19.16}},{"type":"Feature","geometry":{"type":"LineString","coordinates":[[-6.3583458,53.3306775],[-6.346467,53.3320599]]},"properties":{"bicycle":"designated","foot":"designated","highway":"cycleway","motor_vehicle":"private","name":"Grand Canal Way","oneway":"no","segregated":"no","surface":"concrete","osm_type":"way","osm_id":304795880,"length_m":804.65}},{"type":"Feature","geometry":{"type":"LineString","coordinates":[[-6.1610545,53.3986211],[-6.1613787,53.3986224],[-6.1615191,53.398399]]},"properties":{"highway":"cycleway","oneway":"no","surface":"asphalt","osm_type":"way","osm_id":308870871,"length_m":50.56}},{"type":"Feature","geometry":{"type":"LineString","coordinates":[[-6.3323487,53.3494324],[-6.3308145,53.3502597],[-6.3281459,53.3522521],[-6.3261787,53.3540812],[-6.3245358,53.355957]]},"properties":{"bicycle":"designated","cycleway:surface":"asphalt","foot":"no","highway":"cycleway","segregated":"yes","surface":"asphalt","width":"2","osm_type":"way","osm_id":310825914,"length_m":899.02}},{"type":"Feature","geometry":{"type":"LineString","coordinates":[[-6.2905503,53.3194598],[-6.2945918,53.3160576]]},"properties":{"cycleway":"lane","highway":"secondary","lanes":"2","lit":"yes","logainm:ref":"1380416","logainm:url":"https://www.logainm.ie/1380416.aspx","maxspeed":"50","name":"Kimmage Road Lower","name:en":"Kimmage Road Lower","name:ga":"B\u00f3thar Chama\u00ed \u00cdochtarach","ref":"R817","sidewalk:both":"yes","surface":"asphalt","osm_type":"way","osm_id":316970036,"length_m":465.18}},{"type":"Feature","geometry":{"type":"LineString","coordinates":[[-6.297168,53.3138689],[-6.2984181,53.3128645]]},"properties":{"cycleway":"lane","highway":"secondary","lanes":"3","lanes:backward":"2","lanes:forward":"1","lit":"yes","logainm:ref":"1380416","logainm:url":"https://www.logainm.ie/1380416.aspx","maxspeed":"50","name":"Kimmage Road Lower","name:en":"Kimmage Road Lower","name:ga":"B\u00f3thar Chama\u00ed \u00cdochtarach","ref":"R817","surface":"asphalt","turn:lanes:backward":"left|through","osm_type":"way","osm_id":316970037,"length_m":139.21}},{"type":"Feature","geometry":{"type":"LineString","coordinates":[[-6.3077251,53.3410222],[-6.3077039,53.340905]]},"properties":{"bridge":"yes","cycleway":"lane","highway":"secondary","lane_markings":"yes","lanes":"4","lanes:left":"2","lanes:right":"2","lit":"yes","logainm:ref":"1379353","logainm:url":"https://www.logainm.ie/1379353.aspx","maxspeed":"50","maxweight:signed":"no","name":"South Circular Road","name:en":"South Circular Road","name:ga":"Cuarb\u00f3thar Theas","ref":"R111","surface":"asphalt","osm_type":"way","osm_id":316970039,"length_m":13.11}},{"type":"Feature","geometry":{"type":"LineString","coordinates":[[-6.3066564,53.3368383],[-6.3066728,53.3368519]]},"properties":{"bicycle":"yes","bridge":"yes","bridge:logainm:ref":"No entry","bridge:logainm:url":"No entry","bridge:name":"Suir Road Bridge","cycleway":"lane","foot":"yes","highway":"secondary","horse":"yes","lane_markings":"yes","lanes":"2","layer":"1","lit":"yes","logainm:ref":"1380819","logainm:url":"https://www.logainm.ie/1380819.aspx","maxspeed":"50","maxweight:signed":"no","name":"Suir Road","name:en":"Suir Road","name:ga":"B\u00f3thar na Si\u00faire","oneway":"no","ref":"R111","surface":"asphalt","osm_type":"way","osm_id":316970041,"length_m":1.86}},{"type":"Feature","geometry":{"type":"LineString","coordinates":[[-6.2337157,53.3706962],[-6.2287636,53.368903]]},"properties":{"cycleway":"lane","highway":"secondary","lanes":"2","logainm:ref":"1380053","logainm:url":"https://www.logainm.ie/1380053.aspx","maxspeed":"50","maxweight":"3.5","name":"Griffith Avenue","name:en":"Griffith Avenue","name:ga":"Ascaill U\u00ed Ghr\u00edofa","oneway":"no","ref":"R102","surface":"asphalt","osm_type":"way","osm_id":317003250,"length_m":384.32}},{"type":"Feature","geometry":{"type":"LineString","coordinates":[[-6.2790546,53.3231009],[-6.2793714,53.3223612],[-6.2793423,53.321685]]},"properties":{"cycleway":"lane","highway":"secondary","lane_markings":"yes","lanes":"2","lit":"yes","logainm:ref":"1380511","logainm:url":"https://www.logainm.ie/1380511.aspx","maxspeed":"50","name":"Harold's Cross Road","name:en":"Harold's Cross Road","name:ga":"B\u00f3thar Chrois Araild","ref":"R137","sidewalk":"both","surface":"asphalt","osm_type":"way","osm_id":317003252,"length_m":160.32}},{"type":"Feature","geometry":{"type":"LineString","coordinates":[[-6.2945918,53.3160576],[-6.297168,53.3138689]]},"properties":{"cycleway":"lane","highway":"secondary","lanes":"2","lit":"yes","logainm:ref":"1380416","logainm:url":"https://www.logainm.ie/1380416.aspx","maxspeed":"50","name":"Kimmage Road Lower","name:en":"Kimmage Road Lower","name:ga":"B\u00f3thar Chama\u00ed \u00cdochtarach","ref":"R817","surface":"asphalt","osm_type":"way","osm_id":317003255,"length_m":297.72}},{"type":"Feature","geometry":{"type":"LineString","coordinates":[[-6.3083011,53.3471487],[-6.3082913,53.347004]]},"properties":{"bridge":"yes","bridge:name":"Islandbridge","bridge:name:ga":"Droichead na hInse","bridge:old_name":"Sarah Bridge","bridge:old_name_date":"1728","cycleway":"lane","highway":"secondary","lane_markings":"yes","lanes":"2","layer":"1","lit":"yes","logainm:ref":"1379353","logainm:url":"https://www.logainm.ie/1379353.aspx","maxspeed":"50","name":"South Circular Road","name:en":"South Circular Road","name:ga":"Cuarb\u00f3thar Theas","ref":"R111","sidewalk":"both","source:old_name":"Dublin Street Names C T M'Cready","surface":"asphalt","osm_type":"way","osm_id":317003263,"length_m":16.1}},{"type":"Feature","geometry":{"type":"LineString","coordinates":[[-6.279187,53.3211441],[-6.2788461,53.3204569]]},"properties":{"cycleway":"lane","highway":"secondary","lane_markings":"yes","lanes":"2","lit":"yes","logainm:ref":"1380511","logainm:url":"https://www.logainm.ie/1380511.aspx","maxspeed":"50","name":"Harold's Cross Road","name:en":"Harold's Cross Road","name:ga":"B\u00f3thar Chrois Araild","ref":"R137","sidewalk":"both","surface":"asphalt","osm_type":"way","osm_id":317027062,"length_m":79.71}},{"type":"Feature","geometry":{"type":"LineString","coordinates":[[-6.2740978,53.3121398],[-6.2739742,53.3122819]]},"properties":{"alt_name:ga":"B\u00f3thar R\u00e1th gCearr","cycleway":"lane","highway":"secondary","lane_markings":"yes","lanes":"3","lit":"yes","logainm:ref":"1380886","logainm:url":"https://www.logainm.ie/1380886.aspx","maxspeed":"50","name":"Rathgar Road","name:en":"Rathgar Road","name:ga":"B\u00f3thar R\u00e1th Garbh","ref":"R114","sidewalk":"both","surface":"asphalt","osm_type":"way","osm_id":317027070,"length_m":17.81}},{"type":"Feature","geometry":{"type":"LineString","coordinates":[[-6.2704602,53.317207],[-6.2675625,53.3213408]]},"properties":{"alt_name:ga":"B\u00f3thar R\u00e1th gCearr","cycleway":"lane","highway":"secondary","lane_markings":"yes","lanes":"3","lit":"yes","logainm:ref":"1380886","logainm:url":"https://www.logainm.ie/1380886.aspx","maxspeed":"50","name":"Rathgar Road","name:en":"Rathgar Road","name:ga":"B\u00f3thar R\u00e1th Garbh","ref":"R114","sidewalk":"both","surface":"asphalt","osm_type":"way","osm_id":317027071,"length_m":498.35}},{"type":"Feature","geometry":{"type":"LineString","coordinates":[[-6.2862494,53.3372715],[-6.2842906,53.3378378],[-6.2806387,53.3383438],[-6.2797707,53.3385671]]},"properties":{"alt_name:ga":"Sr\u00e1id Chorca\u00ed","cycleway":"track","highway":"secondary","lane_markings":"yes","lanes":"4","lit":"yes","logainm:ref":"1383369","logainm:url":"https://www.logainm.ie/1383369.aspx","maxspeed":"50","name":"Cork Street","name:en":"Cork Street","name:ga":"Sr\u00e1id Corcaighe","old_name":"part of Slighe Dala","ref":"R110","source:old_name":"C T Macready","surface":"asphalt","osm_type":"way","osm_id":317101094,"length_m":456.74}},{"type":"Feature","geometry":{"type":"LineString","coordinates":[[-6.3114574,53.3271086],[-6.3020592,53.3291489]]},"properties":{"cycleway":"lane","highway":"secondary","lane_markings":"yes","lanes":"2","lit":"yes","logainm:ref":"1380513","logainm:url":"https://www.logainm.ie/1380513.aspx","maxspeed":"50","name":"Crumlin Road","name:en":"Crumlin Road","name:ga":"B\u00f3thar Chroimghlinne","ref":"R110","surface":"asphalt","osm_type":"way","osm_id":317145973,"length_m":664.09}},{"type":"Feature","geometry":{"type":"LineString","coordinates":[[-6.3159115,53.3260108],[-6.3158076,53.3260616]]},"properties":{"cycleway":"lane","highway":"secondary","lane_markings":"yes","lanes":"4","lit":"yes","logainm:ref":"1380513","logainm:url":"https://www.logainm.ie/1380513.aspx","maxspeed":"50","name":"Crumlin Road","name:en":"Crumlin Road","name:ga":"B\u00f3thar Chroimghlinne","ref":"R110","surface":"asphalt","osm_type":"way","osm_id":317145974,"length_m":8.92}},{"type":"Feature","geometry":{"type":"LineString","coordinates":[[-6.2864627,53.3371836],[-6.2862494,53.3372715]]},"properties":{"alt_name:ga":"Sr\u00e1id Chorca\u00ed","cycleway":"track","highway":"secondary","lane_markings":"yes","lanes":"4","lit":"yes","logainm:ref":"1383369","logainm:url":"https://www.logainm.ie/1383369.aspx","maxspeed":"50","name":"Cork Street","name:en":"Cork Street","name:ga":"Sr\u00e1id Corcaighe","old_name":"part of Slighe Dala","ref":"R110","sidewalk":"both","source:old_name":"C T Macready","surface":"asphalt","osm_type":"way","osm_id":317219090,"length_m":17.21}},{"type":"Feature","geometry":{"type":"LineString","coordinates":[[-6.247337,53.3219699],[-6.2468061,53.3216877]]},"properties":{"cycleway":"lane","highway":"secondary","lane_markings":"yes","lanes":"2","lit":"yes","logainm:ref":"1380918","logainm:url":"https://www.logainm.ie/1380918.aspx","maxspeed":"50","name":"Sandford Road","name:en":"Sandford Road","name:ga":"B\u00f3thar Sandford","ref":"R117","sidewalk":"both","surface":"asphalt","osm_type":"way","osm_id":317312611,"length_m":47.2}},{"type":"Feature","geometry":{"type":"LineString","coordinates":[[-6.2905796,53.3340472],[-6.2900068,53.3344349],[-6.2894628,53.335476]]},"properties":{"cycleway":"track","highway":"secondary","lane_markings":"yes","lanes":"4","lit":"yes","logainm:ref":"1383242","logainm:url":"https://www.logainm.ie/1383242.aspx","maxspeed":"50","name":"Dolphin's Barn Street","name:en":"Dolphin's Barn Street","name:ga":"Sr\u00e1id an Charn\u00e1in","ref":"R110","surface":"asphalt","osm_type":"way","osm_id":317554421,"length_m":179.09}},{"type":"Feature","geometry":{"type":"LineString","coordinates":[[-6.338922,53.3423864],[-6.3377962,53.3428848]]},"properties":{"cycleway":"lane","cycleway:lane":"advisory","highway":"secondary","lanes":"2","lit":"yes","logainm:ref":"1376527","logainm:url":"https://www.logainm.ie/1376527.aspx","maxspeed":"50","name":"Ballyfermot Road","name:en":"Ballyfermot Road","name:ga":"B\u00f3thar Bhaile Formaid","ref":"R833","surface":"asphalt","osm_type":"way","osm_id":317619308,"length_m":93.26}},{"type":"Feature","geometry":{"type":"LineString","coordinates":[[-6.3304223,53.3423552],[-6.3289316,53.3421991]]},"properties":{"alt_name:ga":"B\u00f3thar Sairs\u00e9al","cycleway":"lane","highway":"secondary","lanes":"2","logainm:ref":"1380296","logainm:url":"https://www.logainm.ie/1380296.aspx","maxspeed":"50","name":"Sarsfield Road","name:en":"Sarsfield Road","name:ga":"B\u00f3thar an tS\u00e1irs\u00e9alaigh","ref":"R833","surface":"asphalt","osm_type":"way","osm_id":317619313,"length_m":100.64}},{"type":"Feature","geometry":{"type":"LineString","coordinates":[[-6.2132023,53.3677877],[-6.2121645,53.3681336]]},"properties":{"cycleway":"lane","highway":"secondary","lane_markings":"yes","lanes":"2","lit":"yes","logainm:ref":"1380376","logainm:url":"https://www.logainm.ie/1380376.aspx","maxspeed":"50","name":"Howth Road","name:en":"Howth Road","name:ga":"B\u00f3thar Bhinn \u00c9adair","ref":"R105","surface":"asphalt","osm_type":"way","osm_id":317675347,"length_m":78.87}},{"type":"Feature","geometry":{"type":"LineString","coordinates":[[-6.3066728,53.3368519],[-6.3067998,53.3369608]]},"properties":{"bicycle":"yes","bridge":"yes","bridge:logainm:ref":"No entry","bridge:logainm:url":"No entry","bridge:name":"Suir Road Bridge","cycleway":"lane","foot":"yes","highway":"secondary","horse":"yes","lane_markings":"yes","lanes":"2","layer":"1","lit":"yes","logainm:ref":"1380819","logainm:url":"https://www.logainm.ie/1380819.aspx","maxspeed":"50","maxweight:signed":"no","name":"Suir Road","name:en":"Suir Road","name:ga":"B\u00f3thar na Si\u00faire","notes":"Built 1939 - https://www.jstor.org/stable/30082519","oneway":"no","ref":"R111","surface":"asphalt","osm_type":"way","osm_id":317740596,"length_m":14.76}},{"type":"Feature","geometry":{"type":"LineString","coordinates":[[-6.2478547,53.3222732],[-6.2477468,53.3222138]]},"properties":{"cycleway":"lane","highway":"secondary","lane_markings":"yes","lanes":"2","lit":"yes","logainm:ref":"1380918","logainm:url":"https://www.logainm.ie/1380918.aspx","maxspeed":"50","name":"Sandford Road","name:en":"Sandford Road","name:ga":"B\u00f3thar Sandford","ref":"R117","sidewalk":"both","surface":"asphalt","osm_type":"way","osm_id":318578647,"length_m":9.75}},{"type":"Feature","geometry":{"type":"LineString","coordinates":[[-6.3589871,53.3307359],[-6.3589392,53.3308622]]},"properties":{"bicycle":"yes","bridge":"yes","cycleway":"track","foot":"yes","highway":"tertiary","horse":"yes","lanes":"2","layer":"1","maxspeed":"50","name":"Ballyfermot Bridge (New)","oneway":"no","surface":"asphalt","osm_type":"way","osm_id":326974423,"length_m":14.4}},{"type":"Feature","geometry":{"type":"LineString","coordinates":[[-6.3464458,53.3322431],[-6.3463982,53.3320952]]},"properties":{"alt_name:ga":"B\u00f3thar an Choill Mh\u00f3ir","bicycle":"yes","bridge":"yes","cycleway":"lane","foot":"yes","highway":"secondary","horse":"yes","lanes":"2","layer":"1","logainm:ref":"1376648","logainm:url":"https://www.logainm.ie/1376648.aspx","maxspeed":"60","name":"Kylemore Road","name:en":"Kylemore Road","name:ga":"B\u00f3thar na Coille M\u00f3ire","oneway":"no","ref":"R112","surface":"asphalt","osm_type":"way","osm_id":326974426,"length_m":16.75}},{"type":"Feature","geometry":{"type":"LineString","coordinates":[[-6.227407,53.3677631],[-6.2273532,53.3678049]]},"properties":{"cycleway":"lane","highway":"secondary","lane_markings":"yes","lanes":"3","lit":"yes","logainm:ref":"1380753","logainm:url":"https://www.logainm.ie/1380753.aspx","maxspeed":"50","name":"Malahide Road","name:en":"Malahide Road","name:ga":"B\u00f3thar Mhullach \u00cdde","ref":"R107","surface":"asphalt","osm_type":"way","osm_id":326993767,"length_m":5.86}},{"type":"Feature","geometry":{"type":"LineString","coordinates":[[-6.2508048,53.3236815],[-6.2504034,53.3235199]]},"properties":{"cycleway":"lane","highway":"secondary","lane_markings":"yes","lanes":"2","lit":"yes","logainm:ref":"57180","logainm:url":"https://www.logainm.ie/57180.aspx","maxspeed":"50","name":"Ranelagh","name:en":"Ranelagh","name:ga":"Raghnallach","ref":"R117","sidewalk":"both","surface":"asphalt","osm_type":"way","osm_id":329747158,"length_m":32.15}},{"type":"Feature","geometry":{"type":"LineString","coordinates":[[-6.2662157,53.3383886],[-6.2660887,53.3383958]]},"properties":{"bicycle":"yes","check_date:surface":"2024-10-05","cycleway:surface":"asphalt","cycleway:width":"1","foot":"yes","footway:surface":"asphalt","highway":"cycleway","lit":"yes","oneway":"yes","segregated":"yes","surface":"asphalt","osm_type":"way","osm_id":332204267,"length_m":8.47}},{"type":"Feature","geometry":{"type":"LineString","coordinates":[[-6.241724,53.3476576],[-6.2418976,53.3475888],[-6.2431059,53.3476696],[-6.2432398,53.3477594]]},"properties":{"highway":"cycleway","oneway":"yes","source:width":"ARCore","surface":"asphalt","width":"2.5","osm_type":"way","osm_id":332669573,"length_m":108.28}},{"type":"Feature","geometry":{"type":"LineString","coordinates":[[-6.1607134,53.3804273],[-6.1604321,53.3804639]]},"properties":{"cycleway":"lane","highway":"secondary","lane_markings":"yes","lanes":"2","lit":"yes","logainm:ref":"1380376","logainm:url":"https://www.logainm.ie/1380376.aspx","maxspeed":"60","name":"Howth Road","name:en":"Howth Road","name:ga":"B\u00f3thar Bhinn \u00c9adair","ref":"R105","surface":"asphalt","osm_type":"way","osm_id":334005030,"length_m":19.1}},{"type":"Feature","geometry":{"type":"LineString","coordinates":[[-6.2223878,53.3847379],[-6.219889,53.3844406],[-6.2166981,53.3842509]]},"properties":{"cycleway":"lane","highway":"tertiary","lanes":"2","maxspeed":"50","name":"Skelly's Lane","name:en":"Skelly's Lane","surface":"asphalt","osm_type":"way","osm_id":334309235,"length_m":381.75}},{"type":"Feature","geometry":{"type":"LineString","coordinates":[[-6.2357894,53.359254],[-6.2367443,53.3597973],[-6.2379458,53.3606422],[-6.238015,53.3608107],[-6.2379513,53.3610842],[-6.2380467,53.3611543]]},"properties":{"bicycle":"yes","foot":"designated","highway":"cycleway","lit":"no","segregated":"no","surface":"asphalt","osm_type":"way","osm_id":345485108,"length_m":271.83}},{"type":"Feature","geometry":{"type":"LineString","coordinates":[[-6.236332,53.362678],[-6.2381951,53.3611538]]},"properties":{"highway":"cycleway","name":"Annesley Bridge Road","name:en":"Annesley Bridge Road","name:ga":"B\u00f3thar Dhroichead Annesley","oneway":"yes","surface":"asphalt","osm_type":"way","osm_id":346233247,"length_m":209.91}},{"type":"Feature","geometry":{"type":"LineString","coordinates":[[-6.2337358,53.3634759],[-6.234665,53.3632373]]},"properties":{"highway":"cycleway","name":"Fairview","name:en":"Fairview","name:ga":"Fionnradharc","oneway":"yes","segregated":"yes","surface":"asphalt","osm_type":"way","osm_id":346233251,"length_m":67.97}},{"type":"Feature","geometry":{"type":"LineString","coordinates":[[-6.2658143,53.3219921],[-6.2657986,53.321715]]},"properties":{"highway":"cycleway","lit":"yes","oneway":"yes","surface":"asphalt","width":"1","osm_type":"way","osm_id":352846963,"length_m":31.3}},{"type":"Feature","geometry":{"type":"LineString","coordinates":[[-6.1565178,53.3982773],[-6.160256,53.3985631]]},"properties":{"bicycle":"yes","cycleway":"lane","foot":"yes","highway":"secondary","horse":"yes","lane_markings":"yes","lanes":"2","lit":"yes","logainm:ref":"No entry","logainm:url":"No entry","maxspeed":"60","name":"Grange Road","name:en":"Grange Road","name:ga":"B\u00f3thar na Gr\u00e1ins\u00ed","oneway":"no","ref":"R139","surface":"asphalt","osm_type":"way","osm_id":360143256,"length_m":250.39}},{"type":"Feature","geometry":{"type":"LineString","coordinates":[[-6.2725064,53.3388532],[-6.272188,53.3387512]]},"properties":{"cycleway":"lane","highway":"secondary","lane_markings":"yes","lanes":"4","lit":"yes","logainm:ref":"1383351","logainm:url":"https://www.logainm.ie/1383351.aspx","maxspeed":"30","name":"Kevin Street Upper","name:en":"Kevin Street Upper","name:ga":"Sr\u00e1id Caoimh\u00edn Uachtarach","ref":"R110","surface":"asphalt","osm_type":"way","osm_id":360313824,"length_m":24.0}},{"type":"Feature","geometry":{"type":"LineString","coordinates":[[-6.2919564,53.3776569],[-6.2925704,53.3775015],[-6.2942256,53.3774609],[-6.2981356,53.3764663],[-6.2990484,53.3763838],[-6.3003157,53.3767334],[-6.301172,53.3767255],[-6.3017526,53.3765436],[-6.3025698,53.3765405],[-6.3054653,53.3771111],[-6.3071074,53.3777004],[-6.3084527,53.3780013],[-6.31051,53.3781973],[-6.3112326,53.3784042],[-6.3116354,53.3783761]]},"properties":{"foot":"yes","highway":"cycleway","name":"Tolka Greenway","oneway":"no","surface":"paved","osm_type":"way","osm_id":361263840,"length_m":1392.07}},{"type":"Feature","geometry":{"type":"LineString","coordinates":[[-6.2133125,53.3832208],[-6.2112972,53.3805994]]},"properties":{"cycleway":"lane","highway":"tertiary","lanes":"2","maxspeed":"50","name":"Kilmore Road","name:en":"Kilmore Road","name:ga":"B\u00f3thar Chill Mh\u00f3r","surface":"asphalt","osm_type":"way","osm_id":361316720,"length_m":321.32}},{"type":"Feature","geometry":{"type":"LineString","coordinates":[[-6.2112972,53.3805994],[-6.2103159,53.3799376]]},"properties":{"cycleway":"lane","highway":"tertiary","lanes":"2","maxspeed":"50","name":"Kilmore Road","name:en":"Kilmore Road","name:ga":"B\u00f3thar Chill Mh\u00f3r","sidewalk":"both","surface":"asphalt","osm_type":"way","osm_id":361316721,"length_m":98.39}},{"type":"Feature","geometry":{"type":"LineString","coordinates":[[-6.2270656,53.344561],[-6.22763,53.3448892]]},"properties":{"highway":"cycleway","lit":"yes","surface":"asphalt","osm_type":"way","osm_id":362913776,"length_m":52.82}},{"type":"Feature","geometry":{"type":"LineString","coordinates":[[-6.2414644,53.3462634],[-6.2413391,53.3462704]]},"properties":{"bicycle":"designated","crossing":"marked","cycleway":"crossing","foot":"designated","highway":"cycleway","lit":"yes","oneway":"no","segregated":"no","smoothness":"excellent","surface":"asphalt","tactile_paving":"yes","osm_type":"way","osm_id":362913777,"length_m":8.35}},{"type":"Feature","geometry":{"type":"LineString","coordinates":[[-6.2518521,53.3475825],[-6.251712,53.3481287]]},"properties":{"bicycle":"designated","bridge":"yes","cycleway:surface":"asphalt","foot":"designated","footway:surface":"paving_stones","highway":"cycleway","layer":"1","lit":"yes","logainm:ref":"1167155","logainm:url":"https://www.logainm.ie/1167155.aspx","name":"Matt Talbot Memorial Bridge","name:en":"Matt Talbot Memorial Bridge","name:ga":"Droichead Cuimhneach\u00e1in an Talb\u00f3idigh","oneway":"yes","oneway:foot":"no","segregated":"yes","smoothness":"excellent","source":"Bing Aerial Imagery (2021-02-22)","start_date":"1980s","surface":"asphalt","wikidata":"Q304582","wikimedia_commons":"Category:Talbot Memorial Bridge","wikipedia":"en:Talbot Memorial Bridge","osm_type":"way","osm_id":362939726,"length_m":61.47}},{"type":"Feature","geometry":{"type":"LineString","coordinates":[[-6.2872037,53.3378259],[-6.2864627,53.3371836]]},"properties":{"cycleway":"lane","highway":"secondary","lane_markings":"yes","lanes":"2","lit":"yes","logainm:ref":"1382353","logainm:url":"https://www.logainm.ie/1382353.aspx","maxspeed":"30","name":"Marrowbone Lane","name:en":"Marrowbone Lane","name:ga":"L\u00e1na Mhuire Mhaith","ref":"R804","sidewalk":"both","surface":"asphalt","osm_type":"way","osm_id":362985328,"length_m":87.05}},{"type":"Feature","geometry":{"type":"LineString","coordinates":[[-6.2359843,53.3331232],[-6.2354691,53.3323976]]},"properties":{"alt_name:ga":"B\u00f3thar Northumberland","cycleway":"lane","highway":"secondary","lane_markings":"yes","lanes":"3","lit":"yes","logainm:ref":"1380836","logainm:url":"https://www.logainm.ie/1380836.aspx","maxspeed":"50","name":"Northumberland Road","name:en":"Northumberland Road","name:ga":"B\u00f3thar Nortumbar","ref":"R118","sidewalk":"both","surface":"asphalt","osm_type":"way","osm_id":365945819,"length_m":87.64}},{"type":"Feature","geometry":{"type":"LineString","coordinates":[[-6.2502964,53.3234895],[-6.2501162,53.3234154]]},"properties":{"cycleway":"lane","highway":"secondary","lane_markings":"yes","lanes":"2","lit":"yes","logainm:ref":"57180","logainm:url":"https://www.logainm.ie/57180.aspx","maxspeed":"50","name":"Ranelagh","name:en":"Ranelagh","name:ga":"Raghnallach","ref":"R117","sidewalk":"both","surface":"asphalt","osm_type":"way","osm_id":368607483,"length_m":14.53}},{"type":"Feature","geometry":{"type":"LineString","coordinates":[[-6.2461211,53.3212731],[-6.244237,53.3200713]]},"properties":{"cycleway":"lane","highway":"secondary","lane_markings":"yes","lanes":"2","lit":"yes","logainm:ref":"1380918","logainm:url":"https://www.logainm.ie/1380918.aspx","maxspeed":"50","name":"Sandford Road","name:en":"Sandford Road","name:ga":"B\u00f3thar Sandford","ref":"R117","sidewalk":"both","surface":"asphalt","osm_type":"way","osm_id":368662869,"length_m":183.11}},{"type":"Feature","geometry":{"type":"LineString","coordinates":[[-6.3396699,53.3420738],[-6.338922,53.3423864]]},"properties":{"cycleway":"lane","cycleway:lane":"advisory","highway":"secondary","lane_markings":"yes","lanes":"2","lit":"yes","logainm:ref":"1376527","logainm:url":"https://www.logainm.ie/1376527.aspx","maxspeed":"50","name":"Ballyfermot Road","name:en":"Ballyfermot Road","name:ga":"B\u00f3thar Bhaile Formaid","ref":"R833","surface":"asphalt","osm_type":"way","osm_id":369111548,"length_m":60.61}},{"type":"Feature","geometry":{"type":"LineString","coordinates":[[-6.3083109,53.3473791],[-6.3083011,53.3471487]]},"properties":{"bridge":"yes","bridge:name":"Islandbridge","bridge:name:ga":"Droichead na hInse","bridge:old_name":"Sarah Bridge","bridge:old_name_date":"1728","cycleway":"lane","highway":"secondary","lane_markings":"yes","lanes":"2","layer":"1","lit":"yes","logainm:ref":"1379353","logainm:url":"https://www.logainm.ie/1379353.aspx","maxspeed":"50","name":"South Circular Road","name:en":"South Circular Road","name:ga":"Cuarb\u00f3thar Theas","ref":"R111","sidewalk":"both","source:old_name":"Dublin Street Names C T M'Cready","surface":"asphalt","osm_type":"way","osm_id":369154724,"length_m":25.63}},{"type":"Feature","geometry":{"type":"LineString","coordinates":[[-6.2693322,53.3392899],[-6.2693023,53.3392323]]},"properties":{"alt_name:ga":"Br\u00edd Sr\u00e1id","cycleway":"lane","highway":"tertiary","lanes":"2","lit":"yes","logainm:ref":"1383332","logainm:url":"https://www.logainm.ie/1383332.aspx","maxspeed":"30","name":"Bride Street","name:en":"Bride Street","name:ga":"Sr\u00e1id Bhr\u00edde","sidewalk":"both","surface":"asphalt","osm_type":"way","osm_id":369977726,"length_m":6.71}},{"type":"Feature","geometry":{"type":"LineString","coordinates":[[-6.272188,53.3387512],[-6.2711784,53.3384637]]},"properties":{"cycleway":"lane","highway":"secondary","lane_markings":"yes","lanes":"4","lanes:backward":"1","lanes:forward":"2","lit":"yes","logainm:ref":"1383351","logainm:url":"https://www.logainm.ie/1383351.aspx","maxspeed":"30","name":"Kevin Street Upper","name:en":"Kevin Street Upper","name:ga":"Sr\u00e1id Caoimh\u00edn Uachtarach","ref":"R110","sidewalk":"both","sidewalk:both:surface":"concrete","surface":"asphalt","osm_type":"way","osm_id":369977727,"length_m":74.3}},{"type":"Feature","geometry":{"type":"LineString","coordinates":[[-6.2754795,53.3297322],[-6.2754885,53.3297025]]},"properties":{"alt_name":"Harold's Cross Bridge","alt_name2":"Clanbrassil Bridge","bridge":"yes","cycleway":"lane","highway":"secondary","lane_markings":"yes","lanes":"3","layer":"1","lit":"yes","logainm:ref":"No entry","logainm:url":"No entry","maxspeed":"50","name":"Robert Emmet Bridge","name:en":"Robert Emmet Bridge","notes":"Original bridge Clanbrassil Bridge, 1791. Replaced 31st January 1937.","ref":"R137","sidewalk":"separate","surface":"asphalt","osm_type":"way","osm_id":376282512,"length_m":3.36}},{"type":"Feature","geometry":{"type":"LineString","coordinates":[[-6.293605,53.342405],[-6.2938334,53.34241]]},"properties":{"highway":"cycleway","oneway":"yes","surface":"asphalt","osm_type":"way","osm_id":401905421,"length_m":16.14}},{"type":"Feature","geometry":{"type":"LineString","coordinates":[[-6.2318757,53.3294616],[-6.2317565,53.3294041]]},"properties":{"alt_name:ga":"B\u00f3thar Pheambr\u00f3g","cycleway":"lane","highway":"secondary","lane_markings":"yes","lanes":"5","lit":"yes","logainm:ref":"1380868","logainm:url":"https://www.logainm.ie/1380868.aspx","maxspeed":"50","name":"Pembroke Road","name:en":"Pembroke Road","name:ga":"B\u00f3thar Pembr\u00f3c","ref":"R118","sidewalk":"both","sidewalk:left:surface":"paving_stones","sidewalk:right:surface":"concrete","smoothness":"good","surface":"asphalt","osm_type":"way","osm_id":405573990,"length_m":10.18}},{"type":"Feature","geometry":{"type":"LineString","coordinates":[[-6.2145306,53.4088697],[-6.2147766,53.4079879],[-6.2159951,53.4068897],[-6.2162411,53.4064242],[-6.2162039,53.4061684],[-6.2160352,53.4059229],[-6.2149082,53.4050958],[-6.2145878,53.4040454],[-6.2147165,53.4035662],[-6.2154689,53.4030435]]},"properties":{"alt_name:ga":"B\u00f3thar Chluain Seach","cycleway":"lane","highway":"tertiary","lanes":"2","logainm:ref":"1380470","logainm:url":"https://www.logainm.ie/1380470.aspx","maxspeed":"50","name":"Clonshaugh Road","name:en":"Clonshaugh Road","name:ga":"B\u00f3thar Chluainseach","surface":"asphalt","osm_type":"way","osm_id":407462507,"length_m":729.11}},{"type":"Feature","geometry":{"type":"LineString","coordinates":[[-6.2674758,53.3213861],[-6.2661097,53.3217439]]},"properties":{"alt_name:ga":"B\u00f3thar R\u00e1th gCearr","cycleway":"lane","highway":"secondary","lane_markings":"yes","lanes":"3","lit":"yes","logainm:ref":"1380886","logainm:url":"https://www.logainm.ie/1380886.aspx","maxspeed":"50","name":"Rathgar Road","name:en":"Rathgar Road","name:ga":"B\u00f3thar R\u00e1th Garbh","ref":"R114","sidewalk":"both","surface":"asphalt","osm_type":"way","osm_id":419478279,"length_m":99.33}},{"type":"Feature","geometry":{"type":"LineString","coordinates":[[-6.2743119,53.312026],[-6.2740978,53.3121398]]},"properties":{"alt_name:ga":"B\u00f3thar R\u00e1th gCearr","cycleway":"lane","highway":"secondary","lane_markings":"yes","lanes":"4","lit":"yes","logainm:ref":"1380886","logainm:url":"https://www.logainm.ie/1380886.aspx","maxspeed":"50","name":"Rathgar Road","name:en":"Rathgar Road","name:ga":"B\u00f3thar R\u00e1th Garbh","ref":"R114","sidewalk":"both","surface":"asphalt","osm_type":"way","osm_id":421764388,"length_m":19.04}},{"type":"Feature","geometry":{"type":"LineString","coordinates":[[-6.2813717,53.3432179],[-6.2812295,53.3431865]]},"properties":{"alt_name:ga":"Sr\u00e1id Thom\u00e1is","cycleway":"lane","cycleway:left:lane":"advisory","cycleway:right:lane":"exclusive","highway":"secondary","lane_markings":"yes","lanes":"4","lit":"yes","logainm:ref":"1383625","logainm:url":"https://www.logainm.ie/1383625.aspx","maxspeed":"50","name":"Thomas Street","name:en":"Thomas Street","name:ga":"Sr\u00e1id San Tom\u00e1s","ref":"R810","sidewalk":"both","surface":"asphalt","osm_type":"way","osm_id":430809997,"length_m":10.07}},{"type":"Feature","geometry":{"type":"LineString","coordinates":[[-6.281523,53.3432461],[-6.2813717,53.3432179]]},"properties":{"alt_name:ga":"Sr\u00e1id Thom\u00e1is","cycleway":"lane","cycleway:left:lane":"advisory","cycleway:right:lane":"exclusive","highway":"secondary","lane_markings":"yes","lanes":"4","lit":"yes","logainm:ref":"1383625","logainm:url":"https://www.logainm.ie/1383625.aspx","maxspeed":"50","name":"Thomas Street","name:en":"Thomas Street","name:ga":"Sr\u00e1id Naomh Tom\u00e1s","ref":"R810","sidewalk":"both","surface":"asphalt","osm_type":"way","osm_id":430809998,"length_m":10.52}},{"type":"Feature","geometry":{"type":"LineString","coordinates":[[-6.3020592,53.3291489],[-6.3012316,53.3293363]]},"properties":{"cycleway":"lane","highway":"secondary","lane_markings":"yes","lanes":"2","lit":"yes","logainm:ref":"1380513","logainm:url":"https://www.logainm.ie/1380513.aspx","maxspeed":"50","name":"Crumlin Road","name:en":"Crumlin Road","name:ga":"B\u00f3thar Chroimghlinne","ref":"R110","surface":"asphalt","osm_type":"way","osm_id":440221988,"length_m":58.78}},{"type":"Feature","geometry":{"type":"LineString","coordinates":[[-6.3285478,53.3341936],[-6.3286665,53.3341899]]},"properties":{"bicycle":"designated","foot":"designated","highway":"cycleway","surface":"concrete","osm_type":"way","osm_id":445132853,"length_m":8.15}},{"type":"Feature","geometry":{"type":"LineString","coordinates":[[-6.3286665,53.3341899],[-6.3335814,53.3336]]},"properties":{"bicycle":"designated","foot":"designated","highway":"cycleway","lit":"yes","motor_vehicle":"private","name":"Grand Canal Way","oneway":"no","segregated":"no","surface":"asphalt","osm_type":"way","osm_id":445132854,"length_m":333.05}},{"type":"Feature","geometry":{"type":"LineString","coordinates":[[-6.3279679,53.3342805],[-6.327032,53.3343986]]},"properties":{"bicycle":"permissive","foot":"designated","highway":"cycleway","oneway":"no","segregated":"no","surface":"asphalt","width":"5","osm_type":"way","osm_id":445132870,"length_m":63.58}},{"type":"Feature","geometry":{"type":"LineString","coordinates":[[-6.2484737,53.3775232],[-6.2456871,53.3807209]]},"properties":{"cycleway:surface":"concrete","foot":"yes","footway:surface":"concrete","highway":"cycleway","lit":"yes","name":"Swords Road","oneway":"yes","segregated":"yes","smoothness":"intermediate","surface":"concrete","osm_type":"way","osm_id":452474004,"length_m":400.82}},{"type":"Feature","geometry":{"type":"LineString","coordinates":[[-6.249856,53.3762913],[-6.2498612,53.3764308],[-6.2488506,53.3771486],[-6.2484737,53.3775232]]},"properties":{"highway":"cycleway","lit":"yes","mapillary":"1269086950174542","name":"Swords Road","oneway":"yes","smoothness":"good","surface":"concrete","survey:date":"2017-04-10","osm_type":"way","osm_id":452474376,"length_m":168.59}},{"type":"Feature","geometry":{"type":"LineString","coordinates":[[-6.3803337,53.3355138],[-6.3831553,53.3377003],[-6.3840792,53.3379678],[-6.3851776,53.3379269]]},"properties":{"bicycle":"designated","foot":"designated","highway":"cycleway","lit":"yes","oneway":"yes","segregated":"yes","surface":"asphalt","osm_type":"way","osm_id":454469852,"length_m":450.13}},{"type":"Feature","geometry":{"type":"LineString","coordinates":[[-6.3851124,53.3428961],[-6.3859307,53.3412882]]},"properties":{"highway":"cycleway","lit":"yes","oneway":"no","surface":"asphalt","osm_type":"way","osm_id":454471881,"length_m":186.96}},{"type":"Feature","geometry":{"type":"LineString","coordinates":[[-6.3852355,53.338084],[-6.3840363,53.3380805],[-6.3830241,53.3377856],[-6.3805481,53.3358755]]},"properties":{"bicycle":"designated","foot":"designated","highway":"cycleway","lit":"yes","oneway":"yes","segregated":"yes","surface":"asphalt","osm_type":"way","osm_id":454472614,"length_m":424.61}},{"type":"Feature","geometry":{"type":"LineString","coordinates":[[-6.3742417,53.3320344],[-6.3743558,53.332014],[-6.3776826,53.3338656]]},"properties":{"bicycle":"designated","foot":"designated","highway":"cycleway","lit":"yes","oneway":"yes","surface":"asphalt","osm_type":"way","osm_id":454472997,"length_m":309.89}},{"type":"Feature","geometry":{"type":"LineString","coordinates":[[-6.3703382,53.3294789],[-6.3709588,53.3300989],[-6.3733155,53.3314471],[-6.3739691,53.3317177]]},"properties":{"bicycle":"designated","foot":"designated","highway":"cycleway","lit":"yes","oneway":"yes","surface":"asphalt","osm_type":"way","osm_id":454473251,"length_m":351.17}},{"type":"Feature","geometry":{"type":"LineString","coordinates":[[-6.373126,53.331496],[-6.3715111,53.3306313],[-6.3706761,53.3300756],[-6.3701412,53.3295304]]},"properties":{"access":"no","bicycle":"designated","highway":"cycleway","lit":"yes","oneway":"yes","surface":"asphalt","osm_type":"way","osm_id":454473407,"length_m":298.07}},{"type":"Feature","geometry":{"type":"LineString","coordinates":[[-6.3254177,53.3661574],[-6.3255511,53.3661733]]},"properties":{"crossing":"marked","crossing:markings":"yes","cycleway":"crossing","foot":"no","highway":"cycleway","motor_vehicle":"no","sidewalk":"no","osm_type":"way","osm_id":461592249,"length_m":9.03}},{"type":"Feature","geometry":{"type":"LineString","coordinates":[[-6.3289708,53.3679495],[-6.3303459,53.3686554],[-6.3314488,53.3690109],[-6.3325169,53.3691697],[-6.3339807,53.3692172]]},"properties":{"foot":"no","highway":"cycleway","motor_vehicle":"no","sidewalk":"no","osm_type":"way","osm_id":461592250,"length_m":375.23}},{"type":"Feature","geometry":{"type":"LineString","coordinates":[[-6.2416756,53.318279],[-6.240211,53.3172588],[-6.2381199,53.316368]]},"properties":{"cycleway":"lane","highway":"secondary","lane_markings":"yes","lanes":"2","lit":"yes","logainm:ref":"1380469","logainm:url":"https://www.logainm.ie/1380469.aspx","maxspeed":"50","name":"Clonskeagh Road","name:en":"Clonskeagh Road","name:ga":"B\u00f3thar Chluain Sceach","ref":"R825","sidewalk":"both","surface":"asphalt","osm_type":"way","osm_id":482776532,"length_m":320.27}},{"type":"Feature","geometry":{"type":"LineString","coordinates":[[-6.2993059,53.312283],[-6.2996488,53.3120679]]},"properties":{"cycleway":"lane","highway":"secondary","lanes":"4","lanes:backward":"2","lanes:forward":"2","lit":"yes","logainm:ref":"1380416","logainm:url":"https://www.logainm.ie/1380416.aspx","maxspeed":"50","name":"Kimmage Road Lower","name:en":"Kimmage Road Lower","name:ga":"B\u00f3thar Chama\u00ed \u00cdochtarach","ref":"R817","surface":"asphalt","turn:lanes:forward":"through|right","osm_type":"way","osm_id":483115747,"length_m":33.04}},{"type":"Feature","geometry":{"type":"LineString","coordinates":[[-6.2992993,53.312287],[-6.2993059,53.312283]]},"properties":{"cycleway":"lane","highway":"secondary","lanes":"4","lit":"yes","logainm:ref":"1380416","logainm:url":"https://www.logainm.ie/1380416.aspx","maxspeed":"50","name":"Kimmage Road Lower","name:en":"Kimmage Road Lower","name:ga":"B\u00f3thar Chama\u00ed \u00cdochtarach","ref":"R817","surface":"asphalt","turn:lanes:forward":"left;through|right","osm_type":"way","osm_id":483115749,"length_m":0.62}},{"type":"Feature","geometry":{"type":"LineString","coordinates":[[-6.2984181,53.3128645],[-6.2992993,53.312287]]},"properties":{"cycleway":"lane","highway":"secondary","lanes":"4","lanes:backward":"2","lanes:forward":"2","lit":"yes","logainm:ref":"1380416","logainm:url":"https://www.logainm.ie/1380416.aspx","maxspeed":"50","name":"Kimmage Road Lower","name:en":"Kimmage Road Lower","name:ga":"B\u00f3thar Chama\u00ed \u00cdochtarach","ref":"R817","surface":"asphalt","turn:lanes:forward":"left;through|right","osm_type":"way","osm_id":483155334,"length_m":86.93}},{"type":"Feature","geometry":{"type":"LineString","coordinates":[[-6.2579191,53.3363902],[-6.2572592,53.3361445]]},"properties":{"alt_name":"St. Stephen's Green South","alt_name:en":"St. Stephen's Green South","alt_name:ga":"Faiche Stiabhna Deisceart","highway":"cycleway","lit":"yes","loc_name":"St. Stephen's Green South","loc_name:en":"St. Stephen's Green South","loc_name:ga":"Faiche Stiabhna Deisceart","mapillary":"2809791562618824","name":"St. Stephen's Green","name:en":"St. Stephen's Green","name:ga":"Faiche Stiabhna","oneway":"yes","smoothness":"excellent","source:name":"sign","surface":"asphalt","survey:date":"2018-05-10","osm_type":"way","osm_id":485429431,"length_m":53.51}},{"type":"Feature","geometry":{"type":"LineString","coordinates":[[-6.2322402,53.3628875],[-6.2380467,53.3611543]]},"properties":{"bicycle":"designated","foot":"designated","highway":"cycleway","osm_type":"way","osm_id":493878806,"length_m":430.89}},{"type":"Feature","geometry":{"type":"LineString","coordinates":[[-6.1856445,53.3970438],[-6.1864554,53.3970958],[-6.1869311,53.396887]]},"properties":{"bicycle":"designated","foot":"designated","highway":"cycleway","surface":"concrete","osm_type":"way","osm_id":494273195,"length_m":99.14}},{"type":"Feature","geometry":{"type":"LineString","coordinates":[[-6.2517212,53.3491758],[-6.2517806,53.3493275]]},"properties":{"highway":"cycleway","lit":"yes","oneway":"no","segregated":"no","smoothness":"excellent","source":"Bing Aerial Imagery (2021-02-22)","surface":"asphalt","osm_type":"way","osm_id":496130098,"length_m":17.32}},{"type":"Feature","geometry":{"type":"LineString","coordinates":[[-6.2517155,53.3481556],[-6.2517583,53.3481962]]},"properties":{"bicycle":"designated","foot":"designated","footway":"sidewalk","highway":"cycleway","lit":"yes","oneway":"no","segregated":"no","smoothness":"good","source":"Bing Aerial Imagery (2021-02-22)","surface":"paving_stones","osm_type":"way","osm_id":496130100,"length_m":5.33}},{"type":"Feature","geometry":{"type":"LineString","coordinates":[[-6.251623,53.348387],[-6.2516592,53.3488671]]},"properties":{"foot":"yes","highway":"cycleway","lit":"yes","name":"Memorial Road","name:en":"Memorial Road","name:ga":"B\u00f3thar Chuimhneach\u00e1in","oneway":"yes","sidewalk":"left","smoothness":"excellent","source":"Bing Aerial Imagery (2021-02-22)","surface":"asphalt","osm_type":"way","osm_id":496130105,"length_m":53.97}},{"type":"Feature","geometry":{"type":"LineString","coordinates":[[-6.2478624,53.3467231],[-6.2477872,53.3467062]]},"properties":{"highway":"cycleway","lit":"yes","segregated":"no","surface":"paving_stones","osm_type":"way","osm_id":496133832,"length_m":5.33}},{"type":"Feature","geometry":{"type":"LineString","coordinates":[[-6.2415856,53.3462653],[-6.2415852,53.3463645]]},"properties":{"foot":"yes","highway":"cycleway","lit":"yes","segregated":"no","surface":"asphalt","osm_type":"way","osm_id":496134790,"length_m":11.62}},{"type":"Feature","geometry":{"type":"LineString","coordinates":[[-6.2448381,53.3465058],[-6.2448451,53.3464673]]},"properties":{"highway":"cycleway","surface":"asphalt","osm_type":"way","osm_id":502378258,"length_m":4.31}},{"type":"Feature","geometry":{"type":"LineString","coordinates":[[-6.2478303,53.34681],[-6.247851,53.3467546]]},"properties":{"bicycle":"designated","crossing":"traffic_signals","crossing:markings":"lines","cycleway":"crossing","foot":"designated","highway":"cycleway","lit":"yes","segregated":"no","surface":"asphalt","osm_type":"way","osm_id":502378259,"length_m":6.31}},{"type":"Feature","geometry":{"type":"LineString","coordinates":[[-6.2435147,53.3463753],[-6.2435064,53.3464026]]},"properties":{"highway":"cycleway","surface":"asphalt","osm_type":"way","osm_id":502378260,"length_m":3.09}},{"type":"Feature","geometry":{"type":"LineString","coordinates":[[-6.172336,53.3672197],[-6.167655,53.3704504],[-6.1669622,53.3710574]]},"properties":{"bicycle":"designated","cycleway:surface":"asphalt","foot":"designated","footway:surface":"concrete","highway":"cycleway","name":"James Larkin Road","name:en":"James Larkin Road","name:ga":"B\u00f3thar Sh\u00e9amais U\u00ed Lorc\u00e1in","ncn":"yes","ncn_ref":"S2S","oneway":"no","segregated":"yes","surface":"paved","osm_type":"way","osm_id":505371313,"length_m":556.63}},{"type":"Feature","geometry":{"type":"LineString","coordinates":[[-6.1825152,53.3606994],[-6.1823617,53.3607531]]},"properties":{"bicycle":"designated","foot":"designated","highway":"cycleway","name":"Clontarf Road","name:en":"Clontarf Road","name:ga":"B\u00f3thar Chluain Tarbh","oneway":"no","segregated":"no","surface":"concrete","osm_type":"way","osm_id":505513808,"length_m":11.82}},{"type":"Feature","geometry":{"type":"LineString","coordinates":[[-6.2479476,53.355655],[-6.2472626,53.3551377]]},"properties":{"cycleway":"lane","highway":"secondary","incline":"down","lane_markings":"yes","lanes":"2","lit":"yes","logainm:ref":"1383149","logainm:url":"https://www.logainm.ie/1383149.aspx","maxspeed":"50","name":"Portland Row","name:en":"Portland Row","name:ga":"Rae Phortlainn","ref":"R101","surface":"asphalt","osm_type":"way","osm_id":520012239,"length_m":73.32}},{"type":"Feature","geometry":{"type":"LineString","coordinates":[[-6.2599291,53.3445243],[-6.2593843,53.3447671],[-6.2591324,53.3453301]]},"properties":{"highway":"cycleway","lit":"yes","oneway":"no","sidewalk:left":"separate","sidewalk:right":"no","smoothness":"excellent","surface":"asphalt","width":"2","osm_type":"way","osm_id":521995022,"length_m":113.32}},{"type":"Feature","geometry":{"type":"LineString","coordinates":[[-6.31284,53.3769867],[-6.3113983,53.376581],[-6.3108662,53.3765526]]},"properties":{"bicycle":"designated","foot":"designated","highway":"cycleway","lit":"yes","surface":"paved","width":"1.5","osm_type":"way","osm_id":531019946,"length_m":141.65}},{"type":"Feature","geometry":{"type":"LineString","coordinates":[[-6.2657419,53.337409],[-6.2654553,53.336446]]},"properties":{"cycleway":"lane","highway":"secondary","lane_markings":"yes","lanes":"2","lit":"yes","logainm:ref":"1383468","logainm:url":"https://www.logainm.ie/1383468.aspx","maxspeed":"30","name":"Wexford Street","name:en":"Wexford Street","name:ga":"Sr\u00e1id Loch Garman","old_name":"St Kevin's Port","ref":"R114","sidewalk":"both","surface":"asphalt","osm_type":"way","osm_id":532427445,"length_m":108.79}},{"type":"Feature","geometry":{"type":"LineString","coordinates":[[-6.175985,53.403493],[-6.1762738,53.403143],[-6.1764458,53.4023663]]},"properties":{"bicycle":"yes","foot":"yes","highway":"cycleway","lit":"yes","name":"Belmayne to Clarehall shortcut","surface":"asphalt","width":"4","osm_type":"way","osm_id":533134692,"length_m":131.65}},{"type":"Feature","geometry":{"type":"LineString","coordinates":[[-6.2097805,53.3692407],[-6.2082296,53.3701162]]},"properties":{"cycleway":"soft_lane","highway":"secondary","lane_markings":"yes","lanes":"2","lit":"yes","logainm:ref":"1380376","logainm:url":"https://www.logainm.ie/1380376.aspx","maxspeed":"50","name":"Howth Road","name:en":"Howth Road","name:ga":"B\u00f3thar Bhinn \u00c9adair","ref":"R105","sidewalk":"both","surface":"asphalt","osm_type":"way","osm_id":540660006,"length_m":141.67}},{"type":"Feature","geometry":{"type":"LineString","coordinates":[[-6.2544602,53.3250914],[-6.2540925,53.3249177]]},"properties":{"cycleway":"lane","highway":"secondary","lane_markings":"yes","lanes":"4","lit":"yes","logainm:ref":"57180","logainm:url":"https://www.logainm.ie/57180.aspx","maxspeed":"50","name":"Ranelagh","name:en":"Ranelagh","name:ga":"Raghnallach","ref":"R117","sidewalk":"both","surface":"asphalt","osm_type":"way","osm_id":542512199,"length_m":31.14}},{"type":"Feature","geometry":{"type":"LineString","coordinates":[[-6.2408307,53.3492831],[-6.2406679,53.3503488],[-6.240555,53.3504991]]},"properties":{"highway":"cycleway","incline":"0%","lit":"yes","oneway":"no","surface":"asphalt","width":"3.5","osm_type":"way","osm_id":544999766,"length_m":137.84}},{"type":"Feature","geometry":{"type":"LineString","coordinates":[[-6.240808,53.3491569],[-6.2408256,53.3490401]]},"properties":{"bicycle":"designated","crossing":"traffic_signals","cycleway":"crossing","foot":"designated","highway":"cycleway","incline":"0%","lit":"yes","oneway":"no","segregated":"no","surface":"asphalt","osm_type":"way","osm_id":544999768,"length_m":13.05}},{"type":"Feature","geometry":{"type":"LineString","coordinates":[[-6.2545955,53.3583879],[-6.2526218,53.3579793]]},"properties":{"cycleway":"lane","highway":"secondary","lane_markings":"yes","lanes":"2","lit":"yes","logainm:ref":"1379354","logainm:url":"https://www.logainm.ie/1379354.aspx","maxspeed":"50","name":"North Circular Road","name:en":"North Circular Road","name:ga":"Cuarbh\u00f3thar Thuaidh","ref":"R101","surface":"asphalt","osm_type":"way","osm_id":556290239,"length_m":138.65}},{"type":"Feature","geometry":{"type":"LineString","coordinates":[[-6.2950694,53.3490013],[-6.2946069,53.3489449]]},"properties":{"highway":"cycleway","lit":"yes","oneway":"yes","surface":"asphalt","width":"1.5","osm_type":"way","osm_id":559234685,"length_m":34.67}},{"type":"Feature","geometry":{"type":"LineString","coordinates":[[-6.2438861,53.3872915],[-6.2442521,53.3875273]]},"properties":{"foot":"yes","highway":"cycleway","lit":"yes","segregated":"no","surface":"concrete","osm_type":"way","osm_id":559463866,"length_m":35.73}},{"type":"Feature","geometry":{"type":"LineString","coordinates":[[-6.2446105,53.3827297],[-6.244678,53.3826375]]},"properties":{"foot":"no","highway":"cycleway","lit":"yes","oneway":"yes","smoothness":"good","surface":"concrete","osm_type":"way","osm_id":559477368,"length_m":11.22}},{"type":"Feature","geometry":{"type":"LineString","coordinates":[[-6.2445963,53.3827833],[-6.2446105,53.3827297]]},"properties":{"crossing":"marked","crossing:markings":"yes","foot":"no","highway":"cycleway","lit":"yes","surface":"concrete","osm_type":"way","osm_id":559477370,"length_m":6.03}},{"type":"Feature","geometry":{"type":"LineString","coordinates":[[-6.2446998,53.3829963],[-6.2445963,53.3827833]]},"properties":{"foot":"no","highway":"cycleway","lit":"yes","oneway":"yes","surface":"concrete","osm_type":"way","osm_id":559477372,"length_m":24.95}},{"type":"Feature","geometry":{"type":"LineString","coordinates":[[-6.3860452,53.3410645],[-6.3861043,53.3409635]]},"properties":{"highway":"cycleway","osm_type":"way","osm_id":561235914,"length_m":11.9}},{"type":"Feature","geometry":{"type":"LineString","coordinates":[[-6.3861043,53.3409635],[-6.3861465,53.3408731]]},"properties":{"bicycle":"designated","crossing":"unmarked","crossing:markings":"no","cycleway":"crossing","highway":"cycleway","osm_type":"way","osm_id":561235915,"length_m":10.44}},{"type":"Feature","geometry":{"type":"LineString","coordinates":[[-6.3859307,53.3412882],[-6.3860452,53.3410645]]},"properties":{"bicycle":"designated","crossing":"unmarked","crossing:markings":"no","cycleway":"crossing","highway":"cycleway","osm_type":"way","osm_id":561235916,"length_m":26.02}},{"type":"Feature","geometry":{"type":"LineString","coordinates":[[-6.251556,53.3321728],[-6.2514969,53.3321859]]},"properties":{"alt_name:ga":"Ard\u00e1n Sussex","cycleway":"lane","highway":"secondary","lane_markings":"yes","lanes":"3","lanes:forward":"1","lit":"yes","logainm:ref":"1379587","logainm:url":"https://www.logainm.ie/1379587.aspx","maxspeed":"50","name":"Sussex Terrace","name:en":"Sussex Terrace","name:ga":"Ard\u00e1n Susac","ref":"R111","surface":"asphalt","turn:lanes:backward":"through|right","turn:lanes:forward":"through;right","osm_type":"way","osm_id":563920576,"length_m":4.19}},{"type":"Feature","geometry":{"type":"LineString","coordinates":[[-6.2754885,53.3297025],[-6.2755042,53.3296533]]},"properties":{"alt_name":"Harold's Cross Bridge","bridge":"yes","cycleway":"lane","highway":"secondary","lane_markings":"yes","lanes":"3","layer":"1","lit":"yes","logainm:ref":"No entry","logainm:url":"No entry","maxspeed":"50","name":"Robert Emmet Bridge","name:en":"Robert Emmet Bridge","ref":"R137","sidewalk":"separate","surface":"asphalt","osm_type":"way","osm_id":563920579,"length_m":5.57}},{"type":"Feature","geometry":{"type":"LineString","coordinates":[[-6.2304331,53.3182104],[-6.2277488,53.3162926],[-6.2276862,53.3161428]]},"properties":{"bicycle":"designated","foot":"designated","highway":"cycleway","lit":"yes","oneway":"yes","segregated":"no","surface":"concrete","osm_type":"way","osm_id":585722924,"length_m":296.61}},{"type":"Feature","geometry":{"type":"LineString","coordinates":[[-6.2837651,53.3071898],[-6.2832897,53.3051888]]},"properties":{"bus:lanes":"yes|designated","cycleway":"shared_lane","highway":"secondary","lane_markings":"yes","lanes":"3","lanes:backward":"2","lanes:forward":"1","lit":"yes","logainm:ref":"1380885","logainm:url":"https://www.logainm.ie/1380885.aspx","maxspeed":"50","name":"Rathfarnham Road","name:en":"Rathfarnham Road","name:ga":"B\u00f3thar R\u00e1th Fhearn\u00e1in","ref":"R114","sidewalk":"both","surface":"asphalt","osm_type":"way","osm_id":591837995,"length_m":224.87}},{"type":"Feature","geometry":{"type":"LineString","coordinates":[[-6.2119645,53.3682077],[-6.211852,53.3682512]]},"properties":{"cycleway":"lane","highway":"secondary","lane_markings":"yes","lanes":"2","lit":"yes","logainm:ref":"1380376","logainm:url":"https://www.logainm.ie/1380376.aspx","maxspeed":"50","name":"Howth Road","name:en":"Howth Road","name:ga":"B\u00f3thar Bhinn \u00c9adair","ref":"R105","surface":"asphalt","osm_type":"way","osm_id":593493971,"length_m":8.89}},{"type":"Feature","geometry":{"type":"LineString","coordinates":[[-6.2117292,53.3683006],[-6.2111038,53.3685704]]},"properties":{"cycleway":"soft_lane","highway":"secondary","lane_markings":"yes","lanes":"2","lit":"yes","logainm:ref":"1380376","logainm:url":"https://www.logainm.ie/1380376.aspx","maxspeed":"50","name":"Howth Road","name:en":"Howth Road","name:ga":"B\u00f3thar Bhinn \u00c9adair","ref":"R105","surface":"asphalt","osm_type":"way","osm_id":593493972,"length_m":51.22}},{"type":"Feature","geometry":{"type":"LineString","coordinates":[[-6.211852,53.3682512],[-6.2117292,53.3683006]]},"properties":{"cycleway":"lane","highway":"secondary","lane_markings":"yes","lanes":"2","lit":"yes","logainm:ref":"1380376","logainm:url":"https://www.logainm.ie/1380376.aspx","maxspeed":"50","name":"Howth Road","name:en":"Howth Road","name:ga":"B\u00f3thar Bhinn \u00c9adair","ref":"R105","surface":"asphalt","osm_type":"way","osm_id":593493973,"length_m":9.83}},{"type":"Feature","geometry":{"type":"LineString","coordinates":[[-6.2121645,53.3681336],[-6.2119645,53.3682077]]},"properties":{"cycleway":"lane","highway":"secondary","lane_markings":"yes","lanes":"2","lit":"yes","logainm:ref":"1380376","logainm:url":"https://www.logainm.ie/1380376.aspx","maxspeed":"50","name":"Howth Road","name:en":"Howth Road","name:ga":"B\u00f3thar Bhinn \u00c9adair","ref":"R105","surface":"asphalt","osm_type":"way","osm_id":593493974,"length_m":15.68}},{"type":"Feature","geometry":{"type":"LineString","coordinates":[[-6.318551,53.3416733],[-6.3169126,53.3418283]]},"properties":{"cycleway":"lane","highway":"secondary","lane_markings":"yes","lanes":"2","lit":"yes","logainm:ref":"1380675","logainm:url":"https://www.logainm.ie/1380675.aspx","maxspeed":"50","name":"Inchicore Road","name:en":"Inchicore Road","name:ga":"B\u00f3thar Inse Ch\u00f3r","ref":"R839","surface":"asphalt","osm_type":"way","osm_id":604221828,"length_m":110.13}},{"type":"Feature","geometry":{"type":"LineString","coordinates":[[-6.2514969,53.3321859],[-6.2488867,53.3329451]]},"properties":{"cycleway":"lane","highway":"secondary","lane_markings":"yes","lanes":"2","lit":"yes","logainm:ref":"1380722","logainm:url":"https://www.logainm.ie/1380722.aspx","maxspeed":"50","name":"Mespil Road","name:en":"Mespil Road","name:ga":"B\u00f3thar Mespil","old_name":"Gibbet Meadow","ref":"R111","surface":"asphalt","osm_type":"way","osm_id":612719551,"length_m":192.8}},{"type":"Feature","geometry":{"type":"LineString","coordinates":[[-6.2793423,53.321685],[-6.279187,53.3211441]]},"properties":{"cycleway":"lane","highway":"secondary","lane_markings":"yes","lanes":"2","lit":"yes","logainm:ref":"1380511","logainm:url":"https://www.logainm.ie/1380511.aspx","maxspeed":"50","name":"Harold's Cross Road","name:en":"Harold's Cross Road","name:ga":"B\u00f3thar Chrois Araild","ref":"R137","sidewalk":"both","surface":"asphalt","osm_type":"way","osm_id":632039350,"length_m":61.06}},{"type":"Feature","geometry":{"type":"LineString","coordinates":[[-6.2057483,53.3830828],[-6.2058154,53.3831445]]},"properties":{"highway":"cycleway","oneway":"yes","surface":"asphalt","osm_type":"way","osm_id":635687837,"length_m":8.5}},{"type":"Feature","geometry":{"type":"LineString","coordinates":[[-6.2051169,53.3823905],[-6.2050391,53.3826742]]},"properties":{"highway":"cycleway","oneway":"no","surface":"paved","osm_type":"way","osm_id":635687839,"length_m":31.97}},{"type":"Feature","geometry":{"type":"LineString","coordinates":[[-6.2066547,53.3825525],[-6.2060037,53.3828993]]},"properties":{"highway":"cycleway","oneway":"yes","surface":"paved","osm_type":"way","osm_id":635687840,"length_m":59.16}},{"type":"Feature","geometry":{"type":"LineString","coordinates":[[-6.2453123,53.3536897],[-6.2449007,53.3533848]]},"properties":{"cycleway":"lane","highway":"secondary","lane_markings":"yes","lanes":"2","layer":"-1","lit":"yes","logainm:ref":"1383007","logainm:url":"https://www.logainm.ie/1383007.aspx","maxheight":"5.06","maxspeed":"50","name":"Seville Place","name:en":"Seville Place","name:ga":"Pl\u00e1s Seville","ref":"R101","surface":"asphalt","tunnel":"yes","tunnel:ref":"UBB 1A","osm_type":"way","osm_id":636864248,"length_m":43.54}},{"type":"Feature","geometry":{"type":"LineString","coordinates":[[-6.2489158,53.3517603],[-6.2491398,53.3517763]]},"properties":{"cycleway":"track","cycleway:surface":"asphalt","highway":"tertiary","lane_markings":"no","lanes":"2","layer":"-1","lit":"yes","logainm:ref":"1383310","logainm:url":"https://www.logainm.ie/1383310.aspx","maxheight":"5.07","maxspeed":"30","name":"Sheriff Street Lower","name:en":"Sheriff Street Lower","name:ga":"Sr\u00e1id an tSirriam \u00cdochtarach","ref":"L1557","shoulder":"no","sidewalk":"both","sidewalk:both:surface":"paving_stones","surface":"sett","tunnel":"yes","osm_type":"way","osm_id":638750206,"length_m":14.97}},{"type":"Feature","geometry":{"type":"LineString","coordinates":[[-6.1825152,53.3606994],[-6.1845411,53.3599476],[-6.1876228,53.3592761],[-6.1900916,53.3584265]]},"properties":{"bicycle":"designated","highway":"cycleway","name":"Clontarf Road","name:en":"Clontarf Road","name:ga":"B\u00f3thar Chluain Tarbh","oneway":"no","surface":"asphalt","osm_type":"way","osm_id":640055029,"length_m":566.83}},{"type":"Feature","geometry":{"type":"LineString","coordinates":[[-6.2893008,53.3067037],[-6.286445,53.3084681]]},"properties":{"cycleway":"lane","highway":"secondary","lanes":"2","logainm:ref":"1380955","logainm:url":"https://www.logainm.ie/1380955.aspx","maxspeed":"50","name":"Templeogue Road","name:en":"Templeogue Road","name:ga":"B\u00f3thar Theach Meal\u00f3g","ref":"R137","surface":"asphalt","osm_type":"way","osm_id":643528791,"length_m":272.95}},{"type":"Feature","geometry":{"type":"LineString","coordinates":[[-6.2047356,53.3832471],[-6.2041603,53.3835873]]},"properties":{"highway":"cycleway","surface":"paved","osm_type":"way","osm_id":645524994,"length_m":54.23}},{"type":"Feature","geometry":{"type":"LineString","coordinates":[[-6.1656933,53.4050802],[-6.1637075,53.4057331]]},"properties":{"bicycle":"designated","foot":"designated","highway":"cycleway","lanes":"1","name":"Parkside Lane","segregated":"yes","surface":"asphalt","osm_type":"way","osm_id":646148302,"length_m":150.33}},{"type":"Feature","geometry":{"type":"LineString","coordinates":[[-6.1741771,53.4065418],[-6.1741923,53.4067109]]},"properties":{"bicycle":"designated","crossing":"unmarked","crossing:island":"yes","crossing:markings":"no","cycleway":"crossing","foot":"designated","highway":"cycleway","lit":"yes","surface":"concrete","tactile_paving":"yes","osm_type":"way","osm_id":646166490,"length_m":18.94}},{"type":"Feature","geometry":{"type":"LineString","coordinates":[[-6.1631995,53.4058613],[-6.1630909,53.4058532]]},"properties":{"bicycle":"designated","crossing":"traffic_signals","cycleway":"crossing","foot":"designated","highway":"cycleway","lit":"yes","segregated":"no","surface":"asphalt","osm_type":"way","osm_id":646188051,"length_m":7.26}},{"type":"Feature","geometry":{"type":"LineString","coordinates":[[-6.1630606,53.4058505],[-6.1629952,53.405217],[-6.1630752,53.4050883],[-6.162441,53.4028277],[-6.1623033,53.402776]]},"properties":{"foot":"yes","highway":"cycleway","lit":"yes","segregated":"yes","surface":"asphalt","width":"2.5","osm_type":"way","osm_id":647138414,"length_m":353.41}},{"type":"Feature","geometry":{"type":"LineString","coordinates":[[-6.1510244,53.3980529],[-6.1529953,53.398212],[-6.1565178,53.3982773]]},"properties":{"bicycle":"yes","cycleway":"lane","foot":"yes","highway":"secondary","horse":"yes","lane_markings":"yes","lanes":"2","lit":"yes","logainm:ref":"No entry","logainm:url":"No entry","maxspeed":"60","name":"Grange Road","name:en":"Grange Road","name:ga":"B\u00f3thar na Gr\u00e1ins\u00ed","oneway":"no","ref":"R139","surface":"asphalt","osm_type":"way","osm_id":670782753,"length_m":365.56}},{"type":"Feature","geometry":{"type":"LineString","coordinates":[[-6.2520189,53.3734261],[-6.2520628,53.3735824],[-6.2516565,53.3744302],[-6.2505374,53.37579],[-6.2503529,53.3758166]]},"properties":{"highway":"cycleway","lit":"yes","oneway":"yes","surface":"concrete","width":"1.5","osm_type":"way","osm_id":673904165,"length_m":296.71}},{"type":"Feature","geometry":{"type":"LineString","coordinates":[[-6.2660218,53.3725122],[-6.266003,53.3726261]]},"properties":{"bicycle":"designated","bridge":"yes","check_date:surface":"2024-10-14","cycleway":"sidewalk","cycleway:surface":"concrete","foot":"designated","footway:surface":"concrete","highway":"cycleway","layer":"1","segregated":"yes","surface":"concrete","osm_type":"way","osm_id":677045570,"length_m":12.73}},{"type":"Feature","geometry":{"type":"LineString","coordinates":[[-6.2838765,53.3097588],[-6.2842834,53.3096495]]},"properties":{"alt_name:ga":"Pl\u00e1s Tor Fhionnabhair","cycleway":"lane","highway":"secondary","lane_markings":"yes","lanes":"3","lit":"yes","logainm:ref":"1383019","logainm:url":"https://www.logainm.ie/1383019.aspx","maxspeed":"50","name":"Terenure Place","name:en":"Terenure Place","name:ga":"Pl\u00e1s Th\u00edr an I\u00fair","ref":"R137","sidewalk":"both","surface":"asphalt","osm_type":"way","osm_id":680203192,"length_m":29.64}},{"type":"Feature","geometry":{"type":"LineString","coordinates":[[-6.2842834,53.3096495],[-6.284684,53.3095497]]},"properties":{"alt_name:ga":"Pl\u00e1s Tor Fhionnabhair","cycleway":"lane","highway":"secondary","lane_markings":"yes","lanes":"3","lit":"yes","logainm:ref":"1383019","logainm:url":"https://www.logainm.ie/1383019.aspx","maxspeed":"50","name":"Terenure Place","name:en":"Terenure Place","name:ga":"Pl\u00e1s Th\u00edr an I\u00fair","ref":"R137","sidewalk":"both","surface":"asphalt","osm_type":"way","osm_id":680203193,"length_m":28.84}},{"type":"Feature","geometry":{"type":"LineString","coordinates":[[-6.2836515,53.3095907],[-6.2839278,53.3087384],[-6.2839865,53.3081745]]},"properties":{"cycleway":"lane","highway":"secondary","lane_markings":"yes","lanes":"3","lit":"yes","logainm:ref":"1380885","logainm:url":"https://www.logainm.ie/1380885.aspx","maxspeed":"50","name":"Rathfarnham Road","name:en":"Rathfarnham Road","name:ga":"B\u00f3thar R\u00e1th Fhearn\u00e1in","ref":"R114","sidewalk":"both","surface":"asphalt","osm_type":"way","osm_id":680203194,"length_m":159.44}},{"type":"Feature","geometry":{"type":"LineString","coordinates":[[-6.2493253,53.3765367],[-6.2500586,53.3759336],[-6.2502129,53.3759654]]},"properties":{"highway":"cycleway","lit":"yes","mapillary":"265100938657631","name":"Swords Road","oneway":"yes","smoothness":"good","surface":"concrete","survey:date":"2017-04-14","width":"1","osm_type":"way","osm_id":680325858,"length_m":93.99}},{"type":"Feature","geometry":{"type":"LineString","coordinates":[[-6.2659081,53.3730192],[-6.2657634,53.3730154]]},"properties":{"bicycle":"designated","crossing":"traffic_signals","crossing:island":"no","cycleway":"crossing","foot":"designated","highway":"cycleway","surface":"asphalt","tactile_paving":"yes","osm_type":"way","osm_id":680355421,"length_m":9.61}},{"type":"Feature","geometry":{"type":"LineString","coordinates":[[-6.2659866,53.3727746],[-6.2659643,53.3728728]]},"properties":{"bicycle":"designated","crossing":"marked","crossing:markings":"dashes","cycleway":"crossing","highway":"cycleway","surface":"asphalt","width":"1","osm_type":"way","osm_id":680355422,"length_m":11.02}},{"type":"Feature","geometry":{"type":"LineString","coordinates":[[-6.2457292,53.3745567],[-6.2454437,53.3744771]]},"properties":{"cycleway":"lane","highway":"secondary","lanes":"2","logainm:ref":"1380053","logainm:url":"https://www.logainm.ie/1380053.aspx","maxspeed":"50","maxweight":"3.5","name":"Griffith Avenue","name:en":"Griffith Avenue","name:ga":"Ascaill U\u00ed Ghr\u00edofa","ref":"R102","surface":"asphalt","osm_type":"way","osm_id":681177753,"length_m":20.91}},{"type":"Feature","geometry":{"type":"LineString","coordinates":[[-6.2418051,53.3734872],[-6.2398792,53.3729307],[-6.2380145,53.3722597]]},"properties":{"cycleway":"lane","highway":"secondary","lanes":"2","logainm:ref":"1380053","logainm:url":"https://www.logainm.ie/1380053.aspx","maxspeed":"50","maxweight":"3.5","name":"Griffith Avenue","name:en":"Griffith Avenue","name:ga":"Ascaill U\u00ed Ghr\u00edofa","oneway":"no","ref":"R102","surface":"asphalt","osm_type":"way","osm_id":681222248,"length_m":286.48}},{"type":"Feature","geometry":{"type":"LineString","coordinates":[[-6.2857256,53.4047329],[-6.2848187,53.4046627],[-6.2840906,53.4049625]]},"properties":{"bicycle":"designated","cycleway:surface":"asphalt","foot":"designated","footway:surface":"concrete","highway":"cycleway","lit":"yes","oneway":"yes","segregated":"yes","surface":"paved","osm_type":"way","osm_id":681304485,"length_m":119.28}},{"type":"Feature","geometry":{"type":"LineString","coordinates":[[-6.2839381,53.4048238],[-6.2848583,53.4044568]]},"properties":{"bicycle":"designated","cycleway:surface":"asphalt","foot":"designated","footway:surface":"concrete","highway":"cycleway","lit":"yes","oneway":"yes","segregated":"yes","surface":"paved","osm_type":"way","osm_id":681304487,"length_m":73.4}},{"type":"Feature","geometry":{"type":"LineString","coordinates":[[-6.29165,53.4049501],[-6.2904572,53.4050957],[-6.2857256,53.4047329]]},"properties":{"bicycle":"designated","cycleway:surface":"asphalt","foot":"designated","footway:surface":"concrete","highway":"cycleway","lit":"yes","oneway":"yes","segregated":"yes","surface":"paved","osm_type":"way","osm_id":681449040,"length_m":396.97}},{"type":"Feature","geometry":{"type":"LineString","coordinates":[[-6.2849093,53.4045017],[-6.2904822,53.4049267],[-6.291599,53.4047855]]},"properties":{"bicycle":"designated","cycleway:surface":"asphalt","foot":"designated","footway:surface":"concrete","highway":"cycleway","lit":"yes","oneway":"yes","segregated":"yes","surface":"paved","osm_type":"way","osm_id":681449041,"length_m":448.13}},{"type":"Feature","geometry":{"type":"LineString","coordinates":[[-6.3072825,53.3191499],[-6.3080876,53.3200641]]},"properties":{"bicycle":"designated","foot":"designated","highway":"cycleway","oneway":"yes","osm_type":"way","osm_id":699773876,"length_m":115.1}},{"type":"Feature","geometry":{"type":"LineString","coordinates":[[-6.3068453,53.3189278],[-6.3065,53.3186324]]},"properties":{"bicycle":"designated","foot":"designated","highway":"cycleway","oneway":"yes","osm_type":"way","osm_id":699773877,"length_m":40.06}},{"type":"Feature","geometry":{"type":"LineString","coordinates":[[-6.2485712,53.3096791],[-6.2485289,53.3096678]]},"properties":{"foot":"yes","highway":"cycleway","segregated":"no","surface":"asphalt","osm_type":"way","osm_id":709869882,"length_m":3.08}},{"type":"Feature","geometry":{"type":"LineString","coordinates":[[-6.2377335,53.3156875],[-6.2381465,53.3150481],[-6.2386258,53.3135996]]},"properties":{"cycleway":"lane","highway":"secondary","lane_markings":"yes","lanes":"2","lit":"yes","logainm:ref":"1380469","logainm:url":"https://www.logainm.ie/1380469.aspx","maxspeed":"50","name":"Clonskeagh Road","name:en":"Clonskeagh Road","name:ga":"B\u00f3thar Chluain Sceach","ref":"R825","sidewalk":"both","surface":"asphalt","osm_type":"way","osm_id":709869885,"length_m":240.52}},{"type":"Feature","geometry":{"type":"LineString","coordinates":[[-6.2339715,53.3191316],[-6.2338669,53.3191697]]},"properties":{"cycleway":"lane","highway":"secondary","lanes":"2","lit":"yes","logainm:ref":"1380584","logainm:url":"https://www.logainm.ie/1380584.aspx","maxspeed":"50","name":"Eglinton Road","name:en":"Eglinton Road","name:ga":"B\u00f3thar Eglinton","ref":"R824","surface":"asphalt","osm_type":"way","osm_id":709869887,"length_m":8.14}},{"type":"Feature","geometry":{"type":"LineString","coordinates":[[-6.2342478,53.3236452],[-6.2343091,53.3234412]]},"properties":{"highway":"cycleway","lit":"yes","network":"lcn","segregated":"no","surface":"asphalt","osm_type":"way","osm_id":709869890,"length_m":23.32}},{"type":"Feature","geometry":{"type":"LineString","coordinates":[[-6.2322045,53.3260745],[-6.233807,53.3245116],[-6.2342478,53.3236452]]},"properties":{"highway":"cycleway","network":"lcn","segregated":"no","surface":"asphalt","width":"4.5","osm_type":"way","osm_id":709869891,"length_m":305.41}},{"type":"Feature","geometry":{"type":"LineString","coordinates":[[-6.227571,53.3417709],[-6.2279104,53.3417317]]},"properties":{"cycleway":"lane","highway":"secondary","lane_markings":"yes","lanes":"2","lit":"yes","logainm:ref":"1383251","logainm:url":"https://www.logainm.ie/1383251.aspx","maxspeed":"50","name":"Bridge Street","name:en":"Bridge Street","name:ga":"Sr\u00e1id An Droicid","ref":"R802","surface":"asphalt","osm_type":"way","osm_id":709869899,"length_m":22.95}},{"type":"Feature","geometry":{"type":"LineString","coordinates":[[-6.2752599,53.3330706],[-6.2752664,53.3330284]]},"properties":{"cycleway":"lane","highway":"secondary","lanes":"3","logainm:ref":"1383362","logainm:url":"https://www.logainm.ie/1383362.aspx","maxspeed":"50","name":"Clanbrassil Street Lower","name:en":"Clanbrassil Street Lower","name:ga":"Sr\u00e1id Chlann Bhreasail \u00cdochtarach","ref":"R137","surface":"asphalt","wikipedia":"en:Clanbrassil Street","osm_type":"way","osm_id":710574991,"length_m":4.71}},{"type":"Feature","geometry":{"type":"LineString","coordinates":[[-6.2752664,53.3330284],[-6.2752072,53.3322379]]},"properties":{"cycleway":"lane","highway":"secondary","lanes":"3","lit":"yes","logainm:ref":"1383362","logainm:url":"https://www.logainm.ie/1383362.aspx","maxspeed":"50","name":"Clanbrassil Street Lower","name:en":"Clanbrassil Street Lower","name:ga":"Sr\u00e1id Chlann Bhreasail \u00cdochtarach","ref":"R137","surface":"asphalt","wikipedia":"en:Clanbrassil Street","osm_type":"way","osm_id":710574992,"length_m":87.99}},{"type":"Feature","geometry":{"type":"LineString","coordinates":[[-6.2287636,53.368903],[-6.2282361,53.3687172]]},"properties":{"cycleway":"lane","highway":"secondary","lanes":"2","logainm:ref":"1380053","logainm:url":"https://www.logainm.ie/1380053.aspx","maxspeed":"50","maxweight":"3.5","name":"Griffith Avenue","name:en":"Griffith Avenue","name:ga":"Ascaill U\u00ed Ghr\u00edofa","oneway":"no","ref":"R102","surface":"asphalt","osm_type":"way","osm_id":730429738,"length_m":40.64}},{"type":"Feature","geometry":{"type":"LineString","coordinates":[[-6.2380145,53.3722597],[-6.2378644,53.3722047]]},"properties":{"cycleway":"lane","highway":"secondary","lanes":"2","logainm:ref":"1380053","logainm:url":"https://www.logainm.ie/1380053.aspx","maxspeed":"50","maxweight":"3.5","name":"Griffith Avenue","name:en":"Griffith Avenue","name:ga":"Ascaill U\u00ed Ghr\u00edofa","oneway":"no","ref":"R102","surface":"asphalt","osm_type":"way","osm_id":730429739,"length_m":11.69}},{"type":"Feature","geometry":{"type":"LineString","coordinates":[[-6.3149323,53.3263577],[-6.3114574,53.3271086]]},"properties":{"cycleway":"lane","highway":"secondary","lane_markings":"yes","lanes":"2","lit":"yes","logainm:ref":"1380513","logainm:url":"https://www.logainm.ie/1380513.aspx","maxspeed":"50","name":"Crumlin Road","name:en":"Crumlin Road","name:ga":"B\u00f3thar Chroimghlinne","ref":"R110","surface":"asphalt","osm_type":"way","osm_id":732239236,"length_m":245.45}},{"type":"Feature","geometry":{"type":"LineString","coordinates":[[-6.3012316,53.3293363],[-6.2985802,53.3299533]]},"properties":{"cycleway":"lane","highway":"secondary","lane_markings":"yes","lanes":"3","lit":"yes","logainm:ref":"1380513","logainm:url":"https://www.logainm.ie/1380513.aspx","maxspeed":"50","name":"Crumlin Road","name:en":"Crumlin Road","name:ga":"B\u00f3thar Chroimghlinne","ref":"R110","surface":"asphalt","osm_type":"way","osm_id":732239237,"length_m":189.09}},{"type":"Feature","geometry":{"type":"LineString","coordinates":[[-6.2595072,53.3614504],[-6.2595629,53.3613758]]},"properties":{"bridge":"yes","cycleway":"sidewalk","foot":"yes","footway:surface":"compacted","highway":"cycleway","layer":"1","lit":"yes","oneway":"yes","segregated":"yes","surface":"concrete","osm_type":"way","osm_id":740743750,"length_m":9.08}},{"type":"Feature","geometry":{"type":"LineString","coordinates":[[-6.2479678,53.3466816],[-6.2478916,53.3467118]]},"properties":{"crossing":"traffic_signals","crossing:markings":"lines","cycleway":"crossing","highway":"cycleway","lit":"yes","segregated":"no","surface":"asphalt","osm_type":"way","osm_id":750225800,"length_m":6.07}},{"type":"Feature","geometry":{"type":"LineString","coordinates":[[-6.2694835,53.3502865],[-6.2692022,53.3502116]]},"properties":{"highway":"cycleway","lit":"yes","oneway":"yes","surface":"asphalt","width":"1","osm_type":"way","osm_id":750249500,"length_m":21.24}},{"type":"Feature","geometry":{"type":"LineString","coordinates":[[-6.2702995,53.3405882],[-6.2702809,53.3406055]]},"properties":{"highway":"cycleway","lit":"yes","oneway":"yes","smoothness":"excellent","surface":"asphalt","width":"1","osm_type":"way","osm_id":750257167,"length_m":2.29}},{"type":"Feature","geometry":{"type":"LineString","coordinates":[[-6.3087671,53.3420665],[-6.3086022,53.3420965]]},"properties":{"highway":"cycleway","oneway":"yes","surface":"asphalt","osm_type":"way","osm_id":750312890,"length_m":11.72}},{"type":"Feature","geometry":{"type":"LineString","coordinates":[[-6.3086022,53.3420965],[-6.3080736,53.3421276]]},"properties":{"highway":"cycleway","segregated":"no","surface":"paving_stones","osm_type":"way","osm_id":750312891,"length_m":35.27}},{"type":"Feature","geometry":{"type":"LineString","coordinates":[[-6.3080561,53.3421331],[-6.3078607,53.3422617]]},"properties":{"cycleway:surface":"asphalt","highway":"cycleway","oneway":"yes","sidewalk":"left","surface":"asphalt","osm_type":"way","osm_id":750312898,"length_m":20.24}},{"type":"Feature","geometry":{"type":"LineString","coordinates":[[-6.3161776,53.3419223],[-6.3163318,53.3419679]]},"properties":{"fixme":"Does cycleway continue on from western end?","highway":"cycleway","surface":"concrete","osm_type":"way","osm_id":750312900,"length_m":13.73}},{"type":"Feature","geometry":{"type":"LineString","coordinates":[[-6.2862099,53.3757265],[-6.2856773,53.3745997],[-6.2849864,53.3738401],[-6.2831455,53.3726023],[-6.2813084,53.3717892],[-6.280473,53.3711834],[-6.2804406,53.3710563]]},"properties":{"check_date:surface":"2026-02-24","cycleway:surface":"concrete","cycleway:width":"0.8","foot":"yes","footway:surface":"concrete","highway":"cycleway","oneway":"yes","segregated":"yes","surface":"concrete","osm_type":"way","osm_id":750602067,"length_m":665.87}},{"type":"Feature","geometry":{"type":"LineString","coordinates":[[-6.2862867,53.3759269],[-6.2862099,53.3757265]]},"properties":{"bridge":"yes","foot":"yes","highway":"cycleway","layer":"1","oneway":"yes","surface":"concrete","osm_type":"way","osm_id":750602068,"length_m":22.86}},{"type":"Feature","geometry":{"type":"LineString","coordinates":[[-6.3774604,53.3339004],[-6.3743483,53.3322179],[-6.373616,53.3319955]]},"properties":{"bicycle":"designated","foot":"designated","highway":"cycleway","lit":"yes","oneway":"yes","surface":"asphalt","osm_type":"way","osm_id":751661847,"length_m":338.15}},{"type":"Feature","geometry":{"type":"LineString","coordinates":[[-6.3781196,53.3342585],[-6.3774604,53.3339004]]},"properties":{"bicycle":"designated","bridge":"yes","bridge:name":"Park West Avenue Road Bridge","bridge:ref":"OBC9B","foot":"designated","highway":"cycleway","layer":"1","lit":"yes","oneway":"yes","segregated":"yes","surface":"asphalt","osm_type":"way","osm_id":751661848,"length_m":59.17}},{"type":"Feature","geometry":{"type":"LineString","coordinates":[[-6.3776826,53.3338656],[-6.3782839,53.3342075]]},"properties":{"bicycle":"designated","bridge":"yes","bridge:name":"Park West Avenue Road Bridge","bridge:ref":"OBC9B","foot":"designated","highway":"cycleway","layer":"1","lit":"yes","oneway":"yes","segregated":"yes","surface":"asphalt","osm_type":"way","osm_id":751661849,"length_m":55.13}},{"type":"Feature","geometry":{"type":"LineString","coordinates":[[-6.1768233,53.3802459],[-6.1766801,53.38027]]},"properties":{"bridge":"yes","cycleway":"lane","highway":"secondary","lane_markings":"yes","lanes":"2","layer":"1","lit":"yes","logainm:ref":"1380376","logainm:url":"https://www.logainm.ie/1380376.aspx","maxspeed":"50","maxweight:signed":"no","name":"Howth Road","name:en":"Howth Road","name:ga":"B\u00f3thar Bhinn \u00c9adair","ref":"R105","surface":"asphalt","osm_type":"way","osm_id":755704090,"length_m":9.87}},{"type":"Feature","geometry":{"type":"LineString","coordinates":[[-6.1766801,53.38027],[-6.1757683,53.3803324]]},"properties":{"cycleway":"lane","highway":"secondary","lane_markings":"yes","lanes":"2","lit":"yes","logainm:ref":"1380376","logainm:url":"https://www.logainm.ie/1380376.aspx","maxspeed":"50","name":"Howth Road","name:en":"Howth Road","name:ga":"B\u00f3thar Bhinn \u00c9adair","ref":"R105","sidewalk":"both","surface":"asphalt","osm_type":"way","osm_id":755704091,"length_m":60.95}},{"type":"Feature","geometry":{"type":"LineString","coordinates":[[-6.2442757,53.3562984],[-6.2440272,53.3561627]]},"properties":{"bicycle":"designated","bridge":"yes","foot":"designated","highway":"cycleway","incline":"up","layer":"1","name":"Royal Canal Greenway","oneway":"no","segregated":"no","surface":"asphalt","width":"4","year_of_construction":"2020","osm_type":"way","osm_id":762900072,"length_m":22.35}},{"type":"Feature","geometry":{"type":"LineString","coordinates":[[-6.2435425,53.3559092],[-6.2431802,53.3555346]]},"properties":{"bicycle":"designated","bridge":"yes","foot":"designated","highway":"cycleway","incline":"5%","layer":"1","name":"Royal Canal Greenway","oneway":"no","segregated":"no","surface":"asphalt","width":"4","year_of_construction":"2020","osm_type":"way","osm_id":762900073,"length_m":48.88}},{"type":"Feature","geometry":{"type":"LineString","coordinates":[[-6.2437444,53.3560142],[-6.2435425,53.3559092]]},"properties":{"bicycle":"designated","bridge":"yes","foot":"designated","highway":"cycleway","layer":"1","name":"Royal Canal Greenway","oneway":"no","segregated":"no","surface":"asphalt","width":"4","year_of_construction":"2020","osm_type":"way","osm_id":762900074,"length_m":17.77}},{"type":"Feature","geometry":{"type":"LineString","coordinates":[[-6.2428774,53.3551116],[-6.2427907,53.355079]]},"properties":{"bicycle":"designated","foot":"designated","highway":"cycleway","name":"Royal Canal Greenway","oneway":"no","segregated":"no","surface":"asphalt","width":"4","year_of_construction":"2020","osm_type":"way","osm_id":762900075,"length_m":6.8}},{"type":"Feature","geometry":{"type":"LineString","coordinates":[[-6.2425879,53.3549556],[-6.2412286,53.3537552],[-6.2406602,53.3528059],[-6.2403608,53.3516131],[-6.2404963,53.3507197]]},"properties":{"foot":"no","highway":"cycleway","lit":"yes","name":"Royal Canal Greenway","oneway":"no","surface":"asphalt","width":"4","year_of_construction":"2020","osm_type":"way","osm_id":762900076,"length_m":507.58}},{"type":"Feature","geometry":{"type":"LineString","coordinates":[[-6.2431802,53.3555346],[-6.2432258,53.3552095],[-6.2428774,53.3551116]]},"properties":{"bicycle":"designated","embankment":"yes","foot":"designated","highway":"cycleway","incline":"down","name":"Royal Canal Greenway","oneway":"no","segregated":"no","surface":"asphalt","width":"4","year_of_construction":"2020","osm_type":"way","osm_id":762900077,"length_m":65.08}},{"type":"Feature","geometry":{"type":"LineString","coordinates":[[-6.260383,53.3444993],[-6.2599291,53.3445243]]},"properties":{"highway":"cycleway","lit":"yes","oneway":"no","sidewalk":"separate","smoothness":"excellent","surface":"asphalt","osm_type":"way","osm_id":768246658,"length_m":30.37}},{"type":"Feature","geometry":{"type":"LineString","coordinates":[[-6.2590041,53.3452463],[-6.2592112,53.345256]]},"properties":{"crossing":"marked","crossing:markings":"yes","cycleway":"crossing","highway":"cycleway","surface":"asphalt","osm_type":"way","osm_id":768247435,"length_m":13.79}},{"type":"Feature","geometry":{"type":"LineString","coordinates":[[-6.2514777,53.3481279],[-6.2516826,53.3481512]]},"properties":{"bicycle":"designated","crossing":"marked","crossing:markings":"yes","cycleway":"crossing","foot":"no","highway":"cycleway","oneway":"no","surface":"asphalt","osm_type":"way","osm_id":768250727,"length_m":13.85}},{"type":"Feature","geometry":{"type":"LineString","coordinates":[[-6.2516016,53.3474182],[-6.2515709,53.3473858]]},"properties":{"highway":"cycleway","lanes":"2","lit":"yes","name":"Matt Talbot Memorial Bridge","name:en":"Matt Talbot Memorial Bridge","name:ga":"Droichead Cuimhneach\u00e1in an Talb\u00f3idigh","oneway":"yes","placement":"middle_of:1","sidewalk":"separate","smoothness":"excellent","source":"Bing Aerial Imagery (2021-02-22)","surface":"asphalt","turn:lanes":"through|right","width":"3","osm_type":"way","osm_id":768250728,"length_m":4.14}},{"type":"Feature","geometry":{"type":"LineString","coordinates":[[-6.2516404,53.3475594],[-6.2516251,53.3474525]]},"properties":{"bridge":"yes","highway":"cycleway","lanes":"2","layer":"1","lit":"yes","name":"Matt Talbot Memorial Bridge","name:en":"Matt Talbot Memorial Bridge","name:ga":"Droichead Cuimhneach\u00e1in an Talb\u00f3idigh","oneway":"yes","placement":"middle_of:1","sidewalk":"separate","smoothness":"excellent","source":"Bing Aerial Imagery (2021-02-22)","surface":"asphalt","turn:lanes":"through|right","width":"3","osm_type":"way","osm_id":768250730,"length_m":12.02}},{"type":"Feature","geometry":{"type":"LineString","coordinates":[[-6.2571666,53.336283],[-6.2572354,53.3364409]]},"properties":{"highway":"cycleway","lit":"yes","loc_name":"St. Stephen's Green East","loc_name:en":"St. Stephen's Green East","loc_name:ga":"Faiche Stiabhna Oirthear","name":"St. Stephen's Green","name:en":"St. Stephen's Green","name:ga":"Faiche Stiabhna","oneway":"yes","smoothness":"excellent","surface":"asphalt","osm_type":"way","osm_id":770382674,"length_m":18.3}},{"type":"Feature","geometry":{"type":"LineString","coordinates":[[-6.2269604,53.3498609],[-6.2268557,53.3502131],[-6.2261495,53.3511935]]},"properties":{"cycleway":"sidewalk","highway":"cycleway","lit":"yes","segregated":"no","smoothness":"good","surface":"concrete","osm_type":"way","osm_id":770982662,"length_m":158.99}},{"type":"Feature","geometry":{"type":"LineString","coordinates":[[-6.2410558,53.3484763],[-6.2410848,53.3482926]]},"properties":{"alt_name:ga":"Sr\u00e1id An Chumainn","cycleway":"lane","highway":"tertiary","lane_markings":"yes","lanes":"2","lanes:backward":"1","lanes:forward":"1","lit":"yes","logainm:ref":"1411383","logainm:url":"https://www.logainm.ie/1411383.aspx","maxspeed":"50","name":"Guild Street","name:en":"Guild Street","name:ga":"Sr\u00e1id na nGildeanna","ref":"L1317","source:width":"Estimated","surface":"asphalt","width":"9","width:lanes:backward":"3.25","width:lanes:forward":"3.25","osm_type":"way","osm_id":770996624,"length_m":20.52}},{"type":"Feature","geometry":{"type":"LineString","coordinates":[[-6.2409982,53.348841],[-6.2410558,53.3484763]]},"properties":{"alt_name:ga":"Sr\u00e1id An Chumainn","cycleway":"lane","highway":"tertiary","lane_markings":"yes","lanes":"3","lanes:backward":"2","lanes:forward":"1","lit":"yes","logainm:ref":"1411383","logainm:url":"https://www.logainm.ie/1411383.aspx","maxspeed":"50","name":"Guild Street","name:en":"Guild Street","name:ga":"Sr\u00e1id na nGildeanna","ref":"L1317","surface":"asphalt","osm_type":"way","osm_id":770996625,"length_m":40.73}},{"type":"Feature","geometry":{"type":"LineString","coordinates":[[-6.3086813,53.3529571],[-6.3045654,53.3512489]]},"properties":{"bus":"private","cycleway":"track","hgv":"private","highway":"tertiary","lane_markings":"yes","lanes":"2","lit":"yes","logainm:ref":"1379752","logainm:url":"https://www.logainm.ie/1379752.aspx","maxspeed":"30","name":"Chesterfield Avenue","name:en":"Chesterfield Avenue","name:ga":"Ascaill Chesterfield","sidewalk":"separate","surface":"asphalt","osm_type":"way","osm_id":779185321,"length_m":332.72}},{"type":"Feature","geometry":{"type":"LineString","coordinates":[[-6.3377962,53.3428848],[-6.3362959,53.3432332],[-6.3351823,53.3432913]]},"properties":{"cycleway":"lane","cycleway:lane":"advisory","highway":"secondary","lanes":"2","lit":"yes","logainm:ref":"1376527","logainm:url":"https://www.logainm.ie/1376527.aspx","maxspeed":"50","name":"Ballyfermot Road","name:en":"Ballyfermot Road","name:ga":"B\u00f3thar Bhaile Formaid","ref":"R833","surface":"asphalt","osm_type":"way","osm_id":782532957,"length_m":181.69}},{"type":"Feature","geometry":{"type":"LineString","coordinates":[[-6.3345704,53.3432466],[-6.3316508,53.3426237]]},"properties":{"alt_name:ga":"B\u00f3thar Sairs\u00e9al","cycleway":"lane","highway":"secondary","lanes":"2","logainm:ref":"1380296","logainm:url":"https://www.logainm.ie/1380296.aspx","maxspeed":"50","name":"Sarsfield Road","name:en":"Sarsfield Road","name:ga":"B\u00f3thar an tS\u00e1irs\u00e9alaigh","ref":"R833","surface":"asphalt","osm_type":"way","osm_id":782532958,"length_m":206.06}},{"type":"Feature","geometry":{"type":"LineString","coordinates":[[-6.3307276,53.3424158],[-6.3304223,53.3423552]]},"properties":{"alt_name:ga":"B\u00f3thar Sairs\u00e9al","cycleway":"lane","highway":"secondary","lanes":"2","logainm:ref":"1380296","logainm:url":"https://www.logainm.ie/1380296.aspx","maxspeed":"50","name":"Sarsfield Road","name:en":"Sarsfield Road","name:ga":"B\u00f3thar an tS\u00e1irs\u00e9alaigh","ref":"R833","surface":"asphalt","osm_type":"way","osm_id":782532960,"length_m":21.36}},{"type":"Feature","geometry":{"type":"LineString","coordinates":[[-6.31321,53.3489839],[-6.3098779,53.3485344],[-6.3065672,53.3487984],[-6.3049907,53.3491521],[-6.304667,53.3493392]]},"properties":{"bicycle":"designated","foot":"no","highway":"cycleway","lit":"no","oneway":"no","sidewalk":"no","surface":"asphalt","width":"2","osm_type":"way","osm_id":784901949,"length_m":591.87}},{"type":"Feature","geometry":{"type":"LineString","coordinates":[[-6.3464863,53.3349849],[-6.3464071,53.3350556],[-6.3437051,53.3348922],[-6.3421552,53.3349416],[-6.3405482,53.335153],[-6.3384013,53.3356452],[-6.3375688,53.3357147]]},"properties":{"bicycle":"designated","foot":"designated","highway":"cycleway","oneway":"yes","surface":"asphalt","osm_type":"way","osm_id":790713958,"length_m":611.37}},{"type":"Feature","geometry":{"type":"LineString","coordinates":[[-6.3374523,53.3356292],[-6.3383757,53.3355416],[-6.34142,53.3349108],[-6.3432666,53.3347876],[-6.3445135,53.3348291]]},"properties":{"bicycle":"designated","foot":"designated","highway":"cycleway","oneway":"yes","surface":"asphalt","osm_type":"way","osm_id":790713959,"length_m":483.14}},{"type":"Feature","geometry":{"type":"LineString","coordinates":[[-6.3445135,53.3348291],[-6.3445436,53.3348753]]},"properties":{"highway":"cycleway","oneway":"yes","surface":"asphalt","osm_type":"way","osm_id":790713962,"length_m":5.58}},{"type":"Feature","geometry":{"type":"LineString","coordinates":[[-6.3464117,53.3343499],[-6.3463494,53.3339222],[-6.3465113,53.332855]]},"properties":{"alt_name:ga":"B\u00f3thar an Choill Mh\u00f3ir","cycleway":"lane","highway":"secondary","lanes":"2","logainm:ref":"1376648","logainm:url":"https://www.logainm.ie/1376648.aspx","maxspeed":"60","name":"Kylemore Road","name:en":"Kylemore Road","name:ga":"B\u00f3thar na Coille M\u00f3ire","ref":"R112","surface":"asphalt","osm_type":"way","osm_id":790862237,"length_m":167.01}},{"type":"Feature","geometry":{"type":"LineString","coordinates":[[-6.3466307,53.3349669],[-6.3464117,53.3343499]]},"properties":{"alt_name:ga":"B\u00f3thar an Choill Mh\u00f3ir","cycleway":"lane","highway":"secondary","lanes":"3","logainm:ref":"1376648","logainm:url":"https://www.logainm.ie/1376648.aspx","maxspeed":"60","name":"Kylemore Road","name:en":"Kylemore Road","name:ga":"B\u00f3thar na Coille M\u00f3ire","ref":"R112","surface":"asphalt","turn:lanes:backward":"through|right","osm_type":"way","osm_id":790862238,"length_m":70.14}},{"type":"Feature","geometry":{"type":"LineString","coordinates":[[-6.3469326,53.3357584],[-6.3466307,53.3349669]]},"properties":{"alt_name:ga":"B\u00f3thar an Choill Mh\u00f3ir","cycleway":"lane","highway":"secondary","lanes":"2","logainm:ref":"1376648","logainm:url":"https://www.logainm.ie/1376648.aspx","maxspeed":"60","name":"Kylemore Road","name:en":"Kylemore Road","name:ga":"B\u00f3thar na Coille M\u00f3ire","ref":"R112","surface":"asphalt","osm_type":"way","osm_id":790862239,"length_m":90.27}},{"type":"Feature","geometry":{"type":"LineString","coordinates":[[-6.254364,53.3421772],[-6.253087,53.3418665],[-6.2527684,53.3418691]]},"properties":{"highway":"cycleway","logainm:ref":"1383456","logainm:url":"https://www.logainm.ie/1383456.aspx","name":"Leinster Street South","name:en":"Leinster Street South","name:ga":"Sr\u00e1id Laighin Theas","oneway":"no","smoothness":"excellent","surface":"asphalt","osm_type":"way","osm_id":799088947,"length_m":117.2}},{"type":"Feature","geometry":{"type":"LineString","coordinates":[[-6.3701328,53.3291769],[-6.3703382,53.3294789]]},"properties":{"bicycle":"designated","bridge":"yes","highway":"cycleway","layer":"1","lit":"yes","oneway":"yes","surface":"asphalt","osm_type":"way","osm_id":801972851,"length_m":36.25}},{"type":"Feature","geometry":{"type":"LineString","coordinates":[[-6.3701412,53.3295304],[-6.369917,53.3291862]]},"properties":{"bicycle":"designated","bridge":"yes","highway":"cycleway","layer":"1","lit":"yes","oneway":"yes","surface":"asphalt","osm_type":"way","osm_id":801972852,"length_m":41.08}},{"type":"Feature","geometry":{"type":"LineString","coordinates":[[-6.2982956,53.3300812],[-6.2981895,53.3301329]]},"properties":{"cycleway":"lane","highway":"secondary","lane_markings":"yes","lanes":"3","lit":"yes","logainm:ref":"1380513","logainm:url":"https://www.logainm.ie/1380513.aspx","maxspeed":"50","name":"Crumlin Road","name:en":"Crumlin Road","name:ga":"B\u00f3thar Chroimghlinne","ref":"R110","surface":"asphalt","osm_type":"way","osm_id":802015359,"length_m":9.09}},{"type":"Feature","geometry":{"type":"LineString","coordinates":[[-6.24221,53.3186875],[-6.2421097,53.3185992]]},"properties":{"cycleway":"lane","highway":"secondary","lane_markings":"yes","lanes":"3","lit":"yes","logainm:ref":"1380918","logainm:url":"https://www.logainm.ie/1380918.aspx","maxspeed":"50","name":"Sandford Road","name:en":"Sandford Road","name:ga":"B\u00f3thar Sandford","ref":"R117","sidewalk":"both","surface":"asphalt","osm_type":"way","osm_id":814341843,"length_m":11.87}},{"type":"Feature","geometry":{"type":"LineString","coordinates":[[-6.2414186,53.3185146],[-6.238819,53.318454],[-6.2371104,53.3185268],[-6.2339715,53.3191316]]},"properties":{"cycleway":"lane","highway":"secondary","lanes":"2","lit":"yes","logainm:ref":"1380584","logainm:url":"https://www.logainm.ie/1380584.aspx","maxspeed":"50","name":"Eglinton Road","name:en":"Eglinton Road","name:ga":"B\u00f3thar Eglinton","ref":"R824","surface":"asphalt","osm_type":"way","osm_id":814341844,"length_m":506.13}},{"type":"Feature","geometry":{"type":"LineString","coordinates":[[-6.3197203,53.3229787],[-6.3188723,53.3234824],[-6.3173855,53.3248361]]},"properties":{"cycleway":"lane","highway":"tertiary","lanes":"2","maxspeed":"30","name":"Saint Mary's Road","surface":"asphalt","osm_type":"way","osm_id":814341849,"length_m":260.01}},{"type":"Feature","geometry":{"type":"LineString","coordinates":[[-6.3201977,53.3227621],[-6.3200135,53.3228331]]},"properties":{"cycleway":"lane","highway":"residential","lanes":"2","maxspeed":"30","maxweight":"3.5","name":"Bunting Road","name:ga":"B\u00f3thar Bunting","surface":"asphalt","osm_type":"way","osm_id":814341850,"length_m":14.56}},{"type":"Feature","geometry":{"type":"LineString","coordinates":[[-6.2546324,53.3422272],[-6.2573813,53.3427849]]},"properties":{"highway":"cycleway","logainm:ref":"1383555","logainm:url":"https://www.logainm.ie/1383555.aspx","name":"Nassau Street","name:en":"Nassau Street","name:ga":"Sr\u00e1id Thobar Ph\u00e1draig","oneway":"no","sidewalk":"left","surface":"asphalt","osm_type":"way","osm_id":817583183,"length_m":195.51}},{"type":"Feature","geometry":{"type":"LineString","coordinates":[[-6.1608538,53.3987181],[-6.1609,53.3986243]]},"properties":{"crossing":"marked","cycleway":"crossing","foot":"yes","highway":"cycleway","segregated":"no","surface":"asphalt","osm_type":"way","osm_id":817849100,"length_m":10.87}},{"type":"Feature","geometry":{"type":"LineString","coordinates":[[-6.1616066,53.3983396],[-6.1617615,53.3983545]]},"properties":{"bicycle":"designated","crossing":"marked","cycleway":"crossing","foot":"designated","highway":"cycleway","segregated":"no","surface":"asphalt","osm_type":"way","osm_id":817849101,"length_m":10.4}},{"type":"Feature","geometry":{"type":"LineString","coordinates":[[-6.1614817,53.3991422],[-6.1609635,53.3987762]]},"properties":{"highway":"cycleway","oneway":"no","surface":"paved","osm_type":"way","osm_id":818182916,"length_m":54.22}},{"type":"Feature","geometry":{"type":"LineString","coordinates":[[-6.2297691,53.3311449],[-6.2285235,53.3319061],[-6.2281443,53.332335],[-6.2278649,53.3330234]]},"properties":{"bicycle":"designated","foot":"designated","highway":"cycleway","lit":"yes","segregated":"no","smoothness":"good","surface":"asphalt","osm_type":"way","osm_id":840871699,"length_m":251.72}},{"type":"Feature","geometry":{"type":"LineString","coordinates":[[-6.314197,53.3790916],[-6.3131292,53.3786704],[-6.3116354,53.3783761]]},"properties":{"check_date:surface":"2025-11-15","cycleway:surface":"asphalt","foot":"yes","footway:surface":"asphalt","highway":"cycleway","name":"Tolka Greenway","oneway":"no","segregated":"yes","surface":"asphalt","osm_type":"way","osm_id":845020203,"length_m":190.07}},{"type":"Feature","geometry":{"type":"LineString","coordinates":[[-6.2661186,53.3441798],[-6.2658996,53.3441785]]},"properties":{"cycleway":"lane","cycleway:lane":"advisory","highway":"secondary","lane_markings":"yes","lanes":"3","lanes:backward":"1","lanes:forward":"2","lit":"yes","logainm:ref":"1383248","logainm:url":"https://www.logainm.ie/1383248.aspx","maxspeed":"30","name":"Dame Street","name:en":"Dame Street","name:ga":"Sr\u00e1id An D\u00e1ma","old_name":"Street of the theng-mote","old_name:c14":"Street of the theng-mote","ref":"R137","sidewalk:both:surface":"paving_stones","sidewalk:left":"separate","sidewalk:right":"yes","source:old_name":"T C Macready","surface":"asphalt","turn:lanes:forward":"through|right","osm_type":"way","osm_id":846644600,"length_m":14.54}},{"type":"Feature","geometry":{"type":"LineString","coordinates":[[-6.1687269,53.4040566],[-6.1704332,53.4035646]]},"properties":{"bicycle":"designated","foot":"designated","highway":"cycleway","segregated":"no","surface":"asphalt","width":"3","osm_type":"way","osm_id":853535405,"length_m":127.19}},{"type":"Feature","geometry":{"type":"LineString","coordinates":[[-6.3085664,53.3650164],[-6.3143289,53.3669184],[-6.3181143,53.3677898]]},"properties":{"cycleway":"lane","highway":"secondary","lane_markings":"yes","lanes":"3","lit":"yes","logainm:ref":"1380791","logainm:url":"https://www.logainm.ie/1380791.aspx","maxspeed":"50","name":"Navan Road","name:en":"Navan Road","name:ga":"B\u00f3thar na hUaimhe","ref":"R147","sidewalk":"both","sidewalk:both:surface":"concrete","surface":"asphalt","osm_type":"way","osm_id":857310737,"length_m":706.28}},{"type":"Feature","geometry":{"type":"LineString","coordinates":[[-6.2601001,53.3751529],[-6.2523731,53.3735024]]},"properties":{"cycleway":"shared_lane","highway":"tertiary","lanes":"2","lit":"yes","maxspeed":"50","name":"Home Farm Road","name:en":"Home Farm Road","name:ga":"B\u00f3thar Na Buaille","sidewalk":"both","surface":"asphalt","osm_type":"way","osm_id":857553289,"length_m":544.48}},{"type":"Feature","geometry":{"type":"LineString","coordinates":[[-6.1642586,53.3738052],[-6.1649576,53.3735664],[-6.1653351,53.3732418],[-6.1665343,53.3714413]]},"properties":{"bicycle":"designated","highway":"cycleway","oneway":"no","segregated":"no","surface":"asphalt","width":"4.6","osm_type":"way","osm_id":860649344,"length_m":313.65}},{"type":"Feature","geometry":{"type":"LineString","coordinates":[[-6.317379,53.3248436],[-6.3173553,53.3248772]]},"properties":{"cycleway":"lane","highway":"tertiary","lanes":"2","maxspeed":"30","name":"Saint Mary's Road","surface":"asphalt","osm_type":"way","osm_id":868033638,"length_m":4.05}},{"type":"Feature","geometry":{"type":"LineString","coordinates":[[-6.3078779,53.3424989],[-6.3078636,53.3423012]]},"properties":{"cycleway":"lane","highway":"secondary","lane_markings":"yes","lanes":"3","lanes:backward":"1","lanes:forward":"2","lit":"yes","logainm:ref":"1379353","logainm:url":"https://www.logainm.ie/1379353.aspx","maxspeed":"50","name":"South Circular Road","name:en":"South Circular Road","name:ga":"Cuarb\u00f3thar Theas","ref":"R111","surface":"asphalt","turn:lanes:forward":"left;through|right","osm_type":"way","osm_id":868766498,"length_m":22.0}},{"type":"Feature","geometry":{"type":"LineString","coordinates":[[-6.2411198,53.3480666],[-6.2411604,53.3477982]]},"properties":{"alt_name:ga":"Sr\u00e1id An Chumainn","cycleway":"lane","highway":"tertiary","lane_markings":"yes","lanes":"3","lanes:backward":"1","lanes:forward":"2","lit":"yes","logainm:ref":"1411383","logainm:url":"https://www.logainm.ie/1411383.aspx","maxspeed":"50","name":"Guild Street","name:en":"Guild Street","name:ga":"Sr\u00e1id na nGildeanna","ref":"L1317","surface":"asphalt","osm_type":"way","osm_id":872297417,"length_m":29.97}},{"type":"Feature","geometry":{"type":"LineString","coordinates":[[-6.2229091,53.3139282],[-6.2229834,53.3138757]]},"properties":{"crossing":"marked","footway":"crossing","highway":"cycleway","segregated":"no","surface":"asphalt","osm_type":"way","osm_id":892087548,"length_m":7.64}},{"type":"Feature","geometry":{"type":"LineString","coordinates":[[-6.2257598,53.3149341],[-6.2238136,53.3142991],[-6.2225042,53.3137123],[-6.2217286,53.3130395],[-6.2201221,53.3111087]]},"properties":{"highway":"cycleway","oneway":"yes","surface":"asphalt","osm_type":"way","osm_id":898175803,"length_m":588.21}},{"type":"Feature","geometry":{"type":"LineString","coordinates":[[-6.2514783,53.3481257],[-6.2516404,53.3475594]]},"properties":{"bridge":"yes","highway":"cycleway","lanes":"1","layer":"1","lit":"yes","logainm:ref":"1167155","logainm:url":"https://www.logainm.ie/1167155.aspx","name":"Matt Talbot Memorial Bridge","name:en":"Matt Talbot Memorial Bridge","name:ga":"Droichead Cuimhneach\u00e1in an Talb\u00f3idigh","oneway":"yes","sidewalk":"separate","smoothness":"excellent","source":"Bing Aerial Imagery (2021-02-22)","start_date":"1980s","surface":"asphalt","width":"1.5","wikidata":"Q304582","wikimedia_commons":"Category:Talbot Memorial Bridge","wikipedia":"en:Talbot Memorial Bridge","osm_type":"way","osm_id":909735844,"length_m":63.88}},{"type":"Feature","geometry":{"type":"LineString","coordinates":[[-6.2517583,53.3481962],[-6.2517579,53.3482314]]},"properties":{"bicycle":"designated","foot":"designated","footway":"sidewalk","highway":"cycleway","lit":"yes","oneway":"no","segregated":"no","source":"Bing Aerial Imagery (2021-02-22)","surface":"paving_stones","osm_type":"way","osm_id":909735846,"length_m":3.91}},{"type":"Feature","geometry":{"type":"LineString","coordinates":[[-6.2510031,53.3481375],[-6.2513952,53.3481408]]},"properties":{"bicycle":"designated","foot":"designated","footway":"sidewalk","highway":"cycleway","lit":"yes","segregated":"no","source":"Bing Aerial Imagery (2021-02-22)","surface":"concrete:plates","osm_type":"way","osm_id":909735847,"length_m":26.21}},{"type":"Feature","geometry":{"type":"LineString","coordinates":[[-6.2513952,53.3481408],[-6.2514638,53.3481263]]},"properties":{"bicycle":"designated","foot":"designated","footway":"sidewalk","highway":"cycleway","lit":"yes","segregated":"no","smoothness":"good","source":"Bing Aerial Imagery (2021-02-22)","surface":"paving_stones","osm_type":"way","osm_id":909735848,"length_m":5.78}},{"type":"Feature","geometry":{"type":"LineString","coordinates":[[-6.2515549,53.3482432],[-6.2514777,53.3481279]]},"properties":{"highway":"cycleway","lit":"yes","name":"Matt Talbot Memorial Bridge","name:en":"Matt Talbot Memorial Bridge","name:ga":"Droichead Cuimhneach\u00e1in an Talb\u00f3idigh","oneway":"yes","placement":"transition","sidewalk":"separate","smoothness":"excellent","source":"Bing Aerial Imagery (2021-02-22)","surface":"asphalt","width":"1.5","osm_type":"way","osm_id":909735849,"length_m":14.13}},{"type":"Feature","geometry":{"type":"LineString","coordinates":[[-6.2517579,53.3482314],[-6.2517519,53.3483587]]},"properties":{"bicycle":"designated","crossing":"marked","cycleway":"crossing","foot":"no","highway":"cycleway","lit":"yes","oneway":"no","smoothness":"excellent","source":"Bing Aerial Imagery (2021-02-22)","surface":"asphalt","osm_type":"way","osm_id":909735851,"length_m":14.16}},{"type":"Feature","geometry":{"type":"LineString","coordinates":[[-6.2517509,53.3483759],[-6.2516389,53.3483877]]},"properties":{"bicycle":"designated","foot":"designated","footway":"sidewalk","highway":"cycleway","lit":"yes","segregated":"no","smoothness":"excellent","source":"Bing Aerial Imagery (2021-02-22)","surface":"paved","osm_type":"way","osm_id":909735859,"length_m":7.65}},{"type":"Feature","geometry":{"type":"LineString","coordinates":[[-6.2518737,53.3491001],[-6.2517612,53.3491661]]},"properties":{"crossing":"marked","cycleway":"crossing","foot":"no","highway":"cycleway","lit":"yes","oneway":"yes","smoothness":"excellent","source":"Bing Aerial Imagery (2021-02-22)","surface":"asphalt","osm_type":"way","osm_id":909735860,"length_m":10.49}},{"type":"Feature","geometry":{"type":"LineString","coordinates":[[-6.2517212,53.3491758],[-6.2515887,53.3491679]]},"properties":{"highway":"cycleway","lit":"yes","oneway":"no","segregated":"no","smoothness":"excellent","source":"Bing Aerial Imagery (2021-02-22)","surface":"asphalt","osm_type":"way","osm_id":909735862,"length_m":8.84}},{"type":"Feature","geometry":{"type":"LineString","coordinates":[[-6.2476483,53.3467818],[-6.2478303,53.34681]]},"properties":{"foot":"yes","highway":"cycleway","lanes":"3","lanes:backward":"1","lanes:forward":"2","lit":"yes","name":"City Quay","name:en":"City Quay","name:ga":"C\u00e9 Na Cathrach","oneway":"no","placement:forward":"right_of:2","segregated":"yes","sidewalk":"right","smoothness":"excellent","source":"Bing Aerial Imagery (2021-02-22)","surface":"asphalt","turn:lanes:forward":"left|through","width":"4.5","osm_type":"way","osm_id":909777294,"length_m":12.48}},{"type":"Feature","geometry":{"type":"LineString","coordinates":[[-6.2480587,53.3468404],[-6.2513027,53.3472813]]},"properties":{"foot":"yes","highway":"cycleway","lanes":"2","lit":"yes","name":"City Quay","name:en":"City Quay","name:ga":"C\u00e9 Na Cathrach","oneway":"no","segregated":"yes","sidewalk":"right","smoothness":"excellent","source":"Bing Aerial Imagery (2021-02-22)","surface":"asphalt","width":"3","osm_type":"way","osm_id":909777295,"length_m":220.85}},{"type":"Feature","geometry":{"type":"LineString","coordinates":[[-6.2478303,53.34681],[-6.2480587,53.3468404]]},"properties":{"foot":"yes","highway":"cycleway","lanes":"3","lanes:backward":"2","lanes:forward":"1","lit":"yes","name":"City Quay","name:en":"City Quay","name:ga":"C\u00e9 Na Cathrach","oneway":"no","placement:forward":"right_of:1","segregated":"yes","sidewalk":"right","smoothness":"excellent","source":"Bing Aerial Imagery (2021-02-22)","surface":"asphalt","turn:lanes:backward":"right|through","width":"4.5","osm_type":"way","osm_id":909777296,"length_m":15.53}},{"type":"Feature","geometry":{"type":"LineString","coordinates":[[-6.2615857,53.352426],[-6.2616377,53.3525719]]},"properties":{"crossing":"marked","crossing:markings":"yes","cycleway":"crossing","highway":"cycleway","lit":"yes","oneway":"yes","surface":"asphalt","width":"1","osm_type":"way","osm_id":913333114,"length_m":16.76}},{"type":"Feature","geometry":{"type":"LineString","coordinates":[[-6.2820928,53.4036195],[-6.2819848,53.4035465]]},"properties":{"crossing":"marked","cycleway":"crossing","foot":"no","highway":"cycleway","oneway":"yes","surface":"asphalt","osm_type":"way","osm_id":914018053,"length_m":10.82}},{"type":"Feature","geometry":{"type":"LineString","coordinates":[[-6.2822941,53.4037349],[-6.2821332,53.4036419]]},"properties":{"bicycle":"designated","foot":"designated","highway":"cycleway","oneway":"yes","segregated":"no","surface":"asphalt","osm_type":"way","osm_id":914018054,"length_m":15.21}},{"type":"Feature","geometry":{"type":"LineString","coordinates":[[-6.281822,53.4036507],[-6.2819615,53.403531]]},"properties":{"bicycle":"designated","foot":"designated","highway":"cycleway","oneway":"yes","segregated":"no","surface":"asphalt","osm_type":"way","osm_id":914018055,"length_m":16.63}},{"type":"Feature","geometry":{"type":"LineString","coordinates":[[-6.281985,53.4033203],[-6.2821268,53.4034078]]},"properties":{"bicycle":"designated","foot":"designated","highway":"cycleway","oneway":"yes","segregated":"yes","surface":"asphalt","osm_type":"way","osm_id":914018056,"length_m":13.89}},{"type":"Feature","geometry":{"type":"LineString","coordinates":[[-6.2822821,53.4033331],[-6.2829282,53.4029406]]},"properties":{"highway":"cycleway","oneway":"yes","surface":"asphalt","osm_type":"way","osm_id":914018057,"length_m":62.4}},{"type":"Feature","geometry":{"type":"LineString","coordinates":[[-6.2822898,53.4035263],[-6.282453,53.4036655]]},"properties":{"bicycle":"designated","foot":"designated","highway":"cycleway","oneway":"yes","segregated":"no","surface":"asphalt","osm_type":"way","osm_id":914018058,"length_m":18.99}},{"type":"Feature","geometry":{"type":"LineString","coordinates":[[-6.2838809,53.405017],[-6.2831019,53.4043257],[-6.283116,53.4042541]]},"properties":{"highway":"cycleway","lit":"yes","oneway":"yes","surface":"asphalt","osm_type":"way","osm_id":914018059,"length_m":100.63}},{"type":"Feature","geometry":{"type":"LineString","coordinates":[[-6.2818629,53.4034182],[-6.2814783,53.4028507]]},"properties":{"highway":"cycleway","oneway":"yes","osm_type":"way","osm_id":914018061,"length_m":68.52}},{"type":"Feature","geometry":{"type":"LineString","coordinates":[[-6.2814133,53.4040181],[-6.281822,53.4036507]]},"properties":{"highway":"cycleway","oneway":"yes","surface":"asphalt","osm_type":"way","osm_id":914018062,"length_m":50.47}},{"type":"Feature","geometry":{"type":"LineString","coordinates":[[-6.2812447,53.4026803],[-6.2817107,53.4029145],[-6.281985,53.4033203]]},"properties":{"highway":"cycleway","oneway":"yes","osm_type":"way","osm_id":914018063,"length_m":90.58}},{"type":"Feature","geometry":{"type":"LineString","coordinates":[[-6.281976,53.4037349],[-6.2817043,53.4039677],[-6.281315,53.404086]]},"properties":{"highway":"cycleway","oneway":"yes","surface":"asphalt","osm_type":"way","osm_id":914018064,"length_m":61.88}},{"type":"Feature","geometry":{"type":"LineString","coordinates":[[-6.2829884,53.4028872],[-6.282424,53.403405]]},"properties":{"highway":"cycleway","oneway":"yes","surface":"asphalt","osm_type":"way","osm_id":914018065,"length_m":70.83}},{"type":"Feature","geometry":{"type":"LineString","coordinates":[[-6.2753286,53.3304098],[-6.2754685,53.3297684]]},"properties":{"cycleway":"lane","highway":"secondary","lane_markings":"yes","lanes":"3","lit":"yes","logainm:ref":"1383363","logainm:url":"https://www.logainm.ie/1383363.aspx","maxspeed":"50","name":"Clanbrassil Street Upper","name:en":"Clanbrassil Street Upper","name:ga":"Sr\u00e1id Chlann Bhreasail Uachtarach","ref":"R137","surface":"asphalt","wikipedia":"en:Clanbrassil Street","osm_type":"way","osm_id":914837891,"length_m":71.95}},{"type":"Feature","geometry":{"type":"LineString","coordinates":[[-6.2586973,53.3592049],[-6.2584894,53.359169]]},"properties":{"cycleway":"lane","highway":"secondary","lane_markings":"yes","lanes":"2","lit":"yes","logainm:ref":"1379354","logainm:url":"https://www.logainm.ie/1379354.aspx","maxspeed":"50","name":"North Circular Road","name:en":"North Circular Road","name:ga":"Cuarbh\u00f3thar Thuaidh","ref":"R101","surface":"asphalt","osm_type":"way","osm_id":915820855,"length_m":14.36}},{"type":"Feature","geometry":{"type":"LineString","coordinates":[[-6.3616124,53.3427967],[-6.3619288,53.3428255]]},"properties":{"bicycle":"designated","crossing":"traffic_signals","cycleway":"crossing","foot":"designated","highway":"cycleway","lit":"yes","surface":"asphalt","osm_type":"way","osm_id":916800496,"length_m":21.25}},{"type":"Feature","geometry":{"type":"LineString","coordinates":[[-6.2297464,53.3286411],[-6.2296864,53.3286224]]},"properties":{"cycleway":"lane","highway":"secondary","lane_markings":"yes","lanes":"5","lit":"yes","logainm:ref":"1380751","logainm:url":"https://www.logainm.ie/1380751.aspx","maxspeed":"50","name":"Merrion Road","name:en":"Merrion Road","name:ga":"B\u00f3thar Muirbhthean","ref":"R118","sidewalk":"both","surface":"asphalt","osm_type":"way","osm_id":917824448,"length_m":4.49}},{"type":"Feature","geometry":{"type":"LineString","coordinates":[[-6.2378644,53.3722047],[-6.2373474,53.3720162]]},"properties":{"cycleway":"lane","highway":"secondary","lanes":"2","logainm:ref":"1380053","logainm:url":"https://www.logainm.ie/1380053.aspx","maxspeed":"50","maxweight":"3.5","name":"Griffith Avenue","name:en":"Griffith Avenue","name:ga":"Ascaill U\u00ed Ghr\u00edofa","oneway":"no","ref":"R102","surface":"asphalt","osm_type":"way","osm_id":922733300,"length_m":40.2}},{"type":"Feature","geometry":{"type":"LineString","coordinates":[[-6.2581761,53.3271664],[-6.2581071,53.327124]]},"properties":{"cycleway":"lane","highway":"secondary","lane_markings":"yes","lanes":"3","lit":"yes","logainm:ref":"1380874","logainm:url":"https://www.logainm.ie/1380874.aspx","maxspeed":"50","name":"Ranelagh Road","name:en":"Ranelagh Road","name:ga":"B\u00f3thar Raghnallach","ref":"R117","sidewalk":"both","surface":"asphalt","osm_type":"way","osm_id":937427011,"length_m":6.57}},{"type":"Feature","geometry":{"type":"LineString","coordinates":[[-6.2985802,53.3299533],[-6.2982956,53.3300812]]},"properties":{"cycleway":"lane","highway":"secondary","lane_markings":"yes","lanes":"3","lit":"yes","logainm:ref":"1380513","logainm:url":"https://www.logainm.ie/1380513.aspx","maxspeed":"50","name":"Crumlin Road","name:en":"Crumlin Road","name:ga":"B\u00f3thar Chroimghlinne","ref":"R110","surface":"asphalt","osm_type":"way","osm_id":937860533,"length_m":23.66}},{"type":"Feature","geometry":{"type":"LineString","coordinates":[[-6.3165259,53.3256854],[-6.3161675,53.3258792]]},"properties":{"cycleway":"lane","highway":"secondary","lane_markings":"yes","lanes":"4","lit":"yes","logainm:ref":"1380513","logainm:url":"https://www.logainm.ie/1380513.aspx","maxspeed":"50","name":"Crumlin Road","name:en":"Crumlin Road","name:ga":"B\u00f3thar Chroimghlinne","ref":"R110","surface":"asphalt","osm_type":"way","osm_id":937860534,"length_m":32.11}},{"type":"Feature","geometry":{"type":"LineString","coordinates":[[-6.3652951,53.3431041],[-6.3654587,53.3431142]]},"properties":{"bicycle":"designated","foot":"designated","highway":"cycleway","lit":"yes","surface":"concrete","osm_type":"way","osm_id":943136066,"length_m":10.92}},{"type":"Feature","geometry":{"type":"LineString","coordinates":[[-6.3623528,53.3429397],[-6.3624591,53.3430321],[-6.3643916,53.3432283]]},"properties":{"bicycle":"designated","foot":"designated","highway":"cycleway","lit":"yes","segregated":"yes","surface":"concrete","osm_type":"way","osm_id":943136068,"length_m":143.0}},{"type":"Feature","geometry":{"type":"LineString","coordinates":[[-6.3658395,53.3433531],[-6.3656435,53.3433365]]},"properties":{"bicycle":"designated","foot":"designated","highway":"cycleway","lit":"yes","surface":"concrete","osm_type":"way","osm_id":943136071,"length_m":13.14}},{"type":"Feature","geometry":{"type":"LineString","coordinates":[[-6.3694114,53.3436526],[-6.3690306,53.3436234]]},"properties":{"bicycle":"designated","crossing":"unmarked","crossing:island":"no","cycleway":"crossing","foot":"designated","highway":"cycleway","lit":"yes","surface":"concrete","tactile_paving":"no","osm_type":"way","osm_id":943136079,"length_m":25.49}},{"type":"Feature","geometry":{"type":"LineString","coordinates":[[-6.2753712,53.3389626],[-6.2748845,53.3392281]]},"properties":{"cycleway":"lane","highway":"tertiary","lane_markings":"yes","lanes":"4","lit":"yes","logainm:ref":"1379896","logainm:url":"https://www.logainm.ie/1379896.aspx","maxspeed":"50","name":"St Luke's Avenue","name:en":"St Luke's Avenue","name:ga":"Ascaill L\u00fac\u00e1is","ref":"L1624","surface":"asphalt","osm_type":"way","osm_id":946545573,"length_m":44.54}},{"type":"Feature","geometry":{"type":"LineString","coordinates":[[-6.2541639,53.3375877],[-6.2554448,53.3379043]]},"properties":{"highway":"cycleway","lit":"yes","oneway":"yes","sidewalk:left":"separate","sidewalk:right":"no","surface":"asphalt","osm_type":"way","osm_id":949001028,"length_m":95.82}},{"type":"Feature","geometry":{"type":"LineString","coordinates":[[-6.2661097,53.3217439],[-6.2659756,53.3217999]]},"properties":{"alt_name:ga":"B\u00f3thar R\u00e1th gCearr","cycleway":"lane","highway":"secondary","lane_markings":"yes","lanes":"3","lit":"yes","logainm:ref":"1380886","logainm:url":"https://www.logainm.ie/1380886.aspx","maxspeed":"50","name":"Rathgar Road","name:en":"Rathgar Road","name:ga":"B\u00f3thar R\u00e1th Garbh","ref":"R114","sidewalk":"both","surface":"asphalt","osm_type":"way","osm_id":959886735,"length_m":10.87}},{"type":"Feature","geometry":{"type":"LineString","coordinates":[[-6.2659221,53.3218616],[-6.2659756,53.3217999]]},"properties":{"alt_name":"Rathmines Terrace","cycleway":"lane","highway":"secondary","lane_markings":"yes","lanes":"3","lit":"yes","logainm:ref":"1380887","logainm:url":"https://www.logainm.ie/1380887.aspx","maxspeed":"50","name":"Rathmines Road Lower","name:en":"Rathmines Road Lower","name:ga":"B\u00f3thar R\u00e1th Maonais \u00cdochtarach","ref":"R114","sidewalk":"separate","surface":"asphalt","osm_type":"way","osm_id":959886736,"length_m":7.73}},{"type":"Feature","geometry":{"type":"LineString","coordinates":[[-6.1621815,53.4026077],[-6.1623208,53.4025087],[-6.1621921,53.4017307],[-6.1616345,53.3995863]]},"properties":{"est_width":"3","foot":"yes","highway":"cycleway","name":"The Hole in the Wall Road","name:ga":"B\u00f3thar Pholl an Bhalla","oneway":"yes","segregated":"no","surface":"paved","osm_type":"way","osm_id":962652866,"length_m":343.82}},{"type":"Feature","geometry":{"type":"LineString","coordinates":[[-6.1599333,53.4027052],[-6.1621815,53.4026077]]},"properties":{"est_width":"3","foot":"no","highway":"cycleway","name":"Main Street","name:ga":"An tSr\u00e1id Mh\u00f3r","oneway":"yes","segregated":"no","surface":"asphalt","osm_type":"way","osm_id":962652867,"length_m":149.63}},{"type":"Feature","geometry":{"type":"LineString","coordinates":[[-6.2594042,53.3367512],[-6.2581718,53.3364326]]},"properties":{"alt_name":"St. Stephen's Green South","alt_name:en":"St. Stephen's Green South","alt_name:ga":"Faiche Stiabhna Deisceart","cycleway":"lane","highway":"secondary","lane_markings":"yes","lanes":"3","lit":"yes","loc_name":"St. Stephen's Green South","loc_name:en":"St. Stephen's Green South","loc_name:ga":"Faiche Stiabhna Deisceart","logainm:ref":"1381917","logainm:url":"https://www.logainm.ie/1381917.aspx","maxspeed":"30","name":"St. Stephen's Green","name:en":"St. Stephen's Green","name:ga":"Faiche Stiabhna","ref":"R110","sidewalk:left":"yes","sidewalk:right":"separate","smoothness":"excellent","source:name":"sign","surface":"asphalt","osm_type":"way","osm_id":963753638,"length_m":89.17}},{"type":"Feature","geometry":{"type":"LineString","coordinates":[[-6.1676724,53.4044295],[-6.1656933,53.4050802]]},"properties":{"bicycle":"designated","foot":"designated","highway":"cycleway","surface":"paved","osm_type":"way","osm_id":964684211,"length_m":149.82}},{"type":"Feature","geometry":{"type":"LineString","coordinates":[[-6.1676955,53.4044542],[-6.1687269,53.4040566]]},"properties":{"bicycle":"designated","foot":"designated","highway":"cycleway","segregated":"no","surface":"asphalt","width":"3","osm_type":"way","osm_id":964684212,"length_m":84.42}},{"type":"Feature","geometry":{"type":"LineString","coordinates":[[-6.209651,53.3177197],[-6.2100218,53.3177945]]},"properties":{"cycleway":"lane","highway":"secondary","lane_markings":"yes","lanes":"2","lit":"yes","logainm:ref":"1380751","logainm:url":"https://www.logainm.ie/1380751.aspx","maxspeed":"50","name":"Merrion Road","name:en":"Merrion Road","name:ga":"B\u00f3thar Muirbhthean","oneway":"yes","ref":"R118","sidewalk:left":"separate","sidewalk:right":"yes","surface":"asphalt","osm_type":"way","osm_id":978240442,"length_m":26.0}},{"type":"Feature","geometry":{"type":"LineString","coordinates":[[-6.2100218,53.3177945],[-6.2101262,53.3178217]]},"properties":{"cycleway":"lane","highway":"secondary","lane_markings":"yes","lanes":"2","lit":"yes","logainm:ref":"1380751","logainm:url":"https://www.logainm.ie/1380751.aspx","maxspeed":"50","name":"Merrion Road","name:en":"Merrion Road","name:ga":"B\u00f3thar Muirbhthean","oneway":"yes","ref":"R118","sidewalk:left":"separate","sidewalk:right":"yes","surface":"asphalt","osm_type":"way","osm_id":978240443,"length_m":7.57}},{"type":"Feature","geometry":{"type":"LineString","coordinates":[[-6.2094255,53.317706],[-6.209651,53.3177197]]},"properties":{"cycleway":"lane","highway":"secondary","lane_markings":"yes","lanes":"2","lit":"yes","logainm:ref":"1380751","logainm:url":"https://www.logainm.ie/1380751.aspx","maxspeed":"50","name":"Merrion Road","name:en":"Merrion Road","name:ga":"B\u00f3thar Muirbhthean","oneway":"yes","ref":"R118","sidewalk:left":"separate","sidewalk:right":"yes","surface":"asphalt","osm_type":"way","osm_id":978240450,"length_m":15.06}},{"type":"Feature","geometry":{"type":"LineString","coordinates":[[-6.2103959,53.317895],[-6.2115044,53.318255],[-6.2124087,53.3187192]]},"properties":{"cycleway":"lane","highway":"secondary","lane_markings":"yes","lanes":"2","lit":"yes","logainm:ref":"1380751","logainm:url":"https://www.logainm.ie/1380751.aspx","maxspeed":"50","name":"Merrion Road","name:en":"Merrion Road","name:ga":"B\u00f3thar Muirbhthean","oneway":"yes","ref":"R118","sidewalk:left":"separate","sidewalk:right":"no","surface":"asphalt","osm_type":"way","osm_id":978240453,"length_m":163.46}},{"type":"Feature","geometry":{"type":"LineString","coordinates":[[-6.2104882,53.3174194],[-6.2101761,53.317587]]},"properties":{"access":"permissive","cycleway":"lane","highway":"service","sidewalk:both":"separate","smoothness":"excellent","surface":"asphalt","osm_type":"way","osm_id":978240457,"length_m":28.62}},{"type":"Feature","geometry":{"type":"LineString","coordinates":[[-6.2405039,53.3505499],[-6.2404981,53.3505881]]},"properties":{"bicycle":"designated","crossing":"marked","cycleway":"crossing","foot":"designated","highway":"cycleway","incline":"0%","lit":"yes","oneway":"no","segregated":"no","surface":"asphalt","osm_type":"way","osm_id":990602251,"length_m":4.27}},{"type":"Feature","geometry":{"type":"LineString","coordinates":[[-6.2410067,53.3504388],[-6.2408701,53.3505104]]},"properties":{"bicycle":"designated","crossing":"marked","crossing:markings":"lines","cycleway":"crossing","foot":"designated","highway":"cycleway","segregated":"no","surface":"asphalt","osm_type":"way","osm_id":990602252,"length_m":12.07}},{"type":"Feature","geometry":{"type":"LineString","coordinates":[[-6.2410366,53.3476764],[-6.2408951,53.3488542]]},"properties":{"highway":"cycleway","incline":"0%","lit":"yes","surface":"asphalt","width":"3.5","osm_type":"way","osm_id":990607470,"length_m":132.48}},{"type":"Feature","geometry":{"type":"LineString","coordinates":[[-6.2350951,53.3471656],[-6.2351391,53.3472196]]},"properties":{"highway":"cycleway","lit":"yes","oneway":"yes","surface":"asphalt","osm_type":"way","osm_id":991009884,"length_m":6.68}},{"type":"Feature","geometry":{"type":"LineString","coordinates":[[-6.2392549,53.3474314],[-6.2393088,53.347503]]},"properties":{"highway":"cycleway","lit":"yes","oneway":"yes","surface":"paving_stones","width":"1.5","osm_type":"way","osm_id":991009887,"length_m":8.73}},{"type":"Feature","geometry":{"type":"LineString","coordinates":[[-6.2404552,53.3474785],[-6.2406537,53.3474907]]},"properties":{"bridge":"yes","highway":"cycleway","layer":"1","oneway":"no","smoothness":"excellent","surface":"asphalt","osm_type":"way","osm_id":991011474,"length_m":13.25}},{"type":"Feature","geometry":{"type":"LineString","coordinates":[[-6.2399432,53.347447],[-6.2404552,53.3474785]]},"properties":{"highway":"cycleway","oneway":"no","surface":"asphalt","osm_type":"way","osm_id":991011475,"length_m":34.17}},{"type":"Feature","geometry":{"type":"LineString","coordinates":[[-6.2406537,53.3474907],[-6.2409323,53.3475078]]},"properties":{"highway":"cycleway","lit":"yes","oneway":"no","smoothness":"excellent","surface":"asphalt","osm_type":"way","osm_id":991011476,"length_m":18.59}},{"type":"Feature","geometry":{"type":"LineString","coordinates":[[-6.2392981,53.3474359],[-6.2399432,53.347447]]},"properties":{"bicycle":"designated","foot":"designated","highway":"cycleway","oneway":"no","segregated":"no","surface":"paved","surface:note":"steinfliesen","osm_type":"way","osm_id":991013815,"length_m":42.84}},{"type":"Feature","geometry":{"type":"LineString","coordinates":[[-6.2280729,53.3467186],[-6.2280893,53.34667]]},"properties":{"highway":"cycleway","oneway":"yes","surface":"asphalt","osm_type":"way","osm_id":991016932,"length_m":5.53}},{"type":"Feature","geometry":{"type":"LineString","coordinates":[[-6.2322614,53.3470217],[-6.2322687,53.3469701]]},"properties":{"highway":"cycleway","lit":"yes","oneway":"yes","surface":"asphalt","osm_type":"way","osm_id":991016933,"length_m":5.76}},{"type":"Feature","geometry":{"type":"LineString","coordinates":[[-6.2300998,53.3468565],[-6.2301104,53.3468078]]},"properties":{"highway":"cycleway","oneway":"yes","surface":"asphalt","osm_type":"way","osm_id":991016934,"length_m":5.46}},{"type":"Feature","geometry":{"type":"LineString","coordinates":[[-6.2139492,53.3418752],[-6.2141305,53.3420956],[-6.2146796,53.3424222]]},"properties":{"highway":"cycleway","lanes":"2","lit":"yes","logainm:ref":"1380956","logainm:url":"https://www.logainm.ie/1380956.aspx","maxspeed":"30","name":"Pigeon House Road","name:en":"Pigeon House Road","name:ga":"B\u00f3thar Theach Pigeon","note":"Trial road closure to motorists","sidewalk":"left","surface":"asphalt","was:highway":"residential","osm_type":"way","osm_id":992520240,"length_m":79.03}},{"type":"Feature","geometry":{"type":"LineString","coordinates":[[-6.2741784,53.3538704],[-6.274222,53.3539314]]},"properties":{"bicycle":"designated","foot":"designated","highway":"cycleway","lit":"yes","segregated":"no","surface":"paving_stones","osm_type":"way","osm_id":998610134,"length_m":7.37}},{"type":"Feature","geometry":{"type":"LineString","coordinates":[[-6.2330925,53.3456459],[-6.2330988,53.3456071]]},"properties":{"foot":"yes","highway":"cycleway","lit":"yes","segregated":"no","smoothness":"excellent","surface":"asphalt","osm_type":"way","osm_id":1007512438,"length_m":4.33}},{"type":"Feature","geometry":{"type":"LineString","coordinates":[[-6.2316536,53.3455354],[-6.2316602,53.3454922]]},"properties":{"foot":"yes","highway":"cycleway","lit":"yes","segregated":"no","smoothness":"good","surface":"asphalt","osm_type":"way","osm_id":1007512446,"length_m":4.82}},{"type":"Feature","geometry":{"type":"LineString","coordinates":[[-6.2323941,53.3455922],[-6.2324022,53.3455507]]},"properties":{"foot":"yes","highway":"cycleway","lit":"yes","segregated":"no","smoothness":"good","surface":"asphalt","osm_type":"way","osm_id":1007512447,"length_m":4.65}},{"type":"Feature","geometry":{"type":"LineString","coordinates":[[-6.2874948,53.3006159],[-6.2879254,53.3008975],[-6.2883018,53.3008406]]},"properties":{"bicycle":"designated","bridge":"yes","foot":"designated","highway":"cycleway","lit":"yes","segregated":"no","osm_type":"way","osm_id":1009157126,"length_m":71.47}},{"type":"Feature","geometry":{"type":"LineString","coordinates":[[-6.2526732,53.3319196],[-6.2536643,53.3317572]]},"properties":{"cycleway":"lane","highway":"secondary","lane_markings":"yes","lanes":"2","lit":"yes","maxspeed":"50","name":"Grand Parade","name:en":"Grand Parade","name:ga":"An Phar\u00e1id Mh\u00f3r","ref":"R111","sidewalk":"separate","sraidainm:ref":"1379379","sraidainm:url":"https://www.sraidainm.ie/1379379.aspx","surface":"asphalt","osm_type":"way","osm_id":1013488727,"length_m":68.63}},{"type":"Feature","geometry":{"type":"LineString","coordinates":[[-6.2655717,53.3230361],[-6.2656268,53.3227871]]},"properties":{"cycleway":"lane","highway":"secondary","lane_markings":"yes","lanes":"3","lit":"yes","logainm:ref":"1380887","logainm:url":"https://www.logainm.ie/1380887.aspx","maxspeed":"50","name":"Rathmines Road Lower","name:en":"Rathmines Road Lower","name:ga":"B\u00f3thar R\u00e1th Maonais \u00cdochtarach","ref":"R114","sidewalk":"both","surface":"asphalt","osm_type":"way","osm_id":1017655138,"length_m":27.94}},{"type":"Feature","geometry":{"type":"LineString","coordinates":[[-6.2653786,53.3240348],[-6.2653978,53.3239434]]},"properties":{"cycleway":"lane","highway":"secondary","lane_markings":"yes","lanes":"3","lit":"yes","logainm:ref":"1380887","logainm:url":"https://www.logainm.ie/1380887.aspx","maxspeed":"50","name":"Rathmines Road Lower","name:en":"Rathmines Road Lower","name:ga":"B\u00f3thar R\u00e1th Maonais \u00cdochtarach","ref":"R114","sidewalk":"both","surface":"asphalt","osm_type":"way","osm_id":1017655139,"length_m":10.24}},{"type":"Feature","geometry":{"type":"LineString","coordinates":[[-6.2653123,53.3243724],[-6.2653786,53.3240348]]},"properties":{"cycleway":"lane","highway":"secondary","lane_markings":"yes","lanes":"3","lit":"yes","logainm:ref":"1380887","logainm:url":"https://www.logainm.ie/1380887.aspx","maxspeed":"50","name":"Rathmines Road Lower","name:en":"Rathmines Road Lower","name:ga":"B\u00f3thar R\u00e1th Maonais \u00cdochtarach","ref":"R114","sidewalk":"both","surface":"asphalt","osm_type":"way","osm_id":1017655140,"length_m":37.8}},{"type":"Feature","geometry":{"type":"LineString","coordinates":[[-6.2389459,53.3425356],[-6.2387708,53.3425154]]},"properties":{"bicycle":"designated","foot":"designated","highway":"cycleway","lit":"yes","smoothness":"excellent","surface":"paving_stones","osm_type":"way","osm_id":1018939519,"length_m":11.84}},{"type":"Feature","geometry":{"type":"LineString","coordinates":[[-6.2389923,53.3423985],[-6.2389459,53.3425356]]},"properties":{"bicycle":"designated","crossing":"traffic_signals","crossing:island":"no","cycleway":"crossing","foot":"designated","highway":"cycleway","kerb":"flush","lit":"yes","segregated":"no","smoothness":"excellent","surface":"paving_stones","tactile_paving":"yes","osm_type":"way","osm_id":1018939520,"length_m":15.55}},{"type":"Feature","geometry":{"type":"LineString","coordinates":[[-6.3220471,53.3688923],[-6.3241932,53.3696104]]},"properties":{"cycleway":"lane","highway":"secondary","lane_markings":"yes","lanes":"3","lit":"yes","logainm:ref":"1380791","logainm:url":"https://www.logainm.ie/1380791.aspx","maxspeed":"50","name":"Navan Road","name:en":"Navan Road","name:ga":"B\u00f3thar na hUaimhe","ref":"R147","surface":"asphalt","osm_type":"way","osm_id":1019993651,"length_m":163.26}},{"type":"Feature","geometry":{"type":"LineString","coordinates":[[-6.2413817,53.3507921],[-6.2410244,53.3506031]]},"properties":{"highway":"cycleway","oneway":"yes","surface":"asphalt","osm_type":"way","osm_id":1025281883,"length_m":33.38}},{"type":"Feature","geometry":{"type":"LineString","coordinates":[[-6.3083386,53.3480186],[-6.308807,53.3482246]]},"properties":{"highway":"cycleway","lit":"yes","oneway":"yes","smoothness":"excellent","surface":"asphalt","osm_type":"way","osm_id":1030478501,"length_m":38.76}},{"type":"Feature","geometry":{"type":"LineString","coordinates":[[-6.2404981,53.3505881],[-6.2404925,53.3506283]]},"properties":{"bicycle":"designated","crossing":"marked","cycleway":"crossing","foot":"designated","highway":"cycleway","incline":"0%","lit":"yes","oneway":"no","segregated":"no","surface":"asphalt","osm_type":"way","osm_id":1035896287,"length_m":4.49}},{"type":"Feature","geometry":{"type":"LineString","coordinates":[[-6.2462459,53.3465838],[-6.2462395,53.3466123]]},"properties":{"highway":"cycleway","oneway":"no","surface":"asphalt","osm_type":"way","osm_id":1035898411,"length_m":3.2}},{"type":"Feature","geometry":{"type":"LineString","coordinates":[[-6.3116354,53.3783761],[-6.3117966,53.3782495]]},"properties":{"foot":"yes","highway":"cycleway","surface":"paved","osm_type":"way","osm_id":1035899691,"length_m":17.83}},{"type":"Feature","geometry":{"type":"LineString","coordinates":[[-6.2415856,53.3462653],[-6.2414644,53.3462634]]},"properties":{"bicycle":"designated","foot":"designated","highway":"cycleway","lit":"yes","oneway":"no","segregated":"no","surface":"paving_stones","osm_type":"way","osm_id":1037875199,"length_m":8.06}},{"type":"Feature","geometry":{"type":"LineString","coordinates":[[-6.2136898,53.3412419],[-6.2140631,53.3413686]]},"properties":{"cycleway":"shared_lane","highway":"unclassified","lane_markings":"yes","lanes":"2","lit":"yes","logainm:ref":"1380956","logainm:url":"https://www.logainm.ie/1380956.aspx","maxspeed":"30","name":"Pigeon House Road","name:en":"Pigeon House Road","name:ga":"B\u00f3thar Theach Pigeon","sidewalk":"left","smoothness":"intermediate","surface":"asphalt","was:highway":"residential","osm_type":"way","osm_id":1061221284,"length_m":29.15}},{"type":"Feature","geometry":{"type":"LineString","coordinates":[[-6.2190795,53.3376991],[-6.2192169,53.3374757]]},"properties":{"cycleway:left":"lane","highway":"cycleway","lanes":"1","lit":"yes","logainm:ref":"1417002","logainm:url":"https://www.logainm.ie/1417002.aspx","name":"Sean Moore Road","name:en":"Sean Moore Road","name:etymology:wikidata":"Q1312995","name:ga":"B\u00f3thar She\u00e1in U\u00ed Mh\u00f3ra","old_name":"South Link Road","oneway":"yes","ref":"R131","surface":"asphalt","osm_type":"way","osm_id":1061221288,"length_m":26.86}},{"type":"Feature","geometry":{"type":"LineString","coordinates":[[-6.2698607,53.3512752],[-6.2697843,53.3513487]]},"properties":{"cycleway":"lane","highway":"secondary","incline":"up","lane_markings":"yes","lanes":"4","lit":"yes","logainm:ref":"1383336","logainm:url":"https://www.logainm.ie/1383336.aspx","maxspeed":"50","name":"Bolton Street","name:en":"Bolton Street","name:ga":"Sr\u00e1id Bolton","parking:both":"no","ref":"R804","sidewalk":"both","surface":"asphalt","osm_type":"way","osm_id":1061460108,"length_m":9.62}},{"type":"Feature","geometry":{"type":"LineString","coordinates":[[-6.3326787,53.3494424],[-6.3262208,53.3489984],[-6.3187732,53.3482302]]},"properties":{"bicycle":"designated","check_date:surface":"2023-04-24","cycleway:surface":"asphalt","cycleway:width":"2","foot":"designated","footway:surface":"asphalt","highway":"cycleway","segregated":"yes","surface":"asphalt","osm_type":"way","osm_id":1061670475,"length_m":933.3}},{"type":"Feature","geometry":{"type":"LineString","coordinates":[[-6.3329175,53.3495427],[-6.3326787,53.3494424]]},"properties":{"highway":"cycleway","surface":"asphalt","osm_type":"way","osm_id":1061675474,"length_m":20.94}},{"type":"Feature","geometry":{"type":"LineString","coordinates":[[-6.2944669,53.348099],[-6.2934494,53.3481128],[-6.2932329,53.3480305]]},"properties":{"highway":"cycleway","name":"Parkgate Street","name:en":"Parkgate Street","name:ga":"Sr\u00e1id Geata Na P\u00e1irce","oneway":"yes","surface":"asphalt","osm_type":"way","osm_id":1064203136,"length_m":86.08}},{"type":"Feature","geometry":{"type":"LineString","coordinates":[[-6.2908462,53.3468162],[-6.2911085,53.3467755]]},"properties":{"highway":"cycleway","lit":"yes","oneway":"yes","surface":"asphalt","osm_type":"way","osm_id":1064203141,"length_m":18.52}},{"type":"Feature","geometry":{"type":"LineString","coordinates":[[-6.2758865,53.3452473],[-6.2775165,53.3455971]]},"properties":{"highway":"cycleway","lit":"yes","name":"Usher's Quay","name:en":"Usher's Quay","name:ga":"C\u00e9 Uis\u00e9ar","oneway":"yes","smoothness":"excellent","surface":"asphalt","osm_type":"way","osm_id":1064203143,"length_m":115.53}},{"type":"Feature","geometry":{"type":"LineString","coordinates":[[-6.2904704,53.3468588],[-6.2908782,53.3468338]]},"properties":{"highway":"cycleway","lit":"yes","name":"Victoria Quay","name:en":"Victoria Quay","name:ga":"C\u00e9 Buaidhe","oneway":"yes","surface":"asphalt","osm_type":"way","osm_id":1064203147,"length_m":28.96}},{"type":"Feature","geometry":{"type":"LineString","coordinates":[[-6.2684808,53.3460215],[-6.2680916,53.3460682]]},"properties":{"highway":"cycleway","lit":"yes","oneway":"yes","smoothness":"excellent","surface":"asphalt","width":"1.5","osm_type":"way","osm_id":1064203148,"length_m":34.08}},{"type":"Feature","geometry":{"type":"LineString","coordinates":[[-6.2632529,53.3465744],[-6.2610243,53.347088]]},"properties":{"highway":"cycleway","lit":"yes","name":"Bachelors Walk","name:ga":"Si\u00fal\u00e1n Bhaitsil\u00e9ir","oneway":"yes","surface":"asphalt","width":"1","osm_type":"way","osm_id":1064203150,"length_m":158.58}},{"type":"Feature","geometry":{"type":"LineString","coordinates":[[-6.2678733,53.3460388],[-6.2651384,53.3462736]]},"properties":{"highway":"cycleway","lit":"yes","name":"Ormond Quay Lower","name:en":"Ormond Quay Lower","name:ga":"C\u00e9 Urumhan \u00cdochtarach","oneway":"yes","smoothness":"good","surface":"asphalt","osm_type":"way","osm_id":1064203151,"length_m":183.48}},{"type":"Feature","geometry":{"type":"LineString","coordinates":[[-6.2756299,53.3458083],[-6.2742737,53.345619],[-6.2721822,53.3455232]]},"properties":{"highway":"cycleway","lit":"yes","name":"Inns Quay","name:en":"Inns Quay","name:ga":"C\u00e9 na n\u00d3sta\u00ed","oneway":"yes","separation":"planter","source:width":"ARCore","surface":"asphalt","width":"2","osm_type":"way","osm_id":1064203152,"length_m":232.72}},{"type":"Feature","geometry":{"type":"LineString","coordinates":[[-6.2716911,53.3455536],[-6.2678733,53.3460388]]},"properties":{"highway":"cycleway","lit":"yes","name":"Ormond Quay Upper","name:en":"Ormond Quay Upper","name:ga":"C\u00e9 Urumhan Uachtarach","oneway":"yes","separation":"kerb","sidewalk":"right","smoothness":"excellent","surface":"asphalt","width":"2","osm_type":"way","osm_id":1064203153,"length_m":259.22}},{"type":"Feature","geometry":{"type":"LineString","coordinates":[[-6.2651384,53.3462736],[-6.2632529,53.3465744]]},"properties":{"highway":"cycleway","lit":"yes","name":"Ormond Quay Lower","name:en":"Ormond Quay Lower","name:ga":"C\u00e9 Urumhan \u00cdochtarach","oneway":"yes","smoothness":"excellent","surface":"asphalt","osm_type":"way","osm_id":1064203154,"length_m":129.94}},{"type":"Feature","geometry":{"type":"LineString","coordinates":[[-6.283626,53.3470133],[-6.2828364,53.3469154]]},"properties":{"highway":"cycleway","name":"Ellis Quay","name:en":"Ellis Quay","name:ga":"C\u00e9 Eilis","oneway":"yes","surface":"asphalt","osm_type":"way","osm_id":1064203159,"length_m":54.28}},{"type":"Feature","geometry":{"type":"LineString","coordinates":[[-6.2855334,53.3471001],[-6.2854954,53.3471184]]},"properties":{"highway":"cycleway","name":"Liffey Cycle Route","oneway":"yes","surface":"paving_stones","osm_type":"way","osm_id":1064203160,"length_m":3.24}},{"type":"Feature","geometry":{"type":"LineString","coordinates":[[-6.2908158,53.3474328],[-6.290651,53.3475008]]},"properties":{"highway":"cycleway","name":"Wolfe Tone Quay","name:en":"Wolfe Tone Quay","name:ga":"C\u00e9 Wolfe Tone","oneway":"yes","surface":"asphalt","osm_type":"way","osm_id":1064203162,"length_m":13.35}},{"type":"Feature","geometry":{"type":"LineString","coordinates":[[-6.2908772,53.3474485],[-6.2909361,53.3475336]]},"properties":{"highway":"cycleway","name":"Wolfe Tone Quay","name:en":"Wolfe Tone Quay","name:ga":"C\u00e9 Wolfe Tone","oneway":"yes","surface":"asphalt","osm_type":"way","osm_id":1064203163,"length_m":10.59}},{"type":"Feature","geometry":{"type":"LineString","coordinates":[[-6.2899687,53.3473357],[-6.2886482,53.3472042],[-6.2852991,53.3470898]]},"properties":{"highway":"cycleway","name":"Wolfe Tone Quay","name:en":"Wolfe Tone Quay","name:ga":"C\u00e9 Wolfe Tone","oneway":"yes","surface":"asphalt","osm_type":"way","osm_id":1064203164,"length_m":312.55}},{"type":"Feature","geometry":{"type":"LineString","coordinates":[[-6.2910853,53.3470663],[-6.2908745,53.3474043]]},"properties":{"bridge":"yes","highway":"cycleway","layer":"1","name":"Frank Sherwin Bridge","name:en":"Frank Sherwin Bridge","name:ga":"Droichead Phroinsias U\u00ed Shearbh\u00e1in","oneway":"yes","surface":"asphalt","osm_type":"way","osm_id":1064204888,"length_m":40.28}},{"type":"Feature","geometry":{"type":"LineString","coordinates":[[-6.2908782,53.3468338],[-6.2911227,53.3469599]]},"properties":{"crossing":"traffic_signals","cycleway":"crossing","highway":"cycleway","lit":"yes","name":"Victoria Quay","name:en":"Victoria Quay","name:ga":"C\u00e9 Buaidhe","oneway":"yes","surface":"asphalt","osm_type":"way","osm_id":1064204889,"length_m":22.91}},{"type":"Feature","geometry":{"type":"LineString","coordinates":[[-6.2908745,53.3474043],[-6.2908158,53.3474328]]},"properties":{"bridge":"yes","highway":"cycleway","layer":"1","name":"Frank Sherwin Bridge","name:en":"Frank Sherwin Bridge","name:ga":"Droichead Phroinsias U\u00ed Shearbh\u00e1in","oneway":"yes","surface":"asphalt","osm_type":"way","osm_id":1064204890,"length_m":5.02}},{"type":"Feature","geometry":{"type":"LineString","coordinates":[[-6.1734631,53.4080478],[-6.1734852,53.4069249],[-6.1731503,53.4067234],[-6.1727412,53.4066937],[-6.171767,53.4068013],[-6.1649684,53.408253],[-6.1635234,53.4082582]]},"properties":{"bicycle":"designated","foot":"designated","highway":"cycleway","oneway":"yes","segregated":"yes","surface":"asphalt","osm_type":"way","osm_id":1066771362,"length_m":825.76}},{"type":"Feature","geometry":{"type":"LineString","coordinates":[[-6.2969692,53.3481381],[-6.2969641,53.3482519]]},"properties":{"bicycle":"designated","crossing":"traffic_signals","cycleway":"crossing","foot":"designated","highway":"cycleway","lit":"yes","surface":"asphalt","osm_type":"way","osm_id":1067311711,"length_m":12.66}},{"type":"Feature","geometry":{"type":"LineString","coordinates":[[-6.303854,53.3506157],[-6.3037784,53.3508058]]},"properties":{"highway":"cycleway","lit":"yes","oneway":"yes","surface":"asphalt","osm_type":"way","osm_id":1067311712,"length_m":22.14}},{"type":"Feature","geometry":{"type":"LineString","coordinates":[[-6.2991006,53.3361028],[-6.2991671,53.3362257]]},"properties":{"highway":"cycleway","oneway":"yes","sidewalk":"left","surface":"asphalt","osm_type":"way","osm_id":1067402981,"length_m":14.41}},{"type":"Feature","geometry":{"type":"LineString","coordinates":[[-6.2991597,53.3362565],[-6.2991269,53.3364957]]},"properties":{"bicycle":"designated","foot":"designated","highway":"cycleway","segregated":"no","surface":"paving_stones","osm_type":"way","osm_id":1067402982,"length_m":28.43}},{"type":"Feature","geometry":{"type":"LineString","coordinates":[[-6.2990135,53.3367108],[-6.2988843,53.336629]]},"properties":{"highway":"cycleway","oneway":"yes","source:width":"ARCore","surface":"asphalt","width":"1.5","osm_type":"way","osm_id":1067402984,"length_m":12.5}},{"type":"Feature","geometry":{"type":"LineString","coordinates":[[-6.2988843,53.336629],[-6.2988525,53.3365746]]},"properties":{"bicycle":"designated","foot":"designated","highway":"cycleway","segregated":"no","surface":"paving_stones","osm_type":"way","osm_id":1067402985,"length_m":6.45}},{"type":"Feature","geometry":{"type":"LineString","coordinates":[[-6.2987627,53.3365103],[-6.2987168,53.3364123]]},"properties":{"bicycle":"designated","foot":"designated","highway":"cycleway","segregated":"no","surface":"paving_stones","osm_type":"way","osm_id":1067402987,"length_m":11.8}},{"type":"Feature","geometry":{"type":"LineString","coordinates":[[-6.2988283,53.3365543],[-6.2987627,53.3365103]]},"properties":{"bicycle":"designated","crossing":"unmarked","cycleway":"crossing","foot":"designated","highway":"cycleway","surface":"asphalt","osm_type":"way","osm_id":1067402988,"length_m":6.55}},{"type":"Feature","geometry":{"type":"LineString","coordinates":[[-6.2985879,53.3362609],[-6.2987345,53.3362441]]},"properties":{"highway":"cycleway","oneway":"yes","surface":"asphalt","osm_type":"way","osm_id":1067402989,"length_m":10.17}},{"type":"Feature","geometry":{"type":"LineString","coordinates":[[-6.2989192,53.3362184],[-6.2989877,53.3361243]]},"properties":{"bicycle":"designated","foot":"designated","highway":"cycleway","segregated":"no","surface":"paving_stones","osm_type":"way","osm_id":1067402990,"length_m":11.64}},{"type":"Feature","geometry":{"type":"LineString","coordinates":[[-6.2989684,53.3362263],[-6.2991257,53.3362512]]},"properties":{"bicycle":"designated","crossing":"unmarked","cycleway":"crossing","foot":"designated","highway":"cycleway","segregated":"no","surface":"asphalt","osm_type":"way","osm_id":1067402993,"length_m":10.8}},{"type":"Feature","geometry":{"type":"LineString","coordinates":[[-6.3020641,53.350289],[-6.3033918,53.350773]]},"properties":{"bus":"private","cycleway":"lane","cycleway:lane":"exclusive","hgv":"private","highway":"tertiary","lane_markings":"yes","lanes":"2","lit":"yes","logainm:ref":"1379752","logainm:url":"https://www.logainm.ie/1379752.aspx","maxspeed":"30","name":"Chesterfield Avenue","name:en":"Chesterfield Avenue","name:ga":"Ascaill Chesterfield","sidewalk":"separate","surface":"asphalt","osm_type":"way","osm_id":1068796138,"length_m":103.26}},{"type":"Feature","geometry":{"type":"LineString","coordinates":[[-6.2328773,53.3590676],[-6.2319555,53.3597726]]},"properties":{"bicycle":"designated","cycleway:surface":"asphalt","foot":"designated","footway:surface":"asphalt","highway":"cycleway","lit":"yes","oneway":"no","segregated":"yes","surface":"asphalt","osm_type":"way","osm_id":1070094402,"length_m":99.44}},{"type":"Feature","geometry":{"type":"LineString","coordinates":[[-6.2319207,53.359767],[-6.2317352,53.3596803]]},"properties":{"bicycle":"designated","crossing":"marked","cycleway":"crossing","foot":"designated","highway":"cycleway","segregated":"no","surface":"asphalt","osm_type":"way","osm_id":1070094403,"length_m":15.64}},{"type":"Feature","geometry":{"type":"LineString","coordinates":[[-6.2336246,53.3582709],[-6.2337431,53.3583206]]},"properties":{"crossing":"marked","crossing:markings":"yes","cycleway":"crossing","highway":"cycleway","lit":"yes","segregated":"no","surface":"asphalt","osm_type":"way","osm_id":1070094404,"length_m":9.61}},{"type":"Feature","geometry":{"type":"LineString","coordinates":[[-6.2337651,53.3583293],[-6.233661,53.3584158]]},"properties":{"highway":"cycleway","lit":"yes","segregated":"no","surface":"paved","osm_type":"way","osm_id":1070094405,"length_m":11.84}},{"type":"Feature","geometry":{"type":"LineString","coordinates":[[-6.2315385,53.3595747],[-6.2301332,53.3592104]]},"properties":{"bicycle":"designated","foot":"no","highway":"cycleway","lanes":"2","oneway":"no","surface":"asphalt","osm_type":"way","osm_id":1070452772,"length_m":101.69}},{"type":"Feature","geometry":{"type":"LineString","coordinates":[[-6.2300465,53.3591307],[-6.2300751,53.3590935]]},"properties":{"crossing":"uncontrolled","crossing:markings":"yes","cycleway":"crossing","foot":"yes","highway":"cycleway","segregated":"no","surface":"asphalt","osm_type":"way","osm_id":1070452773,"length_m":4.55}},{"type":"Feature","geometry":{"type":"LineString","coordinates":[[-6.2947766,53.3481159],[-6.2944669,53.348099]]},"properties":{"cycleway":"track","highway":"secondary","lane_markings":"yes","lanes":"3","lanes:backward":"2","lanes:forward":"1","lit":"yes","logainm:ref":"1383421","logainm:url":"https://www.logainm.ie/1383421.aspx","maxspeed":"50","name":"Parkgate Street","name:en":"Parkgate Street","name:ga":"Sr\u00e1id Geata Na P\u00e1irce","ref":"R109","sidewalk":"separate","surface":"asphalt","osm_type":"way","osm_id":1080988325,"length_m":20.64}},{"type":"Feature","geometry":{"type":"LineString","coordinates":[[-6.2526218,53.3579793],[-6.2523619,53.3579255]]},"properties":{"cycleway":"lane","highway":"secondary","lane_markings":"yes","lanes":"2","lit":"yes","logainm:ref":"1379354","logainm:url":"https://www.logainm.ie/1379354.aspx","maxspeed":"50","name":"North Circular Road","name:en":"North Circular Road","name:ga":"Cuarbh\u00f3thar Thuaidh","ref":"R101","surface":"asphalt","osm_type":"way","osm_id":1082293199,"length_m":18.26}},{"type":"Feature","geometry":{"type":"LineString","coordinates":[[-6.2523619,53.3579255],[-6.2521147,53.3578737]]},"properties":{"cycleway":"lane","highway":"secondary","lane_markings":"yes","lanes":"2","lit":"yes","logainm:ref":"1379354","logainm:url":"https://www.logainm.ie/1379354.aspx","maxspeed":"50","name":"North Circular Road","name:en":"North Circular Road","name:ga":"Cuarbh\u00f3thar Thuaidh","ref":"R101","surface":"asphalt","osm_type":"way","osm_id":1082293200,"length_m":17.39}},{"type":"Feature","geometry":{"type":"LineString","coordinates":[[-6.2834289,53.3726937],[-6.2833617,53.3727325]]},"properties":{"highway":"cycleway","oneway":"yes","surface":"concrete","width":"3","osm_type":"way","osm_id":1082775133,"length_m":6.2}},{"type":"Feature","geometry":{"type":"LineString","coordinates":[[-6.2822107,53.3721727],[-6.2821521,53.3722234]]},"properties":{"highway":"cycleway","oneway":"yes","surface":"concrete","width":"2.5","osm_type":"way","osm_id":1082775134,"length_m":6.85}},{"type":"Feature","geometry":{"type":"LineString","coordinates":[[-6.2953657,53.3849636],[-6.2982925,53.3871522]]},"properties":{"bicycle":"designated","foot":"designated","highway":"cycleway","oneway":"yes","surface":"paved","osm_type":"way","osm_id":1082776358,"length_m":311.8}},{"type":"Feature","geometry":{"type":"LineString","coordinates":[[-6.2216779,53.3629095],[-6.2219225,53.3627867],[-6.2222443,53.3622577]]},"properties":{"bicycle":"designated","foot":"designated","highway":"cycleway","name":"Alfie Byrne Road","oneway":"no","segregated":"yes","surface":"asphalt","osm_type":"way","osm_id":1084535210,"length_m":83.99}},{"type":"Feature","geometry":{"type":"LineString","coordinates":[[-6.2217512,53.3631613],[-6.2217712,53.363032]]},"properties":{"crossing":"marked","crossing:markings":"yes","cycleway":"crossing","foot":"no","highway":"cycleway","surface":"asphalt","osm_type":"way","osm_id":1084535213,"length_m":14.44}},{"type":"Feature","geometry":{"type":"LineString","coordinates":[[-6.2234615,53.3633632],[-6.227376,53.3640041]]},"properties":{"highway":"cycleway","name":"Clontarf Road","name:en":"Clontarf Road","name:ga":"B\u00f3thar Chluain Tarbh","oneway":"yes","sidewalk":"left","surface":"asphalt","width":"1","osm_type":"way","osm_id":1084535214,"length_m":270.04}},{"type":"Feature","geometry":{"type":"LineString","coordinates":[[-6.2205464,53.3626577],[-6.2208754,53.3626902]]},"properties":{"bicycle":"yes","foot":"no","highway":"cycleway","oneway":"no","surface":"asphalt","osm_type":"way","osm_id":1084535216,"length_m":22.13}},{"type":"Feature","geometry":{"type":"LineString","coordinates":[[-6.2208754,53.3626902],[-6.2213319,53.3629202],[-6.2216779,53.3629095]]},"properties":{"highway":"cycleway","oneway":"no","surface":"asphalt","osm_type":"way","osm_id":1084535219,"length_m":63.38}},{"type":"Feature","geometry":{"type":"LineString","coordinates":[[-6.2404838,53.3506847],[-6.2404925,53.3506283]]},"properties":{"bicycle":"designated","foot":"designated","highway":"cycleway","lit":"yes","oneway":"no","segregated":"no","surface":"asphalt","width":"4","year_of_construction":"2020","osm_type":"way","osm_id":1095406805,"length_m":6.3}},{"type":"Feature","geometry":{"type":"LineString","coordinates":[[-6.2646103,53.3760739],[-6.2655555,53.3739899],[-6.2657448,53.3730149]]},"properties":{"bicycle":"designated","cycleway":"sidewalk","foot":"designated","footway:surface":"concrete","highway":"cycleway","segregated":"yes","surface":"concrete","osm_type":"way","osm_id":1095426225,"length_m":349.4}},{"type":"Feature","geometry":{"type":"LineString","coordinates":[[-6.2659643,53.3728728],[-6.2659287,53.3730198]]},"properties":{"bicycle":"designated","cycleway":"sidewalk","foot":"designated","highway":"cycleway","surface":"concrete","osm_type":"way","osm_id":1095426228,"length_m":16.87}},{"type":"Feature","geometry":{"type":"LineString","coordinates":[[-6.266003,53.3726261],[-6.2659866,53.3727746]]},"properties":{"bicycle":"designated","cycleway":"sidewalk","foot":"designated","highway":"cycleway","segregated":"no","surface":"concrete","osm_type":"way","osm_id":1095426229,"length_m":16.63}},{"type":"Feature","geometry":{"type":"LineString","coordinates":[[-6.2665028,53.3720055],[-6.2660218,53.3725122]]},"properties":{"bicycle":"designated","cycleway":"sidewalk","cycleway:surface":"asphalt","cycleway:width":"1","foot":"designated","footway:surface":"concrete","highway":"cycleway","segregated":"yes","surface":"paved","osm_type":"way","osm_id":1095426230,"length_m":65.91}},{"type":"Feature","geometry":{"type":"LineString","coordinates":[[-6.2739742,53.3122819],[-6.2704602,53.317207]]},"properties":{"alt_name:ga":"B\u00f3thar R\u00e1th gCearr","cycleway":"lane","highway":"secondary","lane_markings":"yes","lanes":"3","lit":"yes","logainm:ref":"1380886","logainm:url":"https://www.logainm.ie/1380886.aspx","maxspeed":"50","name":"Rathgar Road","name:en":"Rathgar Road","name:ga":"B\u00f3thar R\u00e1th Garbh","ref":"R114","sidewalk":"both","surface":"asphalt","osm_type":"way","osm_id":1099164589,"length_m":595.43}},{"type":"Feature","geometry":{"type":"LineString","coordinates":[[-6.2150729,53.3202219],[-6.2145295,53.3199111]]},"properties":{"cycleway":"lane","highway":"secondary","lane_markings":"yes","lanes":"4","lit":"yes","logainm:ref":"1380751","logainm:url":"https://www.logainm.ie/1380751.aspx","maxspeed":"50","name":"Merrion Road","name:en":"Merrion Road","name:ga":"B\u00f3thar Muirbhthean","ref":"R118","sidewalk:left":"separate","sidewalk:right":"yes","surface":"asphalt","osm_type":"way","osm_id":1099729644,"length_m":49.97}},{"type":"Feature","geometry":{"type":"LineString","coordinates":[[-6.2020772,53.3530122],[-6.2020069,53.3529697]]},"properties":{"bicycle":"designated","crossing":"unmarked","crossing:markings":"no","cycleway":"crossing","foot":"designated","highway":"cycleway","surface":"asphalt","osm_type":"way","osm_id":1099926386,"length_m":6.64}},{"type":"Feature","geometry":{"type":"LineString","coordinates":[[-6.2022342,53.3530225],[-6.2021423,53.3530308]]},"properties":{"bicycle":"designated","foot":"designated","footway":"link","highway":"cycleway","surface":"concrete","osm_type":"way","osm_id":1099926387,"length_m":6.17}},{"type":"Feature","geometry":{"type":"LineString","coordinates":[[-6.2021422,53.3530541],[-6.2020772,53.3530122]]},"properties":{"bicycle":"designated","foot":"designated","footway":"link","highway":"cycleway","oneway":"no","segregated":"no","surface":"concrete","osm_type":"way","osm_id":1099926388,"length_m":7.38}},{"type":"Feature","geometry":{"type":"LineString","coordinates":[[-6.2021424,53.3531202],[-6.2021422,53.3530541]]},"properties":{"bicycle":"designated","crossing":"unmarked","crossing:markings":"no","cycleway":"crossing","foot":"designated","highway":"cycleway","surface":"asphalt","osm_type":"way","osm_id":1099926389,"length_m":7.35}},{"type":"Feature","geometry":{"type":"LineString","coordinates":[[-6.2782799,53.3553005],[-6.2781633,53.3556002]]},"properties":{"bicycle":"designated","check_date:surface":"2026-01-19","cycleway:surface":"asphalt","cycleway:width":"1","foot":"designated","footway:surface":"concrete","highway":"cycleway","lit":"yes","name":"Grangegorman Lower","name:en":"Grangegorman Lower","name:ga":"Gr\u00e1inseagh Ghorm\u00e1in \u00cdochtarach","segregated":"yes","surface":"paved","osm_type":"way","osm_id":1099938545,"length_m":35.71}},{"type":"Feature","geometry":{"type":"LineString","coordinates":[[-6.2371504,53.3719443],[-6.2356381,53.3713922]]},"properties":{"cycleway":"lane","highway":"secondary","lanes":"2","logainm:ref":"1380053","logainm:url":"https://www.logainm.ie/1380053.aspx","maxspeed":"50","maxweight":"3.5","name":"Griffith Avenue","name:en":"Griffith Avenue","name:ga":"Ascaill U\u00ed Ghr\u00edofa","oneway":"no","ref":"R102","surface":"asphalt","osm_type":"way","osm_id":1103201302,"length_m":117.62}},{"type":"Feature","geometry":{"type":"LineString","coordinates":[[-6.2373474,53.3720162],[-6.2371504,53.3719443]]},"properties":{"cycleway":"lane","highway":"secondary","lanes":"2","logainm:ref":"1380053","logainm:url":"https://www.logainm.ie/1380053.aspx","maxspeed":"50","maxweight":"3.5","name":"Griffith Avenue","name:en":"Griffith Avenue","name:ga":"Ascaill U\u00ed Ghr\u00edofa","oneway":"no","ref":"R102","surface":"asphalt","osm_type":"way","osm_id":1103201303,"length_m":15.32}},{"type":"Feature","geometry":{"type":"LineString","coordinates":[[-6.2352837,53.3712639],[-6.2337157,53.3706962]]},"properties":{"cycleway":"lane","highway":"secondary","lanes":"2","logainm:ref":"1380053","logainm:url":"https://www.logainm.ie/1380053.aspx","maxspeed":"50","maxweight":"3.5","name":"Griffith Avenue","name:en":"Griffith Avenue","name:ga":"Ascaill U\u00ed Ghr\u00edofa","oneway":"no","ref":"R102","surface":"asphalt","osm_type":"way","osm_id":1103202491,"length_m":121.68}},{"type":"Feature","geometry":{"type":"LineString","coordinates":[[-6.2356381,53.3713922],[-6.2352837,53.3712639]]},"properties":{"cycleway":"lane","highway":"secondary","lanes":"2","logainm:ref":"1380053","logainm:url":"https://www.logainm.ie/1380053.aspx","maxspeed":"50","maxweight":"3.5","name":"Griffith Avenue","name:en":"Griffith Avenue","name:ga":"Ascaill U\u00ed Ghr\u00edofa","oneway":"no","ref":"R102","surface":"asphalt","osm_type":"way","osm_id":1103202492,"length_m":27.5}},{"type":"Feature","geometry":{"type":"LineString","coordinates":[[-6.3092112,53.3767788],[-6.3090029,53.3764511]]},"properties":{"cycleway":"lane","highway":"secondary","incline":"up","lanes":"2","lit":"yes","logainm:ref":"1380889","logainm:url":"https://www.logainm.ie/1380889.aspx","maxspeed":"50","maxweight":"3.5","name":"Ratoath Road","name:en":"Ratoath Road","name:etymology":"Ratoath, County Meath.","name:ga":"B\u00f3thar R\u00e1th T\u00f3","oneway":"no","ref":"R805","surface":"asphalt","osm_type":"way","osm_id":1104937555,"length_m":39.12}},{"type":"Feature","geometry":{"type":"LineString","coordinates":[[-6.3557465,53.33249],[-6.3563892,53.331991],[-6.3582461,53.3314299],[-6.358658,53.3311311],[-6.3588513,53.3308607]]},"properties":{"highway":"cycleway","oneway":"yes","surface":"asphalt","osm_type":"way","osm_id":1106589103,"length_m":285.78}},{"type":"Feature","geometry":{"type":"LineString","coordinates":[[-6.3557139,53.3325449],[-6.3557465,53.33249]]},"properties":{"bicycle":"designated","crossing":"unmarked","crossing:island":"no","cycleway":"crossing","foot":"designated","highway":"cycleway","segregated":"no","surface":"asphalt","tactile_paving":"no","osm_type":"way","osm_id":1106589104,"length_m":6.48}},{"type":"Feature","geometry":{"type":"LineString","coordinates":[[-6.3590189,53.330861],[-6.3587885,53.3311996],[-6.3582989,53.3315414],[-6.3567784,53.3319724],[-6.3560907,53.3323293]]},"properties":{"bicycle":"designated","foot":"designated","highway":"cycleway","oneway":"yes","segregated":"yes","surface":"asphalt","osm_type":"way","osm_id":1106589105,"length_m":264.19}},{"type":"Feature","geometry":{"type":"LineString","coordinates":[[-6.3590821,53.3305751],[-6.3590189,53.330861]]},"properties":{"bicycle":"designated","bridge":"yes","foot":"designated","highway":"cycleway","layer":"1","oneway":"yes","segregated":"yes","surface":"asphalt","osm_type":"way","osm_id":1106589108,"length_m":32.09}},{"type":"Feature","geometry":{"type":"LineString","coordinates":[[-6.3588513,53.3308607],[-6.3589343,53.3305687]]},"properties":{"bridge":"yes","highway":"cycleway","layer":"1","oneway":"yes","surface":"asphalt","osm_type":"way","osm_id":1106589110,"length_m":33.04}},{"type":"Feature","geometry":{"type":"LineString","coordinates":[[-6.2358548,53.3472165],[-6.2378676,53.3473421]]},"properties":{"highway":"cycleway","lit":"yes","oneway":"no","surface":"asphalt","osm_type":"way","osm_id":1106681304,"length_m":136.85}},{"type":"Feature","geometry":{"type":"LineString","coordinates":[[-6.1966893,53.3503935],[-6.1967353,53.351171]]},"properties":{"highway":"cycleway","lit":"yes","oneway":"no","sidewalk":"left","smoothness":"good","surface":"asphalt","osm_type":"way","osm_id":1107087349,"length_m":86.56}},{"type":"Feature","geometry":{"type":"LineString","coordinates":[[-6.2437029,53.3197576],[-6.2435747,53.3196857]]},"properties":{"cycleway":"lane","highway":"secondary","lane_markings":"yes","lanes":"2","lit":"yes","logainm:ref":"1380918","logainm:url":"https://www.logainm.ie/1380918.aspx","maxspeed":"50","name":"Sandford Road","name:en":"Sandford Road","name:ga":"B\u00f3thar Sandford","ref":"R117","sidewalk":"both","surface":"asphalt","osm_type":"way","osm_id":1108004310,"length_m":11.68}},{"type":"Feature","geometry":{"type":"LineString","coordinates":[[-6.2020496,53.352927],[-6.2020756,53.3518119]]},"properties":{"cycleway:surface":"asphalt","highway":"cycleway","oneway":"no","segregated":"yes","surface":"asphalt","osm_type":"way","osm_id":1111203085,"length_m":124.29}},{"type":"Feature","geometry":{"type":"LineString","coordinates":[[-6.2020069,53.3529697],[-6.2020496,53.352927]]},"properties":{"bicycle":"designated","foot":"designated","highway":"cycleway","oneway":"no","segregated":"no","surface":"concrete","osm_type":"way","osm_id":1111203086,"length_m":6.84}},{"type":"Feature","geometry":{"type":"LineString","coordinates":[[-6.202077,53.3516554],[-6.2019384,53.351556]]},"properties":{"highway":"cycleway","oneway":"no","sidewalk":"separate","surface":"asphalt","osm_type":"way","osm_id":1111203089,"length_m":16.24}},{"type":"Feature","geometry":{"type":"LineString","coordinates":[[-6.3142511,53.3739735],[-6.314256,53.3746465],[-6.3143949,53.3750321]]},"properties":{"bicycle":"designated","foot":"designated","highway":"cycleway","lit":"yes","segregated":"no","surface":"asphalt","width":"3.5","osm_type":"way","osm_id":1112688481,"length_m":120.3}},{"type":"Feature","geometry":{"type":"LineString","coordinates":[[-6.293421,53.3382331],[-6.290593,53.3385858],[-6.2890655,53.3389356]]},"properties":{"highway":"cycleway","name":"St James' Walk","name:ga":"Si\u00fal\u00e1n San S\u00e9amas","oneway":"no","separation":"bump","surface":"asphalt","osm_type":"way","osm_id":1113752003,"length_m":301.87}},{"type":"Feature","geometry":{"type":"LineString","coordinates":[[-6.2519869,53.3340169],[-6.251401,53.3346124]]},"properties":{"highway":"cycleway","oneway":"yes","surface":"asphalt","osm_type":"way","osm_id":1121931330,"length_m":76.8}},{"type":"Feature","geometry":{"type":"LineString","coordinates":[[-6.251401,53.3346124],[-6.2506195,53.3354196]]},"properties":{"highway":"cycleway","oneway":"yes","surface":"asphalt","osm_type":"way","osm_id":1121931331,"length_m":103.68}},{"type":"Feature","geometry":{"type":"LineString","coordinates":[[-6.2506195,53.3354196],[-6.2492469,53.3368156]]},"properties":{"highway":"cycleway","oneway":"yes","surface":"asphalt","osm_type":"way","osm_id":1121931332,"length_m":180.01}},{"type":"Feature","geometry":{"type":"LineString","coordinates":[[-6.2492469,53.3368156],[-6.2478062,53.3382699]]},"properties":{"highway":"cycleway","oneway":"yes","surface":"asphalt","osm_type":"way","osm_id":1121931333,"length_m":187.91}},{"type":"Feature","geometry":{"type":"LineString","coordinates":[[-6.2478062,53.3382699],[-6.2466328,53.3394405],[-6.2464837,53.33946]]},"properties":{"highway":"cycleway","oneway":"yes","surface":"asphalt","osm_type":"way","osm_id":1121931334,"length_m":162.59}},{"type":"Feature","geometry":{"type":"LineString","coordinates":[[-6.2528991,53.3329935],[-6.2529287,53.3330807],[-6.2519869,53.3340169]]},"properties":{"highway":"cycleway","oneway":"yes","surface":"asphalt","osm_type":"way","osm_id":1121931335,"length_m":131.33}},{"type":"Feature","geometry":{"type":"LineString","coordinates":[[-6.2490626,53.336752],[-6.2518228,53.333944]]},"properties":{"highway":"cycleway","oneway":"yes","surface":"asphalt","osm_type":"way","osm_id":1121931336,"length_m":362.06}},{"type":"Feature","geometry":{"type":"LineString","coordinates":[[-6.2518228,53.333944],[-6.2527425,53.3330287],[-6.2528991,53.3329935]]},"properties":{"highway":"cycleway","oneway":"yes","surface":"asphalt","osm_type":"way","osm_id":1121931337,"length_m":129.8}},{"type":"Feature","geometry":{"type":"LineString","coordinates":[[-6.2476344,53.3381948],[-6.2490626,53.336752]]},"properties":{"highway":"cycleway","oneway":"yes","surface":"asphalt","osm_type":"way","osm_id":1121931338,"length_m":186.42}},{"type":"Feature","geometry":{"type":"LineString","coordinates":[[-6.2465218,53.3394205],[-6.2465052,53.3393312],[-6.2476344,53.3381948]]},"properties":{"highway":"cycleway","oneway":"yes","smoothness":"intermediate","surface":"asphalt","osm_type":"way","osm_id":1121931339,"length_m":156.92}},{"type":"Feature","geometry":{"type":"LineString","coordinates":[[-6.216937,53.3390818],[-6.2135005,53.3410978]]},"properties":{"highway":"cycleway","name":"Sean Moore Road","name:en":"Sean Moore Road","name:ga":"B\u00f3thar She\u00e1in U\u00ed Mh\u00f3ra","oneway":"no","sidewalk":"left","surface":"asphalt","osm_type":"way","osm_id":1125702894,"length_m":320.65}},{"type":"Feature","geometry":{"type":"LineString","coordinates":[[-6.1497657,53.3822098],[-6.1498676,53.3822759]]},"properties":{"crossing":"marked","cycleway":"crossing","highway":"cycleway","surface":"asphalt","width":"1.5","osm_type":"way","osm_id":1126001275,"length_m":9.99}},{"type":"Feature","geometry":{"type":"LineString","coordinates":[[-6.252746,53.3509793],[-6.2527685,53.3510233]]},"properties":{"foot":"no","highway":"cycleway","surface":"asphalt","osm_type":"way","osm_id":1127825893,"length_m":5.12}},{"type":"Feature","geometry":{"type":"LineString","coordinates":[[-6.2524118,53.3510339],[-6.252499,53.3510654]]},"properties":{"highway":"cycleway","surface":"asphalt","osm_type":"way","osm_id":1127825894,"length_m":6.77}},{"type":"Feature","geometry":{"type":"LineString","coordinates":[[-6.2135476,53.3411216],[-6.2137047,53.3412164]]},"properties":{"bicycle":"designated","cycleway":"sidewalk","foot":"designated","highway":"cycleway","segregated":"no","surface":"concrete","osm_type":"way","osm_id":1136238799,"length_m":16.79}},{"type":"Feature","geometry":{"type":"LineString","coordinates":[[-6.2275992,53.3639924],[-6.228403,53.3640918],[-6.2310852,53.363248]]},"properties":{"bicycle":"designated","foot":"designated","highway":"cycleway","surface":"concrete","osm_type":"way","osm_id":1136289563,"length_m":255.68}},{"type":"Feature","geometry":{"type":"LineString","coordinates":[[-6.2656502,53.3226472],[-6.2655709,53.3226001]]},"properties":{"highway":"cycleway","oneway":"yes","surface":"asphalt","osm_type":"way","osm_id":1137888661,"length_m":8.12}},{"type":"Feature","geometry":{"type":"LineString","coordinates":[[-6.2513245,53.3345832],[-6.2512287,53.3345489]]},"properties":{"highway":"cycleway","osm_type":"way","osm_id":1138377789,"length_m":7.42}},{"type":"Feature","geometry":{"type":"LineString","coordinates":[[-6.2484402,53.3373883],[-6.2485329,53.3374205]]},"properties":{"highway":"cycleway","oneway":"yes","surface":"asphalt","osm_type":"way","osm_id":1138381351,"length_m":7.12}},{"type":"Feature","geometry":{"type":"LineString","coordinates":[[-6.2482927,53.3375356],[-6.248383,53.3375664]]},"properties":{"highway":"cycleway","surface":"asphalt","osm_type":"way","osm_id":1138381355,"length_m":6.9}},{"type":"Feature","geometry":{"type":"LineString","coordinates":[[-6.2960545,53.3607482],[-6.2948774,53.3603112]]},"properties":{"cycleway":"lane","highway":"secondary","lane_markings":"yes","lanes":"2","lit":"yes","logainm:ref":"1383187","logainm:url":"https://www.logainm.ie/1383187.aspx","maxspeed":"50","name":"Old Cabra Road","name:en":"Old Cabra Road","name:ga":"Seanbh\u00f3thar na Cabra\u00ed","ref":"R805","surface":"asphalt","osm_type":"way","osm_id":1138508583,"length_m":92.04}},{"type":"Feature","geometry":{"type":"LineString","coordinates":[[-6.2410752,53.3474311],[-6.2410528,53.3474813]]},"properties":{"highway":"cycleway","incline":"0%","lit":"yes","oneway":"no","surface":"asphalt","width":"3.5","osm_type":"way","osm_id":1149707131,"length_m":5.96}},{"type":"Feature","geometry":{"type":"LineString","coordinates":[[-6.2595629,53.3613758],[-6.2595803,53.3613535]]},"properties":{"cycleway":"sidewalk","foot":"yes","highway":"cycleway","lit":"yes","segregated":"no","surface":"paving_stones","osm_type":"way","osm_id":1149707133,"length_m":2.74}},{"type":"Feature","geometry":{"type":"LineString","coordinates":[[-6.2852991,53.3470898],[-6.2838901,53.3470358]]},"properties":{"highway":"cycleway","name":"Sarsfield Quay","name:en":"Sarsfield Quay","name:ga":"C\u00e9 Sairs\u00e9al","oneway":"yes","surface":"asphalt","osm_type":"way","osm_id":1153303103,"length_m":93.73}},{"type":"Feature","geometry":{"type":"LineString","coordinates":[[-6.2183652,53.3568672],[-6.2136673,53.3566931],[-6.2107222,53.356477],[-6.210982,53.3536572],[-6.2043938,53.3532664],[-6.1966829,53.3532185],[-6.1959083,53.3530852],[-6.1958137,53.3529331],[-6.1959944,53.3522553],[-6.1959824,53.3507266]]},"properties":{"bicycle":"designated","foot":"designated","highway":"cycleway","name":"Tolka Estuary Greenway","oneway":"no","segregated":"no","smoothness":"good","surface":"asphalt","osm_type":"way","osm_id":1159743830,"length_m":2102.35}},{"type":"Feature","geometry":{"type":"LineString","coordinates":[[-6.2021379,53.3532224],[-6.2021424,53.3531202]]},"properties":{"bicycle":"designated","foot":"designated","highway":"cycleway","surface":"asphalt","osm_type":"way","osm_id":1159786226,"length_m":11.37}},{"type":"Feature","geometry":{"type":"LineString","coordinates":[[-6.1967259,53.3511451],[-6.196657,53.3511611]]},"properties":{"highway":"cycleway","lit":"yes","oneway":"no","smoothness":"good","surface":"asphalt","osm_type":"way","osm_id":1159791771,"length_m":4.91}},{"type":"Feature","geometry":{"type":"LineString","coordinates":[[-6.1959696,53.3503412],[-6.1959216,53.3503734]]},"properties":{"bicycle":"designated","cycleway":"link","foot":"designated","highway":"cycleway","oneway":"no","segregated":"no","surface":"concrete","osm_type":"way","osm_id":1159802556,"length_m":4.79}},{"type":"Feature","geometry":{"type":"LineString","coordinates":[[-6.2020756,53.3518119],[-6.202077,53.3516554]]},"properties":{"cycleway:surface":"asphalt","highway":"cycleway","oneway":"no","segregated":"yes","surface":"asphalt","osm_type":"way","osm_id":1159816602,"length_m":17.4}},{"type":"Feature","geometry":{"type":"LineString","coordinates":[[-6.2247185,53.351254],[-6.2197376,53.3510337]]},"properties":{"highway":"cycleway","oneway":"no","surface":"paved","osm_type":"way","osm_id":1159816616,"length_m":331.52}},{"type":"Feature","geometry":{"type":"LineString","coordinates":[[-6.2257982,53.3510461],[-6.2267036,53.3497459]]},"properties":{"cycleway":"sidewalk","cycleway:surface":"concrete","footway:surface":"concrete","highway":"cycleway","lit":"yes","oneway":"yes","segregated":"yes","surface":"concrete","osm_type":"way","osm_id":1159826830,"length_m":156.6}},{"type":"Feature","geometry":{"type":"LineString","coordinates":[[-6.22674,53.3496557],[-6.2269723,53.3480848]]},"properties":{"cycleway":"sidewalk","cycleway:surface":"concrete","footway:surface":"concrete","highway":"cycleway","oneway":"yes","segregated":"yes","surface":"concrete","osm_type":"way","osm_id":1159826834,"length_m":175.36}},{"type":"Feature","geometry":{"type":"LineString","coordinates":[[-6.22674,53.3496557],[-6.2268069,53.3496726]]},"properties":{"highway":"cycleway","osm_type":"way","osm_id":1159826835,"length_m":4.82}},{"type":"Feature","geometry":{"type":"LineString","coordinates":[[-6.2269723,53.3480848],[-6.2270884,53.3480004]]},"properties":{"highway":"cycleway","oneway":"yes","sidewalk":"left","surface":"asphalt","osm_type":"way","osm_id":1159826836,"length_m":12.14}},{"type":"Feature","geometry":{"type":"LineString","coordinates":[[-6.2250212,53.3522007],[-6.2250109,53.352144]]},"properties":{"highway":"cycleway","oneway":"yes","sidewalk":"left","surface":"asphalt","osm_type":"way","osm_id":1160103280,"length_m":6.71}},{"type":"Feature","geometry":{"type":"LineString","coordinates":[[-6.2250109,53.352144],[-6.2254084,53.3515913]]},"properties":{"check_date:cycleway:surface":"2024-10-27","cycleway":"sidewalk","cycleway:surface":"concrete","footway:surface":"concrete","highway":"cycleway","oneway":"yes","segregated":"yes","surface":"concrete","osm_type":"way","osm_id":1160103282,"length_m":66.89}},{"type":"Feature","geometry":{"type":"LineString","coordinates":[[-6.2261495,53.3511935],[-6.225998,53.351412]]},"properties":{"cycleway":"sidewalk","highway":"cycleway","lit":"yes","segregated":"no","smoothness":"intermediate","surface":"concrete","osm_type":"way","osm_id":1160103292,"length_m":26.3}},{"type":"Feature","geometry":{"type":"LineString","coordinates":[[-6.2252989,53.3526441],[-6.2253469,53.3527258]]},"properties":{"highway":"cycleway","lit":"yes","oneway":"yes","sidewalk":"left","surface":"asphalt","osm_type":"way","osm_id":1160103562,"length_m":9.86}},{"type":"Feature","geometry":{"type":"LineString","coordinates":[[-6.2267426,53.3418641],[-6.2269696,53.3418531]]},"properties":{"cycleway":"lane","highway":"secondary","lane_markings":"yes","lanes":"2","lit":"yes","logainm:ref":"No entry","logainm:url":"No entry","maxspeed":"50","name":"Thomas Street","name:en":"Thomas Street","not:name":"Bridge Street","not:name:en":"Bridge Street","not:name:ga":"Sr\u00e1id An Droicid","ref":"R802","surface":"asphalt","osm_type":"way","osm_id":1163514508,"length_m":15.18}},{"type":"Feature","geometry":{"type":"LineString","coordinates":[[-6.1681191,53.4074307],[-6.1696545,53.4071056]]},"properties":{"bicycle":"designated","foot":"designated","highway":"cycleway","oneway":"yes","segregated":"yes","surface":"asphalt","osm_type":"way","osm_id":1167500088,"length_m":108.0}},{"type":"Feature","geometry":{"type":"LineString","coordinates":[[-6.2331129,53.3194457],[-6.2329443,53.3195099]]},"properties":{"cycleway":"lane","highway":"secondary","lanes":"2","lit":"yes","logainm:ref":"1380584","logainm:url":"https://www.logainm.ie/1380584.aspx","maxspeed":"50","name":"Eglinton Road","name:en":"Eglinton Road","name:ga":"B\u00f3thar Eglinton","ref":"R824","surface":"asphalt","osm_type":"way","osm_id":1169396881,"length_m":13.28}},{"type":"Feature","geometry":{"type":"LineString","coordinates":[[-6.2445852,53.3277124],[-6.2444688,53.3276479]]},"properties":{"alt_name:ga":"B\u00f3thar Morehampton","cycleway":"lane","highway":"secondary","incline":"up","lane_markings":"yes","lanes":"4","lit":"yes","logainm:ref":"1380756","logainm:url":"https://www.logainm.ie/1380756.aspx","maxspeed":"50","name":"Morehampton Road","name:en":"Morehampton Road","name:ga":"B\u00f3thar M\u00f3ramton","ref":"R138","surface":"asphalt","osm_type":"way","osm_id":1169400682,"length_m":10.54}},{"type":"Feature","geometry":{"type":"LineString","coordinates":[[-6.2348387,53.3317275],[-6.2327505,53.3300276]]},"properties":{"alt_name:ga":"B\u00f3thar Pheambr\u00f3g","cycleway":"lane","highway":"secondary","lane_markings":"yes","lanes":"5","lit":"yes","logainm:ref":"1380868","logainm:url":"https://www.logainm.ie/1380868.aspx","maxspeed":"50","name":"Pembroke Road","name:en":"Pembroke Road","name:ga":"B\u00f3thar Pembr\u00f3c","ref":"R118","sidewalk":"both","sidewalk:both":"separate","sidewalk:both:surface":"concrete","surface":"asphalt","osm_type":"way","osm_id":1169423109,"length_m":234.45}},{"type":"Feature","geometry":{"type":"LineString","coordinates":[[-6.307965,53.3200948],[-6.3073553,53.3193669]]},"properties":{"bicycle":"designated","foot":"designated","highway":"cycleway","oneway":"yes","osm_type":"way","osm_id":1177219222,"length_m":90.51}},{"type":"Feature","geometry":{"type":"LineString","coordinates":[[-6.3080876,53.3200641],[-6.307965,53.3200948]]},"properties":{"bicycle":"designated","cycleway":"crossing","foot":"designated","highway":"cycleway","oneway":"yes","osm_type":"way","osm_id":1177219223,"length_m":8.83}},{"type":"Feature","geometry":{"type":"LineString","coordinates":[[-6.3072192,53.319242],[-6.3070362,53.3190887]]},"properties":{"bicycle":"designated","foot":"designated","highway":"cycleway","oneway":"yes","osm_type":"way","osm_id":1177219224,"length_m":20.94}},{"type":"Feature","geometry":{"type":"LineString","coordinates":[[-6.3073553,53.3193669],[-6.3072192,53.319242]]},"properties":{"bicycle":"designated","cycleway":"crossing","foot":"designated","highway":"cycleway","oneway":"yes","osm_type":"way","osm_id":1177219225,"length_m":16.57}},{"type":"Feature","geometry":{"type":"LineString","coordinates":[[-6.3070362,53.3190887],[-6.3068453,53.3189278]]},"properties":{"bicycle":"designated","cycleway":"crossing","foot":"designated","highway":"cycleway","oneway":"yes","osm_type":"way","osm_id":1177219226,"length_m":21.93}},{"type":"Feature","geometry":{"type":"LineString","coordinates":[[-6.3066133,53.3185932],[-6.3070998,53.3189956]]},"properties":{"bicycle":"designated","foot":"designated","highway":"cycleway","oneway":"yes","osm_type":"way","osm_id":1177219227,"length_m":55.19}},{"type":"Feature","geometry":{"type":"LineString","coordinates":[[-6.3070998,53.3189956],[-6.3072825,53.3191499]]},"properties":{"bicycle":"designated","cycleway":"crossing","foot":"designated","highway":"cycleway","oneway":"yes","osm_type":"way","osm_id":1177219228,"length_m":21.02}},{"type":"Feature","geometry":{"type":"LineString","coordinates":[[-6.3065,53.3186324],[-6.3066133,53.3185932]]},"properties":{"bicycle":"designated","cycleway":"crossing","foot":"designated","highway":"cycleway","oneway":"yes","osm_type":"way","osm_id":1177219229,"length_m":8.7}},{"type":"Feature","geometry":{"type":"LineString","coordinates":[[-6.2702809,53.3406055],[-6.2702154,53.3406033]]},"properties":{"highway":"cycleway","lit":"yes","oneway":"yes","smoothness":"good","surface":"asphalt","width":"1","osm_type":"way","osm_id":1177253844,"length_m":4.36}},{"type":"Feature","geometry":{"type":"LineString","coordinates":[[-6.2702154,53.3406033],[-6.2701856,53.3405866]]},"properties":{"highway":"cycleway","lit":"yes","oneway":"yes","smoothness":"good","surface":"asphalt","width":"1","osm_type":"way","osm_id":1177253845,"length_m":2.71}},{"type":"Feature","geometry":{"type":"LineString","coordinates":[[-6.2721822,53.3455232],[-6.2716911,53.3455536]]},"properties":{"highway":"cycleway","lit":"yes","name":"Inns Quay","name:en":"Inns Quay","name:ga":"C\u00e9 na n\u00d3sta\u00ed","oneway":"yes","smoothness":"excellent","surface":"paving_stones","width":"1.5","osm_type":"way","osm_id":1177263846,"length_m":32.77}},{"type":"Feature","geometry":{"type":"LineString","coordinates":[[-6.2610243,53.347088],[-6.2610363,53.3471379]]},"properties":{"highway":"cycleway","lit":"yes","name":"Bachelors Walk","name:ga":"Si\u00fal\u00e1n Bhaitsil\u00e9ir","oneway":"yes","surface":"asphalt","osm_type":"way","osm_id":1177414099,"length_m":5.61}},{"type":"Feature","geometry":{"type":"LineString","coordinates":[[-6.2722029,53.3449819],[-6.2758865,53.3452473]]},"properties":{"highway":"cycleway","lit":"yes","name":"Merchant's Quay","name:en":"Merchant's Quay","name:ga":"C\u00e9 Na gCeannaithe","oneway":"yes","smoothness":"excellent","surface":"asphalt","osm_type":"way","osm_id":1177414101,"length_m":248.22}},{"type":"Feature","geometry":{"type":"LineString","coordinates":[[-6.2911227,53.3469599],[-6.2910853,53.3470663]]},"properties":{"crossing":"traffic_signals","cycleway":"crossing","highway":"cycleway","lit":"yes","name":"Frank Sherwin Bridge","name:en":"Frank Sherwin Bridge","name:ga":"Droichead Phroinsias U\u00ed Shearbh\u00e1in","oneway":"yes","surface":"asphalt","osm_type":"way","osm_id":1177414102,"length_m":12.65}},{"type":"Feature","geometry":{"type":"LineString","coordinates":[[-6.2838901,53.3470358],[-6.283626,53.3470133]]},"properties":{"highway":"cycleway","name":"Ellis Quay","name:en":"Ellis Quay","name:ga":"C\u00e9 Eilis","oneway":"yes","surface":"asphalt","osm_type":"way","osm_id":1177414106,"length_m":17.71}},{"type":"Feature","geometry":{"type":"LineString","coordinates":[[-6.2301332,53.3592104],[-6.2300305,53.3591515]]},"properties":{"bicycle":"designated","foot":"designated","highway":"cycleway","segregated":"no","surface":"asphalt","osm_type":"way","osm_id":1183522413,"length_m":9.62}},{"type":"Feature","geometry":{"type":"LineString","coordinates":[[-6.2300931,53.35907],[-6.2300439,53.3590352]]},"properties":{"bicycle":"designated","foot":"designated","highway":"cycleway","segregated":"no","surface":"asphalt","osm_type":"way","osm_id":1183522415,"length_m":6.92}},{"type":"Feature","geometry":{"type":"LineString","coordinates":[[-6.2266677,53.3498013],[-6.226752,53.3498092]]},"properties":{"highway":"cycleway","surface":"asphalt","osm_type":"way","osm_id":1184114968,"length_m":5.66}},{"type":"Feature","geometry":{"type":"LineString","coordinates":[[-6.2443716,53.3828992],[-6.244557,53.3830439]]},"properties":{"foot":"no","highway":"cycleway","oneway":"yes","smoothness":"good","surface":"concrete","osm_type":"way","osm_id":1184304421,"length_m":20.29}},{"type":"Feature","geometry":{"type":"LineString","coordinates":[[-6.1611413,53.407281],[-6.1602883,53.4074889],[-6.1590384,53.4076008],[-6.158797,53.4075464],[-6.1584591,53.407233],[-6.158679,53.406021],[-6.1585074,53.4052599],[-6.1585556,53.4046555],[-6.1584376,53.4037249],[-6.1586254,53.4033986],[-6.1595793,53.4032638]]},"properties":{"foot":"yes","highway":"cycleway","osm_type":"way","osm_id":1188033867,"length_m":702.13}},{"type":"Feature","geometry":{"type":"LineString","coordinates":[[-6.1595793,53.4032638],[-6.1601397,53.4032076]]},"properties":{"bridge":"yes","foot":"yes","highway":"cycleway","layer":"1","osm_type":"way","osm_id":1188033868,"length_m":37.67}},{"type":"Feature","geometry":{"type":"LineString","coordinates":[[-6.2407839,53.3489626],[-6.240867,53.3488709]]},"properties":{"bicycle":"designated","cycleway":"sidewalk","foot":"designated","highway":"cycleway","incline":"0%","lit":"yes","oneway":"no","segregated":"no","surface":"paving_stones","osm_type":"way","osm_id":1189823087,"length_m":11.99}},{"type":"Feature","geometry":{"type":"LineString","coordinates":[[-6.3235994,53.3574254],[-6.3212254,53.3578978]]},"properties":{"bicycle":"designated","cycleway:surface":"asphalt","foot":"designated","highway":"cycleway","segregated":"yes","surface":"asphalt","width":"2","osm_type":"way","osm_id":1193602957,"length_m":166.84}},{"type":"Feature","geometry":{"type":"LineString","coordinates":[[-6.3212254,53.3578978],[-6.3209002,53.3580688]]},"properties":{"bicycle":"designated","cycleway:surface":"asphalt","foot":"no","highway":"cycleway","segregated":"yes","surface":"asphalt","width":"2","osm_type":"way","osm_id":1193602959,"length_m":29.16}},{"type":"Feature","geometry":{"type":"LineString","coordinates":[[-6.3235994,53.3574254],[-6.3251731,53.3571277]]},"properties":{"highway":"cycleway","osm_type":"way","osm_id":1193602960,"length_m":110.87}},{"type":"Feature","geometry":{"type":"LineString","coordinates":[[-6.3365995,53.3321786],[-6.3364689,53.3321153]]},"properties":{"bicycle":"designated","foot":"designated","highway":"cycleway","lit":"yes","segregated":"no","surface":"concrete","osm_type":"way","osm_id":1206496021,"length_m":11.17}},{"type":"Feature","geometry":{"type":"LineString","coordinates":[[-6.3363444,53.3323329],[-6.3362362,53.3322597]]},"properties":{"bicycle":"designated","foot":"designated","highway":"cycleway","lit":"yes","segregated":"no","surface":"concrete","osm_type":"way","osm_id":1206496022,"length_m":10.86}},{"type":"Feature","geometry":{"type":"LineString","coordinates":[[-6.3368127,53.3319996],[-6.3366496,53.3319476]]},"properties":{"bicycle":"designated","foot":"designated","highway":"cycleway","lit":"yes","segregated":"no","surface":"concrete","osm_type":"way","osm_id":1206496023,"length_m":12.28}},{"type":"Feature","geometry":{"type":"LineString","coordinates":[[-6.3340607,53.3311819],[-6.3342011,53.3312321]]},"properties":{"bicycle":"designated","foot":"designated","highway":"cycleway","lit":"yes","logainm:ref":"1380667","logainm:url":"https://www.logainm.ie/1380667.aspx","name":"Huband Road","name:en":"Huband Road","name:ga":"B\u00f3thar Huband","segregated":"no","surface":"concrete","osm_type":"way","osm_id":1206496031,"length_m":10.87}},{"type":"Feature","geometry":{"type":"LineString","coordinates":[[-6.2691735,53.4053026],[-6.2693022,53.4063275],[-6.269475,53.4063673],[-6.2825428,53.4057994],[-6.2842626,53.4059692]]},"properties":{"bicycle":"designated","cycleway:surface":"asphalt","foot":"designated","footway:surface":"concrete","highway":"cycleway","lit":"yes","oneway":"yes","segregated":"yes","surface":"paved","osm_type":"way","osm_id":1208837188,"length_m":1113.94}},{"type":"Feature","geometry":{"type":"LineString","coordinates":[[-6.2012809,53.3120913],[-6.2011553,53.3120739],[-6.2006376,53.3115091]]},"properties":{"highway":"cycleway","oneway":"yes","sidewalk":"left","surface":"asphalt","osm_type":"way","osm_id":1208908720,"length_m":80.29}},{"type":"Feature","geometry":{"type":"LineString","coordinates":[[-6.2831733,53.4041672],[-6.284308,53.4052091],[-6.284393,53.4055575],[-6.2842626,53.4059692]]},"properties":{"bicycle":"designated","cycleway:surface":"asphalt","foot":"designated","footway:surface":"concrete","highway":"cycleway","lit":"yes","oneway":"yes","segregated":"yes","surface":"paved","osm_type":"way","osm_id":1209307926,"length_m":224.5}},{"type":"Feature","geometry":{"type":"LineString","coordinates":[[-6.282453,53.4036655],[-6.2831733,53.4041672]]},"properties":{"highway":"cycleway","oneway":"yes","surface":"asphalt","osm_type":"way","osm_id":1209307927,"length_m":73.46}},{"type":"Feature","geometry":{"type":"LineString","coordinates":[[-6.2842626,53.4059692],[-6.2854397,53.4061157],[-6.2876309,53.4061248],[-6.2913153,53.4066283]]},"properties":{"bicycle":"designated","cycleway:surface":"asphalt","foot":"designated","footway:surface":"concrete","highway":"cycleway","lit":"yes","oneway":"yes","segregated":"yes","surface":"paved","osm_type":"way","osm_id":1209307928,"length_m":477.9}},{"type":"Feature","geometry":{"type":"LineString","coordinates":[[-6.2917058,53.406506],[-6.2917353,53.4052434],[-6.291406,53.4041726]]},"properties":{"bicycle":"designated","cycleway:surface":"asphalt","foot":"designated","footway:surface":"concrete","highway":"cycleway","lit":"yes","oneway":"yes","segregated":"yes","surface":"paved","osm_type":"way","osm_id":1209307929,"length_m":262.61}},{"type":"Feature","geometry":{"type":"LineString","coordinates":[[-6.291406,53.4041726],[-6.2914758,53.4019512]]},"properties":{"cycleway:surface":"asphalt","footway:surface":"asphalt","highway":"cycleway","lit":"yes","oneway":"yes","segregated":"no","surface":"paved","osm_type":"way","osm_id":1209307930,"length_m":247.1}},{"type":"Feature","geometry":{"type":"LineString","coordinates":[[-6.2483354,53.3453859],[-6.249065,53.3442976],[-6.2491509,53.3442872]]},"properties":{"highway":"cycleway","lit":"yes","name":"Lombard Street East","name:en":"Lombard Street East","name:ga":"Sr\u00e1id Lombaird Thoir","oneway":"yes","surface":"asphalt","osm_type":"way","osm_id":1209444756,"length_m":138.0}},{"type":"Feature","geometry":{"type":"LineString","coordinates":[[-6.2488433,53.3447704],[-6.2487877,53.3447585]]},"properties":{"highway":"cycleway","oneway":"no","surface":"asphalt","osm_type":"way","osm_id":1209886467,"length_m":3.92}},{"type":"Feature","geometry":{"type":"LineString","coordinates":[[-6.2573813,53.3427849],[-6.2575097,53.3428856]]},"properties":{"highway":"cycleway","logainm:ref":"1383555","logainm:url":"https://www.logainm.ie/1383555.aspx","name":"Nassau Street","name:en":"Nassau Street","name:ga":"Sr\u00e1id Thobar Ph\u00e1draig","oneway":"no","sidewalk":"separate","surface":"asphalt","osm_type":"way","osm_id":1212637841,"length_m":14.13}},{"type":"Feature","geometry":{"type":"LineString","coordinates":[[-6.2479739,53.3464374],[-6.2479954,53.3465662]]},"properties":{"highway":"cycleway","lit":"yes","name":"Lombard Street East","name:en":"Lombard Street East","name:ga":"Sr\u00e1id Lombaird Thoir","oneway":"yes","sidewalk":"left","surface":"asphalt","osm_type":"way","osm_id":1212646363,"length_m":14.94}},{"type":"Feature","geometry":{"type":"LineString","coordinates":[[-6.247851,53.3467546],[-6.2478624,53.3467231]]},"properties":{"highway":"cycleway","lit":"yes","segregated":"no","surface":"paving_stones","osm_type":"way","osm_id":1212646365,"length_m":3.58}},{"type":"Feature","geometry":{"type":"LineString","coordinates":[[-6.2478916,53.3467118],[-6.2478624,53.3467231]]},"properties":{"highway":"cycleway","lit":"yes","segregated":"no","surface":"paving_stones","osm_type":"way","osm_id":1212646366,"length_m":2.31}},{"type":"Feature","geometry":{"type":"LineString","coordinates":[[-6.2412873,53.3462769],[-6.2411605,53.3463075]]},"properties":{"bicycle":"designated","crossing":"marked","cycleway":"crossing","foot":"designated","highway":"cycleway","lit":"yes","oneway":"no","segregated":"no","smoothness":"excellent","surface":"asphalt","tactile_paving":"yes","osm_type":"way","osm_id":1212647591,"length_m":9.08}},{"type":"Feature","geometry":{"type":"LineString","coordinates":[[-6.2413391,53.3462704],[-6.2412873,53.3462769]]},"properties":{"bicycle":"designated","foot":"designated","highway":"cycleway","lit":"yes","oneway":"no","segregated":"no","smoothness":"excellent","surface":"paving_stones","osm_type":"way","osm_id":1212647592,"length_m":3.52}},{"type":"Feature","geometry":{"type":"LineString","coordinates":[[-6.2411605,53.3463075],[-6.2411498,53.3463181]]},"properties":{"bicycle":"designated","foot":"designated","highway":"cycleway","lit":"yes","oneway":"no","segregated":"no","smoothness":"excellent","surface":"concrete","osm_type":"way","osm_id":1212647593,"length_m":1.38}},{"type":"Feature","geometry":{"type":"LineString","coordinates":[[-6.2412272,53.3463425],[-6.2411498,53.3463181]]},"properties":{"bicycle":"designated","foot":"yes","highway":"cycleway","lit":"yes","oneway":"no","segregated":"no","surface":"asphalt","osm_type":"way","osm_id":1212647594,"length_m":5.91}},{"type":"Feature","geometry":{"type":"LineString","coordinates":[[-6.2412378,53.3464369],[-6.2412272,53.3463425]]},"properties":{"bicycle":"designated","bridge":"movable","bridge:movable":"swing","bridge:structure":"cable-stayed","foot":"designated","highway":"cycleway","layer":"1","lit":"yes","logainm:ref":"1381803","logainm:url":"https://www.logainm.ie/1381803.aspx","name":"Samuel Beckett Bridge","name:en":"Samuel Beckett Bridge","name:ga":"Droichead Samuel Beckett","old_name":"Macken Street Bridge","oneway":"no","segregated":"no","start_date":"2009","surface":"concrete","wikidata":"Q1193916","wikimedia_commons":"Category:Samuel Beckett Bridge","wikipedia":"en:Samuel Beckett Bridge","osm_type":"way","osm_id":1212647595,"length_m":10.52}},{"type":"Feature","geometry":{"type":"LineString","coordinates":[[-6.2411068,53.3463079],[-6.2410619,53.3463051]]},"properties":{"bicycle":"designated","foot":"yes","highway":"cycleway","lit":"yes","oneway":"no","segregated":"no","surface":"paving_stones","osm_type":"way","osm_id":1212647654,"length_m":3.0}},{"type":"Feature","geometry":{"type":"LineString","coordinates":[[-6.2609067,53.3444124],[-6.2607197,53.3444775]]},"properties":{"highway":"cycleway","lit":"yes","oneway":"yes","surface":"asphalt","osm_type":"way","osm_id":1214064551,"length_m":15.24}},{"type":"Feature","geometry":{"type":"LineString","coordinates":[[-6.2607197,53.3444775],[-6.2606932,53.3442901]]},"properties":{"highway":"cycleway","lit":"yes","oneway":"yes","surface":"asphalt","osm_type":"way","osm_id":1214064552,"length_m":20.91}},{"type":"Feature","geometry":{"type":"LineString","coordinates":[[-6.248902,53.3096756],[-6.2484587,53.3100657]]},"properties":{"cycleway":"lane","highway":"secondary","lane_markings":"yes","lanes":"2","lit":"yes","logainm:ref":"1380330","logainm:url":"https://www.logainm.ie/1380330.aspx","maxspeed":"50","name":"Milltown Road","name:en":"Milltown Road","name:ga":"B\u00f3thar Bhaile An Mhuilinn","ref":"R820","sidewalk":"both","surface":"asphalt","osm_type":"way","osm_id":1214917029,"length_m":52.61}},{"type":"Feature","geometry":{"type":"LineString","coordinates":[[-6.3083386,53.3480186],[-6.3083172,53.3474635]]},"properties":{"cycleway":"track","highway":"secondary","lane_markings":"yes","lanes":"2","lit":"yes","logainm:ref":"1379353","logainm:url":"https://www.logainm.ie/1379353.aspx","maxspeed":"50","name":"South Circular Road","name:en":"South Circular Road","name:ga":"Cuarb\u00f3thar Theas","oneway":"no","ref":"R111","surface":"asphalt","osm_type":"way","osm_id":1219010948,"length_m":61.74}},{"type":"Feature","geometry":{"type":"LineString","coordinates":[[-6.2482588,53.3104155],[-6.2481849,53.3106468]]},"properties":{"cycleway":"lane","highway":"secondary","lane_markings":"yes","lanes":"2","lit":"yes","logainm:ref":"1380330","logainm:url":"https://www.logainm.ie/1380330.aspx","maxspeed":"50","name":"Milltown Road","name:en":"Milltown Road","name:ga":"B\u00f3thar Bhaile An Mhuilinn","ref":"R820","sidewalk":"both","surface":"asphalt","osm_type":"way","osm_id":1229548350,"length_m":26.19}},{"type":"Feature","geometry":{"type":"LineString","coordinates":[[-6.2259228,53.3149546],[-6.2258092,53.3150409]]},"properties":{"bicycle":"designated","crossing":"traffic_signals","cycleway":"crossing","foot":"designated","highway":"cycleway","lit":"yes","surface":"asphalt","tactile_paving":"yes","osm_type":"way","osm_id":1230441381,"length_m":12.21}},{"type":"Feature","geometry":{"type":"LineString","coordinates":[[-6.2260162,53.3147813],[-6.2258733,53.314896]]},"properties":{"bicycle":"designated","crossing":"traffic_signals","cycleway":"crossing","foot":"designated","highway":"cycleway","lit":"yes","surface":"asphalt","tactile_paving":"yes","osm_type":"way","osm_id":1230441387,"length_m":15.9}},{"type":"Feature","geometry":{"type":"LineString","coordinates":[[-6.2259739,53.3151779],[-6.2258597,53.3151281]]},"properties":{"bicycle":"designated","crossing":"traffic_signals","cycleway":"crossing","foot":"designated","highway":"cycleway","lit":"yes","surface":"asphalt","tactile_paving":"yes","osm_type":"way","osm_id":1230441390,"length_m":9.39}},{"type":"Feature","geometry":{"type":"LineString","coordinates":[[-6.328089,53.3375858],[-6.3287784,53.3375741],[-6.328894,53.3373653],[-6.3288847,53.3371298],[-6.3278013,53.3367496],[-6.3267431,53.3365126],[-6.326282,53.3370659]]},"properties":{"bicycle":"private","foot":"private","highway":"cycleway","incline":"0%","surface":"asphalt","width":"2","osm_type":"way","osm_id":1231386283,"length_m":326.73}},{"type":"Feature","geometry":{"type":"LineString","coordinates":[[-6.2613568,53.3519705],[-6.2615601,53.3523879]]},"properties":{"highway":"cycleway","lanes":"2","lit":"yes","oneway":"yes","surface":"asphalt","width":"1","osm_type":"way","osm_id":1232656991,"length_m":48.37}},{"type":"Feature","geometry":{"type":"LineString","coordinates":[[-6.2633175,53.3542734],[-6.2634527,53.3544599]]},"properties":{"highway":"cycleway","oneway":"yes","sidewalk:left":"separate","sidewalk:right":"no","surface":"asphalt","width":"1","osm_type":"way","osm_id":1232658004,"length_m":23.89}},{"type":"Feature","geometry":{"type":"LineString","coordinates":[[-6.2217113,53.3629497],[-6.2217741,53.3630106]]},"properties":{"bicycle":"designated","foot":"designated","highway":"cycleway","oneway":"no","segregated":"no","surface":"paving_stones","osm_type":"way","osm_id":1239002857,"length_m":8.0}},{"type":"Feature","geometry":{"type":"LineString","coordinates":[[-6.2218559,53.3630182],[-6.2222116,53.3631088]]},"properties":{"crossing":"marked","crossing:markings":"yes","cycleway":"crossing","foot":"no","highway":"cycleway","oneway":"yes","surface":"asphalt","osm_type":"way","osm_id":1239002859,"length_m":25.78}},{"type":"Feature","geometry":{"type":"LineString","coordinates":[[-6.2217741,53.3630106],[-6.2218559,53.3630182]]},"properties":{"foot":"no","highway":"cycleway","oneway":"yes","surface":"asphalt","osm_type":"way","osm_id":1239002860,"length_m":5.49}},{"type":"Feature","geometry":{"type":"LineString","coordinates":[[-6.2217712,53.363032],[-6.2217741,53.3630106]]},"properties":{"foot":"no","highway":"cycleway","surface":"asphalt","osm_type":"way","osm_id":1239002861,"length_m":2.39}},{"type":"Feature","geometry":{"type":"LineString","coordinates":[[-6.2222116,53.3631088],[-6.2234615,53.3633632]]},"properties":{"highway":"cycleway","name":"Clontarf Road","name:en":"Clontarf Road","name:ga":"B\u00f3thar Chluain Tarbh","oneway":"yes","surface":"asphalt","osm_type":"way","osm_id":1239002868,"length_m":87.63}},{"type":"Feature","geometry":{"type":"LineString","coordinates":[[-6.2274659,53.3639851],[-6.227592,53.3640155]]},"properties":{"highway":"cycleway","segregated":"no","surface":"paving_stones","osm_type":"way","osm_id":1239002869,"length_m":11.76}},{"type":"Feature","geometry":{"type":"LineString","coordinates":[[-6.2275466,53.3641982],[-6.227592,53.3640155]]},"properties":{"crossing":"marked","cycleway":"crossing","foot":"yes","highway":"cycleway","segregated":"no","surface":"asphalt","osm_type":"way","osm_id":1239002870,"length_m":20.54}},{"type":"Feature","geometry":{"type":"LineString","coordinates":[[-6.227376,53.3640041],[-6.2274308,53.363991]]},"properties":{"highway":"cycleway","oneway":"yes","sidewalk":"left","surface":"asphalt","osm_type":"way","osm_id":1239002871,"length_m":4.04}},{"type":"Feature","geometry":{"type":"LineString","coordinates":[[-6.2279884,53.3641653],[-6.2281545,53.3641105]]},"properties":{"highway":"cycleway","oneway":"yes","surface":"asphalt","osm_type":"way","osm_id":1239002872,"length_m":12.59}},{"type":"Feature","geometry":{"type":"LineString","coordinates":[[-6.2295465,53.3642412],[-6.2307262,53.3642333],[-6.2317234,53.3640903],[-6.2336684,53.3635375]]},"properties":{"highway":"cycleway","name":"Fairview","name:en":"Fairview","name:ga":"Fionnradharc","oneway":"yes","surface":"asphalt","width":"1","osm_type":"way","osm_id":1239002873,"length_m":291.42}},{"type":"Feature","geometry":{"type":"LineString","coordinates":[[-6.2336684,53.3635375],[-6.2337358,53.3634759]]},"properties":{"highway":"cycleway","name":"Fairview","name:en":"Fairview","name:ga":"Fionnradharc","surface":"asphalt","osm_type":"way","osm_id":1239002876,"length_m":8.3}},{"type":"Feature","geometry":{"type":"LineString","coordinates":[[-6.238939,53.3605038],[-6.2395249,53.359903],[-6.2418264,53.35801],[-6.2439261,53.3566594]]},"properties":{"highway":"cycleway","name":"North Strand Road","name:en":"North Strand Road","name:ga":"B\u00f3thar na Tr\u00e1 Thuaidh","oneway":"yes","surface":"asphalt","osm_type":"way","osm_id":1239002877,"length_m":543.71}},{"type":"Feature","geometry":{"type":"LineString","coordinates":[[-6.2384359,53.3609671],[-6.2388082,53.3606364]]},"properties":{"bridge":"yes","cycleway:surface":"asphalt","footway:surface":"paving_stones","highway":"cycleway","layer":"1","oneway":"yes","segregated":"yes","surface":"paved","osm_type":"way","osm_id":1239002878,"length_m":44.87}},{"type":"Feature","geometry":{"type":"LineString","coordinates":[[-6.2388156,53.36061],[-6.238939,53.3605038]]},"properties":{"crossing":"marked","cycleway":"crossing","foot":"no","highway":"cycleway","oneway":"yes","surface":"asphalt","osm_type":"way","osm_id":1239002879,"length_m":14.37}},{"type":"Feature","geometry":{"type":"LineString","coordinates":[[-6.2466315,53.3545982],[-6.2493429,53.3522298],[-6.2495494,53.3519354]]},"properties":{"highway":"cycleway","name":"Amiens Street","name:en":"Amiens Street","name:ga":"Sr\u00e1id Amiens","oneway":"yes","surface":"asphalt","osm_type":"way","osm_id":1239002883,"length_m":355.38}},{"type":"Feature","geometry":{"type":"LineString","coordinates":[[-6.2439261,53.3566594],[-6.2442758,53.3564184]]},"properties":{"bridge":"yes","foot":"no","highway":"cycleway","layer":"1","lit":"yes","oneway":"yes","surface":"asphalt","osm_type":"way","osm_id":1239002884,"length_m":35.45}},{"type":"Feature","geometry":{"type":"LineString","coordinates":[[-6.2442843,53.3564115],[-6.2443016,53.3563653]]},"properties":{"highway":"cycleway","oneway":"yes","surface":"asphalt","osm_type":"way","osm_id":1239002886,"length_m":5.26}},{"type":"Feature","geometry":{"type":"LineString","coordinates":[[-6.2443016,53.3563653],[-6.2443447,53.3563343]]},"properties":{"highway":"cycleway","segregated":"no","surface":"paving_stones","osm_type":"way","osm_id":1239002887,"length_m":4.48}},{"type":"Feature","geometry":{"type":"LineString","coordinates":[[-6.2487771,53.3526909],[-6.2487815,53.3526522]]},"properties":{"highway":"cycleway","oneway":"yes","sidewalk":"left","surface":"asphalt","osm_type":"way","osm_id":1239002889,"length_m":4.31}},{"type":"Feature","geometry":{"type":"LineString","coordinates":[[-6.1497112,53.3821865],[-6.1497657,53.3822098]]},"properties":{"highway":"cycleway","surface":"concrete","width":"1.5","osm_type":"way","osm_id":1239396989,"length_m":5.35}},{"type":"Feature","geometry":{"type":"LineString","coordinates":[[-6.1757683,53.3803324],[-6.1750967,53.3803393]]},"properties":{"cycleway":"lane","highway":"secondary","lane_markings":"yes","lanes":"2","lit":"yes","logainm:ref":"1380376","logainm:url":"https://www.logainm.ie/1380376.aspx","maxspeed":"50","name":"Howth Road","name:en":"Howth Road","name:ga":"B\u00f3thar Bhinn \u00c9adair","ref":"R105","sidewalk:right":"yes","surface":"asphalt","osm_type":"way","osm_id":1239401220,"length_m":44.56}},{"type":"Feature","geometry":{"type":"LineString","coordinates":[[-6.2388082,53.3606364],[-6.2388156,53.36061]]},"properties":{"highway":"cycleway","oneway":"yes","surface":"asphalt","osm_type":"way","osm_id":1239401221,"length_m":2.98}},{"type":"Feature","geometry":{"type":"LineString","coordinates":[[-6.2496991,53.351733],[-6.2499242,53.3513953]]},"properties":{"foot":"no","highway":"cycleway","name":"Amiens Street","name:en":"Amiens Street","name:ga":"Sr\u00e1id Amiens","oneway":"yes","surface":"asphalt","osm_type":"way","osm_id":1239401222,"length_m":40.41}},{"type":"Feature","geometry":{"type":"LineString","coordinates":[[-6.1822442,53.3608047],[-6.1823617,53.3607531]]},"properties":{"bicycle":"designated","crossing":"marked","cycleway":"crossing","foot":"designated","highway":"cycleway","name":"Clontarf Cycle Route","ncn":"yes","ncn_ref":"S2S","oneway":"no","segregated":"no","surface":"asphalt","osm_type":"way","osm_id":1239409186,"length_m":9.68}},{"type":"Feature","geometry":{"type":"LineString","coordinates":[[-6.1822442,53.3608047],[-6.1820593,53.3609184]]},"properties":{"bicycle":"designated","foot":"designated","highway":"cycleway","name":"Clontarf Road","name:en":"Clontarf Road","name:ga":"B\u00f3thar Chluain Tarbh","ncn":"yes","ncn_ref":"S2S","oneway":"no","segregated":"no","surface":"concrete","osm_type":"way","osm_id":1239409187,"length_m":18.04}},{"type":"Feature","geometry":{"type":"LineString","coordinates":[[-6.1783849,53.3628897],[-6.1782916,53.3628396]]},"properties":{"foot":"no","highway":"cycleway","oneway":"no","surface":"asphalt","osm_type":"way","osm_id":1239409188,"length_m":8.33}},{"type":"Feature","geometry":{"type":"LineString","coordinates":[[-6.2061536,53.3601772],[-6.2076577,53.3601312],[-6.2117499,53.3604046]]},"properties":{"bicycle":"designated","highway":"cycleway","oneway":"no","surface":"asphalt","osm_type":"way","osm_id":1239794496,"length_m":373.71}},{"type":"Feature","geometry":{"type":"LineString","coordinates":[[-6.2057999,53.3601917],[-6.2061536,53.3601772]]},"properties":{"bicycle":"designated","foot":"designated","highway":"cycleway","oneway":"no","segregated":"no","surface":"asphalt","osm_type":"way","osm_id":1239794497,"length_m":23.53}},{"type":"Feature","geometry":{"type":"LineString","coordinates":[[-6.2047497,53.3602375],[-6.2057999,53.3601917]]},"properties":{"bicycle":"designated","foot":"designated","highway":"cycleway","oneway":"no","segregated":"yes","surface":"asphalt","osm_type":"way","osm_id":1239794498,"length_m":69.88}},{"type":"Feature","geometry":{"type":"LineString","coordinates":[[-6.204323,53.3602529],[-6.2047497,53.3602375]]},"properties":{"bicycle":"designated","foot":"designated","highway":"cycleway","oneway":"no","segregated":"no","surface":"asphalt","osm_type":"way","osm_id":1239794499,"length_m":28.37}},{"type":"Feature","geometry":{"type":"LineString","coordinates":[[-6.1965643,53.359043],[-6.197021,53.3590293],[-6.198542,53.3593292],[-6.1988866,53.3595201],[-6.2034591,53.3602258],[-6.204323,53.3602529]]},"properties":{"bicycle":"designated","highway":"cycleway","oneway":"no","surface":"asphalt","osm_type":"way","osm_id":1239794500,"length_m":543.22}},{"type":"Feature","geometry":{"type":"LineString","coordinates":[[-6.1958946,53.3587965],[-6.1965643,53.359043]]},"properties":{"bicycle":"designated","foot":"designated","highway":"cycleway","oneway":"no","segregated":"yes","surface":"asphalt","osm_type":"way","osm_id":1239794501,"length_m":52.25}},{"type":"Feature","geometry":{"type":"LineString","coordinates":[[-6.1916987,53.3581437],[-6.1929214,53.358073],[-6.193996,53.3581404],[-6.1950325,53.3583962],[-6.1958946,53.3587965]]},"properties":{"bicycle":"designated","highway":"cycleway","oneway":"no","surface":"asphalt","osm_type":"way","osm_id":1239794502,"length_m":300.68}},{"type":"Feature","geometry":{"type":"LineString","coordinates":[[-6.1916426,53.3581528],[-6.1916987,53.3581437]]},"properties":{"crossing":"unmarked","crossing:markings":"no","cycleway":"crossing","highway":"cycleway","oneway":"no","surface":"asphalt","osm_type":"way","osm_id":1239794503,"length_m":3.86}},{"type":"Feature","geometry":{"type":"LineString","coordinates":[[-6.1915366,53.3581709],[-6.1916426,53.3581528]]},"properties":{"bicycle":"designated","highway":"cycleway","oneway":"no","surface":"asphalt","osm_type":"way","osm_id":1239794504,"length_m":7.32}},{"type":"Feature","geometry":{"type":"LineString","coordinates":[[-6.1914409,53.3581874],[-6.1915366,53.3581709]]},"properties":{"crossing":"unmarked","crossing:markings":"no","cycleway":"crossing","highway":"cycleway","oneway":"no","surface":"asphalt","osm_type":"way","osm_id":1239794505,"length_m":6.61}},{"type":"Feature","geometry":{"type":"LineString","coordinates":[[-6.190156,53.3584148],[-6.1914409,53.3581874]]},"properties":{"bicycle":"designated","foot":"designated","highway":"cycleway","oneway":"no","segregated":"yes","surface":"asphalt","osm_type":"way","osm_id":1239794506,"length_m":88.94}},{"type":"Feature","geometry":{"type":"LineString","coordinates":[[-6.1900916,53.3584265],[-6.190156,53.3584148]]},"properties":{"crossing":"unmarked","crossing:markings":"no","cycleway":"crossing","highway":"cycleway","oneway":"no","surface":"asphalt","osm_type":"way","osm_id":1239794507,"length_m":4.47}},{"type":"Feature","geometry":{"type":"LineString","coordinates":[[-6.1820593,53.3609184],[-6.1801416,53.3616877]]},"properties":{"bicycle":"designated","check_date:surface":"2024-01-30","cycleway:surface":"asphalt","cycleway:width":"2.6","foot":"designated","footway:surface":"asphalt","highway":"cycleway","name":"Clontarf Road","name:en":"Clontarf Road","name:ga":"B\u00f3thar Chluain Tarbh","ncn":"yes","ncn_ref":"S2S","oneway":"no","segregated":"yes","surface":"asphalt","osm_type":"way","osm_id":1239794510,"length_m":153.36}},{"type":"Feature","geometry":{"type":"LineString","coordinates":[[-6.1801416,53.3616877],[-6.1800126,53.3617525]]},"properties":{"bicycle":"designated","foot":"designated","highway":"cycleway","name":"Clontarf Road","name:en":"Clontarf Road","name:ga":"B\u00f3thar Chluain Tarbh","ncn":"yes","ncn_ref":"S2S","oneway":"no","segregated":"no","surface":"concrete","osm_type":"way","osm_id":1239794511,"length_m":11.19}},{"type":"Feature","geometry":{"type":"LineString","coordinates":[[-6.1803274,53.3616754],[-6.1802602,53.3616386]]},"properties":{"highway":"cycleway","oneway":"no","source:width":"ARCore","surface":"asphalt","width":"1.8","osm_type":"way","osm_id":1239794512,"length_m":6.05}},{"type":"Feature","geometry":{"type":"LineString","coordinates":[[-6.1800126,53.3617525],[-6.1790663,53.36231]]},"properties":{"bicycle":"designated","check_date:surface":"2024-01-30","cycleway:surface":"asphalt","cycleway:width":"2.7","foot":"designated","footway:surface":"asphalt","highway":"cycleway","name":"Clontarf Road","name:en":"Clontarf Road","name:ga":"B\u00f3thar Chluain Tarbh","ncn":"yes","ncn_ref":"S2S","oneway":"no","segregated":"yes","surface":"asphalt","osm_type":"way","osm_id":1239794513,"length_m":88.36}},{"type":"Feature","geometry":{"type":"LineString","coordinates":[[-6.1790663,53.36231],[-6.1764256,53.3642299]]},"properties":{"bicycle":"designated","highway":"cycleway","name":"Clontarf Road","name:en":"Clontarf Road","name:ga":"B\u00f3thar Chluain Tarbh","ncn":"yes","ncn_ref":"S2S","oneway":"no","source:width":"ARCore","surface":"asphalt","width":"4.3","osm_type":"way","osm_id":1239794515,"length_m":276.5}},{"type":"Feature","geometry":{"type":"LineString","coordinates":[[-6.1764256,53.3642299],[-6.1761557,53.3644329]]},"properties":{"bicycle":"designated","foot":"designated","highway":"cycleway","name":"Clontarf Road","name:en":"Clontarf Road","name:ga":"B\u00f3thar Chluain Tarbh","ncn":"yes","ncn_ref":"S2S","oneway":"no","segregated":"no","surface":"concrete","osm_type":"way","osm_id":1239794516,"length_m":28.82}},{"type":"Feature","geometry":{"type":"LineString","coordinates":[[-6.1761557,53.3644329],[-6.1746635,53.3655749]]},"properties":{"bicycle":"designated","cycleway:surface":"asphalt","foot":"designated","footway:surface":"concrete","highway":"cycleway","name":"Clontarf Road","name:en":"Clontarf Road","name:ga":"B\u00f3thar Chluain Tarbh","ncn":"yes","ncn_ref":"S2S","oneway":"no","segregated":"yes","surface":"paved","osm_type":"way","osm_id":1239794519,"length_m":161.16}},{"type":"Feature","geometry":{"type":"LineString","coordinates":[[-6.1746635,53.3655749],[-6.1743328,53.3658077]]},"properties":{"bicycle":"designated","foot":"designated","highway":"cycleway","name":"Clontarf Road","name:en":"Clontarf Road","name:ga":"B\u00f3thar Chluain Tarbh","ncn":"yes","ncn_ref":"S2S","oneway":"no","segregated":"no","surface":"concrete","osm_type":"way","osm_id":1239794520,"length_m":33.93}},{"type":"Feature","geometry":{"type":"LineString","coordinates":[[-6.1743328,53.3658077],[-6.1728186,53.3668916]]},"properties":{"bicycle":"designated","foot":"designated","footway:surface":"concrete","highway":"cycleway","name":"Clontarf Road","name:en":"Clontarf Road","name:ga":"B\u00f3thar Chluain Tarbh","ncn":"yes","ncn_ref":"S2S","oneway":"no","segregated":"yes","surface":"asphalt","osm_type":"way","osm_id":1239794521,"length_m":156.93}},{"type":"Feature","geometry":{"type":"LineString","coordinates":[[-6.1728186,53.3668916],[-6.1725766,53.3670561]]},"properties":{"bicycle":"designated","foot":"designated","highway":"cycleway","name":"Clontarf Road","name:en":"Clontarf Road","name:ga":"B\u00f3thar Chluain Tarbh","ncn":"yes","ncn_ref":"S2S","oneway":"no","segregated":"no","surface":"concrete","osm_type":"way","osm_id":1239794522,"length_m":24.34}},{"type":"Feature","geometry":{"type":"LineString","coordinates":[[-6.1725766,53.3670561],[-6.172336,53.3672197]]},"properties":{"bicycle":"designated","foot":"designated","highway":"cycleway","name":"James Larkin Road","name:en":"James Larkin Road","name:ga":"B\u00f3thar Sh\u00e9amais U\u00ed Lorc\u00e1in","ncn":"yes","ncn_ref":"S2S","oneway":"no","segregated":"no","surface":"concrete","osm_type":"way","osm_id":1239794529,"length_m":24.2}},{"type":"Feature","geometry":{"type":"LineString","coordinates":[[-6.1667139,53.371292],[-6.1667804,53.3713087]]},"properties":{"highway":"cycleway","segregated":"no","surface":"concrete","osm_type":"way","osm_id":1239965653,"length_m":4.79}},{"type":"Feature","geometry":{"type":"LineString","coordinates":[[-6.1667804,53.3713087],[-6.1668633,53.3713336]]},"properties":{"crossing":"marked","crossing:markings":"yes","cycleway":"crossing","highway":"cycleway","segregated":"no","surface":"asphalt","osm_type":"way","osm_id":1239965654,"length_m":6.16}},{"type":"Feature","geometry":{"type":"LineString","coordinates":[[-6.1669622,53.3710574],[-6.1667139,53.371292]]},"properties":{"bicycle":"designated","foot":"designated","highway":"cycleway","name":"James Larkin Road","name:en":"James Larkin Road","name:ga":"B\u00f3thar Sh\u00e9amais U\u00ed Lorc\u00e1in","ncn":"yes","ncn_ref":"S2S","oneway":"no","segregated":"no","surface":"concrete","osm_type":"way","osm_id":1239965655,"length_m":30.85}},{"type":"Feature","geometry":{"type":"LineString","coordinates":[[-6.1665343,53.3714413],[-6.1667139,53.371292]]},"properties":{"bicycle":"designated","foot":"designated","highway":"cycleway","oneway":"no","segregated":"no","surface":"concrete","osm_type":"way","osm_id":1239965656,"length_m":20.88}},{"type":"Feature","geometry":{"type":"LineString","coordinates":[[-6.1641018,53.3739336],[-6.1642398,53.373822]]},"properties":{"crossing":"unmarked","crossing:markings":"no","cycleway":"crossing","highway":"cycleway","oneway":"no","surface":"asphalt","osm_type":"way","osm_id":1239965657,"length_m":15.42}},{"type":"Feature","geometry":{"type":"LineString","coordinates":[[-6.1642398,53.373822],[-6.1642586,53.3738052]]},"properties":{"bicycle":"designated","cycleway:width":"2","highway":"cycleway","oneway":"no","surface":"concrete","osm_type":"way","osm_id":1239965663,"length_m":2.25}},{"type":"Feature","geometry":{"type":"LineString","coordinates":[[-6.1668633,53.3713336],[-6.1669248,53.3713869]]},"properties":{"highway":"cycleway","segregated":"no","surface":"concrete","osm_type":"way","osm_id":1240170122,"length_m":7.38}},{"type":"Feature","geometry":{"type":"LineString","coordinates":[[-6.1496912,53.3821738],[-6.1497112,53.3821865]]},"properties":{"highway":"cycleway","surface":"asphalt","width":"1.5","osm_type":"way","osm_id":1240182729,"length_m":1.94}},{"type":"Feature","geometry":{"type":"LineString","coordinates":[[-6.1498676,53.3822759],[-6.1498861,53.3822898]]},"properties":{"highway":"cycleway","segregated":"no","surface":"concrete","osm_type":"way","osm_id":1240182735,"length_m":1.97}},{"type":"Feature","geometry":{"type":"LineString","coordinates":[[-6.1506774,53.3820496],[-6.1507152,53.3820859]]},"properties":{"crossing":"marked","cycleway":"crossing","highway":"cycleway","segregated":"no","surface":"asphalt","osm_type":"way","osm_id":1240182736,"length_m":4.75}},{"type":"Feature","geometry":{"type":"LineString","coordinates":[[-6.2381199,53.316368],[-6.2377462,53.3160274],[-6.2377335,53.3156875]]},"properties":{"cycleway":"lane","highway":"secondary","lane_markings":"yes","lanes":"2","lit":"yes","logainm:ref":"1380469","logainm:url":"https://www.logainm.ie/1380469.aspx","maxspeed":"50","name":"Clonskeagh Road","name:en":"Clonskeagh Road","name:ga":"B\u00f3thar Chluain Sceach","ref":"R825","sidewalk":"right","surface":"asphalt","osm_type":"way","osm_id":1243362826,"length_m":83.9}},{"type":"Feature","geometry":{"type":"LineString","coordinates":[[-6.2977616,53.3377502],[-6.2960611,53.3379638]]},"properties":{"highway":"cycleway","name":"St James' Walk","name:en":"St James' Walk","name:ga":"Si\u00fal\u00e1n San S\u00e9amas","oneway":"no","separation":"bump","surface":"asphalt","osm_type":"way","osm_id":1243803018,"length_m":116.46}},{"type":"Feature","geometry":{"type":"LineString","coordinates":[[-6.2958161,53.3379921],[-6.2959077,53.3379574]]},"properties":{"highway":"cycleway","name":"St James' Walk","name:ga":"Si\u00fal\u00e1n San S\u00e9amas","proposed:oneway":"yes","surface":"asphalt","osm_type":"way","osm_id":1243803019,"length_m":7.2}},{"type":"Feature","geometry":{"type":"LineString","coordinates":[[-6.2890324,53.3388922],[-6.2890655,53.3389356]]},"properties":{"highway":"cycleway","oneway":"no","surface":"asphalt","osm_type":"way","osm_id":1243803020,"length_m":5.3}},{"type":"Feature","geometry":{"type":"LineString","coordinates":[[-6.2907774,53.3385231],[-6.2907897,53.3385564]]},"properties":{"highway":"cycleway","surface":"asphalt","osm_type":"way","osm_id":1243803021,"length_m":3.79}},{"type":"Feature","geometry":{"type":"LineString","coordinates":[[-6.2915282,53.3384323],[-6.2915393,53.3384692]]},"properties":{"highway":"cycleway","oneway":"no","surface":"asphalt","osm_type":"way","osm_id":1243803022,"length_m":4.17}},{"type":"Feature","geometry":{"type":"LineString","coordinates":[[-6.2929501,53.338267],[-6.2929631,53.3383096]]},"properties":{"highway":"cycleway","oneway":"no","surface":"asphalt","osm_type":"way","osm_id":1243803023,"length_m":4.81}},{"type":"Feature","geometry":{"type":"LineString","coordinates":[[-6.2957594,53.3379728],[-6.2957633,53.3379982]]},"properties":{"highway":"cycleway","oneway":"no","surface":"asphalt","osm_type":"way","osm_id":1243803025,"length_m":2.84}},{"type":"Feature","geometry":{"type":"LineString","coordinates":[[-6.2992741,53.3375973],[-6.2991375,53.3376119]]},"properties":{"button_operated":"yes","crossing":"traffic_signals","crossing:markings":"Dotted","cycleway":"crossing","cycleway:surface":"asphalt","highway":"cycleway","lit":"yes","oneway":"no","segregated":"yes","surface":"asphalt","traffic_signals:sound":"no","osm_type":"way","osm_id":1243803027,"length_m":9.21}},{"type":"Feature","geometry":{"type":"LineString","coordinates":[[-6.2557537,53.3481939],[-6.2554801,53.3482633]]},"properties":{"highway":"cycleway","lit":"yes","oneway":"yes","smoothness":"excellent","surface":"asphalt","osm_type":"way","osm_id":1244188965,"length_m":19.73}},{"type":"Feature","geometry":{"type":"LineString","coordinates":[[-6.2554801,53.3482633],[-6.2549459,53.3482863]]},"properties":{"highway":"cycleway","lit":"yes","oneway":"yes","sidewalk":"no","smoothness":"excellent","surface":"asphalt","osm_type":"way","osm_id":1244188966,"length_m":36.8}},{"type":"Feature","geometry":{"type":"LineString","coordinates":[[-6.2310531,53.3269665],[-6.2307197,53.3286399],[-6.2307862,53.3288384]]},"properties":{"highway":"cycleway","name":"Anglesea Road","network":"lcn","oneway":"no","sidewalk:left":"separate","surface":"asphalt","osm_type":"way","osm_id":1247715018,"length_m":210.05}},{"type":"Feature","geometry":{"type":"LineString","coordinates":[[-6.2309305,53.3289395],[-6.2308714,53.3290096]]},"properties":{"bicycle":"designated","crossing":"traffic_signals","crossing:island":"no","crossing:markings":"lines","cycleway":"crossing","foot":"designated","highway":"cycleway","lit":"yes","oneway":"no","segregated":"no","smoothness":"good","surface":"asphalt","traffic_calming":"no","osm_type":"way","osm_id":1247715019,"length_m":8.73}},{"type":"Feature","geometry":{"type":"LineString","coordinates":[[-6.2308999,53.3291585],[-6.2308024,53.3290915]]},"properties":{"foot":"designated","highway":"cycleway","oneway":"no","segregated":"no","surface":"paving_stones","osm_type":"way","osm_id":1247715020,"length_m":12.08}},{"type":"Feature","geometry":{"type":"LineString","coordinates":[[-6.2308329,53.3288624],[-6.2309468,53.3289211]]},"properties":{"cycleway":"sidewalk","foot":"designated","highway":"cycleway","oneway":"no","segregated":"no","surface":"concrete","osm_type":"way","osm_id":1247715021,"length_m":9.99}},{"type":"Feature","geometry":{"type":"LineString","coordinates":[[-6.2324429,53.3197834],[-6.2320313,53.3200632],[-6.2321656,53.3214441],[-6.2339763,53.3232255]]},"properties":{"highway":"cycleway","name":"Donnybrook Greenway","name:en":"Donnybrook Greenway","network":"lcn","segregated":"no","surface":"paved","osm_type":"way","osm_id":1247768333,"length_m":429.15}},{"type":"Feature","geometry":{"type":"LineString","coordinates":[[-6.2343091,53.3234412],[-6.234402,53.323336]]},"properties":{"highway":"cycleway","lit":"yes","segregated":"no","surface":"asphalt","osm_type":"way","osm_id":1247768334,"length_m":13.23}},{"type":"Feature","geometry":{"type":"LineString","coordinates":[[-6.2339763,53.3232255],[-6.2343091,53.3234412]]},"properties":{"highway":"cycleway","network":"lcn","segregated":"no","surface":"paved","osm_type":"way","osm_id":1247768335,"length_m":34.34}},{"type":"Feature","geometry":{"type":"LineString","coordinates":[[-6.2324429,53.3197834],[-6.2329244,53.3195843]]},"properties":{"bicycle":"designated","foot":"designated","highway":"cycleway","surface":"asphalt","osm_type":"way","osm_id":1247780505,"length_m":38.91}},{"type":"Feature","geometry":{"type":"LineString","coordinates":[[-6.2273893,53.3394775],[-6.2270215,53.338853]]},"properties":{"highway":"cycleway","oneway":"no","surface":"asphalt","osm_type":"way","osm_id":1247801084,"length_m":73.61}},{"type":"Feature","geometry":{"type":"LineString","coordinates":[[-6.2275987,53.3398221],[-6.2286389,53.3416837]]},"properties":{"highway":"cycleway","name":"Fitzwilliam Quay","name:ga":"C\u00e9 Macl\u00edam","oneway":"no","surface":"asphalt","osm_type":"way","osm_id":1247801088,"length_m":218.49}},{"type":"Feature","geometry":{"type":"LineString","coordinates":[[-6.2411498,53.3463181],[-6.2411068,53.3463079]]},"properties":{"bicycle":"designated","foot":"yes","highway":"cycleway","lit":"yes","oneway":"no","segregated":"no","surface":"asphalt","osm_type":"way","osm_id":1248967042,"length_m":3.07}},{"type":"Feature","geometry":{"type":"LineString","coordinates":[[-6.2390504,53.3386058],[-6.2389661,53.3387138]]},"properties":{"crossing":"marked","cycleway":"crossing","foot":"no","highway":"cycleway","oneway":"no","surface":"asphalt","osm_type":"way","osm_id":1248975092,"length_m":13.25}},{"type":"Feature","geometry":{"type":"LineString","coordinates":[[-6.2389661,53.3387138],[-6.238951,53.3387332]]},"properties":{"highway":"cycleway","oneway":"no","surface":"asphalt","osm_type":"way","osm_id":1248975093,"length_m":2.38}},{"type":"Feature","geometry":{"type":"LineString","coordinates":[[-6.238951,53.3387332],[-6.2388537,53.3387045]]},"properties":{"highway":"cycleway","segregated":"no","surface":"asphalt","osm_type":"way","osm_id":1248975094,"length_m":7.21}},{"type":"Feature","geometry":{"type":"LineString","coordinates":[[-6.2390005,53.3387473],[-6.238951,53.3387332]]},"properties":{"highway":"cycleway","oneway":"no","segregated":"no","surface":"asphalt","osm_type":"way","osm_id":1248975097,"length_m":3.64}},{"type":"Feature","geometry":{"type":"LineString","coordinates":[[-6.2397006,53.3388866],[-6.2395358,53.3388898]]},"properties":{"foot":"no","highway":"cycleway","name":"Grand Canal Street Lower","name:en":"Grand Canal Street Lower","name:ga":"Sr\u00e1id na Can\u00e1lach M\u00f3ire \u00cdochtarach","oneway":"yes","surface":"asphalt","width":"3.2","osm_type":"way","osm_id":1248975098,"length_m":11.35}},{"type":"Feature","geometry":{"type":"LineString","coordinates":[[-6.2395643,53.3390576],[-6.2395757,53.338957]]},"properties":{"highway":"cycleway","name":"Grand Canal Quay","name:ga":"C\u00e9 na M\u00f3rchan\u00e1lach","oneway":"no","segregated":"no","source:width":"ARCore","surface":"paving_stones","width":"3.2","osm_type":"way","osm_id":1248975100,"length_m":11.25}},{"type":"Feature","geometry":{"type":"LineString","coordinates":[[-6.2395757,53.338957],[-6.2395358,53.3388898]]},"properties":{"cycleway:surface":"asphalt","highway":"cycleway","name":"Grand Canal Quay","name:ga":"C\u00e9 na M\u00f3rchan\u00e1lach","oneway":"no","segregated":"yes","source:width":"ARCore","surface":"asphalt","width":"3.3","osm_type":"way","osm_id":1248975101,"length_m":7.94}},{"type":"Feature","geometry":{"type":"LineString","coordinates":[[-6.2396018,53.3391116],[-6.2395643,53.3390576]]},"properties":{"cycleway:surface":"paving_stones","highway":"cycleway","name":"Grand Canal Quay","name:ga":"C\u00e9 na M\u00f3rchan\u00e1lach","oneway":"no","segregated":"yes","surface":"asphalt","osm_type":"way","osm_id":1248975102,"length_m":6.78}},{"type":"Feature","geometry":{"type":"LineString","coordinates":[[-6.227376,53.3640041],[-6.2295465,53.3642412]]},"properties":{"highway":"cycleway","name":"Clontarf Road","name:en":"Clontarf Road","name:ga":"B\u00f3thar Chluain Tarbh","oneway":"yes","surface":"asphalt","osm_type":"way","osm_id":1249124067,"length_m":146.51}},{"type":"Feature","geometry":{"type":"LineString","coordinates":[[-6.3791936,53.3349222],[-6.3782441,53.3343439]]},"properties":{"highway":"cycleway","lit":"yes","oneway":"yes","surface":"asphalt","osm_type":"way","osm_id":1249144477,"length_m":90.74}},{"type":"Feature","geometry":{"type":"LineString","coordinates":[[-6.3805481,53.3358755],[-6.3800078,53.3354091],[-6.3794924,53.3351151]]},"properties":{"highway":"cycleway","lit":"yes","oneway":"yes","surface":"asphalt","osm_type":"way","osm_id":1249144479,"length_m":111.11}},{"type":"Feature","geometry":{"type":"LineString","coordinates":[[-6.3783732,53.334265],[-6.3793655,53.3347971]]},"properties":{"highway":"cycleway","lit":"yes","oneway":"yes","surface":"asphalt","osm_type":"way","osm_id":1249144484,"length_m":88.81}},{"type":"Feature","geometry":{"type":"LineString","coordinates":[[-6.3795593,53.3349157],[-6.3803337,53.3355138]]},"properties":{"highway":"cycleway","lit":"yes","oneway":"yes","surface":"asphalt","osm_type":"way","osm_id":1249144486,"length_m":84.77}},{"type":"Feature","geometry":{"type":"LineString","coordinates":[[-6.3793655,53.3347971],[-6.3795593,53.3349157]]},"properties":{"bicycle":"designated","foot":"designated","highway":"cycleway","lit":"yes","oneway":"yes","segregated":"yes","surface":"asphalt","osm_type":"way","osm_id":1249144487,"length_m":18.43}},{"type":"Feature","geometry":{"type":"LineString","coordinates":[[-6.3794924,53.3351151],[-6.3791936,53.3349222]]},"properties":{"bicycle":"designated","foot":"designated","highway":"cycleway","lit":"yes","oneway":"yes","segregated":"yes","surface":"asphalt","osm_type":"way","osm_id":1249144489,"length_m":29.22}},{"type":"Feature","geometry":{"type":"LineString","coordinates":[[-6.3782441,53.3343439],[-6.3781196,53.3342585]]},"properties":{"bicycle":"designated","foot":"designated","highway":"cycleway","lit":"yes","oneway":"yes","segregated":"yes","surface":"asphalt","osm_type":"way","osm_id":1249144491,"length_m":12.59}},{"type":"Feature","geometry":{"type":"LineString","coordinates":[[-6.3782839,53.3342075],[-6.3783732,53.334265]]},"properties":{"bridge":"yes","bridge:name":"Park West Avenue Road Bridge","bridge:ref":"OBC9B","highway":"cycleway","layer":"1","lit":"yes","oneway":"yes","segregated":"yes","surface":"asphalt","osm_type":"way","osm_id":1249144492,"length_m":8.72}},{"type":"Feature","geometry":{"type":"LineString","coordinates":[[-6.3732084,53.3316128],[-6.373126,53.331496]]},"properties":{"bicycle":"designated","foot":"designated","highway":"cycleway","lit":"yes","surface":"asphalt","osm_type":"way","osm_id":1249144493,"length_m":15.0}},{"type":"Feature","geometry":{"type":"LineString","coordinates":[[-6.3733175,53.3316156],[-6.3732084,53.3316128]]},"properties":{"bicycle":"designated","cycleway":"crossing","foot":"designated","highway":"cycleway","lit":"yes","surface":"asphalt","osm_type":"way","osm_id":1249144494,"length_m":7.25}},{"type":"Feature","geometry":{"type":"LineString","coordinates":[[-6.3736,53.3318713],[-6.3736785,53.3318248],[-6.3733175,53.3316156]]},"properties":{"bicycle":"designated","foot":"designated","highway":"cycleway","lit":"yes","surface":"asphalt","osm_type":"way","osm_id":1249144495,"length_m":41.84}},{"type":"Feature","geometry":{"type":"LineString","coordinates":[[-6.373616,53.3319955],[-6.3736,53.3318713]]},"properties":{"bicycle":"designated","cycleway":"crossing","foot":"designated","highway":"cycleway","lit":"yes","surface":"asphalt","osm_type":"way","osm_id":1249144496,"length_m":13.85}},{"type":"Feature","geometry":{"type":"LineString","coordinates":[[-6.3739691,53.3317177],[-6.3744415,53.3318898]]},"properties":{"bicycle":"designated","fixme":"Check direction","highway":"cycleway","lit":"yes","oneway":"yes","surface":"asphalt","osm_type":"way","osm_id":1249144500,"length_m":37.7}},{"type":"Feature","geometry":{"type":"LineString","coordinates":[[-6.3142197,53.3790674],[-6.314197,53.3790916]]},"properties":{"foot":"yes","highway":"cycleway","name":"Tolka Greenway","oneway":"no","segregated":"no","surface":"asphalt","osm_type":"way","osm_id":1249154871,"length_m":3.28}},{"type":"Feature","geometry":{"type":"LineString","coordinates":[[-6.3145266,53.3789229],[-6.3144653,53.3789636]]},"properties":{"foot":"yes","highway":"cycleway","name":"Tolka Greenway","oneway":"no","segregated":"no","surface":"asphalt","osm_type":"way","osm_id":1249154872,"length_m":6.08}},{"type":"Feature","geometry":{"type":"LineString","coordinates":[[-6.3375688,53.3357147],[-6.3374572,53.3356687]]},"properties":{"highway":"cycleway","oneway":"yes","surface":"asphalt","osm_type":"way","osm_id":1249161466,"length_m":9.0}},{"type":"Feature","geometry":{"type":"LineString","coordinates":[[-6.2519887,53.3474359],[-6.2549069,53.347506]]},"properties":{"highway":"cycleway","lanes":"2","name":"George's Quay","name:en":"George's Quay","name:ga":"C\u00e9 Sheoirse","oneway":"no","separation":"kerb","sidewalk:right":"separate","surface":"asphalt","osm_type":"way","osm_id":1249270382,"length_m":193.9}},{"type":"Feature","geometry":{"type":"LineString","coordinates":[[-6.2587539,53.3470953],[-6.2587868,53.3470018]]},"properties":{"highway":"cycleway","name":"O'Connell Bridge","name:en":"O'Connell Bridge","name:ga":"Droichead U\u00ed Chonaill","oneway":"yes","sidewalk":"no","surface":"asphalt","osm_type":"way","osm_id":1249270394,"length_m":11.35}},{"type":"Feature","geometry":{"type":"LineString","coordinates":[[-6.2588116,53.3470476],[-6.2589675,53.3470166]]},"properties":{"highway":"cycleway","name:en":"Burgh Quay","name:ga":"C\u00e9 Burg","oneway":"yes","surface":"asphalt","osm_type":"way","osm_id":1249270395,"length_m":10.91}},{"type":"Feature","geometry":{"type":"LineString","coordinates":[[-6.259442,53.3468583],[-6.2596366,53.3468775],[-6.2606242,53.3465834]]},"properties":{"highway":"cycleway","name":"Aston Quay","name:en":"Aston Quay","name:ga":"C\u00e9 Aston","oneway":"yes","surface":"asphalt","osm_type":"way","osm_id":1249270398,"length_m":88.66}},{"type":"Feature","geometry":{"type":"LineString","coordinates":[[-6.2517254,53.3473637],[-6.2518021,53.3473673]]},"properties":{"highway":"cycleway","lanes":"2","oneway":"no","surface":"asphalt","width":"3.5","osm_type":"way","osm_id":1249270405,"length_m":5.12}},{"type":"Feature","geometry":{"type":"LineString","coordinates":[[-6.2519025,53.3472451],[-6.2519413,53.3473288]]},"properties":{"access":"no","highway":"cycleway","lit":"yes","oneway":"yes","sidewalk":"left","smoothness":"excellent","source":"Bing Aerial Imagery (2021-02-22)","surface":"asphalt","was:oneway":"-1","osm_type":"way","osm_id":1249270406,"length_m":11.23}},{"type":"Feature","geometry":{"type":"LineString","coordinates":[[-6.2890655,53.3389356],[-6.288728,53.3390802],[-6.2883876,53.3394054]]},"properties":{"highway":"cycleway","name":"Willie Bermingham Place","name:en":"Willie Bermingham Place","name:ga":"Pl\u00e1s Liam Mhic Fheorais","oneway":"no","separation":"bump","surface":"asphalt","osm_type":"way","osm_id":1249345064,"length_m":70.68}},{"type":"Feature","geometry":{"type":"LineString","coordinates":[[-6.2517612,53.3491661],[-6.2517212,53.3491758]]},"properties":{"highway":"cycleway","lit":"yes","oneway":"yes","segregated":"no","smoothness":"excellent","source":"Bing Aerial Imagery (2021-02-22)","surface":"asphalt","osm_type":"way","osm_id":1249794259,"length_m":2.87}},{"type":"Feature","geometry":{"type":"LineString","coordinates":[[-6.2515687,53.3491666],[-6.2515086,53.3491631]]},"properties":{"crossing":"marked","cycleway":"crossing","highway":"cycleway","lit":"yes","oneway":"no","segregated":"no","smoothness":"excellent","source":"Bing Aerial Imagery (2021-02-22)","surface":"asphalt","osm_type":"way","osm_id":1249794260,"length_m":4.01}},{"type":"Feature","geometry":{"type":"LineString","coordinates":[[-6.2517806,53.3493275],[-6.2518272,53.349449]]},"properties":{"bicycle":"designated","crossing":"marked","cycleway":"crossing","cycleway:surface":"asphalt","foot":"designated","highway":"cycleway","lit":"yes","oneway":"no","segregated":"no","smoothness":"excellent","source":"Bing Aerial Imagery (2021-02-22)","surface":"asphalt","osm_type":"way","osm_id":1249794261,"length_m":13.86}},{"type":"Feature","geometry":{"type":"LineString","coordinates":[[-6.2623303,53.3620456],[-6.260497,53.3615974]]},"properties":{"foot":"yes","highway":"cycleway","motorcar":"no","name":"Royal Canal Greenway","oneway":"no","segregated":"no","surface":"asphalt","towpath":"yes","osm_type":"way","osm_id":1249880197,"length_m":131.46}},{"type":"Feature","geometry":{"type":"LineString","coordinates":[[-6.2638896,53.3625725],[-6.2638199,53.3623875]]},"properties":{"bridge":"yes","handrail:both":"yes","highway":"cycleway","layer":"1","name":"Royal Canal Greenway","oneway":"no","segregated":"no","surface":"asphalt","osm_type":"way","osm_id":1249880198,"length_m":21.08}},{"type":"Feature","geometry":{"type":"LineString","coordinates":[[-6.2639037,53.3626002],[-6.2638896,53.3625725]]},"properties":{"highway":"cycleway","name":"Royal Canal Greenway","oneway":"no","segregated":"no","surface":"paved","osm_type":"way","osm_id":1249880199,"length_m":3.22}},{"type":"Feature","geometry":{"type":"LineString","coordinates":[[-6.2638199,53.3623875],[-6.26366,53.3623017]]},"properties":{"bicycle":"designated","foot":"designated","highway":"cycleway","name":"Royal Canal Greenway","oneway":"no","segregated":"no","surface":"asphalt","osm_type":"way","osm_id":1249880200,"length_m":14.28}},{"type":"Feature","geometry":{"type":"LineString","coordinates":[[-6.240555,53.3504991],[-6.2405083,53.3505252]]},"properties":{"highway":"cycleway","incline":"0%","lit":"yes","oneway":"no","source:width":"ARCore","surface":"asphalt","width":"3.2","osm_type":"way","osm_id":1249889284,"length_m":4.25}},{"type":"Feature","geometry":{"type":"LineString","coordinates":[[-6.2404963,53.3507197],[-6.240481,53.3507032]]},"properties":{"highway":"cycleway","lit":"yes","oneway":"no","segregated":"no","surface":"asphalt","width":"4","year_of_construction":"2020","osm_type":"way","osm_id":1249889285,"length_m":2.1}},{"type":"Feature","geometry":{"type":"LineString","coordinates":[[-6.3339807,53.3692172],[-6.3358757,53.3690678],[-6.3376928,53.3686259],[-6.3388285,53.3681492],[-6.3410505,53.3667973]]},"properties":{"foot":"no","highway":"cycleway","motor_vehicle":"no","sidewalk":"no","osm_type":"way","osm_id":1250013521,"length_m":561.92}},{"type":"Feature","geometry":{"type":"LineString","coordinates":[[-6.3339765,53.3692615],[-6.3339646,53.3692984]]},"properties":{"crossing":"marked","crossing:markings":"yes","cycleway":"crossing","highway":"cycleway","lit":"no","surface":"asphalt","osm_type":"way","osm_id":1250013522,"length_m":4.18}},{"type":"Feature","geometry":{"type":"LineString","coordinates":[[-6.3410505,53.3667973],[-6.3411034,53.3668199]]},"properties":{"crossing":"unmarked","footway":"crossing","highway":"cycleway","lit":"yes","surface":"asphalt","width":"1","osm_type":"way","osm_id":1250013526,"length_m":4.32}},{"type":"Feature","geometry":{"type":"LineString","coordinates":[[-6.2673101,53.3789468],[-6.2666597,53.3789208],[-6.2650304,53.3786023]]},"properties":{"highway":"cycleway","oneway":"yes","surface":"asphalt","osm_type":"way","osm_id":1250092776,"length_m":159.07}},{"type":"Feature","geometry":{"type":"LineString","coordinates":[[-6.2652477,53.3786365],[-6.2650304,53.3786023]]},"properties":{"cycleway":"lane","highway":"secondary","lanes":"2","lit":"yes","logainm:ref":"1380053","logainm:url":"https://www.logainm.ie/1380053.aspx","maxspeed":"50","name":"Griffith Avenue","name:en":"Griffith Avenue","name:ga":"Ascaill U\u00ed Ghr\u00edofa","oneway":"no","ref":"R102","sidewalk":"both","surface":"asphalt","osm_type":"way","osm_id":1250092784,"length_m":14.91}},{"type":"Feature","geometry":{"type":"LineString","coordinates":[[-6.2665546,53.3788389],[-6.2696009,53.3791394]]},"properties":{"highway":"cycleway","oneway":"yes","surface":"asphalt","osm_type":"way","osm_id":1250092789,"length_m":208.22}},{"type":"Feature","geometry":{"type":"LineString","coordinates":[[-6.2745855,53.3684763],[-6.2766343,53.3691894],[-6.2798595,53.3704791]]},"properties":{"cycleway:surface":"concrete","highway":"cycleway","oneway":"yes","segregated":"yes","surface":"paved","width":"1","osm_type":"way","osm_id":1250596884,"length_m":416.68}},{"type":"Feature","geometry":{"type":"LineString","coordinates":[[-6.2798595,53.3704791],[-6.2798524,53.3705661]]},"properties":{"highway":"cycleway","oneway":"yes","sidewalk":"left","surface":"concrete","width":"1","osm_type":"way","osm_id":1250596885,"length_m":9.76}},{"type":"Feature","geometry":{"type":"LineString","coordinates":[[-6.2804006,53.3708167],[-6.2814917,53.37164],[-6.2830057,53.3723683]]},"properties":{"cycleway:surface":"concrete","highway":"cycleway","oneway":"yes","segregated":"yes","surface":"concrete","width":"0.7","osm_type":"way","osm_id":1250596886,"length_m":248.1}},{"type":"Feature","geometry":{"type":"LineString","coordinates":[[-6.2802952,53.3708093],[-6.2804006,53.3708167]]},"properties":{"highway":"cycleway","oneway":"yes","sidewalk":"left","surface":"asphalt","width":"0.7","osm_type":"way","osm_id":1250596887,"length_m":7.04}},{"type":"Feature","geometry":{"type":"LineString","coordinates":[[-6.2866334,53.3761142],[-6.2873638,53.3769558],[-6.2877042,53.3775045],[-6.2878474,53.3787243],[-6.2880746,53.379202],[-6.2880095,53.3792884]]},"properties":{"foot":"yes","highway":"cycleway","oneway":"yes","segregated":"yes","surface":"concrete","osm_type":"way","osm_id":1250598123,"length_m":374.42}},{"type":"Feature","geometry":{"type":"LineString","coordinates":[[-6.2874654,53.3771052],[-6.2874994,53.3771008]]},"properties":{"foot":"yes","highway":"cycleway","oneway":"no","surface":"paved","osm_type":"way","osm_id":1250598124,"length_m":2.31}},{"type":"Feature","geometry":{"type":"LineString","coordinates":[[-6.2530297,53.3321006],[-6.2530468,53.3321912]]},"properties":{"bicycle":"designated","foot":"designated","highway":"cycleway","lit":"yes","name":"Leeson Street Lower","name:en":"Leeson Street Lower","name:ga":"Sr\u00e1id L\u00edosain \u00cdochtarach","oneway":"no","segregated":"no","smoothness":"good","surface":"paving_stones","osm_type":"way","osm_id":1250623911,"length_m":10.14}},{"type":"Feature","geometry":{"type":"LineString","coordinates":[[-6.2530468,53.3321912],[-6.25301,53.3322015]]},"properties":{"bicycle":"designated","cycleway:surface":"paving_stones","highway":"cycleway","lit":"yes","oneway":"no","segregated":"yes","surface":"asphalt","width":"2.5","osm_type":"way","osm_id":1250623912,"length_m":2.7}},{"type":"Feature","geometry":{"type":"LineString","coordinates":[[-6.3281126,53.3342801],[-6.3279679,53.3342805]]},"properties":{"bicycle":"permissive","foot":"designated","highway":"cycleway","incline":"down","motor_vehicle":"no","oneway":"no","segregated":"no","surface":"paving_stones","width":"5","osm_type":"way","osm_id":1250629438,"length_m":9.61}},{"type":"Feature","geometry":{"type":"LineString","coordinates":[[-6.2643819,53.3301816],[-6.2642883,53.3301878]]},"properties":{"bicycle":"designated","foot":"no","highway":"cycleway","name":"Portobello Harbour","name:ga":"Cuain Aoibhinn","oneway":"no","surface":"asphalt","osm_type":"way","osm_id":1250658712,"length_m":6.25}},{"type":"Feature","geometry":{"type":"LineString","coordinates":[[-6.2642883,53.3301878],[-6.2611508,53.3303651],[-6.2602708,53.3305438]]},"properties":{"bicycle":"designated","foot":"no","highway":"cycleway","name":"Charlemont Mall","name:en":"Charlemont Mall","name:ga":"Meal Achadh","oneway":"no","surface":"asphalt","osm_type":"way","osm_id":1250658713,"length_m":271.41}},{"type":"Feature","geometry":{"type":"LineString","coordinates":[[-6.2574529,53.3311938],[-6.2562074,53.3314483]]},"properties":{"bicycle":"designated","foot":"no","highway":"cycleway","name":"Harcourt Terrace Lane","name:en":"Harcourt Terrace Lane","name:ga":"Ard\u00e1n L\u00e1na Fhearchair","oneway":"no","surface":"asphalt","osm_type":"way","osm_id":1250658714,"length_m":87.42}},{"type":"Feature","geometry":{"type":"LineString","coordinates":[[-6.2456126,53.3343427],[-6.242495,53.3363483]]},"properties":{"highway":"cycleway","lit":"yes","name":"Herbert Place","name:en":"Herbert Place","name:ga":"Pl\u00e1s Herbert","oneway":"no","surface":"asphalt","osm_type":"way","osm_id":1250658717,"length_m":304.75}},{"type":"Feature","geometry":{"type":"LineString","coordinates":[[-6.2405098,53.3376403],[-6.2390504,53.3386058]]},"properties":{"highway":"cycleway","name":"Clanwilliam Place","name:en":"Clanwilliam Place","name:ga":"Pl\u00e1s Clann Liam","oneway":"no","surface":"asphalt","osm_type":"way","osm_id":1250658718,"length_m":144.71}},{"type":"Feature","geometry":{"type":"LineString","coordinates":[[-6.2045961,53.3830239],[-6.2048018,53.3828072]]},"properties":{"bicycle":"designated","highway":"cycleway","oneway":"no","surface":"asphalt","osm_type":"way","osm_id":1250949136,"length_m":27.74}},{"type":"Feature","geometry":{"type":"LineString","coordinates":[[-6.2038682,53.3832917],[-6.2045961,53.3830239]]},"properties":{"bicycle":"designated","foot":"designated","highway":"cycleway","oneway":"no","segregated":"no","surface":"asphalt","osm_type":"way","osm_id":1250949137,"length_m":57.89}},{"type":"Feature","geometry":{"type":"LineString","coordinates":[[-6.2046381,53.3831508],[-6.2045835,53.3830906]]},"properties":{"crossing":"marked","cycleway":"crossing","foot":"no","highway":"cycleway","oneway":"no","surface":"asphalt","osm_type":"way","osm_id":1250949138,"length_m":7.61}},{"type":"Feature","geometry":{"type":"LineString","coordinates":[[-6.2057613,53.3828576],[-6.2058268,53.3829343]]},"properties":{"crossing":"marked","cycleway":"crossing","foot":"no","highway":"cycleway","oneway":"no","surface":"asphalt","osm_type":"way","osm_id":1250949139,"length_m":9.57}},{"type":"Feature","geometry":{"type":"LineString","coordinates":[[-6.2908745,53.3474043],[-6.2908772,53.3474485]]},"properties":{"bridge":"yes","highway":"cycleway","layer":"1","name":"Frank Sherwin Bridge","name:en":"Frank Sherwin Bridge","name:ga":"Droichead Phroinsias U\u00ed Shearbh\u00e1in","oneway":"yes","surface":"asphalt","osm_type":"way","osm_id":1250967134,"length_m":4.92}},{"type":"Feature","geometry":{"type":"LineString","coordinates":[[-6.2520546,53.3483099],[-6.2520315,53.3483588]]},"properties":{"highway":"cycleway","oneway":"yes","surface":"asphalt","osm_type":"way","osm_id":1251221341,"length_m":5.65}},{"type":"Feature","geometry":{"type":"LineString","coordinates":[[-6.2520226,53.3483714],[-6.2517509,53.3483759]]},"properties":{"cycleway":"sidewalk","highway":"cycleway","segregated":"no","surface":"paving_stones","osm_type":"way","osm_id":1251221342,"length_m":18.04}},{"type":"Feature","geometry":{"type":"LineString","coordinates":[[-6.2520315,53.3483588],[-6.2520226,53.3483714]]},"properties":{"highway":"cycleway","segregated":"no","surface":"paving_stones","osm_type":"way","osm_id":1251221343,"length_m":1.52}},{"type":"Feature","geometry":{"type":"LineString","coordinates":[[-6.2516389,53.3483877],[-6.251623,53.348387]]},"properties":{"bicycle":"designated","crossing":"marked","cycleway":"crossing","foot":"designated","highway":"cycleway","lit":"yes","smoothness":"excellent","source":"Bing Aerial Imagery (2021-02-22)","surface":"asphalt","osm_type":"way","osm_id":1251221345,"length_m":1.06}},{"type":"Feature","geometry":{"type":"LineString","coordinates":[[-6.1995307,53.3877328],[-6.1995008,53.3876047]]},"properties":{"highway":"cycleway","oneway":"yes","surface":"asphalt","osm_type":"way","osm_id":1252019527,"length_m":14.49}},{"type":"Feature","geometry":{"type":"LineString","coordinates":[[-6.3462898,53.3320297],[-6.3461421,53.3320623]]},"properties":{"bicycle":"designated","foot":"designated","highway":"cycleway","name":"Grand Canal Way","oneway":"no","surface":"concrete","osm_type":"way","osm_id":1252054948,"length_m":10.46}},{"type":"Feature","geometry":{"type":"LineString","coordinates":[[-6.346467,53.3320599],[-6.3463353,53.3320779]]},"properties":{"crossing":"marked","cycleway":"crossing","highway":"cycleway","oneway":"no","segregated":"no","surface":"asphalt","osm_type":"way","osm_id":1252054949,"length_m":8.97}},{"type":"Feature","geometry":{"type":"LineString","coordinates":[[-6.3463353,53.3320779],[-6.3462898,53.3320297]]},"properties":{"bicycle":"designated","foot":"designated","highway":"cycleway","name":"Kylemore Road","oneway":"no","surface":"concrete","osm_type":"way","osm_id":1252054950,"length_m":7.5}},{"type":"Feature","geometry":{"type":"LineString","coordinates":[[-6.2650624,53.3559133],[-6.2648216,53.3556728]]},"properties":{"highway":"cycleway","name":"Frederick Street North","name:en":"Frederick Street North","name:ga":"Sr\u00e1id Fhreidric Thuaidh","oneway":"yes","sidewalk:left":"separate","surface":"asphalt","osm_type":"way","osm_id":1252590396,"length_m":31.93}},{"type":"Feature","geometry":{"type":"LineString","coordinates":[[-6.2654079,53.3560914],[-6.2656168,53.3561443]]},"properties":{"highway":"cycleway","name":"Blessington Street","name:en":"Blessington Street","name:ga":"Sr\u00e1id Bhaile Coim\u00edn","oneway":"yes","sidewalk:left":"separate","surface":"asphalt","osm_type":"way","osm_id":1252590408,"length_m":16.59}},{"type":"Feature","geometry":{"type":"LineString","coordinates":[[-6.290106,53.3433784],[-6.2895606,53.3434122]]},"properties":{"bicycle":"designated","highway":"cycleway","motor_vehicle":"no","oneway":"yes","surface":"concrete","osm_type":"way","osm_id":1252610756,"length_m":37.64}},{"type":"Feature","geometry":{"type":"LineString","coordinates":[[-6.2654135,53.3786624],[-6.2656791,53.3787084]]},"properties":{"highway":"cycleway","oneway":"yes","surface":"asphalt","osm_type":"way","osm_id":1253154946,"length_m":21.7}},{"type":"Feature","geometry":{"type":"LineString","coordinates":[[-6.2799832,53.3505238],[-6.2806626,53.3505189]]},"properties":{"highway":"cycleway","lit":"yes","motor_vehicle":"no","oneway":"yes","sidewalk":"left","surface":"asphalt","osm_type":"way","osm_id":1253730300,"length_m":45.44}},{"type":"Feature","geometry":{"type":"LineString","coordinates":[[-6.2798732,53.3504114],[-6.2798733,53.3505096],[-6.2799832,53.3505238]]},"properties":{"cycleway:surface":"concrete","highway":"cycleway","lit":"yes","motor_vehicle":"no","oneway":"yes","segregated":"yes","surface":"paving_stones","width":"1.2","osm_type":"way","osm_id":1253730301,"length_m":18.8}},{"type":"Feature","geometry":{"type":"LineString","coordinates":[[-6.2798254,53.3503749],[-6.2798732,53.3504114]]},"properties":{"highway":"cycleway","lit":"yes","motor_vehicle":"no","oneway":"yes","sidewalk":"left","surface":"asphalt","width":"1.2","osm_type":"way","osm_id":1253730302,"length_m":5.15}},{"type":"Feature","geometry":{"type":"LineString","coordinates":[[-6.2792435,53.3498011],[-6.2795292,53.3496745]]},"properties":{"highway":"cycleway","oneway":"yes","smoothness":"intermediate","surface":"asphalt","width":"1.5","osm_type":"way","osm_id":1253731989,"length_m":24.49}},{"type":"Feature","geometry":{"type":"LineString","coordinates":[[-6.2699406,53.3511983],[-6.2698607,53.3512752]]},"properties":{"cycleway":"lane","highway":"secondary","incline":"up","lane_markings":"yes","lanes":"4","lit":"yes","logainm:ref":"1383336","logainm:url":"https://www.logainm.ie/1383336.aspx","maxspeed":"50","name":"Bolton Street","name:en":"Bolton Street","name:ga":"Sr\u00e1id Bolton","parking:both":"no","ref":"R804","sidewalk":"both","surface":"asphalt","osm_type":"way","osm_id":1253739955,"length_m":10.06}},{"type":"Feature","geometry":{"type":"LineString","coordinates":[[-6.2698607,53.3512752],[-6.2698378,53.3509057]]},"properties":{"highway":"cycleway","lit":"yes","logainm:ref":"1383356","logainm:url":"https://www.logainm.ie/1383356.aspx","maxspeed":"30","motor_vehicle":"no","name":"Capel Street","name:en":"Capel Street","name:ga":"Sr\u00e1id Ch\u00e9ipil","oneway":"yes","surface":"asphalt","osm_type":"way","osm_id":1253739958,"length_m":41.73}},{"type":"Feature","geometry":{"type":"LineString","coordinates":[[-6.2991257,53.3362512],[-6.2991597,53.3362565]]},"properties":{"bicycle":"designated","foot":"designated","highway":"cycleway","segregated":"no","surface":"paving_stones","osm_type":"way","osm_id":1253751211,"length_m":2.33}},{"type":"Feature","geometry":{"type":"LineString","coordinates":[[-6.2989192,53.3362184],[-6.2989684,53.3362263]]},"properties":{"bicycle":"designated","foot":"designated","highway":"cycleway","segregated":"no","surface":"paving_stones","osm_type":"way","osm_id":1253751212,"length_m":3.38}},{"type":"Feature","geometry":{"type":"LineString","coordinates":[[-6.2989877,53.3361243],[-6.2990928,53.3360709]]},"properties":{"highway":"cycleway","oneway":"yes","surface":"asphalt","osm_type":"way","osm_id":1253751213,"length_m":9.5}},{"type":"Feature","geometry":{"type":"LineString","coordinates":[[-6.2989019,53.3365703],[-6.2988525,53.3365746]]},"properties":{"bicycle":"designated","foot":"designated","highway":"cycleway","surface":"paving_stones","osm_type":"way","osm_id":1253751214,"length_m":3.31}},{"type":"Feature","geometry":{"type":"LineString","coordinates":[[-6.2991269,53.3364957],[-6.2989927,53.3365624]]},"properties":{"highway":"cycleway","oneway":"yes","sidewalk":"left","surface":"asphalt","osm_type":"way","osm_id":1253751215,"length_m":12.15}},{"type":"Feature","geometry":{"type":"LineString","coordinates":[[-6.2989927,53.3365624],[-6.2989019,53.3365703]]},"properties":{"bicycle":"designated","crossing":"unmarked","cycleway":"crossing","foot":"designated","highway":"cycleway","surface":"paving_stones","osm_type":"way","osm_id":1253751216,"length_m":6.09}},{"type":"Feature","geometry":{"type":"LineString","coordinates":[[-6.2987469,53.3362689],[-6.2987655,53.3362524]]},"properties":{"bicycle":"designated","foot":"designated","highway":"cycleway","surface":"paving_stones","osm_type":"way","osm_id":1253751217,"length_m":2.21}},{"type":"Feature","geometry":{"type":"LineString","coordinates":[[-6.2987079,53.3363914],[-6.2986994,53.3363018]]},"properties":{"highway":"cycleway","oneway":"yes","surface":"asphalt","osm_type":"way","osm_id":1253751218,"length_m":10.57}},{"type":"Feature","geometry":{"type":"LineString","coordinates":[[-6.2986994,53.3363018],[-6.2987469,53.3362689]]},"properties":{"bicycle":"designated","crossing":"unmarked","cycleway":"crossing","foot":"designated","highway":"cycleway","kerb":"flush","surface":"asphalt","tactile_paving":"yes","osm_type":"way","osm_id":1253751219,"length_m":4.83}},{"type":"Feature","geometry":{"type":"LineString","coordinates":[[-6.2655225,53.3225584],[-6.2654125,53.3225093]]},"properties":{"highway":"cycleway","oneway":"yes","surface":"asphalt","osm_type":"way","osm_id":1253752603,"length_m":9.16}},{"type":"Feature","geometry":{"type":"LineString","coordinates":[[-6.2655709,53.3226001],[-6.2655225,53.3225584]]},"properties":{"highway":"cycleway","oneway":"yes","surface":"paving_stones","osm_type":"way","osm_id":1253752604,"length_m":5.64}},{"type":"Feature","geometry":{"type":"LineString","coordinates":[[-6.2656633,53.3225809],[-6.2656764,53.3224815]]},"properties":{"cycleway":"lane","highway":"secondary","lane_markings":"yes","lanes":"2","lit":"yes","logainm:ref":"1380887","logainm:url":"https://www.logainm.ie/1380887.aspx","maxspeed":"50","name":"Rathmines Road Lower","name:en":"Rathmines Road Lower","name:ga":"B\u00f3thar R\u00e1th Maonais \u00cdochtarach","ref":"R114","sidewalk":"both","surface":"asphalt","osm_type":"way","osm_id":1253752605,"length_m":11.09}},{"type":"Feature","geometry":{"type":"LineString","coordinates":[[-6.2892246,53.3066525],[-6.289174,53.3066227]]},"properties":{"bicycle":"designated","foot":"designated","highway":"cycleway","segregated":"no","surface":"asphalt","osm_type":"way","osm_id":1253774553,"length_m":4.72}},{"type":"Feature","geometry":{"type":"LineString","coordinates":[[-6.2893008,53.3067037],[-6.2892663,53.3066792]]},"properties":{"bicycle":"designated","foot":"designated","highway":"cycleway","segregated":"no","surface":"asphalt","osm_type":"way","osm_id":1253774554,"length_m":3.56}},{"type":"Feature","geometry":{"type":"LineString","coordinates":[[-6.2617322,53.3528975],[-6.2630094,53.3540125]]},"properties":{"highway":"cycleway","lit":"yes","oneway":"yes","sidewalk:left":"separate","sidewalk:right":"no","smoothness":"excellent","surface":"asphalt","width":"2","osm_type":"way","osm_id":1253784190,"length_m":150.45}},{"type":"Feature","geometry":{"type":"LineString","coordinates":[[-6.2629068,53.3540087],[-6.2632375,53.3542076]]},"properties":{"highway":"cycleway","lit":"yes","oneway":"yes","sidewalk:left":"separate","sidewalk:right":"no","smoothness":"good","surface":"asphalt","width":"1","osm_type":"way","osm_id":1253784195,"length_m":33.28}},{"type":"Feature","geometry":{"type":"LineString","coordinates":[[-6.2632375,53.3542076],[-6.2633175,53.3542734]]},"properties":{"crossing":"marked","cycleway":"crossing","highway":"cycleway","oneway":"yes","surface":"asphalt","width":"1","osm_type":"way","osm_id":1253784196,"length_m":9.04}},{"type":"Feature","geometry":{"type":"LineString","coordinates":[[-6.2501201,53.3513898],[-6.2501433,53.351461],[-6.2495119,53.3522507],[-6.2468124,53.354742]]},"properties":{"foot":"no","highway":"cycleway","name":"Amiens Street","name:en":"Amiens Street","name:ga":"Sr\u00e1id Amiens","oneway":"yes","surface":"asphalt","osm_type":"way","osm_id":1253829722,"length_m":435.99}},{"type":"Feature","geometry":{"type":"LineString","coordinates":[[-6.24438,53.3563526],[-6.246542,53.3546917]]},"properties":{"highway":"cycleway","name":"North Strand Road","name:en":"North Strand Road","name:ga":"B\u00f3thar na Tr\u00e1 Thuaidh","oneway":"yes","source:width":"ARCore","surface":"asphalt","width":"2.1","osm_type":"way","osm_id":1253829723,"length_m":234.96}},{"type":"Feature","geometry":{"type":"LineString","coordinates":[[-6.2467225,53.3548038],[-6.244528,53.3564301]]},"properties":{"highway":"cycleway","name":"North Strand Road","name:en":"North Strand Road","name:ga":"B\u00f3thar na Tr\u00e1 Thuaidh","oneway":"yes","surface":"asphalt","osm_type":"way","osm_id":1253829724,"length_m":233.23}},{"type":"Feature","geometry":{"type":"LineString","coordinates":[[-6.2440666,53.356735],[-6.2413174,53.3585793],[-6.2391858,53.3606331]]},"properties":{"highway":"cycleway","name":"North Strand Road","name:en":"North Strand Road","name:ga":"B\u00f3thar na Tr\u00e1 Thuaidh","oneway":"yes","surface":"asphalt","osm_type":"way","osm_id":1253829725,"length_m":543.88}},{"type":"Feature","geometry":{"type":"LineString","coordinates":[[-6.2444121,53.3565063],[-6.2442523,53.3566139]]},"properties":{"bridge":"yes","highway":"cycleway","layer":"1","name":"North Strand Road","name:en":"North Strand Road","name:ga":"B\u00f3thar na Tr\u00e1 Thuaidh","oneway":"yes","surface":"asphalt","osm_type":"way","osm_id":1253829726,"length_m":15.99}},{"type":"Feature","geometry":{"type":"LineString","coordinates":[[-6.2389984,53.3607759],[-6.2386451,53.3610357]]},"properties":{"bridge":"yes","highway":"cycleway","layer":"1","oneway":"yes","surface":"asphalt","osm_type":"way","osm_id":1253829727,"length_m":37.21}},{"type":"Feature","geometry":{"type":"LineString","coordinates":[[-6.2391858,53.3606331],[-6.2390751,53.3607408]]},"properties":{"cycleway":"crossing","highway":"cycleway","oneway":"yes","surface":"asphalt","osm_type":"way","osm_id":1253829728,"length_m":14.06}},{"type":"Feature","geometry":{"type":"LineString","coordinates":[[-6.2384049,53.3612453],[-6.2366941,53.3627219]]},"properties":{"highway":"cycleway","name":"Annesley Bridge Road","name:en":"Annesley Bridge Road","name:ga":"B\u00f3thar Dhroichead Annesley","oneway":"yes","surface":"asphalt","osm_type":"way","osm_id":1253829729,"length_m":200.23}},{"type":"Feature","geometry":{"type":"LineString","coordinates":[[-6.2390751,53.3607408],[-6.2389984,53.3607759]]},"properties":{"highway":"cycleway","oneway":"yes","surface":"asphalt","osm_type":"way","osm_id":1253829730,"length_m":6.47}},{"type":"Feature","geometry":{"type":"LineString","coordinates":[[-6.2343285,53.363537],[-6.2318613,53.3642199],[-6.2299682,53.3644295]]},"properties":{"highway":"cycleway","name":"Fairview","name:en":"Fairview","name:ga":"Fionnradharc","oneway":"yes","surface":"asphalt","osm_type":"way","osm_id":1253829731,"length_m":308.78}},{"type":"Feature","geometry":{"type":"LineString","coordinates":[[-6.234665,53.3632373],[-6.236332,53.362678]]},"properties":{"highway":"cycleway","name":"Fairview","name:en":"Fairview","name:ga":"Fionnradharc","oneway":"yes","surface":"asphalt","osm_type":"way","osm_id":1253829732,"length_m":127.68}},{"type":"Feature","geometry":{"type":"LineString","coordinates":[[-6.2288456,53.3643068],[-6.2247926,53.3638357],[-6.2229882,53.3634183]]},"properties":{"highway":"cycleway","name":"Clontarf Road","name:en":"Clontarf Road","name:ga":"B\u00f3thar Chluain Tarbh","oneway":"yes","sidewalk":"left","surface":"asphalt","osm_type":"way","osm_id":1253829735,"length_m":406.1}},{"type":"Feature","geometry":{"type":"LineString","coordinates":[[-6.2292512,53.3650141],[-6.2291462,53.3648548],[-6.2292298,53.3647209]]},"properties":{"highway":"cycleway","name":"Malahide Road","name:en":"Malahide Road","name:ga":"B\u00f3thar Mhullach \u00cdde","oneway":"yes","surface":"asphalt","osm_type":"way","osm_id":1253829736,"length_m":35.59}},{"type":"Feature","geometry":{"type":"LineString","coordinates":[[-6.2960611,53.3379638],[-6.2958161,53.3379921]]},"properties":{"highway":"cycleway","name":"St James' Walk","name:ga":"Si\u00fal\u00e1n San S\u00e9amas","oneway":"no","separation":"bump","surface":"asphalt","osm_type":"way","osm_id":1254496686,"length_m":16.57}},{"type":"Feature","geometry":{"type":"LineString","coordinates":[[-6.2960611,53.3379638],[-6.2959887,53.3379493]]},"properties":{"highway":"cycleway","name":"St James' Walk","name:ga":"Si\u00fal\u00e1n San S\u00e9amas","oneway":"yes","surface":"asphalt","osm_type":"way","osm_id":1254496687,"length_m":5.07}},{"type":"Feature","geometry":{"type":"LineString","coordinates":[[-6.2958161,53.3379921],[-6.293688,53.3382019]]},"properties":{"highway":"cycleway","name":"St James' Walk","name:ga":"Si\u00fal\u00e1n San S\u00e9amas","oneway":"no","separation":"bump","surface":"asphalt","osm_type":"way","osm_id":1254496689,"length_m":144.62}},{"type":"Feature","geometry":{"type":"LineString","coordinates":[[-6.2883876,53.3394054],[-6.2883571,53.3394727]]},"properties":{"highway":"cycleway","name":"Long's Place","name:en":"Long's Place","name:ga":"Pl\u00e1s U\u00ed Long\u00e1in","oneway":"yes","separation":"bump","surface":"asphalt","osm_type":"way","osm_id":1254496696,"length_m":7.75}},{"type":"Feature","geometry":{"type":"LineString","coordinates":[[-6.2883372,53.3394057],[-6.2883876,53.3394054]]},"properties":{"crossing":"marked","crossing:markings":"zebra","cycleway":"crossing","highway":"cycleway","name":"Willie Bermingham Place","name:en":"Willie Bermingham Place","name:ga":"Pl\u00e1s Liam Mhic Fheorais","oneway":"yes","surface":"asphalt","osm_type":"way","osm_id":1254496698,"length_m":3.35}},{"type":"Feature","geometry":{"type":"LineString","coordinates":[[-6.2883571,53.3394727],[-6.288317,53.3394698]]},"properties":{"crossing":"marked","crossing:markings":"zebra","cycleway":"crossing","highway":"cycleway","name":"Long's Place","name:en":"Long's Place","name:ga":"Pl\u00e1s U\u00ed Long\u00e1in","oneway":"yes","smoothness":"good","surface":"asphalt","osm_type":"way","osm_id":1254496699,"length_m":2.68}},{"type":"Feature","geometry":{"type":"LineString","coordinates":[[-6.2853642,53.3400998],[-6.2854639,53.3400582]]},"properties":{"cycleway":"track","highway":"secondary","lane_markings":"yes","lanes":"2","lit":"yes","logainm:ref":"1382353","logainm:url":"https://www.logainm.ie/1382353.aspx","maxspeed":"30","name":"Marrowbone Lane","name:en":"Marrowbone Lane","name:ga":"L\u00e1na Mhuire Mhaith","ref":"R804","sidewalk":"both","surface":"asphalt","osm_type":"way","osm_id":1254499375,"length_m":8.08}},{"type":"Feature","geometry":{"type":"LineString","coordinates":[[-6.2407923,53.348973],[-6.2407839,53.3489626]]},"properties":{"bicycle":"designated","foot":"designated","highway":"cycleway","lit":"yes","oneway":"no","segregated":"no","surface":"paving_stones","osm_type":"way","osm_id":1254506986,"length_m":1.28}},{"type":"Feature","geometry":{"type":"LineString","coordinates":[[-6.2408201,53.349016],[-6.2407923,53.348973]]},"properties":{"bicycle":"designated","crossing":"traffic_signals","cycleway":"crossing","foot":"designated","highway":"cycleway","incline":"0%","lit":"yes","oneway":"no","segregated":"no","surface":"asphalt","osm_type":"way","osm_id":1254506987,"length_m":5.14}},{"type":"Feature","geometry":{"type":"LineString","coordinates":[[-6.2408256,53.3490401],[-6.2408201,53.349016]]},"properties":{"bicycle":"designated","foot":"designated","highway":"cycleway","incline":"0%","lit":"yes","oneway":"no","segregated":"no","surface":"asphalt","osm_type":"way","osm_id":1254506988,"length_m":2.72}},{"type":"Feature","geometry":{"type":"LineString","coordinates":[[-6.240808,53.3491569],[-6.2408127,53.3492641]]},"properties":{"highway":"cycleway","incline":"0%","lit":"yes","oneway":"no","segregated":"no","surface":"asphalt","width":"3.5","osm_type":"way","osm_id":1254506990,"length_m":11.99}},{"type":"Feature","geometry":{"type":"LineString","coordinates":[[-6.2408127,53.3492641],[-6.2408307,53.3492831]]},"properties":{"highway":"cycleway","incline":"0%","lit":"yes","oneway":"no","segregated":"no","surface":"asphalt","width":"3.5","osm_type":"way","osm_id":1254506991,"length_m":2.43}},{"type":"Feature","geometry":{"type":"LineString","coordinates":[[-6.2405083,53.3505252],[-6.2405039,53.3505499]]},"properties":{"highway":"cycleway","incline":"0%","lit":"yes","oneway":"no","source:width":"ARCore","surface":"asphalt","width":"1.3","osm_type":"way","osm_id":1254506992,"length_m":2.76}},{"type":"Feature","geometry":{"type":"LineString","coordinates":[[-6.240481,53.3507032],[-6.2404838,53.3506847]]},"properties":{"highway":"cycleway","lit":"yes","oneway":"no","segregated":"no","surface":"asphalt","width":"4","year_of_construction":"2020","osm_type":"way","osm_id":1254506994,"length_m":2.07}},{"type":"Feature","geometry":{"type":"LineString","coordinates":[[-6.2408951,53.3488542],[-6.240867,53.3488709]]},"properties":{"highway":"cycleway","incline":"0%","lit":"yes","oneway":"no","segregated":"no","surface":"paving_stones","width":"3.4","osm_type":"way","osm_id":1254508480,"length_m":2.63}},{"type":"Feature","geometry":{"type":"LineString","coordinates":[[-6.270101,53.3435205],[-6.2701263,53.3437382]]},"properties":{"highway":"cycleway","oneway":"yes","surface":"paving_stones","osm_type":"way","osm_id":1254511879,"length_m":24.79}},{"type":"Feature","geometry":{"type":"LineString","coordinates":[[-6.2392549,53.3474314],[-6.2392981,53.3474359]]},"properties":{"bicycle":"designated","foot":"designated","highway":"cycleway","oneway":"no","segregated":"no","surface":"asphalt","osm_type":"way","osm_id":1254686927,"length_m":2.91}},{"type":"Feature","geometry":{"type":"LineString","coordinates":[[-6.2378676,53.3473421],[-6.2378891,53.3473465]]},"properties":{"highway":"cycleway","lit":"yes","oneway":"yes","surface":"paving_stones","osm_type":"way","osm_id":1254686931,"length_m":1.51}},{"type":"Feature","geometry":{"type":"LineString","coordinates":[[-6.2378891,53.3473465],[-6.2379434,53.3474131]]},"properties":{"highway":"cycleway","lit":"yes","oneway":"yes","surface":"paving_stones","osm_type":"way","osm_id":1254686932,"length_m":8.24}},{"type":"Feature","geometry":{"type":"LineString","coordinates":[[-6.2357668,53.3472667],[-6.2358548,53.3472165]]},"properties":{"highway":"cycleway","lit":"yes","oneway":"yes","surface":"asphalt","osm_type":"way","osm_id":1254686935,"length_m":8.08}},{"type":"Feature","geometry":{"type":"LineString","coordinates":[[-6.2409323,53.3475078],[-6.2410528,53.3474813]]},"properties":{"highway":"cycleway","lit":"yes","oneway":"no","segregated":"no","smoothness":"excellent","source:width":"ARCore","surface":"paving_stones","width":"3.4","osm_type":"way","osm_id":1254692241,"length_m":9.13}},{"type":"Feature","geometry":{"type":"LineString","coordinates":[[-6.2410528,53.3474813],[-6.2410541,53.3475529]]},"properties":{"highway":"cycleway","incline":"0%","lit":"yes","oneway":"no","surface":"asphalt","width":"3.5","osm_type":"way","osm_id":1254692248,"length_m":8.11}},{"type":"Feature","geometry":{"type":"LineString","coordinates":[[-6.2410541,53.3475529],[-6.2410366,53.3476764]]},"properties":{"crossing":"marked","cycleway":"crossing","highway":"cycleway","incline":"0%","lit":"yes","oneway":"no","surface":"asphalt","width":"3.5","osm_type":"way","osm_id":1254692249,"length_m":13.78}},{"type":"Feature","geometry":{"type":"LineString","coordinates":[[-6.2409242,53.3505335],[-6.2406475,53.3504139]]},"properties":{"highway":"cycleway","oneway":"yes","source:width":"ARCore","surface":"asphalt","width":"1.9","osm_type":"way","osm_id":1254749502,"length_m":23.32}},{"type":"Feature","geometry":{"type":"LineString","coordinates":[[-6.2408111,53.3503428],[-6.2409783,53.3503877]]},"properties":{"highway":"cycleway","oneway":"yes","surface":"asphalt","osm_type":"way","osm_id":1254749504,"length_m":12.83}},{"type":"Feature","geometry":{"type":"LineString","coordinates":[[-6.2409783,53.3503877],[-6.2410067,53.3504388]]},"properties":{"highway":"cycleway","segregated":"no","surface":"paving_stones","osm_type":"way","osm_id":1254749505,"length_m":7.45}},{"type":"Feature","geometry":{"type":"LineString","coordinates":[[-6.2410244,53.3506031],[-6.2409242,53.3505335]]},"properties":{"crossing":"marked","cycleway":"crossing","highway":"cycleway","oneway":"yes","surface":"asphalt","width":"1.9","osm_type":"way","osm_id":1254749513,"length_m":10.21}},{"type":"Feature","geometry":{"type":"LineString","coordinates":[[-6.2493435,53.3441206],[-6.2491509,53.3442872]]},"properties":{"fixme":"Why does this path merely end at the junction as the contraflow goes all the way to the quay?","highway":"cycleway","lit":"yes","name":"Lombard Street East","name:en":"Lombard Street East","name:ga":"Sr\u00e1id Lombaird Thoir","oneway":"yes","sidewalk":"left","surface":"asphalt","osm_type":"way","osm_id":1254863948,"length_m":24.03}},{"type":"Feature","geometry":{"type":"LineString","coordinates":[[-6.2484955,53.3454945],[-6.2483541,53.345607]]},"properties":{"highway":"cycleway","lit":"yes","name":"Lombard Street East","name:en":"Lombard Street East","name:ga":"Sr\u00e1id Lombaird Thoir","oneway":"yes","sidewalk":"left","surface":"asphalt","width":"2","osm_type":"way","osm_id":1254863952,"length_m":17.16}},{"type":"Feature","geometry":{"type":"LineString","coordinates":[[-6.247907,53.3465836],[-6.2478618,53.3465171],[-6.2481216,53.3461148]]},"properties":{"highway":"cycleway","lit":"yes","name":"Lombard Street East","name:en":"Lombard Street East","name:ga":"Sr\u00e1id Lombaird Thoir","oneway":"yes","sidewalk":"left","surface":"asphalt","osm_type":"way","osm_id":1254863953,"length_m":57.61}},{"type":"Feature","geometry":{"type":"LineString","coordinates":[[-6.2481677,53.3460141],[-6.2482002,53.3457908],[-6.2482897,53.3457475]]},"properties":{"highway":"cycleway","lit":"yes","name":"Lombard Street East","name:en":"Lombard Street East","name:ga":"Sr\u00e1id Lombaird Thoir","oneway":"yes","sidewalk":"left","surface":"asphalt","osm_type":"way","osm_id":1254863956,"length_m":33.66}},{"type":"Feature","geometry":{"type":"LineString","coordinates":[[-6.2479954,53.3465662],[-6.2479678,53.3466816]]},"properties":{"cycleway":"sidewalk","highway":"cycleway","segregated":"no","surface":"concrete","osm_type":"way","osm_id":1254863960,"length_m":14.11}},{"type":"Feature","geometry":{"type":"LineString","coordinates":[[-6.2483541,53.345607],[-6.2482894,53.3454636]]},"properties":{"highway":"cycleway","lit":"yes","name":"Lombard Street East","name:en":"Lombard Street East","name:ga":"Sr\u00e1id Lombaird Thoir","oneway":"yes","sidewalk":"left","surface":"asphalt","osm_type":"way","osm_id":1254863963,"length_m":17.53}},{"type":"Feature","geometry":{"type":"LineString","coordinates":[[-6.2482894,53.3454636],[-6.2483354,53.3453859]]},"properties":{"crossing":"marked","cycleway":"crossing","highway":"cycleway","lit":"yes","name":"Lombard Street East","name:en":"Lombard Street East","name:ga":"Sr\u00e1id Lombaird Thoir","oneway":"yes","surface":"asphalt","osm_type":"way","osm_id":1254863964,"length_m":9.16}},{"type":"Feature","geometry":{"type":"LineString","coordinates":[[-6.2485281,53.3453028],[-6.2485302,53.3454366]]},"properties":{"highway":"cycleway","lit":"yes","name":"Lombard Street East","name:en":"Lombard Street East","name:ga":"Sr\u00e1id Lombaird Thoir","oneway":"yes","sidewalk":"left","surface":"asphalt","width":"2","osm_type":"way","osm_id":1254863965,"length_m":15.84}},{"type":"Feature","geometry":{"type":"LineString","coordinates":[[-6.2485302,53.3454366],[-6.2484955,53.3454945]]},"properties":{"crossing":"marked","cycleway":"crossing","highway":"cycleway","lit":"yes","name":"Lombard Street East","name:en":"Lombard Street East","name:ga":"Sr\u00e1id Lombaird Thoir","oneway":"yes","surface":"asphalt","width":"2","osm_type":"way","osm_id":1254863966,"length_m":6.84}},{"type":"Feature","geometry":{"type":"LineString","coordinates":[[-6.3211268,53.3454259],[-6.3223252,53.345125]]},"properties":{"bicycle":"designated","embankment":"yes","foot":"designated","highway":"cycleway","name":"Liffey Tow Path","oneway":"no","segregated":"yes","surface":"asphalt","width":"3","osm_type":"way","osm_id":1258415509,"length_m":86.31}},{"type":"Feature","geometry":{"type":"LineString","coordinates":[[-6.307853,53.3421177],[-6.3078524,53.3420818]]},"properties":{"cycleway":"lane","highway":"secondary","lane_markings":"yes","lanes":"3","lanes:backward":"1","lanes:forward":"2","lit":"yes","logainm:ref":"1379353","logainm:url":"https://www.logainm.ie/1379353.aspx","maxspeed":"50","name":"South Circular Road","name:en":"South Circular Road","name:ga":"Cuarb\u00f3thar Theas","ref":"R111","surface":"asphalt","turn:lanes:forward":"left;through|right","osm_type":"way","osm_id":1258922319,"length_m":3.99}},{"type":"Feature","geometry":{"type":"LineString","coordinates":[[-6.3080639,53.3420969],[-6.3080736,53.3421276]]},"properties":{"highway":"cycleway","segregated":"no","surface":"paving_stones","osm_type":"way","osm_id":1258922330,"length_m":3.47}},{"type":"Feature","geometry":{"type":"LineString","coordinates":[[-6.308046,53.3420398],[-6.3080639,53.3420969]]},"properties":{"crossing":"marked","cycleway":"crossing","highway":"cycleway","segregated":"no","surface":"asphalt","osm_type":"way","osm_id":1258922331,"length_m":6.46}},{"type":"Feature","geometry":{"type":"LineString","coordinates":[[-6.3080736,53.3421276],[-6.3080561,53.3421331]]},"properties":{"highway":"cycleway","segregated":"no","sidewalk":"left","surface":"paving_stones","osm_type":"way","osm_id":1258931228,"length_m":1.31}},{"type":"Feature","geometry":{"type":"LineString","coordinates":[[-6.3078504,53.3420266],[-6.3079703,53.3420158]]},"properties":{"crossing":"marked","cycleway":"crossing","highway":"cycleway","segregated":"no","surface":"asphalt","osm_type":"way","osm_id":1258931229,"length_m":8.05}},{"type":"Feature","geometry":{"type":"LineString","coordinates":[[-6.3080365,53.3420094],[-6.308046,53.3420398]]},"properties":{"cycleway":"sidewalk","highway":"cycleway","segregated":"no","surface":"paving_stones","osm_type":"way","osm_id":1258931230,"length_m":3.44}},{"type":"Feature","geometry":{"type":"LineString","coordinates":[[-6.3079703,53.3420158],[-6.3080365,53.3420094]]},"properties":{"highway":"cycleway","segregated":"no","surface":"paving_stones","osm_type":"way","osm_id":1258931231,"length_m":4.45}},{"type":"Feature","geometry":{"type":"LineString","coordinates":[[-6.2388274,53.3386884],[-6.2388015,53.3386235]]},"properties":{"bridge":"yes","highway":"cycleway","layer":"1","oneway":"yes","sidewalk":"left","surface":"asphalt","osm_type":"way","osm_id":1258932575,"length_m":7.42}},{"type":"Feature","geometry":{"type":"LineString","coordinates":[[-6.2388537,53.3387045],[-6.2388274,53.3386884]]},"properties":{"highway":"cycleway","oneway":"yes","sidewalk":"left","surface":"asphalt","osm_type":"way","osm_id":1258932576,"length_m":2.53}},{"type":"Feature","geometry":{"type":"LineString","coordinates":[[-6.2585905,53.3470908],[-6.2586758,53.3470744]]},"properties":{"highway":"cycleway","name":"Burgh Quay","name:en":"Burgh Quay","name:ga":"C\u00e9 Burg","oneway":"no","sidewalk:right":"separate","surface":"asphalt","osm_type":"way","osm_id":1263553964,"length_m":5.95}},{"type":"Feature","geometry":{"type":"LineString","coordinates":[[-6.2575185,53.3473167],[-6.2585905,53.3470908]]},"properties":{"highway":"cycleway","lanes":"2","name":"Burgh Quay","name:en":"Burgh Quay","name:ga":"C\u00e9 Burg","oneway":"no","separation":"kerb","sidewalk:right":"separate","surface":"asphalt","osm_type":"way","osm_id":1263553967,"length_m":75.48}},{"type":"Feature","geometry":{"type":"LineString","coordinates":[[-6.333399,53.3270781],[-6.3330765,53.3272537],[-6.3332669,53.3275712],[-6.333664,53.327881]]},"properties":{"bicycle":"designated","foot":"designated","highway":"cycleway","osm_type":"way","osm_id":1263701772,"length_m":112.7}},{"type":"Feature","geometry":{"type":"LineString","coordinates":[[-6.2673546,53.3408383],[-6.2677391,53.3408024]]},"properties":{"highway":"cycleway","oneway":"yes","surface":"asphalt","osm_type":"way","osm_id":1263868764,"length_m":31.74}},{"type":"Feature","geometry":{"type":"LineString","coordinates":[[-6.2724238,53.340653],[-6.2723144,53.34066]]},"properties":{"crossing":"marked","cycleway":"crossing","foot":"no","highway":"cycleway","oneway":"yes","surface":"asphalt","osm_type":"way","osm_id":1263885103,"length_m":7.3}},{"type":"Feature","geometry":{"type":"LineString","coordinates":[[-6.2723465,53.3405639],[-6.272431,53.3406038]]},"properties":{"highway":"cycleway","oneway":"yes","surface":"asphalt","osm_type":"way","osm_id":1263885104,"length_m":7.5}},{"type":"Feature","geometry":{"type":"LineString","coordinates":[[-6.2722839,53.3406612],[-6.272174,53.3406645]]},"properties":{"crossing":"marked","cycleway":"crossing","foot":"no","highway":"cycleway","oneway":"yes","surface":"asphalt","osm_type":"way","osm_id":1263885105,"length_m":7.31}},{"type":"Feature","geometry":{"type":"LineString","coordinates":[[-6.2723144,53.34066],[-6.2722839,53.3406612]]},"properties":{"foot":"no","highway":"cycleway","oneway":"yes","surface":"asphalt","osm_type":"way","osm_id":1263885106,"length_m":2.03}},{"type":"Feature","geometry":{"type":"LineString","coordinates":[[-6.272431,53.3406038],[-6.2724238,53.340653]]},"properties":{"highway":"cycleway","segregated":"no","surface":"paved","osm_type":"way","osm_id":1263885108,"length_m":6.88}},{"type":"Feature","geometry":{"type":"LineString","coordinates":[[-6.2450402,53.3733718],[-6.2453462,53.3733004]]},"properties":{"bicycle":"designated","foot":"designated","highway":"cycleway","osm_type":"way","osm_id":1273787122,"length_m":25.09}},{"type":"Feature","geometry":{"type":"LineString","coordinates":[[-6.2452758,53.3732715],[-6.2454149,53.3730744],[-6.2453918,53.3727125],[-6.2455261,53.3726999]]},"properties":{"bicycle":"designated","foot":"designated","highway":"cycleway","osm_type":"way","osm_id":1273787123,"length_m":73.55}},{"type":"Feature","geometry":{"type":"LineString","coordinates":[[-6.2452249,53.3725026],[-6.2452428,53.372395],[-6.2450364,53.372286]]},"properties":{"bicycle":"designated","foot":"designated","highway":"cycleway","osm_type":"way","osm_id":1273787124,"length_m":34.63}},{"type":"Feature","geometry":{"type":"LineString","coordinates":[[-6.2450305,53.3723331],[-6.2443716,53.3722496],[-6.2441365,53.3721432],[-6.2441941,53.372103]]},"properties":{"bicycle":"designated","foot":"designated","highway":"cycleway","osm_type":"way","osm_id":1273787125,"length_m":70.61}},{"type":"Feature","geometry":{"type":"LineString","coordinates":[[-6.2453918,53.3727125],[-6.2452309,53.372568]]},"properties":{"bicycle":"designated","foot":"designated","highway":"cycleway","osm_type":"way","osm_id":1273787126,"length_m":19.52}},{"type":"Feature","geometry":{"type":"LineString","coordinates":[[-6.2452309,53.372568],[-6.2452249,53.3725026]]},"properties":{"bicycle":"designated","cycleway":"crossing","foot":"designated","highway":"cycleway","osm_type":"way","osm_id":1273787127,"length_m":7.28}},{"type":"Feature","geometry":{"type":"LineString","coordinates":[[-6.2222443,53.3622577],[-6.2223471,53.3621289]]},"properties":{"bicycle":"designated","foot":"designated","highway":"cycleway","name":"Alfie Byrne Road","oneway":"no","segregated":"no","surface":"asphalt","osm_type":"way","osm_id":1273796558,"length_m":15.86}},{"type":"Feature","geometry":{"type":"LineString","coordinates":[[-6.2223471,53.3621289],[-6.2223735,53.3621052]]},"properties":{"bicycle":"designated","foot":"designated","highway":"cycleway","oneway":"no","surface":"asphalt","osm_type":"way","osm_id":1273796559,"length_m":3.16}},{"type":"Feature","geometry":{"type":"LineString","coordinates":[[-6.2402546,53.346171],[-6.2380047,53.3460086]]},"properties":{"bicycle":"designated","cycleway:surface":"asphalt","cycleway:width":"2.75","foot":"yes","footway:surface":"paving_stones","highway":"cycleway","lit":"yes","oneway":"no","segregated":"yes","surface":"asphalt","osm_type":"way","osm_id":1273811836,"length_m":150.44}},{"type":"Feature","geometry":{"type":"LineString","coordinates":[[-6.2155055,53.3176445],[-6.2149553,53.3174013],[-6.2144203,53.3174006]]},"properties":{"access":"permissive","cycleway":"lane","highway":"service","sidewalk:both":"separate","smoothness":"good","surface":"asphalt","osm_type":"way","osm_id":1283019234,"length_m":81.73}},{"type":"Feature","geometry":{"type":"LineString","coordinates":[[-6.2111899,53.3174038],[-6.2104882,53.3174194]]},"properties":{"access":"permissive","cycleway":"lane","highway":"service","sidewalk:both":"separate","smoothness":"good","surface":"asphalt","osm_type":"way","osm_id":1283019235,"length_m":46.65}},{"type":"Feature","geometry":{"type":"LineString","coordinates":[[-6.2229882,53.3634183],[-6.2217461,53.3631946]]},"properties":{"highway":"cycleway","name":"Clontarf Road","name:en":"Clontarf Road","name:ga":"B\u00f3thar Chluain Tarbh","oneway":"yes","sidewalk":"separate","surface":"asphalt","osm_type":"way","osm_id":1283052008,"length_m":87.43}},{"type":"Feature","geometry":{"type":"LineString","coordinates":[[-6.2217522,53.3632088],[-6.2216991,53.3631616]]},"properties":{"highway":"cycleway","oneway":"yes","sidewalk":"separate","surface":"asphalt","osm_type":"way","osm_id":1283052013,"length_m":6.32}},{"type":"Feature","geometry":{"type":"LineString","coordinates":[[-6.2298655,53.3644214],[-6.2295385,53.3643957]]},"properties":{"crossing":"marked","cycleway":"crossing","highway":"cycleway","oneway":"yes","surface":"asphalt","osm_type":"way","osm_id":1283054759,"length_m":21.88}},{"type":"Feature","geometry":{"type":"LineString","coordinates":[[-6.2295126,53.3643536],[-6.2295415,53.3642569]]},"properties":{"crossing":"marked","cycleway":"crossing","foot":"no","highway":"cycleway","oneway":"yes","surface":"asphalt","osm_type":"way","osm_id":1283056034,"length_m":10.92}},{"type":"Feature","geometry":{"type":"LineString","coordinates":[[-6.2292298,53.3647209],[-6.2295126,53.3643536]]},"properties":{"highway":"cycleway","name":"Malahide Road","name:en":"Malahide Road","name:ga":"B\u00f3thar Mhullach \u00cdde","oneway":"yes","surface":"asphalt","osm_type":"way","osm_id":1283056035,"length_m":45.44}},{"type":"Feature","geometry":{"type":"LineString","coordinates":[[-6.2500181,53.3513516],[-6.2502131,53.3513943]]},"properties":{"foot":"no","highway":"cycleway","oneway":"yes","surface":"asphalt","osm_type":"way","osm_id":1283253047,"length_m":15.44}},{"type":"Feature","geometry":{"type":"LineString","coordinates":[[-6.2460696,53.3542641],[-6.245463,53.353803]]},"properties":{"cycleway":"lane","highway":"secondary","lane_markings":"yes","lanes":"2","lit":"yes","logainm:ref":"1383007","logainm:url":"https://www.logainm.ie/1383007.aspx","maxspeed":"50","name":"Seville Place","name:en":"Seville Place","name:ga":"Pl\u00e1s Seville","ref":"R101","surface":"asphalt","osm_type":"way","osm_id":1283261830,"length_m":65.19}},{"type":"Feature","geometry":{"type":"LineString","coordinates":[[-6.2366941,53.3627219],[-6.2366702,53.3627524]]},"properties":{"cycleway":"crossing","highway":"cycleway","name":"Annesley Bridge Road","name:en":"Annesley Bridge Road","name:ga":"B\u00f3thar Dhroichead Annesley","oneway":"yes","surface":"asphalt","osm_type":"way","osm_id":1283268544,"length_m":3.74}},{"type":"Feature","geometry":{"type":"LineString","coordinates":[[-6.2662613,53.3563261],[-6.2678544,53.3566785],[-6.2679345,53.3567651]]},"properties":{"highway":"cycleway","name":"Blessington Street","name:en":"Blessington Street","name:ga":"Sr\u00e1id Bhaile Coim\u00edn","oneway":"yes","surface":"asphalt","osm_type":"way","osm_id":1287828450,"length_m":125.19}},{"type":"Feature","geometry":{"type":"LineString","coordinates":[[-6.2611891,53.3753901],[-6.2601001,53.3751529]]},"properties":{"cycleway":"shared_lane","highway":"tertiary","lanes":"2","lit":"yes","maxspeed":"50","name":"Home Farm Road","name:en":"Home Farm Road","name:ga":"B\u00f3thar Na Buaille","sidewalk":"both","surface":"asphalt","osm_type":"way","osm_id":1293323424,"length_m":76.9}},{"type":"Feature","geometry":{"type":"LineString","coordinates":[[-6.2365593,53.3625209],[-6.2366477,53.3625589]]},"properties":{"crossing":"traffic_signals","crossing:markings":"lines","cycleway":"crossing","foot":"yes","highway":"cycleway","segregated":"no","surface":"asphalt","osm_type":"way","osm_id":1295887876,"length_m":7.23}},{"type":"Feature","geometry":{"type":"LineString","coordinates":[[-6.236675,53.3625707],[-6.2368055,53.3626254]]},"properties":{"crossing":"marked","cycleway":"crossing","foot":"yes","highway":"cycleway","segregated":"no","surface":"asphalt","osm_type":"way","osm_id":1295887877,"length_m":10.58}},{"type":"Feature","geometry":{"type":"LineString","coordinates":[[-6.2366477,53.3625589],[-6.236675,53.3625707]]},"properties":{"foot":"yes","highway":"cycleway","segregated":"no","surface":"asphalt","osm_type":"way","osm_id":1295887878,"length_m":2.24}},{"type":"Feature","geometry":{"type":"LineString","coordinates":[[-6.2299682,53.3644295],[-6.2298655,53.3644214]]},"properties":{"highway":"cycleway","oneway":"yes","surface":"asphalt","osm_type":"way","osm_id":1295887881,"length_m":6.87}},{"type":"Feature","geometry":{"type":"LineString","coordinates":[[-6.2468139,53.3548037],[-6.2467008,53.3547907]]},"properties":{"highway":"cycleway","oneway":"yes","surface":"asphalt","osm_type":"way","osm_id":1295910902,"length_m":8.88}},{"type":"Feature","geometry":{"type":"LineString","coordinates":[[-6.2468124,53.354742],[-6.2467699,53.354771]]},"properties":{"crossing":"marked","cycleway":"crossing","highway":"cycleway","name":"Amiens Street","name:en":"Amiens Street","name:ga":"Sr\u00e1id Amiens","oneway":"yes","surface":"asphalt","osm_type":"way","osm_id":1295910903,"length_m":4.28}},{"type":"Feature","geometry":{"type":"LineString","coordinates":[[-6.2467699,53.354771],[-6.2467225,53.3548038]]},"properties":{"crossing":"marked","cycleway":"crossing","highway":"cycleway","name":"North Strand Road","name:en":"North Strand Road","name:ga":"B\u00f3thar na Tr\u00e1 Thuaidh","oneway":"yes","surface":"asphalt","osm_type":"way","osm_id":1295910904,"length_m":4.82}},{"type":"Feature","geometry":{"type":"LineString","coordinates":[[-6.2465238,53.3547122],[-6.2465454,53.3546092]]},"properties":{"highway":"cycleway","oneway":"yes","surface":"asphalt","osm_type":"way","osm_id":1295949779,"length_m":12.33}},{"type":"Feature","geometry":{"type":"LineString","coordinates":[[-6.2464766,53.354566],[-6.2466588,53.354567]]},"properties":{"highway":"cycleway","oneway":"yes","surface":"asphalt","osm_type":"way","osm_id":1295949780,"length_m":12.35}},{"type":"Feature","geometry":{"type":"LineString","coordinates":[[-6.2465935,53.3546379],[-6.2466315,53.3545982]]},"properties":{"crossing":"marked","cycleway":"crossing","highway":"cycleway","name":"Amiens Street","name:en":"Amiens Street","name:ga":"Sr\u00e1id Amiens","oneway":"yes","surface":"asphalt","osm_type":"way","osm_id":1295949781,"length_m":5.08}},{"type":"Feature","geometry":{"type":"LineString","coordinates":[[-6.246542,53.3546917],[-6.2465935,53.3546379]]},"properties":{"crossing":"marked","cycleway":"crossing","highway":"cycleway","name":"North Strand Road","name:en":"North Strand Road","name:ga":"B\u00f3thar na Tr\u00e1 Thuaidh","oneway":"yes","surface":"asphalt","osm_type":"way","osm_id":1295949782,"length_m":6.89}},{"type":"Feature","geometry":{"type":"LineString","coordinates":[[-6.2466832,53.354578],[-6.2468027,53.3547069]]},"properties":{"crossing":"marked","cycleway":"crossing","highway":"cycleway","oneway":"yes","surface":"asphalt","osm_type":"way","osm_id":1295949783,"length_m":16.38}},{"type":"Feature","geometry":{"type":"LineString","coordinates":[[-6.2495494,53.3519354],[-6.2496991,53.351733]]},"properties":{"highway":"cycleway","name":"Amiens Street","name:en":"Amiens Street","name:ga":"Sr\u00e1id Amiens","oneway":"yes","surface":"asphalt","osm_type":"way","osm_id":1295949785,"length_m":24.6}},{"type":"Feature","geometry":{"type":"LineString","coordinates":[[-6.2594406,53.3445679],[-6.2595406,53.3446517]]},"properties":{"highway":"cycleway","oneway":"yes","surface":"asphalt","osm_type":"way","osm_id":1297419665,"length_m":11.44}},{"type":"Feature","geometry":{"type":"LineString","coordinates":[[-6.2613127,53.3519573],[-6.2613568,53.3519705]]},"properties":{"highway":"cycleway","lit":"yes","oneway":"yes","surface":"asphalt","width":"1","osm_type":"way","osm_id":1297446353,"length_m":3.27}},{"type":"Feature","geometry":{"type":"LineString","coordinates":[[-6.2615601,53.3523879],[-6.2615857,53.352426]]},"properties":{"highway":"cycleway","lit":"yes","oneway":"yes","surface":"asphalt","width":"1","osm_type":"way","osm_id":1297446361,"length_m":4.57}},{"type":"Feature","geometry":{"type":"LineString","coordinates":[[-6.2650911,53.3558417],[-6.2652507,53.3560249]]},"properties":{"highway":"cycleway","name":"Frederick Street North","name:en":"Frederick Street North","name:ga":"Sr\u00e1id Fhreidric Thuaidh","oneway":"yes","surface":"asphalt","osm_type":"way","osm_id":1297451639,"length_m":23.28}},{"type":"Feature","geometry":{"type":"LineString","coordinates":[[-6.2717735,53.3645486],[-6.2716503,53.3645073]]},"properties":{"highway":"cycleway","oneway":"yes","surface":"asphalt","osm_type":"way","osm_id":1303795616,"length_m":9.38}},{"type":"Feature","geometry":{"type":"LineString","coordinates":[[-6.2717097,53.3644349],[-6.2718832,53.3644633]]},"properties":{"crossing":"marked","cycleway":"crossing","foot":"yes","highway":"cycleway","segregated":"no","surface":"asphalt","osm_type":"way","osm_id":1303795620,"length_m":11.94}},{"type":"Feature","geometry":{"type":"LineString","coordinates":[[-6.2717097,53.3644349],[-6.2716752,53.3644292]]},"properties":{"bicycle":"designated","foot":"designated","highway":"cycleway","segregated":"no","surface":"concrete","osm_type":"way","osm_id":1303795621,"length_m":2.38}},{"type":"Feature","geometry":{"type":"LineString","coordinates":[[-6.2716537,53.3644236],[-6.2714985,53.3643833]]},"properties":{"bicycle":"designated","foot":"designated","highway":"cycleway","name":"Royal Canal Greenway","segregated":"no","surface":"asphalt","osm_type":"way","osm_id":1303795622,"length_m":11.23}},{"type":"Feature","geometry":{"type":"LineString","coordinates":[[-6.26366,53.3623017],[-6.2623303,53.3620456]]},"properties":{"bicycle":"designated","cycleway:width":"2.2","foot":"designated","highway":"cycleway","incline":"down","lit":"yes","motorcar":"no","name":"Royal Canal Greenway","oneway":"no","segregated":"yes","sidewalk":"yes","smoothness":"excellent","source:cycleway:width":"ARCore","surface":"asphalt","osm_type":"way","osm_id":1303796431,"length_m":92.74}},{"type":"Feature","geometry":{"type":"LineString","coordinates":[[-6.2541876,53.3601366],[-6.2538077,53.3600463]]},"properties":{"bicycle":"designated","foot":"designated","highway":"cycleway","incline":"up","name":"Royal Canal Greenway","segregated":"no","surface":"asphalt","osm_type":"way","osm_id":1304451840,"length_m":27.14}},{"type":"Feature","geometry":{"type":"LineString","coordinates":[[-6.2340209,53.3579272],[-6.2339302,53.3577975],[-6.229173,53.3550206]]},"properties":{"highway":"cycleway","name":"East Wall Road","name:en":"East Wall Road","name:ga":"B\u00f3thar an Phoirt Thoir","oneway":"no","sidewalk":"left","surface":"asphalt","osm_type":"way","osm_id":1308525560,"length_m":458.49}},{"type":"Feature","geometry":{"type":"LineString","coordinates":[[-6.2339507,53.3580109],[-6.2340209,53.3579272]]},"properties":{"highway":"cycleway","name":"Alfie Byrne Road","name:en":"Alfie Byrne Road","name:ga":"B\u00f3thar Ailf U\u00ed Bhroin","oneway":"no","sidewalk":"left","surface":"asphalt","osm_type":"way","osm_id":1308525562,"length_m":10.55}},{"type":"Feature","geometry":{"type":"LineString","coordinates":[[-6.2336864,53.3582214],[-6.2339507,53.3580109]]},"properties":{"bridge":"yes","highway":"cycleway","layer":"1","name":"Alfie Byrne Road","name:en":"Alfie Byrne Road","name:ga":"B\u00f3thar Ailf U\u00ed Bhroin","oneway":"no","sidewalk":"left","surface":"asphalt","osm_type":"way","osm_id":1308525563,"length_m":29.25}},{"type":"Feature","geometry":{"type":"LineString","coordinates":[[-6.2316505,53.3597109],[-6.2317046,53.3596655]]},"properties":{"highway":"cycleway","segregated":"no","surface":"paved","osm_type":"way","osm_id":1308525564,"length_m":6.19}},{"type":"Feature","geometry":{"type":"LineString","coordinates":[[-6.2335596,53.3582908],[-6.2336058,53.3582631]]},"properties":{"highway":"cycleway","lit":"yes","segregated":"no","surface":"paved","osm_type":"way","osm_id":1308525565,"length_m":5.89}},{"type":"Feature","geometry":{"type":"LineString","coordinates":[[-6.2336799,53.3582388],[-6.2337793,53.3582855]]},"properties":{"crossing":"marked","crossing:markings":"yes","cycleway":"crossing","foot":"no","highway":"cycleway","lit":"yes","oneway":"yes","surface":"asphalt","osm_type":"way","osm_id":1308525566,"length_m":8.4}},{"type":"Feature","geometry":{"type":"LineString","coordinates":[[-6.2325419,53.3570051],[-6.2326439,53.3569762]]},"properties":{"foot":"no","highway":"cycleway","oneway":"yes","surface":"asphalt","osm_type":"way","osm_id":1308525567,"length_m":7.65}},{"type":"Feature","geometry":{"type":"LineString","coordinates":[[-6.2326439,53.3569762],[-6.2326085,53.3570451]]},"properties":{"foot":"no","highway":"cycleway","oneway":"yes","source:width":"ARCore","surface":"asphalt","width":"2.4","osm_type":"way","osm_id":1308525568,"length_m":8.26}},{"type":"Feature","geometry":{"type":"LineString","coordinates":[[-6.2325616,53.3570183],[-6.2325763,53.356988]]},"properties":{"foot":"no","highway":"cycleway","oneway":"yes","surface":"asphalt","osm_type":"way","osm_id":1308525569,"length_m":3.71}},{"type":"Feature","geometry":{"type":"LineString","coordinates":[[-6.229173,53.3550206],[-6.2292111,53.3549844]]},"properties":{"highway":"cycleway","surface":"asphalt","osm_type":"way","osm_id":1308525570,"length_m":4.87}},{"type":"Feature","geometry":{"type":"LineString","coordinates":[[-6.2292313,53.3550562],[-6.229173,53.3550206]]},"properties":{"highway":"cycleway","oneway":"yes","surface":"asphalt","osm_type":"way","osm_id":1308525571,"length_m":6.59}},{"type":"Feature","geometry":{"type":"LineString","coordinates":[[-6.2289897,53.3549118],[-6.2284026,53.3545153]]},"properties":{"highway":"cycleway","name":"East Wall Road","name:en":"East Wall Road","name:ga":"B\u00f3thar an Phoirt Thoir","oneway":"yes","sidewalk":"left","surface":"asphalt","osm_type":"way","osm_id":1308525572,"length_m":60.37}},{"type":"Feature","geometry":{"type":"LineString","coordinates":[[-6.2290253,53.3549609],[-6.2289759,53.3549202]]},"properties":{"highway":"cycleway","segregated":"no","surface":"paved","osm_type":"way","osm_id":1308525573,"length_m":6.68}},{"type":"Feature","geometry":{"type":"LineString","coordinates":[[-6.2289897,53.3549118],[-6.2290883,53.3548521]]},"properties":{"crossing":"marked","cycleway":"crossing","highway":"cycleway","segregated":"no","surface":"asphalt","osm_type":"way","osm_id":1308525574,"length_m":9.32}},{"type":"Feature","geometry":{"type":"LineString","coordinates":[[-6.229173,53.3550206],[-6.2290881,53.3549726]]},"properties":{"highway":"cycleway","name":"East Wall Road","name:en":"East Wall Road","name:ga":"B\u00f3thar an Phoirt Thoir","oneway":"no","sidewalk":"left","surface":"asphalt","osm_type":"way","osm_id":1308525575,"length_m":7.76}},{"type":"Feature","geometry":{"type":"LineString","coordinates":[[-6.2289759,53.3549202],[-6.2289897,53.3549118]]},"properties":{"crossing":"marked","cycleway":"crossing","highway":"cycleway","segregated":"no","surface":"asphalt","osm_type":"way","osm_id":1308525576,"length_m":1.31}},{"type":"Feature","geometry":{"type":"LineString","coordinates":[[-6.2281862,53.3543389],[-6.2286933,53.3546242]]},"properties":{"highway":"cycleway","oneway":"no","surface":"asphalt","osm_type":"way","osm_id":1308525579,"length_m":46.26}},{"type":"Feature","geometry":{"type":"LineString","coordinates":[[-6.2286933,53.3546242],[-6.2290883,53.3548521]]},"properties":{"highway":"cycleway","segregated":"no","surface":"paved","osm_type":"way","osm_id":1308525580,"length_m":37.54}},{"type":"Feature","geometry":{"type":"LineString","coordinates":[[-6.2318194,53.3596167],[-6.2317704,53.3596214]]},"properties":{"highway":"cycleway","oneway":"yes","surface":"asphalt","osm_type":"way","osm_id":1308525581,"length_m":3.46}},{"type":"Feature","geometry":{"type":"LineString","coordinates":[[-6.2316923,53.359655],[-6.2315385,53.3595747]]},"properties":{"bicycle":"designated","foot":"yes","highway":"cycleway","oneway":"no","segregated":"no","surface":"paving_stones","osm_type":"way","osm_id":1308526485,"length_m":14.73}},{"type":"Feature","geometry":{"type":"LineString","coordinates":[[-6.2317046,53.3596655],[-6.2317201,53.3596733]]},"properties":{"highway":"cycleway","segregated":"no","surface":"paved","osm_type":"way","osm_id":1308526486,"length_m":1.35}},{"type":"Feature","geometry":{"type":"LineString","coordinates":[[-6.2317046,53.3596655],[-6.2317473,53.3596344]]},"properties":{"highway":"cycleway","segregated":"no","surface":"paved","osm_type":"way","osm_id":1308526487,"length_m":4.47}},{"type":"Feature","geometry":{"type":"LineString","coordinates":[[-6.2290881,53.3549726],[-6.2289897,53.3549118]]},"properties":{"highway":"cycleway","name":"East Wall Road","name:en":"East Wall Road","name:ga":"B\u00f3thar an Phoirt Thoir","oneway":"no","sidewalk":"left","surface":"asphalt","osm_type":"way","osm_id":1308526488,"length_m":9.4}},{"type":"Feature","geometry":{"type":"LineString","coordinates":[[-6.2280886,53.3543297],[-6.2281862,53.3543389]]},"properties":{"highway":"cycleway","oneway":"yes","surface":"asphalt","osm_type":"way","osm_id":1308526489,"length_m":6.56}},{"type":"Feature","geometry":{"type":"LineString","coordinates":[[-6.2316466,53.3597386],[-6.2316505,53.3597109]]},"properties":{"highway":"cycleway","oneway":"yes","segregated":"yes","surface":"asphalt","osm_type":"way","osm_id":1308708133,"length_m":3.31}},{"type":"Feature","geometry":{"type":"LineString","coordinates":[[-6.2317704,53.3596214],[-6.2317473,53.3596344]]},"properties":{"highway":"cycleway","segregated":"no","surface":"paved","osm_type":"way","osm_id":1308708134,"length_m":2.11}},{"type":"Feature","geometry":{"type":"LineString","coordinates":[[-6.2329762,53.3589885],[-6.2328773,53.3590676]]},"properties":{"bicycle":"designated","foot":"designated","highway":"cycleway","lit":"yes","segregated":"no","surface":"asphalt","osm_type":"way","osm_id":1308708136,"length_m":10.98}},{"type":"Feature","geometry":{"type":"LineString","coordinates":[[-6.2319555,53.3597726],[-6.2319207,53.359767]]},"properties":{"bicycle":"designated","foot":"designated","highway":"cycleway","lit":"yes","oneway":"no","segregated":"no","surface":"paved","osm_type":"way","osm_id":1308708137,"length_m":3.22}},{"type":"Feature","geometry":{"type":"LineString","coordinates":[[-6.2332708,53.3587427],[-6.2329762,53.3589885]]},"properties":{"bicycle":"designated","cycleway:surface":"asphalt","foot":"designated","footway:surface":"asphalt","highway":"cycleway","lit":"yes","oneway":"yes","segregated":"yes","surface":"asphalt","osm_type":"way","osm_id":1308708138,"length_m":33.61}},{"type":"Feature","geometry":{"type":"LineString","coordinates":[[-6.2332651,53.3586291],[-6.2332708,53.3587427]]},"properties":{"highway":"cycleway","lit":"yes","oneway":"yes","surface":"asphalt","osm_type":"way","osm_id":1308708139,"length_m":12.68}},{"type":"Feature","geometry":{"type":"LineString","coordinates":[[-6.2336703,53.3582343],[-6.2336799,53.3582388]]},"properties":{"foot":"no","highway":"cycleway","oneway":"yes","surface":"asphalt","osm_type":"way","osm_id":1308708140,"length_m":0.81}},{"type":"Feature","geometry":{"type":"LineString","coordinates":[[-6.233566,53.3583179],[-6.2335596,53.3582908]]},"properties":{"highway":"cycleway","lit":"yes","oneway":"yes","surface":"paved","osm_type":"way","osm_id":1308708141,"length_m":3.04}},{"type":"Feature","geometry":{"type":"LineString","coordinates":[[-6.2337431,53.3583206],[-6.2337651,53.3583293]]},"properties":{"highway":"cycleway","lit":"yes","segregated":"no","surface":"paved","osm_type":"way","osm_id":1308708142,"length_m":1.75}},{"type":"Feature","geometry":{"type":"LineString","coordinates":[[-6.2337793,53.3582855],[-6.2337651,53.3583293]]},"properties":{"highway":"cycleway","lit":"yes","segregated":"no","surface":"paved","osm_type":"way","osm_id":1308708143,"length_m":6.4}},{"type":"Feature","geometry":{"type":"LineString","coordinates":[[-6.2343025,53.3580026],[-6.234164,53.3580001]]},"properties":{"foot":"yes","highway":"cycleway","segregated":"no","surface":"concrete","osm_type":"way","osm_id":1308708144,"length_m":9.98}},{"type":"Feature","geometry":{"type":"LineString","coordinates":[[-6.2290881,53.3549726],[-6.2290253,53.3549609]]},"properties":{"highway":"cycleway","oneway":"yes","surface":"paved","osm_type":"way","osm_id":1308708154,"length_m":4.53}},{"type":"Feature","geometry":{"type":"LineString","coordinates":[[-6.2586758,53.3470744],[-6.2588116,53.3470476]]},"properties":{"highway":"cycleway","name":"Burgh Quay","name:en":"Burgh Quay","name:ga":"C\u00e9 Burg","oneway":"yes","surface":"asphalt","osm_type":"way","osm_id":1310767084,"length_m":9.5}},{"type":"Feature","geometry":{"type":"LineString","coordinates":[[-6.257215,53.3473759],[-6.2573553,53.3473486]]},"properties":{"crossing":"marked","highway":"cycleway","lanes":"2","name":"Burgh Quay","name:en":"Burgh Quay","name:ga":"C\u00e9 Burg","oneway":"no","sidewalk:right":"separate","surface":"asphalt","osm_type":"way","osm_id":1310767758,"length_m":9.8}},{"type":"Feature","geometry":{"type":"LineString","coordinates":[[-6.255088,53.3475082],[-6.2559571,53.3475072]]},"properties":{"highway":"cycleway","lanes":"2","name":"George's Quay","name:en":"George's Quay","name:ga":"C\u00e9 Sheoirse","oneway":"no","separation":"kerb","surface":"asphalt","osm_type":"way","osm_id":1310767759,"length_m":57.69}},{"type":"Feature","geometry":{"type":"LineString","coordinates":[[-6.2549069,53.347506],[-6.255088,53.3475082]]},"properties":{"crossing":"marked","crossing:markings":"yes","cycleway":"crossing","highway":"cycleway","lanes":"2","name":"George's Quay","name:en":"George's Quay","name:ga":"C\u00e9 Sheoirse","oneway":"no","surface":"asphalt","osm_type":"way","osm_id":1310767760,"length_m":12.02}},{"type":"Feature","geometry":{"type":"LineString","coordinates":[[-6.24658,53.3546937],[-6.2465454,53.3546092]]},"properties":{"highway":"cycleway","oneway":"yes","surface":"asphalt","osm_type":"way","osm_id":1312927206,"length_m":10.02}},{"type":"Feature","geometry":{"type":"LineString","coordinates":[[-6.2467008,53.3547907],[-6.24658,53.3546937]]},"properties":{"crossing":"marked","cycleway":"crossing","highway":"cycleway","oneway":"yes","surface":"asphalt","osm_type":"way","osm_id":1312927207,"length_m":13.44}},{"type":"Feature","geometry":{"type":"LineString","coordinates":[[-6.24683,53.3547313],[-6.2468139,53.3548037]]},"properties":{"highway":"cycleway","oneway":"yes","surface":"asphalt","osm_type":"way","osm_id":1312927208,"length_m":8.19}},{"type":"Feature","geometry":{"type":"LineString","coordinates":[[-6.2468027,53.3547069],[-6.24683,53.3547313]]},"properties":{"highway":"cycleway","oneway":"yes","surface":"asphalt","osm_type":"way","osm_id":1312927209,"length_m":3.26}},{"type":"Feature","geometry":{"type":"LineString","coordinates":[[-6.2466588,53.354567],[-6.2466832,53.354578]]},"properties":{"highway":"cycleway","oneway":"yes","surface":"asphalt","osm_type":"way","osm_id":1312927210,"length_m":2.03}},{"type":"Feature","geometry":{"type":"LineString","coordinates":[[-6.2294707,53.3643847],[-6.2288456,53.3643068]]},"properties":{"highway":"cycleway","name":"Clontarf Road","name:en":"Clontarf Road","name:ga":"B\u00f3thar Chluain Tarbh","oneway":"yes","surface":"asphalt","osm_type":"way","osm_id":1312927211,"length_m":42.4}},{"type":"Feature","geometry":{"type":"LineString","coordinates":[[-6.2514638,53.3481263],[-6.2514777,53.3481279]]},"properties":{"bicycle":"designated","crossing":"marked","crossing:markings":"yes","cycleway":"crossing","foot":"no","highway":"cycleway","surface":"asphalt","osm_type":"way","osm_id":1313057435,"length_m":0.94}},{"type":"Feature","geometry":{"type":"LineString","coordinates":[[-6.2516826,53.3481512],[-6.2517155,53.3481556]]},"properties":{"bicycle":"designated","highway":"cycleway","oneway":"no","segregated":"no","surface":"paving_stones","osm_type":"way","osm_id":1313057436,"length_m":2.24}},{"type":"Feature","geometry":{"type":"LineString","coordinates":[[-6.251712,53.3481287],[-6.2517121,53.3481478]]},"properties":{"bicycle":"designated","bridge":"yes","foot":"designated","highway":"cycleway","layer":"1","lit":"yes","logainm:ref":"1167155","logainm:url":"https://www.logainm.ie/1167155.aspx","name":"Matt Talbot Memorial Bridge","name:en":"Matt Talbot Memorial Bridge","name:ga":"Droichead Cuimhneach\u00e1in an Talb\u00f3idigh","segregated":"no","smoothness":"excellent","source":"Bing Aerial Imagery (2021-02-22)","start_date":"1980s","surface":"paving_stones","wikidata":"Q304582","wikimedia_commons":"Category:Talbot Memorial Bridge","wikipedia":"en:Talbot Memorial Bridge","osm_type":"way","osm_id":1313057437,"length_m":2.12}},{"type":"Feature","geometry":{"type":"LineString","coordinates":[[-6.2517121,53.3481478],[-6.2517155,53.3481556]]},"properties":{"bicycle":"designated","foot":"designated","highway":"cycleway","lit":"yes","logainm:ref":"1167155","logainm:url":"https://www.logainm.ie/1167155.aspx","name":"Matt Talbot Memorial Bridge","name:en":"Matt Talbot Memorial Bridge","name:ga":"Droichead Cuimhneach\u00e1in an Talb\u00f3idigh","segregated":"no","smoothness":"excellent","source":"Bing Aerial Imagery (2021-02-22)","start_date":"1980s","surface":"paving_stones","wikidata":"Q304582","wikipedia":"en:Talbot Memorial Bridge","osm_type":"way","osm_id":1313057438,"length_m":0.9}},{"type":"Feature","geometry":{"type":"LineString","coordinates":[[-6.2514777,53.3481279],[-6.2514783,53.3481257]]},"properties":{"foot":"yes","highway":"cycleway","lanes":"1","lit":"yes","logainm:ref":"1167155","logainm:url":"https://www.logainm.ie/1167155.aspx","name":"Matt Talbot Memorial Bridge","name:en":"Matt Talbot Memorial Bridge","name:ga":"Droichead Cuimhneach\u00e1in an Talb\u00f3idigh","oneway":"yes","sidewalk":"left","smoothness":"excellent","source":"Bing Aerial Imagery (2021-02-22)","start_date":"1980s","surface":"asphalt","width":"1.5","wikidata":"Q304582","wikipedia":"en:Talbot Memorial Bridge","osm_type":"way","osm_id":1313057439,"length_m":0.25}},{"type":"Feature","geometry":{"type":"LineString","coordinates":[[-6.2517519,53.3483587],[-6.2517509,53.3483759]]},"properties":{"bicycle":"designated","foot":"designated","highway":"cycleway","lit":"yes","oneway":"no","segregated":"no","smoothness":"excellent","source":"Bing Aerial Imagery (2021-02-22)","surface":"paved","osm_type":"way","osm_id":1313060617,"length_m":1.91}},{"type":"Feature","geometry":{"type":"LineString","coordinates":[[-6.230546,53.3182065],[-6.2304331,53.3182104]]},"properties":{"bicycle":"designated","highway":"cycleway","lit":"yes","oneway":"yes","surface":"asphalt","osm_type":"way","osm_id":1314384171,"length_m":7.51}},{"type":"Feature","geometry":{"type":"LineString","coordinates":[[-6.2272088,53.315807],[-6.2270551,53.3158059],[-6.2264017,53.3153574],[-6.2263606,53.3152207]]},"properties":{"bicycle":"designated","foot":"designated","highway":"cycleway","lit":"yes","oneway":"yes","segregated":"no","surface":"concrete","osm_type":"way","osm_id":1314384173,"length_m":92.16}},{"type":"Feature","geometry":{"type":"LineString","coordinates":[[-6.2228496,53.3139593],[-6.2225117,53.3139066]]},"properties":{"highway":"cycleway","oneway":"yes","surface":"asphalt","osm_type":"way","osm_id":1314384197,"length_m":23.27}},{"type":"Feature","geometry":{"type":"LineString","coordinates":[[-6.2229744,53.3140291],[-6.2228354,53.3140154]]},"properties":{"highway":"cycleway","oneway":"yes","surface":"asphalt","osm_type":"way","osm_id":1314384198,"length_m":10.73}},{"type":"Feature","geometry":{"type":"LineString","coordinates":[[-6.2228354,53.3140154],[-6.2228636,53.3139763]]},"properties":{"crossing":"marked","cycleway":"crossing","highway":"cycleway","oneway":"yes","surface":"asphalt","osm_type":"way","osm_id":1314384199,"length_m":4.73}},{"type":"Feature","geometry":{"type":"LineString","coordinates":[[-6.2228636,53.3139763],[-6.2228496,53.3139593]]},"properties":{"highway":"cycleway","oneway":"yes","surface":"asphalt","osm_type":"way","osm_id":1314384202,"length_m":2.38}},{"type":"Feature","geometry":{"type":"LineString","coordinates":[[-6.2229091,53.3139282],[-6.2228496,53.3139593]]},"properties":{"bicycle":"designated","foot":"designated","highway":"cycleway","oneway":"no","segregated":"no","surface":"asphalt","osm_type":"way","osm_id":1314384203,"length_m":5.31}},{"type":"Feature","geometry":{"type":"LineString","coordinates":[[-6.2202467,53.3111609],[-6.2192243,53.3104177],[-6.2175607,53.3096978]]},"properties":{"highway":"cycleway","oneway":"yes","surface":"asphalt","osm_type":"way","osm_id":1314384206,"length_m":244.93}},{"type":"Feature","geometry":{"type":"LineString","coordinates":[[-6.219039,53.3095946],[-6.2200523,53.3102899],[-6.2207464,53.3111307],[-6.2206703,53.3112327]]},"properties":{"highway":"cycleway","oneway":"yes","surface":"asphalt","osm_type":"way","osm_id":1314507319,"length_m":220.8}},{"type":"Feature","geometry":{"type":"LineString","coordinates":[[-6.2213756,53.3122263],[-6.2215066,53.3122549],[-6.2220136,53.3128942],[-6.222802,53.3135218],[-6.2227977,53.3136067]]},"properties":{"highway":"cycleway","oneway":"yes","surface":"asphalt","osm_type":"way","osm_id":1314507323,"length_m":184.99}},{"type":"Feature","geometry":{"type":"LineString","coordinates":[[-6.2236009,53.3139252],[-6.2242893,53.3141769]]},"properties":{"highway":"cycleway","oneway":"yes","segregated":"yes","surface":"concrete","osm_type":"way","osm_id":1314507328,"length_m":53.91}},{"type":"Feature","geometry":{"type":"LineString","coordinates":[[-6.2234629,53.3139338],[-6.2236009,53.3139252]]},"properties":{"highway":"cycleway","oneway":"yes","surface":"asphalt","osm_type":"way","osm_id":1314507330,"length_m":9.61}},{"type":"Feature","geometry":{"type":"LineString","coordinates":[[-6.2242893,53.3141769],[-6.2253292,53.3145922]]},"properties":{"highway":"cycleway","oneway":"yes","surface":"concrete","osm_type":"way","osm_id":1314507331,"length_m":86.62}},{"type":"Feature","geometry":{"type":"LineString","coordinates":[[-6.2932073,53.342552],[-6.293449,53.3424293]]},"properties":{"highway":"cycleway","oneway":"yes","surface":"asphalt","osm_type":"way","osm_id":1314744937,"length_m":21.46}},{"type":"Feature","geometry":{"type":"LineString","coordinates":[[-6.293449,53.3424293],[-6.293605,53.342405]]},"properties":{"crossing":"marked","crossing:markings":"yes","cycleway":"crossing","foot":"no","highway":"cycleway","oneway":"yes","surface":"asphalt","osm_type":"way","osm_id":1314744938,"length_m":10.7}},{"type":"Feature","geometry":{"type":"LineString","coordinates":[[-6.3373853,53.3356695],[-6.3374523,53.3356292]]},"properties":{"highway":"cycleway","oneway":"yes","surface":"asphalt","osm_type":"way","osm_id":1314748591,"length_m":6.31}},{"type":"Feature","geometry":{"type":"LineString","coordinates":[[-6.3140582,53.3735943],[-6.3142511,53.3739735]]},"properties":{"bicycle":"designated","foot":"designated","highway":"cycleway","lit":"yes","segregated":"no","surface":"asphalt","width":"3.5","osm_type":"way","osm_id":1314753236,"length_m":44.65}},{"type":"Feature","geometry":{"type":"LineString","coordinates":[[-6.3143949,53.3750321],[-6.3145848,53.3751631]]},"properties":{"bicycle":"designated","foot":"designated","highway":"cycleway","lit":"yes","segregated":"no","surface":"asphalt","osm_type":"way","osm_id":1314753237,"length_m":21.31}},{"type":"Feature","geometry":{"type":"LineString","coordinates":[[-6.2144366,53.3404244],[-6.2146294,53.340313]]},"properties":{"highway":"cycleway","oneway":"yes","sidewalk":"left","surface":"asphalt","osm_type":"way","osm_id":1314868986,"length_m":21.81}},{"type":"Feature","geometry":{"type":"LineString","coordinates":[[-6.2146371,53.3403956],[-6.2145102,53.3403148]]},"properties":{"crossing":"marked","cycleway":"crossing","highway":"cycleway","oneway":"no","surface":"asphalt","osm_type":"way","osm_id":1314868987,"length_m":12.32}},{"type":"Feature","geometry":{"type":"LineString","coordinates":[[-6.216937,53.3390818],[-6.2168127,53.339]]},"properties":{"crossing":"marked","cycleway":"crossing","highway":"cycleway","oneway":"no","surface":"asphalt","osm_type":"way","osm_id":1314868990,"length_m":12.28}},{"type":"Feature","geometry":{"type":"LineString","coordinates":[[-6.2167465,53.3391053],[-6.2168127,53.339]]},"properties":{"highway":"cycleway","name":"Sean Moore Road","name:en":"Sean Moore Road","name:ga":"B\u00f3thar She\u00e1in U\u00ed Mh\u00f3ra","oneway":"yes","sidewalk":"left","surface":"asphalt","osm_type":"way","osm_id":1314868991,"length_m":13.44}},{"type":"Feature","geometry":{"type":"LineString","coordinates":[[-6.2170261,53.3389708],[-6.216937,53.3390818]]},"properties":{"highway":"cycleway","name":"Sean Moore Road","name:en":"Sean Moore Road","name:ga":"B\u00f3thar She\u00e1in U\u00ed Mh\u00f3ra","oneway":"yes","sidewalk":"left","surface":"asphalt","osm_type":"way","osm_id":1314868992,"length_m":14.67}},{"type":"Feature","geometry":{"type":"LineString","coordinates":[[-6.2134472,53.3412118],[-6.2136898,53.3412419]]},"properties":{"cycleway":"shared_lane","highway":"unclassified","lane_markings":"yes","lanes":"2","lit":"yes","logainm:ref":"1380956","logainm:url":"https://www.logainm.ie/1380956.aspx","maxspeed":"30","name":"Pigeon House Road","name:en":"Pigeon House Road","name:ga":"B\u00f3thar Theach Pigeon","sidewalk":"left","smoothness":"intermediate","surface":"asphalt","was:highway":"residential","osm_type":"way","osm_id":1314877653,"length_m":16.51}},{"type":"Feature","geometry":{"type":"LineString","coordinates":[[-6.2137047,53.3412164],[-6.2136898,53.3412419]]},"properties":{"crossing":"unmarked","foot":"designated","footway":"crossing","highway":"cycleway","surface":"asphalt","osm_type":"way","osm_id":1314877654,"length_m":3.0}},{"type":"Feature","geometry":{"type":"LineString","coordinates":[[-6.2135005,53.3410978],[-6.2134399,53.3411727]]},"properties":{"highway":"cycleway","name":"Sean Moore Road","name:en":"Sean Moore Road","name:ga":"B\u00f3thar She\u00e1in U\u00ed Mh\u00f3ra","oneway":"no","sidewalk":"left","surface":"asphalt","osm_type":"way","osm_id":1314877658,"length_m":9.25}},{"type":"Feature","geometry":{"type":"LineString","coordinates":[[-6.2135005,53.3410978],[-6.2135248,53.3411106]]},"properties":{"highway":"cycleway","surface":"asphalt","osm_type":"way","osm_id":1314877659,"length_m":2.15}},{"type":"Feature","geometry":{"type":"LineString","coordinates":[[-6.2135248,53.3411106],[-6.2135476,53.3411216]]},"properties":{"bicycle":"designated","highway":"cycleway","segregated":"no","surface":"concrete","osm_type":"way","osm_id":1314877660,"length_m":1.95}},{"type":"Feature","geometry":{"type":"LineString","coordinates":[[-6.2168127,53.339],[-6.2168026,53.3389934]]},"properties":{"crossing":"marked","cycleway":"crossing","highway":"cycleway","oneway":"no","surface":"asphalt","osm_type":"way","osm_id":1314877661,"length_m":0.99}},{"type":"Feature","geometry":{"type":"LineString","coordinates":[[-6.2168127,53.339],[-6.2169164,53.3389954]]},"properties":{"highway":"cycleway","name":"Sean Moore Road","name:en":"Sean Moore Road","name:ga":"B\u00f3thar She\u00e1in U\u00ed Mh\u00f3ra","oneway":"yes","sidewalk":"left","surface":"asphalt","osm_type":"way","osm_id":1314877662,"length_m":6.9}},{"type":"Feature","geometry":{"type":"LineString","coordinates":[[-6.2169528,53.3390922],[-6.216937,53.3390818]]},"properties":{"crossing":"marked","cycleway":"crossing","highway":"cycleway","oneway":"no","surface":"asphalt","osm_type":"way","osm_id":1314877663,"length_m":1.56}},{"type":"Feature","geometry":{"type":"LineString","coordinates":[[-6.2987345,53.3362441],[-6.2987655,53.3362524]]},"properties":{"bicycle":"designated","foot":"designated","highway":"cycleway","segregated":"no","surface":"paving_stones","osm_type":"way","osm_id":1315618749,"length_m":2.26}},{"type":"Feature","geometry":{"type":"LineString","coordinates":[[-6.2991671,53.3362257],[-6.2991597,53.3362565]]},"properties":{"bicycle":"designated","foot":"designated","highway":"cycleway","segregated":"no","surface":"paving_stones","osm_type":"way","osm_id":1315618751,"length_m":3.46}},{"type":"Feature","geometry":{"type":"LineString","coordinates":[[-6.2987655,53.3362524],[-6.2989192,53.3362184]]},"properties":{"bicycle":"designated","foot":"designated","highway":"cycleway","segregated":"no","surface":"paving_stones","osm_type":"way","osm_id":1315618752,"length_m":11.67}},{"type":"Feature","geometry":{"type":"LineString","coordinates":[[-6.2988525,53.3365746],[-6.2988283,53.3365543]]},"properties":{"bicycle":"designated","foot":"designated","highway":"cycleway","segregated":"no","surface":"paving_stones","osm_type":"way","osm_id":1315618753,"length_m":2.77}},{"type":"Feature","geometry":{"type":"LineString","coordinates":[[-6.2615826,53.3527336],[-6.2617036,53.3529382]]},"properties":{"highway":"cycleway","lit":"yes","oneway":"yes","sidewalk:left":"separate","sidewalk:right":"no","surface":"asphalt","width":"2","osm_type":"way","osm_id":1315745925,"length_m":26.65}},{"type":"Feature","geometry":{"type":"LineString","coordinates":[[-6.2616382,53.3525945],[-6.2616607,53.3527648]]},"properties":{"highway":"cycleway","lit":"yes","oneway":"yes","sidewalk:left":"separate","sidewalk:right":"no","surface":"asphalt","width":"2","osm_type":"way","osm_id":1315745926,"length_m":19.02}},{"type":"Feature","geometry":{"type":"LineString","coordinates":[[-6.2616377,53.3525719],[-6.2616382,53.3525945]]},"properties":{"crossing":"marked","crossing:markings":"yes","cycleway":"crossing","highway":"cycleway","lit":"yes","oneway":"yes","sidewalk:left":"separate","sidewalk:right":"yes","surface":"asphalt","width":"1","osm_type":"way","osm_id":1315745927,"length_m":2.51}},{"type":"Feature","geometry":{"type":"LineString","coordinates":[[-6.2587539,53.3470953],[-6.2586758,53.3470744]]},"properties":{"highway":"cycleway","oneway":"yes","sidewalk:left":"separate","surface":"asphalt","osm_type":"way","osm_id":1315748036,"length_m":5.75}},{"type":"Feature","geometry":{"type":"LineString","coordinates":[[-6.3075137,53.3749735],[-6.3073315,53.3747242]]},"properties":{"cycleway":"lane","highway":"secondary","incline":"up","lanes":"2","lit":"yes","logainm:ref":"1380889","logainm:url":"https://www.logainm.ie/1380889.aspx","maxspeed":"50","maxweight":"3.5","name":"Ratoath Road","name:en":"Ratoath Road","name:etymology":"Ratoath, County Meath.","name:ga":"B\u00f3thar R\u00e1th T\u00f3","oneway":"no","ref":"R805","surface":"asphalt","osm_type":"way","osm_id":1315844447,"length_m":30.24}},{"type":"Feature","geometry":{"type":"LineString","coordinates":[[-6.3255511,53.3661733],[-6.3265049,53.3667894],[-6.3289708,53.3679495]]},"properties":{"foot":"no","highway":"cycleway","motor_vehicle":"no","sidewalk":"no","osm_type":"way","osm_id":1316048188,"length_m":304.63}},{"type":"Feature","geometry":{"type":"LineString","coordinates":[[-6.1959824,53.3507266],[-6.1959216,53.3503734]]},"properties":{"bicycle":"designated","foot":"designated","highway":"cycleway","name":"Tolka Estuary Greenway","segregated":"no","smoothness":"good","surface":"concrete","osm_type":"way","osm_id":1316925445,"length_m":40.06}},{"type":"Feature","geometry":{"type":"LineString","coordinates":[[-6.233661,53.3584158],[-6.2345276,53.358678]]},"properties":{"bicycle":"yes","foot":"yes","highway":"cycleway","segregated":"no","osm_type":"way","osm_id":1316925446,"length_m":64.57}},{"type":"Feature","geometry":{"type":"LineString","coordinates":[[-6.2300305,53.3591515],[-6.2300465,53.3591307]]},"properties":{"foot":"designated","highway":"cycleway","segregated":"no","surface":"asphalt","osm_type":"way","osm_id":1316948926,"length_m":2.54}},{"type":"Feature","geometry":{"type":"LineString","coordinates":[[-6.2300751,53.3590935],[-6.2300931,53.35907]]},"properties":{"crossing":"uncontrolled","crossing:markings":"yes","cycleway":"crossing","foot":"yes","highway":"cycleway","segregated":"no","surface":"asphalt","osm_type":"way","osm_id":1316950366,"length_m":2.87}},{"type":"Feature","geometry":{"type":"LineString","coordinates":[[-6.2310852,53.363248],[-6.2322402,53.3628875]]},"properties":{"bicycle":"designated","foot":"designated","highway":"cycleway","osm_type":"way","osm_id":1316953145,"length_m":86.49}},{"type":"Feature","geometry":{"type":"LineString","coordinates":[[-6.2047356,53.3832471],[-6.2047058,53.3832257]]},"properties":{"bicycle":"designated","highway":"cycleway","oneway":"no","surface":"asphalt","osm_type":"way","osm_id":1317174697,"length_m":3.09}},{"type":"Feature","geometry":{"type":"LineString","coordinates":[[-6.2045835,53.3830906],[-6.2045961,53.3830239]]},"properties":{"bicycle":"designated","highway":"cycleway","oneway":"no","surface":"asphalt","osm_type":"way","osm_id":1317174698,"length_m":7.81}},{"type":"Feature","geometry":{"type":"LineString","coordinates":[[-6.2047058,53.3832257],[-6.2046531,53.3831674]]},"properties":{"crossing":"marked","cycleway":"crossing","foot":"no","highway":"cycleway","oneway":"no","surface":"asphalt","osm_type":"way","osm_id":1317174699,"length_m":7.36}},{"type":"Feature","geometry":{"type":"LineString","coordinates":[[-6.2046531,53.3831674],[-6.2046381,53.3831508]]},"properties":{"bicycle":"designated","highway":"cycleway","oneway":"no","surface":"asphalt","osm_type":"way","osm_id":1317174700,"length_m":2.1}},{"type":"Feature","geometry":{"type":"LineString","coordinates":[[-6.2058377,53.382946],[-6.2056329,53.3832012]]},"properties":{"bicycle":"designated","highway":"cycleway","oneway":"no","surface":"asphalt","osm_type":"way","osm_id":1317174708,"length_m":31.73}},{"type":"Feature","geometry":{"type":"LineString","coordinates":[[-6.2056329,53.3832012],[-6.2054764,53.3832751]]},"properties":{"crossing":"marked","cycleway":"crossing","foot":"no","highway":"cycleway","oneway":"no","surface":"asphalt","osm_type":"way","osm_id":1317174709,"length_m":13.24}},{"type":"Feature","geometry":{"type":"LineString","coordinates":[[-6.2060037,53.3828993],[-6.2058377,53.382946]]},"properties":{"highway":"cycleway","surface":"asphalt","osm_type":"way","osm_id":1317174711,"length_m":12.17}},{"type":"Feature","geometry":{"type":"LineString","coordinates":[[-6.2057111,53.3827989],[-6.2057613,53.3828576]]},"properties":{"crossing":"marked","cycleway":"crossing","foot":"no","highway":"cycleway","oneway":"no","surface":"asphalt","osm_type":"way","osm_id":1317174712,"length_m":7.33}},{"type":"Feature","geometry":{"type":"LineString","coordinates":[[-6.2058268,53.3829343],[-6.2058377,53.382946]]},"properties":{"bicycle":"designated","highway":"cycleway","oneway":"no","surface":"asphalt","osm_type":"way","osm_id":1317174713,"length_m":1.49}},{"type":"Feature","geometry":{"type":"LineString","coordinates":[[-6.2048018,53.3828072],[-6.2049103,53.3827482]]},"properties":{"crossing":"marked","cycleway":"crossing","foot":"no","highway":"cycleway","oneway":"no","surface":"asphalt","osm_type":"way","osm_id":1317174718,"length_m":9.74}},{"type":"Feature","geometry":{"type":"LineString","coordinates":[[-6.2049103,53.3827482],[-6.204984,53.3827065]]},"properties":{"crossing":"marked","cycleway":"crossing","foot":"no","highway":"cycleway","oneway":"no","surface":"asphalt","osm_type":"way","osm_id":1317174719,"length_m":6.74}},{"type":"Feature","geometry":{"type":"LineString","coordinates":[[-6.1430295,53.3847911],[-6.1429526,53.3847195]]},"properties":{"highway":"cycleway","oneway":"no","surface":"asphalt","osm_type":"way","osm_id":1317414377,"length_m":9.46}},{"type":"Feature","geometry":{"type":"LineString","coordinates":[[-6.1855831,53.397176],[-6.1856207,53.397102]]},"properties":{"crossing":"marked","cycleway":"crossing","foot":"designated","highway":"cycleway","segregated":"yes","surface":"asphalt","osm_type":"way","osm_id":1317565214,"length_m":8.6}},{"type":"Feature","geometry":{"type":"LineString","coordinates":[[-6.1871691,53.396891],[-6.1872675,53.3969151]]},"properties":{"crossing":"marked","cycleway":"crossing","foot":"yes","highway":"cycleway","segregated":"yes","surface":"asphalt","osm_type":"way","osm_id":1317565215,"length_m":7.05}},{"type":"Feature","geometry":{"type":"LineString","coordinates":[[-6.1869716,53.3968986],[-6.1870345,53.396916]]},"properties":{"crossing":"marked","cycleway":"crossing","foot":"yes","highway":"cycleway","segregated":"yes","surface":"asphalt","osm_type":"way","osm_id":1317565216,"length_m":4.6}},{"type":"Feature","geometry":{"type":"LineString","coordinates":[[-6.1870345,53.396916],[-6.1871691,53.396891]]},"properties":{"bicycle":"designated","foot":"designated","highway":"cycleway","osm_type":"way","osm_id":1317565217,"length_m":11.36}},{"type":"Feature","geometry":{"type":"LineString","coordinates":[[-6.1873057,53.3969224],[-6.1871971,53.3971287],[-6.1872714,53.3974721],[-6.1875307,53.3976904],[-6.1879867,53.3978179]]},"properties":{"bicycle":"designated","foot":"designated","highway":"cycleway","segregated":"yes","surface":"concrete","osm_type":"way","osm_id":1317572161,"length_m":127.91}},{"type":"Feature","geometry":{"type":"LineString","coordinates":[[-6.1872675,53.3969151],[-6.1873057,53.3969224]]},"properties":{"bicycle":"designated","foot":"designated","highway":"cycleway","osm_type":"way","osm_id":1317572162,"length_m":2.66}},{"type":"Feature","geometry":{"type":"LineString","coordinates":[[-6.1879937,53.3978049],[-6.1884344,53.3979442]]},"properties":{"bicycle":"designated","foot":"designated","highway":"cycleway","oneway":"yes","segregated":"yes","surface":"concrete","osm_type":"way","osm_id":1317572163,"length_m":34.55}},{"type":"Feature","geometry":{"type":"LineString","coordinates":[[-6.1873224,53.3967833],[-6.1873057,53.3969224]]},"properties":{"highway":"cycleway","oneway":"yes","surface":"concrete","osm_type":"way","osm_id":1317572165,"length_m":15.95}},{"type":"Feature","geometry":{"type":"LineString","coordinates":[[-6.1861331,53.3977],[-6.1859217,53.3973353],[-6.1855831,53.397176]]},"properties":{"highway":"cycleway","surface":"concrete","osm_type":"way","osm_id":1317572169,"length_m":72.66}},{"type":"Feature","geometry":{"type":"LineString","coordinates":[[-6.1856207,53.397102],[-6.1856445,53.3970438]]},"properties":{"crossing":"marked","cycleway":"crossing","foot":"designated","highway":"cycleway","segregated":"yes","surface":"asphalt","osm_type":"way","osm_id":1317572171,"length_m":6.66}},{"type":"Feature","geometry":{"type":"LineString","coordinates":[[-6.1857922,53.3981632],[-6.1861331,53.3977]]},"properties":{"highway":"cycleway","surface":"concrete","osm_type":"way","osm_id":1317572172,"length_m":56.5}},{"type":"Feature","geometry":{"type":"LineString","coordinates":[[-6.1879867,53.3978179],[-6.1879436,53.397897]]},"properties":{"crossing":"marked","cycleway":"crossing","foot":"yes","highway":"cycleway","segregated":"yes","surface":"asphalt","osm_type":"way","osm_id":1317572175,"length_m":9.25}},{"type":"Feature","geometry":{"type":"LineString","coordinates":[[-6.1879436,53.397897],[-6.1874347,53.3978041]]},"properties":{"bicycle":"designated","foot":"designated","highway":"cycleway","segregated":"yes","surface":"concrete","osm_type":"way","osm_id":1317572176,"length_m":37.62}},{"type":"Feature","geometry":{"type":"LineString","coordinates":[[-6.1858122,53.398259],[-6.1857922,53.3981632]]},"properties":{"highway":"cycleway","oneway":"yes","sidewalk":"left","surface":"asphalt","osm_type":"way","osm_id":1317572177,"length_m":10.8}},{"type":"Feature","geometry":{"type":"LineString","coordinates":[[-6.1615191,53.398399],[-6.1616066,53.3983396]]},"properties":{"bicycle":"designated","foot":"designated","highway":"cycleway","oneway":"no","segregated":"no","surface":"paved","osm_type":"way","osm_id":1317625866,"length_m":12.19}},{"type":"Feature","geometry":{"type":"LineString","coordinates":[[-6.1617615,53.3983545],[-6.1618131,53.3984143]]},"properties":{"bicycle":"designated","foot":"designated","highway":"cycleway","oneway":"no","segregated":"no","surface":"paved","osm_type":"way","osm_id":1317625869,"length_m":8.24}},{"type":"Feature","geometry":{"type":"LineString","coordinates":[[-6.1618131,53.3984143],[-6.1619151,53.3985951],[-6.162392,53.3988886]]},"properties":{"highway":"cycleway","oneway":"no","surface":"paved","osm_type":"way","osm_id":1317625870,"length_m":67.43}},{"type":"Feature","geometry":{"type":"LineString","coordinates":[[-6.1625835,53.3989483],[-6.1627927,53.3991204]]},"properties":{"highway":"cycleway","oneway":"yes","surface":"paved","osm_type":"way","osm_id":1317625873,"length_m":25.89}},{"type":"Feature","geometry":{"type":"LineString","coordinates":[[-6.1629286,53.3991575],[-6.1627004,53.3992086],[-6.1624367,53.3991298]]},"properties":{"highway":"cycleway","oneway":"yes","surface":"paved","osm_type":"way","osm_id":1317625874,"length_m":36.02}},{"type":"Feature","geometry":{"type":"LineString","coordinates":[[-6.1624367,53.3991298],[-6.1623547,53.3991053]]},"properties":{"highway":"cycleway","oneway":"no","segregated":"no","surface":"paved","osm_type":"way","osm_id":1317625875,"length_m":6.08}},{"type":"Feature","geometry":{"type":"LineString","coordinates":[[-6.162392,53.3988886],[-6.1625073,53.398925]]},"properties":{"bicycle":"designated","foot":"designated","highway":"cycleway","segregated":"no","surface":"paved","osm_type":"way","osm_id":1317625876,"length_m":8.65}},{"type":"Feature","geometry":{"type":"LineString","coordinates":[[-6.1625073,53.398925],[-6.1625835,53.3989483]]},"properties":{"bicycle":"designated","foot":"designated","highway":"cycleway","segregated":"no","surface":"paved","osm_type":"way","osm_id":1317625878,"length_m":5.68}},{"type":"Feature","geometry":{"type":"LineString","coordinates":[[-6.1624666,53.3989746],[-6.162434,53.3990136]]},"properties":{"crossing":"marked","cycleway":"crossing","foot":"yes","highway":"cycleway","oneway":"no","segregated":"no","surface":"asphalt","osm_type":"way","osm_id":1317625879,"length_m":4.85}},{"type":"Feature","geometry":{"type":"LineString","coordinates":[[-6.1625073,53.398925],[-6.1624666,53.3989746]]},"properties":{"bicycle":"designated","foot":"designated","highway":"cycleway","oneway":"no","segregated":"no","surface":"paved","osm_type":"way","osm_id":1317625880,"length_m":6.14}},{"type":"Feature","geometry":{"type":"LineString","coordinates":[[-6.1623744,53.3990848],[-6.1623547,53.3991053]]},"properties":{"bicycle":"designated","foot":"designated","highway":"cycleway","oneway":"no","segregated":"no","surface":"paved","osm_type":"way","osm_id":1317625881,"length_m":2.63}},{"type":"Feature","geometry":{"type":"LineString","coordinates":[[-6.1624177,53.3990331],[-6.1623744,53.3990848]]},"properties":{"crossing":"marked","cycleway":"crossing","foot":"yes","highway":"cycleway","oneway":"no","segregated":"no","surface":"asphalt","osm_type":"way","osm_id":1317625882,"length_m":6.43}},{"type":"Feature","geometry":{"type":"LineString","coordinates":[[-6.162434,53.3990136],[-6.1624177,53.3990331]]},"properties":{"foot":"yes","highway":"cycleway","oneway":"no","segregated":"no","surface":"paved","osm_type":"way","osm_id":1317625883,"length_m":2.42}},{"type":"Feature","geometry":{"type":"LineString","coordinates":[[-6.1623547,53.3991053],[-6.1622668,53.3990802]]},"properties":{"highway":"cycleway","oneway":"no","segregated":"no","surface":"paved","osm_type":"way","osm_id":1317625884,"length_m":6.46}},{"type":"Feature","geometry":{"type":"LineString","coordinates":[[-6.1622668,53.3990802],[-6.1620267,53.3990649],[-6.1618512,53.3991899]]},"properties":{"highway":"cycleway","oneway":"no","surface":"paved","osm_type":"way","osm_id":1317625885,"length_m":35.6}},{"type":"Feature","geometry":{"type":"LineString","coordinates":[[-6.1618252,53.3992853],[-6.1617325,53.3994728]]},"properties":{"highway":"cycleway","oneway":"yes","surface":"asphalt","osm_type":"way","osm_id":1317625886,"length_m":23.21}},{"type":"Feature","geometry":{"type":"LineString","coordinates":[[-6.16183,53.399257],[-6.1618252,53.3992853]]},"properties":{"highway":"cycleway","segregated":"no","surface":"concrete","osm_type":"way","osm_id":1317625887,"length_m":3.16}},{"type":"Feature","geometry":{"type":"LineString","coordinates":[[-6.1618069,53.3992584],[-6.1615295,53.3992752]]},"properties":{"crossing":"marked","cycleway":"crossing","highway":"cycleway","oneway":"no","surface":"asphalt","osm_type":"way","osm_id":1317625888,"length_m":18.49}},{"type":"Feature","geometry":{"type":"LineString","coordinates":[[-6.1616801,53.3992473],[-6.1614817,53.3991422]]},"properties":{"highway":"cycleway","oneway":"yes","surface":"asphalt","osm_type":"way","osm_id":1317625889,"length_m":19.18}},{"type":"Feature","geometry":{"type":"LineString","coordinates":[[-6.161705,53.3993806],[-6.1615468,53.3993432]]},"properties":{"highway":"cycleway","oneway":"yes","surface":"asphalt","osm_type":"way","osm_id":1317625890,"length_m":11.28}},{"type":"Feature","geometry":{"type":"LineString","coordinates":[[-6.1615175,53.3993207],[-6.1615034,53.3992767]]},"properties":{"bicycle":"designated","foot":"designated","highway":"cycleway","segregated":"no","surface":"concrete","osm_type":"way","osm_id":1317625891,"length_m":4.98}},{"type":"Feature","geometry":{"type":"LineString","coordinates":[[-6.1618512,53.3991899],[-6.1618069,53.3992584]]},"properties":{"highway":"cycleway","oneway":"no","surface":"paved","osm_type":"way","osm_id":1317625892,"length_m":9.13}},{"type":"Feature","geometry":{"type":"LineString","coordinates":[[-6.1615295,53.3992752],[-6.1614817,53.3991422]]},"properties":{"highway":"cycleway","oneway":"no","surface":"paved","osm_type":"way","osm_id":1317625893,"length_m":16.85}},{"type":"Feature","geometry":{"type":"LineString","coordinates":[[-6.1616345,53.3995863],[-6.161743,53.3995081]]},"properties":{"foot":"yes","highway":"cycleway","name":"The Hole in the Wall Road","name:ga":"B\u00f3thar Pholl an Bhalla","oneway":"yes","sidewalk":"left","surface":"asphalt","osm_type":"way","osm_id":1317625894,"length_m":11.29}},{"type":"Feature","geometry":{"type":"LineString","coordinates":[[-6.1615468,53.3993432],[-6.1615175,53.3993207]]},"properties":{"highway":"cycleway","oneway":"yes","surface":"asphalt","osm_type":"way","osm_id":1317625898,"length_m":3.32}},{"type":"Feature","geometry":{"type":"LineString","coordinates":[[-6.160256,53.3985631],[-6.1607736,53.3985637]]},"properties":{"highway":"cycleway","oneway":"yes","surface":"asphalt","osm_type":"way","osm_id":1317625899,"length_m":36.28}},{"type":"Feature","geometry":{"type":"LineString","coordinates":[[-6.1607197,53.3987307],[-6.1605924,53.3986839]]},"properties":{"bicycle":"designated","foot":"designated","highway":"cycleway","oneway":"yes","segregated":"yes","surface":"asphalt","osm_type":"way","osm_id":1317625900,"length_m":11.07}},{"type":"Feature","geometry":{"type":"LineString","coordinates":[[-6.1608363,53.3987525],[-6.1608538,53.3987181]]},"properties":{"bicycle":"designated","foot":"designated","highway":"cycleway","segregated":"no","surface":"concrete","osm_type":"way","osm_id":1317625901,"length_m":4.0}},{"type":"Feature","geometry":{"type":"LineString","coordinates":[[-6.1609,53.3986243],[-6.1609172,53.3985892]]},"properties":{"bicycle":"designated","foot":"designated","highway":"cycleway","segregated":"no","surface":"concrete","osm_type":"way","osm_id":1317625902,"length_m":4.07}},{"type":"Feature","geometry":{"type":"LineString","coordinates":[[-6.1607736,53.3985637],[-6.1609172,53.3985892]]},"properties":{"bicycle":"designated","foot":"designated","highway":"cycleway","oneway":"no","segregated":"no","surface":"concrete","osm_type":"way","osm_id":1317625904,"length_m":9.93}},{"type":"Feature","geometry":{"type":"LineString","coordinates":[[-6.1609635,53.3987762],[-6.1608363,53.3987525]]},"properties":{"highway":"cycleway","segregated":"no","surface":"paved","osm_type":"way","osm_id":1317625905,"length_m":8.84}},{"type":"Feature","geometry":{"type":"LineString","coordinates":[[-6.1605924,53.3986839],[-6.1605978,53.3986146]]},"properties":{"highway":"cycleway","oneway":"yes","sidewalk":"left","surface":"asphalt","osm_type":"way","osm_id":1317625906,"length_m":7.71}},{"type":"Feature","geometry":{"type":"LineString","coordinates":[[-6.1608363,53.3987525],[-6.1607197,53.3987307]]},"properties":{"highway":"cycleway","segregated":"no","surface":"paved","osm_type":"way","osm_id":1317625907,"length_m":8.1}},{"type":"Feature","geometry":{"type":"LineString","coordinates":[[-6.1609172,53.3985892],[-6.1610545,53.3986211]]},"properties":{"bicycle":"designated","foot":"designated","highway":"cycleway","oneway":"no","segregated":"no","surface":"concrete","osm_type":"way","osm_id":1317625908,"length_m":9.77}},{"type":"Feature","geometry":{"type":"LineString","coordinates":[[-6.1605978,53.3986146],[-6.1606533,53.398623]]},"properties":{"bicycle":"yes","cycleway":"lane","foot":"yes","highway":"secondary","horse":"yes","lane_markings":"yes","lanes":"2","lit":"yes","logainm:ref":"No entry","logainm:url":"No entry","maxspeed":"60","name":"Grange Road","name:en":"Grange Road","name:ga":"B\u00f3thar na Gr\u00e1ins\u00ed","oneway":"no","ref":"R139","surface":"asphalt","osm_type":"way","osm_id":1317625909,"length_m":3.8}},{"type":"Feature","geometry":{"type":"LineString","coordinates":[[-6.160256,53.3985631],[-6.1605978,53.3986146]]},"properties":{"bicycle":"yes","cycleway":"lane","foot":"yes","highway":"secondary","horse":"yes","lane_markings":"yes","lanes":"2","lit":"yes","logainm:ref":"No entry","logainm:url":"No entry","maxspeed":"60","name":"Grange Road","name:en":"Grange Road","name:ga":"B\u00f3thar na Gr\u00e1ins\u00ed","oneway":"no","ref":"R139","surface":"asphalt","osm_type":"way","osm_id":1317625910,"length_m":23.37}},{"type":"Feature","geometry":{"type":"LineString","coordinates":[[-6.1621925,53.4027443],[-6.1621481,53.4027847]]},"properties":{"highway":"cycleway","oneway":"yes","surface":"asphalt","osm_type":"way","osm_id":1317635819,"length_m":5.37}},{"type":"Feature","geometry":{"type":"LineString","coordinates":[[-6.1623033,53.402776],[-6.1599678,53.4028782]]},"properties":{"foot":"yes","highway":"cycleway","lit":"yes","oneway":"yes","segregated":"yes","surface":"asphalt","width":"2.5","osm_type":"way","osm_id":1317635820,"length_m":155.62}},{"type":"Feature","geometry":{"type":"LineString","coordinates":[[-6.1630909,53.4058532],[-6.1630606,53.4058505]]},"properties":{"foot":"yes","highway":"cycleway","lit":"yes","segregated":"no","surface":"concrete","osm_type":"way","osm_id":1317635821,"length_m":2.03}},{"type":"Feature","geometry":{"type":"LineString","coordinates":[[-6.1637075,53.4057331],[-6.1633353,53.4058525]]},"properties":{"bicycle":"designated","foot":"designated","highway":"cycleway","lanes":"1","motor_vehicle":"no","name":"Parkside Lane","segregated":"no","surface":"asphalt","osm_type":"way","osm_id":1317635823,"length_m":28.02}},{"type":"Feature","geometry":{"type":"LineString","coordinates":[[-6.1632233,53.4056932],[-6.1633226,53.4058099]]},"properties":{"highway":"cycleway","oneway":"yes","surface":"asphalt","osm_type":"way","osm_id":1317635825,"length_m":15.03}},{"type":"Feature","geometry":{"type":"LineString","coordinates":[[-6.1633226,53.4058099],[-6.1633013,53.4058688]]},"properties":{"cycleway":"sidewalk","foot":"yes","highway":"cycleway","lit":"yes","segregated":"no","surface":"concrete","osm_type":"way","osm_id":1317635826,"length_m":9.27}},{"type":"Feature","geometry":{"type":"LineString","coordinates":[[-6.1633013,53.4058688],[-6.1631995,53.4058613]]},"properties":{"bicycle":"designated","crossing":"traffic_signals","cycleway":"crossing","foot":"designated","highway":"cycleway","lit":"yes","segregated":"no","surface":"asphalt","osm_type":"way","osm_id":1317635829,"length_m":6.8}},{"type":"Feature","geometry":{"type":"LineString","coordinates":[[-6.2295465,53.3642412],[-6.2295733,53.3642085]]},"properties":{"foot":"yes","highway":"cycleway","segregated":"no","surface":"asphalt","osm_type":"way","osm_id":1317788139,"length_m":4.05}},{"type":"Feature","geometry":{"type":"LineString","coordinates":[[-6.228403,53.3640918],[-6.2295733,53.3642085]]},"properties":{"highway":"cycleway","surface":"asphalt","osm_type":"way","osm_id":1317788140,"length_m":78.73}},{"type":"Feature","geometry":{"type":"LineString","coordinates":[[-6.2295733,53.3642085],[-6.2299901,53.3642363]]},"properties":{"highway":"cycleway","surface":"asphalt","osm_type":"way","osm_id":1317788141,"length_m":27.87}},{"type":"Feature","geometry":{"type":"LineString","coordinates":[[-6.2050391,53.3826742],[-6.2050437,53.3827011]]},"properties":{"highway":"cycleway","oneway":"no","surface":"paved","osm_type":"way","osm_id":1317909372,"length_m":3.01}},{"type":"Feature","geometry":{"type":"LineString","coordinates":[[-6.2111728,53.353579],[-6.2109576,53.353571],[-6.2109481,53.3536559]]},"properties":{"foot":"yes","highway":"cycleway","oneway":"no","segregated":"no","surface":"asphalt","osm_type":"way","osm_id":1317976192,"length_m":23.77}},{"type":"Feature","geometry":{"type":"LineString","coordinates":[[-6.2317046,53.3596655],[-6.2316923,53.359655]]},"properties":{"bicycle":"designated","foot":"yes","highway":"cycleway","oneway":"no","segregated":"no","surface":"paved","osm_type":"way","osm_id":1317982149,"length_m":1.42}},{"type":"Feature","geometry":{"type":"LineString","coordinates":[[-6.2907044,53.3999992],[-6.2905621,53.3995063]]},"properties":{"cycleway:surface":"asphalt","footway:surface":"asphalt","highway":"cycleway","lit":"yes","oneway":"yes","segregated":"no","surface":"paved","osm_type":"way","osm_id":1318024003,"length_m":56.14}},{"type":"Feature","geometry":{"type":"LineString","coordinates":[[-6.2914758,53.4019512],[-6.2914745,53.4014227],[-6.2913414,53.4009159],[-6.2907044,53.3999992]]},"properties":{"foot":"no","highway":"cycleway","lit":"yes","oneway":"yes","surface":"paved","osm_type":"way","osm_id":1318024004,"length_m":226.27}},{"type":"Feature","geometry":{"type":"LineString","coordinates":[[-6.2819927,53.4035093],[-6.2820929,53.4034335]]},"properties":{"crossing":"marked","cycleway":"crossing","foot":"no","highway":"cycleway","oneway":"yes","surface":"asphalt","osm_type":"way","osm_id":1318025112,"length_m":10.73}},{"type":"Feature","geometry":{"type":"LineString","coordinates":[[-6.282424,53.403405],[-6.2822813,53.4035067]]},"properties":{"bicycle":"designated","foot":"designated","highway":"cycleway","oneway":"yes","segregated":"no","surface":"asphalt","osm_type":"way","osm_id":1318025113,"length_m":14.77}},{"type":"Feature","geometry":{"type":"LineString","coordinates":[[-6.2821332,53.4036419],[-6.281976,53.4037349]]},"properties":{"bicycle":"designated","foot":"designated","highway":"cycleway","oneway":"yes","segregated":"no","surface":"asphalt","osm_type":"way","osm_id":1318025114,"length_m":14.81}},{"type":"Feature","geometry":{"type":"LineString","coordinates":[[-6.282262,53.4035446],[-6.2821612,53.4036196]]},"properties":{"crossing":"marked","cycleway":"crossing","foot":"no","highway":"cycleway","oneway":"yes","surface":"asphalt","osm_type":"way","osm_id":1318025115,"length_m":10.69}},{"type":"Feature","geometry":{"type":"LineString","coordinates":[[-6.2830536,53.4042025],[-6.282919,53.404191],[-6.2822941,53.4037349]]},"properties":{"highway":"cycleway","lit":"yes","oneway":"yes","surface":"asphalt","osm_type":"way","osm_id":1318025116,"length_m":74.66}},{"type":"Feature","geometry":{"type":"LineString","coordinates":[[-6.2839862,53.4059441],[-6.284172,53.4055702],[-6.2839512,53.4050742]]},"properties":{"highway":"cycleway","lit":"yes","oneway":"yes","surface":"asphalt","osm_type":"way","osm_id":1318025118,"length_m":101.41}},{"type":"Feature","geometry":{"type":"LineString","coordinates":[[-6.2839512,53.4050742],[-6.2838809,53.405017]]},"properties":{"highway":"cycleway","lit":"yes","surface":"concrete","osm_type":"way","osm_id":1318025119,"length_m":7.88}},{"type":"Feature","geometry":{"type":"LineString","coordinates":[[-6.2649173,53.4013317],[-6.2653979,53.4021054],[-6.2653466,53.403945],[-6.2654039,53.4049265],[-6.2654862,53.4050156]]},"properties":{"bicycle":"designated","cycleway:surface":"asphalt","foot":"designated","footway:surface":"concrete","highway":"cycleway","lit":"yes","oneway":"yes","segregated":"yes","surface":"paved","osm_type":"way","osm_id":1318115353,"length_m":421.77}},{"type":"Feature","geometry":{"type":"LineString","coordinates":[[-6.2821536,53.403426],[-6.2822623,53.4034956]]},"properties":{"crossing":"marked","cycleway":"crossing","foot":"no","highway":"cycleway","oneway":"yes","surface":"asphalt","osm_type":"way","osm_id":1318131475,"length_m":10.57}},{"type":"Feature","geometry":{"type":"LineString","coordinates":[[-6.2821268,53.4034078],[-6.2822821,53.4033331]]},"properties":{"bicycle":"designated","foot":"designated","highway":"cycleway","oneway":"yes","segregated":"no","surface":"asphalt","osm_type":"way","osm_id":1318131476,"length_m":13.6}},{"type":"Feature","geometry":{"type":"LineString","coordinates":[[-6.2819615,53.403531],[-6.2818629,53.4034182]]},"properties":{"bicycle":"designated","foot":"designated","highway":"cycleway","oneway":"yes","segregated":"yes","surface":"asphalt","osm_type":"way","osm_id":1318131477,"length_m":14.27}},{"type":"Feature","geometry":{"type":"LineString","coordinates":[[-6.2822813,53.4035067],[-6.2822898,53.4035263]]},"properties":{"bicycle":"designated","foot":"designated","highway":"cycleway","oneway":"yes","segregated":"no","surface":"asphalt","osm_type":"way","osm_id":1318131478,"length_m":2.25}},{"type":"Feature","geometry":{"type":"LineString","coordinates":[[-6.2835928,53.4021776],[-6.2832026,53.402655]]},"properties":{"cycleway":"lane","highway":"tertiary","lane_markings":"no","lanes":"2","lit":"yes","logainm:ref":"1406587","logainm:url":"https://www.logainm.ie/1406587.aspx","maxspeed":"50","name":"Poppintree Park Lane West","name:en":"Poppintree Park Lane West","name:ga":"L\u00e1na Ph\u00e1irc Chrann Phap\u00e1in Thiar","surface":"asphalt","osm_type":"way","osm_id":1318131483,"length_m":59.05}},{"type":"Feature","geometry":{"type":"LineString","coordinates":[[-6.2839744,53.4017199],[-6.2836828,53.4020698]]},"properties":{"cycleway":"lane","highway":"tertiary","lane_markings":"no","lanes":"2","lit":"yes","logainm:ref":"1406587","logainm:url":"https://www.logainm.ie/1406587.aspx","maxspeed":"50","name":"Poppintree Park Lane West","name:en":"Poppintree Park Lane West","name:ga":"L\u00e1na Ph\u00e1irc Chrann Phap\u00e1in Thiar","surface":"asphalt","osm_type":"way","osm_id":1318131485,"length_m":43.45}},{"type":"Feature","geometry":{"type":"LineString","coordinates":[[-6.2987168,53.3364123],[-6.2987079,53.3363914]]},"properties":{"bicycle":"designated","foot":"designated","highway":"cycleway","segregated":"no","surface":"paving_stones","osm_type":"way","osm_id":1318264999,"length_m":2.4}},{"type":"Feature","geometry":{"type":"LineString","coordinates":[[-6.282126,53.4036424],[-6.2820928,53.4036195]]},"properties":{"highway":"cycleway","oneway":"yes","surface":"asphalt","osm_type":"way","osm_id":1318361774,"length_m":3.37}},{"type":"Feature","geometry":{"type":"LineString","coordinates":[[-6.2819848,53.4035465],[-6.2819615,53.403531]]},"properties":{"highway":"cycleway","oneway":"yes","surface":"asphalt","osm_type":"way","osm_id":1318361775,"length_m":2.31}},{"type":"Feature","geometry":{"type":"LineString","coordinates":[[-6.2821612,53.4036196],[-6.2821332,53.4036419]]},"properties":{"highway":"cycleway","oneway":"yes","surface":"asphalt","osm_type":"way","osm_id":1318361776,"length_m":3.1}},{"type":"Feature","geometry":{"type":"LineString","coordinates":[[-6.2822898,53.4035263],[-6.282262,53.4035446]]},"properties":{"highway":"cycleway","oneway":"yes","surface":"asphalt","osm_type":"way","osm_id":1318361777,"length_m":2.75}},{"type":"Feature","geometry":{"type":"LineString","coordinates":[[-6.2819615,53.403531],[-6.2819927,53.4035093]]},"properties":{"highway":"cycleway","oneway":"yes","surface":"asphalt","osm_type":"way","osm_id":1318361778,"length_m":3.18}},{"type":"Feature","geometry":{"type":"LineString","coordinates":[[-6.2820929,53.4034335],[-6.2821268,53.4034078]]},"properties":{"highway":"cycleway","oneway":"yes","surface":"asphalt","osm_type":"way","osm_id":1318361779,"length_m":3.64}},{"type":"Feature","geometry":{"type":"LineString","coordinates":[[-6.2821268,53.4034078],[-6.2821536,53.403426]]},"properties":{"highway":"cycleway","oneway":"yes","surface":"asphalt","osm_type":"way","osm_id":1318361780,"length_m":2.69}},{"type":"Feature","geometry":{"type":"LineString","coordinates":[[-6.2822623,53.4034956],[-6.2822813,53.4035067]]},"properties":{"highway":"cycleway","oneway":"yes","surface":"asphalt","osm_type":"way","osm_id":1318361781,"length_m":1.76}},{"type":"Feature","geometry":{"type":"LineString","coordinates":[[-6.2318194,53.3596167],[-6.2327635,53.3589328]]},"properties":{"bicycle":"yes","foot":"no","highway":"cycleway","lit":"yes","name":"Alfie Byrne Road","name:en":"Alfie Byrne Road","name:ga":"B\u00f3thar Ailf U\u00ed Bhroin","oneway":"no","sidewalk":"left","surface":"asphalt","osm_type":"way","osm_id":1318828827,"length_m":98.58}},{"type":"Feature","geometry":{"type":"LineString","coordinates":[[-6.2317352,53.3596803],[-6.2317201,53.3596733]]},"properties":{"bicycle":"designated","crossing":"marked","cycleway":"crossing","foot":"designated","highway":"cycleway","segregated":"no","surface":"asphalt","osm_type":"way","osm_id":1318828828,"length_m":1.27}},{"type":"Feature","geometry":{"type":"LineString","coordinates":[[-6.225998,53.351412],[-6.2258491,53.3516206]]},"properties":{"cycleway":"sidewalk","highway":"cycleway","lit":"yes","segregated":"no","surface":"concrete","osm_type":"way","osm_id":1318828829,"length_m":25.21}},{"type":"Feature","geometry":{"type":"LineString","coordinates":[[-6.2285195,53.3611167],[-6.2280999,53.3611734]]},"properties":{"highway":"cycleway","oneway":"no","surface":"asphalt","osm_type":"way","osm_id":1319965708,"length_m":28.72}},{"type":"Feature","geometry":{"type":"LineString","coordinates":[[-6.2279629,53.3611908],[-6.2277997,53.3611768]]},"properties":{"highway":"cycleway","oneway":"no","surface":"asphalt","osm_type":"way","osm_id":1319965710,"length_m":12.2}},{"type":"Feature","geometry":{"type":"LineString","coordinates":[[-6.228057,53.3611665],[-6.2279629,53.3611908]]},"properties":{"crossing":"unmarked","cycleway":"crossing","foot":"yes","highway":"cycleway","oneway":"no","segregated":"no","surface":"asphalt","osm_type":"way","osm_id":1319965711,"length_m":6.8}},{"type":"Feature","geometry":{"type":"LineString","coordinates":[[-6.2280999,53.3611734],[-6.228057,53.3611665]]},"properties":{"foot":"yes","highway":"cycleway","oneway":"no","segregated":"no","surface":"concrete","osm_type":"way","osm_id":1319965712,"length_m":2.95}},{"type":"Feature","geometry":{"type":"LineString","coordinates":[[-6.2277997,53.3611768],[-6.2277704,53.3610964]]},"properties":{"crossing":"marked","cycleway":"crossing","foot":"yes","highway":"cycleway","oneway":"no","segregated":"no","surface":"asphalt","osm_type":"way","osm_id":1319965713,"length_m":9.15}},{"type":"Feature","geometry":{"type":"LineString","coordinates":[[-6.2277704,53.3610964],[-6.2277591,53.3610656]]},"properties":{"foot":"yes","highway":"cycleway","oneway":"no","segregated":"no","surface":"asphalt","osm_type":"way","osm_id":1319965714,"length_m":3.51}},{"type":"Feature","geometry":{"type":"LineString","coordinates":[[-6.2336058,53.3582631],[-6.2336246,53.3582709]]},"properties":{"crossing":"marked","cycleway":"crossing","highway":"cycleway","segregated":"no","surface":"asphalt","osm_type":"way","osm_id":1319982077,"length_m":1.52}},{"type":"Feature","geometry":{"type":"LineString","coordinates":[[-6.2194213,53.3570969],[-6.2183652,53.3568672]]},"properties":{"bicycle":"designated","foot":"designated","highway":"cycleway","name":"Tolka Estuary Greenway","oneway":"no","segregated":"no","smoothness":"good","surface":"asphalt","osm_type":"way","osm_id":1319983959,"length_m":75.01}},{"type":"Feature","geometry":{"type":"LineString","coordinates":[[-6.2252281,53.35238],[-6.2253062,53.3524054]]},"properties":{"bicycle":"designated","foot":"designated","highway":"cycleway","surface":"asphalt","osm_type":"way","osm_id":1319984337,"length_m":5.9}},{"type":"Feature","geometry":{"type":"LineString","coordinates":[[-6.2249579,53.3523332],[-6.2250392,53.3523152]]},"properties":{"bicycle":"designated","foot":"designated","highway":"cycleway","surface":"concrete","osm_type":"way","osm_id":1319984339,"length_m":7.9}},{"type":"Feature","geometry":{"type":"LineString","coordinates":[[-6.2295415,53.3642569],[-6.2295465,53.3642412]]},"properties":{"highway":"cycleway","oneway":"yes","surface":"asphalt","osm_type":"way","osm_id":1319991451,"length_m":1.78}},{"type":"Feature","geometry":{"type":"LineString","coordinates":[[-6.2295385,53.3643957],[-6.2294707,53.3643847]]},"properties":{"highway":"cycleway","name":"Clontarf Road","name:en":"Clontarf Road","name:ga":"B\u00f3thar Chluain Tarbh","oneway":"yes","surface":"asphalt","osm_type":"way","osm_id":1319991452,"length_m":4.87}},{"type":"Feature","geometry":{"type":"LineString","coordinates":[[-6.2299682,53.3644295],[-6.2299131,53.3644471]]},"properties":{"highway":"cycleway","oneway":"yes","surface":"asphalt","osm_type":"way","osm_id":1319991453,"length_m":4.15}},{"type":"Feature","geometry":{"type":"LineString","coordinates":[[-6.2299131,53.3644471],[-6.2295791,53.364653],[-6.2292512,53.3650141]]},"properties":{"highway":"cycleway","name":"Malahide Road","name:en":"Malahide Road","name:ga":"B\u00f3thar Mhullach \u00cdde","oneway":"yes","surface":"asphalt","osm_type":"way","osm_id":1319991455,"length_m":79.29}},{"type":"Feature","geometry":{"type":"LineString","coordinates":[[-6.2952577,53.3849818],[-6.2953657,53.3849636]]},"properties":{"bicycle":"designated","foot":"designated","highway":"cycleway","oneway":"yes","surface":"asphalt","osm_type":"way","osm_id":1320410034,"length_m":7.44}},{"type":"Feature","geometry":{"type":"LineString","coordinates":[[-6.3094034,53.4021227],[-6.3093197,53.4020173]]},"properties":{"crossing":"marked","cycleway":"crossing","foot":"yes","highway":"cycleway","oneway":"no","segregated":"no","surface":"asphalt","osm_type":"way","osm_id":1320724638,"length_m":12.97}},{"type":"Feature","geometry":{"type":"LineString","coordinates":[[-6.3092507,53.4018842],[-6.3091402,53.4017365]]},"properties":{"bicycle":"designated","foot":"designated","highway":"cycleway","oneway":"yes","segregated":"yes","surface":"paved","osm_type":"way","osm_id":1320724640,"length_m":17.98}},{"type":"Feature","geometry":{"type":"LineString","coordinates":[[-6.3092989,53.4019915],[-6.3092507,53.4018842]]},"properties":{"bicycle":"designated","foot":"designated","highway":"cycleway","oneway":"no","segregated":"no","surface":"paved","osm_type":"way","osm_id":1320724641,"length_m":12.74}},{"type":"Feature","geometry":{"type":"LineString","coordinates":[[-6.3093197,53.4020173],[-6.3092989,53.4019915]]},"properties":{"bicycle":"designated","foot":"designated","highway":"cycleway","oneway":"no","segregated":"no","surface":"paved","osm_type":"way","osm_id":1320724642,"length_m":3.18}},{"type":"Feature","geometry":{"type":"LineString","coordinates":[[-6.3099134,53.4018679],[-6.3098943,53.4019147]]},"properties":{"crossing":"marked","cycleway":"crossing","foot":"yes","highway":"cycleway","oneway":"no","segregated":"no","surface":"asphalt","osm_type":"way","osm_id":1320724654,"length_m":5.36}},{"type":"Feature","geometry":{"type":"LineString","coordinates":[[-6.3098611,53.4019601],[-6.3098908,53.4020025]]},"properties":{"crossing":"marked","cycleway":"crossing","foot":"yes","highway":"cycleway","oneway":"no","segregated":"no","surface":"asphalt","osm_type":"way","osm_id":1320724655,"length_m":5.11}},{"type":"Feature","geometry":{"type":"LineString","coordinates":[[-6.3098943,53.4019147],[-6.3098611,53.4019601]]},"properties":{"foot":"yes","highway":"cycleway","oneway":"no","segregated":"no","surface":"asphalt","osm_type":"way","osm_id":1320724656,"length_m":5.73}},{"type":"Feature","geometry":{"type":"LineString","coordinates":[[-6.3098495,53.401835],[-6.3099215,53.4018482]]},"properties":{"foot":"yes","highway":"cycleway","oneway":"no","segregated":"no","surface":"asphalt","osm_type":"way","osm_id":1320724657,"length_m":4.99}},{"type":"Feature","geometry":{"type":"LineString","coordinates":[[-6.3083649,53.4002331],[-6.3098495,53.401835]]},"properties":{"foot":"yes","highway":"cycleway","oneway":"yes","segregated":"yes","surface":"asphalt","osm_type":"way","osm_id":1320724658,"length_m":204.31}},{"type":"Feature","geometry":{"type":"LineString","coordinates":[[-6.3099215,53.4018482],[-6.3099134,53.4018679]]},"properties":{"foot":"yes","highway":"cycleway","oneway":"no","segregated":"no","surface":"asphalt","osm_type":"way","osm_id":1320724659,"length_m":2.26}},{"type":"Feature","geometry":{"type":"LineString","coordinates":[[-6.3091402,53.4017365],[-6.3091651,53.4016793]]},"properties":{"bicycle":"designated","foot":"yes","highway":"cycleway","oneway":"yes","sidewalk":"left","surface":"asphalt","osm_type":"way","osm_id":1320724661,"length_m":6.57}},{"type":"Feature","geometry":{"type":"LineString","coordinates":[[-6.159776,53.4028814],[-6.1582491,53.402845]]},"properties":{"foot":"yes","highway":"cycleway","lit":"yes","oneway":"yes","segregated":"yes","surface":"asphalt","width":"2.5","osm_type":"way","osm_id":1321737302,"length_m":102.65}},{"type":"Feature","geometry":{"type":"LineString","coordinates":[[-6.1599678,53.4028782],[-6.159776,53.4028814]]},"properties":{"foot":"yes","highway":"cycleway","lit":"yes","segregated":"no","surface":"paving_stones","tactile_paving":"yes","osm_type":"way","osm_id":1321737303,"length_m":12.72}},{"type":"Feature","geometry":{"type":"LineString","coordinates":[[-6.1570215,53.4028023],[-6.1597482,53.4027112]]},"properties":{"est_width":"3","foot":"no","highway":"cycleway","name":"Main Street","name:ga":"An tSr\u00e1id Mh\u00f3r","oneway":"yes","segregated":"no","surface":"asphalt","osm_type":"way","osm_id":1321737305,"length_m":182.12}},{"type":"Feature","geometry":{"type":"LineString","coordinates":[[-6.1597482,53.4027112],[-6.1599333,53.4027052]]},"properties":{"foot":"yes","highway":"cycleway","lit":"yes","name":"Main Street","name:ga":"An tSr\u00e1id Mh\u00f3r","segregated":"no","surface":"paving_stones","tactile_paving":"yes","osm_type":"way","osm_id":1321737308,"length_m":12.29}},{"type":"Feature","geometry":{"type":"LineString","coordinates":[[-6.2452407,53.3814373],[-6.2447363,53.3823133],[-6.2445448,53.382315]]},"properties":{"cycleway:surface":"concrete","foot":"yes","footway:surface":"concrete","highway":"cycleway","lit":"yes","name":"Swords Road","oneway":"yes","segregated":"yes","smoothness":"intermediate","surface":"concrete","osm_type":"way","osm_id":1322287221,"length_m":115.73}},{"type":"Feature","geometry":{"type":"LineString","coordinates":[[-6.2451428,53.3813564],[-6.2452407,53.3814373]]},"properties":{"foot":"yes","highway":"cycleway","lit":"yes","name":"Swords Road","oneway":"yes","sidewalk":"left","surface":"asphalt","osm_type":"way","osm_id":1322287226,"length_m":11.09}},{"type":"Feature","geometry":{"type":"LineString","coordinates":[[-6.2456871,53.3807209],[-6.2455546,53.3807423]]},"properties":{"foot":"yes","highway":"cycleway","lit":"yes","name":"Swords Road","oneway":"yes","sidewalk":"left","surface":"asphalt","osm_type":"way","osm_id":1322287227,"length_m":9.1}},{"type":"Feature","geometry":{"type":"LineString","coordinates":[[-6.244678,53.3826375],[-6.2447547,53.3825566]]},"properties":{"foot":"no","highway":"cycleway","lit":"yes","oneway":"yes","smoothness":"good","surface":"asphalt","osm_type":"way","osm_id":1322299559,"length_m":10.33}},{"type":"Feature","geometry":{"type":"LineString","coordinates":[[-6.2443276,53.38265],[-6.244463,53.3827359]]},"properties":{"foot":"no","highway":"cycleway","oneway":"yes","smoothness":"good","surface":"asphalt","osm_type":"way","osm_id":1322299562,"length_m":13.11}},{"type":"Feature","geometry":{"type":"LineString","coordinates":[[-6.244463,53.3827359],[-6.244415,53.3828344]]},"properties":{"foot":"no","highway":"cycleway","oneway":"yes","smoothness":"good","surface":"concrete","osm_type":"way","osm_id":1322299563,"length_m":11.41}},{"type":"Feature","geometry":{"type":"LineString","coordinates":[[-6.244415,53.3828344],[-6.2443716,53.3828992]]},"properties":{"foot":"yes","highway":"cycleway","oneway":"yes","segregated":"no","smoothness":"good","surface":"concrete","osm_type":"way","osm_id":1322299564,"length_m":7.76}},{"type":"Feature","geometry":{"type":"LineString","coordinates":[[-6.2445158,53.3876818],[-6.2446859,53.3877913]]},"properties":{"foot":"yes","highway":"cycleway","lit":"yes","segregated":"no","surface":"concrete","osm_type":"way","osm_id":1322299573,"length_m":17.21}},{"type":"Feature","geometry":{"type":"LineString","coordinates":[[-6.2443213,53.3875719],[-6.2445158,53.3876818]]},"properties":{"crossing":"marked","cycleway":"crossing","foot":"no","highway":"cycleway","lit":"yes","oneway":"yes","surface":"asphalt","width":"1","osm_type":"way","osm_id":1322299574,"length_m":17.78}},{"type":"Feature","geometry":{"type":"LineString","coordinates":[[-6.2446859,53.3877913],[-6.2447031,53.3878716]]},"properties":{"highway":"cycleway","lit":"yes","oneway":"yes","surface":"asphalt","osm_type":"way","osm_id":1322299578,"length_m":9.0}},{"type":"Feature","geometry":{"type":"LineString","coordinates":[[-6.2437674,53.3872294],[-6.2438861,53.3872915]]},"properties":{"highway":"cycleway","lit":"yes","surface":"concrete","osm_type":"way","osm_id":1322305431,"length_m":10.51}},{"type":"Feature","geometry":{"type":"LineString","coordinates":[[-6.2442521,53.3875273],[-6.2443213,53.3875719]]},"properties":{"foot":"yes","highway":"cycleway","lit":"yes","segregated":"no","surface":"concrete","osm_type":"way","osm_id":1322305432,"length_m":6.76}},{"type":"Feature","geometry":{"type":"LineString","coordinates":[[-6.2516006,53.3473796],[-6.2517254,53.3473637]]},"properties":{"crossing":"marked","crossing:markings":"yes","cycleway":"crossing","highway":"cycleway","lanes":"2","oneway":"no","surface":"asphalt","osm_type":"way","osm_id":1322429676,"length_m":8.54}},{"type":"Feature","geometry":{"type":"LineString","coordinates":[[-6.2518871,53.3473858],[-6.2519519,53.3474166]]},"properties":{"crossing":"marked","highway":"cycleway","lanes":"2","oneway":"no","surface":"asphalt","osm_type":"way","osm_id":1322429677,"length_m":5.5}},{"type":"Feature","geometry":{"type":"LineString","coordinates":[[-6.2518021,53.3473673],[-6.2518523,53.347376]]},"properties":{"crossing":"marked","crossing:markings":"yes","cycleway":"crossing","highway":"cycleway","lanes":"2","oneway":"no","surface":"asphalt","osm_type":"way","osm_id":1322429678,"length_m":3.47}},{"type":"Feature","geometry":{"type":"LineString","coordinates":[[-6.2518523,53.347376],[-6.2518871,53.3473858]]},"properties":{"highway":"cycleway","lanes":"2","oneway":"no","surface":"asphalt","width":"3.5","osm_type":"way","osm_id":1322429679,"length_m":2.56}},{"type":"Feature","geometry":{"type":"LineString","coordinates":[[-6.2515709,53.3473858],[-6.2516006,53.3473796]]},"properties":{"highway":"cycleway","oneway":"no","surface":"asphalt","osm_type":"way","osm_id":1322429680,"length_m":2.09}},{"type":"Feature","geometry":{"type":"LineString","coordinates":[[-6.2519413,53.3473288],[-6.2518756,53.3473817]]},"properties":{"access":"no","highway":"cycleway","oneway":"yes","surface":"asphalt","osm_type":"way","osm_id":1322429688,"length_m":7.34}},{"type":"Feature","geometry":{"type":"LineString","coordinates":[[-6.2519887,53.3474359],[-6.2519039,53.3474957]]},"properties":{"highway":"cycleway","name":"Matt Talbot Memorial Bridge","name:en":"Matt Talbot Memorial Bridge","name:ga":"Droichead Cuimhneach\u00e1in an Talb\u00f3idigh","oneway":"yes","surface":"asphalt","osm_type":"way","osm_id":1322429689,"length_m":8.96}},{"type":"Feature","geometry":{"type":"LineString","coordinates":[[-6.2519519,53.3474166],[-6.2519887,53.3474359]]},"properties":{"highway":"cycleway","lanes":"2","oneway":"no","surface":"asphalt","osm_type":"way","osm_id":1322429691,"length_m":3.26}},{"type":"Feature","geometry":{"type":"LineString","coordinates":[[-6.2516251,53.3474525],[-6.2516016,53.3474182]]},"properties":{"highway":"cycleway","lanes":"2","lit":"yes","name":"Matt Talbot Memorial Bridge","name:en":"Matt Talbot Memorial Bridge","name:ga":"Droichead Cuimhneach\u00e1in an Talb\u00f3idigh","oneway":"yes","placement":"middle_of:1","sidewalk":"separate","smoothness":"excellent","source":"Bing Aerial Imagery (2021-02-22)","surface":"asphalt","turn:lanes":"through|right","width":"3","osm_type":"way","osm_id":1322429692,"length_m":4.12}},{"type":"Feature","geometry":{"type":"LineString","coordinates":[[-6.2515709,53.3473858],[-6.2515436,53.3473622]]},"properties":{"highway":"cycleway","lanes":"2","lit":"yes","name":"City Quay","name:en":"City Quay","name:ga":"C\u00e9 Na Cathrach","oneway":"no","sidewalk":"separate","smoothness":"excellent","source":"Bing Aerial Imagery (2021-02-22)","surface":"asphalt","width":"3","osm_type":"way","osm_id":1322429694,"length_m":3.19}},{"type":"Feature","geometry":{"type":"LineString","coordinates":[[-6.2589098,53.3472312],[-6.2587608,53.347108]]},"properties":{"bridge":"yes","highway":"cycleway","layer":"1","name":"O'Connell Bridge","name:en":"O'Connell Bridge","name:ga":"Droichead U\u00ed Chonaill","oneway":"yes","sidewalk:left":"separate","surface":"asphalt","osm_type":"way","osm_id":1322618104,"length_m":18.78}},{"type":"Feature","geometry":{"type":"LineString","coordinates":[[-6.2587608,53.347108],[-6.2587539,53.3470953]]},"properties":{"highway":"cycleway","name":"O'Connell Bridge","name:en":"O'Connell Bridge","name:ga":"Droichead U\u00ed Chonaill","oneway":"yes","sidewalk:left":"separate","surface":"asphalt","osm_type":"way","osm_id":1322618105,"length_m":1.48}},{"type":"Feature","geometry":{"type":"LineString","coordinates":[[-6.2841148,53.372979],[-6.2853015,53.3737515],[-6.2856975,53.374122],[-6.2860728,53.3746532],[-6.286211,53.3750936]]},"properties":{"foot":"yes","highway":"cycleway","oneway":"yes","surface":"concrete","osm_type":"way","osm_id":1322773093,"length_m":282.49}},{"type":"Feature","geometry":{"type":"LineString","coordinates":[[-6.2881385,53.379724],[-6.2880089,53.3797134],[-6.2875331,53.3789608],[-6.2874478,53.3781493],[-6.2875348,53.3781056]]},"properties":{"foot":"yes","highway":"cycleway","oneway":"yes","segregated":"yes","surface":"concrete","osm_type":"way","osm_id":1322774521,"length_m":196.74}},{"type":"Feature","geometry":{"type":"LineString","coordinates":[[-6.3416893,53.3455545],[-6.3416493,53.3455166]]},"properties":{"bicycle":"designated","foot":"yes","highway":"cycleway","oneway":"no","surface":"asphalt","osm_type":"way","osm_id":1323306131,"length_m":5.98}},{"type":"Feature","geometry":{"type":"LineString","coordinates":[[-6.3416493,53.3455166],[-6.3416613,53.3455059]]},"properties":{"bicycle":"designated","foot":"yes","highway":"cycleway","oneway":"no","surface":"concrete","osm_type":"way","osm_id":1323306133,"length_m":1.43}},{"type":"Feature","geometry":{"type":"LineString","coordinates":[[-6.3365424,53.3467756],[-6.3268185,53.3462762],[-6.3196058,53.3467214],[-6.3117971,53.3479866]]},"properties":{"foot":"yes","highway":"cycleway","oneway":"yes","segregated":"yes","surface":"asphalt","osm_type":"way","osm_id":1323440299,"length_m":1668.27}},{"type":"Feature","geometry":{"type":"LineString","coordinates":[[-6.3361418,53.3466906],[-6.3360634,53.3467343]]},"properties":{"highway":"cycleway","oneway":"yes","surface":"asphalt","osm_type":"way","osm_id":1323440300,"length_m":7.12}},{"type":"Feature","geometry":{"type":"LineString","coordinates":[[-6.3360634,53.3467343],[-6.3359834,53.3467344]]},"properties":{"highway":"cycleway","oneway":"yes","surface":"concrete","osm_type":"way","osm_id":1323440301,"length_m":5.48}},{"type":"Feature","geometry":{"type":"LineString","coordinates":[[-6.3368343,53.3468021],[-6.3365424,53.3467756]]},"properties":{"foot":"yes","highway":"cycleway","oneway":"yes","segregated":"yes","surface":"asphalt","osm_type":"way","osm_id":1323440302,"length_m":19.6}},{"type":"Feature","geometry":{"type":"LineString","coordinates":[[-6.3368845,53.346819],[-6.3368343,53.3468021]]},"properties":{"foot":"yes","highway":"cycleway","segregated":"no","surface":"concrete","osm_type":"way","osm_id":1323440303,"length_m":4.13}},{"type":"Feature","geometry":{"type":"LineString","coordinates":[[-6.3369208,53.346822],[-6.3368845,53.346819]]},"properties":{"crossing":"unmarked","foot":"yes","footway":"crossing","highway":"cycleway","segregated":"no","surface":"asphalt","osm_type":"way","osm_id":1323440304,"length_m":2.43}},{"type":"Feature","geometry":{"type":"LineString","coordinates":[[-6.3158945,53.3472109],[-6.3186141,53.3467392],[-6.3208781,53.3464849]]},"properties":{"foot":"yes","highway":"cycleway","surface":"paved","osm_type":"way","osm_id":1323440309,"length_m":341.0}},{"type":"Feature","geometry":{"type":"LineString","coordinates":[[-6.3158309,53.3472736],[-6.3158582,53.3472266]]},"properties":{"highway":"cycleway","oneway":"yes","surface":"asphalt","osm_type":"way","osm_id":1323440313,"length_m":5.53}},{"type":"Feature","geometry":{"type":"LineString","coordinates":[[-6.3158582,53.3472266],[-6.3158945,53.3472109]]},"properties":{"highway":"cycleway","oneway":"yes","surface":"concrete","osm_type":"way","osm_id":1323440314,"length_m":3.24}},{"type":"Feature","geometry":{"type":"LineString","coordinates":[[-6.3208781,53.3464849],[-6.3272741,53.3461689],[-6.3348363,53.3465436]]},"properties":{"foot":"yes","highway":"cycleway","oneway":"yes","surface":"paved","osm_type":"way","osm_id":1323440315,"length_m":930.16}},{"type":"Feature","geometry":{"type":"LineString","coordinates":[[-6.3348363,53.3465436],[-6.3369167,53.3466823]]},"properties":{"foot":"yes","highway":"cycleway","oneway":"yes","segregated":"yes","surface":"concrete","osm_type":"way","osm_id":1323440316,"length_m":139.03}},{"type":"Feature","geometry":{"type":"LineString","coordinates":[[-6.3370461,53.3466989],[-6.337756,53.3467594]]},"properties":{"foot":"yes","highway":"cycleway","segregated":"no","surface":"paved","osm_type":"way","osm_id":1323440317,"length_m":47.61}},{"type":"Feature","geometry":{"type":"LineString","coordinates":[[-6.3378897,53.3467857],[-6.337912,53.3468349]]},"properties":{"foot":"yes","highway":"cycleway","oneway":"yes","surface":"asphalt","osm_type":"way","osm_id":1323440318,"length_m":5.67}},{"type":"Feature","geometry":{"type":"LineString","coordinates":[[-6.337756,53.3467594],[-6.3378897,53.3467857]]},"properties":{"foot":"yes","highway":"cycleway","oneway":"yes","surface":"paved","osm_type":"way","osm_id":1323440319,"length_m":9.58}},{"type":"Feature","geometry":{"type":"LineString","coordinates":[[-6.3369167,53.3466823],[-6.3370461,53.3466989]]},"properties":{"foot":"yes","highway":"cycleway","oneway":"yes","surface":"paved","osm_type":"way","osm_id":1323440320,"length_m":8.81}},{"type":"Feature","geometry":{"type":"LineString","coordinates":[[-6.3133153,53.3489167],[-6.31321,53.3489839]]},"properties":{"bicycle":"designated","foot":"no","highway":"cycleway","lit":"no","oneway":"no","surface":"asphalt","osm_type":"way","osm_id":1323447759,"length_m":10.23}},{"type":"Feature","geometry":{"type":"LineString","coordinates":[[-6.3037501,53.3505891],[-6.3037816,53.3505971]]},"properties":{"bicycle":"designated","foot":"designated","highway":"cycleway","lit":"yes","segregated":"no","surface":"asphalt","osm_type":"way","osm_id":1323447761,"length_m":2.27}},{"type":"Feature","geometry":{"type":"LineString","coordinates":[[-6.304667,53.3493392],[-6.3042322,53.349834],[-6.303854,53.3506157]]},"properties":{"bicycle":"designated","foot":"yes","highway":"cycleway","lit":"no","oneway":"no","sidewalk":"left","surface":"asphalt","width":"2","osm_type":"way","osm_id":1323447763,"length_m":153.09}},{"type":"Feature","geometry":{"type":"LineString","coordinates":[[-6.2794651,53.3386606],[-6.2792454,53.33873]]},"properties":{"cycleway":"lane","highway":"tertiary","lane_markings":"yes","lanes":"4","lit":"yes","logainm:ref":"1379896","logainm:url":"https://www.logainm.ie/1379896.aspx","maxspeed":"50","name":"St Luke's Avenue","name:en":"St Luke's Avenue","name:ga":"Ascaill L\u00fac\u00e1is","ref":"L1624","surface":"asphalt","osm_type":"way","osm_id":1323717129,"length_m":16.51}},{"type":"Feature","geometry":{"type":"LineString","coordinates":[[-6.2758126,53.3389113],[-6.2756472,53.3389196]]},"properties":{"cycleway":"lane","highway":"tertiary","lane_markings":"yes","lanes":"4","lit":"yes","logainm:ref":"1379896","logainm:url":"https://www.logainm.ie/1379896.aspx","maxspeed":"50","name":"St Luke's Avenue","name:en":"St Luke's Avenue","name:ga":"Ascaill L\u00fac\u00e1is","ref":"L1624","surface":"asphalt","osm_type":"way","osm_id":1323719890,"length_m":11.03}},{"type":"Feature","geometry":{"type":"LineString","coordinates":[[-6.279107,53.3387545],[-6.2781002,53.3388043]]},"properties":{"cycleway":"lane","highway":"tertiary","lane_markings":"yes","lanes":"4","lit":"yes","logainm:ref":"1379896","logainm:url":"https://www.logainm.ie/1379896.aspx","maxspeed":"50","name":"St Luke's Avenue","name:en":"St Luke's Avenue","name:ga":"Ascaill L\u00fac\u00e1is","ref":"L1624","surface":"asphalt","osm_type":"way","osm_id":1323720176,"length_m":67.23}},{"type":"Feature","geometry":{"type":"LineString","coordinates":[[-6.3037816,53.3505971],[-6.3038069,53.3506036]]},"properties":{"bicycle":"designated","crossing":"marked","cycleway":"crossing","foot":"designated","highway":"cycleway","lit":"yes","surface":"asphalt","osm_type":"way","osm_id":1323734033,"length_m":1.83}},{"type":"Feature","geometry":{"type":"LineString","coordinates":[[-6.3245358,53.355957],[-6.3244433,53.3560308],[-6.3245682,53.3564695],[-6.3244001,53.3568027],[-6.3241446,53.357094],[-6.3235994,53.3574254]]},"properties":{"bicycle":"designated","cycleway:surface":"asphalt","foot":"no","highway":"cycleway","segregated":"yes","surface":"asphalt","width":"2","osm_type":"way","osm_id":1323734034,"length_m":188.28}},{"type":"Feature","geometry":{"type":"LineString","coordinates":[[-6.1198802,53.3887529],[-6.122196,53.388615],[-6.1273468,53.388046],[-6.1313091,53.3874511],[-6.1403619,53.3854686],[-6.1429526,53.3847195]]},"properties":{"bicycle":"designated","check_date:surface":"2024-08-21","cycleway:surface":"asphalt","foot":"designated","footway:surface":"asphalt","highway":"cycleway","oneway":"no","segregated":"yes","surface":"asphalt","width":"2","osm_type":"way","osm_id":1325455405,"length_m":1603.93}},{"type":"Feature","geometry":{"type":"LineString","coordinates":[[-6.3292709,53.3711558],[-6.3313492,53.37185],[-6.3321442,53.3718263]]},"properties":{"bicycle":"designated","cycleway:surface":"concrete","cycleway:width":"1","foot":"designated","footway:surface":"concrete","highway":"cycleway","lit":"yes","motor_vehicle":"no","oneway":"no","segregated":"yes","surface":"concrete","osm_type":"way","osm_id":1326155717,"length_m":211.91}},{"type":"Feature","geometry":{"type":"LineString","coordinates":[[-6.3321442,53.3718263],[-6.3321687,53.3718431]]},"properties":{"bicycle":"designated","crossing":"marked","cycleway":"crossing","foot":"designated","highway":"cycleway","lit":"yes","oneway":"no","segregated":"no","surface":"asphalt","osm_type":"way","osm_id":1326155723,"length_m":2.48}},{"type":"Feature","geometry":{"type":"LineString","coordinates":[[-6.3291824,53.3712135],[-6.3295037,53.3713224]]},"properties":{"cycleway":"lane","highway":"secondary","lane_markings":"yes","lanes":"4","lit":"yes","logainm:ref":"1380791","logainm:url":"https://www.logainm.ie/1380791.aspx","maxspeed":"50","name":"Navan Road","name:en":"Navan Road","name:ga":"B\u00f3thar na hUaimhe","ref":"R147","surface":"asphalt","osm_type":"way","osm_id":1326155724,"length_m":24.52}},{"type":"Feature","geometry":{"type":"LineString","coordinates":[[-6.3279469,53.3707956],[-6.3282798,53.3708208],[-6.3292189,53.3711361]]},"properties":{"bicycle":"designated","cycleway:surface":"concrete","cycleway:width":"1","foot":"designated","footway:surface":"concrete","highway":"cycleway","lit":"yes","motor_vehicle":"no","oneway":"yes","segregated":"yes","surface":"concrete","osm_type":"way","osm_id":1326155727,"length_m":94.13}},{"type":"Feature","geometry":{"type":"LineString","coordinates":[[-6.3292257,53.3711648],[-6.3292432,53.3711453]]},"properties":{"bicycle":"designated","foot":"designated","highway":"cycleway","lit":"yes","motor_vehicle":"no","oneway":"no","segregated":"yes","surface":"asphalt","osm_type":"way","osm_id":1326155728,"length_m":2.46}},{"type":"Feature","geometry":{"type":"LineString","coordinates":[[-6.3292189,53.3711361],[-6.3292432,53.3711453]]},"properties":{"bicycle":"designated","foot":"designated","highway":"cycleway","lit":"yes","segregated":"no","surface":"asphalt","osm_type":"way","osm_id":1326155729,"length_m":1.91}},{"type":"Feature","geometry":{"type":"LineString","coordinates":[[-6.3292432,53.3711453],[-6.3292709,53.3711558]]},"properties":{"bicycle":"designated","foot":"designated","highway":"cycleway","lit":"yes","segregated":"no","surface":"asphalt","osm_type":"way","osm_id":1326155730,"length_m":2.18}},{"type":"Feature","geometry":{"type":"LineString","coordinates":[[-6.2329336,53.3646785],[-6.2328649,53.3646812]]},"properties":{"highway":"cycleway","lane_markings":"no","lit":"yes","logainm:ref":"1380971","logainm:url":"https://www.logainm.ie/1380971.aspx","maxspeed":"30","name":"Haverty Road","name:en":"Haverty Road","name:ga":"B\u00f3thar \u00f3 hAbhartaigh","note":"6-month trial of bollards and motor_vehicle=destination from August 2022.","sidewalk":"both","start_date":"1920s","surface":"asphalt","was:highway":"residential","width":"4","osm_type":"way","osm_id":1328703887,"length_m":4.58}},{"type":"Feature","geometry":{"type":"LineString","coordinates":[[-6.2986601,53.3336293],[-6.2988357,53.3337253]]},"properties":{"foot":"yes","highway":"cycleway","segregated":"no","surface":"concrete","osm_type":"way","osm_id":1329609656,"length_m":18.45}},{"type":"Feature","geometry":{"type":"LineString","coordinates":[[-6.2987515,53.333844],[-6.2987281,53.3338725]]},"properties":{"foot":"yes","highway":"cycleway","segregated":"no","surface":"concrete","osm_type":"way","osm_id":1329609657,"length_m":3.53}},{"type":"Feature","geometry":{"type":"LineString","coordinates":[[-6.2988357,53.3337253],[-6.2988109,53.3337624]]},"properties":{"crossing":"marked","cycleway":"crossing","foot":"yes","highway":"cycleway","segregated":"no","surface":"asphalt","osm_type":"way","osm_id":1329609658,"length_m":4.44}},{"type":"Feature","geometry":{"type":"LineString","coordinates":[[-6.2987941,53.3338532],[-6.2986676,53.3338622]]},"properties":{"foot":"yes","highway":"cycleway","segregated":"no","surface":"concrete","osm_type":"way","osm_id":1329609659,"length_m":9.84}},{"type":"Feature","geometry":{"type":"LineString","coordinates":[[-6.2986676,53.3338622],[-6.2984645,53.3337985]]},"properties":{"crossing":"marked","cycleway":"crossing","foot":"yes","highway":"cycleway","segregated":"no","surface":"asphalt","osm_type":"way","osm_id":1329609660,"length_m":15.23}},{"type":"Feature","geometry":{"type":"LineString","coordinates":[[-6.2984372,53.3337917],[-6.2983468,53.3337099]]},"properties":{"foot":"yes","highway":"cycleway","segregated":"no","surface":"concrete","osm_type":"way","osm_id":1329609661,"length_m":11.73}},{"type":"Feature","geometry":{"type":"LineString","coordinates":[[-6.2983399,53.3336382],[-6.2983348,53.3335834]]},"properties":{"crossing":"marked","crossing:markings":"yes","cycleway":"crossing","foot":"yes","highway":"cycleway","segregated":"no","surface":"asphalt","osm_type":"way","osm_id":1329609662,"length_m":6.1}},{"type":"Feature","geometry":{"type":"LineString","coordinates":[[-6.2982845,53.3335766],[-6.2984264,53.3335615]]},"properties":{"foot":"yes","highway":"cycleway","segregated":"no","surface":"concrete","osm_type":"way","osm_id":1329609663,"length_m":10.11}},{"type":"Feature","geometry":{"type":"LineString","coordinates":[[-6.2984264,53.3335615],[-6.2986601,53.3336293]]},"properties":{"crossing":"marked","crossing:markings":"yes","cycleway":"crossing","foot":"yes","highway":"cycleway","segregated":"no","surface":"asphalt","osm_type":"way","osm_id":1329609664,"length_m":17.25}},{"type":"Feature","geometry":{"type":"LineString","coordinates":[[-6.2984645,53.3337985],[-6.2984372,53.3337917]]},"properties":{"foot":"yes","highway":"cycleway","segregated":"no","surface":"concrete","osm_type":"way","osm_id":1329609665,"length_m":1.96}},{"type":"Feature","geometry":{"type":"LineString","coordinates":[[-6.2985621,53.3338975],[-6.2984559,53.3338472]]},"properties":{"bridge":"yes","foot":"yes","highway":"cycleway","layer":"1","sidewalk":"left","surface":"asphalt","osm_type":"way","osm_id":1329609666,"length_m":9.0}},{"type":"Feature","geometry":{"type":"LineString","coordinates":[[-6.2984559,53.3338472],[-6.2984398,53.3338143]]},"properties":{"bridge":"yes","foot":"yes","highway":"cycleway","layer":"1","segregated":"no","surface":"concrete","osm_type":"way","osm_id":1329609667,"length_m":3.85}},{"type":"Feature","geometry":{"type":"LineString","coordinates":[[-6.2988112,53.333831],[-6.2987941,53.3338532]]},"properties":{"highway":"cycleway","oneway":"yes","surface":"asphalt","osm_type":"way","osm_id":1329609671,"length_m":2.72}},{"type":"Feature","geometry":{"type":"LineString","coordinates":[[-6.2987842,53.3337991],[-6.2987515,53.333844]]},"properties":{"crossing":"marked","cycleway":"crossing","foot":"yes","highway":"cycleway","segregated":"no","surface":"asphalt","osm_type":"way","osm_id":1329609673,"length_m":5.44}},{"type":"Feature","geometry":{"type":"LineString","coordinates":[[-6.2988014,53.3337754],[-6.2987842,53.3337991]]},"properties":{"foot":"yes","highway":"cycleway","segregated":"no","surface":"asphalt","osm_type":"way","osm_id":1329609674,"length_m":2.87}},{"type":"Feature","geometry":{"type":"LineString","coordinates":[[-6.2983468,53.3337099],[-6.298344,53.3336803]]},"properties":{"crossing":"marked","cycleway":"crossing","foot":"yes","highway":"cycleway","segregated":"no","surface":"asphalt","osm_type":"way","osm_id":1329609675,"length_m":3.3}},{"type":"Feature","geometry":{"type":"LineString","coordinates":[[-6.2983411,53.3336512],[-6.2983399,53.3336382]]},"properties":{"foot":"yes","highway":"cycleway","segregated":"no","surface":"asphalt","osm_type":"way","osm_id":1329609676,"length_m":1.45}},{"type":"Feature","geometry":{"type":"LineString","coordinates":[[-6.2984398,53.3338143],[-6.2984372,53.3337917]]},"properties":{"foot":"yes","highway":"cycleway","segregated":"no","surface":"concrete","osm_type":"way","osm_id":1329609678,"length_m":2.52}},{"type":"Feature","geometry":{"type":"LineString","coordinates":[[-6.2988109,53.3337624],[-6.2988014,53.3337754]]},"properties":{"crossing":"marked","cycleway":"crossing","foot":"yes","highway":"cycleway","segregated":"no","surface":"asphalt","osm_type":"way","osm_id":1329609679,"length_m":1.58}},{"type":"Feature","geometry":{"type":"LineString","coordinates":[[-6.298344,53.3336803],[-6.2983411,53.3336512]]},"properties":{"crossing":"marked","crossing:markings":"yes","cycleway":"crossing","foot":"yes","highway":"cycleway","segregated":"no","surface":"asphalt","osm_type":"way","osm_id":1329609682,"length_m":3.24}},{"type":"Feature","geometry":{"type":"LineString","coordinates":[[-6.2983348,53.3335834],[-6.2983341,53.3335671]]},"properties":{"foot":"yes","highway":"cycleway","segregated":"no","surface":"concrete","osm_type":"way","osm_id":1329609683,"length_m":1.81}},{"type":"Feature","geometry":{"type":"LineString","coordinates":[[-6.2982591,53.3335981],[-6.2982845,53.3335766]]},"properties":{"foot":"yes","highway":"cycleway","oneway":"yes","sidewalk":"left","surface":"asphalt","osm_type":"way","osm_id":1329609685,"length_m":2.93}},{"type":"Feature","geometry":{"type":"LineString","coordinates":[[-6.3783423,53.3448472],[-6.3785815,53.3448257]]},"properties":{"highway":"cycleway","oneway":"yes","surface":"concrete","osm_type":"way","osm_id":1331155820,"length_m":16.06}},{"type":"Feature","geometry":{"type":"LineString","coordinates":[[-6.3792797,53.3449685],[-6.3793903,53.3450145]]},"properties":{"highway":"cycleway","oneway":"yes","osm_type":"way","osm_id":1331155821,"length_m":8.95}},{"type":"Feature","geometry":{"type":"LineString","coordinates":[[-6.2329581,53.3639249],[-6.2328732,53.3637978]]},"properties":{"bicycle":"designated","crossing":"traffic_signals","crossing:island":"no","crossing:markings":"yes","cycleway":"crossing","foot":"designated","highway":"cycleway","surface":"asphalt","traffic_calming":"table","osm_type":"way","osm_id":1338650750,"length_m":15.21}},{"type":"Feature","geometry":{"type":"LineString","coordinates":[[-6.2327999,53.3638224],[-6.2328091,53.3638057]]},"properties":{"highway":"cycleway","oneway":"yes","surface":"asphalt","osm_type":"way","osm_id":1338650751,"length_m":1.95}},{"type":"Feature","geometry":{"type":"LineString","coordinates":[[-6.2328732,53.3637978],[-6.2328688,53.3637912]]},"properties":{"foot":"yes","highway":"cycleway","oneway":"no","segregated":"no","surface":"asphalt","osm_type":"way","osm_id":1338650752,"length_m":0.79}},{"type":"Feature","geometry":{"type":"LineString","coordinates":[[-6.2330448,53.3640075],[-6.2329769,53.3639537]]},"properties":{"foot":"yes","highway":"cycleway","oneway":"no","segregated":"no","surface":"paving_stones","osm_type":"way","osm_id":1338650753,"length_m":7.99}},{"type":"Feature","geometry":{"type":"LineString","coordinates":[[-6.2331608,53.3640085],[-6.2330448,53.3640075]]},"properties":{"highway":"cycleway","oneway":"no","sidewalk":"left","surface":"asphalt","osm_type":"way","osm_id":1338650754,"length_m":7.7}},{"type":"Feature","geometry":{"type":"LineString","coordinates":[[-6.2329674,53.3639388],[-6.2329581,53.3639249]]},"properties":{"foot":"yes","highway":"cycleway","oneway":"no","segregated":"no","surface":"paving_stones","osm_type":"way","osm_id":1338650757,"length_m":1.66}},{"type":"Feature","geometry":{"type":"LineString","coordinates":[[-6.2329769,53.3639537],[-6.2329674,53.3639388]]},"properties":{"crossing":"marked","cycleway":"crossing","foot":"yes","highway":"cycleway","oneway":"no","segregated":"no","surface":"asphalt","osm_type":"way","osm_id":1338650758,"length_m":1.77}},{"type":"Feature","geometry":{"type":"LineString","coordinates":[[-6.2330355,53.3639261],[-6.2330198,53.3639542]]},"properties":{"highway":"cycleway","oneway":"yes","sidewalk":"left","surface":"asphalt","osm_type":"way","osm_id":1338650759,"length_m":3.29}},{"type":"Feature","geometry":{"type":"LineString","coordinates":[[-6.2328091,53.3638057],[-6.2328286,53.3638009]]},"properties":{"highway":"cycleway","surface":"asphalt","osm_type":"way","osm_id":1338651385,"length_m":1.4}},{"type":"Feature","geometry":{"type":"LineString","coordinates":[[-6.2365386,53.362512],[-6.2365593,53.3625209]]},"properties":{"crossing":"traffic_signals","crossing:markings":"lines","cycleway":"crossing","foot":"yes","highway":"cycleway","segregated":"no","surface":"asphalt","osm_type":"way","osm_id":1338669801,"length_m":1.69}},{"type":"Feature","geometry":{"type":"LineString","coordinates":[[-6.2366702,53.3627524],[-6.2366179,53.3628069]]},"properties":{"cycleway":"crossing","highway":"cycleway","name":"Annesley Bridge Road","name:en":"Annesley Bridge Road","name:ga":"B\u00f3thar Dhroichead Annesley","oneway":"yes","surface":"asphalt","osm_type":"way","osm_id":1338669803,"length_m":7.03}},{"type":"Feature","geometry":{"type":"LineString","coordinates":[[-6.2384049,53.3612453],[-6.2381951,53.3611538]]},"properties":{"bicycle":"designated","crossing":"marked","cycleway":"crossing","foot":"designated","highway":"cycleway","surface":"asphalt","traffic_calming":"table","osm_type":"way","osm_id":1338753268,"length_m":17.24}},{"type":"Feature","geometry":{"type":"LineString","coordinates":[[-6.2381223,53.3612152],[-6.2381311,53.3611837]]},"properties":{"foot":"designated","highway":"cycleway","oneway":"yes","segregated":"yes","surface":"asphalt","osm_type":"way","osm_id":1338753269,"length_m":4.18}},{"type":"Feature","geometry":{"type":"LineString","coordinates":[[-6.2384728,53.3611843],[-6.2384611,53.3612369]]},"properties":{"foot":"designated","highway":"cycleway","oneway":"yes","segregated":"yes","surface":"asphalt","osm_type":"way","osm_id":1338753270,"length_m":6.39}},{"type":"Feature","geometry":{"type":"LineString","coordinates":[[-6.2381311,53.3611837],[-6.2381754,53.3611452]]},"properties":{"bicycle":"yes","cycleway":"sidewalk","foot":"designated","highway":"cycleway","segregated":"no","surface":"paved","osm_type":"way","osm_id":1338753271,"length_m":5.19}},{"type":"Feature","geometry":{"type":"LineString","coordinates":[[-6.2384611,53.3612369],[-6.2384193,53.3612516]]},"properties":{"bicycle":"yes","cycleway":"sidewalk","foot":"designated","highway":"cycleway","segregated":"no","surface":"paved","osm_type":"way","osm_id":1338753272,"length_m":4.28}},{"type":"Feature","geometry":{"type":"LineString","coordinates":[[-6.2381856,53.3611497],[-6.2381754,53.3611452]]},"properties":{"bicycle":"designated","foot":"designated","highway":"cycleway","osm_type":"way","osm_id":1338753273,"length_m":0.84}},{"type":"Feature","geometry":{"type":"LineString","coordinates":[[-6.2384193,53.3612516],[-6.2384049,53.3612453]]},"properties":{"crossing":"marked","cycleway":"crossing","foot":"designated","highway":"cycleway","segregated":"no","surface":"asphalt","osm_type":"way","osm_id":1338753274,"length_m":1.18}},{"type":"Feature","geometry":{"type":"LineString","coordinates":[[-6.238785,53.3605866],[-6.2383933,53.3602929]]},"properties":{"highway":"cycleway","oneway":"yes","surface":"asphalt","osm_type":"way","osm_id":1338756114,"length_m":43.17}},{"type":"Feature","geometry":{"type":"LineString","coordinates":[[-6.2393977,53.3607488],[-6.2390751,53.3607408]]},"properties":{"highway":"cycleway","oneway":"yes","sidewalk":"left","surface":"asphalt","osm_type":"way","osm_id":1338756115,"length_m":22.04}},{"type":"Feature","geometry":{"type":"LineString","coordinates":[[-6.2382641,53.3602235],[-6.2391841,53.3606127]]},"properties":{"highway":"cycleway","oneway":"yes","surface":"asphalt","osm_type":"way","osm_id":1338756117,"length_m":76.64}},{"type":"Feature","geometry":{"type":"LineString","coordinates":[[-6.2390751,53.3607408],[-6.238785,53.3605866]]},"properties":{"highway":"cycleway","layer":"1","oneway":"yes","surface":"asphalt","osm_type":"way","osm_id":1338756118,"length_m":27.54}},{"type":"Feature","geometry":{"type":"LineString","coordinates":[[-6.2391846,53.3606185],[-6.2392366,53.3606953]]},"properties":{"highway":"cycleway","oneway":"yes","sidewalk:left":"separate","surface":"asphalt","osm_type":"way","osm_id":1338758192,"length_m":9.67}},{"type":"Feature","geometry":{"type":"LineString","coordinates":[[-6.234164,53.3580001],[-6.2340209,53.3579272]]},"properties":{"crossing":"marked","cycleway":"crossing","foot":"yes","highway":"cycleway","segregated":"no","surface":"asphalt","osm_type":"way","osm_id":1338759808,"length_m":12.49}},{"type":"Feature","geometry":{"type":"LineString","coordinates":[[-6.2343575,53.3579655],[-6.2343025,53.3580026]]},"properties":{"crossing":"marked","cycleway":"crossing","foot":"yes","highway":"cycleway","segregated":"no","surface":"asphalt","osm_type":"way","osm_id":1338759809,"length_m":5.51}},{"type":"Feature","geometry":{"type":"LineString","coordinates":[[-6.2439298,53.3568249],[-6.2437793,53.3567421]]},"properties":{"crossing":"marked","cycleway":"crossing","foot":"yes","highway":"cycleway","segregated":"no","surface":"asphalt","osm_type":"way","osm_id":1338761795,"length_m":13.58}},{"type":"Feature","geometry":{"type":"LineString","coordinates":[[-6.2439363,53.3568284],[-6.2439298,53.3568249]]},"properties":{"crossing":"marked","cycleway":"crossing","foot":"yes","highway":"cycleway","segregated":"no","surface":"asphalt","osm_type":"way","osm_id":1338761801,"length_m":0.58}},{"type":"Feature","geometry":{"type":"LineString","coordinates":[[-6.2442523,53.3566139],[-6.2441949,53.3566508]]},"properties":{"highway":"cycleway","name":"North Strand Road","name:en":"North Strand Road","name:ga":"B\u00f3thar na Tr\u00e1 Thuaidh","oneway":"yes","surface":"asphalt","osm_type":"way","osm_id":1339046262,"length_m":5.6}},{"type":"Feature","geometry":{"type":"LineString","coordinates":[[-6.2441949,53.3566508],[-6.2440666,53.356735]]},"properties":{"bridge":"yes","highway":"cycleway","layer":"1","name":"North Strand Road","name:en":"North Strand Road","name:ga":"B\u00f3thar na Tr\u00e1 Thuaidh","oneway":"yes","surface":"asphalt","osm_type":"way","osm_id":1339046263,"length_m":12.66}},{"type":"Feature","geometry":{"type":"LineString","coordinates":[[-6.3021433,53.3642329],[-6.3018623,53.3638801],[-6.3019905,53.363763]]},"properties":{"bicycle":"yes","foot":"designated","highway":"cycleway","motor_vehicle":"no","oneway":"no","segregated":"no","surface":"asphalt","osm_type":"way","osm_id":1342458768,"length_m":58.99}},{"type":"Feature","geometry":{"type":"LineString","coordinates":[[-6.301424,53.3634069],[-6.3017052,53.3638353],[-6.3018623,53.3638801]]},"properties":{"bicycle":"yes","foot":"yes","highway":"cycleway","motor_vehicle":"no","oneway":"no","segregated":"no","osm_type":"way","osm_id":1342458769,"length_m":65.24}},{"type":"Feature","geometry":{"type":"LineString","coordinates":[[-6.3005686,53.363918],[-6.3006924,53.3638127],[-6.3011627,53.3637629],[-6.3013243,53.3638611],[-6.3016613,53.3637684]]},"properties":{"bicycle":"yes","foot":"yes","highway":"cycleway","motor_vehicle":"no","oneway":"no","segregated":"no","osm_type":"way","osm_id":1342458770,"length_m":86.13}},{"type":"Feature","geometry":{"type":"LineString","coordinates":[[-6.3013243,53.3638611],[-6.3008031,53.3640598],[-6.3005945,53.3639831]]},"properties":{"bicycle":"yes","foot":"yes","highway":"cycleway","motor_vehicle":"no","oneway":"no","segregated":"no","osm_type":"way","osm_id":1342458772,"length_m":58.89}},{"type":"Feature","geometry":{"type":"LineString","coordinates":[[-6.3041491,53.3635601],[-6.3039383,53.3634886]]},"properties":{"cycleway":"lane","highway":"secondary","lane_markings":"yes","lanes":"2","lit":"yes","logainm:ref":"1380791","logainm:url":"https://www.logainm.ie/1380791.aspx","maxspeed":"50","name":"Navan Road","name:en":"Navan Road","name:ga":"B\u00f3thar na hUaimhe","ref":"R147","sidewalk":"both","sidewalk:both:surface":"concrete","surface":"asphalt","osm_type":"way","osm_id":1342767613,"length_m":16.09}},{"type":"Feature","geometry":{"type":"LineString","coordinates":[[-6.3082695,53.3649203],[-6.3069276,53.3644854]]},"properties":{"cycleway":"lane","highway":"secondary","lane_markings":"yes","lanes":"2","lit":"yes","logainm:ref":"1380791","logainm:url":"https://www.logainm.ie/1380791.aspx","maxspeed":"50","name":"Navan Road","name:en":"Navan Road","name:ga":"B\u00f3thar na hUaimhe","ref":"R147","sidewalk":"both","surface":"asphalt","osm_type":"way","osm_id":1342767614,"length_m":101.34}},{"type":"Feature","geometry":{"type":"LineString","coordinates":[[-6.2309861,53.328938],[-6.2309799,53.3290091]]},"properties":{"highway":"cycleway","oneway":"yes","sidewalk:left":"separate","surface":"asphalt","osm_type":"way","osm_id":1350385656,"length_m":7.92}},{"type":"Feature","geometry":{"type":"LineString","coordinates":[[-6.2309177,53.3290905],[-6.2308465,53.3291284]]},"properties":{"highway":"cycleway","oneway":"yes","sidewalk:left":"separate","surface":"asphalt","osm_type":"way","osm_id":1350385662,"length_m":6.74}},{"type":"Feature","geometry":{"type":"LineString","coordinates":[[-6.2307743,53.3276179],[-6.2308053,53.3275575]]},"properties":{"foot":"yes","highway":"cycleway","segregated":"no","surface":"concrete","osm_type":"way","osm_id":1350401165,"length_m":8.34}},{"type":"Feature","geometry":{"type":"LineString","coordinates":[[-6.2308438,53.3276724],[-6.2307743,53.3276179]]},"properties":{"foot":"yes","highway":"cycleway","oneway":"yes","surface":"asphalt","osm_type":"way","osm_id":1350401166,"length_m":8.21}},{"type":"Feature","geometry":{"type":"LineString","coordinates":[[-6.2310335,53.3267262],[-6.2310531,53.3269665]]},"properties":{"foot":"yes","highway":"cycleway","name":"Anglesea Road","network":"lcn","oneway":"yes","surface":"asphalt","osm_type":"way","osm_id":1350401167,"length_m":29.1}},{"type":"Feature","geometry":{"type":"LineString","coordinates":[[-6.2308669,53.327562],[-6.2309321,53.3275667]]},"properties":{"crossing":"unmarked","foot":"yes","highway":"cycleway","oneway":"no","segregated":"no","surface":"asphalt","osm_type":"way","osm_id":1350429263,"length_m":4.36}},{"type":"Feature","geometry":{"type":"LineString","coordinates":[[-6.1635263,53.4082289],[-6.1635333,53.4081604]]},"properties":{"bicycle":"designated","crossing":"unmarked","cycleway":"crossing","foot":"designated","highway":"cycleway","oneway":"no","surface":"asphalt","osm_type":"way","osm_id":1351040404,"length_m":7.63}},{"type":"Feature","geometry":{"type":"LineString","coordinates":[[-6.1635234,53.4082582],[-6.1635263,53.4082289]]},"properties":{"bicycle":"designated","foot":"designated","highway":"cycleway","oneway":"no","segregated":"no","surface":"asphalt","osm_type":"way","osm_id":1351040405,"length_m":3.26}},{"type":"Feature","geometry":{"type":"LineString","coordinates":[[-6.1635333,53.4081604],[-6.1635363,53.4081312]]},"properties":{"bicycle":"designated","foot":"designated","highway":"cycleway","oneway":"no","segregated":"no","surface":"asphalt","osm_type":"way","osm_id":1351040406,"length_m":3.25}},{"type":"Feature","geometry":{"type":"LineString","coordinates":[[-6.1629139,53.4081312],[-6.1647257,53.4081191]]},"properties":{"bicycle":"designated","foot":"designated","highway":"cycleway","oneway":"yes","segregated":"yes","surface":"asphalt","osm_type":"way","osm_id":1351040407,"length_m":120.52}},{"type":"Feature","geometry":{"type":"LineString","coordinates":[[-6.1647257,53.4081191],[-6.1649793,53.4081542]]},"properties":{"highway":"cycleway","oneway":"yes","surface":"asphalt","osm_type":"way","osm_id":1351040408,"length_m":17.26}},{"type":"Feature","geometry":{"type":"LineString","coordinates":[[-6.1627718,53.4081781],[-6.1629139,53.4081312]]},"properties":{"highway":"cycleway","oneway":"yes","surface":"asphalt","osm_type":"way","osm_id":1351040409,"length_m":10.77}},{"type":"Feature","geometry":{"type":"LineString","coordinates":[[-6.1653351,53.4080976],[-6.1671583,53.4076493]]},"properties":{"bicycle":"designated","foot":"designated","highway":"cycleway","oneway":"yes","segregated":"yes","surface":"asphalt","osm_type":"way","osm_id":1351040412,"length_m":132.17}},{"type":"Feature","geometry":{"type":"LineString","coordinates":[[-6.1671583,53.4076493],[-6.1673969,53.4076693]]},"properties":{"highway":"cycleway","oneway":"yes","surface":"asphalt","osm_type":"way","osm_id":1351040413,"length_m":16.1}},{"type":"Feature","geometry":{"type":"LineString","coordinates":[[-6.1679667,53.4075455],[-6.1681191,53.4074307]]},"properties":{"highway":"cycleway","oneway":"yes","surface":"asphalt","osm_type":"way","osm_id":1351040415,"length_m":16.28}},{"type":"Feature","geometry":{"type":"LineString","coordinates":[[-6.1696545,53.4071056],[-6.1699518,53.4071263]]},"properties":{"highway":"cycleway","oneway":"yes","surface":"asphalt","osm_type":"way","osm_id":1351040417,"length_m":20.13}},{"type":"Feature","geometry":{"type":"LineString","coordinates":[[-6.1706446,53.4069768],[-6.1708224,53.4068573],[-6.1718791,53.4066552],[-6.173258,53.4065426],[-6.1736056,53.4063879],[-6.1742738,53.4065261],[-6.1752713,53.4064561],[-6.1771955,53.4065251],[-6.1774656,53.4063203],[-6.1781084,53.404633]]},"properties":{"bicycle":"designated","foot":"designated","highway":"cycleway","oneway":"yes","segregated":"yes","surface":"asphalt","osm_type":"way","osm_id":1351040420,"length_m":679.31}},{"type":"Feature","geometry":{"type":"LineString","coordinates":[[-6.1781084,53.404633],[-6.1782906,53.4044677]]},"properties":{"highway":"cycleway","oneway":"yes","surface":"asphalt","osm_type":"way","osm_id":1351040421,"length_m":22.19}},{"type":"Feature","geometry":{"type":"LineString","coordinates":[[-6.1775843,53.406841],[-6.1771811,53.4067419],[-6.1750346,53.4066548],[-6.1741989,53.406732],[-6.1736703,53.4070115]]},"properties":{"bicycle":"designated","foot":"designated","highway":"cycleway","oneway":"yes","segregated":"yes","surface":"asphalt","osm_type":"way","osm_id":1351040423,"length_m":277.35}},{"type":"Feature","geometry":{"type":"LineString","coordinates":[[-6.1741857,53.4065163],[-6.1741771,53.4065418]]},"properties":{"bicycle":"designated","foot":"designated","highway":"cycleway","lit":"yes","oneway":"no","segregated":"no","surface":"concrete","osm_type":"way","osm_id":1351040429,"length_m":2.89}},{"type":"Feature","geometry":{"type":"LineString","coordinates":[[-6.1741923,53.4067109],[-6.1741989,53.406732]]},"properties":{"bicycle":"designated","foot":"designated","highway":"cycleway","lit":"yes","oneway":"no","segregated":"no","surface":"concrete","osm_type":"way","osm_id":1351040430,"length_m":2.39}},{"type":"Feature","geometry":{"type":"LineString","coordinates":[[-6.1731696,53.4067028],[-6.1731791,53.4065906]]},"properties":{"bicycle":"designated","crossing":"unmarked","crossing:island":"yes","crossing:markings":"no","cycleway":"crossing","foot":"designated","highway":"cycleway","oneway":"no","surface":"paved","tactile_paving":"yes","osm_type":"way","osm_id":1351040431,"length_m":12.49}},{"type":"Feature","geometry":{"type":"LineString","coordinates":[[-6.1731791,53.4065906],[-6.1731819,53.4065567]]},"properties":{"bicycle":"designated","foot":"designated","highway":"cycleway","oneway":"no","segregated":"no","surface":"paved","osm_type":"way","osm_id":1351040432,"length_m":3.77}},{"type":"Feature","geometry":{"type":"LineString","coordinates":[[-6.1731503,53.4067234],[-6.1731696,53.4067028]]},"properties":{"bicycle":"designated","foot":"designated","highway":"cycleway","oneway":"no","segregated":"no","surface":"paved","osm_type":"way","osm_id":1351040433,"length_m":2.62}},{"type":"Feature","geometry":{"type":"LineString","coordinates":[[-6.1616854,53.4084182],[-6.1618444,53.4083464]]},"properties":{"highway":"cycleway","oneway":"yes","surface":"asphalt","osm_type":"way","osm_id":1351040442,"length_m":13.22}},{"type":"Feature","geometry":{"type":"LineString","coordinates":[[-6.1615142,53.4086545],[-6.1616854,53.4084182]]},"properties":{"bicycle":"designated","foot":"designated","highway":"cycleway","oneway":"yes","segregated":"yes","surface":"asphalt","osm_type":"way","osm_id":1351040443,"length_m":28.62}},{"type":"Feature","geometry":{"type":"LineString","coordinates":[[-6.161255,53.4089736],[-6.1615142,53.4086545]]},"properties":{"bicycle":"designated","bridge":"yes","foot":"designated","highway":"cycleway","layer":"1","oneway":"yes","segregated":"yes","surface":"asphalt","osm_type":"way","osm_id":1351040444,"length_m":39.49}},{"type":"Feature","geometry":{"type":"LineString","coordinates":[[-6.1619229,53.4082434],[-6.1619697,53.4083271],[-6.1616988,53.408703]]},"properties":{"bicycle":"designated","foot":"designated","highway":"cycleway","oneway":"yes","segregated":"yes","surface":"asphalt","osm_type":"way","osm_id":1351040447,"length_m":55.3}},{"type":"Feature","geometry":{"type":"LineString","coordinates":[[-6.1616988,53.408703],[-6.1614667,53.4090251]]},"properties":{"bicycle":"designated","bridge":"yes","foot":"designated","highway":"cycleway","layer":"1","oneway":"yes","segregated":"yes","surface":"asphalt","osm_type":"way","osm_id":1351040448,"length_m":38.98}},{"type":"Feature","geometry":{"type":"LineString","coordinates":[[-6.1619229,53.4082434],[-6.1619841,53.4081505]]},"properties":{"alt_name":"The Hole in the Wall Road Extension","cycleway":"lane","highway":"tertiary","lanes":"3","lanes:backward":"1","lanes:forward":"2","lit":"yes","logainm:ref":"1380870","logainm:url":"https://www.logainm.ie/1380870.aspx","maxspeed":"50","name":"The Hole in the Wall Road","name:en":"The Hole in the Wall Road","name:ga":"B\u00f3thar Pholl an Bhalla","sidewalk":"both","source":"Fingal County Council","surface":"asphalt","year_of_construction":"2020","osm_type":"way","osm_id":1351040459,"length_m":11.1}},{"type":"Feature","geometry":{"type":"LineString","coordinates":[[-6.1624623,53.4074884],[-6.1624311,53.4073386],[-6.1628576,53.4066243],[-6.1630606,53.4058505]]},"properties":{"bicycle":"designated","foot":"designated","highway":"cycleway","oneway":"yes","segregated":"yes","surface":"asphalt","osm_type":"way","osm_id":1351040466,"length_m":188.47}},{"type":"Feature","geometry":{"type":"LineString","coordinates":[[-6.2657634,53.3730154],[-6.2657448,53.3730149]]},"properties":{"bicycle":"designated","foot":"designated","highway":"cycleway","surface":"asphalt","tactile_paving":"yes","osm_type":"way","osm_id":1352783381,"length_m":1.24}},{"type":"Feature","geometry":{"type":"LineString","coordinates":[[-6.2659287,53.3730198],[-6.2659081,53.3730192]]},"properties":{"bicycle":"designated","foot":"designated","highway":"cycleway","surface":"asphalt","tactile_paving":"yes","osm_type":"way","osm_id":1352783382,"length_m":1.37}},{"type":"Feature","geometry":{"type":"LineString","coordinates":[[-6.2664072,53.3719628],[-6.2665028,53.3720055]]},"properties":{"highway":"cycleway","surface":"asphalt","osm_type":"way","osm_id":1352783383,"length_m":7.92}},{"type":"Feature","geometry":{"type":"LineString","coordinates":[[-6.2646019,53.3760893],[-6.2646103,53.3760739]]},"properties":{"bicycle":"designated","cycleway":"sidewalk","foot":"designated","highway":"cycleway","segregated":"no","surface":"concrete","osm_type":"way","osm_id":1352783395,"length_m":1.8}},{"type":"Feature","geometry":{"type":"LineString","coordinates":[[-6.2883571,53.3394727],[-6.288307,53.3395048]]},"properties":{"highway":"cycleway","name":"Long's Place","name:en":"Long's Place","name:ga":"Pl\u00e1s U\u00ed Long\u00e1in","oneway":"yes","separation":"bump","surface":"asphalt","osm_type":"way","osm_id":1355085612,"length_m":5.44}},{"type":"Feature","geometry":{"type":"LineString","coordinates":[[-6.2994853,53.337569],[-6.2993723,53.3375824]]},"properties":{"bicycle":"designated","foot":"designated","highway":"cycleway","lit":"yes","oneway":"no","segregated":"no","surface":"asphalt","osm_type":"way","osm_id":1355088380,"length_m":7.65}},{"type":"Feature","geometry":{"type":"LineString","coordinates":[[-6.3850542,53.3429965],[-6.3851124,53.3428961]]},"properties":{"highway":"cycleway","lit":"yes","segregated":"yes","surface":"asphalt","osm_type":"way","osm_id":1361482784,"length_m":11.81}},{"type":"Feature","geometry":{"type":"LineString","coordinates":[[-6.3861465,53.3408731],[-6.3862548,53.3403865],[-6.3858454,53.3387805],[-6.3856751,53.3382759],[-6.3852915,53.3380932]]},"properties":{"bicycle":"designated","foot":"designated","highway":"cycleway","lit":"yes","surface":"asphalt","osm_type":"way","osm_id":1361490275,"length_m":326.19}},{"type":"Feature","geometry":{"type":"LineString","coordinates":[[-6.3852643,53.338087],[-6.3852355,53.338084]]},"properties":{"bicycle":"designated","foot":"designated","highway":"cycleway","lit":"yes","segregated":"no","surface":"concrete","osm_type":"way","osm_id":1361490276,"length_m":1.94}},{"type":"Feature","geometry":{"type":"LineString","coordinates":[[-6.3852915,53.3380932],[-6.3852643,53.338087]]},"properties":{"bicycle":"designated","foot":"designated","highway":"cycleway","lit":"yes","segregated":"no","surface":"concrete","osm_type":"way","osm_id":1361490277,"length_m":1.93}},{"type":"Feature","geometry":{"type":"LineString","coordinates":[[-6.3852617,53.3380713],[-6.3852405,53.3380093]]},"properties":{"crossing":"marked","crossing:markings":"yes","cycleway":"crossing","highway":"cycleway","segregated":"no","surface":"asphalt","osm_type":"way","osm_id":1361490278,"length_m":7.07}},{"type":"Feature","geometry":{"type":"LineString","coordinates":[[-6.3852643,53.338087],[-6.3852617,53.3380713]]},"properties":{"highway":"cycleway","segregated":"no","surface":"concrete","osm_type":"way","osm_id":1361490279,"length_m":1.75}},{"type":"Feature","geometry":{"type":"LineString","coordinates":[[-6.3852326,53.3379878],[-6.3852128,53.3379278]]},"properties":{"crossing":"marked","crossing:markings":"yes","cycleway":"crossing","highway":"cycleway","segregated":"no","surface":"asphalt","osm_type":"way","osm_id":1361490280,"length_m":6.8}},{"type":"Feature","geometry":{"type":"LineString","coordinates":[[-6.3852405,53.3380093],[-6.3852326,53.3379878]]},"properties":{"highway":"cycleway","segregated":"no","surface":"paved","osm_type":"way","osm_id":1361490281,"length_m":2.45}},{"type":"Feature","geometry":{"type":"LineString","coordinates":[[-6.3851776,53.3379269],[-6.3852128,53.3379278]]},"properties":{"bicycle":"designated","foot":"designated","highway":"cycleway","lit":"yes","segregated":"no","surface":"concrete","osm_type":"way","osm_id":1361490282,"length_m":2.66}},{"type":"Feature","geometry":{"type":"LineString","coordinates":[[-6.3732615,53.3315016],[-6.373126,53.331496]]},"properties":{"access":"no","bicycle":"designated","highway":"cycleway","lit":"yes","oneway":"yes","surface":"asphalt","osm_type":"way","osm_id":1361490283,"length_m":9.02}},{"type":"Feature","geometry":{"type":"LineString","coordinates":[[-6.3851567,53.3430262],[-6.3850542,53.3429965]]},"properties":{"highway":"cycleway","lit":"yes","oneway":"yes","surface":"asphalt","osm_type":"way","osm_id":1361492062,"length_m":7.56}},{"type":"Feature","geometry":{"type":"LineString","coordinates":[[-6.2999573,53.3731432],[-6.2998843,53.373142]]},"properties":{"crossing":"marked","crossing:markings":"dashes","cycleway":"crossing","foot":"no","highway":"cycleway","oneway":"no","surface":"asphalt","width":"3","osm_type":"way","osm_id":1366082022,"length_m":4.84}},{"type":"Feature","geometry":{"type":"LineString","coordinates":[[-6.2999831,53.3731143],[-6.2999573,53.3731432]]},"properties":{"foot":"yes","highway":"cycleway","segregated":"no","surface":"asphalt","osm_type":"way","osm_id":1366082026,"length_m":4.55}},{"type":"Feature","geometry":{"type":"LineString","coordinates":[[-6.2998843,53.373142],[-6.2997915,53.3730816]]},"properties":{"foot":"yes","highway":"cycleway","segregated":"no","surface":"asphalt","osm_type":"way","osm_id":1366082027,"length_m":9.94}},{"type":"Feature","geometry":{"type":"LineString","coordinates":[[-6.2598566,53.3614264],[-6.2595925,53.3613554]]},"properties":{"bicycle":"designated","crossing":"traffic_signals","crossing:island":"no","crossing:markings":"lines","cycleway":"crossing","foot":"designated","highway":"cycleway","lit":"yes","name":"Royal Canal Greenway","oneway":"no","segregated":"no","smoothness":"excellent","surface":"asphalt","traffic_calming":"no","osm_type":"way","osm_id":1371001501,"length_m":19.22}},{"type":"Feature","geometry":{"type":"LineString","coordinates":[[-6.2598845,53.3612896],[-6.2599279,53.361335]]},"properties":{"highway":"cycleway","oneway":"yes","surface":"asphalt","osm_type":"way","osm_id":1371001502,"length_m":5.81}},{"type":"Feature","geometry":{"type":"LineString","coordinates":[[-6.2599526,53.3613596],[-6.2599212,53.3613931]]},"properties":{"check_date:surface":"2025-08-06","cycleway":"sidewalk","cycleway:surface":"asphalt","foot":"yes","footway:surface":"paving_stones","highway":"cycleway","oneway":"yes","segregated":"yes","surface":"paved","osm_type":"way","osm_id":1371001503,"length_m":4.27}},{"type":"Feature","geometry":{"type":"LineString","coordinates":[[-6.2599279,53.361335],[-6.2599526,53.3613596]]},"properties":{"cycleway:surface":"asphalt","highway":"cycleway","oneway":"yes","segregated":"yes","surface":"paved","osm_type":"way","osm_id":1371001505,"length_m":3.19}},{"type":"Feature","geometry":{"type":"LineString","coordinates":[[-6.2595925,53.3613554],[-6.2595803,53.3613535]]},"properties":{"foot":"yes","highway":"cycleway","oneway":"no","surface":"asphalt","osm_type":"way","osm_id":1371001506,"length_m":0.84}},{"type":"Feature","geometry":{"type":"LineString","coordinates":[[-6.2596415,53.361508],[-6.2595072,53.3614504]]},"properties":{"bridge":"yes","highway":"cycleway","layer":"1","oneway":"yes","surface":"asphalt","osm_type":"way","osm_id":1371001507,"length_m":10.97}},{"type":"Feature","geometry":{"type":"LineString","coordinates":[[-6.2599212,53.3613931],[-6.259886,53.3614342]]},"properties":{"cycleway":"sidewalk","foot":"yes","highway":"cycleway","segregated":"no","surface":"paving_stones","osm_type":"way","osm_id":1371001509,"length_m":5.13}},{"type":"Feature","geometry":{"type":"LineString","coordinates":[[-6.2474238,53.3580538],[-6.2471507,53.3579256]]},"properties":{"bicycle":"designated","foot":"designated","highway":"cycleway","incline":"down","name":"Royal Canal Greenway","segregated":"no","surface":"paved","osm_type":"way","osm_id":1371002303,"length_m":23.06}},{"type":"Feature","geometry":{"type":"LineString","coordinates":[[-6.2480005,53.3583634],[-6.2476656,53.3581814]]},"properties":{"bicycle":"designated","foot":"designated","highway":"cycleway","incline":"up","lit":"yes","name":"Royal Canal Greenway","segregated":"no","smoothness":"excellent","surface":"asphalt","towpath":"yes","wheelchair":"yes","osm_type":"way","osm_id":1371002304,"length_m":30.08}},{"type":"Feature","geometry":{"type":"LineString","coordinates":[[-6.2476297,53.3581617],[-6.2474784,53.3580788]]},"properties":{"bicycle":"designated","crossing":"traffic_signals","crossing:island":"no","crossing:markings":"lines","cycleway":"crossing","foot":"designated","highway":"cycleway","lit":"yes","name":"Royal Canal Greenway","oneway":"no","segregated":"no","smoothness":"excellent","surface":"asphalt","traffic_calming":"no","osm_type":"way","osm_id":1371002305,"length_m":13.63}},{"type":"Feature","geometry":{"type":"LineString","coordinates":[[-6.2536322,53.3599678],[-6.2533371,53.3599514]]},"properties":{"bicycle":"designated","foot":"designated","highway":"cycleway","incline":"down","layer":"1","name":"Royal Canal Greenway","oneway":"no","segregated":"no","surface":"paved","osm_type":"way","osm_id":1371004430,"length_m":19.87}},{"type":"Feature","geometry":{"type":"LineString","coordinates":[[-6.2595803,53.3613535],[-6.2578963,53.3609916]]},"properties":{"bicycle":"designated","foot":"designated","highway":"cycleway","incline":"down","lit":"yes","name":"Royal Canal Greenway","segregated":"no","smoothness":"excellent","surface":"asphalt","towpath":"yes","wheelchair":"yes","osm_type":"way","osm_id":1371004431,"length_m":118.82}},{"type":"Feature","geometry":{"type":"LineString","coordinates":[[-6.2537683,53.360038],[-6.2536465,53.3600142]]},"properties":{"bicycle":"designated","bridge":"yes","crossing":"traffic_signals","crossing:island":"no","crossing:markings":"lines","cycleway":"crossing","foot":"designated","highway":"cycleway","layer":"1","lit":"yes","oneway":"no","segregated":"no","smoothness":"excellent","surface":"asphalt","tactile_paving":"yes","traffic_calming":"no","osm_type":"way","osm_id":1371004433,"length_m":8.5}},{"type":"Feature","geometry":{"type":"LineString","coordinates":[[-6.2536326,53.3600117],[-6.2536477,53.3599712]]},"properties":{"bicycle":"designated","bridge":"yes","cycleway":"sidewalk","foot":"designated","highway":"cycleway","layer":"1","lit":"yes","name":"Royal Canal Greenway","oneway":"no","segregated":"no","surface":"concrete","wheelchair":"yes","osm_type":"way","osm_id":1371004434,"length_m":4.61}},{"type":"Feature","geometry":{"type":"LineString","coordinates":[[-6.2538077,53.3600463],[-6.2537683,53.360038]]},"properties":{"bicycle":"designated","bridge":"yes","foot":"designated","highway":"cycleway","incline":"0%","layer":"1","name":"Royal Canal Greenway","oneway":"no","segregated":"no","surface":"concrete","osm_type":"way","osm_id":1371004435,"length_m":2.77}},{"type":"Feature","geometry":{"type":"LineString","coordinates":[[-6.2536465,53.3600142],[-6.2536326,53.3600117]]},"properties":{"bicycle":"designated","bridge":"yes","foot":"designated","highway":"cycleway","layer":"1","lit":"yes","name":"Royal Canal Greenway","oneway":"no","segregated":"no","surface":"concrete","wheelchair":"yes","osm_type":"way","osm_id":1371004436,"length_m":0.96}},{"type":"Feature","geometry":{"type":"LineString","coordinates":[[-6.2470706,53.3579033],[-6.2467656,53.3577493]]},"properties":{"bicycle":"designated","foot":"designated","highway":"cycleway","incline":"down","lit":"yes","name":"Royal Canal Greenway","segregated":"no","surface":"asphalt","wheelchair":"yes","osm_type":"way","osm_id":1371012496,"length_m":26.51}},{"type":"Feature","geometry":{"type":"LineString","coordinates":[[-6.2462056,53.3573974],[-6.2462392,53.3573635]]},"properties":{"highway":"cycleway","segregated":"no","surface":"concrete","osm_type":"way","osm_id":1371012497,"length_m":4.38}},{"type":"Feature","geometry":{"type":"LineString","coordinates":[[-6.2445849,53.3564712],[-6.2447833,53.3566054]]},"properties":{"highway":"cycleway","name":"Charleville Mall","name:ga":"Meal R\u00e1th Luirc","oneway":"no","sidewalk":"left","surface":"asphalt","osm_type":"way","osm_id":1371012499,"length_m":20.17}},{"type":"Feature","geometry":{"type":"LineString","coordinates":[[-6.24438,53.3563526],[-6.244458,53.3563933]]},"properties":{"bicycle":"designated","crossing":"traffic_signals","crossing:island":"no","crossing:markings":"zebra","cycleway":"crossing","foot":"designated","highway":"cycleway","lit":"yes","name":"Royal Canal Greenway","oneway":"no","segregated":"no","smoothness":"excellent","surface":"asphalt","traffic_calming":"no","osm_type":"way","osm_id":1371012501,"length_m":6.88}},{"type":"Feature","geometry":{"type":"LineString","coordinates":[[-6.2442757,53.3562984],[-6.2443447,53.3563343]]},"properties":{"bicycle":"designated","foot":"designated","highway":"cycleway","lit":"yes","name":"Royal Canal Greenway","oneway":"no","segregated":"no","smoothness":"excellent","surface":"asphalt","osm_type":"way","osm_id":1371012502,"length_m":6.07}},{"type":"Feature","geometry":{"type":"LineString","coordinates":[[-6.244536,53.3564343],[-6.2445624,53.3564588]]},"properties":{"foot":"yes","highway":"cycleway","name":"Royal Canal Greenway","oneway":"no","segregated":"no","surface":"paving_stones","osm_type":"way","osm_id":1371012503,"length_m":3.24}},{"type":"Feature","geometry":{"type":"LineString","coordinates":[[-6.244528,53.3564301],[-6.244536,53.3564343]]},"properties":{"crossing":"marked","cycleway":"crossing","foot":"yes","highway":"cycleway","lit":"yes","oneway":"no","segregated":"no","surface":"asphalt","osm_type":"way","osm_id":1371012504,"length_m":0.71}},{"type":"Feature","geometry":{"type":"LineString","coordinates":[[-6.2445624,53.3564588],[-6.2445849,53.3564712]]},"properties":{"foot":"yes","highway":"cycleway","oneway":"no","segregated":"no","surface":"paving_stones","osm_type":"way","osm_id":1371012505,"length_m":2.03}},{"type":"Feature","geometry":{"type":"LineString","coordinates":[[-6.260497,53.3615974],[-6.2604219,53.3615795]]},"properties":{"foot":"yes","highway":"cycleway","motorcar":"no","name":"Royal Canal Greenway","oneway":"no","segregated":"no","surface":"asphalt","towpath":"yes","osm_type":"way","osm_id":1372541761,"length_m":5.37}},{"type":"Feature","geometry":{"type":"LineString","coordinates":[[-6.2716752,53.3644292],[-6.2716537,53.3644236]]},"properties":{"bicycle":"designated","foot":"designated","highway":"cycleway","name":"Royal Canal Greenway","segregated":"no","surface":"concrete","osm_type":"way","osm_id":1372541762,"length_m":1.56}},{"type":"Feature","geometry":{"type":"LineString","coordinates":[[-6.2719117,53.364468],[-6.2719933,53.3645099]]},"properties":{"bicycle":"designated","foot":"designated","highway":"cycleway","segregated":"no","surface":"concrete","osm_type":"way","osm_id":1372541764,"length_m":7.14}},{"type":"Feature","geometry":{"type":"LineString","coordinates":[[-6.2718832,53.3644633],[-6.2719117,53.364468]]},"properties":{"bicycle":"designated","foot":"designated","highway":"cycleway","segregated":"no","surface":"concrete","osm_type":"way","osm_id":1372543709,"length_m":1.96}},{"type":"Feature","geometry":{"type":"LineString","coordinates":[[-6.2473883,53.3582281],[-6.2473419,53.3581564]]},"properties":{"bridge":"yes","highway":"cycleway","layer":"1","oneway":"yes","sidewalk":"left","surface":"paved","osm_type":"way","osm_id":1372566946,"length_m":8.55}},{"type":"Feature","geometry":{"type":"LineString","coordinates":[[-6.2474029,53.3581076],[-6.2474341,53.3580886]]},"properties":{"bicycle":"designated","bridge":"yes","cycleway":"sidewalk","foot":"designated","highway":"cycleway","layer":"1","segregated":"no","surface":"concrete","osm_type":"way","osm_id":1372566947,"length_m":2.96}},{"type":"Feature","geometry":{"type":"LineString","coordinates":[[-6.2473419,53.3581564],[-6.2474029,53.3581076]]},"properties":{"bridge":"yes","foot":"yes","highway":"cycleway","layer":"1","oneway":"yes","segregated":"yes","surface":"paved","osm_type":"way","osm_id":1372566948,"length_m":7.11}},{"type":"Feature","geometry":{"type":"LineString","coordinates":[[-6.2474341,53.3580886],[-6.2474623,53.3580714]]},"properties":{"bicycle":"designated","cycleway":"sidewalk","foot":"designated","highway":"cycleway","segregated":"no","surface":"concrete","osm_type":"way","osm_id":1372566949,"length_m":2.68}},{"type":"Feature","geometry":{"type":"LineString","coordinates":[[-6.2461831,53.3574439],[-6.2462056,53.3573974]]},"properties":{"bicycle":"designated","highway":"cycleway","segregated":"no","surface":"paving_stones","osm_type":"way","osm_id":1372567320,"length_m":5.44}},{"type":"Feature","geometry":{"type":"LineString","coordinates":[[-6.3782863,53.3341881],[-6.3782839,53.3342075]]},"properties":{"bicycle":"designated","bridge":"yes","bridge:name":"Park West Avenue Road Bridge","bridge:ref":"OBC9B","foot":"designated","highway":"cycleway","layer":"1","lit":"yes","oneway":"yes","segregated":"yes","surface":"asphalt","osm_type":"way","osm_id":1374155532,"length_m":2.16}},{"type":"Feature","geometry":{"type":"LineString","coordinates":[[-6.3779552,53.3340041],[-6.3779299,53.3340062]]},"properties":{"bicycle":"designated","bridge":"yes","bridge:name":"Park West Avenue Road Bridge","bridge:ref":"OBC9B","foot":"designated","highway":"cycleway","layer":"1","lit":"yes","oneway":"yes","segregated":"yes","surface":"asphalt","osm_type":"way","osm_id":1374155533,"length_m":1.7}},{"type":"Feature","geometry":{"type":"LineString","coordinates":[[-6.2366179,53.3628069],[-6.236257,53.3629957]]},"properties":{"highway":"cycleway","name":"Fairview","name:en":"Fairview","name:ga":"Fionnradharc","oneway":"yes","surface":"asphalt","osm_type":"way","osm_id":1382009236,"length_m":32.55}},{"type":"Feature","geometry":{"type":"LineString","coordinates":[[-6.236257,53.3629957],[-6.2358926,53.3631051]]},"properties":{"highway":"cycleway","name":"Fairview","name:en":"Fairview","name:ga":"Fionnradharc","oneway":"yes","surface":"asphalt","osm_type":"way","osm_id":1382009237,"length_m":27.07}},{"type":"Feature","geometry":{"type":"LineString","coordinates":[[-6.2358926,53.3631051],[-6.2343285,53.363537]]},"properties":{"highway":"cycleway","name":"Fairview","name:en":"Fairview","name:ga":"Fionnradharc","oneway":"yes","surface":"asphalt","osm_type":"way","osm_id":1382009239,"length_m":115.54}},{"type":"Feature","geometry":{"type":"LineString","coordinates":[[-6.2495079,53.3439512],[-6.2493435,53.3441206]]},"properties":{"foot":"no","highway":"cycleway","lit":"yes","name":"Westland Row","name:en":"Westland Row","name:ga":"Rae An Iarthair","oneway":"yes","surface":"asphalt","osm_type":"way","osm_id":1384181834,"length_m":22.57}},{"type":"Feature","geometry":{"type":"LineString","coordinates":[[-6.2151924,53.3613879],[-6.216177,53.3617934],[-6.2170684,53.3618221],[-6.2179362,53.3621133]]},"properties":{"bicycle":"designated","highway":"cycleway","oneway":"no","surface":"asphalt","osm_type":"way","osm_id":1387375640,"length_m":205.44}},{"type":"Feature","geometry":{"type":"LineString","coordinates":[[-6.2217461,53.3631946],[-6.2217512,53.3631613]]},"properties":{"crossing":"marked","crossing:markings":"yes","cycleway":"crossing","foot":"no","highway":"cycleway","oneway":"yes","surface":"asphalt","osm_type":"way","osm_id":1387383756,"length_m":3.72}},{"type":"Feature","geometry":{"type":"LineString","coordinates":[[-6.3265073,53.3790142],[-6.3265639,53.3790599]]},"properties":{"foot":"yes","highway":"cycleway","horse":"no","oneway":"no","segregated":"no","surface":"asphalt","osm_type":"way","osm_id":1389889384,"length_m":6.32}},{"type":"Feature","geometry":{"type":"LineString","coordinates":[[-6.3264721,53.3791006],[-6.3254052,53.3793287],[-6.3233452,53.3793175],[-6.3218412,53.3791766]]},"properties":{"foot":"yes","highway":"cycleway","horse":"no","name":"Tolka Greenway","oneway":"no","segregated":"yes","surface":"asphalt","osm_type":"way","osm_id":1389889385,"length_m":314.85}},{"type":"Feature","geometry":{"type":"LineString","coordinates":[[-6.3266735,53.3790136],[-6.3264721,53.3791006]]},"properties":{"foot":"yes","highway":"cycleway","horse":"no","name":"Tolka Greenway","oneway":"no","segregated":"no","surface":"asphalt","osm_type":"way","osm_id":1389889386,"length_m":16.49}},{"type":"Feature","geometry":{"type":"LineString","coordinates":[[-6.3253604,53.3784415],[-6.3253947,53.3785474]]},"properties":{"foot":"yes","highway":"cycleway","horse":"no","oneway":"no","segregated":"no","surface":"asphalt","osm_type":"way","osm_id":1389889387,"length_m":14.44}},{"type":"Feature","geometry":{"type":"LineString","coordinates":[[-6.2417967,53.318362],[-6.2416756,53.318279]]},"properties":{"cycleway":"lane","highway":"secondary","lane_markings":"yes","lanes":"2","lit":"yes","logainm:ref":"1380469","logainm:url":"https://www.logainm.ie/1380469.aspx","maxspeed":"50","name":"Clonskeagh Road","name:en":"Clonskeagh Road","name:ga":"B\u00f3thar Chluain Sceach","ref":"R825","sidewalk":"both","surface":"asphalt","osm_type":"way","osm_id":1390502175,"length_m":12.24}},{"type":"Feature","geometry":{"type":"LineString","coordinates":[[-6.2426117,53.3189954],[-6.2424963,53.3188997]]},"properties":{"cycleway":"track","highway":"secondary","lane_markings":"yes","lanes":"3","lit":"yes","logainm:ref":"1380918","logainm:url":"https://www.logainm.ie/1380918.aspx","maxspeed":"50","name":"Sandford Road","name:en":"Sandford Road","name:ga":"B\u00f3thar Sandford","ref":"R117","sidewalk":"both","surface":"asphalt","osm_type":"way","osm_id":1390506347,"length_m":13.11}},{"type":"Feature","geometry":{"type":"LineString","coordinates":[[-6.2435,53.3196412],[-6.2433736,53.3195664]]},"properties":{"cycleway":"lane","highway":"secondary","lane_markings":"yes","lanes":"2","lit":"yes","logainm:ref":"1380918","logainm:url":"https://www.logainm.ie/1380918.aspx","maxspeed":"50","name":"Sandford Road","name:en":"Sandford Road","name:ga":"B\u00f3thar Sandford","ref":"R117","sidewalk":"both","surface":"asphalt","osm_type":"way","osm_id":1390506351,"length_m":11.82}},{"type":"Feature","geometry":{"type":"LineString","coordinates":[[-6.2440803,53.3199777],[-6.2437029,53.3197576]]},"properties":{"cycleway":"lane","highway":"secondary","lane_markings":"yes","lanes":"2","lit":"yes","logainm:ref":"1380918","logainm:url":"https://www.logainm.ie/1380918.aspx","maxspeed":"50","name":"Sandford Road","name:en":"Sandford Road","name:ga":"B\u00f3thar Sandford","ref":"R117","sidewalk":"both","surface":"asphalt","osm_type":"way","osm_id":1390506354,"length_m":35.03}},{"type":"Feature","geometry":{"type":"LineString","coordinates":[[-6.2466617,53.3216047],[-6.2462563,53.3213629]]},"properties":{"cycleway":"lane","highway":"secondary","lane_markings":"yes","lanes":"2","lit":"yes","logainm:ref":"1380918","logainm:url":"https://www.logainm.ie/1380918.aspx","maxspeed":"50","name":"Sandford Road","name:en":"Sandford Road","name:ga":"B\u00f3thar Sandford","ref":"R117","sidewalk":"both","surface":"asphalt","osm_type":"way","osm_id":1390509089,"length_m":38.05}},{"type":"Feature","geometry":{"type":"LineString","coordinates":[[-6.2476213,53.3221389],[-6.2473792,53.3219923]]},"properties":{"cycleway":"lane","highway":"secondary","lane_markings":"yes","lanes":"2","lit":"yes","logainm:ref":"1380918","logainm:url":"https://www.logainm.ie/1380918.aspx","maxspeed":"50","name":"Sandford Road","name:en":"Sandford Road","name:ga":"B\u00f3thar Sandford","ref":"R117","sidewalk":"both","surface":"asphalt","osm_type":"way","osm_id":1390509091,"length_m":22.93}},{"type":"Feature","geometry":{"type":"LineString","coordinates":[[-6.2477224,53.3221984],[-6.2476213,53.3221389]]},"properties":{"cycleway":"lane","highway":"secondary","lane_markings":"yes","lanes":"2","lit":"yes","logainm:ref":"1380918","logainm:url":"https://www.logainm.ie/1380918.aspx","maxspeed":"50","name":"Sandford Road","name:en":"Sandford Road","name:ga":"B\u00f3thar Sandford","ref":"R117","sidewalk":"both","surface":"asphalt","osm_type":"way","osm_id":1390509094,"length_m":9.43}},{"type":"Feature","geometry":{"type":"LineString","coordinates":[[-6.2479398,53.3223257],[-6.2478547,53.3222732]]},"properties":{"cycleway":"lane","highway":"secondary","lane_markings":"yes","lanes":"2","lit":"yes","logainm:ref":"1380918","logainm:url":"https://www.logainm.ie/1380918.aspx","maxspeed":"50","name":"Sandford Road","name:en":"Sandford Road","name:ga":"B\u00f3thar Sandford","ref":"R117","sidewalk":"both","surface":"asphalt","osm_type":"way","osm_id":1390509096,"length_m":8.13}},{"type":"Feature","geometry":{"type":"LineString","coordinates":[[-6.2483832,53.3225615],[-6.2479688,53.3223416]]},"properties":{"cycleway":"lane","highway":"secondary","lane_markings":"yes","lanes":"2","lit":"yes","logainm:ref":"1380918","logainm:url":"https://www.logainm.ie/1380918.aspx","maxspeed":"50","name":"Sandford Road","name:en":"Sandford Road","name:ga":"B\u00f3thar Sandford","ref":"R117","sidewalk":"both","surface":"asphalt","osm_type":"way","osm_id":1390509098,"length_m":36.82}},{"type":"Feature","geometry":{"type":"LineString","coordinates":[[-6.2522392,53.3241916],[-6.2522098,53.3241824]]},"properties":{"cycleway":"lane","highway":"secondary","lane_markings":"yes","lanes":"2","lit":"yes","logainm:ref":"57180","logainm:url":"https://www.logainm.ie/57180.aspx","maxspeed":"50","name":"Ranelagh","name:en":"Ranelagh","name:ga":"Raghnallach","ref":"R117","sidewalk":"both","surface":"asphalt","osm_type":"way","osm_id":1390513290,"length_m":2.2}},{"type":"Feature","geometry":{"type":"LineString","coordinates":[[-6.2522556,53.3241967],[-6.2522392,53.3241916]]},"properties":{"cycleway":"lane","highway":"secondary","lane_markings":"yes","lanes":"2","lit":"yes","logainm:ref":"57180","logainm:url":"https://www.logainm.ie/57180.aspx","maxspeed":"50","name":"Ranelagh","name:en":"Ranelagh","name:ga":"Raghnallach","ref":"R117","sidewalk":"both","surface":"asphalt","osm_type":"way","osm_id":1390513291,"length_m":1.23}},{"type":"Feature","geometry":{"type":"LineString","coordinates":[[-6.2527553,53.3243529],[-6.2526603,53.3243199]]},"properties":{"cycleway":"lane","highway":"secondary","lane_markings":"yes","lanes":"2","lit":"yes","logainm:ref":"57180","logainm:url":"https://www.logainm.ie/57180.aspx","maxspeed":"50","name":"Ranelagh","name:en":"Ranelagh","name:ga":"Raghnallach","ref":"R117","sidewalk":"both","surface":"asphalt","osm_type":"way","osm_id":1390513294,"length_m":7.31}},{"type":"Feature","geometry":{"type":"LineString","coordinates":[[-6.2528253,53.3243806],[-6.2527553,53.3243529]]},"properties":{"cycleway":"track","highway":"secondary","lane_markings":"yes","lanes":"2","lit":"yes","logainm:ref":"57180","logainm:url":"https://www.logainm.ie/57180.aspx","maxspeed":"50","name":"Ranelagh","name:en":"Ranelagh","name:ga":"Raghnallach","ref":"R117","sidewalk":"both","surface":"asphalt","osm_type":"way","osm_id":1390513295,"length_m":5.58}},{"type":"Feature","geometry":{"type":"LineString","coordinates":[[-6.2534002,53.3246111],[-6.2532268,53.3245397]]},"properties":{"cycleway":"lane","highway":"secondary","lane_markings":"yes","lanes":"2","lit":"yes","logainm:ref":"57180","logainm:url":"https://www.logainm.ie/57180.aspx","maxspeed":"50","name":"Ranelagh","name:en":"Ranelagh","name:ga":"Raghnallach","ref":"R117","sidewalk":"both","surface":"asphalt","osm_type":"way","osm_id":1390513299,"length_m":13.99}},{"type":"Feature","geometry":{"type":"LineString","coordinates":[[-6.2474784,53.3580788],[-6.2474238,53.3580538]]},"properties":{"bicycle":"designated","foot":"designated","highway":"cycleway","incline":"down","name":"Royal Canal Greenway","segregated":"no","smoothness":"excellent","surface":"paved","wheelchair":"yes","osm_type":"way","osm_id":1393120420,"length_m":4.57}},{"type":"Feature","geometry":{"type":"LineString","coordinates":[[-6.2476656,53.3581814],[-6.2476297,53.3581617]]},"properties":{"bicycle":"designated","foot":"designated","highway":"cycleway","incline":"0%","lit":"yes","name":"Royal Canal Greenway","segregated":"no","smoothness":"excellent","surface":"asphalt","towpath":"yes","wheelchair":"yes","osm_type":"way","osm_id":1393120421,"length_m":3.24}},{"type":"Feature","geometry":{"type":"LineString","coordinates":[[-6.244458,53.3563933],[-6.244528,53.3564301]]},"properties":{"bicycle":"designated","crossing":"traffic_signals","crossing:island":"no","crossing:markings":"zebra","cycleway":"crossing","foot":"designated","highway":"cycleway","lit":"yes","name":"Royal Canal Greenway","oneway":"no","segregated":"no","smoothness":"excellent","surface":"asphalt","traffic_calming":"no","osm_type":"way","osm_id":1395254333,"length_m":6.19}},{"type":"Feature","geometry":{"type":"LineString","coordinates":[[-6.2389923,53.3423985],[-6.2388216,53.3423618]]},"properties":{"bicycle":"designated","foot":"designated","highway":"cycleway","lit":"yes","surface":"paving_stones","osm_type":"way","osm_id":1412829288,"length_m":13.74}},{"type":"Feature","geometry":{"type":"LineString","coordinates":[[-6.2208541,53.3551319],[-6.2208881,53.3549563],[-6.2206792,53.3548006],[-6.2208118,53.3546005],[-6.2212874,53.3545934],[-6.2216045,53.354392]]},"properties":{"bicycle":"designated","foot":"designated","highway":"cycleway","segregated":"no","surface":"asphalt","osm_type":"way","osm_id":1414264455,"length_m":130.14}},{"type":"Feature","geometry":{"type":"LineString","coordinates":[[-6.2216045,53.354392],[-6.2249115,53.3523118]]},"properties":{"bicycle":"designated","foot":"designated","highway":"cycleway","segregated":"no","surface":"asphalt","osm_type":"way","osm_id":1414264456,"length_m":322.06}},{"type":"Feature","geometry":{"type":"LineString","coordinates":[[-6.2248458,53.3522965],[-6.224999,53.3521584]]},"properties":{"bicycle":"designated","foot":"designated","highway":"cycleway","segregated":"no","surface":"asphalt","osm_type":"way","osm_id":1414264457,"length_m":18.42}},{"type":"Feature","geometry":{"type":"LineString","coordinates":[[-6.2617923,53.3386973],[-6.2617155,53.3387426]]},"properties":{"alt_name":"St. Stephen's Green West","alt_name:en":"St. Stephen's Green West","alt_name:ga":"Faiche Stiabhna Thiar","cycleway:surface":"paving_stones","highway":"cycleway","lane_markings":"yes","lit":"yes","loc_name":"St. Stephen's Green West","loc_name:en":"St. Stephen's Green West","loc_name:ga":"Faiche Stiabhna Thiar","logainm:ref":"1381918","logainm:url":"https://www.logainm.ie/1381918.aspx","maxspeed":"30","name":"St. Stephen's Green","name:en":"St. Stephen's Green","name:ga":"Faiche Stiabhna","old_name":"French Walk","segregated":"yes","source:name":"sign","surface":"asphalt","width":"10","osm_type":"way","osm_id":1418029961,"length_m":7.22}},{"type":"Feature","geometry":{"type":"LineString","coordinates":[[-6.261468,53.3390497],[-6.2614665,53.339099]]},"properties":{"alt_name":"St. Stephen's Green West","alt_name:en":"St. Stephen's Green West","alt_name:ga":"Faiche Stiabhna Thiar","cycleway:surface":"paving_stones","highway":"cycleway","lane_markings":"yes","lit":"yes","loc_name":"St. Stephen's Green West","loc_name:en":"St. Stephen's Green West","loc_name:ga":"Faiche Stiabhna Thiar","logainm:ref":"1381918","logainm:url":"https://www.logainm.ie/1381918.aspx","maxspeed":"30","name":"St. Stephen's Green","name:en":"St. Stephen's Green","name:ga":"Faiche Stiabhna","old_name":"French Walk","segregated":"yes","source:name":"sign","surface":"asphalt","width":"10","osm_type":"way","osm_id":1418029964,"length_m":5.48}},{"type":"Feature","geometry":{"type":"LineString","coordinates":[[-6.2462431,53.357474],[-6.2461831,53.3574439]]},"properties":{"bicycle":"designated","foot":"designated","highway":"cycleway","name":"Royal Canal Towpath","segregated":"no","surface":"paving_stones","osm_type":"way","osm_id":1423427885,"length_m":5.2}},{"type":"Feature","geometry":{"type":"LineString","coordinates":[[-6.2308053,53.3275575],[-6.2308669,53.327562]]},"properties":{"crossing":"unmarked","foot":"yes","highway":"cycleway","oneway":"no","segregated":"no","surface":"asphalt","osm_type":"way","osm_id":1424119554,"length_m":4.12}},{"type":"Feature","geometry":{"type":"LineString","coordinates":[[-6.2307862,53.3288384],[-6.2308329,53.3288624]]},"properties":{"highway":"cycleway","oneway":"no","surface":"concrete","osm_type":"way","osm_id":1424119561,"length_m":4.09}},{"type":"Feature","geometry":{"type":"LineString","coordinates":[[-6.230782,53.3289169],[-6.2309199,53.3289072]]},"properties":{"highway":"cycleway","oneway":"yes","sidewalk:left":"separate","surface":"asphalt","osm_type":"way","osm_id":1424119563,"length_m":9.31}},{"type":"Feature","geometry":{"type":"LineString","coordinates":[[-6.2309468,53.3289211],[-6.2309305,53.3289395]]},"properties":{"foot":"designated","highway":"cycleway","oneway":"no","segregated":"no","surface":"concrete","osm_type":"way","osm_id":1424119564,"length_m":2.31}},{"type":"Feature","geometry":{"type":"LineString","coordinates":[[-6.2309468,53.3289211],[-6.2309861,53.328938]]},"properties":{"cycleway":"sidewalk","foot":"designated","highway":"cycleway","oneway":"no","segregated":"no","surface":"concrete","osm_type":"way","osm_id":1424119565,"length_m":3.22}},{"type":"Feature","geometry":{"type":"LineString","coordinates":[[-6.230862,53.3290208],[-6.2308024,53.3290915]]},"properties":{"crossing":"marked","cycleway":"crossing","foot":"yes","highway":"cycleway","oneway":"no","segregated":"no","surface":"asphalt","osm_type":"way","osm_id":1424119566,"length_m":8.8}},{"type":"Feature","geometry":{"type":"LineString","coordinates":[[-6.2308714,53.3290096],[-6.230862,53.3290208]]},"properties":{"foot":"yes","highway":"cycleway","oneway":"no","segregated":"no","surface":"asphalt","osm_type":"way","osm_id":1424119567,"length_m":1.39}},{"type":"Feature","geometry":{"type":"LineString","coordinates":[[-6.2308465,53.3291284],[-6.2308238,53.3291299]]},"properties":{"highway":"cycleway","segregated":"no","surface":"paving_stones","osm_type":"way","osm_id":1424119568,"length_m":1.52}},{"type":"Feature","geometry":{"type":"LineString","coordinates":[[-6.2310112,53.3291991],[-6.2309414,53.3291755]]},"properties":{"foot":"designated","highway":"cycleway","oneway":"no","segregated":"no","surface":"paving_stones","osm_type":"way","osm_id":1424119569,"length_m":5.33}},{"type":"Feature","geometry":{"type":"LineString","coordinates":[[-6.2309414,53.3291755],[-6.2308999,53.3291585]]},"properties":{"crossing":"unmarked","crossing:markings":"no","cycleway":"crossing","foot":"yes","highway":"cycleway","oneway":"no","segregated":"no","surface":"asphalt","osm_type":"way","osm_id":1424119570,"length_m":3.34}},{"type":"Feature","geometry":{"type":"LineString","coordinates":[[-6.2310899,53.3292265],[-6.2310488,53.3292122]]},"properties":{"crossing":"unmarked","crossing:markings":"no","cycleway":"crossing","foot":"yes","highway":"cycleway","oneway":"no","segregated":"no","surface":"asphalt","osm_type":"way","osm_id":1424119571,"length_m":3.16}},{"type":"Feature","geometry":{"type":"LineString","coordinates":[[-6.2310488,53.3292122],[-6.2310112,53.3291991]]},"properties":{"crossing":"unmarked","crossing:markings":"no","cycleway":"crossing","foot":"yes","highway":"cycleway","oneway":"no","segregated":"no","surface":"asphalt","osm_type":"way","osm_id":1424119572,"length_m":2.89}},{"type":"Feature","geometry":{"type":"LineString","coordinates":[[-6.2301624,53.33091],[-6.2299419,53.3310494]]},"properties":{"bicycle":"designated","foot":"designated","highway":"cycleway","lit":"yes","segregated":"no","smoothness":"good","surface":"concrete","osm_type":"way","osm_id":1424119575,"length_m":21.49}},{"type":"Feature","geometry":{"type":"LineString","coordinates":[[-6.2477588,53.3581124],[-6.2476433,53.3581692]]},"properties":{"foot":"yes","highway":"cycleway","segregated":"no","surface":"concrete","osm_type":"way","osm_id":1424121771,"length_m":9.93}},{"type":"Feature","geometry":{"type":"LineString","coordinates":[[-6.2477451,53.3580244],[-6.2477627,53.3580974]]},"properties":{"foot":"yes","highway":"cycleway","oneway":"yes","sidewalk":"left","surface":"asphalt","osm_type":"way","osm_id":1424121772,"length_m":8.2}},{"type":"Feature","geometry":{"type":"LineString","coordinates":[[-6.2477627,53.3580974],[-6.2477588,53.3581124]]},"properties":{"foot":"yes","highway":"cycleway","oneway":"yes","segregated":"yes","surface":"asphalt","osm_type":"way","osm_id":1424121773,"length_m":1.69}},{"type":"Feature","geometry":{"type":"LineString","coordinates":[[-6.2471507,53.3579256],[-6.2470706,53.3579033]]},"properties":{"bicycle":"designated","foot":"designated","highway":"cycleway","name":"Royal Canal Greenway","segregated":"no","surface":"asphalt","osm_type":"way","osm_id":1424121959,"length_m":5.87}},{"type":"Feature","geometry":{"type":"LineString","coordinates":[[-6.2533371,53.3599514],[-6.2516701,53.3595636]]},"properties":{"bicycle":"designated","foot":"designated","highway":"cycleway","incline":"down","lit":"yes","name":"Royal Canal Greenway","segregated":"no","smoothness":"excellent","surface":"asphalt","wheelchair":"yes","osm_type":"way","osm_id":1424136948,"length_m":118.73}},{"type":"Feature","geometry":{"type":"LineString","coordinates":[[-6.2538198,53.3599805],[-6.2537686,53.3600734]]},"properties":{"bicycle":"designated","bridge":"yes","cycleway":"sidewalk","foot":"designated","highway":"cycleway","layer":"1","segregated":"no","surface":"concrete","osm_type":"way","osm_id":1424136949,"length_m":10.87}},{"type":"Feature","geometry":{"type":"LineString","coordinates":[[-6.2537686,53.3600734],[-6.2536724,53.3601103]]},"properties":{"bridge":"yes","highway":"cycleway","layer":"1","oneway":"yes","surface":"asphalt","osm_type":"way","osm_id":1424136950,"length_m":7.9}},{"type":"Feature","geometry":{"type":"LineString","coordinates":[[-6.2539052,53.3598227],[-6.2538582,53.3599122]]},"properties":{"bicycle":"designated","cycleway":"sidewalk","foot":"designated","highway":"cycleway","segregated":"yes","surface":"paved","osm_type":"way","osm_id":1424136952,"length_m":10.43}},{"type":"Feature","geometry":{"type":"LineString","coordinates":[[-6.2536477,53.3599712],[-6.2536595,53.3599457]]},"properties":{"bicycle":"designated","bridge":"yes","cycleway":"sidewalk","foot":"designated","highway":"cycleway","layer":"1","oneway":"no","segregated":"no","surface":"concrete","osm_type":"way","osm_id":1424136953,"length_m":2.94}},{"type":"Feature","geometry":{"type":"LineString","coordinates":[[-6.2536528,53.3601478],[-6.2536004,53.3600759]]},"properties":{"bridge":"yes","highway":"cycleway","layer":"1","oneway":"yes","surface":"asphalt","osm_type":"way","osm_id":1424136954,"length_m":8.72}},{"type":"Feature","geometry":{"type":"LineString","coordinates":[[-6.2536004,53.3600759],[-6.2536326,53.3600117]]},"properties":{"bicycle":"designated","bridge":"yes","cycleway":"sidewalk","foot":"designated","highway":"cycleway","layer":"1","segregated":"no","surface":"concrete","osm_type":"way","osm_id":1424136955,"length_m":7.45}},{"type":"Feature","geometry":{"type":"LineString","coordinates":[[-6.2536477,53.3599712],[-6.2536322,53.3599678]]},"properties":{"bicycle":"designated","bridge":"yes","foot":"designated","highway":"cycleway","incline":"0%","layer":"1","name":"Royal Canal Greenway","oneway":"no","segregated":"no","surface":"concrete","wheelchair":"yes","osm_type":"way","osm_id":1424138717,"length_m":1.1}},{"type":"Feature","geometry":{"type":"LineString","coordinates":[[-6.2536595,53.3599457],[-6.2536716,53.3599286]]},"properties":{"bicycle":"designated","foot":"designated","highway":"cycleway","segregated":"no","surface":"paved","osm_type":"way","osm_id":1424138718,"length_m":2.06}},{"type":"Feature","geometry":{"type":"LineString","coordinates":[[-6.2537972,53.3598739],[-6.2538504,53.3599259]]},"properties":{"highway":"cycleway","oneway":"yes","surface":"asphalt","osm_type":"way","osm_id":1424139529,"length_m":6.77}},{"type":"Feature","geometry":{"type":"LineString","coordinates":[[-6.2538582,53.3599122],[-6.2538198,53.3599805]]},"properties":{"bicycle":"designated","cycleway":"sidewalk","foot":"designated","highway":"cycleway","segregated":"no","surface":"paved","osm_type":"way","osm_id":1424139530,"length_m":8.01}},{"type":"Feature","geometry":{"type":"LineString","coordinates":[[-6.2476177,53.3467778],[-6.2478365,53.3467934]]},"properties":{"highway":"cycleway","osm_type":"way","osm_id":1425770907,"length_m":15.11}},{"type":"Feature","geometry":{"type":"LineString","coordinates":[[-6.1944829,53.348144],[-6.1944998,53.3500456],[-6.1947326,53.3501754],[-6.1951852,53.3501865]]},"properties":{"highway":"cycleway","lanes":"2","oneway":"no","sidewalk:left":"separate","surface":"asphalt","osm_type":"way","osm_id":1426461868,"length_m":263.6}},{"type":"Feature","geometry":{"type":"LineString","coordinates":[[-6.1945765,53.3479699],[-6.1944829,53.348144]]},"properties":{"highway":"cycleway","oneway":"yes","sidewalk":"left","surface":"asphalt","osm_type":"way","osm_id":1426461871,"length_m":20.88}},{"type":"Feature","geometry":{"type":"LineString","coordinates":[[-6.2427907,53.355079],[-6.2425879,53.3549556]]},"properties":{"bicycle":"designated","foot":"designated","highway":"cycleway","name":"Royal Canal Greenway","oneway":"no","segregated":"yes","surface":"asphalt","width":"4","year_of_construction":"2020","osm_type":"way","osm_id":1431709292,"length_m":19.22}},{"type":"Feature","geometry":{"type":"LineString","coordinates":[[-6.2485889,53.3586756],[-6.2480005,53.3583634]]},"properties":{"bicycle":"designated","foot":"designated","highway":"cycleway","incline":"up","lit":"yes","name":"Royal Canal Greenway","segregated":"no","smoothness":"excellent","surface":"asphalt","towpath":"yes","wheelchair":"yes","osm_type":"way","osm_id":1431709293,"length_m":52.25}},{"type":"Feature","geometry":{"type":"LineString","coordinates":[[-6.255467,53.3604266],[-6.2541876,53.3601366]]},"properties":{"bicycle":"designated","foot":"designated","highway":"cycleway","incline":"up","lit":"yes","name":"Royal Canal Greenway","segregated":"no","smoothness":"excellent","surface":"asphalt","towpath":"yes","wheelchair":"yes","osm_type":"way","osm_id":1431709294,"length_m":90.82}},{"type":"Feature","geometry":{"type":"LineString","coordinates":[[-6.2467656,53.3577493],[-6.2462431,53.357474]]},"properties":{"bicycle":"designated","check_date:surface":"2025-10-19","cycleway:surface":"asphalt","foot":"designated","footway:surface":"asphalt","highway":"cycleway","incline":"0%","lit":"yes","name":"Royal Canal Greenway","segregated":"yes","smoothness":"excellent","surface":"asphalt","wheelchair":"yes","osm_type":"way","osm_id":1431709295,"length_m":46.26}},{"type":"Feature","geometry":{"type":"LineString","coordinates":[[-6.2440272,53.3561627],[-6.2437444,53.3560142]]},"properties":{"bicycle":"designated","bridge":"yes","foot":"designated","highway":"cycleway","incline":"down","layer":"1","name":"Royal Canal Greenway","oneway":"no","segregated":"no","surface":"asphalt","width":"4","year_of_construction":"2020","osm_type":"way","osm_id":1431709296,"length_m":25.0}},{"type":"Feature","geometry":{"type":"LineString","coordinates":[[-6.2578963,53.3609916],[-6.255467,53.3604266]]},"properties":{"bicycle":"designated","foot":"designated","highway":"cycleway","incline":"0%","lit":"yes","name":"Royal Canal Greenway","segregated":"yes","smoothness":"excellent","surface":"asphalt","towpath":"yes","wheelchair":"yes","osm_type":"way","osm_id":1431709297,"length_m":173.02}},{"type":"Feature","geometry":{"type":"LineString","coordinates":[[-6.2665451,53.3441717],[-6.2662859,53.3441788]]},"properties":{"cycleway":"lane","cycleway:lane":"advisory","highway":"secondary","lane_markings":"yes","lanes":"3","lanes:backward":"1","lanes:forward":"2","lit":"yes","logainm:ref":"1383248","logainm:url":"https://www.logainm.ie/1383248.aspx","maxspeed":"30","name":"Dame Street","name:en":"Dame Street","name:ga":"Sr\u00e1id An D\u00e1ma","old_name":"Street of the theng-mote","old_name:c14":"Street of the theng-mote","ref":"R137","sidewalk:both:surface":"paving_stones","sidewalk:left":"yes","sidewalk:right":"separate","smoothness":"excellent","source:old_name":"T C Macready","surface":"asphalt","turn:lanes:forward":"through|through","osm_type":"way","osm_id":1434431114,"length_m":17.22}},{"type":"Feature","geometry":{"type":"LineString","coordinates":[[-6.2662859,53.3441788],[-6.2661186,53.3441798]]},"properties":{"cycleway":"lane","cycleway:lane":"advisory","highway":"secondary","lane_markings":"yes","lanes":"3","lanes:backward":"1","lanes:forward":"2","lit":"yes","logainm:ref":"1383248","logainm:url":"https://www.logainm.ie/1383248.aspx","maxspeed":"30","name":"Dame Street","name:en":"Dame Street","name:ga":"Sr\u00e1id An D\u00e1ma","old_name":"Street of the theng-mote","old_name:c14":"Street of the theng-mote","ref":"R137","sidewalk:both":"separate","sidewalk:both:surface":"paving_stones","smoothness":"excellent","source:old_name":"T C Macready","surface":"asphalt","turn:lanes:forward":"through|through","osm_type":"way","osm_id":1434431115,"length_m":11.11}},{"type":"Feature","geometry":{"type":"LineString","coordinates":[[-6.2559571,53.3475072],[-6.2571662,53.3473854]]},"properties":{"highway":"cycleway","lanes":"2","name":"Burgh Quay","name:en":"Burgh Quay","name:ga":"C\u00e9 Burg","oneway":"no","separation":"kerb","surface":"asphalt","osm_type":"way","osm_id":1437033556,"length_m":81.52}},{"type":"Feature","geometry":{"type":"LineString","coordinates":[[-6.2589675,53.3470166],[-6.2591859,53.3469115]]},"properties":{"highway":"cycleway","name":"Aston Quay","name:en":"Aston Quay","name:ga":"C\u00e9 Aston","oneway":"yes","surface":"asphalt","osm_type":"way","osm_id":1437033557,"length_m":19.41}},{"type":"Feature","geometry":{"type":"LineString","coordinates":[[-6.2435374,53.3196647],[-6.2433131,53.319673]]},"properties":{"highway":"cycleway","lit":"yes","logainm:ref":"1379694","logainm:url":"https://www.logainm.ie/1379694.aspx","name":"Belmont Avenue","name:en":"Belmont Avenue","name:ga":"Ascaill Belmont","old_name":"Cold Blow Lane","oneway":"yes","sidewalk:left":"separate","surface":"asphalt","osm_type":"way","osm_id":1441982800,"length_m":15.07}},{"type":"Feature","geometry":{"type":"LineString","coordinates":[[-6.2433131,53.319673],[-6.2432185,53.3196901]]},"properties":{"highway":"cycleway","lit":"yes","logainm:ref":"1379694","logainm:url":"https://www.logainm.ie/1379694.aspx","name":"Belmont Avenue","name:en":"Belmont Avenue","name:ga":"Ascaill Belmont","old_name":"Cold Blow Lane","oneway":"yes","sidewalk":"left","surface":"asphalt","osm_type":"way","osm_id":1441982802,"length_m":6.56}},{"type":"Feature","geometry":{"type":"LineString","coordinates":[[-6.2299419,53.3310494],[-6.2297691,53.3311449]]},"properties":{"bicycle":"designated","foot":"designated","highway":"cycleway","lit":"yes","segregated":"no","smoothness":"good","surface":"asphalt","osm_type":"way","osm_id":1447113988,"length_m":15.63}},{"type":"Feature","geometry":{"type":"LineString","coordinates":[[-6.2711784,53.3384637],[-6.2707238,53.3383563]]},"properties":{"cycleway":"lane","highway":"secondary","lane_markings":"yes","lanes":"4","lanes:backward":"1","lanes:forward":"2","lit":"yes","logainm:ref":"1383351","logainm:url":"https://www.logainm.ie/1383351.aspx","maxspeed":"30","name":"Kevin Street Upper","name:en":"Kevin Street Upper","name:ga":"Sr\u00e1id Caoimh\u00edn Uachtarach","ref":"R110","sidewalk":"both","sidewalk:both:surface":"concrete","surface":"asphalt","osm_type":"way","osm_id":1448529083,"length_m":32.47}},{"type":"Feature","geometry":{"type":"LineString","coordinates":[[-6.2579744,53.3590799],[-6.2576554,53.3590162]]},"properties":{"cycleway":"lane","highway":"secondary","lane_markings":"yes","lanes":"2","lit":"yes","logainm:ref":"1379354","logainm:url":"https://www.logainm.ie/1379354.aspx","maxspeed":"50","name":"North Circular Road","name:en":"North Circular Road","name:ga":"Cuarbh\u00f3thar Thuaidh","ref":"R101","sidewalk:both":"yes","surface":"asphalt","osm_type":"way","osm_id":1450939555,"length_m":22.32}},{"type":"Feature","geometry":{"type":"LineString","coordinates":[[-6.2576554,53.3590162],[-6.2545955,53.3583879]]},"properties":{"cycleway":"lane","highway":"secondary","lane_markings":"yes","lanes":"2","lit":"yes","logainm:ref":"1379354","logainm:url":"https://www.logainm.ie/1379354.aspx","maxspeed":"50","name":"North Circular Road","name:en":"North Circular Road","name:ga":"Cuarbh\u00f3thar Thuaidh","ref":"R101","surface":"asphalt","osm_type":"way","osm_id":1450939556,"length_m":214.76}},{"type":"Feature","geometry":{"type":"LineString","coordinates":[[-6.260098,53.360586],[-6.2586973,53.3592049]]},"properties":{"alt_name:en":"Belvidere Road","alt_name:ga":"B\u00f3thar Belbhid\u00edr","cycleway":"lane","highway":"tertiary","lanes":"2","lit":"yes","logainm:ref":"1380320","logainm:url":"https://www.logainm.ie/1380320.aspx","maxspeed":"30","name":"Belvedere Road","name:en":"Belvedere Road","name:ga":"B\u00f3thar Belvedere","note":"The spellings \"Belvedere\" and \"Belvidere\" are used in the neighbourhood.","sidewalk:both":"separate","surface":"asphalt","osm_type":"way","osm_id":1450939558,"length_m":179.52}},{"type":"Feature","geometry":{"type":"LineString","coordinates":[[-6.2286925,53.3416798],[-6.228645,53.3417128]]},"properties":{"highway":"cycleway","name":"Bridge Street","name:en":"Bridge Street","name:ga":"Sr\u00e1id An Droicid","oneway":"yes","sidewalk":"left","surface":"asphalt","osm_type":"way","osm_id":1453095216,"length_m":7.28}},{"type":"Feature","geometry":{"type":"LineString","coordinates":[[-6.2267071,53.338391],[-6.2266021,53.3383342]]},"properties":{"foot":"yes","highway":"cycleway","lit":"yes","oneway":"no","segregated":"no","surface":"paving_stones","osm_type":"way","osm_id":1453095218,"length_m":9.51}},{"type":"Feature","geometry":{"type":"LineString","coordinates":[[-6.2266021,53.3383342],[-6.2265673,53.3383115]]},"properties":{"highway":"cycleway","lit":"yes","oneway":"no","segregated":"no","surface":"paving_stones","osm_type":"way","osm_id":1453095221,"length_m":3.42}},{"type":"Feature","geometry":{"type":"LineString","coordinates":[[-6.2269859,53.338792],[-6.2267516,53.3384226]]},"properties":{"highway":"cycleway","oneway":"no","surface":"asphalt","osm_type":"way","osm_id":1455904342,"length_m":43.98}},{"type":"Feature","geometry":{"type":"LineString","coordinates":[[-6.2270348,53.3388367],[-6.2270149,53.3388019]]},"properties":{"foot":"yes","highway":"cycleway","oneway":"no","segregated":"no","surface":"paving_stones","osm_type":"way","osm_id":1455904343,"length_m":4.09}},{"type":"Feature","geometry":{"type":"LineString","coordinates":[[-6.2270215,53.338853],[-6.2270348,53.3388367]]},"properties":{"highway":"cycleway","oneway":"no","segregated":"no","surface":"paving_stones","osm_type":"way","osm_id":1455904344,"length_m":2.02}},{"type":"Feature","geometry":{"type":"LineString","coordinates":[[-6.2270149,53.3388019],[-6.2269859,53.338792]]},"properties":{"highway":"cycleway","oneway":"no","segregated":"no","surface":"paving_stones","osm_type":"way","osm_id":1455904345,"length_m":2.22}},{"type":"Feature","geometry":{"type":"LineString","coordinates":[[-6.2275796,53.3397698],[-6.227428,53.3395422]]},"properties":{"highway":"cycleway","oneway":"no","surface":"asphalt","osm_type":"way","osm_id":1455904347,"length_m":27.48}},{"type":"Feature","geometry":{"type":"LineString","coordinates":[[-6.2274385,53.3395254],[-6.2274177,53.339489]]},"properties":{"highway":"cycleway","oneway":"no","segregated":"no","surface":"paving_stones","osm_type":"way","osm_id":1455904348,"length_m":4.28}},{"type":"Feature","geometry":{"type":"LineString","coordinates":[[-6.227428,53.3395422],[-6.2274385,53.3395254]]},"properties":{"highway":"cycleway","oneway":"no","segregated":"no","surface":"paving_stones","osm_type":"way","osm_id":1455904350,"length_m":1.99}},{"type":"Feature","geometry":{"type":"LineString","coordinates":[[-6.2274177,53.339489],[-6.2273893,53.3394775]]},"properties":{"highway":"cycleway","oneway":"no","segregated":"no","surface":"paving_stones","osm_type":"way","osm_id":1455904351,"length_m":2.28}},{"type":"Feature","geometry":{"type":"LineString","coordinates":[[-6.2267516,53.3384226],[-6.2267349,53.338407]]},"properties":{"foot":"yes","highway":"cycleway","oneway":"no","segregated":"no","surface":"paving_stones","osm_type":"way","osm_id":1455904353,"length_m":2.06}},{"type":"Feature","geometry":{"type":"LineString","coordinates":[[-6.2276033,53.3398081],[-6.2275796,53.3397698]]},"properties":{"highway":"cycleway","oneway":"no","segregated":"no","surface":"concrete","osm_type":"way","osm_id":1459815272,"length_m":4.54}},{"type":"Feature","geometry":{"type":"LineString","coordinates":[[-6.2276163,53.3398554],[-6.2275602,53.3398683]]},"properties":{"highway":"cycleway","surface":"asphalt","osm_type":"way","osm_id":1459815275,"length_m":3.99}},{"type":"Feature","geometry":{"type":"LineString","coordinates":[[-6.2275987,53.3398221],[-6.2276033,53.3398081]]},"properties":{"highway":"cycleway","oneway":"no","segregated":"no","surface":"concrete","osm_type":"way","osm_id":1459815276,"length_m":1.59}},{"type":"Feature","geometry":{"type":"LineString","coordinates":[[-6.2267349,53.338407],[-6.2267071,53.338391]]},"properties":{"foot":"yes","highway":"cycleway","lit":"yes","oneway":"no","segregated":"no","surface":"paving_stones","osm_type":"way","osm_id":1459817620,"length_m":2.56}},{"type":"Feature","geometry":{"type":"LineString","coordinates":[[-6.2265673,53.3383115],[-6.2265509,53.3382884]]},"properties":{"highway":"cycleway","lit":"yes","logainm:ref":"1380552","logainm:url":"https://www.logainm.ie/1380552.aspx","name":"Londonbridge Road","name:en":"Londonbridge Road","name:ga":"B\u00f3thar Dhroichead Londan","sidewalk":"separate","surface":"asphalt","osm_type":"way","osm_id":1459820384,"length_m":2.79}},{"type":"Feature","geometry":{"type":"LineString","coordinates":[[-6.22774,53.3642537],[-6.227605,53.3642371]]},"properties":{"crossing":"marked","cycleway":"crossing","foot":"yes","highway":"cycleway","segregated":"no","surface":"asphalt","osm_type":"way","osm_id":1463604275,"length_m":9.15}},{"type":"Feature","geometry":{"type":"LineString","coordinates":[[-6.2274308,53.363991],[-6.2274659,53.3639851]]},"properties":{"highway":"cycleway","segregated":"no","surface":"paving_stones","osm_type":"way","osm_id":1463604277,"length_m":2.68}},{"type":"Feature","geometry":{"type":"LineString","coordinates":[[-6.2364685,53.3625911],[-6.2364853,53.3625495]]},"properties":{"highway":"cycleway","name":"Annesley Bridge Road","name:en":"Annesley Bridge Road","name:ga":"B\u00f3thar Dhroichead Annesley","oneway":"yes","surface":"asphalt","osm_type":"way","osm_id":1463607416,"length_m":4.77}},{"type":"Feature","geometry":{"type":"LineString","coordinates":[[-6.2364853,53.3625495],[-6.2364831,53.3625367]]},"properties":{"highway":"cycleway","name":"Annesley Bridge Road","name:en":"Annesley Bridge Road","name:ga":"B\u00f3thar Dhroichead Annesley","segregated":"no","surface":"paving_stones","osm_type":"way","osm_id":1463607417,"length_m":1.43}},{"type":"Feature","geometry":{"type":"LineString","coordinates":[[-6.2364831,53.3625367],[-6.2365386,53.362512]]},"properties":{"foot":"designated","highway":"cycleway","name":"Annesley Bridge Road","name:en":"Annesley Bridge Road","name:ga":"B\u00f3thar Dhroichead Annesley","segregated":"no","surface":"paving_stones","osm_type":"way","osm_id":1463607418,"length_m":5.77}},{"type":"Feature","geometry":{"type":"LineString","coordinates":[[-6.2367451,53.3626777],[-6.2367797,53.3627562]]},"properties":{"highway":"cycleway","name":"Fairview Strand","name:en":"Fairview Strand","name:ga":"Tr\u00e1igh Bhaile Bhocht","oneway":"yes","surface":"asphalt","osm_type":"way","osm_id":1463607420,"length_m":9.19}},{"type":"Feature","geometry":{"type":"LineString","coordinates":[[-6.2368055,53.3626254],[-6.2368175,53.3626305]]},"properties":{"crossing":"marked","cycleway":"crossing","foot":"yes","highway":"cycleway","segregated":"no","surface":"asphalt","osm_type":"way","osm_id":1463607421,"length_m":0.98}},{"type":"Feature","geometry":{"type":"LineString","coordinates":[[-6.2368513,53.3628023],[-6.2366448,53.3627848]]},"properties":{"highway":"cycleway","name":"Fairview Strand","name:en":"Fairview Strand","name:ga":"Tr\u00e1igh Bhaile Bhocht","oneway":"yes","surface":"asphalt","osm_type":"way","osm_id":1463607422,"length_m":13.94}},{"type":"Feature","geometry":{"type":"LineString","coordinates":[[-6.2367956,53.3628181],[-6.2367355,53.3628088]]},"properties":{"highway":"cycleway","name":"Fairview Strand","name:en":"Fairview Strand","name:ga":"Tr\u00e1igh Bhaile Bhocht","segregated":"no","surface":"paved","osm_type":"way","osm_id":1463607424,"length_m":5.35}},{"type":"Feature","geometry":{"type":"LineString","coordinates":[[-6.2368513,53.3628023],[-6.2367956,53.3628181]]},"properties":{"highway":"cycleway","name":"Fairview Strand","name:en":"Fairview Strand","name:ga":"Tr\u00e1igh Bhaile Bhocht","oneway":"yes","surface":"asphalt","osm_type":"way","osm_id":1463607425,"length_m":4.26}},{"type":"Feature","geometry":{"type":"LineString","coordinates":[[-6.236936,53.3627571],[-6.2368513,53.3628023]]},"properties":{"highway":"cycleway","name":"Fairview Strand","name:en":"Fairview Strand","name:ga":"Tr\u00e1igh Bhaile Bhocht","oneway":"yes","surface":"asphalt","osm_type":"way","osm_id":1463607426,"length_m":7.95}},{"type":"Feature","geometry":{"type":"LineString","coordinates":[[-6.3117971,53.3479866],[-6.3116861,53.3479493]]},"properties":{"foot":"yes","highway":"cycleway","oneway":"yes","surface":"asphalt","osm_type":"way","osm_id":1481154429,"length_m":8.46}},{"type":"Feature","geometry":{"type":"LineString","coordinates":[[-6.244528,53.3564301],[-6.2444121,53.3565063]]},"properties":{"highway":"cycleway","name":"North Strand Road","name:en":"North Strand Road","name:ga":"B\u00f3thar na Tr\u00e1 Thuaidh","oneway":"yes","surface":"asphalt","osm_type":"way","osm_id":1487252309,"length_m":11.44}},{"type":"Feature","geometry":{"type":"LineString","coordinates":[[-6.2442843,53.3564115],[-6.24438,53.3563526]]},"properties":{"highway":"cycleway","name":"North Strand Road","name:en":"North Strand Road","name:ga":"B\u00f3thar na Tr\u00e1 Thuaidh","oneway":"yes","source:width":"ARCore","surface":"asphalt","width":"2.1","osm_type":"way","osm_id":1487252310,"length_m":9.12}},{"type":"Feature","geometry":{"type":"LineString","coordinates":[[-6.2443546,53.3563394],[-6.24438,53.3563526]]},"properties":{"bicycle":"designated","crossing":"traffic_signals","crossing:island":"no","crossing:markings":"zebra","cycleway":"crossing","foot":"designated","highway":"cycleway","lit":"yes","name":"Royal Canal Greenway","oneway":"no","segregated":"no","smoothness":"excellent","surface":"asphalt","traffic_calming":"no","osm_type":"way","osm_id":1487252311,"length_m":2.24}},{"type":"Feature","geometry":{"type":"LineString","coordinates":[[-6.2386451,53.3610357],[-6.2384728,53.3611843]]},"properties":{"highway":"cycleway","name":"Annesley Bridge Road","name:en":"Annesley Bridge Road","name:ga":"B\u00f3thar Dhroichead Annesley","oneway":"yes","surface":"asphalt","osm_type":"way","osm_id":1487252312,"length_m":20.1}},{"type":"Feature","geometry":{"type":"LineString","coordinates":[[-6.2381951,53.3611538],[-6.2384359,53.3609671]]},"properties":{"highway":"cycleway","name":"Annesley Bridge Road","name:en":"Annesley Bridge Road","name:ga":"B\u00f3thar Dhroichead Annesley","oneway":"yes","surface":"asphalt","osm_type":"way","osm_id":1487252313,"length_m":26.2}},{"type":"Feature","geometry":{"type":"LineString","coordinates":[[-6.2381951,53.3611538],[-6.2381856,53.3611497]]},"properties":{"crossing":"marked","cycleway":"crossing","foot":"designated","highway":"cycleway","segregated":"no","surface":"asphalt","osm_type":"way","osm_id":1487252314,"length_m":0.78}},{"type":"Feature","geometry":{"type":"LineString","coordinates":[[-6.2384728,53.3611843],[-6.2384049,53.3612453]]},"properties":{"highway":"cycleway","name":"Annesley Bridge Road","name:en":"Annesley Bridge Road","name:ga":"B\u00f3thar Dhroichead Annesley","oneway":"yes","surface":"asphalt","osm_type":"way","osm_id":1487252315,"length_m":8.14}},{"type":"Feature","geometry":{"type":"LineString","coordinates":[[-6.2380467,53.3611543],[-6.2381754,53.3611452]]},"properties":{"bicycle":"designated","foot":"designated","highway":"cycleway","osm_type":"way","osm_id":1487252316,"length_m":9.06}},{"type":"Feature","geometry":{"type":"LineString","coordinates":[[-6.2327635,53.3589328],[-6.233566,53.3583179]]},"properties":{"bicycle":"yes","foot":"no","highway":"cycleway","lit":"yes","name":"Alfie Byrne Road","name:en":"Alfie Byrne Road","name:ga":"B\u00f3thar Ailf U\u00ed Bhroin","oneway":"no","sidewalk":"left","surface":"asphalt","osm_type":"way","osm_id":1487252318,"length_m":86.68}},{"type":"Feature","geometry":{"type":"LineString","coordinates":[[-6.2336246,53.3582709],[-6.2336864,53.3582214]]},"properties":{"bicycle":"yes","foot":"no","highway":"cycleway","lit":"yes","name":"Alfie Byrne Road","name:en":"Alfie Byrne Road","name:ga":"B\u00f3thar Ailf U\u00ed Bhroin","oneway":"no","sidewalk":"left","surface":"asphalt","osm_type":"way","osm_id":1487252319,"length_m":6.86}},{"type":"Feature","geometry":{"type":"LineString","coordinates":[[-6.233566,53.3583179],[-6.2336246,53.3582709]]},"properties":{"bicycle":"yes","foot":"no","highway":"cycleway","lit":"yes","name":"Alfie Byrne Road","name:en":"Alfie Byrne Road","name:ga":"B\u00f3thar Ailf U\u00ed Bhroin","oneway":"no","sidewalk":"left","surface":"asphalt","osm_type":"way","osm_id":1487252320,"length_m":6.51}},{"type":"Feature","geometry":{"type":"LineString","coordinates":[[-6.2317352,53.3596803],[-6.2318194,53.3596167]]},"properties":{"bicycle":"yes","foot":"no","highway":"cycleway","lit":"yes","name":"Alfie Byrne Road","name:en":"Alfie Byrne Road","name:ga":"B\u00f3thar Ailf U\u00ed Bhroin","oneway":"no","sidewalk":"left","surface":"asphalt","osm_type":"way","osm_id":1487252321,"length_m":9.01}},{"type":"Feature","geometry":{"type":"LineString","coordinates":[[-6.2443447,53.3563343],[-6.2443546,53.3563394]]},"properties":{"bicycle":"designated","foot":"designated","highway":"cycleway","lit":"yes","name":"Royal Canal Greenway","oneway":"no","segregated":"no","smoothness":"excellent","surface":"asphalt","osm_type":"way","osm_id":1487744000,"length_m":0.87}},{"type":"Feature","geometry":{"type":"LineString","coordinates":[[-6.2442758,53.3564184],[-6.2442843,53.3564115]]},"properties":{"highway":"cycleway","name":"North Strand Road","name:en":"North Strand Road","name:ga":"B\u00f3thar na Tr\u00e1 Thuaidh","oneway":"yes","source:width":"ARCore","surface":"asphalt","width":"2.1","osm_type":"way","osm_id":1487744001,"length_m":0.95}},{"type":"Feature","geometry":{"type":"LineString","coordinates":[[-6.2607197,53.3444775],[-6.260383,53.3444993]]},"properties":{"highway":"cycleway","lit":"yes","oneway":"no","sidewalk":"separate","smoothness":"excellent","surface":"asphalt","osm_type":"way","osm_id":1491613584,"length_m":22.49}},{"type":"Feature","geometry":{"type":"LineString","coordinates":[[-6.3286476,53.3782821],[-6.3286231,53.3782531]]},"properties":{"bicycle":"designated","crossing":"unmarked","crossing:island":"no","crossing:markings":"no","cycleway":"crossing","foot":"designated","highway":"cycleway","segregated":"no","surface":"asphalt","traffic_calming":"table","osm_type":"way","osm_id":1491890891,"length_m":3.61}},{"type":"Feature","geometry":{"type":"LineString","coordinates":[[-6.328683,53.3783066],[-6.3286476,53.3782821]]},"properties":{"bicycle":"designated","foot":"designated","highway":"cycleway","lit":"yes","segregated":"no","surface":"concrete","osm_type":"way","osm_id":1491890893,"length_m":3.6}},{"type":"Feature","geometry":{"type":"LineString","coordinates":[[-6.3286613,53.3783552],[-6.3277789,53.3787591],[-6.3266735,53.3790136]]},"properties":{"bicycle":"designated","foot":"designated","highway":"cycleway","horse":"no","lit":"yes","name":"Tolka Greenway","oneway":"no","segregated":"yes","surface":"asphalt","osm_type":"way","osm_id":1491890894,"length_m":153.61}},{"type":"Feature","geometry":{"type":"LineString","coordinates":[[-6.3288335,53.3783273],[-6.3286613,53.3783552]]},"properties":{"bicycle":"designated","foot":"designated","highway":"cycleway","horse":"no","lit":"yes","name":"Tolka Greenway","oneway":"no","segregated":"no","surface":"asphalt","osm_type":"way","osm_id":1491890895,"length_m":11.87}},{"type":"Feature","geometry":{"type":"LineString","coordinates":[[-6.3331182,53.3775334],[-6.3329456,53.377574]]},"properties":{"foot":"yes","highway":"cycleway","horse":"no","name":"Tolka Greenway","oneway":"no","segregated":"no","surface":"asphalt","osm_type":"way","osm_id":1491890896,"length_m":12.61}},{"type":"Feature","geometry":{"type":"LineString","coordinates":[[-6.3196225,53.3789978],[-6.3194051,53.3789703],[-6.319279,53.3790711]]},"properties":{"foot":"yes","highway":"cycleway","horse":"no","name":"Tolka Greenway","oneway":"no","segregated":"no","surface":"asphalt","osm_type":"way","osm_id":1491890897,"length_m":29.57}},{"type":"Feature","geometry":{"type":"LineString","coordinates":[[-6.3191503,53.3792103],[-6.3190573,53.3793205]]},"properties":{"foot":"yes","highway":"cycleway","horse":"no","name":"Tolka Greenway","oneway":"no","segregated":"no","surface":"asphalt","osm_type":"way","osm_id":1491890898,"length_m":13.72}},{"type":"Feature","geometry":{"type":"LineString","coordinates":[[-6.3150612,53.3790178],[-6.3145266,53.3789229]]},"properties":{"foot":"yes","highway":"cycleway","horse":"no","name":"Tolka Greenway","oneway":"no","segregated":"no","surface":"asphalt","osm_type":"way","osm_id":1491890899,"length_m":37.47}},{"type":"Feature","geometry":{"type":"LineString","coordinates":[[-6.3142553,53.3790451],[-6.3142197,53.3790674]]},"properties":{"foot":"yes","highway":"cycleway","oneway":"no","segregated":"no","surface":"asphalt","osm_type":"way","osm_id":1491890900,"length_m":3.42}},{"type":"Feature","geometry":{"type":"LineString","coordinates":[[-6.3143419,53.3789909],[-6.3142553,53.3790451]]},"properties":{"crossing":"marked","cycleway":"crossing","foot":"yes","highway":"cycleway","oneway":"no","segregated":"no","surface":"asphalt","osm_type":"way","osm_id":1491890901,"length_m":8.33}},{"type":"Feature","geometry":{"type":"LineString","coordinates":[[-6.3226824,53.3757569],[-6.3212927,53.3757683]]},"properties":{"bicycle":"designated","foot":"designated","highway":"cycleway","segregated":"yes","surface":"asphalt","osm_type":"way","osm_id":1491901075,"length_m":92.82}},{"type":"Feature","geometry":{"type":"LineString","coordinates":[[-6.3227365,53.3757571],[-6.3226824,53.3757569]]},"properties":{"bicycle":"designated","foot":"designated","highway":"cycleway","segregated":"no","surface":"paving_stones","osm_type":"way","osm_id":1491901076,"length_m":3.59}},{"type":"Feature","geometry":{"type":"LineString","coordinates":[[-6.3212927,53.3757683],[-6.3212023,53.3757873]]},"properties":{"bicycle":"designated","foot":"designated","highway":"cycleway","segregated":"no","surface":"concrete","osm_type":"way","osm_id":1491901077,"length_m":6.36}},{"type":"Feature","geometry":{"type":"LineString","coordinates":[[-6.3212023,53.3757873],[-6.3211499,53.375808]]},"properties":{"highway":"cycleway","surface":"asphalt","osm_type":"way","osm_id":1491909066,"length_m":4.17}},{"type":"Feature","geometry":{"type":"LineString","coordinates":[[-6.3140442,53.3359036],[-6.3138175,53.3359344]]},"properties":{"bicycle":"permissive","foot":"designated","highway":"cycleway","oneway":"no","segregated":"no","surface":"asphalt","width":"2","osm_type":"way","osm_id":1496035560,"length_m":15.44}},{"type":"Feature","geometry":{"type":"LineString","coordinates":[[-6.327032,53.3343986],[-6.3140442,53.3359036]]},"properties":{"bicycle":"permissive","foot":"designated","highway":"cycleway","oneway":"no","segregated":"no","surface":"asphalt","width":"3","osm_type":"way","osm_id":1496035561,"length_m":878.56}},{"type":"Feature","geometry":{"type":"LineString","coordinates":[[-6.3134871,53.3359792],[-6.3128145,53.3360608]]},"properties":{"bicycle":"permissive","foot":"designated","highway":"cycleway","oneway":"no","segregated":"no","surface":"asphalt","width":"3","osm_type":"way","osm_id":1496035562,"length_m":45.58}},{"type":"Feature","geometry":{"type":"LineString","coordinates":[[-6.3138175,53.3359344],[-6.3134871,53.3359792]]},"properties":{"bicycle":"permissive","foot":"designated","highway":"cycleway","oneway":"no","segregated":"no","surface":"asphalt","width":"4","osm_type":"way","osm_id":1496035563,"length_m":22.5}},{"type":"Feature","geometry":{"type":"LineString","coordinates":[[-6.3128145,53.3360608],[-6.3126973,53.3360739]]},"properties":{"bicycle":"permissive","foot":"designated","highway":"cycleway","oneway":"no","segregated":"no","surface":"asphalt","width":"2","osm_type":"way","osm_id":1496035564,"length_m":8.41}},{"type":"Feature","geometry":{"type":"LineString","coordinates":[[-6.3126973,53.3360739],[-6.3066649,53.3367699]]},"properties":{"bicycle":"permissive","foot":"designated","highway":"cycleway","oneway":"no","segregated":"no","surface":"asphalt","width":"3","osm_type":"way","osm_id":1496035565,"length_m":410.68}},{"type":"Feature","geometry":{"type":"LineString","coordinates":[[-6.2993723,53.3375824],[-6.2992741,53.3375973]]},"properties":{"button_operated":"yes","crossing":"traffic_signals","crossing:markings":"Dotted","cycleway":"crossing","cycleway:surface":"asphalt","highway":"cycleway","lit":"yes","oneway":"no","segregated":"yes","surface":"asphalt","traffic_signals:sound":"no","osm_type":"way","osm_id":1496053755,"length_m":6.73}},{"type":"Feature","geometry":{"type":"LineString","coordinates":[[-6.2991375,53.3376119],[-6.2980599,53.3377208]]},"properties":{"highway":"cycleway","name":"St James' Walk","name:ga":"Si\u00fal\u00e1n San S\u00e9amas","oneway":"no","sidewalk":"no","surface":"asphalt","osm_type":"way","osm_id":1496053761,"length_m":72.88}},{"type":"Feature","geometry":{"type":"LineString","coordinates":[[-6.288317,53.3394698],[-6.2881791,53.3394066]]},"properties":{"crossing":"marked","crossing:markings":"zebra","cycleway":"crossing","highway":"cycleway","name":"Forbes Place","name:en":"Forbes Place","name:ga":"Pl\u00e1s U\u00ed Long\u00e1in","oneway":"yes","segregated":"yes","smoothness":"good","surface":"asphalt","osm_type":"way","osm_id":1496098792,"length_m":13.95}},{"type":"Feature","geometry":{"type":"LineString","coordinates":[[-6.2832476,53.3406097],[-6.2847261,53.3402896],[-6.2859591,53.3398509]]},"properties":{"highway":"cycleway","name":"Marrowbone Lane","oneway":"yes","separation":"bollards","smoothness":"bad","surface":"asphalt","osm_type":"way","osm_id":1496195738,"length_m":202.99}},{"type":"Feature","geometry":{"type":"LineString","coordinates":[[-6.2855635,53.3400818],[-6.2846263,53.3403902],[-6.2832476,53.3406097]]},"properties":{"highway":"cycleway","name":"Marrowbone Lane","oneway":"yes","separation":"bollards","smoothness":"bad","surface":"asphalt","osm_type":"way","osm_id":1496197099,"length_m":167.01}},{"type":"Feature","geometry":{"type":"LineString","coordinates":[[-6.285646,53.3400477],[-6.2855635,53.3400818]]},"properties":{"highway":"cycleway","name":"Marrowbone Lane","oneway":"yes","separation":"no","smoothness":"bad","surface":"asphalt","osm_type":"way","osm_id":1496197100,"length_m":6.66}},{"type":"Feature","geometry":{"type":"LineString","coordinates":[[-6.2858418,53.3398998],[-6.285646,53.3400477]]},"properties":{"crossing":"uncontrolled","cycleway":"crossing","highway":"cycleway","name":"Marrowbone Lane","oneway":"yes","surface":"asphalt","osm_type":"way","osm_id":1496197101,"length_m":21.93}},{"type":"Feature","geometry":{"type":"LineString","coordinates":[[-6.2937425,53.3382261],[-6.2933463,53.3382689]]},"properties":{"highway":"cycleway","name":"St James' Walk","name:ga":"Si\u00fal\u00e1n San S\u00e9amas","oneway":"no","separation":"bump","surface":"asphalt","osm_type":"way","osm_id":1496210663,"length_m":26.73}},{"type":"Feature","geometry":{"type":"LineString","coordinates":[[-6.3161675,53.3258792],[-6.3159115,53.3260108]]},"properties":{"cycleway":"lane","highway":"secondary","lane_markings":"yes","lanes":"4","lit":"yes","logainm:ref":"1380513","logainm:url":"https://www.logainm.ie/1380513.aspx","maxspeed":"50","name":"Crumlin Road","name:en":"Crumlin Road","name:ga":"B\u00f3thar Chroimghlinne","ref":"R110","surface":"asphalt","osm_type":"way","osm_id":1498097922,"length_m":22.43}},{"type":"Feature","geometry":{"type":"LineString","coordinates":[[-6.2934494,53.3481128],[-6.2920959,53.3480059]]},"properties":{"highway":"cycleway","osm_type":"way","osm_id":1498233076,"length_m":91.73}},{"type":"Feature","geometry":{"type":"LineString","coordinates":[[-6.228645,53.3417128],[-6.2286389,53.3416837]]},"properties":{"crossing":"marked","crossing:markings":"dashes","cycleway":"crossing","highway":"cycleway","oneway":"yes","surface":"asphalt","osm_type":"way","osm_id":1500220479,"length_m":3.26}},{"type":"Feature","geometry":{"type":"LineString","coordinates":[[-6.2272629,53.3399295],[-6.2273588,53.3399096]]},"properties":{"highway":"cycleway","maxspeed":"30","name":"Dermot O'Hurley Avenue","name:ga":"Ascaill Diarmuid U\u00ed hUrthuile","oneway":"no","surface":"concrete","osm_type":"way","osm_id":1516954531,"length_m":6.74}},{"type":"Feature","geometry":{"type":"LineString","coordinates":[[-6.2272434,53.3399335],[-6.2272629,53.3399295]]},"properties":{"highway":"cycleway","maxspeed":"30","name":"Dermot O'Hurley Avenue","name:ga":"Ascaill Diarmuid U\u00ed hUrthuile","oneway":"no","surface":"asphalt","osm_type":"way","osm_id":1516954533,"length_m":1.37}},{"type":"Feature","geometry":{"type":"LineString","coordinates":[[-6.2254295,53.3343012],[-6.2254861,53.3342826]]},"properties":{"bicycle":"designated","foot":"designated","highway":"cycleway","lit":"yes","segregated":"no","surface":"asphalt","osm_type":"way","osm_id":1516954540,"length_m":4.29}},{"type":"Feature","geometry":{"type":"LineString","coordinates":[[-6.274239,53.3538323],[-6.2744654,53.353786]]},"properties":{"bicycle":"designated","foot":"designated","highway":"cycleway","layer":"-1","tunnel":"yes","osm_type":"way","osm_id":1521276138,"length_m":15.88}},{"type":"Feature","geometry":{"type":"LineString","coordinates":[[-6.2536281,53.3381471],[-6.2540546,53.3375537],[-6.2542358,53.3375547]]},"properties":{"highway":"cycleway","oneway":"yes","osm_type":"way","osm_id":1527514037,"length_m":85.24}},{"type":"Feature","geometry":{"type":"LineString","coordinates":[[-6.2267036,53.3497459],[-6.22674,53.3496557]]},"properties":{"cycleway":"sidewalk","cycleway:surface":"concrete","footway:surface":"concrete","highway":"cycleway","lit":"yes","oneway":"yes","segregated":"yes","surface":"concrete","osm_type":"way","osm_id":1529000695,"length_m":10.32}},{"type":"Feature","geometry":{"type":"LineString","coordinates":[[-6.2280893,53.34667],[-6.2301104,53.3468078]]},"properties":{"highway":"cycleway","lit":"yes","surface":"asphalt","width":"2","osm_type":"way","osm_id":1529000708,"length_m":138.04}},{"type":"Feature","geometry":{"type":"LineString","coordinates":[[-6.3248815,53.320708],[-6.3201977,53.3227621]]},"properties":{"cycleway":"lane","highway":"residential","lanes":"2","maxspeed":"30","maxweight":"3.5","name":"Bunting Road","name:ga":"B\u00f3thar Bunting","surface":"asphalt","osm_type":"way","osm_id":1531021256,"length_m":385.94}},{"type":"Feature","geometry":{"type":"LineString","coordinates":[[-6.3081273,53.3440128],[-6.3081824,53.3446841]]},"properties":{"highway":"cycleway","name":"South Circular Road","name:en":"South Circular Road","name:ga":"Cuarb\u00f3thar Theas","oneway":"yes","surface":"asphalt","osm_type":"way","osm_id":1531057894,"length_m":74.73}},{"type":"Feature","geometry":{"type":"LineString","coordinates":[[-6.3081016,53.3439112],[-6.3081273,53.3440128]]},"properties":{"crossing":"marked","cycleway":"crossing","highway":"cycleway","oneway":"yes","surface":"asphalt","osm_type":"way","osm_id":1531057895,"length_m":11.43}},{"type":"Feature","geometry":{"type":"LineString","coordinates":[[-6.3080315,53.3438525],[-6.3081016,53.3439112]]},"properties":{"highway":"cycleway","name":"South Circular Road","name:en":"South Circular Road","name:ga":"Cuarb\u00f3thar Theas","oneway":"yes","surface":"asphalt","osm_type":"way","osm_id":1531057896,"length_m":9.54}},{"type":"Feature","geometry":{"type":"LineString","coordinates":[[-6.3081824,53.3446841],[-6.3081701,53.3448159]]},"properties":{"crossing":"marked","cycleway":"crossing","highway":"cycleway","oneway":"yes","surface":"asphalt","osm_type":"way","osm_id":1531057897,"length_m":14.68}},{"type":"Feature","geometry":{"type":"LineString","coordinates":[[-6.3081701,53.3448159],[-6.3082162,53.3452974],[-6.3081496,53.345336]]},"properties":{"highway":"cycleway","name":"South Circular Road","name:en":"South Circular Road","name:ga":"Cuarb\u00f3thar Theas","oneway":"yes","surface":"asphalt","osm_type":"way","osm_id":1531057898,"length_m":59.8}},{"type":"Feature","geometry":{"type":"LineString","coordinates":[[-6.3082211,53.3460413],[-6.3082882,53.3460771],[-6.3082384,53.3462627]]},"properties":{"highway":"cycleway","name":"South Circular Road","name:en":"South Circular Road","name:ga":"Cuarb\u00f3thar Theas","oneway":"yes","surface":"asphalt","osm_type":"way","osm_id":1531057906,"length_m":28.2}},{"type":"Feature","geometry":{"type":"LineString","coordinates":[[-6.2454784,53.3511937],[-6.2454747,53.3515109]]},"properties":{"cycleway":"track","cycleway:surface":"asphalt","highway":"tertiary","lane_markings":"no","lanes":"2","lit":"yes","logainm:ref":"1383310","logainm:url":"https://www.logainm.ie/1383310.aspx","maxspeed":"30","name":"Sheriff Street Lower","name:en":"Sheriff Street Lower","name:ga":"Sr\u00e1id an tSirriam \u00cdochtarach","ref":"L1557","sidewalk":"left","sidewalk:left:surface":"paving_stones","surface":"sett","osm_type":"way","osm_id":1535985628,"length_m":35.86}},{"type":"Feature","geometry":{"type":"LineString","coordinates":[[-6.247879,53.3516924],[-6.2483443,53.3517257]]},"properties":{"cycleway":"track","cycleway:surface":"asphalt","highway":"tertiary","lane_markings":"no","lanes":"2","lit":"yes","logainm:ref":"1383310","logainm:url":"https://www.logainm.ie/1383310.aspx","maxspeed":"30","name":"Sheriff Street Lower","name:en":"Sheriff Street Lower","name:ga":"Sr\u00e1id an tSirriam \u00cdochtarach","ref":"L1557","sidewalk":"both","sidewalk:both:surface":"paving_stones","surface":"sett","osm_type":"way","osm_id":1535985629,"length_m":31.1}},{"type":"Feature","geometry":{"type":"LineString","coordinates":[[-6.2455452,53.3509085],[-6.2454784,53.3511937]]},"properties":{"cycleway":"track","cycleway:surface":"asphalt","highway":"tertiary","lane_markings":"no","lanes":"2","lit":"yes","logainm:ref":"1383310","logainm:url":"https://www.logainm.ie/1383310.aspx","maxspeed":"30","name":"Sheriff Street Lower","name:en":"Sheriff Street Lower","name:ga":"Sr\u00e1id an tSirriam \u00cdochtarach","ref":"L1557","sidewalk":"both","sidewalk:both:surface":"paving_stones","surface":"sett","osm_type":"way","osm_id":1535985632,"length_m":32.04}},{"type":"Feature","geometry":{"type":"LineString","coordinates":[[-6.2516592,53.3488671],[-6.2518737,53.3491001]]},"properties":{"foot":"yes","highway":"cycleway","lit":"yes","name":"Memorial Road","name:en":"Memorial Road","name:ga":"B\u00f3thar Chuimhneach\u00e1in","oneway":"yes","sidewalk":"left","smoothness":"excellent","source":"Bing Aerial Imagery (2021-02-22)","surface":"asphalt","osm_type":"way","osm_id":1552429856,"length_m":30.71}},{"type":"Feature","geometry":{"type":"LineString","coordinates":[[-6.2519039,53.3474957],[-6.2518521,53.3475825]]},"properties":{"bridge":"yes","highway":"cycleway","layer":"1","logainm:ref":"1167155","logainm:url":"https://www.logainm.ie/1167155.aspx","name":"Matt Talbot Memorial Bridge","name:en":"Matt Talbot Memorial Bridge","name:ga":"Droichead Cuimhneach\u00e1in an Talb\u00f3idigh","oneway":"yes","surface":"asphalt","osm_type":"way","osm_id":1552721083,"length_m":10.43}},{"type":"Feature","geometry":{"type":"LineString","coordinates":[[-6.2499242,53.3513953],[-6.2500181,53.3513516]]},"properties":{"foot":"no","highway":"cycleway","oneway":"yes","surface":"asphalt","osm_type":"way","osm_id":1552728186,"length_m":7.9}},{"type":"Feature","geometry":{"type":"LineString","coordinates":[[-6.2499242,53.3513953],[-6.2500296,53.351305]]},"properties":{"foot":"no","highway":"cycleway","name":"Amiens Street","name:en":"Amiens Street","name:ga":"Sr\u00e1id Amiens","oneway":"yes","surface":"asphalt","osm_type":"way","osm_id":1552728187,"length_m":13.16}},{"type":"Feature","geometry":{"type":"LineString","coordinates":[[-6.2515887,53.3491679],[-6.2515687,53.3491666]]},"properties":{"crossing":"marked","cycleway":"crossing","highway":"cycleway","lit":"yes","oneway":"no","segregated":"no","smoothness":"excellent","source":"Bing Aerial Imagery (2021-02-22)","surface":"asphalt","osm_type":"way","osm_id":1553059098,"length_m":1.34}},{"type":"Feature","geometry":{"type":"LineString","coordinates":[[-6.2573553,53.3473486],[-6.2575185,53.3473167]]},"properties":{"crossing":"marked","highway":"cycleway","lanes":"2","name":"Burgh Quay","name:en":"Burgh Quay","name:ga":"C\u00e9 Burg","oneway":"no","sidewalk:right":"separate","surface":"asphalt","osm_type":"way","osm_id":1555330165,"length_m":11.4}},{"type":"Feature","geometry":{"type":"LineString","coordinates":[[-6.2571662,53.3473854],[-6.257215,53.3473759]]},"properties":{"crossing":"marked","highway":"cycleway","lanes":"2","name":"Burgh Quay","name:en":"Burgh Quay","name:ga":"C\u00e9 Burg","oneway":"no","sidewalk:right":"separate","surface":"asphalt","osm_type":"way","osm_id":1555330168,"length_m":3.41}},{"type":"Feature","geometry":{"type":"LineString","coordinates":[[-6.24621,53.354371],[-6.2460696,53.3542641]]},"properties":{"cycleway":"lane","highway":"secondary","lane_markings":"yes","lanes":"3","lit":"yes","logainm:ref":"1383007","logainm:url":"https://www.logainm.ie/1383007.aspx","maxspeed":"50","name":"Seville Place","name:en":"Seville Place","name:ga":"Pl\u00e1s Seville","ref":"R101","surface":"asphalt","osm_type":"way","osm_id":1555337754,"length_m":15.1}},{"type":"Feature","geometry":{"type":"LineString","coordinates":[[-6.2472626,53.3551377],[-6.246979,53.3549225]]},"properties":{"cycleway":"lane","highway":"secondary","incline":"down","lane_markings":"yes","lanes":"3","lanes:backward":"1","lanes:forward":"2","lit":"yes","logainm:ref":"1383149","logainm:url":"https://www.logainm.ie/1383149.aspx","maxspeed":"50","name":"Portland Row","name:en":"Portland Row","name:ga":"Rae Phortlainn","ref":"R101","surface":"asphalt","osm_type":"way","osm_id":1555337755,"length_m":30.44}}]}